Date,Product_ID,Store_ID,Sale_Price,Promo_Name,Sales_Qty
2024-10-01,Tron-o-matic 1,Online_Store,39.23,BIG_DEAL,
2024-10-01,Tron-o-matic 1,LosAngeles_01,39.23,BIG_DEAL,
2024-10-01,Tron-o-matic 1,NewYork_01,39.23,BIG_DEAL,
2024-10-01,Tron-o-matic 1,NewYork_02,39.23,BIG_DEAL,
2024-10-01,Tron-o-matic 1,Chicago_01,39.23,BIG_DEAL,
2024-10-01,Tron-o-matic 1,Dallas_01,39.23,BIG_DEAL,
2024-10-01,Tron-o-matic 1,Houston_01,39.23,BIG_DEAL,
2024-10-01,Tron-o-matic 1,WashingtonDC_01,39.23,BIG_DEAL,
2024-10-01,Tron-o-matic 1,Atlanta_01,39.23,BIG_DEAL,
2024-10-01,Tron-o-matic 1,Philadelphia_01,39.23,BIG_DEAL,
2024-10-01,Tron-o-matic 1 Pro,Online_Store,68.04,SMALL_DEAL,
2024-10-01,Tron-o-matic 1 Pro,LosAngeles_01,68.04,SMALL_DEAL,
2024-10-01,Tron-o-matic 1 Pro,NewYork_01,68.04,SMALL_DEAL,
2024-10-01,Tron-o-matic 1 Pro,NewYork_02,68.04,SMALL_DEAL,
2024-10-01,Tron-o-matic 1 Pro,Chicago_01,68.04,SMALL_DEAL,
2024-10-01,Tron-o-matic 1 Pro,Dallas_01,68.04,SMALL_DEAL,
2024-10-01,Tron-o-matic 1 Pro,Houston_01,68.04,SMALL_DEAL,
2024-10-01,Tron-o-matic 1 Pro,WashingtonDC_01,68.04,SMALL_DEAL,
2024-10-01,Tron-o-matic 1 Pro,Atlanta_01,68.04,SMALL_DEAL,
2024-10-01,Tron-o-matic 1 Pro,Philadelphia_01,68.04,SMALL_DEAL,
2024-10-01,Tron-o-matic 2,Online_Store,49.5,None,
2024-10-01,Tron-o-matic 2,LosAngeles_01,49.5,None,
2024-10-01,Tron-o-matic 2,NewYork_01,49.5,None,
2024-10-01,Tron-o-matic 2,NewYork_02,49.5,None,
2024-10-01,Tron-o-matic 2,Chicago_01,49.5,None,
2024-10-01,Tron-o-matic 2,Dallas_01,49.5,None,
2024-10-01,Tron-o-matic 2,Houston_01,49.5,None,
2024-10-01,Tron-o-matic 2,WashingtonDC_01,49.5,None,
2024-10-01,Tron-o-matic 2,Atlanta_01,49.5,None,
2024-10-01,Tron-o-matic 2,Philadelphia_01,49.5,None,
2024-10-01,Tron-o-matic 2 Pro,Online_Store,72.49,SMALL_DEAL,
2024-10-01,Tron-o-matic 2 Pro,LosAngeles_01,72.49,SMALL_DEAL,
2024-10-01,Tron-o-matic 2 Pro,NewYork_01,72.49,SMALL_DEAL,
2024-10-01,Tron-o-matic 2 Pro,NewYork_02,72.49,SMALL_DEAL,
2024-10-01,Tron-o-matic 2 Pro,Chicago_01,72.49,SMALL_DEAL,
2024-10-01,Tron-o-matic 2 Pro,Dallas_01,72.49,SMALL_DEAL,
2024-10-01,Tron-o-matic 2 Pro,Houston_01,72.49,SMALL_DEAL,
2024-10-01,Tron-o-matic 2 Pro,WashingtonDC_01,72.49,SMALL_DEAL,
2024-10-01,Tron-o-matic 2 Pro,Atlanta_01,72.49,SMALL_DEAL,
2024-10-01,Tron-o-matic 2 Pro,Philadelphia_01,72.49,SMALL_DEAL,
2024-10-01,Tron-o-matic 3,Online_Store,54.0,None,
2024-10-01,Tron-o-matic 3,LosAngeles_01,54.0,None,
2024-10-01,Tron-o-matic 3,NewYork_01,54.0,None,
2024-10-01,Tron-o-matic 3,NewYork_02,54.0,None,
2024-10-01,Tron-o-matic 3,Chicago_01,54.0,None,
2024-10-01,Tron-o-matic 3,Dallas_01,54.0,None,
2024-10-01,Tron-o-matic 3,Houston_01,54.0,None,
2024-10-01,Tron-o-matic 3,WashingtonDC_01,54.0,None,
2024-10-01,Tron-o-matic 3,Atlanta_01,54.0,None,
2024-10-01,Tron-o-matic 3,Philadelphia_01,54.0,None,
2024-10-01,Tron-o-matic 3 Pro,Online_Store,81.0,None,
2024-10-01,Tron-o-matic 3 Pro,LosAngeles_01,81.0,None,
2024-10-01,Tron-o-matic 3 Pro,NewYork_01,81.0,None,
2024-10-01,Tron-o-matic 3 Pro,NewYork_02,81.0,None,
2024-10-01,Tron-o-matic 3 Pro,Chicago_01,81.0,None,
2024-10-01,Tron-o-matic 3 Pro,Dallas_01,81.0,None,
2024-10-01,Tron-o-matic 3 Pro,Houston_01,81.0,None,
2024-10-01,Tron-o-matic 3 Pro,WashingtonDC_01,81.0,None,
2024-10-01,Tron-o-matic 3 Pro,Atlanta_01,81.0,None,
2024-10-01,Tron-o-matic 3 Pro,Philadelphia_01,81.0,None,
2024-10-01,Tron-o-matic 4,Online_Store,67.5,None,
2024-10-01,Tron-o-matic 4,LosAngeles_01,67.5,None,
2024-10-01,Tron-o-matic 4,NewYork_01,67.5,None,
2024-10-01,Tron-o-matic 4,NewYork_02,67.5,None,
2024-10-01,Tron-o-matic 4,Chicago_01,67.5,None,
2024-10-01,Tron-o-matic 4,Dallas_01,67.5,None,
2024-10-01,Tron-o-matic 4,Houston_01,67.5,None,
2024-10-01,Tron-o-matic 4,WashingtonDC_01,67.5,None,
2024-10-01,Tron-o-matic 4,Atlanta_01,67.5,None,
2024-10-01,Tron-o-matic 4,Philadelphia_01,67.5,None,
2024-10-01,Tron-o-matic 4 Pro,Online_Store,90.0,None,
2024-10-01,Tron-o-matic 4 Pro,LosAngeles_01,90.0,None,
2024-10-01,Tron-o-matic 4 Pro,NewYork_01,90.0,None,
2024-10-01,Tron-o-matic 4 Pro,NewYork_02,90.0,None,
2024-10-01,Tron-o-matic 4 Pro,Chicago_01,90.0,None,
2024-10-01,Tron-o-matic 4 Pro,Dallas_01,90.0,None,
2024-10-01,Tron-o-matic 4 Pro,Houston_01,90.0,None,
2024-10-01,Tron-o-matic 4 Pro,WashingtonDC_01,90.0,None,
2024-10-01,Tron-o-matic 4 Pro,Atlanta_01,90.0,None,
2024-10-01,Tron-o-matic 4 Pro,Philadelphia_01,90.0,None,
2024-10-01,Tron-o-matic 5,Online_Store,64.32,SMALL_DEAL,
2024-10-01,Tron-o-matic 5,LosAngeles_01,64.32,SMALL_DEAL,
2024-10-01,Tron-o-matic 5,NewYork_01,64.32,SMALL_DEAL,
2024-10-01,Tron-o-matic 5,NewYork_02,64.32,SMALL_DEAL,
2024-10-01,Tron-o-matic 5,Chicago_01,64.32,SMALL_DEAL,
2024-10-01,Tron-o-matic 5,Dallas_01,64.32,SMALL_DEAL,
2024-10-01,Tron-o-matic 5,Houston_01,64.32,SMALL_DEAL,
2024-10-01,Tron-o-matic 5,WashingtonDC_01,64.32,SMALL_DEAL,
2024-10-01,Tron-o-matic 5,Atlanta_01,64.32,SMALL_DEAL,
2024-10-01,Tron-o-matic 5,Philadelphia_01,64.32,SMALL_DEAL,
2024-10-01,Tron-o-matic 5 Pro,Online_Store,99.0,None,
2024-10-01,Tron-o-matic 5 Pro,LosAngeles_01,99.0,None,
2024-10-01,Tron-o-matic 5 Pro,NewYork_01,99.0,None,
2024-10-01,Tron-o-matic 5 Pro,NewYork_02,99.0,None,
2024-10-01,Tron-o-matic 5 Pro,Chicago_01,99.0,None,
2024-10-01,Tron-o-matic 5 Pro,Dallas_01,99.0,None,
2024-10-01,Tron-o-matic 5 Pro,Houston_01,99.0,None,
2024-10-01,Tron-o-matic 5 Pro,WashingtonDC_01,99.0,None,
2024-10-01,Tron-o-matic 5 Pro,Atlanta_01,99.0,None,
2024-10-01,Tron-o-matic 5 Pro,Philadelphia_01,99.0,None,
2024-10-02,Tron-o-matic 1,Online_Store,54.0,None,
2024-10-02,Tron-o-matic 1,LosAngeles_01,54.0,None,
2024-10-02,Tron-o-matic 1,NewYork_01,54.0,None,
2024-10-02,Tron-o-matic 1,NewYork_02,54.0,None,
2024-10-02,Tron-o-matic 1,Chicago_01,54.0,None,
2024-10-02,Tron-o-matic 1,Dallas_01,54.0,None,
2024-10-02,Tron-o-matic 1,Houston_01,54.0,None,
2024-10-02,Tron-o-matic 1,WashingtonDC_01,54.0,None,
2024-10-02,Tron-o-matic 1,Atlanta_01,54.0,None,
2024-10-02,Tron-o-matic 1,Philadelphia_01,54.0,None,
2024-10-02,Tron-o-matic 1 Pro,Online_Store,72.0,None,
2024-10-02,Tron-o-matic 1 Pro,LosAngeles_01,72.0,None,
2024-10-02,Tron-o-matic 1 Pro,NewYork_01,72.0,None,
2024-10-02,Tron-o-matic 1 Pro,NewYork_02,72.0,None,
2024-10-02,Tron-o-matic 1 Pro,Chicago_01,72.0,None,
2024-10-02,Tron-o-matic 1 Pro,Dallas_01,72.0,None,
2024-10-02,Tron-o-matic 1 Pro,Houston_01,72.0,None,
2024-10-02,Tron-o-matic 1 Pro,WashingtonDC_01,72.0,None,
2024-10-02,Tron-o-matic 1 Pro,Atlanta_01,72.0,None,
2024-10-02,Tron-o-matic 1 Pro,Philadelphia_01,72.0,None,
2024-10-02,Tron-o-matic 2,Online_Store,49.5,None,
2024-10-02,Tron-o-matic 2,LosAngeles_01,49.5,None,
2024-10-02,Tron-o-matic 2,NewYork_01,49.5,None,
2024-10-02,Tron-o-matic 2,NewYork_02,49.5,None,
2024-10-02,Tron-o-matic 2,Chicago_01,49.5,None,
2024-10-02,Tron-o-matic 2,Dallas_01,49.5,None,
2024-10-02,Tron-o-matic 2,Houston_01,49.5,None,
2024-10-02,Tron-o-matic 2,WashingtonDC_01,49.5,None,
2024-10-02,Tron-o-matic 2,Atlanta_01,49.5,None,
2024-10-02,Tron-o-matic 2,Philadelphia_01,49.5,None,
2024-10-02,Tron-o-matic 2 Pro,Online_Store,76.5,None,
2024-10-02,Tron-o-matic 2 Pro,LosAngeles_01,76.5,None,
2024-10-02,Tron-o-matic 2 Pro,NewYork_01,76.5,None,
2024-10-02,Tron-o-matic 2 Pro,NewYork_02,76.5,None,
2024-10-02,Tron-o-matic 2 Pro,Chicago_01,76.5,None,
2024-10-02,Tron-o-matic 2 Pro,Dallas_01,76.5,None,
2024-10-02,Tron-o-matic 2 Pro,Houston_01,76.5,None,
2024-10-02,Tron-o-matic 2 Pro,WashingtonDC_01,76.5,None,
2024-10-02,Tron-o-matic 2 Pro,Atlanta_01,76.5,None,
2024-10-02,Tron-o-matic 2 Pro,Philadelphia_01,76.5,None,
2024-10-02,Tron-o-matic 3,Online_Store,54.0,None,
2024-10-02,Tron-o-matic 3,LosAngeles_01,54.0,None,
2024-10-02,Tron-o-matic 3,NewYork_01,54.0,None,
2024-10-02,Tron-o-matic 3,NewYork_02,54.0,None,
2024-10-02,Tron-o-matic 3,Chicago_01,54.0,None,
2024-10-02,Tron-o-matic 3,Dallas_01,54.0,None,
2024-10-02,Tron-o-matic 3,Houston_01,54.0,None,
2024-10-02,Tron-o-matic 3,WashingtonDC_01,54.0,None,
2024-10-02,Tron-o-matic 3,Atlanta_01,54.0,None,
2024-10-02,Tron-o-matic 3,Philadelphia_01,54.0,None,
2024-10-02,Tron-o-matic 3 Pro,Online_Store,81.0,None,
2024-10-02,Tron-o-matic 3 Pro,LosAngeles_01,81.0,None,
2024-10-02,Tron-o-matic 3 Pro,NewYork_01,81.0,None,
2024-10-02,Tron-o-matic 3 Pro,NewYork_02,81.0,None,
2024-10-02,Tron-o-matic 3 Pro,Chicago_01,81.0,None,
2024-10-02,Tron-o-matic 3 Pro,Dallas_01,81.0,None,
2024-10-02,Tron-o-matic 3 Pro,Houston_01,81.0,None,
2024-10-02,Tron-o-matic 3 Pro,WashingtonDC_01,81.0,None,
2024-10-02,Tron-o-matic 3 Pro,Atlanta_01,81.0,None,
2024-10-02,Tron-o-matic 3 Pro,Philadelphia_01,81.0,None,
2024-10-02,Tron-o-matic 4,Online_Store,59.92,SMALL_DEAL,
2024-10-02,Tron-o-matic 4,LosAngeles_01,59.92,SMALL_DEAL,
2024-10-02,Tron-o-matic 4,NewYork_01,59.92,SMALL_DEAL,
2024-10-02,Tron-o-matic 4,NewYork_02,59.92,SMALL_DEAL,
2024-10-02,Tron-o-matic 4,Chicago_01,59.92,SMALL_DEAL,
2024-10-02,Tron-o-matic 4,Dallas_01,59.92,SMALL_DEAL,
2024-10-02,Tron-o-matic 4,Houston_01,59.92,SMALL_DEAL,
2024-10-02,Tron-o-matic 4,WashingtonDC_01,59.92,SMALL_DEAL,
2024-10-02,Tron-o-matic 4,Atlanta_01,59.92,SMALL_DEAL,
2024-10-02,Tron-o-matic 4,Philadelphia_01,59.92,SMALL_DEAL,
2024-10-02,Tron-o-matic 4 Pro,Online_Store,90.0,None,
2024-10-02,Tron-o-matic 4 Pro,LosAngeles_01,90.0,None,
2024-10-02,Tron-o-matic 4 Pro,NewYork_01,90.0,None,
2024-10-02,Tron-o-matic 4 Pro,NewYork_02,90.0,None,
2024-10-02,Tron-o-matic 4 Pro,Chicago_01,90.0,None,
2024-10-02,Tron-o-matic 4 Pro,Dallas_01,90.0,None,
2024-10-02,Tron-o-matic 4 Pro,Houston_01,90.0,None,
2024-10-02,Tron-o-matic 4 Pro,WashingtonDC_01,90.0,None,
2024-10-02,Tron-o-matic 4 Pro,Atlanta_01,90.0,None,
2024-10-02,Tron-o-matic 4 Pro,Philadelphia_01,90.0,None,
2024-10-02,Tron-o-matic 5,Online_Store,51.15,BIG_DEAL,
2024-10-02,Tron-o-matic 5,LosAngeles_01,51.15,BIG_DEAL,
2024-10-02,Tron-o-matic 5,NewYork_01,51.15,BIG_DEAL,
2024-10-02,Tron-o-matic 5,NewYork_02,51.15,BIG_DEAL,
2024-10-02,Tron-o-matic 5,Chicago_01,51.15,BIG_DEAL,
2024-10-02,Tron-o-matic 5,Dallas_01,51.15,BIG_DEAL,
2024-10-02,Tron-o-matic 5,Houston_01,51.15,BIG_DEAL,
2024-10-02,Tron-o-matic 5,WashingtonDC_01,51.15,BIG_DEAL,
2024-10-02,Tron-o-matic 5,Atlanta_01,51.15,BIG_DEAL,
2024-10-02,Tron-o-matic 5,Philadelphia_01,51.15,BIG_DEAL,
2024-10-02,Tron-o-matic 5 Pro,Online_Store,77.69,BIG_DEAL,
2024-10-02,Tron-o-matic 5 Pro,LosAngeles_01,77.69,BIG_DEAL,
2024-10-02,Tron-o-matic 5 Pro,NewYork_01,77.69,BIG_DEAL,
2024-10-02,Tron-o-matic 5 Pro,NewYork_02,77.69,BIG_DEAL,
2024-10-02,Tron-o-matic 5 Pro,Chicago_01,77.69,BIG_DEAL,
2024-10-02,Tron-o-matic 5 Pro,Dallas_01,77.69,BIG_DEAL,
2024-10-02,Tron-o-matic 5 Pro,Houston_01,77.69,BIG_DEAL,
2024-10-02,Tron-o-matic 5 Pro,WashingtonDC_01,77.69,BIG_DEAL,
2024-10-02,Tron-o-matic 5 Pro,Atlanta_01,77.69,BIG_DEAL,
2024-10-02,Tron-o-matic 5 Pro,Philadelphia_01,77.69,BIG_DEAL,
2024-10-03,Tron-o-matic 1,Online_Store,54.0,None,
2024-10-03,Tron-o-matic 1,LosAngeles_01,54.0,None,
2024-10-03,Tron-o-matic 1,NewYork_01,54.0,None,
2024-10-03,Tron-o-matic 1,NewYork_02,54.0,None,
2024-10-03,Tron-o-matic 1,Chicago_01,54.0,None,
2024-10-03,Tron-o-matic 1,Dallas_01,54.0,None,
2024-10-03,Tron-o-matic 1,Houston_01,54.0,None,
2024-10-03,Tron-o-matic 1,WashingtonDC_01,54.0,None,
2024-10-03,Tron-o-matic 1,Atlanta_01,54.0,None,
2024-10-03,Tron-o-matic 1,Philadelphia_01,54.0,None,
2024-10-03,Tron-o-matic 1 Pro,Online_Store,62.9,SMALL_DEAL,
2024-10-03,Tron-o-matic 1 Pro,LosAngeles_01,62.9,SMALL_DEAL,
2024-10-03,Tron-o-matic 1 Pro,NewYork_01,62.9,SMALL_DEAL,
2024-10-03,Tron-o-matic 1 Pro,NewYork_02,62.9,SMALL_DEAL,
2024-10-03,Tron-o-matic 1 Pro,Chicago_01,62.9,SMALL_DEAL,
2024-10-03,Tron-o-matic 1 Pro,Dallas_01,62.9,SMALL_DEAL,
2024-10-03,Tron-o-matic 1 Pro,Houston_01,62.9,SMALL_DEAL,
2024-10-03,Tron-o-matic 1 Pro,WashingtonDC_01,62.9,SMALL_DEAL,
2024-10-03,Tron-o-matic 1 Pro,Atlanta_01,62.9,SMALL_DEAL,
2024-10-03,Tron-o-matic 1 Pro,Philadelphia_01,62.9,SMALL_DEAL,
2024-10-03,Tron-o-matic 2,Online_Store,49.5,None,
2024-10-03,Tron-o-matic 2,LosAngeles_01,49.5,None,
2024-10-03,Tron-o-matic 2,NewYork_01,49.5,None,
2024-10-03,Tron-o-matic 2,NewYork_02,49.5,None,
2024-10-03,Tron-o-matic 2,Chicago_01,49.5,None,
2024-10-03,Tron-o-matic 2,Dallas_01,49.5,None,
2024-10-03,Tron-o-matic 2,Houston_01,49.5,None,
2024-10-03,Tron-o-matic 2,WashingtonDC_01,49.5,None,
2024-10-03,Tron-o-matic 2,Atlanta_01,49.5,None,
2024-10-03,Tron-o-matic 2,Philadelphia_01,49.5,None,
2024-10-03,Tron-o-matic 2 Pro,Online_Store,76.5,None,
2024-10-03,Tron-o-matic 2 Pro,LosAngeles_01,76.5,None,
2024-10-03,Tron-o-matic 2 Pro,NewYork_01,76.5,None,
2024-10-03,Tron-o-matic 2 Pro,NewYork_02,76.5,None,
2024-10-03,Tron-o-matic 2 Pro,Chicago_01,76.5,None,
2024-10-03,Tron-o-matic 2 Pro,Dallas_01,76.5,None,
2024-10-03,Tron-o-matic 2 Pro,Houston_01,76.5,None,
2024-10-03,Tron-o-matic 2 Pro,WashingtonDC_01,76.5,None,
2024-10-03,Tron-o-matic 2 Pro,Atlanta_01,76.5,None,
2024-10-03,Tron-o-matic 2 Pro,Philadelphia_01,76.5,None,
2024-10-03,Tron-o-matic 3,Online_Store,54.0,None,
2024-10-03,Tron-o-matic 3,LosAngeles_01,54.0,None,
2024-10-03,Tron-o-matic 3,NewYork_01,54.0,None,
2024-10-03,Tron-o-matic 3,NewYork_02,54.0,None,
2024-10-03,Tron-o-matic 3,Chicago_01,54.0,None,
2024-10-03,Tron-o-matic 3,Dallas_01,54.0,None,
2024-10-03,Tron-o-matic 3,Houston_01,54.0,None,
2024-10-03,Tron-o-matic 3,WashingtonDC_01,54.0,None,
2024-10-03,Tron-o-matic 3,Atlanta_01,54.0,None,
2024-10-03,Tron-o-matic 3,Philadelphia_01,54.0,None,
2024-10-03,Tron-o-matic 3 Pro,Online_Store,81.0,None,
2024-10-03,Tron-o-matic 3 Pro,LosAngeles_01,81.0,None,
2024-10-03,Tron-o-matic 3 Pro,NewYork_01,81.0,None,
2024-10-03,Tron-o-matic 3 Pro,NewYork_02,81.0,None,
2024-10-03,Tron-o-matic 3 Pro,Chicago_01,81.0,None,
2024-10-03,Tron-o-matic 3 Pro,Dallas_01,81.0,None,
2024-10-03,Tron-o-matic 3 Pro,Houston_01,81.0,None,
2024-10-03,Tron-o-matic 3 Pro,WashingtonDC_01,81.0,None,
2024-10-03,Tron-o-matic 3 Pro,Atlanta_01,81.0,None,
2024-10-03,Tron-o-matic 3 Pro,Philadelphia_01,81.0,None,
2024-10-03,Tron-o-matic 4,Online_Store,67.5,None,
2024-10-03,Tron-o-matic 4,LosAngeles_01,67.5,None,
2024-10-03,Tron-o-matic 4,NewYork_01,67.5,None,
2024-10-03,Tron-o-matic 4,NewYork_02,67.5,None,
2024-10-03,Tron-o-matic 4,Chicago_01,67.5,None,
2024-10-03,Tron-o-matic 4,Dallas_01,67.5,None,
2024-10-03,Tron-o-matic 4,Houston_01,67.5,None,
2024-10-03,Tron-o-matic 4,WashingtonDC_01,67.5,None,
2024-10-03,Tron-o-matic 4,Atlanta_01,67.5,None,
2024-10-03,Tron-o-matic 4,Philadelphia_01,67.5,None,
2024-10-03,Tron-o-matic 4 Pro,Online_Store,81.67,SMALL_DEAL,
2024-10-03,Tron-o-matic 4 Pro,LosAngeles_01,81.67,SMALL_DEAL,
2024-10-03,Tron-o-matic 4 Pro,NewYork_01,81.67,SMALL_DEAL,
2024-10-03,Tron-o-matic 4 Pro,NewYork_02,81.67,SMALL_DEAL,
2024-10-03,Tron-o-matic 4 Pro,Chicago_01,81.67,SMALL_DEAL,
2024-10-03,Tron-o-matic 4 Pro,Dallas_01,81.67,SMALL_DEAL,
2024-10-03,Tron-o-matic 4 Pro,Houston_01,81.67,SMALL_DEAL,
2024-10-03,Tron-o-matic 4 Pro,WashingtonDC_01,81.67,SMALL_DEAL,
2024-10-03,Tron-o-matic 4 Pro,Atlanta_01,81.67,SMALL_DEAL,
2024-10-03,Tron-o-matic 4 Pro,Philadelphia_01,81.67,SMALL_DEAL,
2024-10-03,Tron-o-matic 5,Online_Store,66.72,SMALL_DEAL,
2024-10-03,Tron-o-matic 5,LosAngeles_01,66.72,SMALL_DEAL,
2024-10-03,Tron-o-matic 5,NewYork_01,66.72,SMALL_DEAL,
2024-10-03,Tron-o-matic 5,NewYork_02,66.72,SMALL_DEAL,
2024-10-03,Tron-o-matic 5,Chicago_01,66.72,SMALL_DEAL,
2024-10-03,Tron-o-matic 5,Dallas_01,66.72,SMALL_DEAL,
2024-10-03,Tron-o-matic 5,Houston_01,66.72,SMALL_DEAL,
2024-10-03,Tron-o-matic 5,WashingtonDC_01,66.72,SMALL_DEAL,
2024-10-03,Tron-o-matic 5,Atlanta_01,66.72,SMALL_DEAL,
2024-10-03,Tron-o-matic 5,Philadelphia_01,66.72,SMALL_DEAL,
2024-10-03,Tron-o-matic 5 Pro,Online_Store,99.0,None,
2024-10-03,Tron-o-matic 5 Pro,LosAngeles_01,99.0,None,
2024-10-03,Tron-o-matic 5 Pro,NewYork_01,99.0,None,
2024-10-03,Tron-o-matic 5 Pro,NewYork_02,99.0,None,
2024-10-03,Tron-o-matic 5 Pro,Chicago_01,99.0,None,
2024-10-03,Tron-o-matic 5 Pro,Dallas_01,99.0,None,
2024-10-03,Tron-o-matic 5 Pro,Houston_01,99.0,None,
2024-10-03,Tron-o-matic 5 Pro,WashingtonDC_01,99.0,None,
2024-10-03,Tron-o-matic 5 Pro,Atlanta_01,99.0,None,
2024-10-03,Tron-o-matic 5 Pro,Philadelphia_01,99.0,None,
2024-10-04,Tron-o-matic 1,Online_Store,50.66,SMALL_DEAL,
2024-10-04,Tron-o-matic 1,LosAngeles_01,50.66,SMALL_DEAL,
2024-10-04,Tron-o-matic 1,NewYork_01,50.66,SMALL_DEAL,
2024-10-04,Tron-o-matic 1,NewYork_02,50.66,SMALL_DEAL,
2024-10-04,Tron-o-matic 1,Chicago_01,50.66,SMALL_DEAL,
2024-10-04,Tron-o-matic 1,Dallas_01,50.66,SMALL_DEAL,
2024-10-04,Tron-o-matic 1,Houston_01,50.66,SMALL_DEAL,
2024-10-04,Tron-o-matic 1,WashingtonDC_01,50.66,SMALL_DEAL,
2024-10-04,Tron-o-matic 1,Atlanta_01,50.66,SMALL_DEAL,
2024-10-04,Tron-o-matic 1,Philadelphia_01,50.66,SMALL_DEAL,
2024-10-04,Tron-o-matic 1 Pro,Online_Store,66.38,SMALL_DEAL,
2024-10-04,Tron-o-matic 1 Pro,LosAngeles_01,66.38,SMALL_DEAL,
2024-10-04,Tron-o-matic 1 Pro,NewYork_01,66.38,SMALL_DEAL,
2024-10-04,Tron-o-matic 1 Pro,NewYork_02,66.38,SMALL_DEAL,
2024-10-04,Tron-o-matic 1 Pro,Chicago_01,66.38,SMALL_DEAL,
2024-10-04,Tron-o-matic 1 Pro,Dallas_01,66.38,SMALL_DEAL,
2024-10-04,Tron-o-matic 1 Pro,Houston_01,66.38,SMALL_DEAL,
2024-10-04,Tron-o-matic 1 Pro,WashingtonDC_01,66.38,SMALL_DEAL,
2024-10-04,Tron-o-matic 1 Pro,Atlanta_01,66.38,SMALL_DEAL,
2024-10-04,Tron-o-matic 1 Pro,Philadelphia_01,66.38,SMALL_DEAL,
2024-10-04,Tron-o-matic 2,Online_Store,49.5,None,
2024-10-04,Tron-o-matic 2,LosAngeles_01,49.5,None,
2024-10-04,Tron-o-matic 2,NewYork_01,49.5,None,
2024-10-04,Tron-o-matic 2,NewYork_02,49.5,None,
2024-10-04,Tron-o-matic 2,Chicago_01,49.5,None,
2024-10-04,Tron-o-matic 2,Dallas_01,49.5,None,
2024-10-04,Tron-o-matic 2,Houston_01,49.5,None,
2024-10-04,Tron-o-matic 2,WashingtonDC_01,49.5,None,
2024-10-04,Tron-o-matic 2,Atlanta_01,49.5,None,
2024-10-04,Tron-o-matic 2,Philadelphia_01,49.5,None,
2024-10-04,Tron-o-matic 2 Pro,Online_Store,72.19,SMALL_DEAL,
2024-10-04,Tron-o-matic 2 Pro,LosAngeles_01,72.19,SMALL_DEAL,
2024-10-04,Tron-o-matic 2 Pro,NewYork_01,72.19,SMALL_DEAL,
2024-10-04,Tron-o-matic 2 Pro,NewYork_02,72.19,SMALL_DEAL,
2024-10-04,Tron-o-matic 2 Pro,Chicago_01,72.19,SMALL_DEAL,
2024-10-04,Tron-o-matic 2 Pro,Dallas_01,72.19,SMALL_DEAL,
2024-10-04,Tron-o-matic 2 Pro,Houston_01,72.19,SMALL_DEAL,
2024-10-04,Tron-o-matic 2 Pro,WashingtonDC_01,72.19,SMALL_DEAL,
2024-10-04,Tron-o-matic 2 Pro,Atlanta_01,72.19,SMALL_DEAL,
2024-10-04,Tron-o-matic 2 Pro,Philadelphia_01,72.19,SMALL_DEAL,
2024-10-04,Tron-o-matic 3,Online_Store,54.0,None,
2024-10-04,Tron-o-matic 3,LosAngeles_01,54.0,None,
2024-10-04,Tron-o-matic 3,NewYork_01,54.0,None,
2024-10-04,Tron-o-matic 3,NewYork_02,54.0,None,
2024-10-04,Tron-o-matic 3,Chicago_01,54.0,None,
2024-10-04,Tron-o-matic 3,Dallas_01,54.0,None,
2024-10-04,Tron-o-matic 3,Houston_01,54.0,None,
2024-10-04,Tron-o-matic 3,WashingtonDC_01,54.0,None,
2024-10-04,Tron-o-matic 3,Atlanta_01,54.0,None,
2024-10-04,Tron-o-matic 3,Philadelphia_01,54.0,None,
2024-10-04,Tron-o-matic 3 Pro,Online_Store,58.74,BIG_DEAL,
2024-10-04,Tron-o-matic 3 Pro,LosAngeles_01,58.74,BIG_DEAL,
2024-10-04,Tron-o-matic 3 Pro,NewYork_01,58.74,BIG_DEAL,
2024-10-04,Tron-o-matic 3 Pro,NewYork_02,58.74,BIG_DEAL,
2024-10-04,Tron-o-matic 3 Pro,Chicago_01,58.74,BIG_DEAL,
2024-10-04,Tron-o-matic 3 Pro,Dallas_01,58.74,BIG_DEAL,
2024-10-04,Tron-o-matic 3 Pro,Houston_01,58.74,BIG_DEAL,
2024-10-04,Tron-o-matic 3 Pro,WashingtonDC_01,58.74,BIG_DEAL,
2024-10-04,Tron-o-matic 3 Pro,Atlanta_01,58.74,BIG_DEAL,
2024-10-04,Tron-o-matic 3 Pro,Philadelphia_01,58.74,BIG_DEAL,
2024-10-04,Tron-o-matic 4,Online_Store,50.69,BIG_DEAL,
2024-10-04,Tron-o-matic 4,LosAngeles_01,50.69,BIG_DEAL,
2024-10-04,Tron-o-matic 4,NewYork_01,50.69,BIG_DEAL,
2024-10-04,Tron-o-matic 4,NewYork_02,50.69,BIG_DEAL,
2024-10-04,Tron-o-matic 4,Chicago_01,50.69,BIG_DEAL,
2024-10-04,Tron-o-matic 4,Dallas_01,50.69,BIG_DEAL,
2024-10-04,Tron-o-matic 4,Houston_01,50.69,BIG_DEAL,
2024-10-04,Tron-o-matic 4,WashingtonDC_01,50.69,BIG_DEAL,
2024-10-04,Tron-o-matic 4,Atlanta_01,50.69,BIG_DEAL,
2024-10-04,Tron-o-matic 4,Philadelphia_01,50.69,BIG_DEAL,
2024-10-04,Tron-o-matic 4 Pro,Online_Store,90.0,None,
2024-10-04,Tron-o-matic 4 Pro,LosAngeles_01,90.0,None,
2024-10-04,Tron-o-matic 4 Pro,NewYork_01,90.0,None,
2024-10-04,Tron-o-matic 4 Pro,NewYork_02,90.0,None,
2024-10-04,Tron-o-matic 4 Pro,Chicago_01,90.0,None,
2024-10-04,Tron-o-matic 4 Pro,Dallas_01,90.0,None,
2024-10-04,Tron-o-matic 4 Pro,Houston_01,90.0,None,
2024-10-04,Tron-o-matic 4 Pro,WashingtonDC_01,90.0,None,
2024-10-04,Tron-o-matic 4 Pro,Atlanta_01,90.0,None,
2024-10-04,Tron-o-matic 4 Pro,Philadelphia_01,90.0,None,
2024-10-04,Tron-o-matic 5,Online_Store,66.25,SMALL_DEAL,
2024-10-04,Tron-o-matic 5,LosAngeles_01,66.25,SMALL_DEAL,
2024-10-04,Tron-o-matic 5,NewYork_01,66.25,SMALL_DEAL,
2024-10-04,Tron-o-matic 5,NewYork_02,66.25,SMALL_DEAL,
2024-10-04,Tron-o-matic 5,Chicago_01,66.25,SMALL_DEAL,
2024-10-04,Tron-o-matic 5,Dallas_01,66.25,SMALL_DEAL,
2024-10-04,Tron-o-matic 5,Houston_01,66.25,SMALL_DEAL,
2024-10-04,Tron-o-matic 5,WashingtonDC_01,66.25,SMALL_DEAL,
2024-10-04,Tron-o-matic 5,Atlanta_01,66.25,SMALL_DEAL,
2024-10-04,Tron-o-matic 5,Philadelphia_01,66.25,SMALL_DEAL,
2024-10-04,Tron-o-matic 5 Pro,Online_Store,91.36,SMALL_DEAL,
2024-10-04,Tron-o-matic 5 Pro,LosAngeles_01,91.36,SMALL_DEAL,
2024-10-04,Tron-o-matic 5 Pro,NewYork_01,91.36,SMALL_DEAL,
2024-10-04,Tron-o-matic 5 Pro,NewYork_02,91.36,SMALL_DEAL,
2024-10-04,Tron-o-matic 5 Pro,Chicago_01,91.36,SMALL_DEAL,
2024-10-04,Tron-o-matic 5 Pro,Dallas_01,91.36,SMALL_DEAL,
2024-10-04,Tron-o-matic 5 Pro,Houston_01,91.36,SMALL_DEAL,
2024-10-04,Tron-o-matic 5 Pro,WashingtonDC_01,91.36,SMALL_DEAL,
2024-10-04,Tron-o-matic 5 Pro,Atlanta_01,91.36,SMALL_DEAL,
2024-10-04,Tron-o-matic 5 Pro,Philadelphia_01,91.36,SMALL_DEAL,
2024-10-05,Tron-o-matic 1,Online_Store,54.0,None,
2024-10-05,Tron-o-matic 1,LosAngeles_01,54.0,None,
2024-10-05,Tron-o-matic 1,NewYork_01,54.0,None,
2024-10-05,Tron-o-matic 1,NewYork_02,54.0,None,
2024-10-05,Tron-o-matic 1,Chicago_01,54.0,None,
2024-10-05,Tron-o-matic 1,Dallas_01,54.0,None,
2024-10-05,Tron-o-matic 1,Houston_01,54.0,None,
2024-10-05,Tron-o-matic 1,WashingtonDC_01,54.0,None,
2024-10-05,Tron-o-matic 1,Atlanta_01,54.0,None,
2024-10-05,Tron-o-matic 1,Philadelphia_01,54.0,None,
2024-10-05,Tron-o-matic 1 Pro,Online_Store,72.0,None,
2024-10-05,Tron-o-matic 1 Pro,LosAngeles_01,72.0,None,
2024-10-05,Tron-o-matic 1 Pro,NewYork_01,72.0,None,
2024-10-05,Tron-o-matic 1 Pro,NewYork_02,72.0,None,
2024-10-05,Tron-o-matic 1 Pro,Chicago_01,72.0,None,
2024-10-05,Tron-o-matic 1 Pro,Dallas_01,72.0,None,
2024-10-05,Tron-o-matic 1 Pro,Houston_01,72.0,None,
2024-10-05,Tron-o-matic 1 Pro,WashingtonDC_01,72.0,None,
2024-10-05,Tron-o-matic 1 Pro,Atlanta_01,72.0,None,
2024-10-05,Tron-o-matic 1 Pro,Philadelphia_01,72.0,None,
2024-10-05,Tron-o-matic 2,Online_Store,49.5,None,
2024-10-05,Tron-o-matic 2,LosAngeles_01,49.5,None,
2024-10-05,Tron-o-matic 2,NewYork_01,49.5,None,
2024-10-05,Tron-o-matic 2,NewYork_02,49.5,None,
2024-10-05,Tron-o-matic 2,Chicago_01,49.5,None,
2024-10-05,Tron-o-matic 2,Dallas_01,49.5,None,
2024-10-05,Tron-o-matic 2,Houston_01,49.5,None,
2024-10-05,Tron-o-matic 2,WashingtonDC_01,49.5,None,
2024-10-05,Tron-o-matic 2,Atlanta_01,49.5,None,
2024-10-05,Tron-o-matic 2,Philadelphia_01,49.5,None,
2024-10-05,Tron-o-matic 2 Pro,Online_Store,60.55,BIG_DEAL,
2024-10-05,Tron-o-matic 2 Pro,LosAngeles_01,60.55,BIG_DEAL,
2024-10-05,Tron-o-matic 2 Pro,NewYork_01,60.55,BIG_DEAL,
2024-10-05,Tron-o-matic 2 Pro,NewYork_02,60.55,BIG_DEAL,
2024-10-05,Tron-o-matic 2 Pro,Chicago_01,60.55,BIG_DEAL,
2024-10-05,Tron-o-matic 2 Pro,Dallas_01,60.55,BIG_DEAL,
2024-10-05,Tron-o-matic 2 Pro,Houston_01,60.55,BIG_DEAL,
2024-10-05,Tron-o-matic 2 Pro,WashingtonDC_01,60.55,BIG_DEAL,
2024-10-05,Tron-o-matic 2 Pro,Atlanta_01,60.55,BIG_DEAL,
2024-10-05,Tron-o-matic 2 Pro,Philadelphia_01,60.55,BIG_DEAL,
2024-10-05,Tron-o-matic 3,Online_Store,54.0,None,
2024-10-05,Tron-o-matic 3,LosAngeles_01,54.0,None,
2024-10-05,Tron-o-matic 3,NewYork_01,54.0,None,
2024-10-05,Tron-o-matic 3,NewYork_02,54.0,None,
2024-10-05,Tron-o-matic 3,Chicago_01,54.0,None,
2024-10-05,Tron-o-matic 3,Dallas_01,54.0,None,
2024-10-05,Tron-o-matic 3,Houston_01,54.0,None,
2024-10-05,Tron-o-matic 3,WashingtonDC_01,54.0,None,
2024-10-05,Tron-o-matic 3,Atlanta_01,54.0,None,
2024-10-05,Tron-o-matic 3,Philadelphia_01,54.0,None,
2024-10-05,Tron-o-matic 3 Pro,Online_Store,81.0,None,
2024-10-05,Tron-o-matic 3 Pro,LosAngeles_01,81.0,None,
2024-10-05,Tron-o-matic 3 Pro,NewYork_01,81.0,None,
2024-10-05,Tron-o-matic 3 Pro,NewYork_02,81.0,None,
2024-10-05,Tron-o-matic 3 Pro,Chicago_01,81.0,None,
2024-10-05,Tron-o-matic 3 Pro,Dallas_01,81.0,None,
2024-10-05,Tron-o-matic 3 Pro,Houston_01,81.0,None,
2024-10-05,Tron-o-matic 3 Pro,WashingtonDC_01,81.0,None,
2024-10-05,Tron-o-matic 3 Pro,Atlanta_01,81.0,None,
2024-10-05,Tron-o-matic 3 Pro,Philadelphia_01,81.0,None,
2024-10-05,Tron-o-matic 4,Online_Store,58.4,SMALL_DEAL,
2024-10-05,Tron-o-matic 4,LosAngeles_01,58.4,SMALL_DEAL,
2024-10-05,Tron-o-matic 4,NewYork_01,58.4,SMALL_DEAL,
2024-10-05,Tron-o-matic 4,NewYork_02,58.4,SMALL_DEAL,
2024-10-05,Tron-o-matic 4,Chicago_01,58.4,SMALL_DEAL,
2024-10-05,Tron-o-matic 4,Dallas_01,58.4,SMALL_DEAL,
2024-10-05,Tron-o-matic 4,Houston_01,58.4,SMALL_DEAL,
2024-10-05,Tron-o-matic 4,WashingtonDC_01,58.4,SMALL_DEAL,
2024-10-05,Tron-o-matic 4,Atlanta_01,58.4,SMALL_DEAL,
2024-10-05,Tron-o-matic 4,Philadelphia_01,58.4,SMALL_DEAL,
2024-10-05,Tron-o-matic 4 Pro,Online_Store,90.0,None,
2024-10-05,Tron-o-matic 4 Pro,LosAngeles_01,90.0,None,
2024-10-05,Tron-o-matic 4 Pro,NewYork_01,90.0,None,
2024-10-05,Tron-o-matic 4 Pro,NewYork_02,90.0,None,
2024-10-05,Tron-o-matic 4 Pro,Chicago_01,90.0,None,
2024-10-05,Tron-o-matic 4 Pro,Dallas_01,90.0,None,
2024-10-05,Tron-o-matic 4 Pro,Houston_01,90.0,None,
2024-10-05,Tron-o-matic 4 Pro,WashingtonDC_01,90.0,None,
2024-10-05,Tron-o-matic 4 Pro,Atlanta_01,90.0,None,
2024-10-05,Tron-o-matic 4 Pro,Philadelphia_01,90.0,None,
2024-10-05,Tron-o-matic 5,Online_Store,62.74,SMALL_DEAL,
2024-10-05,Tron-o-matic 5,LosAngeles_01,62.74,SMALL_DEAL,
2024-10-05,Tron-o-matic 5,NewYork_01,62.74,SMALL_DEAL,
2024-10-05,Tron-o-matic 5,NewYork_02,62.74,SMALL_DEAL,
2024-10-05,Tron-o-matic 5,Chicago_01,62.74,SMALL_DEAL,
2024-10-05,Tron-o-matic 5,Dallas_01,62.74,SMALL_DEAL,
2024-10-05,Tron-o-matic 5,Houston_01,62.74,SMALL_DEAL,
2024-10-05,Tron-o-matic 5,WashingtonDC_01,62.74,SMALL_DEAL,
2024-10-05,Tron-o-matic 5,Atlanta_01,62.74,SMALL_DEAL,
2024-10-05,Tron-o-matic 5,Philadelphia_01,62.74,SMALL_DEAL,
2024-10-05,Tron-o-matic 5 Pro,Online_Store,99.0,None,
2024-10-05,Tron-o-matic 5 Pro,LosAngeles_01,99.0,None,
2024-10-05,Tron-o-matic 5 Pro,NewYork_01,99.0,None,
2024-10-05,Tron-o-matic 5 Pro,NewYork_02,99.0,None,
2024-10-05,Tron-o-matic 5 Pro,Chicago_01,99.0,None,
2024-10-05,Tron-o-matic 5 Pro,Dallas_01,99.0,None,
2024-10-05,Tron-o-matic 5 Pro,Houston_01,99.0,None,
2024-10-05,Tron-o-matic 5 Pro,WashingtonDC_01,99.0,None,
2024-10-05,Tron-o-matic 5 Pro,Atlanta_01,99.0,None,
2024-10-05,Tron-o-matic 5 Pro,Philadelphia_01,99.0,None,
2024-10-06,Tron-o-matic 1,Online_Store,54.0,None,
2024-10-06,Tron-o-matic 1,LosAngeles_01,54.0,None,
2024-10-06,Tron-o-matic 1,NewYork_01,54.0,None,
2024-10-06,Tron-o-matic 1,NewYork_02,54.0,None,
2024-10-06,Tron-o-matic 1,Chicago_01,54.0,None,
2024-10-06,Tron-o-matic 1,Dallas_01,54.0,None,
2024-10-06,Tron-o-matic 1,Houston_01,54.0,None,
2024-10-06,Tron-o-matic 1,WashingtonDC_01,54.0,None,
2024-10-06,Tron-o-matic 1,Atlanta_01,54.0,None,
2024-10-06,Tron-o-matic 1,Philadelphia_01,54.0,None,
2024-10-06,Tron-o-matic 1 Pro,Online_Store,55.22,BIG_DEAL,
2024-10-06,Tron-o-matic 1 Pro,LosAngeles_01,55.22,BIG_DEAL,
2024-10-06,Tron-o-matic 1 Pro,NewYork_01,55.22,BIG_DEAL,
2024-10-06,Tron-o-matic 1 Pro,NewYork_02,55.22,BIG_DEAL,
2024-10-06,Tron-o-matic 1 Pro,Chicago_01,55.22,BIG_DEAL,
2024-10-06,Tron-o-matic 1 Pro,Dallas_01,55.22,BIG_DEAL,
2024-10-06,Tron-o-matic 1 Pro,Houston_01,55.22,BIG_DEAL,
2024-10-06,Tron-o-matic 1 Pro,WashingtonDC_01,55.22,BIG_DEAL,
2024-10-06,Tron-o-matic 1 Pro,Atlanta_01,55.22,BIG_DEAL,
2024-10-06,Tron-o-matic 1 Pro,Philadelphia_01,55.22,BIG_DEAL,
2024-10-06,Tron-o-matic 2,Online_Store,49.5,None,
2024-10-06,Tron-o-matic 2,LosAngeles_01,49.5,None,
2024-10-06,Tron-o-matic 2,NewYork_01,49.5,None,
2024-10-06,Tron-o-matic 2,NewYork_02,49.5,None,
2024-10-06,Tron-o-matic 2,Chicago_01,49.5,None,
2024-10-06,Tron-o-matic 2,Dallas_01,49.5,None,
2024-10-06,Tron-o-matic 2,Houston_01,49.5,None,
2024-10-06,Tron-o-matic 2,WashingtonDC_01,49.5,None,
2024-10-06,Tron-o-matic 2,Atlanta_01,49.5,None,
2024-10-06,Tron-o-matic 2,Philadelphia_01,49.5,None,
2024-10-06,Tron-o-matic 2 Pro,Online_Store,68.11,SMALL_DEAL,
2024-10-06,Tron-o-matic 2 Pro,LosAngeles_01,68.11,SMALL_DEAL,
2024-10-06,Tron-o-matic 2 Pro,NewYork_01,68.11,SMALL_DEAL,
2024-10-06,Tron-o-matic 2 Pro,NewYork_02,68.11,SMALL_DEAL,
2024-10-06,Tron-o-matic 2 Pro,Chicago_01,68.11,SMALL_DEAL,
2024-10-06,Tron-o-matic 2 Pro,Dallas_01,68.11,SMALL_DEAL,
2024-10-06,Tron-o-matic 2 Pro,Houston_01,68.11,SMALL_DEAL,
2024-10-06,Tron-o-matic 2 Pro,WashingtonDC_01,68.11,SMALL_DEAL,
2024-10-06,Tron-o-matic 2 Pro,Atlanta_01,68.11,SMALL_DEAL,
2024-10-06,Tron-o-matic 2 Pro,Philadelphia_01,68.11,SMALL_DEAL,
2024-10-06,Tron-o-matic 3,Online_Store,54.0,None,
2024-10-06,Tron-o-matic 3,LosAngeles_01,54.0,None,
2024-10-06,Tron-o-matic 3,NewYork_01,54.0,None,
2024-10-06,Tron-o-matic 3,NewYork_02,54.0,None,
2024-10-06,Tron-o-matic 3,Chicago_01,54.0,None,
2024-10-06,Tron-o-matic 3,Dallas_01,54.0,None,
2024-10-06,Tron-o-matic 3,Houston_01,54.0,None,
2024-10-06,Tron-o-matic 3,WashingtonDC_01,54.0,None,
2024-10-06,Tron-o-matic 3,Atlanta_01,54.0,None,
2024-10-06,Tron-o-matic 3,Philadelphia_01,54.0,None,
2024-10-06,Tron-o-matic 3 Pro,Online_Store,81.0,None,
2024-10-06,Tron-o-matic 3 Pro,LosAngeles_01,81.0,None,
2024-10-06,Tron-o-matic 3 Pro,NewYork_01,81.0,None,
2024-10-06,Tron-o-matic 3 Pro,NewYork_02,81.0,None,
2024-10-06,Tron-o-matic 3 Pro,Chicago_01,81.0,None,
2024-10-06,Tron-o-matic 3 Pro,Dallas_01,81.0,None,
2024-10-06,Tron-o-matic 3 Pro,Houston_01,81.0,None,
2024-10-06,Tron-o-matic 3 Pro,WashingtonDC_01,81.0,None,
2024-10-06,Tron-o-matic 3 Pro,Atlanta_01,81.0,None,
2024-10-06,Tron-o-matic 3 Pro,Philadelphia_01,81.0,None,
2024-10-06,Tron-o-matic 4,Online_Store,67.5,None,
2024-10-06,Tron-o-matic 4,LosAngeles_01,67.5,None,
2024-10-06,Tron-o-matic 4,NewYork_01,67.5,None,
2024-10-06,Tron-o-matic 4,NewYork_02,67.5,None,
2024-10-06,Tron-o-matic 4,Chicago_01,67.5,None,
2024-10-06,Tron-o-matic 4,Dallas_01,67.5,None,
2024-10-06,Tron-o-matic 4,Houston_01,67.5,None,
2024-10-06,Tron-o-matic 4,WashingtonDC_01,67.5,None,
2024-10-06,Tron-o-matic 4,Atlanta_01,67.5,None,
2024-10-06,Tron-o-matic 4,Philadelphia_01,67.5,None,
2024-10-06,Tron-o-matic 4 Pro,Online_Store,78.36,SMALL_DEAL,
2024-10-06,Tron-o-matic 4 Pro,LosAngeles_01,78.36,SMALL_DEAL,
2024-10-06,Tron-o-matic 4 Pro,NewYork_01,78.36,SMALL_DEAL,
2024-10-06,Tron-o-matic 4 Pro,NewYork_02,78.36,SMALL_DEAL,
2024-10-06,Tron-o-matic 4 Pro,Chicago_01,78.36,SMALL_DEAL,
2024-10-06,Tron-o-matic 4 Pro,Dallas_01,78.36,SMALL_DEAL,
2024-10-06,Tron-o-matic 4 Pro,Houston_01,78.36,SMALL_DEAL,
2024-10-06,Tron-o-matic 4 Pro,WashingtonDC_01,78.36,SMALL_DEAL,
2024-10-06,Tron-o-matic 4 Pro,Atlanta_01,78.36,SMALL_DEAL,
2024-10-06,Tron-o-matic 4 Pro,Philadelphia_01,78.36,SMALL_DEAL,
2024-10-06,Tron-o-matic 5,Online_Store,66.43,SMALL_DEAL,
2024-10-06,Tron-o-matic 5,LosAngeles_01,66.43,SMALL_DEAL,
2024-10-06,Tron-o-matic 5,NewYork_01,66.43,SMALL_DEAL,
2024-10-06,Tron-o-matic 5,NewYork_02,66.43,SMALL_DEAL,
2024-10-06,Tron-o-matic 5,Chicago_01,66.43,SMALL_DEAL,
2024-10-06,Tron-o-matic 5,Dallas_01,66.43,SMALL_DEAL,
2024-10-06,Tron-o-matic 5,Houston_01,66.43,SMALL_DEAL,
2024-10-06,Tron-o-matic 5,WashingtonDC_01,66.43,SMALL_DEAL,
2024-10-06,Tron-o-matic 5,Atlanta_01,66.43,SMALL_DEAL,
2024-10-06,Tron-o-matic 5,Philadelphia_01,66.43,SMALL_DEAL,
2024-10-06,Tron-o-matic 5 Pro,Online_Store,75.37,BIG_DEAL,
2024-10-06,Tron-o-matic 5 Pro,LosAngeles_01,75.37,BIG_DEAL,
2024-10-06,Tron-o-matic 5 Pro,NewYork_01,75.37,BIG_DEAL,
2024-10-06,Tron-o-matic 5 Pro,NewYork_02,75.37,BIG_DEAL,
2024-10-06,Tron-o-matic 5 Pro,Chicago_01,75.37,BIG_DEAL,
2024-10-06,Tron-o-matic 5 Pro,Dallas_01,75.37,BIG_DEAL,
2024-10-06,Tron-o-matic 5 Pro,Houston_01,75.37,BIG_DEAL,
2024-10-06,Tron-o-matic 5 Pro,WashingtonDC_01,75.37,BIG_DEAL,
2024-10-06,Tron-o-matic 5 Pro,Atlanta_01,75.37,BIG_DEAL,
2024-10-06,Tron-o-matic 5 Pro,Philadelphia_01,75.37,BIG_DEAL,
2024-10-07,Tron-o-matic 1,Online_Store,46.41,SMALL_DEAL,
2024-10-07,Tron-o-matic 1,LosAngeles_01,46.41,SMALL_DEAL,
2024-10-07,Tron-o-matic 1,NewYork_01,46.41,SMALL_DEAL,
2024-10-07,Tron-o-matic 1,NewYork_02,46.41,SMALL_DEAL,
2024-10-07,Tron-o-matic 1,Chicago_01,46.41,SMALL_DEAL,
2024-10-07,Tron-o-matic 1,Dallas_01,46.41,SMALL_DEAL,
2024-10-07,Tron-o-matic 1,Houston_01,46.41,SMALL_DEAL,
2024-10-07,Tron-o-matic 1,WashingtonDC_01,46.41,SMALL_DEAL,
2024-10-07,Tron-o-matic 1,Atlanta_01,46.41,SMALL_DEAL,
2024-10-07,Tron-o-matic 1,Philadelphia_01,46.41,SMALL_DEAL,
2024-10-07,Tron-o-matic 1 Pro,Online_Store,64.24,SMALL_DEAL,
2024-10-07,Tron-o-matic 1 Pro,LosAngeles_01,64.24,SMALL_DEAL,
2024-10-07,Tron-o-matic 1 Pro,NewYork_01,64.24,SMALL_DEAL,
2024-10-07,Tron-o-matic 1 Pro,NewYork_02,64.24,SMALL_DEAL,
2024-10-07,Tron-o-matic 1 Pro,Chicago_01,64.24,SMALL_DEAL,
2024-10-07,Tron-o-matic 1 Pro,Dallas_01,64.24,SMALL_DEAL,
2024-10-07,Tron-o-matic 1 Pro,Houston_01,64.24,SMALL_DEAL,
2024-10-07,Tron-o-matic 1 Pro,WashingtonDC_01,64.24,SMALL_DEAL,
2024-10-07,Tron-o-matic 1 Pro,Atlanta_01,64.24,SMALL_DEAL,
2024-10-07,Tron-o-matic 1 Pro,Philadelphia_01,64.24,SMALL_DEAL,
2024-10-07,Tron-o-matic 2,Online_Store,39.2,BIG_DEAL,
2024-10-07,Tron-o-matic 2,LosAngeles_01,39.2,BIG_DEAL,
2024-10-07,Tron-o-matic 2,NewYork_01,39.2,BIG_DEAL,
2024-10-07,Tron-o-matic 2,NewYork_02,39.2,BIG_DEAL,
2024-10-07,Tron-o-matic 2,Chicago_01,39.2,BIG_DEAL,
2024-10-07,Tron-o-matic 2,Dallas_01,39.2,BIG_DEAL,
2024-10-07,Tron-o-matic 2,Houston_01,39.2,BIG_DEAL,
2024-10-07,Tron-o-matic 2,WashingtonDC_01,39.2,BIG_DEAL,
2024-10-07,Tron-o-matic 2,Atlanta_01,39.2,BIG_DEAL,
2024-10-07,Tron-o-matic 2,Philadelphia_01,39.2,BIG_DEAL,
2024-10-07,Tron-o-matic 2 Pro,Online_Store,72.67,SMALL_DEAL,
2024-10-07,Tron-o-matic 2 Pro,LosAngeles_01,72.67,SMALL_DEAL,
2024-10-07,Tron-o-matic 2 Pro,NewYork_01,72.67,SMALL_DEAL,
2024-10-07,Tron-o-matic 2 Pro,NewYork_02,72.67,SMALL_DEAL,
2024-10-07,Tron-o-matic 2 Pro,Chicago_01,72.67,SMALL_DEAL,
2024-10-07,Tron-o-matic 2 Pro,Dallas_01,72.67,SMALL_DEAL,
2024-10-07,Tron-o-matic 2 Pro,Houston_01,72.67,SMALL_DEAL,
2024-10-07,Tron-o-matic 2 Pro,WashingtonDC_01,72.67,SMALL_DEAL,
2024-10-07,Tron-o-matic 2 Pro,Atlanta_01,72.67,SMALL_DEAL,
2024-10-07,Tron-o-matic 2 Pro,Philadelphia_01,72.67,SMALL_DEAL,
2024-10-07,Tron-o-matic 3,Online_Store,54.0,None,
2024-10-07,Tron-o-matic 3,LosAngeles_01,54.0,None,
2024-10-07,Tron-o-matic 3,NewYork_01,54.0,None,
2024-10-07,Tron-o-matic 3,NewYork_02,54.0,None,
2024-10-07,Tron-o-matic 3,Chicago_01,54.0,None,
2024-10-07,Tron-o-matic 3,Dallas_01,54.0,None,
2024-10-07,Tron-o-matic 3,Houston_01,54.0,None,
2024-10-07,Tron-o-matic 3,WashingtonDC_01,54.0,None,
2024-10-07,Tron-o-matic 3,Atlanta_01,54.0,None,
2024-10-07,Tron-o-matic 3,Philadelphia_01,54.0,None,
2024-10-07,Tron-o-matic 3 Pro,Online_Store,75.46,SMALL_DEAL,
2024-10-07,Tron-o-matic 3 Pro,LosAngeles_01,75.46,SMALL_DEAL,
2024-10-07,Tron-o-matic 3 Pro,NewYork_01,75.46,SMALL_DEAL,
2024-10-07,Tron-o-matic 3 Pro,NewYork_02,75.46,SMALL_DEAL,
2024-10-07,Tron-o-matic 3 Pro,Chicago_01,75.46,SMALL_DEAL,
2024-10-07,Tron-o-matic 3 Pro,Dallas_01,75.46,SMALL_DEAL,
2024-10-07,Tron-o-matic 3 Pro,Houston_01,75.46,SMALL_DEAL,
2024-10-07,Tron-o-matic 3 Pro,WashingtonDC_01,75.46,SMALL_DEAL,
2024-10-07,Tron-o-matic 3 Pro,Atlanta_01,75.46,SMALL_DEAL,
2024-10-07,Tron-o-matic 3 Pro,Philadelphia_01,75.46,SMALL_DEAL,
2024-10-07,Tron-o-matic 4,Online_Store,67.5,None,
2024-10-07,Tron-o-matic 4,LosAngeles_01,67.5,None,
2024-10-07,Tron-o-matic 4,NewYork_01,67.5,None,
2024-10-07,Tron-o-matic 4,NewYork_02,67.5,None,
2024-10-07,Tron-o-matic 4,Chicago_01,67.5,None,
2024-10-07,Tron-o-matic 4,Dallas_01,67.5,None,
2024-10-07,Tron-o-matic 4,Houston_01,67.5,None,
2024-10-07,Tron-o-matic 4,WashingtonDC_01,67.5,None,
2024-10-07,Tron-o-matic 4,Atlanta_01,67.5,None,
2024-10-07,Tron-o-matic 4,Philadelphia_01,67.5,None,
2024-10-07,Tron-o-matic 4 Pro,Online_Store,82.97,SMALL_DEAL,
2024-10-07,Tron-o-matic 4 Pro,LosAngeles_01,82.97,SMALL_DEAL,
2024-10-07,Tron-o-matic 4 Pro,NewYork_01,82.97,SMALL_DEAL,
2024-10-07,Tron-o-matic 4 Pro,NewYork_02,82.97,SMALL_DEAL,
2024-10-07,Tron-o-matic 4 Pro,Chicago_01,82.97,SMALL_DEAL,
2024-10-07,Tron-o-matic 4 Pro,Dallas_01,82.97,SMALL_DEAL,
2024-10-07,Tron-o-matic 4 Pro,Houston_01,82.97,SMALL_DEAL,
2024-10-07,Tron-o-matic 4 Pro,WashingtonDC_01,82.97,SMALL_DEAL,
2024-10-07,Tron-o-matic 4 Pro,Atlanta_01,82.97,SMALL_DEAL,
2024-10-07,Tron-o-matic 4 Pro,Philadelphia_01,82.97,SMALL_DEAL,
2024-10-07,Tron-o-matic 5,Online_Store,64.57,SMALL_DEAL,
2024-10-07,Tron-o-matic 5,LosAngeles_01,64.57,SMALL_DEAL,
2024-10-07,Tron-o-matic 5,NewYork_01,64.57,SMALL_DEAL,
2024-10-07,Tron-o-matic 5,NewYork_02,64.57,SMALL_DEAL,
2024-10-07,Tron-o-matic 5,Chicago_01,64.57,SMALL_DEAL,
2024-10-07,Tron-o-matic 5,Dallas_01,64.57,SMALL_DEAL,
2024-10-07,Tron-o-matic 5,Houston_01,64.57,SMALL_DEAL,
2024-10-07,Tron-o-matic 5,WashingtonDC_01,64.57,SMALL_DEAL,
2024-10-07,Tron-o-matic 5,Atlanta_01,64.57,SMALL_DEAL,
2024-10-07,Tron-o-matic 5,Philadelphia_01,64.57,SMALL_DEAL,
2024-10-07,Tron-o-matic 5 Pro,Online_Store,99.0,None,
2024-10-07,Tron-o-matic 5 Pro,LosAngeles_01,99.0,None,
2024-10-07,Tron-o-matic 5 Pro,NewYork_01,99.0,None,
2024-10-07,Tron-o-matic 5 Pro,NewYork_02,99.0,None,
2024-10-07,Tron-o-matic 5 Pro,Chicago_01,99.0,None,
2024-10-07,Tron-o-matic 5 Pro,Dallas_01,99.0,None,
2024-10-07,Tron-o-matic 5 Pro,Houston_01,99.0,None,
2024-10-07,Tron-o-matic 5 Pro,WashingtonDC_01,99.0,None,
2024-10-07,Tron-o-matic 5 Pro,Atlanta_01,99.0,None,
2024-10-07,Tron-o-matic 5 Pro,Philadelphia_01,99.0,None,
2024-10-08,Tron-o-matic 1,Online_Store,54.0,None,
2024-10-08,Tron-o-matic 1,LosAngeles_01,54.0,None,
2024-10-08,Tron-o-matic 1,NewYork_01,54.0,None,
2024-10-08,Tron-o-matic 1,NewYork_02,54.0,None,
2024-10-08,Tron-o-matic 1,Chicago_01,54.0,None,
2024-10-08,Tron-o-matic 1,Dallas_01,54.0,None,
2024-10-08,Tron-o-matic 1,Houston_01,54.0,None,
2024-10-08,Tron-o-matic 1,WashingtonDC_01,54.0,None,
2024-10-08,Tron-o-matic 1,Atlanta_01,54.0,None,
2024-10-08,Tron-o-matic 1,Philadelphia_01,54.0,None,
2024-10-08,Tron-o-matic 1 Pro,Online_Store,65.0,SMALL_DEAL,
2024-10-08,Tron-o-matic 1 Pro,LosAngeles_01,65.0,SMALL_DEAL,
2024-10-08,Tron-o-matic 1 Pro,NewYork_01,65.0,SMALL_DEAL,
2024-10-08,Tron-o-matic 1 Pro,NewYork_02,65.0,SMALL_DEAL,
2024-10-08,Tron-o-matic 1 Pro,Chicago_01,65.0,SMALL_DEAL,
2024-10-08,Tron-o-matic 1 Pro,Dallas_01,65.0,SMALL_DEAL,
2024-10-08,Tron-o-matic 1 Pro,Houston_01,65.0,SMALL_DEAL,
2024-10-08,Tron-o-matic 1 Pro,WashingtonDC_01,65.0,SMALL_DEAL,
2024-10-08,Tron-o-matic 1 Pro,Atlanta_01,65.0,SMALL_DEAL,
2024-10-08,Tron-o-matic 1 Pro,Philadelphia_01,65.0,SMALL_DEAL,
2024-10-08,Tron-o-matic 2,Online_Store,49.5,None,
2024-10-08,Tron-o-matic 2,LosAngeles_01,49.5,None,
2024-10-08,Tron-o-matic 2,NewYork_01,49.5,None,
2024-10-08,Tron-o-matic 2,NewYork_02,49.5,None,
2024-10-08,Tron-o-matic 2,Chicago_01,49.5,None,
2024-10-08,Tron-o-matic 2,Dallas_01,49.5,None,
2024-10-08,Tron-o-matic 2,Houston_01,49.5,None,
2024-10-08,Tron-o-matic 2,WashingtonDC_01,49.5,None,
2024-10-08,Tron-o-matic 2,Atlanta_01,49.5,None,
2024-10-08,Tron-o-matic 2,Philadelphia_01,49.5,None,
2024-10-08,Tron-o-matic 2 Pro,Online_Store,68.44,SMALL_DEAL,
2024-10-08,Tron-o-matic 2 Pro,LosAngeles_01,68.44,SMALL_DEAL,
2024-10-08,Tron-o-matic 2 Pro,NewYork_01,68.44,SMALL_DEAL,
2024-10-08,Tron-o-matic 2 Pro,NewYork_02,68.44,SMALL_DEAL,
2024-10-08,Tron-o-matic 2 Pro,Chicago_01,68.44,SMALL_DEAL,
2024-10-08,Tron-o-matic 2 Pro,Dallas_01,68.44,SMALL_DEAL,
2024-10-08,Tron-o-matic 2 Pro,Houston_01,68.44,SMALL_DEAL,
2024-10-08,Tron-o-matic 2 Pro,WashingtonDC_01,68.44,SMALL_DEAL,
2024-10-08,Tron-o-matic 2 Pro,Atlanta_01,68.44,SMALL_DEAL,
2024-10-08,Tron-o-matic 2 Pro,Philadelphia_01,68.44,SMALL_DEAL,
2024-10-08,Tron-o-matic 3,Online_Store,54.0,None,
2024-10-08,Tron-o-matic 3,LosAngeles_01,54.0,None,
2024-10-08,Tron-o-matic 3,NewYork_01,54.0,None,
2024-10-08,Tron-o-matic 3,NewYork_02,54.0,None,
2024-10-08,Tron-o-matic 3,Chicago_01,54.0,None,
2024-10-08,Tron-o-matic 3,Dallas_01,54.0,None,
2024-10-08,Tron-o-matic 3,Houston_01,54.0,None,
2024-10-08,Tron-o-matic 3,WashingtonDC_01,54.0,None,
2024-10-08,Tron-o-matic 3,Atlanta_01,54.0,None,
2024-10-08,Tron-o-matic 3,Philadelphia_01,54.0,None,
2024-10-08,Tron-o-matic 3 Pro,Online_Store,81.0,None,
2024-10-08,Tron-o-matic 3 Pro,LosAngeles_01,81.0,None,
2024-10-08,Tron-o-matic 3 Pro,NewYork_01,81.0,None,
2024-10-08,Tron-o-matic 3 Pro,NewYork_02,81.0,None,
2024-10-08,Tron-o-matic 3 Pro,Chicago_01,81.0,None,
2024-10-08,Tron-o-matic 3 Pro,Dallas_01,81.0,None,
2024-10-08,Tron-o-matic 3 Pro,Houston_01,81.0,None,
2024-10-08,Tron-o-matic 3 Pro,WashingtonDC_01,81.0,None,
2024-10-08,Tron-o-matic 3 Pro,Atlanta_01,81.0,None,
2024-10-08,Tron-o-matic 3 Pro,Philadelphia_01,81.0,None,
2024-10-08,Tron-o-matic 4,Online_Store,67.5,None,
2024-10-08,Tron-o-matic 4,LosAngeles_01,67.5,None,
2024-10-08,Tron-o-matic 4,NewYork_01,67.5,None,
2024-10-08,Tron-o-matic 4,NewYork_02,67.5,None,
2024-10-08,Tron-o-matic 4,Chicago_01,67.5,None,
2024-10-08,Tron-o-matic 4,Dallas_01,67.5,None,
2024-10-08,Tron-o-matic 4,Houston_01,67.5,None,
2024-10-08,Tron-o-matic 4,WashingtonDC_01,67.5,None,
2024-10-08,Tron-o-matic 4,Atlanta_01,67.5,None,
2024-10-08,Tron-o-matic 4,Philadelphia_01,67.5,None,
2024-10-08,Tron-o-matic 4 Pro,Online_Store,90.0,None,
2024-10-08,Tron-o-matic 4 Pro,LosAngeles_01,90.0,None,
2024-10-08,Tron-o-matic 4 Pro,NewYork_01,90.0,None,
2024-10-08,Tron-o-matic 4 Pro,NewYork_02,90.0,None,
2024-10-08,Tron-o-matic 4 Pro,Chicago_01,90.0,None,
2024-10-08,Tron-o-matic 4 Pro,Dallas_01,90.0,None,
2024-10-08,Tron-o-matic 4 Pro,Houston_01,90.0,None,
2024-10-08,Tron-o-matic 4 Pro,WashingtonDC_01,90.0,None,
2024-10-08,Tron-o-matic 4 Pro,Atlanta_01,90.0,None,
2024-10-08,Tron-o-matic 4 Pro,Philadelphia_01,90.0,None,
2024-10-08,Tron-o-matic 5,Online_Store,72.0,None,
2024-10-08,Tron-o-matic 5,LosAngeles_01,72.0,None,
2024-10-08,Tron-o-matic 5,NewYork_01,72.0,None,
2024-10-08,Tron-o-matic 5,NewYork_02,72.0,None,
2024-10-08,Tron-o-matic 5,Chicago_01,72.0,None,
2024-10-08,Tron-o-matic 5,Dallas_01,72.0,None,
2024-10-08,Tron-o-matic 5,Houston_01,72.0,None,
2024-10-08,Tron-o-matic 5,WashingtonDC_01,72.0,None,
2024-10-08,Tron-o-matic 5,Atlanta_01,72.0,None,
2024-10-08,Tron-o-matic 5,Philadelphia_01,72.0,None,
2024-10-08,Tron-o-matic 5 Pro,Online_Store,99.0,None,
2024-10-08,Tron-o-matic 5 Pro,LosAngeles_01,99.0,None,
2024-10-08,Tron-o-matic 5 Pro,NewYork_01,99.0,None,
2024-10-08,Tron-o-matic 5 Pro,NewYork_02,99.0,None,
2024-10-08,Tron-o-matic 5 Pro,Chicago_01,99.0,None,
2024-10-08,Tron-o-matic 5 Pro,Dallas_01,99.0,None,
2024-10-08,Tron-o-matic 5 Pro,Houston_01,99.0,None,
2024-10-08,Tron-o-matic 5 Pro,WashingtonDC_01,99.0,None,
2024-10-08,Tron-o-matic 5 Pro,Atlanta_01,99.0,None,
2024-10-08,Tron-o-matic 5 Pro,Philadelphia_01,99.0,None,
2024-10-09,Tron-o-matic 1,Online_Store,41.18,BIG_DEAL,
2024-10-09,Tron-o-matic 1,LosAngeles_01,41.18,BIG_DEAL,
2024-10-09,Tron-o-matic 1,NewYork_01,41.18,BIG_DEAL,
2024-10-09,Tron-o-matic 1,NewYork_02,41.18,BIG_DEAL,
2024-10-09,Tron-o-matic 1,Chicago_01,41.18,BIG_DEAL,
2024-10-09,Tron-o-matic 1,Dallas_01,41.18,BIG_DEAL,
2024-10-09,Tron-o-matic 1,Houston_01,41.18,BIG_DEAL,
2024-10-09,Tron-o-matic 1,WashingtonDC_01,41.18,BIG_DEAL,
2024-10-09,Tron-o-matic 1,Atlanta_01,41.18,BIG_DEAL,
2024-10-09,Tron-o-matic 1,Philadelphia_01,41.18,BIG_DEAL,
2024-10-09,Tron-o-matic 1 Pro,Online_Store,66.71,SMALL_DEAL,
2024-10-09,Tron-o-matic 1 Pro,LosAngeles_01,66.71,SMALL_DEAL,
2024-10-09,Tron-o-matic 1 Pro,NewYork_01,66.71,SMALL_DEAL,
2024-10-09,Tron-o-matic 1 Pro,NewYork_02,66.71,SMALL_DEAL,
2024-10-09,Tron-o-matic 1 Pro,Chicago_01,66.71,SMALL_DEAL,
2024-10-09,Tron-o-matic 1 Pro,Dallas_01,66.71,SMALL_DEAL,
2024-10-09,Tron-o-matic 1 Pro,Houston_01,66.71,SMALL_DEAL,
2024-10-09,Tron-o-matic 1 Pro,WashingtonDC_01,66.71,SMALL_DEAL,
2024-10-09,Tron-o-matic 1 Pro,Atlanta_01,66.71,SMALL_DEAL,
2024-10-09,Tron-o-matic 1 Pro,Philadelphia_01,66.71,SMALL_DEAL,
2024-10-09,Tron-o-matic 2,Online_Store,45.61,SMALL_DEAL,
2024-10-09,Tron-o-matic 2,LosAngeles_01,45.61,SMALL_DEAL,
2024-10-09,Tron-o-matic 2,NewYork_01,45.61,SMALL_DEAL,
2024-10-09,Tron-o-matic 2,NewYork_02,45.61,SMALL_DEAL,
2024-10-09,Tron-o-matic 2,Chicago_01,45.61,SMALL_DEAL,
2024-10-09,Tron-o-matic 2,Dallas_01,45.61,SMALL_DEAL,
2024-10-09,Tron-o-matic 2,Houston_01,45.61,SMALL_DEAL,
2024-10-09,Tron-o-matic 2,WashingtonDC_01,45.61,SMALL_DEAL,
2024-10-09,Tron-o-matic 2,Atlanta_01,45.61,SMALL_DEAL,
2024-10-09,Tron-o-matic 2,Philadelphia_01,45.61,SMALL_DEAL,
2024-10-09,Tron-o-matic 2 Pro,Online_Store,76.5,None,
2024-10-09,Tron-o-matic 2 Pro,LosAngeles_01,76.5,None,
2024-10-09,Tron-o-matic 2 Pro,NewYork_01,76.5,None,
2024-10-09,Tron-o-matic 2 Pro,NewYork_02,76.5,None,
2024-10-09,Tron-o-matic 2 Pro,Chicago_01,76.5,None,
2024-10-09,Tron-o-matic 2 Pro,Dallas_01,76.5,None,
2024-10-09,Tron-o-matic 2 Pro,Houston_01,76.5,None,
2024-10-09,Tron-o-matic 2 Pro,WashingtonDC_01,76.5,None,
2024-10-09,Tron-o-matic 2 Pro,Atlanta_01,76.5,None,
2024-10-09,Tron-o-matic 2 Pro,Philadelphia_01,76.5,None,
2024-10-09,Tron-o-matic 3,Online_Store,49.0,SMALL_DEAL,
2024-10-09,Tron-o-matic 3,LosAngeles_01,49.0,SMALL_DEAL,
2024-10-09,Tron-o-matic 3,NewYork_01,49.0,SMALL_DEAL,
2024-10-09,Tron-o-matic 3,NewYork_02,49.0,SMALL_DEAL,
2024-10-09,Tron-o-matic 3,Chicago_01,49.0,SMALL_DEAL,
2024-10-09,Tron-o-matic 3,Dallas_01,49.0,SMALL_DEAL,
2024-10-09,Tron-o-matic 3,Houston_01,49.0,SMALL_DEAL,
2024-10-09,Tron-o-matic 3,WashingtonDC_01,49.0,SMALL_DEAL,
2024-10-09,Tron-o-matic 3,Atlanta_01,49.0,SMALL_DEAL,
2024-10-09,Tron-o-matic 3,Philadelphia_01,49.0,SMALL_DEAL,
2024-10-09,Tron-o-matic 3 Pro,Online_Store,73.22,SMALL_DEAL,
2024-10-09,Tron-o-matic 3 Pro,LosAngeles_01,73.22,SMALL_DEAL,
2024-10-09,Tron-o-matic 3 Pro,NewYork_01,73.22,SMALL_DEAL,
2024-10-09,Tron-o-matic 3 Pro,NewYork_02,73.22,SMALL_DEAL,
2024-10-09,Tron-o-matic 3 Pro,Chicago_01,73.22,SMALL_DEAL,
2024-10-09,Tron-o-matic 3 Pro,Dallas_01,73.22,SMALL_DEAL,
2024-10-09,Tron-o-matic 3 Pro,Houston_01,73.22,SMALL_DEAL,
2024-10-09,Tron-o-matic 3 Pro,WashingtonDC_01,73.22,SMALL_DEAL,
2024-10-09,Tron-o-matic 3 Pro,Atlanta_01,73.22,SMALL_DEAL,
2024-10-09,Tron-o-matic 3 Pro,Philadelphia_01,73.22,SMALL_DEAL,
2024-10-09,Tron-o-matic 4,Online_Store,49.51,BIG_DEAL,
2024-10-09,Tron-o-matic 4,LosAngeles_01,49.51,BIG_DEAL,
2024-10-09,Tron-o-matic 4,NewYork_01,49.51,BIG_DEAL,
2024-10-09,Tron-o-matic 4,NewYork_02,49.51,BIG_DEAL,
2024-10-09,Tron-o-matic 4,Chicago_01,49.51,BIG_DEAL,
2024-10-09,Tron-o-matic 4,Dallas_01,49.51,BIG_DEAL,
2024-10-09,Tron-o-matic 4,Houston_01,49.51,BIG_DEAL,
2024-10-09,Tron-o-matic 4,WashingtonDC_01,49.51,BIG_DEAL,
2024-10-09,Tron-o-matic 4,Atlanta_01,49.51,BIG_DEAL,
2024-10-09,Tron-o-matic 4,Philadelphia_01,49.51,BIG_DEAL,
2024-10-09,Tron-o-matic 4 Pro,Online_Store,90.0,None,
2024-10-09,Tron-o-matic 4 Pro,LosAngeles_01,90.0,None,
2024-10-09,Tron-o-matic 4 Pro,NewYork_01,90.0,None,
2024-10-09,Tron-o-matic 4 Pro,NewYork_02,90.0,None,
2024-10-09,Tron-o-matic 4 Pro,Chicago_01,90.0,None,
2024-10-09,Tron-o-matic 4 Pro,Dallas_01,90.0,None,
2024-10-09,Tron-o-matic 4 Pro,Houston_01,90.0,None,
2024-10-09,Tron-o-matic 4 Pro,WashingtonDC_01,90.0,None,
2024-10-09,Tron-o-matic 4 Pro,Atlanta_01,90.0,None,
2024-10-09,Tron-o-matic 4 Pro,Philadelphia_01,90.0,None,
2024-10-09,Tron-o-matic 5,Online_Store,67.88,SMALL_DEAL,
2024-10-09,Tron-o-matic 5,LosAngeles_01,67.88,SMALL_DEAL,
2024-10-09,Tron-o-matic 5,NewYork_01,67.88,SMALL_DEAL,
2024-10-09,Tron-o-matic 5,NewYork_02,67.88,SMALL_DEAL,
2024-10-09,Tron-o-matic 5,Chicago_01,67.88,SMALL_DEAL,
2024-10-09,Tron-o-matic 5,Dallas_01,67.88,SMALL_DEAL,
2024-10-09,Tron-o-matic 5,Houston_01,67.88,SMALL_DEAL,
2024-10-09,Tron-o-matic 5,WashingtonDC_01,67.88,SMALL_DEAL,
2024-10-09,Tron-o-matic 5,Atlanta_01,67.88,SMALL_DEAL,
2024-10-09,Tron-o-matic 5,Philadelphia_01,67.88,SMALL_DEAL,
2024-10-09,Tron-o-matic 5 Pro,Online_Store,85.59,SMALL_DEAL,
2024-10-09,Tron-o-matic 5 Pro,LosAngeles_01,85.59,SMALL_DEAL,
2024-10-09,Tron-o-matic 5 Pro,NewYork_01,85.59,SMALL_DEAL,
2024-10-09,Tron-o-matic 5 Pro,NewYork_02,85.59,SMALL_DEAL,
2024-10-09,Tron-o-matic 5 Pro,Chicago_01,85.59,SMALL_DEAL,
2024-10-09,Tron-o-matic 5 Pro,Dallas_01,85.59,SMALL_DEAL,
2024-10-09,Tron-o-matic 5 Pro,Houston_01,85.59,SMALL_DEAL,
2024-10-09,Tron-o-matic 5 Pro,WashingtonDC_01,85.59,SMALL_DEAL,
2024-10-09,Tron-o-matic 5 Pro,Atlanta_01,85.59,SMALL_DEAL,
2024-10-09,Tron-o-matic 5 Pro,Philadelphia_01,85.59,SMALL_DEAL,
2024-10-10,Tron-o-matic 1,Online_Store,54.0,None,
2024-10-10,Tron-o-matic 1,LosAngeles_01,54.0,None,
2024-10-10,Tron-o-matic 1,NewYork_01,54.0,None,
2024-10-10,Tron-o-matic 1,NewYork_02,54.0,None,
2024-10-10,Tron-o-matic 1,Chicago_01,54.0,None,
2024-10-10,Tron-o-matic 1,Dallas_01,54.0,None,
2024-10-10,Tron-o-matic 1,Houston_01,54.0,None,
2024-10-10,Tron-o-matic 1,WashingtonDC_01,54.0,None,
2024-10-10,Tron-o-matic 1,Atlanta_01,54.0,None,
2024-10-10,Tron-o-matic 1,Philadelphia_01,54.0,None,
2024-10-10,Tron-o-matic 1 Pro,Online_Store,72.0,None,
2024-10-10,Tron-o-matic 1 Pro,LosAngeles_01,72.0,None,
2024-10-10,Tron-o-matic 1 Pro,NewYork_01,72.0,None,
2024-10-10,Tron-o-matic 1 Pro,NewYork_02,72.0,None,
2024-10-10,Tron-o-matic 1 Pro,Chicago_01,72.0,None,
2024-10-10,Tron-o-matic 1 Pro,Dallas_01,72.0,None,
2024-10-10,Tron-o-matic 1 Pro,Houston_01,72.0,None,
2024-10-10,Tron-o-matic 1 Pro,WashingtonDC_01,72.0,None,
2024-10-10,Tron-o-matic 1 Pro,Atlanta_01,72.0,None,
2024-10-10,Tron-o-matic 1 Pro,Philadelphia_01,72.0,None,
2024-10-10,Tron-o-matic 2,Online_Store,42.54,SMALL_DEAL,
2024-10-10,Tron-o-matic 2,LosAngeles_01,42.54,SMALL_DEAL,
2024-10-10,Tron-o-matic 2,NewYork_01,42.54,SMALL_DEAL,
2024-10-10,Tron-o-matic 2,NewYork_02,42.54,SMALL_DEAL,
2024-10-10,Tron-o-matic 2,Chicago_01,42.54,SMALL_DEAL,
2024-10-10,Tron-o-matic 2,Dallas_01,42.54,SMALL_DEAL,
2024-10-10,Tron-o-matic 2,Houston_01,42.54,SMALL_DEAL,
2024-10-10,Tron-o-matic 2,WashingtonDC_01,42.54,SMALL_DEAL,
2024-10-10,Tron-o-matic 2,Atlanta_01,42.54,SMALL_DEAL,
2024-10-10,Tron-o-matic 2,Philadelphia_01,42.54,SMALL_DEAL,
2024-10-10,Tron-o-matic 2 Pro,Online_Store,76.5,None,
2024-10-10,Tron-o-matic 2 Pro,LosAngeles_01,76.5,None,
2024-10-10,Tron-o-matic 2 Pro,NewYork_01,76.5,None,
2024-10-10,Tron-o-matic 2 Pro,NewYork_02,76.5,None,
2024-10-10,Tron-o-matic 2 Pro,Chicago_01,76.5,None,
2024-10-10,Tron-o-matic 2 Pro,Dallas_01,76.5,None,
2024-10-10,Tron-o-matic 2 Pro,Houston_01,76.5,None,
2024-10-10,Tron-o-matic 2 Pro,WashingtonDC_01,76.5,None,
2024-10-10,Tron-o-matic 2 Pro,Atlanta_01,76.5,None,
2024-10-10,Tron-o-matic 2 Pro,Philadelphia_01,76.5,None,
2024-10-10,Tron-o-matic 3,Online_Store,46.88,SMALL_DEAL,
2024-10-10,Tron-o-matic 3,LosAngeles_01,46.88,SMALL_DEAL,
2024-10-10,Tron-o-matic 3,NewYork_01,46.88,SMALL_DEAL,
2024-10-10,Tron-o-matic 3,NewYork_02,46.88,SMALL_DEAL,
2024-10-10,Tron-o-matic 3,Chicago_01,46.88,SMALL_DEAL,
2024-10-10,Tron-o-matic 3,Dallas_01,46.88,SMALL_DEAL,
2024-10-10,Tron-o-matic 3,Houston_01,46.88,SMALL_DEAL,
2024-10-10,Tron-o-matic 3,WashingtonDC_01,46.88,SMALL_DEAL,
2024-10-10,Tron-o-matic 3,Atlanta_01,46.88,SMALL_DEAL,
2024-10-10,Tron-o-matic 3,Philadelphia_01,46.88,SMALL_DEAL,
2024-10-10,Tron-o-matic 3 Pro,Online_Store,81.0,None,
2024-10-10,Tron-o-matic 3 Pro,LosAngeles_01,81.0,None,
2024-10-10,Tron-o-matic 3 Pro,NewYork_01,81.0,None,
2024-10-10,Tron-o-matic 3 Pro,NewYork_02,81.0,None,
2024-10-10,Tron-o-matic 3 Pro,Chicago_01,81.0,None,
2024-10-10,Tron-o-matic 3 Pro,Dallas_01,81.0,None,
2024-10-10,Tron-o-matic 3 Pro,Houston_01,81.0,None,
2024-10-10,Tron-o-matic 3 Pro,WashingtonDC_01,81.0,None,
2024-10-10,Tron-o-matic 3 Pro,Atlanta_01,81.0,None,
2024-10-10,Tron-o-matic 3 Pro,Philadelphia_01,81.0,None,
2024-10-10,Tron-o-matic 4,Online_Store,67.5,None,
2024-10-10,Tron-o-matic 4,LosAngeles_01,67.5,None,
2024-10-10,Tron-o-matic 4,NewYork_01,67.5,None,
2024-10-10,Tron-o-matic 4,NewYork_02,67.5,None,
2024-10-10,Tron-o-matic 4,Chicago_01,67.5,None,
2024-10-10,Tron-o-matic 4,Dallas_01,67.5,None,
2024-10-10,Tron-o-matic 4,Houston_01,67.5,None,
2024-10-10,Tron-o-matic 4,WashingtonDC_01,67.5,None,
2024-10-10,Tron-o-matic 4,Atlanta_01,67.5,None,
2024-10-10,Tron-o-matic 4,Philadelphia_01,67.5,None,
2024-10-10,Tron-o-matic 4 Pro,Online_Store,84.52,SMALL_DEAL,
2024-10-10,Tron-o-matic 4 Pro,LosAngeles_01,84.52,SMALL_DEAL,
2024-10-10,Tron-o-matic 4 Pro,NewYork_01,84.52,SMALL_DEAL,
2024-10-10,Tron-o-matic 4 Pro,NewYork_02,84.52,SMALL_DEAL,
2024-10-10,Tron-o-matic 4 Pro,Chicago_01,84.52,SMALL_DEAL,
2024-10-10,Tron-o-matic 4 Pro,Dallas_01,84.52,SMALL_DEAL,
2024-10-10,Tron-o-matic 4 Pro,Houston_01,84.52,SMALL_DEAL,
2024-10-10,Tron-o-matic 4 Pro,WashingtonDC_01,84.52,SMALL_DEAL,
2024-10-10,Tron-o-matic 4 Pro,Atlanta_01,84.52,SMALL_DEAL,
2024-10-10,Tron-o-matic 4 Pro,Philadelphia_01,84.52,SMALL_DEAL,
2024-10-10,Tron-o-matic 5,Online_Store,72.0,None,
2024-10-10,Tron-o-matic 5,LosAngeles_01,72.0,None,
2024-10-10,Tron-o-matic 5,NewYork_01,72.0,None,
2024-10-10,Tron-o-matic 5,NewYork_02,72.0,None,
2024-10-10,Tron-o-matic 5,Chicago_01,72.0,None,
2024-10-10,Tron-o-matic 5,Dallas_01,72.0,None,
2024-10-10,Tron-o-matic 5,Houston_01,72.0,None,
2024-10-10,Tron-o-matic 5,WashingtonDC_01,72.0,None,
2024-10-10,Tron-o-matic 5,Atlanta_01,72.0,None,
2024-10-10,Tron-o-matic 5,Philadelphia_01,72.0,None,
2024-10-10,Tron-o-matic 5 Pro,Online_Store,93.95,SMALL_DEAL,
2024-10-10,Tron-o-matic 5 Pro,LosAngeles_01,93.95,SMALL_DEAL,
2024-10-10,Tron-o-matic 5 Pro,NewYork_01,93.95,SMALL_DEAL,
2024-10-10,Tron-o-matic 5 Pro,NewYork_02,93.95,SMALL_DEAL,
2024-10-10,Tron-o-matic 5 Pro,Chicago_01,93.95,SMALL_DEAL,
2024-10-10,Tron-o-matic 5 Pro,Dallas_01,93.95,SMALL_DEAL,
2024-10-10,Tron-o-matic 5 Pro,Houston_01,93.95,SMALL_DEAL,
2024-10-10,Tron-o-matic 5 Pro,WashingtonDC_01,93.95,SMALL_DEAL,
2024-10-10,Tron-o-matic 5 Pro,Atlanta_01,93.95,SMALL_DEAL,
2024-10-10,Tron-o-matic 5 Pro,Philadelphia_01,93.95,SMALL_DEAL,
2024-10-11,Tron-o-matic 1,Online_Store,54.0,None,
2024-10-11,Tron-o-matic 1,LosAngeles_01,54.0,None,
2024-10-11,Tron-o-matic 1,NewYork_01,54.0,None,
2024-10-11,Tron-o-matic 1,NewYork_02,54.0,None,
2024-10-11,Tron-o-matic 1,Chicago_01,54.0,None,
2024-10-11,Tron-o-matic 1,Dallas_01,54.0,None,
2024-10-11,Tron-o-matic 1,Houston_01,54.0,None,
2024-10-11,Tron-o-matic 1,WashingtonDC_01,54.0,None,
2024-10-11,Tron-o-matic 1,Atlanta_01,54.0,None,
2024-10-11,Tron-o-matic 1,Philadelphia_01,54.0,None,
2024-10-11,Tron-o-matic 1 Pro,Online_Store,57.19,BIG_DEAL,
2024-10-11,Tron-o-matic 1 Pro,LosAngeles_01,57.19,BIG_DEAL,
2024-10-11,Tron-o-matic 1 Pro,NewYork_01,57.19,BIG_DEAL,
2024-10-11,Tron-o-matic 1 Pro,NewYork_02,57.19,BIG_DEAL,
2024-10-11,Tron-o-matic 1 Pro,Chicago_01,57.19,BIG_DEAL,
2024-10-11,Tron-o-matic 1 Pro,Dallas_01,57.19,BIG_DEAL,
2024-10-11,Tron-o-matic 1 Pro,Houston_01,57.19,BIG_DEAL,
2024-10-11,Tron-o-matic 1 Pro,WashingtonDC_01,57.19,BIG_DEAL,
2024-10-11,Tron-o-matic 1 Pro,Atlanta_01,57.19,BIG_DEAL,
2024-10-11,Tron-o-matic 1 Pro,Philadelphia_01,57.19,BIG_DEAL,
2024-10-11,Tron-o-matic 2,Online_Store,34.92,BIG_DEAL,
2024-10-11,Tron-o-matic 2,LosAngeles_01,34.92,BIG_DEAL,
2024-10-11,Tron-o-matic 2,NewYork_01,34.92,BIG_DEAL,
2024-10-11,Tron-o-matic 2,NewYork_02,34.92,BIG_DEAL,
2024-10-11,Tron-o-matic 2,Chicago_01,34.92,BIG_DEAL,
2024-10-11,Tron-o-matic 2,Dallas_01,34.92,BIG_DEAL,
2024-10-11,Tron-o-matic 2,Houston_01,34.92,BIG_DEAL,
2024-10-11,Tron-o-matic 2,WashingtonDC_01,34.92,BIG_DEAL,
2024-10-11,Tron-o-matic 2,Atlanta_01,34.92,BIG_DEAL,
2024-10-11,Tron-o-matic 2,Philadelphia_01,34.92,BIG_DEAL,
2024-10-11,Tron-o-matic 2 Pro,Online_Store,72.19,SMALL_DEAL,
2024-10-11,Tron-o-matic 2 Pro,LosAngeles_01,72.19,SMALL_DEAL,
2024-10-11,Tron-o-matic 2 Pro,NewYork_01,72.19,SMALL_DEAL,
2024-10-11,Tron-o-matic 2 Pro,NewYork_02,72.19,SMALL_DEAL,
2024-10-11,Tron-o-matic 2 Pro,Chicago_01,72.19,SMALL_DEAL,
2024-10-11,Tron-o-matic 2 Pro,Dallas_01,72.19,SMALL_DEAL,
2024-10-11,Tron-o-matic 2 Pro,Houston_01,72.19,SMALL_DEAL,
2024-10-11,Tron-o-matic 2 Pro,WashingtonDC_01,72.19,SMALL_DEAL,
2024-10-11,Tron-o-matic 2 Pro,Atlanta_01,72.19,SMALL_DEAL,
2024-10-11,Tron-o-matic 2 Pro,Philadelphia_01,72.19,SMALL_DEAL,
2024-10-11,Tron-o-matic 3,Online_Store,38.99,BIG_DEAL,
2024-10-11,Tron-o-matic 3,LosAngeles_01,38.99,BIG_DEAL,
2024-10-11,Tron-o-matic 3,NewYork_01,38.99,BIG_DEAL,
2024-10-11,Tron-o-matic 3,NewYork_02,38.99,BIG_DEAL,
2024-10-11,Tron-o-matic 3,Chicago_01,38.99,BIG_DEAL,
2024-10-11,Tron-o-matic 3,Dallas_01,38.99,BIG_DEAL,
2024-10-11,Tron-o-matic 3,Houston_01,38.99,BIG_DEAL,
2024-10-11,Tron-o-matic 3,WashingtonDC_01,38.99,BIG_DEAL,
2024-10-11,Tron-o-matic 3,Atlanta_01,38.99,BIG_DEAL,
2024-10-11,Tron-o-matic 3,Philadelphia_01,38.99,BIG_DEAL,
2024-10-11,Tron-o-matic 3 Pro,Online_Store,81.0,None,
2024-10-11,Tron-o-matic 3 Pro,LosAngeles_01,81.0,None,
2024-10-11,Tron-o-matic 3 Pro,NewYork_01,81.0,None,
2024-10-11,Tron-o-matic 3 Pro,NewYork_02,81.0,None,
2024-10-11,Tron-o-matic 3 Pro,Chicago_01,81.0,None,
2024-10-11,Tron-o-matic 3 Pro,Dallas_01,81.0,None,
2024-10-11,Tron-o-matic 3 Pro,Houston_01,81.0,None,
2024-10-11,Tron-o-matic 3 Pro,WashingtonDC_01,81.0,None,
2024-10-11,Tron-o-matic 3 Pro,Atlanta_01,81.0,None,
2024-10-11,Tron-o-matic 3 Pro,Philadelphia_01,81.0,None,
2024-10-11,Tron-o-matic 4,Online_Store,67.5,None,
2024-10-11,Tron-o-matic 4,LosAngeles_01,67.5,None,
2024-10-11,Tron-o-matic 4,NewYork_01,67.5,None,
2024-10-11,Tron-o-matic 4,NewYork_02,67.5,None,
2024-10-11,Tron-o-matic 4,Chicago_01,67.5,None,
2024-10-11,Tron-o-matic 4,Dallas_01,67.5,None,
2024-10-11,Tron-o-matic 4,Houston_01,67.5,None,
2024-10-11,Tron-o-matic 4,WashingtonDC_01,67.5,None,
2024-10-11,Tron-o-matic 4,Atlanta_01,67.5,None,
2024-10-11,Tron-o-matic 4,Philadelphia_01,67.5,None,
2024-10-11,Tron-o-matic 4 Pro,Online_Store,90.0,None,
2024-10-11,Tron-o-matic 4 Pro,LosAngeles_01,90.0,None,
2024-10-11,Tron-o-matic 4 Pro,NewYork_01,90.0,None,
2024-10-11,Tron-o-matic 4 Pro,NewYork_02,90.0,None,
2024-10-11,Tron-o-matic 4 Pro,Chicago_01,90.0,None,
2024-10-11,Tron-o-matic 4 Pro,Dallas_01,90.0,None,
2024-10-11,Tron-o-matic 4 Pro,Houston_01,90.0,None,
2024-10-11,Tron-o-matic 4 Pro,WashingtonDC_01,90.0,None,
2024-10-11,Tron-o-matic 4 Pro,Atlanta_01,90.0,None,
2024-10-11,Tron-o-matic 4 Pro,Philadelphia_01,90.0,None,
2024-10-11,Tron-o-matic 5,Online_Store,57.57,BIG_DEAL,
2024-10-11,Tron-o-matic 5,LosAngeles_01,57.57,BIG_DEAL,
2024-10-11,Tron-o-matic 5,NewYork_01,57.57,BIG_DEAL,
2024-10-11,Tron-o-matic 5,NewYork_02,57.57,BIG_DEAL,
2024-10-11,Tron-o-matic 5,Chicago_01,57.57,BIG_DEAL,
2024-10-11,Tron-o-matic 5,Dallas_01,57.57,BIG_DEAL,
2024-10-11,Tron-o-matic 5,Houston_01,57.57,BIG_DEAL,
2024-10-11,Tron-o-matic 5,WashingtonDC_01,57.57,BIG_DEAL,
2024-10-11,Tron-o-matic 5,Atlanta_01,57.57,BIG_DEAL,
2024-10-11,Tron-o-matic 5,Philadelphia_01,57.57,BIG_DEAL,
2024-10-11,Tron-o-matic 5 Pro,Online_Store,99.0,None,
2024-10-11,Tron-o-matic 5 Pro,LosAngeles_01,99.0,None,
2024-10-11,Tron-o-matic 5 Pro,NewYork_01,99.0,None,
2024-10-11,Tron-o-matic 5 Pro,NewYork_02,99.0,None,
2024-10-11,Tron-o-matic 5 Pro,Chicago_01,99.0,None,
2024-10-11,Tron-o-matic 5 Pro,Dallas_01,99.0,None,
2024-10-11,Tron-o-matic 5 Pro,Houston_01,99.0,None,
2024-10-11,Tron-o-matic 5 Pro,WashingtonDC_01,99.0,None,
2024-10-11,Tron-o-matic 5 Pro,Atlanta_01,99.0,None,
2024-10-11,Tron-o-matic 5 Pro,Philadelphia_01,99.0,None,
2024-10-12,Tron-o-matic 1,Online_Store,49.46,SMALL_DEAL,
2024-10-12,Tron-o-matic 1,LosAngeles_01,49.46,SMALL_DEAL,
2024-10-12,Tron-o-matic 1,NewYork_01,49.46,SMALL_DEAL,
2024-10-12,Tron-o-matic 1,NewYork_02,49.46,SMALL_DEAL,
2024-10-12,Tron-o-matic 1,Chicago_01,49.46,SMALL_DEAL,
2024-10-12,Tron-o-matic 1,Dallas_01,49.46,SMALL_DEAL,
2024-10-12,Tron-o-matic 1,Houston_01,49.46,SMALL_DEAL,
2024-10-12,Tron-o-matic 1,WashingtonDC_01,49.46,SMALL_DEAL,
2024-10-12,Tron-o-matic 1,Atlanta_01,49.46,SMALL_DEAL,
2024-10-12,Tron-o-matic 1,Philadelphia_01,49.46,SMALL_DEAL,
2024-10-12,Tron-o-matic 1 Pro,Online_Store,72.0,None,
2024-10-12,Tron-o-matic 1 Pro,LosAngeles_01,72.0,None,
2024-10-12,Tron-o-matic 1 Pro,NewYork_01,72.0,None,
2024-10-12,Tron-o-matic 1 Pro,NewYork_02,72.0,None,
2024-10-12,Tron-o-matic 1 Pro,Chicago_01,72.0,None,
2024-10-12,Tron-o-matic 1 Pro,Dallas_01,72.0,None,
2024-10-12,Tron-o-matic 1 Pro,Houston_01,72.0,None,
2024-10-12,Tron-o-matic 1 Pro,WashingtonDC_01,72.0,None,
2024-10-12,Tron-o-matic 1 Pro,Atlanta_01,72.0,None,
2024-10-12,Tron-o-matic 1 Pro,Philadelphia_01,72.0,None,
2024-10-12,Tron-o-matic 2,Online_Store,49.5,None,
2024-10-12,Tron-o-matic 2,LosAngeles_01,49.5,None,
2024-10-12,Tron-o-matic 2,NewYork_01,49.5,None,
2024-10-12,Tron-o-matic 2,NewYork_02,49.5,None,
2024-10-12,Tron-o-matic 2,Chicago_01,49.5,None,
2024-10-12,Tron-o-matic 2,Dallas_01,49.5,None,
2024-10-12,Tron-o-matic 2,Houston_01,49.5,None,
2024-10-12,Tron-o-matic 2,WashingtonDC_01,49.5,None,
2024-10-12,Tron-o-matic 2,Atlanta_01,49.5,None,
2024-10-12,Tron-o-matic 2,Philadelphia_01,49.5,None,
2024-10-12,Tron-o-matic 2 Pro,Online_Store,76.5,None,
2024-10-12,Tron-o-matic 2 Pro,LosAngeles_01,76.5,None,
2024-10-12,Tron-o-matic 2 Pro,NewYork_01,76.5,None,
2024-10-12,Tron-o-matic 2 Pro,NewYork_02,76.5,None,
2024-10-12,Tron-o-matic 2 Pro,Chicago_01,76.5,None,
2024-10-12,Tron-o-matic 2 Pro,Dallas_01,76.5,None,
2024-10-12,Tron-o-matic 2 Pro,Houston_01,76.5,None,
2024-10-12,Tron-o-matic 2 Pro,WashingtonDC_01,76.5,None,
2024-10-12,Tron-o-matic 2 Pro,Atlanta_01,76.5,None,
2024-10-12,Tron-o-matic 2 Pro,Philadelphia_01,76.5,None,
2024-10-12,Tron-o-matic 3,Online_Store,54.0,None,
2024-10-12,Tron-o-matic 3,LosAngeles_01,54.0,None,
2024-10-12,Tron-o-matic 3,NewYork_01,54.0,None,
2024-10-12,Tron-o-matic 3,NewYork_02,54.0,None,
2024-10-12,Tron-o-matic 3,Chicago_01,54.0,None,
2024-10-12,Tron-o-matic 3,Dallas_01,54.0,None,
2024-10-12,Tron-o-matic 3,Houston_01,54.0,None,
2024-10-12,Tron-o-matic 3,WashingtonDC_01,54.0,None,
2024-10-12,Tron-o-matic 3,Atlanta_01,54.0,None,
2024-10-12,Tron-o-matic 3,Philadelphia_01,54.0,None,
2024-10-12,Tron-o-matic 3 Pro,Online_Store,81.0,None,
2024-10-12,Tron-o-matic 3 Pro,LosAngeles_01,81.0,None,
2024-10-12,Tron-o-matic 3 Pro,NewYork_01,81.0,None,
2024-10-12,Tron-o-matic 3 Pro,NewYork_02,81.0,None,
2024-10-12,Tron-o-matic 3 Pro,Chicago_01,81.0,None,
2024-10-12,Tron-o-matic 3 Pro,Dallas_01,81.0,None,
2024-10-12,Tron-o-matic 3 Pro,Houston_01,81.0,None,
2024-10-12,Tron-o-matic 3 Pro,WashingtonDC_01,81.0,None,
2024-10-12,Tron-o-matic 3 Pro,Atlanta_01,81.0,None,
2024-10-12,Tron-o-matic 3 Pro,Philadelphia_01,81.0,None,
2024-10-12,Tron-o-matic 4,Online_Store,60.26,SMALL_DEAL,
2024-10-12,Tron-o-matic 4,LosAngeles_01,60.26,SMALL_DEAL,
2024-10-12,Tron-o-matic 4,NewYork_01,60.26,SMALL_DEAL,
2024-10-12,Tron-o-matic 4,NewYork_02,60.26,SMALL_DEAL,
2024-10-12,Tron-o-matic 4,Chicago_01,60.26,SMALL_DEAL,
2024-10-12,Tron-o-matic 4,Dallas_01,60.26,SMALL_DEAL,
2024-10-12,Tron-o-matic 4,Houston_01,60.26,SMALL_DEAL,
2024-10-12,Tron-o-matic 4,WashingtonDC_01,60.26,SMALL_DEAL,
2024-10-12,Tron-o-matic 4,Atlanta_01,60.26,SMALL_DEAL,
2024-10-12,Tron-o-matic 4,Philadelphia_01,60.26,SMALL_DEAL,
2024-10-12,Tron-o-matic 4 Pro,Online_Store,83.54,SMALL_DEAL,
2024-10-12,Tron-o-matic 4 Pro,LosAngeles_01,83.54,SMALL_DEAL,
2024-10-12,Tron-o-matic 4 Pro,NewYork_01,83.54,SMALL_DEAL,
2024-10-12,Tron-o-matic 4 Pro,NewYork_02,83.54,SMALL_DEAL,
2024-10-12,Tron-o-matic 4 Pro,Chicago_01,83.54,SMALL_DEAL,
2024-10-12,Tron-o-matic 4 Pro,Dallas_01,83.54,SMALL_DEAL,
2024-10-12,Tron-o-matic 4 Pro,Houston_01,83.54,SMALL_DEAL,
2024-10-12,Tron-o-matic 4 Pro,WashingtonDC_01,83.54,SMALL_DEAL,
2024-10-12,Tron-o-matic 4 Pro,Atlanta_01,83.54,SMALL_DEAL,
2024-10-12,Tron-o-matic 4 Pro,Philadelphia_01,83.54,SMALL_DEAL,
2024-10-12,Tron-o-matic 5,Online_Store,72.0,None,
2024-10-12,Tron-o-matic 5,LosAngeles_01,72.0,None,
2024-10-12,Tron-o-matic 5,NewYork_01,72.0,None,
2024-10-12,Tron-o-matic 5,NewYork_02,72.0,None,
2024-10-12,Tron-o-matic 5,Chicago_01,72.0,None,
2024-10-12,Tron-o-matic 5,Dallas_01,72.0,None,
2024-10-12,Tron-o-matic 5,Houston_01,72.0,None,
2024-10-12,Tron-o-matic 5,WashingtonDC_01,72.0,None,
2024-10-12,Tron-o-matic 5,Atlanta_01,72.0,None,
2024-10-12,Tron-o-matic 5,Philadelphia_01,72.0,None,
2024-10-12,Tron-o-matic 5 Pro,Online_Store,99.0,None,
2024-10-12,Tron-o-matic 5 Pro,LosAngeles_01,99.0,None,
2024-10-12,Tron-o-matic 5 Pro,NewYork_01,99.0,None,
2024-10-12,Tron-o-matic 5 Pro,NewYork_02,99.0,None,
2024-10-12,Tron-o-matic 5 Pro,Chicago_01,99.0,None,
2024-10-12,Tron-o-matic 5 Pro,Dallas_01,99.0,None,
2024-10-12,Tron-o-matic 5 Pro,Houston_01,99.0,None,
2024-10-12,Tron-o-matic 5 Pro,WashingtonDC_01,99.0,None,
2024-10-12,Tron-o-matic 5 Pro,Atlanta_01,99.0,None,
2024-10-12,Tron-o-matic 5 Pro,Philadelphia_01,99.0,None,
2024-10-13,Tron-o-matic 1,Online_Store,54.0,None,
2024-10-13,Tron-o-matic 1,LosAngeles_01,54.0,None,
2024-10-13,Tron-o-matic 1,NewYork_01,54.0,None,
2024-10-13,Tron-o-matic 1,NewYork_02,54.0,None,
2024-10-13,Tron-o-matic 1,Chicago_01,54.0,None,
2024-10-13,Tron-o-matic 1,Dallas_01,54.0,None,
2024-10-13,Tron-o-matic 1,Houston_01,54.0,None,
2024-10-13,Tron-o-matic 1,WashingtonDC_01,54.0,None,
2024-10-13,Tron-o-matic 1,Atlanta_01,54.0,None,
2024-10-13,Tron-o-matic 1,Philadelphia_01,54.0,None,
2024-10-13,Tron-o-matic 1 Pro,Online_Store,54.71,BIG_DEAL,
2024-10-13,Tron-o-matic 1 Pro,LosAngeles_01,54.71,BIG_DEAL,
2024-10-13,Tron-o-matic 1 Pro,NewYork_01,54.71,BIG_DEAL,
2024-10-13,Tron-o-matic 1 Pro,NewYork_02,54.71,BIG_DEAL,
2024-10-13,Tron-o-matic 1 Pro,Chicago_01,54.71,BIG_DEAL,
2024-10-13,Tron-o-matic 1 Pro,Dallas_01,54.71,BIG_DEAL,
2024-10-13,Tron-o-matic 1 Pro,Houston_01,54.71,BIG_DEAL,
2024-10-13,Tron-o-matic 1 Pro,WashingtonDC_01,54.71,BIG_DEAL,
2024-10-13,Tron-o-matic 1 Pro,Atlanta_01,54.71,BIG_DEAL,
2024-10-13,Tron-o-matic 1 Pro,Philadelphia_01,54.71,BIG_DEAL,
2024-10-13,Tron-o-matic 2,Online_Store,49.5,None,
2024-10-13,Tron-o-matic 2,LosAngeles_01,49.5,None,
2024-10-13,Tron-o-matic 2,NewYork_01,49.5,None,
2024-10-13,Tron-o-matic 2,NewYork_02,49.5,None,
2024-10-13,Tron-o-matic 2,Chicago_01,49.5,None,
2024-10-13,Tron-o-matic 2,Dallas_01,49.5,None,
2024-10-13,Tron-o-matic 2,Houston_01,49.5,None,
2024-10-13,Tron-o-matic 2,WashingtonDC_01,49.5,None,
2024-10-13,Tron-o-matic 2,Atlanta_01,49.5,None,
2024-10-13,Tron-o-matic 2,Philadelphia_01,49.5,None,
2024-10-13,Tron-o-matic 2 Pro,Online_Store,76.5,None,
2024-10-13,Tron-o-matic 2 Pro,LosAngeles_01,76.5,None,
2024-10-13,Tron-o-matic 2 Pro,NewYork_01,76.5,None,
2024-10-13,Tron-o-matic 2 Pro,NewYork_02,76.5,None,
2024-10-13,Tron-o-matic 2 Pro,Chicago_01,76.5,None,
2024-10-13,Tron-o-matic 2 Pro,Dallas_01,76.5,None,
2024-10-13,Tron-o-matic 2 Pro,Houston_01,76.5,None,
2024-10-13,Tron-o-matic 2 Pro,WashingtonDC_01,76.5,None,
2024-10-13,Tron-o-matic 2 Pro,Atlanta_01,76.5,None,
2024-10-13,Tron-o-matic 2 Pro,Philadelphia_01,76.5,None,
2024-10-13,Tron-o-matic 3,Online_Store,54.0,None,
2024-10-13,Tron-o-matic 3,LosAngeles_01,54.0,None,
2024-10-13,Tron-o-matic 3,NewYork_01,54.0,None,
2024-10-13,Tron-o-matic 3,NewYork_02,54.0,None,
2024-10-13,Tron-o-matic 3,Chicago_01,54.0,None,
2024-10-13,Tron-o-matic 3,Dallas_01,54.0,None,
2024-10-13,Tron-o-matic 3,Houston_01,54.0,None,
2024-10-13,Tron-o-matic 3,WashingtonDC_01,54.0,None,
2024-10-13,Tron-o-matic 3,Atlanta_01,54.0,None,
2024-10-13,Tron-o-matic 3,Philadelphia_01,54.0,None,
2024-10-13,Tron-o-matic 3 Pro,Online_Store,81.0,None,
2024-10-13,Tron-o-matic 3 Pro,LosAngeles_01,81.0,None,
2024-10-13,Tron-o-matic 3 Pro,NewYork_01,81.0,None,
2024-10-13,Tron-o-matic 3 Pro,NewYork_02,81.0,None,
2024-10-13,Tron-o-matic 3 Pro,Chicago_01,81.0,None,
2024-10-13,Tron-o-matic 3 Pro,Dallas_01,81.0,None,
2024-10-13,Tron-o-matic 3 Pro,Houston_01,81.0,None,
2024-10-13,Tron-o-matic 3 Pro,WashingtonDC_01,81.0,None,
2024-10-13,Tron-o-matic 3 Pro,Atlanta_01,81.0,None,
2024-10-13,Tron-o-matic 3 Pro,Philadelphia_01,81.0,None,
2024-10-13,Tron-o-matic 4,Online_Store,67.5,None,
2024-10-13,Tron-o-matic 4,LosAngeles_01,67.5,None,
2024-10-13,Tron-o-matic 4,NewYork_01,67.5,None,
2024-10-13,Tron-o-matic 4,NewYork_02,67.5,None,
2024-10-13,Tron-o-matic 4,Chicago_01,67.5,None,
2024-10-13,Tron-o-matic 4,Dallas_01,67.5,None,
2024-10-13,Tron-o-matic 4,Houston_01,67.5,None,
2024-10-13,Tron-o-matic 4,WashingtonDC_01,67.5,None,
2024-10-13,Tron-o-matic 4,Atlanta_01,67.5,None,
2024-10-13,Tron-o-matic 4,Philadelphia_01,67.5,None,
2024-10-13,Tron-o-matic 4 Pro,Online_Store,77.19,SMALL_DEAL,
2024-10-13,Tron-o-matic 4 Pro,LosAngeles_01,77.19,SMALL_DEAL,
2024-10-13,Tron-o-matic 4 Pro,NewYork_01,77.19,SMALL_DEAL,
2024-10-13,Tron-o-matic 4 Pro,NewYork_02,77.19,SMALL_DEAL,
2024-10-13,Tron-o-matic 4 Pro,Chicago_01,77.19,SMALL_DEAL,
2024-10-13,Tron-o-matic 4 Pro,Dallas_01,77.19,SMALL_DEAL,
2024-10-13,Tron-o-matic 4 Pro,Houston_01,77.19,SMALL_DEAL,
2024-10-13,Tron-o-matic 4 Pro,WashingtonDC_01,77.19,SMALL_DEAL,
2024-10-13,Tron-o-matic 4 Pro,Atlanta_01,77.19,SMALL_DEAL,
2024-10-13,Tron-o-matic 4 Pro,Philadelphia_01,77.19,SMALL_DEAL,
2024-10-13,Tron-o-matic 5,Online_Store,63.29,SMALL_DEAL,
2024-10-13,Tron-o-matic 5,LosAngeles_01,63.29,SMALL_DEAL,
2024-10-13,Tron-o-matic 5,NewYork_01,63.29,SMALL_DEAL,
2024-10-13,Tron-o-matic 5,NewYork_02,63.29,SMALL_DEAL,
2024-10-13,Tron-o-matic 5,Chicago_01,63.29,SMALL_DEAL,
2024-10-13,Tron-o-matic 5,Dallas_01,63.29,SMALL_DEAL,
2024-10-13,Tron-o-matic 5,Houston_01,63.29,SMALL_DEAL,
2024-10-13,Tron-o-matic 5,WashingtonDC_01,63.29,SMALL_DEAL,
2024-10-13,Tron-o-matic 5,Atlanta_01,63.29,SMALL_DEAL,
2024-10-13,Tron-o-matic 5,Philadelphia_01,63.29,SMALL_DEAL,
2024-10-13,Tron-o-matic 5 Pro,Online_Store,99.0,None,
2024-10-13,Tron-o-matic 5 Pro,LosAngeles_01,99.0,None,
2024-10-13,Tron-o-matic 5 Pro,NewYork_01,99.0,None,
2024-10-13,Tron-o-matic 5 Pro,NewYork_02,99.0,None,
2024-10-13,Tron-o-matic 5 Pro,Chicago_01,99.0,None,
2024-10-13,Tron-o-matic 5 Pro,Dallas_01,99.0,None,
2024-10-13,Tron-o-matic 5 Pro,Houston_01,99.0,None,
2024-10-13,Tron-o-matic 5 Pro,WashingtonDC_01,99.0,None,
2024-10-13,Tron-o-matic 5 Pro,Atlanta_01,99.0,None,
2024-10-13,Tron-o-matic 5 Pro,Philadelphia_01,99.0,None,
2024-10-14,Tron-o-matic 1,Online_Store,54.0,None,
2024-10-14,Tron-o-matic 1,LosAngeles_01,54.0,None,
2024-10-14,Tron-o-matic 1,NewYork_01,54.0,None,
2024-10-14,Tron-o-matic 1,NewYork_02,54.0,None,
2024-10-14,Tron-o-matic 1,Chicago_01,54.0,None,
2024-10-14,Tron-o-matic 1,Dallas_01,54.0,None,
2024-10-14,Tron-o-matic 1,Houston_01,54.0,None,
2024-10-14,Tron-o-matic 1,WashingtonDC_01,54.0,None,
2024-10-14,Tron-o-matic 1,Atlanta_01,54.0,None,
2024-10-14,Tron-o-matic 1,Philadelphia_01,54.0,None,
2024-10-14,Tron-o-matic 1 Pro,Online_Store,72.0,None,
2024-10-14,Tron-o-matic 1 Pro,LosAngeles_01,72.0,None,
2024-10-14,Tron-o-matic 1 Pro,NewYork_01,72.0,None,
2024-10-14,Tron-o-matic 1 Pro,NewYork_02,72.0,None,
2024-10-14,Tron-o-matic 1 Pro,Chicago_01,72.0,None,
2024-10-14,Tron-o-matic 1 Pro,Dallas_01,72.0,None,
2024-10-14,Tron-o-matic 1 Pro,Houston_01,72.0,None,
2024-10-14,Tron-o-matic 1 Pro,WashingtonDC_01,72.0,None,
2024-10-14,Tron-o-matic 1 Pro,Atlanta_01,72.0,None,
2024-10-14,Tron-o-matic 1 Pro,Philadelphia_01,72.0,None,
2024-10-14,Tron-o-matic 2,Online_Store,49.5,None,
2024-10-14,Tron-o-matic 2,LosAngeles_01,49.5,None,
2024-10-14,Tron-o-matic 2,NewYork_01,49.5,None,
2024-10-14,Tron-o-matic 2,NewYork_02,49.5,None,
2024-10-14,Tron-o-matic 2,Chicago_01,49.5,None,
2024-10-14,Tron-o-matic 2,Dallas_01,49.5,None,
2024-10-14,Tron-o-matic 2,Houston_01,49.5,None,
2024-10-14,Tron-o-matic 2,WashingtonDC_01,49.5,None,
2024-10-14,Tron-o-matic 2,Atlanta_01,49.5,None,
2024-10-14,Tron-o-matic 2,Philadelphia_01,49.5,None,
2024-10-14,Tron-o-matic 2 Pro,Online_Store,76.5,None,
2024-10-14,Tron-o-matic 2 Pro,LosAngeles_01,76.5,None,
2024-10-14,Tron-o-matic 2 Pro,NewYork_01,76.5,None,
2024-10-14,Tron-o-matic 2 Pro,NewYork_02,76.5,None,
2024-10-14,Tron-o-matic 2 Pro,Chicago_01,76.5,None,
2024-10-14,Tron-o-matic 2 Pro,Dallas_01,76.5,None,
2024-10-14,Tron-o-matic 2 Pro,Houston_01,76.5,None,
2024-10-14,Tron-o-matic 2 Pro,WashingtonDC_01,76.5,None,
2024-10-14,Tron-o-matic 2 Pro,Atlanta_01,76.5,None,
2024-10-14,Tron-o-matic 2 Pro,Philadelphia_01,76.5,None,
2024-10-14,Tron-o-matic 3,Online_Store,38.1,BIG_DEAL,
2024-10-14,Tron-o-matic 3,LosAngeles_01,38.1,BIG_DEAL,
2024-10-14,Tron-o-matic 3,NewYork_01,38.1,BIG_DEAL,
2024-10-14,Tron-o-matic 3,NewYork_02,38.1,BIG_DEAL,
2024-10-14,Tron-o-matic 3,Chicago_01,38.1,BIG_DEAL,
2024-10-14,Tron-o-matic 3,Dallas_01,38.1,BIG_DEAL,
2024-10-14,Tron-o-matic 3,Houston_01,38.1,BIG_DEAL,
2024-10-14,Tron-o-matic 3,WashingtonDC_01,38.1,BIG_DEAL,
2024-10-14,Tron-o-matic 3,Atlanta_01,38.1,BIG_DEAL,
2024-10-14,Tron-o-matic 3,Philadelphia_01,38.1,BIG_DEAL,
2024-10-14,Tron-o-matic 3 Pro,Online_Store,81.0,None,
2024-10-14,Tron-o-matic 3 Pro,LosAngeles_01,81.0,None,
2024-10-14,Tron-o-matic 3 Pro,NewYork_01,81.0,None,
2024-10-14,Tron-o-matic 3 Pro,NewYork_02,81.0,None,
2024-10-14,Tron-o-matic 3 Pro,Chicago_01,81.0,None,
2024-10-14,Tron-o-matic 3 Pro,Dallas_01,81.0,None,
2024-10-14,Tron-o-matic 3 Pro,Houston_01,81.0,None,
2024-10-14,Tron-o-matic 3 Pro,WashingtonDC_01,81.0,None,
2024-10-14,Tron-o-matic 3 Pro,Atlanta_01,81.0,None,
2024-10-14,Tron-o-matic 3 Pro,Philadelphia_01,81.0,None,
2024-10-14,Tron-o-matic 4,Online_Store,60.87,SMALL_DEAL,
2024-10-14,Tron-o-matic 4,LosAngeles_01,60.87,SMALL_DEAL,
2024-10-14,Tron-o-matic 4,NewYork_01,60.87,SMALL_DEAL,
2024-10-14,Tron-o-matic 4,NewYork_02,60.87,SMALL_DEAL,
2024-10-14,Tron-o-matic 4,Chicago_01,60.87,SMALL_DEAL,
2024-10-14,Tron-o-matic 4,Dallas_01,60.87,SMALL_DEAL,
2024-10-14,Tron-o-matic 4,Houston_01,60.87,SMALL_DEAL,
2024-10-14,Tron-o-matic 4,WashingtonDC_01,60.87,SMALL_DEAL,
2024-10-14,Tron-o-matic 4,Atlanta_01,60.87,SMALL_DEAL,
2024-10-14,Tron-o-matic 4,Philadelphia_01,60.87,SMALL_DEAL,
2024-10-14,Tron-o-matic 4 Pro,Online_Store,69.93,BIG_DEAL,
2024-10-14,Tron-o-matic 4 Pro,LosAngeles_01,69.93,BIG_DEAL,
2024-10-14,Tron-o-matic 4 Pro,NewYork_01,69.93,BIG_DEAL,
2024-10-14,Tron-o-matic 4 Pro,NewYork_02,69.93,BIG_DEAL,
2024-10-14,Tron-o-matic 4 Pro,Chicago_01,69.93,BIG_DEAL,
2024-10-14,Tron-o-matic 4 Pro,Dallas_01,69.93,BIG_DEAL,
2024-10-14,Tron-o-matic 4 Pro,Houston_01,69.93,BIG_DEAL,
2024-10-14,Tron-o-matic 4 Pro,WashingtonDC_01,69.93,BIG_DEAL,
2024-10-14,Tron-o-matic 4 Pro,Atlanta_01,69.93,BIG_DEAL,
2024-10-14,Tron-o-matic 4 Pro,Philadelphia_01,69.93,BIG_DEAL,
2024-10-14,Tron-o-matic 5,Online_Store,72.0,None,
2024-10-14,Tron-o-matic 5,LosAngeles_01,72.0,None,
2024-10-14,Tron-o-matic 5,NewYork_01,72.0,None,
2024-10-14,Tron-o-matic 5,NewYork_02,72.0,None,
2024-10-14,Tron-o-matic 5,Chicago_01,72.0,None,
2024-10-14,Tron-o-matic 5,Dallas_01,72.0,None,
2024-10-14,Tron-o-matic 5,Houston_01,72.0,None,
2024-10-14,Tron-o-matic 5,WashingtonDC_01,72.0,None,
2024-10-14,Tron-o-matic 5,Atlanta_01,72.0,None,
2024-10-14,Tron-o-matic 5,Philadelphia_01,72.0,None,
2024-10-14,Tron-o-matic 5 Pro,Online_Store,99.0,None,
2024-10-14,Tron-o-matic 5 Pro,LosAngeles_01,99.0,None,
2024-10-14,Tron-o-matic 5 Pro,NewYork_01,99.0,None,
2024-10-14,Tron-o-matic 5 Pro,NewYork_02,99.0,None,
2024-10-14,Tron-o-matic 5 Pro,Chicago_01,99.0,None,
2024-10-14,Tron-o-matic 5 Pro,Dallas_01,99.0,None,
2024-10-14,Tron-o-matic 5 Pro,Houston_01,99.0,None,
2024-10-14,Tron-o-matic 5 Pro,WashingtonDC_01,99.0,None,
2024-10-14,Tron-o-matic 5 Pro,Atlanta_01,99.0,None,
2024-10-14,Tron-o-matic 5 Pro,Philadelphia_01,99.0,None,
2024-10-15,Tron-o-matic 1,Online_Store,54.0,None,
2024-10-15,Tron-o-matic 1,LosAngeles_01,54.0,None,
2024-10-15,Tron-o-matic 1,NewYork_01,54.0,None,
2024-10-15,Tron-o-matic 1,NewYork_02,54.0,None,
2024-10-15,Tron-o-matic 1,Chicago_01,54.0,None,
2024-10-15,Tron-o-matic 1,Dallas_01,54.0,None,
2024-10-15,Tron-o-matic 1,Houston_01,54.0,None,
2024-10-15,Tron-o-matic 1,WashingtonDC_01,54.0,None,
2024-10-15,Tron-o-matic 1,Atlanta_01,54.0,None,
2024-10-15,Tron-o-matic 1,Philadelphia_01,54.0,None,
2024-10-15,Tron-o-matic 1 Pro,Online_Store,72.0,None,
2024-10-15,Tron-o-matic 1 Pro,LosAngeles_01,72.0,None,
2024-10-15,Tron-o-matic 1 Pro,NewYork_01,72.0,None,
2024-10-15,Tron-o-matic 1 Pro,NewYork_02,72.0,None,
2024-10-15,Tron-o-matic 1 Pro,Chicago_01,72.0,None,
2024-10-15,Tron-o-matic 1 Pro,Dallas_01,72.0,None,
2024-10-15,Tron-o-matic 1 Pro,Houston_01,72.0,None,
2024-10-15,Tron-o-matic 1 Pro,WashingtonDC_01,72.0,None,
2024-10-15,Tron-o-matic 1 Pro,Atlanta_01,72.0,None,
2024-10-15,Tron-o-matic 1 Pro,Philadelphia_01,72.0,None,
2024-10-15,Tron-o-matic 2,Online_Store,49.5,None,
2024-10-15,Tron-o-matic 2,LosAngeles_01,49.5,None,
2024-10-15,Tron-o-matic 2,NewYork_01,49.5,None,
2024-10-15,Tron-o-matic 2,NewYork_02,49.5,None,
2024-10-15,Tron-o-matic 2,Chicago_01,49.5,None,
2024-10-15,Tron-o-matic 2,Dallas_01,49.5,None,
2024-10-15,Tron-o-matic 2,Houston_01,49.5,None,
2024-10-15,Tron-o-matic 2,WashingtonDC_01,49.5,None,
2024-10-15,Tron-o-matic 2,Atlanta_01,49.5,None,
2024-10-15,Tron-o-matic 2,Philadelphia_01,49.5,None,
2024-10-15,Tron-o-matic 2 Pro,Online_Store,71.22,SMALL_DEAL,
2024-10-15,Tron-o-matic 2 Pro,LosAngeles_01,71.22,SMALL_DEAL,
2024-10-15,Tron-o-matic 2 Pro,NewYork_01,71.22,SMALL_DEAL,
2024-10-15,Tron-o-matic 2 Pro,NewYork_02,71.22,SMALL_DEAL,
2024-10-15,Tron-o-matic 2 Pro,Chicago_01,71.22,SMALL_DEAL,
2024-10-15,Tron-o-matic 2 Pro,Dallas_01,71.22,SMALL_DEAL,
2024-10-15,Tron-o-matic 2 Pro,Houston_01,71.22,SMALL_DEAL,
2024-10-15,Tron-o-matic 2 Pro,WashingtonDC_01,71.22,SMALL_DEAL,
2024-10-15,Tron-o-matic 2 Pro,Atlanta_01,71.22,SMALL_DEAL,
2024-10-15,Tron-o-matic 2 Pro,Philadelphia_01,71.22,SMALL_DEAL,
2024-10-15,Tron-o-matic 3,Online_Store,41.81,BIG_DEAL,
2024-10-15,Tron-o-matic 3,LosAngeles_01,41.81,BIG_DEAL,
2024-10-15,Tron-o-matic 3,NewYork_01,41.81,BIG_DEAL,
2024-10-15,Tron-o-matic 3,NewYork_02,41.81,BIG_DEAL,
2024-10-15,Tron-o-matic 3,Chicago_01,41.81,BIG_DEAL,
2024-10-15,Tron-o-matic 3,Dallas_01,41.81,BIG_DEAL,
2024-10-15,Tron-o-matic 3,Houston_01,41.81,BIG_DEAL,
2024-10-15,Tron-o-matic 3,WashingtonDC_01,41.81,BIG_DEAL,
2024-10-15,Tron-o-matic 3,Atlanta_01,41.81,BIG_DEAL,
2024-10-15,Tron-o-matic 3,Philadelphia_01,41.81,BIG_DEAL,
2024-10-15,Tron-o-matic 3 Pro,Online_Store,81.0,None,
2024-10-15,Tron-o-matic 3 Pro,LosAngeles_01,81.0,None,
2024-10-15,Tron-o-matic 3 Pro,NewYork_01,81.0,None,
2024-10-15,Tron-o-matic 3 Pro,NewYork_02,81.0,None,
2024-10-15,Tron-o-matic 3 Pro,Chicago_01,81.0,None,
2024-10-15,Tron-o-matic 3 Pro,Dallas_01,81.0,None,
2024-10-15,Tron-o-matic 3 Pro,Houston_01,81.0,None,
2024-10-15,Tron-o-matic 3 Pro,WashingtonDC_01,81.0,None,
2024-10-15,Tron-o-matic 3 Pro,Atlanta_01,81.0,None,
2024-10-15,Tron-o-matic 3 Pro,Philadelphia_01,81.0,None,
2024-10-15,Tron-o-matic 4,Online_Store,67.5,None,
2024-10-15,Tron-o-matic 4,LosAngeles_01,67.5,None,
2024-10-15,Tron-o-matic 4,NewYork_01,67.5,None,
2024-10-15,Tron-o-matic 4,NewYork_02,67.5,None,
2024-10-15,Tron-o-matic 4,Chicago_01,67.5,None,
2024-10-15,Tron-o-matic 4,Dallas_01,67.5,None,
2024-10-15,Tron-o-matic 4,Houston_01,67.5,None,
2024-10-15,Tron-o-matic 4,WashingtonDC_01,67.5,None,
2024-10-15,Tron-o-matic 4,Atlanta_01,67.5,None,
2024-10-15,Tron-o-matic 4,Philadelphia_01,67.5,None,
2024-10-15,Tron-o-matic 4 Pro,Online_Store,71.75,BIG_DEAL,
2024-10-15,Tron-o-matic 4 Pro,LosAngeles_01,71.75,BIG_DEAL,
2024-10-15,Tron-o-matic 4 Pro,NewYork_01,71.75,BIG_DEAL,
2024-10-15,Tron-o-matic 4 Pro,NewYork_02,71.75,BIG_DEAL,
2024-10-15,Tron-o-matic 4 Pro,Chicago_01,71.75,BIG_DEAL,
2024-10-15,Tron-o-matic 4 Pro,Dallas_01,71.75,BIG_DEAL,
2024-10-15,Tron-o-matic 4 Pro,Houston_01,71.75,BIG_DEAL,
2024-10-15,Tron-o-matic 4 Pro,WashingtonDC_01,71.75,BIG_DEAL,
2024-10-15,Tron-o-matic 4 Pro,Atlanta_01,71.75,BIG_DEAL,
2024-10-15,Tron-o-matic 4 Pro,Philadelphia_01,71.75,BIG_DEAL,
2024-10-15,Tron-o-matic 5,Online_Store,72.0,None,
2024-10-15,Tron-o-matic 5,LosAngeles_01,72.0,None,
2024-10-15,Tron-o-matic 5,NewYork_01,72.0,None,
2024-10-15,Tron-o-matic 5,NewYork_02,72.0,None,
2024-10-15,Tron-o-matic 5,Chicago_01,72.0,None,
2024-10-15,Tron-o-matic 5,Dallas_01,72.0,None,
2024-10-15,Tron-o-matic 5,Houston_01,72.0,None,
2024-10-15,Tron-o-matic 5,WashingtonDC_01,72.0,None,
2024-10-15,Tron-o-matic 5,Atlanta_01,72.0,None,
2024-10-15,Tron-o-matic 5,Philadelphia_01,72.0,None,
2024-10-15,Tron-o-matic 5 Pro,Online_Store,99.0,None,
2024-10-15,Tron-o-matic 5 Pro,LosAngeles_01,99.0,None,
2024-10-15,Tron-o-matic 5 Pro,NewYork_01,99.0,None,
2024-10-15,Tron-o-matic 5 Pro,NewYork_02,99.0,None,
2024-10-15,Tron-o-matic 5 Pro,Chicago_01,99.0,None,
2024-10-15,Tron-o-matic 5 Pro,Dallas_01,99.0,None,
2024-10-15,Tron-o-matic 5 Pro,Houston_01,99.0,None,
2024-10-15,Tron-o-matic 5 Pro,WashingtonDC_01,99.0,None,
2024-10-15,Tron-o-matic 5 Pro,Atlanta_01,99.0,None,
2024-10-15,Tron-o-matic 5 Pro,Philadelphia_01,99.0,None,
2024-10-16,Tron-o-matic 1,Online_Store,48.51,SMALL_DEAL,
2024-10-16,Tron-o-matic 1,LosAngeles_01,48.51,SMALL_DEAL,
2024-10-16,Tron-o-matic 1,NewYork_01,48.51,SMALL_DEAL,
2024-10-16,Tron-o-matic 1,NewYork_02,48.51,SMALL_DEAL,
2024-10-16,Tron-o-matic 1,Chicago_01,48.51,SMALL_DEAL,
2024-10-16,Tron-o-matic 1,Dallas_01,48.51,SMALL_DEAL,
2024-10-16,Tron-o-matic 1,Houston_01,48.51,SMALL_DEAL,
2024-10-16,Tron-o-matic 1,WashingtonDC_01,48.51,SMALL_DEAL,
2024-10-16,Tron-o-matic 1,Atlanta_01,48.51,SMALL_DEAL,
2024-10-16,Tron-o-matic 1,Philadelphia_01,48.51,SMALL_DEAL,
2024-10-16,Tron-o-matic 1 Pro,Online_Store,52.29,BIG_DEAL,
2024-10-16,Tron-o-matic 1 Pro,LosAngeles_01,52.29,BIG_DEAL,
2024-10-16,Tron-o-matic 1 Pro,NewYork_01,52.29,BIG_DEAL,
2024-10-16,Tron-o-matic 1 Pro,NewYork_02,52.29,BIG_DEAL,
2024-10-16,Tron-o-matic 1 Pro,Chicago_01,52.29,BIG_DEAL,
2024-10-16,Tron-o-matic 1 Pro,Dallas_01,52.29,BIG_DEAL,
2024-10-16,Tron-o-matic 1 Pro,Houston_01,52.29,BIG_DEAL,
2024-10-16,Tron-o-matic 1 Pro,WashingtonDC_01,52.29,BIG_DEAL,
2024-10-16,Tron-o-matic 1 Pro,Atlanta_01,52.29,BIG_DEAL,
2024-10-16,Tron-o-matic 1 Pro,Philadelphia_01,52.29,BIG_DEAL,
2024-10-16,Tron-o-matic 2,Online_Store,49.5,None,
2024-10-16,Tron-o-matic 2,LosAngeles_01,49.5,None,
2024-10-16,Tron-o-matic 2,NewYork_01,49.5,None,
2024-10-16,Tron-o-matic 2,NewYork_02,49.5,None,
2024-10-16,Tron-o-matic 2,Chicago_01,49.5,None,
2024-10-16,Tron-o-matic 2,Dallas_01,49.5,None,
2024-10-16,Tron-o-matic 2,Houston_01,49.5,None,
2024-10-16,Tron-o-matic 2,WashingtonDC_01,49.5,None,
2024-10-16,Tron-o-matic 2,Atlanta_01,49.5,None,
2024-10-16,Tron-o-matic 2,Philadelphia_01,49.5,None,
2024-10-16,Tron-o-matic 2 Pro,Online_Store,76.5,None,
2024-10-16,Tron-o-matic 2 Pro,LosAngeles_01,76.5,None,
2024-10-16,Tron-o-matic 2 Pro,NewYork_01,76.5,None,
2024-10-16,Tron-o-matic 2 Pro,NewYork_02,76.5,None,
2024-10-16,Tron-o-matic 2 Pro,Chicago_01,76.5,None,
2024-10-16,Tron-o-matic 2 Pro,Dallas_01,76.5,None,
2024-10-16,Tron-o-matic 2 Pro,Houston_01,76.5,None,
2024-10-16,Tron-o-matic 2 Pro,WashingtonDC_01,76.5,None,
2024-10-16,Tron-o-matic 2 Pro,Atlanta_01,76.5,None,
2024-10-16,Tron-o-matic 2 Pro,Philadelphia_01,76.5,None,
2024-10-16,Tron-o-matic 3,Online_Store,41.11,BIG_DEAL,
2024-10-16,Tron-o-matic 3,LosAngeles_01,41.11,BIG_DEAL,
2024-10-16,Tron-o-matic 3,NewYork_01,41.11,BIG_DEAL,
2024-10-16,Tron-o-matic 3,NewYork_02,41.11,BIG_DEAL,
2024-10-16,Tron-o-matic 3,Chicago_01,41.11,BIG_DEAL,
2024-10-16,Tron-o-matic 3,Dallas_01,41.11,BIG_DEAL,
2024-10-16,Tron-o-matic 3,Houston_01,41.11,BIG_DEAL,
2024-10-16,Tron-o-matic 3,WashingtonDC_01,41.11,BIG_DEAL,
2024-10-16,Tron-o-matic 3,Atlanta_01,41.11,BIG_DEAL,
2024-10-16,Tron-o-matic 3,Philadelphia_01,41.11,BIG_DEAL,
2024-10-16,Tron-o-matic 3 Pro,Online_Store,81.0,None,
2024-10-16,Tron-o-matic 3 Pro,LosAngeles_01,81.0,None,
2024-10-16,Tron-o-matic 3 Pro,NewYork_01,81.0,None,
2024-10-16,Tron-o-matic 3 Pro,NewYork_02,81.0,None,
2024-10-16,Tron-o-matic 3 Pro,Chicago_01,81.0,None,
2024-10-16,Tron-o-matic 3 Pro,Dallas_01,81.0,None,
2024-10-16,Tron-o-matic 3 Pro,Houston_01,81.0,None,
2024-10-16,Tron-o-matic 3 Pro,WashingtonDC_01,81.0,None,
2024-10-16,Tron-o-matic 3 Pro,Atlanta_01,81.0,None,
2024-10-16,Tron-o-matic 3 Pro,Philadelphia_01,81.0,None,
2024-10-16,Tron-o-matic 4,Online_Store,67.5,None,
2024-10-16,Tron-o-matic 4,LosAngeles_01,67.5,None,
2024-10-16,Tron-o-matic 4,NewYork_01,67.5,None,
2024-10-16,Tron-o-matic 4,NewYork_02,67.5,None,
2024-10-16,Tron-o-matic 4,Chicago_01,67.5,None,
2024-10-16,Tron-o-matic 4,Dallas_01,67.5,None,
2024-10-16,Tron-o-matic 4,Houston_01,67.5,None,
2024-10-16,Tron-o-matic 4,WashingtonDC_01,67.5,None,
2024-10-16,Tron-o-matic 4,Atlanta_01,67.5,None,
2024-10-16,Tron-o-matic 4,Philadelphia_01,67.5,None,
2024-10-16,Tron-o-matic 4 Pro,Online_Store,90.0,None,
2024-10-16,Tron-o-matic 4 Pro,LosAngeles_01,90.0,None,
2024-10-16,Tron-o-matic 4 Pro,NewYork_01,90.0,None,
2024-10-16,Tron-o-matic 4 Pro,NewYork_02,90.0,None,
2024-10-16,Tron-o-matic 4 Pro,Chicago_01,90.0,None,
2024-10-16,Tron-o-matic 4 Pro,Dallas_01,90.0,None,
2024-10-16,Tron-o-matic 4 Pro,Houston_01,90.0,None,
2024-10-16,Tron-o-matic 4 Pro,WashingtonDC_01,90.0,None,
2024-10-16,Tron-o-matic 4 Pro,Atlanta_01,90.0,None,
2024-10-16,Tron-o-matic 4 Pro,Philadelphia_01,90.0,None,
2024-10-16,Tron-o-matic 5,Online_Store,65.24,SMALL_DEAL,
2024-10-16,Tron-o-matic 5,LosAngeles_01,65.24,SMALL_DEAL,
2024-10-16,Tron-o-matic 5,NewYork_01,65.24,SMALL_DEAL,
2024-10-16,Tron-o-matic 5,NewYork_02,65.24,SMALL_DEAL,
2024-10-16,Tron-o-matic 5,Chicago_01,65.24,SMALL_DEAL,
2024-10-16,Tron-o-matic 5,Dallas_01,65.24,SMALL_DEAL,
2024-10-16,Tron-o-matic 5,Houston_01,65.24,SMALL_DEAL,
2024-10-16,Tron-o-matic 5,WashingtonDC_01,65.24,SMALL_DEAL,
2024-10-16,Tron-o-matic 5,Atlanta_01,65.24,SMALL_DEAL,
2024-10-16,Tron-o-matic 5,Philadelphia_01,65.24,SMALL_DEAL,
2024-10-16,Tron-o-matic 5 Pro,Online_Store,99.0,None,
2024-10-16,Tron-o-matic 5 Pro,LosAngeles_01,99.0,None,
2024-10-16,Tron-o-matic 5 Pro,NewYork_01,99.0,None,
2024-10-16,Tron-o-matic 5 Pro,NewYork_02,99.0,None,
2024-10-16,Tron-o-matic 5 Pro,Chicago_01,99.0,None,
2024-10-16,Tron-o-matic 5 Pro,Dallas_01,99.0,None,
2024-10-16,Tron-o-matic 5 Pro,Houston_01,99.0,None,
2024-10-16,Tron-o-matic 5 Pro,WashingtonDC_01,99.0,None,
2024-10-16,Tron-o-matic 5 Pro,Atlanta_01,99.0,None,
2024-10-16,Tron-o-matic 5 Pro,Philadelphia_01,99.0,None,
2024-10-17,Tron-o-matic 1,Online_Store,54.0,None,
2024-10-17,Tron-o-matic 1,LosAngeles_01,54.0,None,
2024-10-17,Tron-o-matic 1,NewYork_01,54.0,None,
2024-10-17,Tron-o-matic 1,NewYork_02,54.0,None,
2024-10-17,Tron-o-matic 1,Chicago_01,54.0,None,
2024-10-17,Tron-o-matic 1,Dallas_01,54.0,None,
2024-10-17,Tron-o-matic 1,Houston_01,54.0,None,
2024-10-17,Tron-o-matic 1,WashingtonDC_01,54.0,None,
2024-10-17,Tron-o-matic 1,Atlanta_01,54.0,None,
2024-10-17,Tron-o-matic 1,Philadelphia_01,54.0,None,
2024-10-17,Tron-o-matic 1 Pro,Online_Store,65.74,SMALL_DEAL,
2024-10-17,Tron-o-matic 1 Pro,LosAngeles_01,65.74,SMALL_DEAL,
2024-10-17,Tron-o-matic 1 Pro,NewYork_01,65.74,SMALL_DEAL,
2024-10-17,Tron-o-matic 1 Pro,NewYork_02,65.74,SMALL_DEAL,
2024-10-17,Tron-o-matic 1 Pro,Chicago_01,65.74,SMALL_DEAL,
2024-10-17,Tron-o-matic 1 Pro,Dallas_01,65.74,SMALL_DEAL,
2024-10-17,Tron-o-matic 1 Pro,Houston_01,65.74,SMALL_DEAL,
2024-10-17,Tron-o-matic 1 Pro,WashingtonDC_01,65.74,SMALL_DEAL,
2024-10-17,Tron-o-matic 1 Pro,Atlanta_01,65.74,SMALL_DEAL,
2024-10-17,Tron-o-matic 1 Pro,Philadelphia_01,65.74,SMALL_DEAL,
2024-10-17,Tron-o-matic 2,Online_Store,44.23,SMALL_DEAL,
2024-10-17,Tron-o-matic 2,LosAngeles_01,44.23,SMALL_DEAL,
2024-10-17,Tron-o-matic 2,NewYork_01,44.23,SMALL_DEAL,
2024-10-17,Tron-o-matic 2,NewYork_02,44.23,SMALL_DEAL,
2024-10-17,Tron-o-matic 2,Chicago_01,44.23,SMALL_DEAL,
2024-10-17,Tron-o-matic 2,Dallas_01,44.23,SMALL_DEAL,
2024-10-17,Tron-o-matic 2,Houston_01,44.23,SMALL_DEAL,
2024-10-17,Tron-o-matic 2,WashingtonDC_01,44.23,SMALL_DEAL,
2024-10-17,Tron-o-matic 2,Atlanta_01,44.23,SMALL_DEAL,
2024-10-17,Tron-o-matic 2,Philadelphia_01,44.23,SMALL_DEAL,
2024-10-17,Tron-o-matic 2 Pro,Online_Store,76.5,None,
2024-10-17,Tron-o-matic 2 Pro,LosAngeles_01,76.5,None,
2024-10-17,Tron-o-matic 2 Pro,NewYork_01,76.5,None,
2024-10-17,Tron-o-matic 2 Pro,NewYork_02,76.5,None,
2024-10-17,Tron-o-matic 2 Pro,Chicago_01,76.5,None,
2024-10-17,Tron-o-matic 2 Pro,Dallas_01,76.5,None,
2024-10-17,Tron-o-matic 2 Pro,Houston_01,76.5,None,
2024-10-17,Tron-o-matic 2 Pro,WashingtonDC_01,76.5,None,
2024-10-17,Tron-o-matic 2 Pro,Atlanta_01,76.5,None,
2024-10-17,Tron-o-matic 2 Pro,Philadelphia_01,76.5,None,
2024-10-17,Tron-o-matic 3,Online_Store,54.0,None,
2024-10-17,Tron-o-matic 3,LosAngeles_01,54.0,None,
2024-10-17,Tron-o-matic 3,NewYork_01,54.0,None,
2024-10-17,Tron-o-matic 3,NewYork_02,54.0,None,
2024-10-17,Tron-o-matic 3,Chicago_01,54.0,None,
2024-10-17,Tron-o-matic 3,Dallas_01,54.0,None,
2024-10-17,Tron-o-matic 3,Houston_01,54.0,None,
2024-10-17,Tron-o-matic 3,WashingtonDC_01,54.0,None,
2024-10-17,Tron-o-matic 3,Atlanta_01,54.0,None,
2024-10-17,Tron-o-matic 3,Philadelphia_01,54.0,None,
2024-10-17,Tron-o-matic 3 Pro,Online_Store,81.0,None,
2024-10-17,Tron-o-matic 3 Pro,LosAngeles_01,81.0,None,
2024-10-17,Tron-o-matic 3 Pro,NewYork_01,81.0,None,
2024-10-17,Tron-o-matic 3 Pro,NewYork_02,81.0,None,
2024-10-17,Tron-o-matic 3 Pro,Chicago_01,81.0,None,
2024-10-17,Tron-o-matic 3 Pro,Dallas_01,81.0,None,
2024-10-17,Tron-o-matic 3 Pro,Houston_01,81.0,None,
2024-10-17,Tron-o-matic 3 Pro,WashingtonDC_01,81.0,None,
2024-10-17,Tron-o-matic 3 Pro,Atlanta_01,81.0,None,
2024-10-17,Tron-o-matic 3 Pro,Philadelphia_01,81.0,None,
2024-10-17,Tron-o-matic 4,Online_Store,60.87,SMALL_DEAL,
2024-10-17,Tron-o-matic 4,LosAngeles_01,60.87,SMALL_DEAL,
2024-10-17,Tron-o-matic 4,NewYork_01,60.87,SMALL_DEAL,
2024-10-17,Tron-o-matic 4,NewYork_02,60.87,SMALL_DEAL,
2024-10-17,Tron-o-matic 4,Chicago_01,60.87,SMALL_DEAL,
2024-10-17,Tron-o-matic 4,Dallas_01,60.87,SMALL_DEAL,
2024-10-17,Tron-o-matic 4,Houston_01,60.87,SMALL_DEAL,
2024-10-17,Tron-o-matic 4,WashingtonDC_01,60.87,SMALL_DEAL,
2024-10-17,Tron-o-matic 4,Atlanta_01,60.87,SMALL_DEAL,
2024-10-17,Tron-o-matic 4,Philadelphia_01,60.87,SMALL_DEAL,
2024-10-17,Tron-o-matic 4 Pro,Online_Store,90.0,None,
2024-10-17,Tron-o-matic 4 Pro,LosAngeles_01,90.0,None,
2024-10-17,Tron-o-matic 4 Pro,NewYork_01,90.0,None,
2024-10-17,Tron-o-matic 4 Pro,NewYork_02,90.0,None,
2024-10-17,Tron-o-matic 4 Pro,Chicago_01,90.0,None,
2024-10-17,Tron-o-matic 4 Pro,Dallas_01,90.0,None,
2024-10-17,Tron-o-matic 4 Pro,Houston_01,90.0,None,
2024-10-17,Tron-o-matic 4 Pro,WashingtonDC_01,90.0,None,
2024-10-17,Tron-o-matic 4 Pro,Atlanta_01,90.0,None,
2024-10-17,Tron-o-matic 4 Pro,Philadelphia_01,90.0,None,
2024-10-17,Tron-o-matic 5,Online_Store,61.28,SMALL_DEAL,
2024-10-17,Tron-o-matic 5,LosAngeles_01,61.28,SMALL_DEAL,
2024-10-17,Tron-o-matic 5,NewYork_01,61.28,SMALL_DEAL,
2024-10-17,Tron-o-matic 5,NewYork_02,61.28,SMALL_DEAL,
2024-10-17,Tron-o-matic 5,Chicago_01,61.28,SMALL_DEAL,
2024-10-17,Tron-o-matic 5,Dallas_01,61.28,SMALL_DEAL,
2024-10-17,Tron-o-matic 5,Houston_01,61.28,SMALL_DEAL,
2024-10-17,Tron-o-matic 5,WashingtonDC_01,61.28,SMALL_DEAL,
2024-10-17,Tron-o-matic 5,Atlanta_01,61.28,SMALL_DEAL,
2024-10-17,Tron-o-matic 5,Philadelphia_01,61.28,SMALL_DEAL,
2024-10-17,Tron-o-matic 5 Pro,Online_Store,99.0,None,
2024-10-17,Tron-o-matic 5 Pro,LosAngeles_01,99.0,None,
2024-10-17,Tron-o-matic 5 Pro,NewYork_01,99.0,None,
2024-10-17,Tron-o-matic 5 Pro,NewYork_02,99.0,None,
2024-10-17,Tron-o-matic 5 Pro,Chicago_01,99.0,None,
2024-10-17,Tron-o-matic 5 Pro,Dallas_01,99.0,None,
2024-10-17,Tron-o-matic 5 Pro,Houston_01,99.0,None,
2024-10-17,Tron-o-matic 5 Pro,WashingtonDC_01,99.0,None,
2024-10-17,Tron-o-matic 5 Pro,Atlanta_01,99.0,None,
2024-10-17,Tron-o-matic 5 Pro,Philadelphia_01,99.0,None,
2024-10-18,Tron-o-matic 1,Online_Store,54.0,None,
2024-10-18,Tron-o-matic 1,LosAngeles_01,54.0,None,
2024-10-18,Tron-o-matic 1,NewYork_01,54.0,None,
2024-10-18,Tron-o-matic 1,NewYork_02,54.0,None,
2024-10-18,Tron-o-matic 1,Chicago_01,54.0,None,
2024-10-18,Tron-o-matic 1,Dallas_01,54.0,None,
2024-10-18,Tron-o-matic 1,Houston_01,54.0,None,
2024-10-18,Tron-o-matic 1,WashingtonDC_01,54.0,None,
2024-10-18,Tron-o-matic 1,Atlanta_01,54.0,None,
2024-10-18,Tron-o-matic 1,Philadelphia_01,54.0,None,
2024-10-18,Tron-o-matic 1 Pro,Online_Store,72.0,None,
2024-10-18,Tron-o-matic 1 Pro,LosAngeles_01,72.0,None,
2024-10-18,Tron-o-matic 1 Pro,NewYork_01,72.0,None,
2024-10-18,Tron-o-matic 1 Pro,NewYork_02,72.0,None,
2024-10-18,Tron-o-matic 1 Pro,Chicago_01,72.0,None,
2024-10-18,Tron-o-matic 1 Pro,Dallas_01,72.0,None,
2024-10-18,Tron-o-matic 1 Pro,Houston_01,72.0,None,
2024-10-18,Tron-o-matic 1 Pro,WashingtonDC_01,72.0,None,
2024-10-18,Tron-o-matic 1 Pro,Atlanta_01,72.0,None,
2024-10-18,Tron-o-matic 1 Pro,Philadelphia_01,72.0,None,
2024-10-18,Tron-o-matic 2,Online_Store,49.5,None,
2024-10-18,Tron-o-matic 2,LosAngeles_01,49.5,None,
2024-10-18,Tron-o-matic 2,NewYork_01,49.5,None,
2024-10-18,Tron-o-matic 2,NewYork_02,49.5,None,
2024-10-18,Tron-o-matic 2,Chicago_01,49.5,None,
2024-10-18,Tron-o-matic 2,Dallas_01,49.5,None,
2024-10-18,Tron-o-matic 2,Houston_01,49.5,None,
2024-10-18,Tron-o-matic 2,WashingtonDC_01,49.5,None,
2024-10-18,Tron-o-matic 2,Atlanta_01,49.5,None,
2024-10-18,Tron-o-matic 2,Philadelphia_01,49.5,None,
2024-10-18,Tron-o-matic 2 Pro,Online_Store,58.88,BIG_DEAL,
2024-10-18,Tron-o-matic 2 Pro,LosAngeles_01,58.88,BIG_DEAL,
2024-10-18,Tron-o-matic 2 Pro,NewYork_01,58.88,BIG_DEAL,
2024-10-18,Tron-o-matic 2 Pro,NewYork_02,58.88,BIG_DEAL,
2024-10-18,Tron-o-matic 2 Pro,Chicago_01,58.88,BIG_DEAL,
2024-10-18,Tron-o-matic 2 Pro,Dallas_01,58.88,BIG_DEAL,
2024-10-18,Tron-o-matic 2 Pro,Houston_01,58.88,BIG_DEAL,
2024-10-18,Tron-o-matic 2 Pro,WashingtonDC_01,58.88,BIG_DEAL,
2024-10-18,Tron-o-matic 2 Pro,Atlanta_01,58.88,BIG_DEAL,
2024-10-18,Tron-o-matic 2 Pro,Philadelphia_01,58.88,BIG_DEAL,
2024-10-18,Tron-o-matic 3,Online_Store,38.42,BIG_DEAL,
2024-10-18,Tron-o-matic 3,LosAngeles_01,38.42,BIG_DEAL,
2024-10-18,Tron-o-matic 3,NewYork_01,38.42,BIG_DEAL,
2024-10-18,Tron-o-matic 3,NewYork_02,38.42,BIG_DEAL,
2024-10-18,Tron-o-matic 3,Chicago_01,38.42,BIG_DEAL,
2024-10-18,Tron-o-matic 3,Dallas_01,38.42,BIG_DEAL,
2024-10-18,Tron-o-matic 3,Houston_01,38.42,BIG_DEAL,
2024-10-18,Tron-o-matic 3,WashingtonDC_01,38.42,BIG_DEAL,
2024-10-18,Tron-o-matic 3,Atlanta_01,38.42,BIG_DEAL,
2024-10-18,Tron-o-matic 3,Philadelphia_01,38.42,BIG_DEAL,
2024-10-18,Tron-o-matic 3 Pro,Online_Store,81.0,None,
2024-10-18,Tron-o-matic 3 Pro,LosAngeles_01,81.0,None,
2024-10-18,Tron-o-matic 3 Pro,NewYork_01,81.0,None,
2024-10-18,Tron-o-matic 3 Pro,NewYork_02,81.0,None,
2024-10-18,Tron-o-matic 3 Pro,Chicago_01,81.0,None,
2024-10-18,Tron-o-matic 3 Pro,Dallas_01,81.0,None,
2024-10-18,Tron-o-matic 3 Pro,Houston_01,81.0,None,
2024-10-18,Tron-o-matic 3 Pro,WashingtonDC_01,81.0,None,
2024-10-18,Tron-o-matic 3 Pro,Atlanta_01,81.0,None,
2024-10-18,Tron-o-matic 3 Pro,Philadelphia_01,81.0,None,
2024-10-18,Tron-o-matic 4,Online_Store,67.5,None,
2024-10-18,Tron-o-matic 4,LosAngeles_01,67.5,None,
2024-10-18,Tron-o-matic 4,NewYork_01,67.5,None,
2024-10-18,Tron-o-matic 4,NewYork_02,67.5,None,
2024-10-18,Tron-o-matic 4,Chicago_01,67.5,None,
2024-10-18,Tron-o-matic 4,Dallas_01,67.5,None,
2024-10-18,Tron-o-matic 4,Houston_01,67.5,None,
2024-10-18,Tron-o-matic 4,WashingtonDC_01,67.5,None,
2024-10-18,Tron-o-matic 4,Atlanta_01,67.5,None,
2024-10-18,Tron-o-matic 4,Philadelphia_01,67.5,None,
2024-10-18,Tron-o-matic 4 Pro,Online_Store,90.0,None,
2024-10-18,Tron-o-matic 4 Pro,LosAngeles_01,90.0,None,
2024-10-18,Tron-o-matic 4 Pro,NewYork_01,90.0,None,
2024-10-18,Tron-o-matic 4 Pro,NewYork_02,90.0,None,
2024-10-18,Tron-o-matic 4 Pro,Chicago_01,90.0,None,
2024-10-18,Tron-o-matic 4 Pro,Dallas_01,90.0,None,
2024-10-18,Tron-o-matic 4 Pro,Houston_01,90.0,None,
2024-10-18,Tron-o-matic 4 Pro,WashingtonDC_01,90.0,None,
2024-10-18,Tron-o-matic 4 Pro,Atlanta_01,90.0,None,
2024-10-18,Tron-o-matic 4 Pro,Philadelphia_01,90.0,None,
2024-10-18,Tron-o-matic 5,Online_Store,66.37,SMALL_DEAL,
2024-10-18,Tron-o-matic 5,LosAngeles_01,66.37,SMALL_DEAL,
2024-10-18,Tron-o-matic 5,NewYork_01,66.37,SMALL_DEAL,
2024-10-18,Tron-o-matic 5,NewYork_02,66.37,SMALL_DEAL,
2024-10-18,Tron-o-matic 5,Chicago_01,66.37,SMALL_DEAL,
2024-10-18,Tron-o-matic 5,Dallas_01,66.37,SMALL_DEAL,
2024-10-18,Tron-o-matic 5,Houston_01,66.37,SMALL_DEAL,
2024-10-18,Tron-o-matic 5,WashingtonDC_01,66.37,SMALL_DEAL,
2024-10-18,Tron-o-matic 5,Atlanta_01,66.37,SMALL_DEAL,
2024-10-18,Tron-o-matic 5,Philadelphia_01,66.37,SMALL_DEAL,
2024-10-18,Tron-o-matic 5 Pro,Online_Store,99.0,None,
2024-10-18,Tron-o-matic 5 Pro,LosAngeles_01,99.0,None,
2024-10-18,Tron-o-matic 5 Pro,NewYork_01,99.0,None,
2024-10-18,Tron-o-matic 5 Pro,NewYork_02,99.0,None,
2024-10-18,Tron-o-matic 5 Pro,Chicago_01,99.0,None,
2024-10-18,Tron-o-matic 5 Pro,Dallas_01,99.0,None,
2024-10-18,Tron-o-matic 5 Pro,Houston_01,99.0,None,
2024-10-18,Tron-o-matic 5 Pro,WashingtonDC_01,99.0,None,
2024-10-18,Tron-o-matic 5 Pro,Atlanta_01,99.0,None,
2024-10-18,Tron-o-matic 5 Pro,Philadelphia_01,99.0,None,
2024-10-19,Tron-o-matic 1,Online_Store,46.3,SMALL_DEAL,
2024-10-19,Tron-o-matic 1,LosAngeles_01,46.3,SMALL_DEAL,
2024-10-19,Tron-o-matic 1,NewYork_01,46.3,SMALL_DEAL,
2024-10-19,Tron-o-matic 1,NewYork_02,46.3,SMALL_DEAL,
2024-10-19,Tron-o-matic 1,Chicago_01,46.3,SMALL_DEAL,
2024-10-19,Tron-o-matic 1,Dallas_01,46.3,SMALL_DEAL,
2024-10-19,Tron-o-matic 1,Houston_01,46.3,SMALL_DEAL,
2024-10-19,Tron-o-matic 1,WashingtonDC_01,46.3,SMALL_DEAL,
2024-10-19,Tron-o-matic 1,Atlanta_01,46.3,SMALL_DEAL,
2024-10-19,Tron-o-matic 1,Philadelphia_01,46.3,SMALL_DEAL,
2024-10-19,Tron-o-matic 1 Pro,Online_Store,72.0,None,
2024-10-19,Tron-o-matic 1 Pro,LosAngeles_01,72.0,None,
2024-10-19,Tron-o-matic 1 Pro,NewYork_01,72.0,None,
2024-10-19,Tron-o-matic 1 Pro,NewYork_02,72.0,None,
2024-10-19,Tron-o-matic 1 Pro,Chicago_01,72.0,None,
2024-10-19,Tron-o-matic 1 Pro,Dallas_01,72.0,None,
2024-10-19,Tron-o-matic 1 Pro,Houston_01,72.0,None,
2024-10-19,Tron-o-matic 1 Pro,WashingtonDC_01,72.0,None,
2024-10-19,Tron-o-matic 1 Pro,Atlanta_01,72.0,None,
2024-10-19,Tron-o-matic 1 Pro,Philadelphia_01,72.0,None,
2024-10-19,Tron-o-matic 2,Online_Store,46.39,SMALL_DEAL,
2024-10-19,Tron-o-matic 2,LosAngeles_01,46.39,SMALL_DEAL,
2024-10-19,Tron-o-matic 2,NewYork_01,46.39,SMALL_DEAL,
2024-10-19,Tron-o-matic 2,NewYork_02,46.39,SMALL_DEAL,
2024-10-19,Tron-o-matic 2,Chicago_01,46.39,SMALL_DEAL,
2024-10-19,Tron-o-matic 2,Dallas_01,46.39,SMALL_DEAL,
2024-10-19,Tron-o-matic 2,Houston_01,46.39,SMALL_DEAL,
2024-10-19,Tron-o-matic 2,WashingtonDC_01,46.39,SMALL_DEAL,
2024-10-19,Tron-o-matic 2,Atlanta_01,46.39,SMALL_DEAL,
2024-10-19,Tron-o-matic 2,Philadelphia_01,46.39,SMALL_DEAL,
2024-10-19,Tron-o-matic 2 Pro,Online_Store,70.76,SMALL_DEAL,
2024-10-19,Tron-o-matic 2 Pro,LosAngeles_01,70.76,SMALL_DEAL,
2024-10-19,Tron-o-matic 2 Pro,NewYork_01,70.76,SMALL_DEAL,
2024-10-19,Tron-o-matic 2 Pro,NewYork_02,70.76,SMALL_DEAL,
2024-10-19,Tron-o-matic 2 Pro,Chicago_01,70.76,SMALL_DEAL,
2024-10-19,Tron-o-matic 2 Pro,Dallas_01,70.76,SMALL_DEAL,
2024-10-19,Tron-o-matic 2 Pro,Houston_01,70.76,SMALL_DEAL,
2024-10-19,Tron-o-matic 2 Pro,WashingtonDC_01,70.76,SMALL_DEAL,
2024-10-19,Tron-o-matic 2 Pro,Atlanta_01,70.76,SMALL_DEAL,
2024-10-19,Tron-o-matic 2 Pro,Philadelphia_01,70.76,SMALL_DEAL,
2024-10-19,Tron-o-matic 3,Online_Store,39.87,BIG_DEAL,
2024-10-19,Tron-o-matic 3,LosAngeles_01,39.87,BIG_DEAL,
2024-10-19,Tron-o-matic 3,NewYork_01,39.87,BIG_DEAL,
2024-10-19,Tron-o-matic 3,NewYork_02,39.87,BIG_DEAL,
2024-10-19,Tron-o-matic 3,Chicago_01,39.87,BIG_DEAL,
2024-10-19,Tron-o-matic 3,Dallas_01,39.87,BIG_DEAL,
2024-10-19,Tron-o-matic 3,Houston_01,39.87,BIG_DEAL,
2024-10-19,Tron-o-matic 3,WashingtonDC_01,39.87,BIG_DEAL,
2024-10-19,Tron-o-matic 3,Atlanta_01,39.87,BIG_DEAL,
2024-10-19,Tron-o-matic 3,Philadelphia_01,39.87,BIG_DEAL,
2024-10-19,Tron-o-matic 3 Pro,Online_Store,81.0,None,
2024-10-19,Tron-o-matic 3 Pro,LosAngeles_01,81.0,None,
2024-10-19,Tron-o-matic 3 Pro,NewYork_01,81.0,None,
2024-10-19,Tron-o-matic 3 Pro,NewYork_02,81.0,None,
2024-10-19,Tron-o-matic 3 Pro,Chicago_01,81.0,None,
2024-10-19,Tron-o-matic 3 Pro,Dallas_01,81.0,None,
2024-10-19,Tron-o-matic 3 Pro,Houston_01,81.0,None,
2024-10-19,Tron-o-matic 3 Pro,WashingtonDC_01,81.0,None,
2024-10-19,Tron-o-matic 3 Pro,Atlanta_01,81.0,None,
2024-10-19,Tron-o-matic 3 Pro,Philadelphia_01,81.0,None,
2024-10-19,Tron-o-matic 4,Online_Store,60.38,SMALL_DEAL,
2024-10-19,Tron-o-matic 4,LosAngeles_01,60.38,SMALL_DEAL,
2024-10-19,Tron-o-matic 4,NewYork_01,60.38,SMALL_DEAL,
2024-10-19,Tron-o-matic 4,NewYork_02,60.38,SMALL_DEAL,
2024-10-19,Tron-o-matic 4,Chicago_01,60.38,SMALL_DEAL,
2024-10-19,Tron-o-matic 4,Dallas_01,60.38,SMALL_DEAL,
2024-10-19,Tron-o-matic 4,Houston_01,60.38,SMALL_DEAL,
2024-10-19,Tron-o-matic 4,WashingtonDC_01,60.38,SMALL_DEAL,
2024-10-19,Tron-o-matic 4,Atlanta_01,60.38,SMALL_DEAL,
2024-10-19,Tron-o-matic 4,Philadelphia_01,60.38,SMALL_DEAL,
2024-10-19,Tron-o-matic 4 Pro,Online_Store,81.85,SMALL_DEAL,
2024-10-19,Tron-o-matic 4 Pro,LosAngeles_01,81.85,SMALL_DEAL,
2024-10-19,Tron-o-matic 4 Pro,NewYork_01,81.85,SMALL_DEAL,
2024-10-19,Tron-o-matic 4 Pro,NewYork_02,81.85,SMALL_DEAL,
2024-10-19,Tron-o-matic 4 Pro,Chicago_01,81.85,SMALL_DEAL,
2024-10-19,Tron-o-matic 4 Pro,Dallas_01,81.85,SMALL_DEAL,
2024-10-19,Tron-o-matic 4 Pro,Houston_01,81.85,SMALL_DEAL,
2024-10-19,Tron-o-matic 4 Pro,WashingtonDC_01,81.85,SMALL_DEAL,
2024-10-19,Tron-o-matic 4 Pro,Atlanta_01,81.85,SMALL_DEAL,
2024-10-19,Tron-o-matic 4 Pro,Philadelphia_01,81.85,SMALL_DEAL,
2024-10-19,Tron-o-matic 5,Online_Store,72.0,None,
2024-10-19,Tron-o-matic 5,LosAngeles_01,72.0,None,
2024-10-19,Tron-o-matic 5,NewYork_01,72.0,None,
2024-10-19,Tron-o-matic 5,NewYork_02,72.0,None,
2024-10-19,Tron-o-matic 5,Chicago_01,72.0,None,
2024-10-19,Tron-o-matic 5,Dallas_01,72.0,None,
2024-10-19,Tron-o-matic 5,Houston_01,72.0,None,
2024-10-19,Tron-o-matic 5,WashingtonDC_01,72.0,None,
2024-10-19,Tron-o-matic 5,Atlanta_01,72.0,None,
2024-10-19,Tron-o-matic 5,Philadelphia_01,72.0,None,
2024-10-19,Tron-o-matic 5 Pro,Online_Store,99.0,None,
2024-10-19,Tron-o-matic 5 Pro,LosAngeles_01,99.0,None,
2024-10-19,Tron-o-matic 5 Pro,NewYork_01,99.0,None,
2024-10-19,Tron-o-matic 5 Pro,NewYork_02,99.0,None,
2024-10-19,Tron-o-matic 5 Pro,Chicago_01,99.0,None,
2024-10-19,Tron-o-matic 5 Pro,Dallas_01,99.0,None,
2024-10-19,Tron-o-matic 5 Pro,Houston_01,99.0,None,
2024-10-19,Tron-o-matic 5 Pro,WashingtonDC_01,99.0,None,
2024-10-19,Tron-o-matic 5 Pro,Atlanta_01,99.0,None,
2024-10-19,Tron-o-matic 5 Pro,Philadelphia_01,99.0,None,
2024-10-20,Tron-o-matic 1,Online_Store,54.0,None,
2024-10-20,Tron-o-matic 1,LosAngeles_01,54.0,None,
2024-10-20,Tron-o-matic 1,NewYork_01,54.0,None,
2024-10-20,Tron-o-matic 1,NewYork_02,54.0,None,
2024-10-20,Tron-o-matic 1,Chicago_01,54.0,None,
2024-10-20,Tron-o-matic 1,Dallas_01,54.0,None,
2024-10-20,Tron-o-matic 1,Houston_01,54.0,None,
2024-10-20,Tron-o-matic 1,WashingtonDC_01,54.0,None,
2024-10-20,Tron-o-matic 1,Atlanta_01,54.0,None,
2024-10-20,Tron-o-matic 1,Philadelphia_01,54.0,None,
2024-10-20,Tron-o-matic 1 Pro,Online_Store,72.0,None,
2024-10-20,Tron-o-matic 1 Pro,LosAngeles_01,72.0,None,
2024-10-20,Tron-o-matic 1 Pro,NewYork_01,72.0,None,
2024-10-20,Tron-o-matic 1 Pro,NewYork_02,72.0,None,
2024-10-20,Tron-o-matic 1 Pro,Chicago_01,72.0,None,
2024-10-20,Tron-o-matic 1 Pro,Dallas_01,72.0,None,
2024-10-20,Tron-o-matic 1 Pro,Houston_01,72.0,None,
2024-10-20,Tron-o-matic 1 Pro,WashingtonDC_01,72.0,None,
2024-10-20,Tron-o-matic 1 Pro,Atlanta_01,72.0,None,
2024-10-20,Tron-o-matic 1 Pro,Philadelphia_01,72.0,None,
2024-10-20,Tron-o-matic 2,Online_Store,49.5,None,
2024-10-20,Tron-o-matic 2,LosAngeles_01,49.5,None,
2024-10-20,Tron-o-matic 2,NewYork_01,49.5,None,
2024-10-20,Tron-o-matic 2,NewYork_02,49.5,None,
2024-10-20,Tron-o-matic 2,Chicago_01,49.5,None,
2024-10-20,Tron-o-matic 2,Dallas_01,49.5,None,
2024-10-20,Tron-o-matic 2,Houston_01,49.5,None,
2024-10-20,Tron-o-matic 2,WashingtonDC_01,49.5,None,
2024-10-20,Tron-o-matic 2,Atlanta_01,49.5,None,
2024-10-20,Tron-o-matic 2,Philadelphia_01,49.5,None,
2024-10-20,Tron-o-matic 2 Pro,Online_Store,76.5,None,
2024-10-20,Tron-o-matic 2 Pro,LosAngeles_01,76.5,None,
2024-10-20,Tron-o-matic 2 Pro,NewYork_01,76.5,None,
2024-10-20,Tron-o-matic 2 Pro,NewYork_02,76.5,None,
2024-10-20,Tron-o-matic 2 Pro,Chicago_01,76.5,None,
2024-10-20,Tron-o-matic 2 Pro,Dallas_01,76.5,None,
2024-10-20,Tron-o-matic 2 Pro,Houston_01,76.5,None,
2024-10-20,Tron-o-matic 2 Pro,WashingtonDC_01,76.5,None,
2024-10-20,Tron-o-matic 2 Pro,Atlanta_01,76.5,None,
2024-10-20,Tron-o-matic 2 Pro,Philadelphia_01,76.5,None,
2024-10-20,Tron-o-matic 3,Online_Store,54.0,None,
2024-10-20,Tron-o-matic 3,LosAngeles_01,54.0,None,
2024-10-20,Tron-o-matic 3,NewYork_01,54.0,None,
2024-10-20,Tron-o-matic 3,NewYork_02,54.0,None,
2024-10-20,Tron-o-matic 3,Chicago_01,54.0,None,
2024-10-20,Tron-o-matic 3,Dallas_01,54.0,None,
2024-10-20,Tron-o-matic 3,Houston_01,54.0,None,
2024-10-20,Tron-o-matic 3,WashingtonDC_01,54.0,None,
2024-10-20,Tron-o-matic 3,Atlanta_01,54.0,None,
2024-10-20,Tron-o-matic 3,Philadelphia_01,54.0,None,
2024-10-20,Tron-o-matic 3 Pro,Online_Store,62.38,BIG_DEAL,
2024-10-20,Tron-o-matic 3 Pro,LosAngeles_01,62.38,BIG_DEAL,
2024-10-20,Tron-o-matic 3 Pro,NewYork_01,62.38,BIG_DEAL,
2024-10-20,Tron-o-matic 3 Pro,NewYork_02,62.38,BIG_DEAL,
2024-10-20,Tron-o-matic 3 Pro,Chicago_01,62.38,BIG_DEAL,
2024-10-20,Tron-o-matic 3 Pro,Dallas_01,62.38,BIG_DEAL,
2024-10-20,Tron-o-matic 3 Pro,Houston_01,62.38,BIG_DEAL,
2024-10-20,Tron-o-matic 3 Pro,WashingtonDC_01,62.38,BIG_DEAL,
2024-10-20,Tron-o-matic 3 Pro,Atlanta_01,62.38,BIG_DEAL,
2024-10-20,Tron-o-matic 3 Pro,Philadelphia_01,62.38,BIG_DEAL,
2024-10-20,Tron-o-matic 4,Online_Store,67.5,None,
2024-10-20,Tron-o-matic 4,LosAngeles_01,67.5,None,
2024-10-20,Tron-o-matic 4,NewYork_01,67.5,None,
2024-10-20,Tron-o-matic 4,NewYork_02,67.5,None,
2024-10-20,Tron-o-matic 4,Chicago_01,67.5,None,
2024-10-20,Tron-o-matic 4,Dallas_01,67.5,None,
2024-10-20,Tron-o-matic 4,Houston_01,67.5,None,
2024-10-20,Tron-o-matic 4,WashingtonDC_01,67.5,None,
2024-10-20,Tron-o-matic 4,Atlanta_01,67.5,None,
2024-10-20,Tron-o-matic 4,Philadelphia_01,67.5,None,
2024-10-20,Tron-o-matic 4 Pro,Online_Store,90.0,None,
2024-10-20,Tron-o-matic 4 Pro,LosAngeles_01,90.0,None,
2024-10-20,Tron-o-matic 4 Pro,NewYork_01,90.0,None,
2024-10-20,Tron-o-matic 4 Pro,NewYork_02,90.0,None,
2024-10-20,Tron-o-matic 4 Pro,Chicago_01,90.0,None,
2024-10-20,Tron-o-matic 4 Pro,Dallas_01,90.0,None,
2024-10-20,Tron-o-matic 4 Pro,Houston_01,90.0,None,
2024-10-20,Tron-o-matic 4 Pro,WashingtonDC_01,90.0,None,
2024-10-20,Tron-o-matic 4 Pro,Atlanta_01,90.0,None,
2024-10-20,Tron-o-matic 4 Pro,Philadelphia_01,90.0,None,
2024-10-20,Tron-o-matic 5,Online_Store,72.0,None,
2024-10-20,Tron-o-matic 5,LosAngeles_01,72.0,None,
2024-10-20,Tron-o-matic 5,NewYork_01,72.0,None,
2024-10-20,Tron-o-matic 5,NewYork_02,72.0,None,
2024-10-20,Tron-o-matic 5,Chicago_01,72.0,None,
2024-10-20,Tron-o-matic 5,Dallas_01,72.0,None,
2024-10-20,Tron-o-matic 5,Houston_01,72.0,None,
2024-10-20,Tron-o-matic 5,WashingtonDC_01,72.0,None,
2024-10-20,Tron-o-matic 5,Atlanta_01,72.0,None,
2024-10-20,Tron-o-matic 5,Philadelphia_01,72.0,None,
2024-10-20,Tron-o-matic 5 Pro,Online_Store,99.0,None,
2024-10-20,Tron-o-matic 5 Pro,LosAngeles_01,99.0,None,
2024-10-20,Tron-o-matic 5 Pro,NewYork_01,99.0,None,
2024-10-20,Tron-o-matic 5 Pro,NewYork_02,99.0,None,
2024-10-20,Tron-o-matic 5 Pro,Chicago_01,99.0,None,
2024-10-20,Tron-o-matic 5 Pro,Dallas_01,99.0,None,
2024-10-20,Tron-o-matic 5 Pro,Houston_01,99.0,None,
2024-10-20,Tron-o-matic 5 Pro,WashingtonDC_01,99.0,None,
2024-10-20,Tron-o-matic 5 Pro,Atlanta_01,99.0,None,
2024-10-20,Tron-o-matic 5 Pro,Philadelphia_01,99.0,None,
2024-10-21,Tron-o-matic 1,Online_Store,54.0,None,
2024-10-21,Tron-o-matic 1,LosAngeles_01,54.0,None,
2024-10-21,Tron-o-matic 1,NewYork_01,54.0,None,
2024-10-21,Tron-o-matic 1,NewYork_02,54.0,None,
2024-10-21,Tron-o-matic 1,Chicago_01,54.0,None,
2024-10-21,Tron-o-matic 1,Dallas_01,54.0,None,
2024-10-21,Tron-o-matic 1,Houston_01,54.0,None,
2024-10-21,Tron-o-matic 1,WashingtonDC_01,54.0,None,
2024-10-21,Tron-o-matic 1,Atlanta_01,54.0,None,
2024-10-21,Tron-o-matic 1,Philadelphia_01,54.0,None,
2024-10-21,Tron-o-matic 1 Pro,Online_Store,72.0,None,
2024-10-21,Tron-o-matic 1 Pro,LosAngeles_01,72.0,None,
2024-10-21,Tron-o-matic 1 Pro,NewYork_01,72.0,None,
2024-10-21,Tron-o-matic 1 Pro,NewYork_02,72.0,None,
2024-10-21,Tron-o-matic 1 Pro,Chicago_01,72.0,None,
2024-10-21,Tron-o-matic 1 Pro,Dallas_01,72.0,None,
2024-10-21,Tron-o-matic 1 Pro,Houston_01,72.0,None,
2024-10-21,Tron-o-matic 1 Pro,WashingtonDC_01,72.0,None,
2024-10-21,Tron-o-matic 1 Pro,Atlanta_01,72.0,None,
2024-10-21,Tron-o-matic 1 Pro,Philadelphia_01,72.0,None,
2024-10-21,Tron-o-matic 2,Online_Store,37.9,BIG_DEAL,
2024-10-21,Tron-o-matic 2,LosAngeles_01,37.9,BIG_DEAL,
2024-10-21,Tron-o-matic 2,NewYork_01,37.9,BIG_DEAL,
2024-10-21,Tron-o-matic 2,NewYork_02,37.9,BIG_DEAL,
2024-10-21,Tron-o-matic 2,Chicago_01,37.9,BIG_DEAL,
2024-10-21,Tron-o-matic 2,Dallas_01,37.9,BIG_DEAL,
2024-10-21,Tron-o-matic 2,Houston_01,37.9,BIG_DEAL,
2024-10-21,Tron-o-matic 2,WashingtonDC_01,37.9,BIG_DEAL,
2024-10-21,Tron-o-matic 2,Atlanta_01,37.9,BIG_DEAL,
2024-10-21,Tron-o-matic 2,Philadelphia_01,37.9,BIG_DEAL,
2024-10-21,Tron-o-matic 2 Pro,Online_Store,76.5,None,
2024-10-21,Tron-o-matic 2 Pro,LosAngeles_01,76.5,None,
2024-10-21,Tron-o-matic 2 Pro,NewYork_01,76.5,None,
2024-10-21,Tron-o-matic 2 Pro,NewYork_02,76.5,None,
2024-10-21,Tron-o-matic 2 Pro,Chicago_01,76.5,None,
2024-10-21,Tron-o-matic 2 Pro,Dallas_01,76.5,None,
2024-10-21,Tron-o-matic 2 Pro,Houston_01,76.5,None,
2024-10-21,Tron-o-matic 2 Pro,WashingtonDC_01,76.5,None,
2024-10-21,Tron-o-matic 2 Pro,Atlanta_01,76.5,None,
2024-10-21,Tron-o-matic 2 Pro,Philadelphia_01,76.5,None,
2024-10-21,Tron-o-matic 3,Online_Store,47.57,SMALL_DEAL,
2024-10-21,Tron-o-matic 3,LosAngeles_01,47.57,SMALL_DEAL,
2024-10-21,Tron-o-matic 3,NewYork_01,47.57,SMALL_DEAL,
2024-10-21,Tron-o-matic 3,NewYork_02,47.57,SMALL_DEAL,
2024-10-21,Tron-o-matic 3,Chicago_01,47.57,SMALL_DEAL,
2024-10-21,Tron-o-matic 3,Dallas_01,47.57,SMALL_DEAL,
2024-10-21,Tron-o-matic 3,Houston_01,47.57,SMALL_DEAL,
2024-10-21,Tron-o-matic 3,WashingtonDC_01,47.57,SMALL_DEAL,
2024-10-21,Tron-o-matic 3,Atlanta_01,47.57,SMALL_DEAL,
2024-10-21,Tron-o-matic 3,Philadelphia_01,47.57,SMALL_DEAL,
2024-10-21,Tron-o-matic 3 Pro,Online_Store,76.51,SMALL_DEAL,
2024-10-21,Tron-o-matic 3 Pro,LosAngeles_01,76.51,SMALL_DEAL,
2024-10-21,Tron-o-matic 3 Pro,NewYork_01,76.51,SMALL_DEAL,
2024-10-21,Tron-o-matic 3 Pro,NewYork_02,76.51,SMALL_DEAL,
2024-10-21,Tron-o-matic 3 Pro,Chicago_01,76.51,SMALL_DEAL,
2024-10-21,Tron-o-matic 3 Pro,Dallas_01,76.51,SMALL_DEAL,
2024-10-21,Tron-o-matic 3 Pro,Houston_01,76.51,SMALL_DEAL,
2024-10-21,Tron-o-matic 3 Pro,WashingtonDC_01,76.51,SMALL_DEAL,
2024-10-21,Tron-o-matic 3 Pro,Atlanta_01,76.51,SMALL_DEAL,
2024-10-21,Tron-o-matic 3 Pro,Philadelphia_01,76.51,SMALL_DEAL,
2024-10-21,Tron-o-matic 4,Online_Store,67.5,None,
2024-10-21,Tron-o-matic 4,LosAngeles_01,67.5,None,
2024-10-21,Tron-o-matic 4,NewYork_01,67.5,None,
2024-10-21,Tron-o-matic 4,NewYork_02,67.5,None,
2024-10-21,Tron-o-matic 4,Chicago_01,67.5,None,
2024-10-21,Tron-o-matic 4,Dallas_01,67.5,None,
2024-10-21,Tron-o-matic 4,Houston_01,67.5,None,
2024-10-21,Tron-o-matic 4,WashingtonDC_01,67.5,None,
2024-10-21,Tron-o-matic 4,Atlanta_01,67.5,None,
2024-10-21,Tron-o-matic 4,Philadelphia_01,67.5,None,
2024-10-21,Tron-o-matic 4 Pro,Online_Store,90.0,None,
2024-10-21,Tron-o-matic 4 Pro,LosAngeles_01,90.0,None,
2024-10-21,Tron-o-matic 4 Pro,NewYork_01,90.0,None,
2024-10-21,Tron-o-matic 4 Pro,NewYork_02,90.0,None,
2024-10-21,Tron-o-matic 4 Pro,Chicago_01,90.0,None,
2024-10-21,Tron-o-matic 4 Pro,Dallas_01,90.0,None,
2024-10-21,Tron-o-matic 4 Pro,Houston_01,90.0,None,
2024-10-21,Tron-o-matic 4 Pro,WashingtonDC_01,90.0,None,
2024-10-21,Tron-o-matic 4 Pro,Atlanta_01,90.0,None,
2024-10-21,Tron-o-matic 4 Pro,Philadelphia_01,90.0,None,
2024-10-21,Tron-o-matic 5,Online_Store,72.0,None,
2024-10-21,Tron-o-matic 5,LosAngeles_01,72.0,None,
2024-10-21,Tron-o-matic 5,NewYork_01,72.0,None,
2024-10-21,Tron-o-matic 5,NewYork_02,72.0,None,
2024-10-21,Tron-o-matic 5,Chicago_01,72.0,None,
2024-10-21,Tron-o-matic 5,Dallas_01,72.0,None,
2024-10-21,Tron-o-matic 5,Houston_01,72.0,None,
2024-10-21,Tron-o-matic 5,WashingtonDC_01,72.0,None,
2024-10-21,Tron-o-matic 5,Atlanta_01,72.0,None,
2024-10-21,Tron-o-matic 5,Philadelphia_01,72.0,None,
2024-10-21,Tron-o-matic 5 Pro,Online_Store,99.0,None,
2024-10-21,Tron-o-matic 5 Pro,LosAngeles_01,99.0,None,
2024-10-21,Tron-o-matic 5 Pro,NewYork_01,99.0,None,
2024-10-21,Tron-o-matic 5 Pro,NewYork_02,99.0,None,
2024-10-21,Tron-o-matic 5 Pro,Chicago_01,99.0,None,
2024-10-21,Tron-o-matic 5 Pro,Dallas_01,99.0,None,
2024-10-21,Tron-o-matic 5 Pro,Houston_01,99.0,None,
2024-10-21,Tron-o-matic 5 Pro,WashingtonDC_01,99.0,None,
2024-10-21,Tron-o-matic 5 Pro,Atlanta_01,99.0,None,
2024-10-21,Tron-o-matic 5 Pro,Philadelphia_01,99.0,None,
2024-10-22,Tron-o-matic 1,Online_Store,49.11,SMALL_DEAL,
2024-10-22,Tron-o-matic 1,LosAngeles_01,49.11,SMALL_DEAL,
2024-10-22,Tron-o-matic 1,NewYork_01,49.11,SMALL_DEAL,
2024-10-22,Tron-o-matic 1,NewYork_02,49.11,SMALL_DEAL,
2024-10-22,Tron-o-matic 1,Chicago_01,49.11,SMALL_DEAL,
2024-10-22,Tron-o-matic 1,Dallas_01,49.11,SMALL_DEAL,
2024-10-22,Tron-o-matic 1,Houston_01,49.11,SMALL_DEAL,
2024-10-22,Tron-o-matic 1,WashingtonDC_01,49.11,SMALL_DEAL,
2024-10-22,Tron-o-matic 1,Atlanta_01,49.11,SMALL_DEAL,
2024-10-22,Tron-o-matic 1,Philadelphia_01,49.11,SMALL_DEAL,
2024-10-22,Tron-o-matic 1 Pro,Online_Store,72.0,None,
2024-10-22,Tron-o-matic 1 Pro,LosAngeles_01,72.0,None,
2024-10-22,Tron-o-matic 1 Pro,NewYork_01,72.0,None,
2024-10-22,Tron-o-matic 1 Pro,NewYork_02,72.0,None,
2024-10-22,Tron-o-matic 1 Pro,Chicago_01,72.0,None,
2024-10-22,Tron-o-matic 1 Pro,Dallas_01,72.0,None,
2024-10-22,Tron-o-matic 1 Pro,Houston_01,72.0,None,
2024-10-22,Tron-o-matic 1 Pro,WashingtonDC_01,72.0,None,
2024-10-22,Tron-o-matic 1 Pro,Atlanta_01,72.0,None,
2024-10-22,Tron-o-matic 1 Pro,Philadelphia_01,72.0,None,
2024-10-22,Tron-o-matic 2,Online_Store,49.5,None,
2024-10-22,Tron-o-matic 2,LosAngeles_01,49.5,None,
2024-10-22,Tron-o-matic 2,NewYork_01,49.5,None,
2024-10-22,Tron-o-matic 2,NewYork_02,49.5,None,
2024-10-22,Tron-o-matic 2,Chicago_01,49.5,None,
2024-10-22,Tron-o-matic 2,Dallas_01,49.5,None,
2024-10-22,Tron-o-matic 2,Houston_01,49.5,None,
2024-10-22,Tron-o-matic 2,WashingtonDC_01,49.5,None,
2024-10-22,Tron-o-matic 2,Atlanta_01,49.5,None,
2024-10-22,Tron-o-matic 2,Philadelphia_01,49.5,None,
2024-10-22,Tron-o-matic 2 Pro,Online_Store,76.5,None,
2024-10-22,Tron-o-matic 2 Pro,LosAngeles_01,76.5,None,
2024-10-22,Tron-o-matic 2 Pro,NewYork_01,76.5,None,
2024-10-22,Tron-o-matic 2 Pro,NewYork_02,76.5,None,
2024-10-22,Tron-o-matic 2 Pro,Chicago_01,76.5,None,
2024-10-22,Tron-o-matic 2 Pro,Dallas_01,76.5,None,
2024-10-22,Tron-o-matic 2 Pro,Houston_01,76.5,None,
2024-10-22,Tron-o-matic 2 Pro,WashingtonDC_01,76.5,None,
2024-10-22,Tron-o-matic 2 Pro,Atlanta_01,76.5,None,
2024-10-22,Tron-o-matic 2 Pro,Philadelphia_01,76.5,None,
2024-10-22,Tron-o-matic 3,Online_Store,54.0,None,
2024-10-22,Tron-o-matic 3,LosAngeles_01,54.0,None,
2024-10-22,Tron-o-matic 3,NewYork_01,54.0,None,
2024-10-22,Tron-o-matic 3,NewYork_02,54.0,None,
2024-10-22,Tron-o-matic 3,Chicago_01,54.0,None,
2024-10-22,Tron-o-matic 3,Dallas_01,54.0,None,
2024-10-22,Tron-o-matic 3,Houston_01,54.0,None,
2024-10-22,Tron-o-matic 3,WashingtonDC_01,54.0,None,
2024-10-22,Tron-o-matic 3,Atlanta_01,54.0,None,
2024-10-22,Tron-o-matic 3,Philadelphia_01,54.0,None,
2024-10-22,Tron-o-matic 3 Pro,Online_Store,71.65,SMALL_DEAL,
2024-10-22,Tron-o-matic 3 Pro,LosAngeles_01,71.65,SMALL_DEAL,
2024-10-22,Tron-o-matic 3 Pro,NewYork_01,71.65,SMALL_DEAL,
2024-10-22,Tron-o-matic 3 Pro,NewYork_02,71.65,SMALL_DEAL,
2024-10-22,Tron-o-matic 3 Pro,Chicago_01,71.65,SMALL_DEAL,
2024-10-22,Tron-o-matic 3 Pro,Dallas_01,71.65,SMALL_DEAL,
2024-10-22,Tron-o-matic 3 Pro,Houston_01,71.65,SMALL_DEAL,
2024-10-22,Tron-o-matic 3 Pro,WashingtonDC_01,71.65,SMALL_DEAL,
2024-10-22,Tron-o-matic 3 Pro,Atlanta_01,71.65,SMALL_DEAL,
2024-10-22,Tron-o-matic 3 Pro,Philadelphia_01,71.65,SMALL_DEAL,
2024-10-22,Tron-o-matic 4,Online_Store,48.77,BIG_DEAL,
2024-10-22,Tron-o-matic 4,LosAngeles_01,48.77,BIG_DEAL,
2024-10-22,Tron-o-matic 4,NewYork_01,48.77,BIG_DEAL,
2024-10-22,Tron-o-matic 4,NewYork_02,48.77,BIG_DEAL,
2024-10-22,Tron-o-matic 4,Chicago_01,48.77,BIG_DEAL,
2024-10-22,Tron-o-matic 4,Dallas_01,48.77,BIG_DEAL,
2024-10-22,Tron-o-matic 4,Houston_01,48.77,BIG_DEAL,
2024-10-22,Tron-o-matic 4,WashingtonDC_01,48.77,BIG_DEAL,
2024-10-22,Tron-o-matic 4,Atlanta_01,48.77,BIG_DEAL,
2024-10-22,Tron-o-matic 4,Philadelphia_01,48.77,BIG_DEAL,
2024-10-22,Tron-o-matic 4 Pro,Online_Store,64.38,BIG_DEAL,
2024-10-22,Tron-o-matic 4 Pro,LosAngeles_01,64.38,BIG_DEAL,
2024-10-22,Tron-o-matic 4 Pro,NewYork_01,64.38,BIG_DEAL,
2024-10-22,Tron-o-matic 4 Pro,NewYork_02,64.38,BIG_DEAL,
2024-10-22,Tron-o-matic 4 Pro,Chicago_01,64.38,BIG_DEAL,
2024-10-22,Tron-o-matic 4 Pro,Dallas_01,64.38,BIG_DEAL,
2024-10-22,Tron-o-matic 4 Pro,Houston_01,64.38,BIG_DEAL,
2024-10-22,Tron-o-matic 4 Pro,WashingtonDC_01,64.38,BIG_DEAL,
2024-10-22,Tron-o-matic 4 Pro,Atlanta_01,64.38,BIG_DEAL,
2024-10-22,Tron-o-matic 4 Pro,Philadelphia_01,64.38,BIG_DEAL,
2024-10-22,Tron-o-matic 5,Online_Store,72.0,None,
2024-10-22,Tron-o-matic 5,LosAngeles_01,72.0,None,
2024-10-22,Tron-o-matic 5,NewYork_01,72.0,None,
2024-10-22,Tron-o-matic 5,NewYork_02,72.0,None,
2024-10-22,Tron-o-matic 5,Chicago_01,72.0,None,
2024-10-22,Tron-o-matic 5,Dallas_01,72.0,None,
2024-10-22,Tron-o-matic 5,Houston_01,72.0,None,
2024-10-22,Tron-o-matic 5,WashingtonDC_01,72.0,None,
2024-10-22,Tron-o-matic 5,Atlanta_01,72.0,None,
2024-10-22,Tron-o-matic 5,Philadelphia_01,72.0,None,
2024-10-22,Tron-o-matic 5 Pro,Online_Store,99.0,None,
2024-10-22,Tron-o-matic 5 Pro,LosAngeles_01,99.0,None,
2024-10-22,Tron-o-matic 5 Pro,NewYork_01,99.0,None,
2024-10-22,Tron-o-matic 5 Pro,NewYork_02,99.0,None,
2024-10-22,Tron-o-matic 5 Pro,Chicago_01,99.0,None,
2024-10-22,Tron-o-matic 5 Pro,Dallas_01,99.0,None,
2024-10-22,Tron-o-matic 5 Pro,Houston_01,99.0,None,
2024-10-22,Tron-o-matic 5 Pro,WashingtonDC_01,99.0,None,
2024-10-22,Tron-o-matic 5 Pro,Atlanta_01,99.0,None,
2024-10-22,Tron-o-matic 5 Pro,Philadelphia_01,99.0,None,
2024-10-23,Tron-o-matic 1,Online_Store,54.0,None,
2024-10-23,Tron-o-matic 1,LosAngeles_01,54.0,None,
2024-10-23,Tron-o-matic 1,NewYork_01,54.0,None,
2024-10-23,Tron-o-matic 1,NewYork_02,54.0,None,
2024-10-23,Tron-o-matic 1,Chicago_01,54.0,None,
2024-10-23,Tron-o-matic 1,Dallas_01,54.0,None,
2024-10-23,Tron-o-matic 1,Houston_01,54.0,None,
2024-10-23,Tron-o-matic 1,WashingtonDC_01,54.0,None,
2024-10-23,Tron-o-matic 1,Atlanta_01,54.0,None,
2024-10-23,Tron-o-matic 1,Philadelphia_01,54.0,None,
2024-10-23,Tron-o-matic 1 Pro,Online_Store,55.33,BIG_DEAL,
2024-10-23,Tron-o-matic 1 Pro,LosAngeles_01,55.33,BIG_DEAL,
2024-10-23,Tron-o-matic 1 Pro,NewYork_01,55.33,BIG_DEAL,
2024-10-23,Tron-o-matic 1 Pro,NewYork_02,55.33,BIG_DEAL,
2024-10-23,Tron-o-matic 1 Pro,Chicago_01,55.33,BIG_DEAL,
2024-10-23,Tron-o-matic 1 Pro,Dallas_01,55.33,BIG_DEAL,
2024-10-23,Tron-o-matic 1 Pro,Houston_01,55.33,BIG_DEAL,
2024-10-23,Tron-o-matic 1 Pro,WashingtonDC_01,55.33,BIG_DEAL,
2024-10-23,Tron-o-matic 1 Pro,Atlanta_01,55.33,BIG_DEAL,
2024-10-23,Tron-o-matic 1 Pro,Philadelphia_01,55.33,BIG_DEAL,
2024-10-23,Tron-o-matic 2,Online_Store,34.76,BIG_DEAL,
2024-10-23,Tron-o-matic 2,LosAngeles_01,34.76,BIG_DEAL,
2024-10-23,Tron-o-matic 2,NewYork_01,34.76,BIG_DEAL,
2024-10-23,Tron-o-matic 2,NewYork_02,34.76,BIG_DEAL,
2024-10-23,Tron-o-matic 2,Chicago_01,34.76,BIG_DEAL,
2024-10-23,Tron-o-matic 2,Dallas_01,34.76,BIG_DEAL,
2024-10-23,Tron-o-matic 2,Houston_01,34.76,BIG_DEAL,
2024-10-23,Tron-o-matic 2,WashingtonDC_01,34.76,BIG_DEAL,
2024-10-23,Tron-o-matic 2,Atlanta_01,34.76,BIG_DEAL,
2024-10-23,Tron-o-matic 2,Philadelphia_01,34.76,BIG_DEAL,
2024-10-23,Tron-o-matic 2 Pro,Online_Store,72.18,SMALL_DEAL,
2024-10-23,Tron-o-matic 2 Pro,LosAngeles_01,72.18,SMALL_DEAL,
2024-10-23,Tron-o-matic 2 Pro,NewYork_01,72.18,SMALL_DEAL,
2024-10-23,Tron-o-matic 2 Pro,NewYork_02,72.18,SMALL_DEAL,
2024-10-23,Tron-o-matic 2 Pro,Chicago_01,72.18,SMALL_DEAL,
2024-10-23,Tron-o-matic 2 Pro,Dallas_01,72.18,SMALL_DEAL,
2024-10-23,Tron-o-matic 2 Pro,Houston_01,72.18,SMALL_DEAL,
2024-10-23,Tron-o-matic 2 Pro,WashingtonDC_01,72.18,SMALL_DEAL,
2024-10-23,Tron-o-matic 2 Pro,Atlanta_01,72.18,SMALL_DEAL,
2024-10-23,Tron-o-matic 2 Pro,Philadelphia_01,72.18,SMALL_DEAL,
2024-10-23,Tron-o-matic 3,Online_Store,54.0,None,
2024-10-23,Tron-o-matic 3,LosAngeles_01,54.0,None,
2024-10-23,Tron-o-matic 3,NewYork_01,54.0,None,
2024-10-23,Tron-o-matic 3,NewYork_02,54.0,None,
2024-10-23,Tron-o-matic 3,Chicago_01,54.0,None,
2024-10-23,Tron-o-matic 3,Dallas_01,54.0,None,
2024-10-23,Tron-o-matic 3,Houston_01,54.0,None,
2024-10-23,Tron-o-matic 3,WashingtonDC_01,54.0,None,
2024-10-23,Tron-o-matic 3,Atlanta_01,54.0,None,
2024-10-23,Tron-o-matic 3,Philadelphia_01,54.0,None,
2024-10-23,Tron-o-matic 3 Pro,Online_Store,69.38,SMALL_DEAL,
2024-10-23,Tron-o-matic 3 Pro,LosAngeles_01,69.38,SMALL_DEAL,
2024-10-23,Tron-o-matic 3 Pro,NewYork_01,69.38,SMALL_DEAL,
2024-10-23,Tron-o-matic 3 Pro,NewYork_02,69.38,SMALL_DEAL,
2024-10-23,Tron-o-matic 3 Pro,Chicago_01,69.38,SMALL_DEAL,
2024-10-23,Tron-o-matic 3 Pro,Dallas_01,69.38,SMALL_DEAL,
2024-10-23,Tron-o-matic 3 Pro,Houston_01,69.38,SMALL_DEAL,
2024-10-23,Tron-o-matic 3 Pro,WashingtonDC_01,69.38,SMALL_DEAL,
2024-10-23,Tron-o-matic 3 Pro,Atlanta_01,69.38,SMALL_DEAL,
2024-10-23,Tron-o-matic 3 Pro,Philadelphia_01,69.38,SMALL_DEAL,
2024-10-23,Tron-o-matic 4,Online_Store,50.92,BIG_DEAL,
2024-10-23,Tron-o-matic 4,LosAngeles_01,50.92,BIG_DEAL,
2024-10-23,Tron-o-matic 4,NewYork_01,50.92,BIG_DEAL,
2024-10-23,Tron-o-matic 4,NewYork_02,50.92,BIG_DEAL,
2024-10-23,Tron-o-matic 4,Chicago_01,50.92,BIG_DEAL,
2024-10-23,Tron-o-matic 4,Dallas_01,50.92,BIG_DEAL,
2024-10-23,Tron-o-matic 4,Houston_01,50.92,BIG_DEAL,
2024-10-23,Tron-o-matic 4,WashingtonDC_01,50.92,BIG_DEAL,
2024-10-23,Tron-o-matic 4,Atlanta_01,50.92,BIG_DEAL,
2024-10-23,Tron-o-matic 4,Philadelphia_01,50.92,BIG_DEAL,
2024-10-23,Tron-o-matic 4 Pro,Online_Store,71.13,BIG_DEAL,
2024-10-23,Tron-o-matic 4 Pro,LosAngeles_01,71.13,BIG_DEAL,
2024-10-23,Tron-o-matic 4 Pro,NewYork_01,71.13,BIG_DEAL,
2024-10-23,Tron-o-matic 4 Pro,NewYork_02,71.13,BIG_DEAL,
2024-10-23,Tron-o-matic 4 Pro,Chicago_01,71.13,BIG_DEAL,
2024-10-23,Tron-o-matic 4 Pro,Dallas_01,71.13,BIG_DEAL,
2024-10-23,Tron-o-matic 4 Pro,Houston_01,71.13,BIG_DEAL,
2024-10-23,Tron-o-matic 4 Pro,WashingtonDC_01,71.13,BIG_DEAL,
2024-10-23,Tron-o-matic 4 Pro,Atlanta_01,71.13,BIG_DEAL,
2024-10-23,Tron-o-matic 4 Pro,Philadelphia_01,71.13,BIG_DEAL,
2024-10-23,Tron-o-matic 5,Online_Store,72.0,None,
2024-10-23,Tron-o-matic 5,LosAngeles_01,72.0,None,
2024-10-23,Tron-o-matic 5,NewYork_01,72.0,None,
2024-10-23,Tron-o-matic 5,NewYork_02,72.0,None,
2024-10-23,Tron-o-matic 5,Chicago_01,72.0,None,
2024-10-23,Tron-o-matic 5,Dallas_01,72.0,None,
2024-10-23,Tron-o-matic 5,Houston_01,72.0,None,
2024-10-23,Tron-o-matic 5,WashingtonDC_01,72.0,None,
2024-10-23,Tron-o-matic 5,Atlanta_01,72.0,None,
2024-10-23,Tron-o-matic 5,Philadelphia_01,72.0,None,
2024-10-23,Tron-o-matic 5 Pro,Online_Store,99.0,None,
2024-10-23,Tron-o-matic 5 Pro,LosAngeles_01,99.0,None,
2024-10-23,Tron-o-matic 5 Pro,NewYork_01,99.0,None,
2024-10-23,Tron-o-matic 5 Pro,NewYork_02,99.0,None,
2024-10-23,Tron-o-matic 5 Pro,Chicago_01,99.0,None,
2024-10-23,Tron-o-matic 5 Pro,Dallas_01,99.0,None,
2024-10-23,Tron-o-matic 5 Pro,Houston_01,99.0,None,
2024-10-23,Tron-o-matic 5 Pro,WashingtonDC_01,99.0,None,
2024-10-23,Tron-o-matic 5 Pro,Atlanta_01,99.0,None,
2024-10-23,Tron-o-matic 5 Pro,Philadelphia_01,99.0,None,
2024-10-24,Tron-o-matic 1,Online_Store,50.26,SMALL_DEAL,
2024-10-24,Tron-o-matic 1,LosAngeles_01,50.26,SMALL_DEAL,
2024-10-24,Tron-o-matic 1,NewYork_01,50.26,SMALL_DEAL,
2024-10-24,Tron-o-matic 1,NewYork_02,50.26,SMALL_DEAL,
2024-10-24,Tron-o-matic 1,Chicago_01,50.26,SMALL_DEAL,
2024-10-24,Tron-o-matic 1,Dallas_01,50.26,SMALL_DEAL,
2024-10-24,Tron-o-matic 1,Houston_01,50.26,SMALL_DEAL,
2024-10-24,Tron-o-matic 1,WashingtonDC_01,50.26,SMALL_DEAL,
2024-10-24,Tron-o-matic 1,Atlanta_01,50.26,SMALL_DEAL,
2024-10-24,Tron-o-matic 1,Philadelphia_01,50.26,SMALL_DEAL,
2024-10-24,Tron-o-matic 1 Pro,Online_Store,72.0,None,
2024-10-24,Tron-o-matic 1 Pro,LosAngeles_01,72.0,None,
2024-10-24,Tron-o-matic 1 Pro,NewYork_01,72.0,None,
2024-10-24,Tron-o-matic 1 Pro,NewYork_02,72.0,None,
2024-10-24,Tron-o-matic 1 Pro,Chicago_01,72.0,None,
2024-10-24,Tron-o-matic 1 Pro,Dallas_01,72.0,None,
2024-10-24,Tron-o-matic 1 Pro,Houston_01,72.0,None,
2024-10-24,Tron-o-matic 1 Pro,WashingtonDC_01,72.0,None,
2024-10-24,Tron-o-matic 1 Pro,Atlanta_01,72.0,None,
2024-10-24,Tron-o-matic 1 Pro,Philadelphia_01,72.0,None,
2024-10-24,Tron-o-matic 2,Online_Store,37.92,BIG_DEAL,
2024-10-24,Tron-o-matic 2,LosAngeles_01,37.92,BIG_DEAL,
2024-10-24,Tron-o-matic 2,NewYork_01,37.92,BIG_DEAL,
2024-10-24,Tron-o-matic 2,NewYork_02,37.92,BIG_DEAL,
2024-10-24,Tron-o-matic 2,Chicago_01,37.92,BIG_DEAL,
2024-10-24,Tron-o-matic 2,Dallas_01,37.92,BIG_DEAL,
2024-10-24,Tron-o-matic 2,Houston_01,37.92,BIG_DEAL,
2024-10-24,Tron-o-matic 2,WashingtonDC_01,37.92,BIG_DEAL,
2024-10-24,Tron-o-matic 2,Atlanta_01,37.92,BIG_DEAL,
2024-10-24,Tron-o-matic 2,Philadelphia_01,37.92,BIG_DEAL,
2024-10-24,Tron-o-matic 2 Pro,Online_Store,76.5,None,
2024-10-24,Tron-o-matic 2 Pro,LosAngeles_01,76.5,None,
2024-10-24,Tron-o-matic 2 Pro,NewYork_01,76.5,None,
2024-10-24,Tron-o-matic 2 Pro,NewYork_02,76.5,None,
2024-10-24,Tron-o-matic 2 Pro,Chicago_01,76.5,None,
2024-10-24,Tron-o-matic 2 Pro,Dallas_01,76.5,None,
2024-10-24,Tron-o-matic 2 Pro,Houston_01,76.5,None,
2024-10-24,Tron-o-matic 2 Pro,WashingtonDC_01,76.5,None,
2024-10-24,Tron-o-matic 2 Pro,Atlanta_01,76.5,None,
2024-10-24,Tron-o-matic 2 Pro,Philadelphia_01,76.5,None,
2024-10-24,Tron-o-matic 3,Online_Store,54.0,None,
2024-10-24,Tron-o-matic 3,LosAngeles_01,54.0,None,
2024-10-24,Tron-o-matic 3,NewYork_01,54.0,None,
2024-10-24,Tron-o-matic 3,NewYork_02,54.0,None,
2024-10-24,Tron-o-matic 3,Chicago_01,54.0,None,
2024-10-24,Tron-o-matic 3,Dallas_01,54.0,None,
2024-10-24,Tron-o-matic 3,Houston_01,54.0,None,
2024-10-24,Tron-o-matic 3,WashingtonDC_01,54.0,None,
2024-10-24,Tron-o-matic 3,Atlanta_01,54.0,None,
2024-10-24,Tron-o-matic 3,Philadelphia_01,54.0,None,
2024-10-24,Tron-o-matic 3 Pro,Online_Store,81.0,None,
2024-10-24,Tron-o-matic 3 Pro,LosAngeles_01,81.0,None,
2024-10-24,Tron-o-matic 3 Pro,NewYork_01,81.0,None,
2024-10-24,Tron-o-matic 3 Pro,NewYork_02,81.0,None,
2024-10-24,Tron-o-matic 3 Pro,Chicago_01,81.0,None,
2024-10-24,Tron-o-matic 3 Pro,Dallas_01,81.0,None,
2024-10-24,Tron-o-matic 3 Pro,Houston_01,81.0,None,
2024-10-24,Tron-o-matic 3 Pro,WashingtonDC_01,81.0,None,
2024-10-24,Tron-o-matic 3 Pro,Atlanta_01,81.0,None,
2024-10-24,Tron-o-matic 3 Pro,Philadelphia_01,81.0,None,
2024-10-24,Tron-o-matic 4,Online_Store,67.5,None,
2024-10-24,Tron-o-matic 4,LosAngeles_01,67.5,None,
2024-10-24,Tron-o-matic 4,NewYork_01,67.5,None,
2024-10-24,Tron-o-matic 4,NewYork_02,67.5,None,
2024-10-24,Tron-o-matic 4,Chicago_01,67.5,None,
2024-10-24,Tron-o-matic 4,Dallas_01,67.5,None,
2024-10-24,Tron-o-matic 4,Houston_01,67.5,None,
2024-10-24,Tron-o-matic 4,WashingtonDC_01,67.5,None,
2024-10-24,Tron-o-matic 4,Atlanta_01,67.5,None,
2024-10-24,Tron-o-matic 4,Philadelphia_01,67.5,None,
2024-10-24,Tron-o-matic 4 Pro,Online_Store,90.0,None,
2024-10-24,Tron-o-matic 4 Pro,LosAngeles_01,90.0,None,
2024-10-24,Tron-o-matic 4 Pro,NewYork_01,90.0,None,
2024-10-24,Tron-o-matic 4 Pro,NewYork_02,90.0,None,
2024-10-24,Tron-o-matic 4 Pro,Chicago_01,90.0,None,
2024-10-24,Tron-o-matic 4 Pro,Dallas_01,90.0,None,
2024-10-24,Tron-o-matic 4 Pro,Houston_01,90.0,None,
2024-10-24,Tron-o-matic 4 Pro,WashingtonDC_01,90.0,None,
2024-10-24,Tron-o-matic 4 Pro,Atlanta_01,90.0,None,
2024-10-24,Tron-o-matic 4 Pro,Philadelphia_01,90.0,None,
2024-10-24,Tron-o-matic 5,Online_Store,72.0,None,
2024-10-24,Tron-o-matic 5,LosAngeles_01,72.0,None,
2024-10-24,Tron-o-matic 5,NewYork_01,72.0,None,
2024-10-24,Tron-o-matic 5,NewYork_02,72.0,None,
2024-10-24,Tron-o-matic 5,Chicago_01,72.0,None,
2024-10-24,Tron-o-matic 5,Dallas_01,72.0,None,
2024-10-24,Tron-o-matic 5,Houston_01,72.0,None,
2024-10-24,Tron-o-matic 5,WashingtonDC_01,72.0,None,
2024-10-24,Tron-o-matic 5,Atlanta_01,72.0,None,
2024-10-24,Tron-o-matic 5,Philadelphia_01,72.0,None,
2024-10-24,Tron-o-matic 5 Pro,Online_Store,99.0,None,
2024-10-24,Tron-o-matic 5 Pro,LosAngeles_01,99.0,None,
2024-10-24,Tron-o-matic 5 Pro,NewYork_01,99.0,None,
2024-10-24,Tron-o-matic 5 Pro,NewYork_02,99.0,None,
2024-10-24,Tron-o-matic 5 Pro,Chicago_01,99.0,None,
2024-10-24,Tron-o-matic 5 Pro,Dallas_01,99.0,None,
2024-10-24,Tron-o-matic 5 Pro,Houston_01,99.0,None,
2024-10-24,Tron-o-matic 5 Pro,WashingtonDC_01,99.0,None,
2024-10-24,Tron-o-matic 5 Pro,Atlanta_01,99.0,None,
2024-10-24,Tron-o-matic 5 Pro,Philadelphia_01,99.0,None,
2024-10-25,Tron-o-matic 1,Online_Store,39.77,BIG_DEAL,
2024-10-25,Tron-o-matic 1,LosAngeles_01,39.77,BIG_DEAL,
2024-10-25,Tron-o-matic 1,NewYork_01,39.77,BIG_DEAL,
2024-10-25,Tron-o-matic 1,NewYork_02,39.77,BIG_DEAL,
2024-10-25,Tron-o-matic 1,Chicago_01,39.77,BIG_DEAL,
2024-10-25,Tron-o-matic 1,Dallas_01,39.77,BIG_DEAL,
2024-10-25,Tron-o-matic 1,Houston_01,39.77,BIG_DEAL,
2024-10-25,Tron-o-matic 1,WashingtonDC_01,39.77,BIG_DEAL,
2024-10-25,Tron-o-matic 1,Atlanta_01,39.77,BIG_DEAL,
2024-10-25,Tron-o-matic 1,Philadelphia_01,39.77,BIG_DEAL,
2024-10-25,Tron-o-matic 1 Pro,Online_Store,72.0,None,
2024-10-25,Tron-o-matic 1 Pro,LosAngeles_01,72.0,None,
2024-10-25,Tron-o-matic 1 Pro,NewYork_01,72.0,None,
2024-10-25,Tron-o-matic 1 Pro,NewYork_02,72.0,None,
2024-10-25,Tron-o-matic 1 Pro,Chicago_01,72.0,None,
2024-10-25,Tron-o-matic 1 Pro,Dallas_01,72.0,None,
2024-10-25,Tron-o-matic 1 Pro,Houston_01,72.0,None,
2024-10-25,Tron-o-matic 1 Pro,WashingtonDC_01,72.0,None,
2024-10-25,Tron-o-matic 1 Pro,Atlanta_01,72.0,None,
2024-10-25,Tron-o-matic 1 Pro,Philadelphia_01,72.0,None,
2024-10-25,Tron-o-matic 2,Online_Store,49.5,None,
2024-10-25,Tron-o-matic 2,LosAngeles_01,49.5,None,
2024-10-25,Tron-o-matic 2,NewYork_01,49.5,None,
2024-10-25,Tron-o-matic 2,NewYork_02,49.5,None,
2024-10-25,Tron-o-matic 2,Chicago_01,49.5,None,
2024-10-25,Tron-o-matic 2,Dallas_01,49.5,None,
2024-10-25,Tron-o-matic 2,Houston_01,49.5,None,
2024-10-25,Tron-o-matic 2,WashingtonDC_01,49.5,None,
2024-10-25,Tron-o-matic 2,Atlanta_01,49.5,None,
2024-10-25,Tron-o-matic 2,Philadelphia_01,49.5,None,
2024-10-25,Tron-o-matic 2 Pro,Online_Store,58.24,BIG_DEAL,
2024-10-25,Tron-o-matic 2 Pro,LosAngeles_01,58.24,BIG_DEAL,
2024-10-25,Tron-o-matic 2 Pro,NewYork_01,58.24,BIG_DEAL,
2024-10-25,Tron-o-matic 2 Pro,NewYork_02,58.24,BIG_DEAL,
2024-10-25,Tron-o-matic 2 Pro,Chicago_01,58.24,BIG_DEAL,
2024-10-25,Tron-o-matic 2 Pro,Dallas_01,58.24,BIG_DEAL,
2024-10-25,Tron-o-matic 2 Pro,Houston_01,58.24,BIG_DEAL,
2024-10-25,Tron-o-matic 2 Pro,WashingtonDC_01,58.24,BIG_DEAL,
2024-10-25,Tron-o-matic 2 Pro,Atlanta_01,58.24,BIG_DEAL,
2024-10-25,Tron-o-matic 2 Pro,Philadelphia_01,58.24,BIG_DEAL,
2024-10-25,Tron-o-matic 3,Online_Store,54.0,None,
2024-10-25,Tron-o-matic 3,LosAngeles_01,54.0,None,
2024-10-25,Tron-o-matic 3,NewYork_01,54.0,None,
2024-10-25,Tron-o-matic 3,NewYork_02,54.0,None,
2024-10-25,Tron-o-matic 3,Chicago_01,54.0,None,
2024-10-25,Tron-o-matic 3,Dallas_01,54.0,None,
2024-10-25,Tron-o-matic 3,Houston_01,54.0,None,
2024-10-25,Tron-o-matic 3,WashingtonDC_01,54.0,None,
2024-10-25,Tron-o-matic 3,Atlanta_01,54.0,None,
2024-10-25,Tron-o-matic 3,Philadelphia_01,54.0,None,
2024-10-25,Tron-o-matic 3 Pro,Online_Store,57.29,BIG_DEAL,
2024-10-25,Tron-o-matic 3 Pro,LosAngeles_01,57.29,BIG_DEAL,
2024-10-25,Tron-o-matic 3 Pro,NewYork_01,57.29,BIG_DEAL,
2024-10-25,Tron-o-matic 3 Pro,NewYork_02,57.29,BIG_DEAL,
2024-10-25,Tron-o-matic 3 Pro,Chicago_01,57.29,BIG_DEAL,
2024-10-25,Tron-o-matic 3 Pro,Dallas_01,57.29,BIG_DEAL,
2024-10-25,Tron-o-matic 3 Pro,Houston_01,57.29,BIG_DEAL,
2024-10-25,Tron-o-matic 3 Pro,WashingtonDC_01,57.29,BIG_DEAL,
2024-10-25,Tron-o-matic 3 Pro,Atlanta_01,57.29,BIG_DEAL,
2024-10-25,Tron-o-matic 3 Pro,Philadelphia_01,57.29,BIG_DEAL,
2024-10-25,Tron-o-matic 4,Online_Store,67.5,None,
2024-10-25,Tron-o-matic 4,LosAngeles_01,67.5,None,
2024-10-25,Tron-o-matic 4,NewYork_01,67.5,None,
2024-10-25,Tron-o-matic 4,NewYork_02,67.5,None,
2024-10-25,Tron-o-matic 4,Chicago_01,67.5,None,
2024-10-25,Tron-o-matic 4,Dallas_01,67.5,None,
2024-10-25,Tron-o-matic 4,Houston_01,67.5,None,
2024-10-25,Tron-o-matic 4,WashingtonDC_01,67.5,None,
2024-10-25,Tron-o-matic 4,Atlanta_01,67.5,None,
2024-10-25,Tron-o-matic 4,Philadelphia_01,67.5,None,
2024-10-25,Tron-o-matic 4 Pro,Online_Store,70.61,BIG_DEAL,
2024-10-25,Tron-o-matic 4 Pro,LosAngeles_01,70.61,BIG_DEAL,
2024-10-25,Tron-o-matic 4 Pro,NewYork_01,70.61,BIG_DEAL,
2024-10-25,Tron-o-matic 4 Pro,NewYork_02,70.61,BIG_DEAL,
2024-10-25,Tron-o-matic 4 Pro,Chicago_01,70.61,BIG_DEAL,
2024-10-25,Tron-o-matic 4 Pro,Dallas_01,70.61,BIG_DEAL,
2024-10-25,Tron-o-matic 4 Pro,Houston_01,70.61,BIG_DEAL,
2024-10-25,Tron-o-matic 4 Pro,WashingtonDC_01,70.61,BIG_DEAL,
2024-10-25,Tron-o-matic 4 Pro,Atlanta_01,70.61,BIG_DEAL,
2024-10-25,Tron-o-matic 4 Pro,Philadelphia_01,70.61,BIG_DEAL,
2024-10-25,Tron-o-matic 5,Online_Store,62.19,SMALL_DEAL,
2024-10-25,Tron-o-matic 5,LosAngeles_01,62.19,SMALL_DEAL,
2024-10-25,Tron-o-matic 5,NewYork_01,62.19,SMALL_DEAL,
2024-10-25,Tron-o-matic 5,NewYork_02,62.19,SMALL_DEAL,
2024-10-25,Tron-o-matic 5,Chicago_01,62.19,SMALL_DEAL,
2024-10-25,Tron-o-matic 5,Dallas_01,62.19,SMALL_DEAL,
2024-10-25,Tron-o-matic 5,Houston_01,62.19,SMALL_DEAL,
2024-10-25,Tron-o-matic 5,WashingtonDC_01,62.19,SMALL_DEAL,
2024-10-25,Tron-o-matic 5,Atlanta_01,62.19,SMALL_DEAL,
2024-10-25,Tron-o-matic 5,Philadelphia_01,62.19,SMALL_DEAL,
2024-10-25,Tron-o-matic 5 Pro,Online_Store,99.0,None,
2024-10-25,Tron-o-matic 5 Pro,LosAngeles_01,99.0,None,
2024-10-25,Tron-o-matic 5 Pro,NewYork_01,99.0,None,
2024-10-25,Tron-o-matic 5 Pro,NewYork_02,99.0,None,
2024-10-25,Tron-o-matic 5 Pro,Chicago_01,99.0,None,
2024-10-25,Tron-o-matic 5 Pro,Dallas_01,99.0,None,
2024-10-25,Tron-o-matic 5 Pro,Houston_01,99.0,None,
2024-10-25,Tron-o-matic 5 Pro,WashingtonDC_01,99.0,None,
2024-10-25,Tron-o-matic 5 Pro,Atlanta_01,99.0,None,
2024-10-25,Tron-o-matic 5 Pro,Philadelphia_01,99.0,None,
2024-10-26,Tron-o-matic 1,Online_Store,54.0,None,
2024-10-26,Tron-o-matic 1,LosAngeles_01,54.0,None,
2024-10-26,Tron-o-matic 1,NewYork_01,54.0,None,
2024-10-26,Tron-o-matic 1,NewYork_02,54.0,None,
2024-10-26,Tron-o-matic 1,Chicago_01,54.0,None,
2024-10-26,Tron-o-matic 1,Dallas_01,54.0,None,
2024-10-26,Tron-o-matic 1,Houston_01,54.0,None,
2024-10-26,Tron-o-matic 1,WashingtonDC_01,54.0,None,
2024-10-26,Tron-o-matic 1,Atlanta_01,54.0,None,
2024-10-26,Tron-o-matic 1,Philadelphia_01,54.0,None,
2024-10-26,Tron-o-matic 1 Pro,Online_Store,72.0,None,
2024-10-26,Tron-o-matic 1 Pro,LosAngeles_01,72.0,None,
2024-10-26,Tron-o-matic 1 Pro,NewYork_01,72.0,None,
2024-10-26,Tron-o-matic 1 Pro,NewYork_02,72.0,None,
2024-10-26,Tron-o-matic 1 Pro,Chicago_01,72.0,None,
2024-10-26,Tron-o-matic 1 Pro,Dallas_01,72.0,None,
2024-10-26,Tron-o-matic 1 Pro,Houston_01,72.0,None,
2024-10-26,Tron-o-matic 1 Pro,WashingtonDC_01,72.0,None,
2024-10-26,Tron-o-matic 1 Pro,Atlanta_01,72.0,None,
2024-10-26,Tron-o-matic 1 Pro,Philadelphia_01,72.0,None,
2024-10-26,Tron-o-matic 2,Online_Store,34.8,BIG_DEAL,
2024-10-26,Tron-o-matic 2,LosAngeles_01,34.8,BIG_DEAL,
2024-10-26,Tron-o-matic 2,NewYork_01,34.8,BIG_DEAL,
2024-10-26,Tron-o-matic 2,NewYork_02,34.8,BIG_DEAL,
2024-10-26,Tron-o-matic 2,Chicago_01,34.8,BIG_DEAL,
2024-10-26,Tron-o-matic 2,Dallas_01,34.8,BIG_DEAL,
2024-10-26,Tron-o-matic 2,Houston_01,34.8,BIG_DEAL,
2024-10-26,Tron-o-matic 2,WashingtonDC_01,34.8,BIG_DEAL,
2024-10-26,Tron-o-matic 2,Atlanta_01,34.8,BIG_DEAL,
2024-10-26,Tron-o-matic 2,Philadelphia_01,34.8,BIG_DEAL,
2024-10-26,Tron-o-matic 2 Pro,Online_Store,67.55,SMALL_DEAL,
2024-10-26,Tron-o-matic 2 Pro,LosAngeles_01,67.55,SMALL_DEAL,
2024-10-26,Tron-o-matic 2 Pro,NewYork_01,67.55,SMALL_DEAL,
2024-10-26,Tron-o-matic 2 Pro,NewYork_02,67.55,SMALL_DEAL,
2024-10-26,Tron-o-matic 2 Pro,Chicago_01,67.55,SMALL_DEAL,
2024-10-26,Tron-o-matic 2 Pro,Dallas_01,67.55,SMALL_DEAL,
2024-10-26,Tron-o-matic 2 Pro,Houston_01,67.55,SMALL_DEAL,
2024-10-26,Tron-o-matic 2 Pro,WashingtonDC_01,67.55,SMALL_DEAL,
2024-10-26,Tron-o-matic 2 Pro,Atlanta_01,67.55,SMALL_DEAL,
2024-10-26,Tron-o-matic 2 Pro,Philadelphia_01,67.55,SMALL_DEAL,
2024-10-26,Tron-o-matic 3,Online_Store,51.16,SMALL_DEAL,
2024-10-26,Tron-o-matic 3,LosAngeles_01,51.16,SMALL_DEAL,
2024-10-26,Tron-o-matic 3,NewYork_01,51.16,SMALL_DEAL,
2024-10-26,Tron-o-matic 3,NewYork_02,51.16,SMALL_DEAL,
2024-10-26,Tron-o-matic 3,Chicago_01,51.16,SMALL_DEAL,
2024-10-26,Tron-o-matic 3,Dallas_01,51.16,SMALL_DEAL,
2024-10-26,Tron-o-matic 3,Houston_01,51.16,SMALL_DEAL,
2024-10-26,Tron-o-matic 3,WashingtonDC_01,51.16,SMALL_DEAL,
2024-10-26,Tron-o-matic 3,Atlanta_01,51.16,SMALL_DEAL,
2024-10-26,Tron-o-matic 3,Philadelphia_01,51.16,SMALL_DEAL,
2024-10-26,Tron-o-matic 3 Pro,Online_Store,74.9,SMALL_DEAL,
2024-10-26,Tron-o-matic 3 Pro,LosAngeles_01,74.9,SMALL_DEAL,
2024-10-26,Tron-o-matic 3 Pro,NewYork_01,74.9,SMALL_DEAL,
2024-10-26,Tron-o-matic 3 Pro,NewYork_02,74.9,SMALL_DEAL,
2024-10-26,Tron-o-matic 3 Pro,Chicago_01,74.9,SMALL_DEAL,
2024-10-26,Tron-o-matic 3 Pro,Dallas_01,74.9,SMALL_DEAL,
2024-10-26,Tron-o-matic 3 Pro,Houston_01,74.9,SMALL_DEAL,
2024-10-26,Tron-o-matic 3 Pro,WashingtonDC_01,74.9,SMALL_DEAL,
2024-10-26,Tron-o-matic 3 Pro,Atlanta_01,74.9,SMALL_DEAL,
2024-10-26,Tron-o-matic 3 Pro,Philadelphia_01,74.9,SMALL_DEAL,
2024-10-26,Tron-o-matic 4,Online_Store,58.32,SMALL_DEAL,
2024-10-26,Tron-o-matic 4,LosAngeles_01,58.32,SMALL_DEAL,
2024-10-26,Tron-o-matic 4,NewYork_01,58.32,SMALL_DEAL,
2024-10-26,Tron-o-matic 4,NewYork_02,58.32,SMALL_DEAL,
2024-10-26,Tron-o-matic 4,Chicago_01,58.32,SMALL_DEAL,
2024-10-26,Tron-o-matic 4,Dallas_01,58.32,SMALL_DEAL,
2024-10-26,Tron-o-matic 4,Houston_01,58.32,SMALL_DEAL,
2024-10-26,Tron-o-matic 4,WashingtonDC_01,58.32,SMALL_DEAL,
2024-10-26,Tron-o-matic 4,Atlanta_01,58.32,SMALL_DEAL,
2024-10-26,Tron-o-matic 4,Philadelphia_01,58.32,SMALL_DEAL,
2024-10-26,Tron-o-matic 4 Pro,Online_Store,90.0,None,
2024-10-26,Tron-o-matic 4 Pro,LosAngeles_01,90.0,None,
2024-10-26,Tron-o-matic 4 Pro,NewYork_01,90.0,None,
2024-10-26,Tron-o-matic 4 Pro,NewYork_02,90.0,None,
2024-10-26,Tron-o-matic 4 Pro,Chicago_01,90.0,None,
2024-10-26,Tron-o-matic 4 Pro,Dallas_01,90.0,None,
2024-10-26,Tron-o-matic 4 Pro,Houston_01,90.0,None,
2024-10-26,Tron-o-matic 4 Pro,WashingtonDC_01,90.0,None,
2024-10-26,Tron-o-matic 4 Pro,Atlanta_01,90.0,None,
2024-10-26,Tron-o-matic 4 Pro,Philadelphia_01,90.0,None,
2024-10-26,Tron-o-matic 5,Online_Store,72.0,None,
2024-10-26,Tron-o-matic 5,LosAngeles_01,72.0,None,
2024-10-26,Tron-o-matic 5,NewYork_01,72.0,None,
2024-10-26,Tron-o-matic 5,NewYork_02,72.0,None,
2024-10-26,Tron-o-matic 5,Chicago_01,72.0,None,
2024-10-26,Tron-o-matic 5,Dallas_01,72.0,None,
2024-10-26,Tron-o-matic 5,Houston_01,72.0,None,
2024-10-26,Tron-o-matic 5,WashingtonDC_01,72.0,None,
2024-10-26,Tron-o-matic 5,Atlanta_01,72.0,None,
2024-10-26,Tron-o-matic 5,Philadelphia_01,72.0,None,
2024-10-26,Tron-o-matic 5 Pro,Online_Store,99.0,None,
2024-10-26,Tron-o-matic 5 Pro,LosAngeles_01,99.0,None,
2024-10-26,Tron-o-matic 5 Pro,NewYork_01,99.0,None,
2024-10-26,Tron-o-matic 5 Pro,NewYork_02,99.0,None,
2024-10-26,Tron-o-matic 5 Pro,Chicago_01,99.0,None,
2024-10-26,Tron-o-matic 5 Pro,Dallas_01,99.0,None,
2024-10-26,Tron-o-matic 5 Pro,Houston_01,99.0,None,
2024-10-26,Tron-o-matic 5 Pro,WashingtonDC_01,99.0,None,
2024-10-26,Tron-o-matic 5 Pro,Atlanta_01,99.0,None,
2024-10-26,Tron-o-matic 5 Pro,Philadelphia_01,99.0,None,
2024-10-27,Tron-o-matic 1,Online_Store,50.89,SMALL_DEAL,
2024-10-27,Tron-o-matic 1,LosAngeles_01,50.89,SMALL_DEAL,
2024-10-27,Tron-o-matic 1,NewYork_01,50.89,SMALL_DEAL,
2024-10-27,Tron-o-matic 1,NewYork_02,50.89,SMALL_DEAL,
2024-10-27,Tron-o-matic 1,Chicago_01,50.89,SMALL_DEAL,
2024-10-27,Tron-o-matic 1,Dallas_01,50.89,SMALL_DEAL,
2024-10-27,Tron-o-matic 1,Houston_01,50.89,SMALL_DEAL,
2024-10-27,Tron-o-matic 1,WashingtonDC_01,50.89,SMALL_DEAL,
2024-10-27,Tron-o-matic 1,Atlanta_01,50.89,SMALL_DEAL,
2024-10-27,Tron-o-matic 1,Philadelphia_01,50.89,SMALL_DEAL,
2024-10-27,Tron-o-matic 1 Pro,Online_Store,65.68,SMALL_DEAL,
2024-10-27,Tron-o-matic 1 Pro,LosAngeles_01,65.68,SMALL_DEAL,
2024-10-27,Tron-o-matic 1 Pro,NewYork_01,65.68,SMALL_DEAL,
2024-10-27,Tron-o-matic 1 Pro,NewYork_02,65.68,SMALL_DEAL,
2024-10-27,Tron-o-matic 1 Pro,Chicago_01,65.68,SMALL_DEAL,
2024-10-27,Tron-o-matic 1 Pro,Dallas_01,65.68,SMALL_DEAL,
2024-10-27,Tron-o-matic 1 Pro,Houston_01,65.68,SMALL_DEAL,
2024-10-27,Tron-o-matic 1 Pro,WashingtonDC_01,65.68,SMALL_DEAL,
2024-10-27,Tron-o-matic 1 Pro,Atlanta_01,65.68,SMALL_DEAL,
2024-10-27,Tron-o-matic 1 Pro,Philadelphia_01,65.68,SMALL_DEAL,
2024-10-27,Tron-o-matic 2,Online_Store,42.2,SMALL_DEAL,
2024-10-27,Tron-o-matic 2,LosAngeles_01,42.2,SMALL_DEAL,
2024-10-27,Tron-o-matic 2,NewYork_01,42.2,SMALL_DEAL,
2024-10-27,Tron-o-matic 2,NewYork_02,42.2,SMALL_DEAL,
2024-10-27,Tron-o-matic 2,Chicago_01,42.2,SMALL_DEAL,
2024-10-27,Tron-o-matic 2,Dallas_01,42.2,SMALL_DEAL,
2024-10-27,Tron-o-matic 2,Houston_01,42.2,SMALL_DEAL,
2024-10-27,Tron-o-matic 2,WashingtonDC_01,42.2,SMALL_DEAL,
2024-10-27,Tron-o-matic 2,Atlanta_01,42.2,SMALL_DEAL,
2024-10-27,Tron-o-matic 2,Philadelphia_01,42.2,SMALL_DEAL,
2024-10-27,Tron-o-matic 2 Pro,Online_Store,76.5,None,
2024-10-27,Tron-o-matic 2 Pro,LosAngeles_01,76.5,None,
2024-10-27,Tron-o-matic 2 Pro,NewYork_01,76.5,None,
2024-10-27,Tron-o-matic 2 Pro,NewYork_02,76.5,None,
2024-10-27,Tron-o-matic 2 Pro,Chicago_01,76.5,None,
2024-10-27,Tron-o-matic 2 Pro,Dallas_01,76.5,None,
2024-10-27,Tron-o-matic 2 Pro,Houston_01,76.5,None,
2024-10-27,Tron-o-matic 2 Pro,WashingtonDC_01,76.5,None,
2024-10-27,Tron-o-matic 2 Pro,Atlanta_01,76.5,None,
2024-10-27,Tron-o-matic 2 Pro,Philadelphia_01,76.5,None,
2024-10-27,Tron-o-matic 3,Online_Store,46.24,SMALL_DEAL,
2024-10-27,Tron-o-matic 3,LosAngeles_01,46.24,SMALL_DEAL,
2024-10-27,Tron-o-matic 3,NewYork_01,46.24,SMALL_DEAL,
2024-10-27,Tron-o-matic 3,NewYork_02,46.24,SMALL_DEAL,
2024-10-27,Tron-o-matic 3,Chicago_01,46.24,SMALL_DEAL,
2024-10-27,Tron-o-matic 3,Dallas_01,46.24,SMALL_DEAL,
2024-10-27,Tron-o-matic 3,Houston_01,46.24,SMALL_DEAL,
2024-10-27,Tron-o-matic 3,WashingtonDC_01,46.24,SMALL_DEAL,
2024-10-27,Tron-o-matic 3,Atlanta_01,46.24,SMALL_DEAL,
2024-10-27,Tron-o-matic 3,Philadelphia_01,46.24,SMALL_DEAL,
2024-10-27,Tron-o-matic 3 Pro,Online_Store,81.0,None,
2024-10-27,Tron-o-matic 3 Pro,LosAngeles_01,81.0,None,
2024-10-27,Tron-o-matic 3 Pro,NewYork_01,81.0,None,
2024-10-27,Tron-o-matic 3 Pro,NewYork_02,81.0,None,
2024-10-27,Tron-o-matic 3 Pro,Chicago_01,81.0,None,
2024-10-27,Tron-o-matic 3 Pro,Dallas_01,81.0,None,
2024-10-27,Tron-o-matic 3 Pro,Houston_01,81.0,None,
2024-10-27,Tron-o-matic 3 Pro,WashingtonDC_01,81.0,None,
2024-10-27,Tron-o-matic 3 Pro,Atlanta_01,81.0,None,
2024-10-27,Tron-o-matic 3 Pro,Philadelphia_01,81.0,None,
2024-10-27,Tron-o-matic 4,Online_Store,63.89,SMALL_DEAL,
2024-10-27,Tron-o-matic 4,LosAngeles_01,63.89,SMALL_DEAL,
2024-10-27,Tron-o-matic 4,NewYork_01,63.89,SMALL_DEAL,
2024-10-27,Tron-o-matic 4,NewYork_02,63.89,SMALL_DEAL,
2024-10-27,Tron-o-matic 4,Chicago_01,63.89,SMALL_DEAL,
2024-10-27,Tron-o-matic 4,Dallas_01,63.89,SMALL_DEAL,
2024-10-27,Tron-o-matic 4,Houston_01,63.89,SMALL_DEAL,
2024-10-27,Tron-o-matic 4,WashingtonDC_01,63.89,SMALL_DEAL,
2024-10-27,Tron-o-matic 4,Atlanta_01,63.89,SMALL_DEAL,
2024-10-27,Tron-o-matic 4,Philadelphia_01,63.89,SMALL_DEAL,
2024-10-27,Tron-o-matic 4 Pro,Online_Store,85.27,SMALL_DEAL,
2024-10-27,Tron-o-matic 4 Pro,LosAngeles_01,85.27,SMALL_DEAL,
2024-10-27,Tron-o-matic 4 Pro,NewYork_01,85.27,SMALL_DEAL,
2024-10-27,Tron-o-matic 4 Pro,NewYork_02,85.27,SMALL_DEAL,
2024-10-27,Tron-o-matic 4 Pro,Chicago_01,85.27,SMALL_DEAL,
2024-10-27,Tron-o-matic 4 Pro,Dallas_01,85.27,SMALL_DEAL,
2024-10-27,Tron-o-matic 4 Pro,Houston_01,85.27,SMALL_DEAL,
2024-10-27,Tron-o-matic 4 Pro,WashingtonDC_01,85.27,SMALL_DEAL,
2024-10-27,Tron-o-matic 4 Pro,Atlanta_01,85.27,SMALL_DEAL,
2024-10-27,Tron-o-matic 4 Pro,Philadelphia_01,85.27,SMALL_DEAL,
2024-10-27,Tron-o-matic 5,Online_Store,65.63,SMALL_DEAL,
2024-10-27,Tron-o-matic 5,LosAngeles_01,65.63,SMALL_DEAL,
2024-10-27,Tron-o-matic 5,NewYork_01,65.63,SMALL_DEAL,
2024-10-27,Tron-o-matic 5,NewYork_02,65.63,SMALL_DEAL,
2024-10-27,Tron-o-matic 5,Chicago_01,65.63,SMALL_DEAL,
2024-10-27,Tron-o-matic 5,Dallas_01,65.63,SMALL_DEAL,
2024-10-27,Tron-o-matic 5,Houston_01,65.63,SMALL_DEAL,
2024-10-27,Tron-o-matic 5,WashingtonDC_01,65.63,SMALL_DEAL,
2024-10-27,Tron-o-matic 5,Atlanta_01,65.63,SMALL_DEAL,
2024-10-27,Tron-o-matic 5,Philadelphia_01,65.63,SMALL_DEAL,
2024-10-27,Tron-o-matic 5 Pro,Online_Store,99.0,None,
2024-10-27,Tron-o-matic 5 Pro,LosAngeles_01,99.0,None,
2024-10-27,Tron-o-matic 5 Pro,NewYork_01,99.0,None,
2024-10-27,Tron-o-matic 5 Pro,NewYork_02,99.0,None,
2024-10-27,Tron-o-matic 5 Pro,Chicago_01,99.0,None,
2024-10-27,Tron-o-matic 5 Pro,Dallas_01,99.0,None,
2024-10-27,Tron-o-matic 5 Pro,Houston_01,99.0,None,
2024-10-27,Tron-o-matic 5 Pro,WashingtonDC_01,99.0,None,
2024-10-27,Tron-o-matic 5 Pro,Atlanta_01,99.0,None,
2024-10-27,Tron-o-matic 5 Pro,Philadelphia_01,99.0,None,
2024-10-28,Tron-o-matic 1,Online_Store,42.13,BIG_DEAL,
2024-10-28,Tron-o-matic 1,LosAngeles_01,42.13,BIG_DEAL,
2024-10-28,Tron-o-matic 1,NewYork_01,42.13,BIG_DEAL,
2024-10-28,Tron-o-matic 1,NewYork_02,42.13,BIG_DEAL,
2024-10-28,Tron-o-matic 1,Chicago_01,42.13,BIG_DEAL,
2024-10-28,Tron-o-matic 1,Dallas_01,42.13,BIG_DEAL,
2024-10-28,Tron-o-matic 1,Houston_01,42.13,BIG_DEAL,
2024-10-28,Tron-o-matic 1,WashingtonDC_01,42.13,BIG_DEAL,
2024-10-28,Tron-o-matic 1,Atlanta_01,42.13,BIG_DEAL,
2024-10-28,Tron-o-matic 1,Philadelphia_01,42.13,BIG_DEAL,
2024-10-28,Tron-o-matic 1 Pro,Online_Store,72.0,None,
2024-10-28,Tron-o-matic 1 Pro,LosAngeles_01,72.0,None,
2024-10-28,Tron-o-matic 1 Pro,NewYork_01,72.0,None,
2024-10-28,Tron-o-matic 1 Pro,NewYork_02,72.0,None,
2024-10-28,Tron-o-matic 1 Pro,Chicago_01,72.0,None,
2024-10-28,Tron-o-matic 1 Pro,Dallas_01,72.0,None,
2024-10-28,Tron-o-matic 1 Pro,Houston_01,72.0,None,
2024-10-28,Tron-o-matic 1 Pro,WashingtonDC_01,72.0,None,
2024-10-28,Tron-o-matic 1 Pro,Atlanta_01,72.0,None,
2024-10-28,Tron-o-matic 1 Pro,Philadelphia_01,72.0,None,
2024-10-28,Tron-o-matic 2,Online_Store,46.17,SMALL_DEAL,
2024-10-28,Tron-o-matic 2,LosAngeles_01,46.17,SMALL_DEAL,
2024-10-28,Tron-o-matic 2,NewYork_01,46.17,SMALL_DEAL,
2024-10-28,Tron-o-matic 2,NewYork_02,46.17,SMALL_DEAL,
2024-10-28,Tron-o-matic 2,Chicago_01,46.17,SMALL_DEAL,
2024-10-28,Tron-o-matic 2,Dallas_01,46.17,SMALL_DEAL,
2024-10-28,Tron-o-matic 2,Houston_01,46.17,SMALL_DEAL,
2024-10-28,Tron-o-matic 2,WashingtonDC_01,46.17,SMALL_DEAL,
2024-10-28,Tron-o-matic 2,Atlanta_01,46.17,SMALL_DEAL,
2024-10-28,Tron-o-matic 2,Philadelphia_01,46.17,SMALL_DEAL,
2024-10-28,Tron-o-matic 2 Pro,Online_Store,57.41,BIG_DEAL,
2024-10-28,Tron-o-matic 2 Pro,LosAngeles_01,57.41,BIG_DEAL,
2024-10-28,Tron-o-matic 2 Pro,NewYork_01,57.41,BIG_DEAL,
2024-10-28,Tron-o-matic 2 Pro,NewYork_02,57.41,BIG_DEAL,
2024-10-28,Tron-o-matic 2 Pro,Chicago_01,57.41,BIG_DEAL,
2024-10-28,Tron-o-matic 2 Pro,Dallas_01,57.41,BIG_DEAL,
2024-10-28,Tron-o-matic 2 Pro,Houston_01,57.41,BIG_DEAL,
2024-10-28,Tron-o-matic 2 Pro,WashingtonDC_01,57.41,BIG_DEAL,
2024-10-28,Tron-o-matic 2 Pro,Atlanta_01,57.41,BIG_DEAL,
2024-10-28,Tron-o-matic 2 Pro,Philadelphia_01,57.41,BIG_DEAL,
2024-10-28,Tron-o-matic 3,Online_Store,46.09,SMALL_DEAL,
2024-10-28,Tron-o-matic 3,LosAngeles_01,46.09,SMALL_DEAL,
2024-10-28,Tron-o-matic 3,NewYork_01,46.09,SMALL_DEAL,
2024-10-28,Tron-o-matic 3,NewYork_02,46.09,SMALL_DEAL,
2024-10-28,Tron-o-matic 3,Chicago_01,46.09,SMALL_DEAL,
2024-10-28,Tron-o-matic 3,Dallas_01,46.09,SMALL_DEAL,
2024-10-28,Tron-o-matic 3,Houston_01,46.09,SMALL_DEAL,
2024-10-28,Tron-o-matic 3,WashingtonDC_01,46.09,SMALL_DEAL,
2024-10-28,Tron-o-matic 3,Atlanta_01,46.09,SMALL_DEAL,
2024-10-28,Tron-o-matic 3,Philadelphia_01,46.09,SMALL_DEAL,
2024-10-28,Tron-o-matic 3 Pro,Online_Store,73.02,SMALL_DEAL,
2024-10-28,Tron-o-matic 3 Pro,LosAngeles_01,73.02,SMALL_DEAL,
2024-10-28,Tron-o-matic 3 Pro,NewYork_01,73.02,SMALL_DEAL,
2024-10-28,Tron-o-matic 3 Pro,NewYork_02,73.02,SMALL_DEAL,
2024-10-28,Tron-o-matic 3 Pro,Chicago_01,73.02,SMALL_DEAL,
2024-10-28,Tron-o-matic 3 Pro,Dallas_01,73.02,SMALL_DEAL,
2024-10-28,Tron-o-matic 3 Pro,Houston_01,73.02,SMALL_DEAL,
2024-10-28,Tron-o-matic 3 Pro,WashingtonDC_01,73.02,SMALL_DEAL,
2024-10-28,Tron-o-matic 3 Pro,Atlanta_01,73.02,SMALL_DEAL,
2024-10-28,Tron-o-matic 3 Pro,Philadelphia_01,73.02,SMALL_DEAL,
2024-10-28,Tron-o-matic 4,Online_Store,67.5,None,
2024-10-28,Tron-o-matic 4,LosAngeles_01,67.5,None,
2024-10-28,Tron-o-matic 4,NewYork_01,67.5,None,
2024-10-28,Tron-o-matic 4,NewYork_02,67.5,None,
2024-10-28,Tron-o-matic 4,Chicago_01,67.5,None,
2024-10-28,Tron-o-matic 4,Dallas_01,67.5,None,
2024-10-28,Tron-o-matic 4,Houston_01,67.5,None,
2024-10-28,Tron-o-matic 4,WashingtonDC_01,67.5,None,
2024-10-28,Tron-o-matic 4,Atlanta_01,67.5,None,
2024-10-28,Tron-o-matic 4,Philadelphia_01,67.5,None,
2024-10-28,Tron-o-matic 4 Pro,Online_Store,82.98,SMALL_DEAL,
2024-10-28,Tron-o-matic 4 Pro,LosAngeles_01,82.98,SMALL_DEAL,
2024-10-28,Tron-o-matic 4 Pro,NewYork_01,82.98,SMALL_DEAL,
2024-10-28,Tron-o-matic 4 Pro,NewYork_02,82.98,SMALL_DEAL,
2024-10-28,Tron-o-matic 4 Pro,Chicago_01,82.98,SMALL_DEAL,
2024-10-28,Tron-o-matic 4 Pro,Dallas_01,82.98,SMALL_DEAL,
2024-10-28,Tron-o-matic 4 Pro,Houston_01,82.98,SMALL_DEAL,
2024-10-28,Tron-o-matic 4 Pro,WashingtonDC_01,82.98,SMALL_DEAL,
2024-10-28,Tron-o-matic 4 Pro,Atlanta_01,82.98,SMALL_DEAL,
2024-10-28,Tron-o-matic 4 Pro,Philadelphia_01,82.98,SMALL_DEAL,
2024-10-28,Tron-o-matic 5,Online_Store,51.51,BIG_DEAL,
2024-10-28,Tron-o-matic 5,LosAngeles_01,51.51,BIG_DEAL,
2024-10-28,Tron-o-matic 5,NewYork_01,51.51,BIG_DEAL,
2024-10-28,Tron-o-matic 5,NewYork_02,51.51,BIG_DEAL,
2024-10-28,Tron-o-matic 5,Chicago_01,51.51,BIG_DEAL,
2024-10-28,Tron-o-matic 5,Dallas_01,51.51,BIG_DEAL,
2024-10-28,Tron-o-matic 5,Houston_01,51.51,BIG_DEAL,
2024-10-28,Tron-o-matic 5,WashingtonDC_01,51.51,BIG_DEAL,
2024-10-28,Tron-o-matic 5,Atlanta_01,51.51,BIG_DEAL,
2024-10-28,Tron-o-matic 5,Philadelphia_01,51.51,BIG_DEAL,
2024-10-28,Tron-o-matic 5 Pro,Online_Store,86.18,SMALL_DEAL,
2024-10-28,Tron-o-matic 5 Pro,LosAngeles_01,86.18,SMALL_DEAL,
2024-10-28,Tron-o-matic 5 Pro,NewYork_01,86.18,SMALL_DEAL,
2024-10-28,Tron-o-matic 5 Pro,NewYork_02,86.18,SMALL_DEAL,
2024-10-28,Tron-o-matic 5 Pro,Chicago_01,86.18,SMALL_DEAL,
2024-10-28,Tron-o-matic 5 Pro,Dallas_01,86.18,SMALL_DEAL,
2024-10-28,Tron-o-matic 5 Pro,Houston_01,86.18,SMALL_DEAL,
2024-10-28,Tron-o-matic 5 Pro,WashingtonDC_01,86.18,SMALL_DEAL,
2024-10-28,Tron-o-matic 5 Pro,Atlanta_01,86.18,SMALL_DEAL,
2024-10-28,Tron-o-matic 5 Pro,Philadelphia_01,86.18,SMALL_DEAL,
2024-10-29,Tron-o-matic 1,Online_Store,54.0,None,
2024-10-29,Tron-o-matic 1,LosAngeles_01,54.0,None,
2024-10-29,Tron-o-matic 1,NewYork_01,54.0,None,
2024-10-29,Tron-o-matic 1,NewYork_02,54.0,None,
2024-10-29,Tron-o-matic 1,Chicago_01,54.0,None,
2024-10-29,Tron-o-matic 1,Dallas_01,54.0,None,
2024-10-29,Tron-o-matic 1,Houston_01,54.0,None,
2024-10-29,Tron-o-matic 1,WashingtonDC_01,54.0,None,
2024-10-29,Tron-o-matic 1,Atlanta_01,54.0,None,
2024-10-29,Tron-o-matic 1,Philadelphia_01,54.0,None,
2024-10-29,Tron-o-matic 1 Pro,Online_Store,72.0,None,
2024-10-29,Tron-o-matic 1 Pro,LosAngeles_01,72.0,None,
2024-10-29,Tron-o-matic 1 Pro,NewYork_01,72.0,None,
2024-10-29,Tron-o-matic 1 Pro,NewYork_02,72.0,None,
2024-10-29,Tron-o-matic 1 Pro,Chicago_01,72.0,None,
2024-10-29,Tron-o-matic 1 Pro,Dallas_01,72.0,None,
2024-10-29,Tron-o-matic 1 Pro,Houston_01,72.0,None,
2024-10-29,Tron-o-matic 1 Pro,WashingtonDC_01,72.0,None,
2024-10-29,Tron-o-matic 1 Pro,Atlanta_01,72.0,None,
2024-10-29,Tron-o-matic 1 Pro,Philadelphia_01,72.0,None,
2024-10-29,Tron-o-matic 2,Online_Store,34.83,BIG_DEAL,
2024-10-29,Tron-o-matic 2,LosAngeles_01,34.83,BIG_DEAL,
2024-10-29,Tron-o-matic 2,NewYork_01,34.83,BIG_DEAL,
2024-10-29,Tron-o-matic 2,NewYork_02,34.83,BIG_DEAL,
2024-10-29,Tron-o-matic 2,Chicago_01,34.83,BIG_DEAL,
2024-10-29,Tron-o-matic 2,Dallas_01,34.83,BIG_DEAL,
2024-10-29,Tron-o-matic 2,Houston_01,34.83,BIG_DEAL,
2024-10-29,Tron-o-matic 2,WashingtonDC_01,34.83,BIG_DEAL,
2024-10-29,Tron-o-matic 2,Atlanta_01,34.83,BIG_DEAL,
2024-10-29,Tron-o-matic 2,Philadelphia_01,34.83,BIG_DEAL,
2024-10-29,Tron-o-matic 2 Pro,Online_Store,55.18,BIG_DEAL,
2024-10-29,Tron-o-matic 2 Pro,LosAngeles_01,55.18,BIG_DEAL,
2024-10-29,Tron-o-matic 2 Pro,NewYork_01,55.18,BIG_DEAL,
2024-10-29,Tron-o-matic 2 Pro,NewYork_02,55.18,BIG_DEAL,
2024-10-29,Tron-o-matic 2 Pro,Chicago_01,55.18,BIG_DEAL,
2024-10-29,Tron-o-matic 2 Pro,Dallas_01,55.18,BIG_DEAL,
2024-10-29,Tron-o-matic 2 Pro,Houston_01,55.18,BIG_DEAL,
2024-10-29,Tron-o-matic 2 Pro,WashingtonDC_01,55.18,BIG_DEAL,
2024-10-29,Tron-o-matic 2 Pro,Atlanta_01,55.18,BIG_DEAL,
2024-10-29,Tron-o-matic 2 Pro,Philadelphia_01,55.18,BIG_DEAL,
2024-10-29,Tron-o-matic 3,Online_Store,48.17,SMALL_DEAL,
2024-10-29,Tron-o-matic 3,LosAngeles_01,48.17,SMALL_DEAL,
2024-10-29,Tron-o-matic 3,NewYork_01,48.17,SMALL_DEAL,
2024-10-29,Tron-o-matic 3,NewYork_02,48.17,SMALL_DEAL,
2024-10-29,Tron-o-matic 3,Chicago_01,48.17,SMALL_DEAL,
2024-10-29,Tron-o-matic 3,Dallas_01,48.17,SMALL_DEAL,
2024-10-29,Tron-o-matic 3,Houston_01,48.17,SMALL_DEAL,
2024-10-29,Tron-o-matic 3,WashingtonDC_01,48.17,SMALL_DEAL,
2024-10-29,Tron-o-matic 3,Atlanta_01,48.17,SMALL_DEAL,
2024-10-29,Tron-o-matic 3,Philadelphia_01,48.17,SMALL_DEAL,
2024-10-29,Tron-o-matic 3 Pro,Online_Store,81.0,None,
2024-10-29,Tron-o-matic 3 Pro,LosAngeles_01,81.0,None,
2024-10-29,Tron-o-matic 3 Pro,NewYork_01,81.0,None,
2024-10-29,Tron-o-matic 3 Pro,NewYork_02,81.0,None,
2024-10-29,Tron-o-matic 3 Pro,Chicago_01,81.0,None,
2024-10-29,Tron-o-matic 3 Pro,Dallas_01,81.0,None,
2024-10-29,Tron-o-matic 3 Pro,Houston_01,81.0,None,
2024-10-29,Tron-o-matic 3 Pro,WashingtonDC_01,81.0,None,
2024-10-29,Tron-o-matic 3 Pro,Atlanta_01,81.0,None,
2024-10-29,Tron-o-matic 3 Pro,Philadelphia_01,81.0,None,
2024-10-29,Tron-o-matic 4,Online_Store,67.5,None,
2024-10-29,Tron-o-matic 4,LosAngeles_01,67.5,None,
2024-10-29,Tron-o-matic 4,NewYork_01,67.5,None,
2024-10-29,Tron-o-matic 4,NewYork_02,67.5,None,
2024-10-29,Tron-o-matic 4,Chicago_01,67.5,None,
2024-10-29,Tron-o-matic 4,Dallas_01,67.5,None,
2024-10-29,Tron-o-matic 4,Houston_01,67.5,None,
2024-10-29,Tron-o-matic 4,WashingtonDC_01,67.5,None,
2024-10-29,Tron-o-matic 4,Atlanta_01,67.5,None,
2024-10-29,Tron-o-matic 4,Philadelphia_01,67.5,None,
2024-10-29,Tron-o-matic 4 Pro,Online_Store,90.0,None,
2024-10-29,Tron-o-matic 4 Pro,LosAngeles_01,90.0,None,
2024-10-29,Tron-o-matic 4 Pro,NewYork_01,90.0,None,
2024-10-29,Tron-o-matic 4 Pro,NewYork_02,90.0,None,
2024-10-29,Tron-o-matic 4 Pro,Chicago_01,90.0,None,
2024-10-29,Tron-o-matic 4 Pro,Dallas_01,90.0,None,
2024-10-29,Tron-o-matic 4 Pro,Houston_01,90.0,None,
2024-10-29,Tron-o-matic 4 Pro,WashingtonDC_01,90.0,None,
2024-10-29,Tron-o-matic 4 Pro,Atlanta_01,90.0,None,
2024-10-29,Tron-o-matic 4 Pro,Philadelphia_01,90.0,None,
2024-10-29,Tron-o-matic 5,Online_Store,72.0,None,
2024-10-29,Tron-o-matic 5,LosAngeles_01,72.0,None,
2024-10-29,Tron-o-matic 5,NewYork_01,72.0,None,
2024-10-29,Tron-o-matic 5,NewYork_02,72.0,None,
2024-10-29,Tron-o-matic 5,Chicago_01,72.0,None,
2024-10-29,Tron-o-matic 5,Dallas_01,72.0,None,
2024-10-29,Tron-o-matic 5,Houston_01,72.0,None,
2024-10-29,Tron-o-matic 5,WashingtonDC_01,72.0,None,
2024-10-29,Tron-o-matic 5,Atlanta_01,72.0,None,
2024-10-29,Tron-o-matic 5,Philadelphia_01,72.0,None,
2024-10-29,Tron-o-matic 5 Pro,Online_Store,99.0,None,
2024-10-29,Tron-o-matic 5 Pro,LosAngeles_01,99.0,None,
2024-10-29,Tron-o-matic 5 Pro,NewYork_01,99.0,None,
2024-10-29,Tron-o-matic 5 Pro,NewYork_02,99.0,None,
2024-10-29,Tron-o-matic 5 Pro,Chicago_01,99.0,None,
2024-10-29,Tron-o-matic 5 Pro,Dallas_01,99.0,None,
2024-10-29,Tron-o-matic 5 Pro,Houston_01,99.0,None,
2024-10-29,Tron-o-matic 5 Pro,WashingtonDC_01,99.0,None,
2024-10-29,Tron-o-matic 5 Pro,Atlanta_01,99.0,None,
2024-10-29,Tron-o-matic 5 Pro,Philadelphia_01,99.0,None,
2024-10-30,Tron-o-matic 1,Online_Store,54.0,None,
2024-10-30,Tron-o-matic 1,LosAngeles_01,54.0,None,
2024-10-30,Tron-o-matic 1,NewYork_01,54.0,None,
2024-10-30,Tron-o-matic 1,NewYork_02,54.0,None,
2024-10-30,Tron-o-matic 1,Chicago_01,54.0,None,
2024-10-30,Tron-o-matic 1,Dallas_01,54.0,None,
2024-10-30,Tron-o-matic 1,Houston_01,54.0,None,
2024-10-30,Tron-o-matic 1,WashingtonDC_01,54.0,None,
2024-10-30,Tron-o-matic 1,Atlanta_01,54.0,None,
2024-10-30,Tron-o-matic 1,Philadelphia_01,54.0,None,
2024-10-30,Tron-o-matic 1 Pro,Online_Store,57.57,BIG_DEAL,
2024-10-30,Tron-o-matic 1 Pro,LosAngeles_01,57.57,BIG_DEAL,
2024-10-30,Tron-o-matic 1 Pro,NewYork_01,57.57,BIG_DEAL,
2024-10-30,Tron-o-matic 1 Pro,NewYork_02,57.57,BIG_DEAL,
2024-10-30,Tron-o-matic 1 Pro,Chicago_01,57.57,BIG_DEAL,
2024-10-30,Tron-o-matic 1 Pro,Dallas_01,57.57,BIG_DEAL,
2024-10-30,Tron-o-matic 1 Pro,Houston_01,57.57,BIG_DEAL,
2024-10-30,Tron-o-matic 1 Pro,WashingtonDC_01,57.57,BIG_DEAL,
2024-10-30,Tron-o-matic 1 Pro,Atlanta_01,57.57,BIG_DEAL,
2024-10-30,Tron-o-matic 1 Pro,Philadelphia_01,57.57,BIG_DEAL,
2024-10-30,Tron-o-matic 2,Online_Store,46.88,SMALL_DEAL,
2024-10-30,Tron-o-matic 2,LosAngeles_01,46.88,SMALL_DEAL,
2024-10-30,Tron-o-matic 2,NewYork_01,46.88,SMALL_DEAL,
2024-10-30,Tron-o-matic 2,NewYork_02,46.88,SMALL_DEAL,
2024-10-30,Tron-o-matic 2,Chicago_01,46.88,SMALL_DEAL,
2024-10-30,Tron-o-matic 2,Dallas_01,46.88,SMALL_DEAL,
2024-10-30,Tron-o-matic 2,Houston_01,46.88,SMALL_DEAL,
2024-10-30,Tron-o-matic 2,WashingtonDC_01,46.88,SMALL_DEAL,
2024-10-30,Tron-o-matic 2,Atlanta_01,46.88,SMALL_DEAL,
2024-10-30,Tron-o-matic 2,Philadelphia_01,46.88,SMALL_DEAL,
2024-10-30,Tron-o-matic 2 Pro,Online_Store,71.53,SMALL_DEAL,
2024-10-30,Tron-o-matic 2 Pro,LosAngeles_01,71.53,SMALL_DEAL,
2024-10-30,Tron-o-matic 2 Pro,NewYork_01,71.53,SMALL_DEAL,
2024-10-30,Tron-o-matic 2 Pro,NewYork_02,71.53,SMALL_DEAL,
2024-10-30,Tron-o-matic 2 Pro,Chicago_01,71.53,SMALL_DEAL,
2024-10-30,Tron-o-matic 2 Pro,Dallas_01,71.53,SMALL_DEAL,
2024-10-30,Tron-o-matic 2 Pro,Houston_01,71.53,SMALL_DEAL,
2024-10-30,Tron-o-matic 2 Pro,WashingtonDC_01,71.53,SMALL_DEAL,
2024-10-30,Tron-o-matic 2 Pro,Atlanta_01,71.53,SMALL_DEAL,
2024-10-30,Tron-o-matic 2 Pro,Philadelphia_01,71.53,SMALL_DEAL,
2024-10-30,Tron-o-matic 3,Online_Store,37.88,BIG_DEAL,
2024-10-30,Tron-o-matic 3,LosAngeles_01,37.88,BIG_DEAL,
2024-10-30,Tron-o-matic 3,NewYork_01,37.88,BIG_DEAL,
2024-10-30,Tron-o-matic 3,NewYork_02,37.88,BIG_DEAL,
2024-10-30,Tron-o-matic 3,Chicago_01,37.88,BIG_DEAL,
2024-10-30,Tron-o-matic 3,Dallas_01,37.88,BIG_DEAL,
2024-10-30,Tron-o-matic 3,Houston_01,37.88,BIG_DEAL,
2024-10-30,Tron-o-matic 3,WashingtonDC_01,37.88,BIG_DEAL,
2024-10-30,Tron-o-matic 3,Atlanta_01,37.88,BIG_DEAL,
2024-10-30,Tron-o-matic 3,Philadelphia_01,37.88,BIG_DEAL,
2024-10-30,Tron-o-matic 3 Pro,Online_Store,57.78,BIG_DEAL,
2024-10-30,Tron-o-matic 3 Pro,LosAngeles_01,57.78,BIG_DEAL,
2024-10-30,Tron-o-matic 3 Pro,NewYork_01,57.78,BIG_DEAL,
2024-10-30,Tron-o-matic 3 Pro,NewYork_02,57.78,BIG_DEAL,
2024-10-30,Tron-o-matic 3 Pro,Chicago_01,57.78,BIG_DEAL,
2024-10-30,Tron-o-matic 3 Pro,Dallas_01,57.78,BIG_DEAL,
2024-10-30,Tron-o-matic 3 Pro,Houston_01,57.78,BIG_DEAL,
2024-10-30,Tron-o-matic 3 Pro,WashingtonDC_01,57.78,BIG_DEAL,
2024-10-30,Tron-o-matic 3 Pro,Atlanta_01,57.78,BIG_DEAL,
2024-10-30,Tron-o-matic 3 Pro,Philadelphia_01,57.78,BIG_DEAL,
2024-10-30,Tron-o-matic 4,Online_Store,67.5,None,
2024-10-30,Tron-o-matic 4,LosAngeles_01,67.5,None,
2024-10-30,Tron-o-matic 4,NewYork_01,67.5,None,
2024-10-30,Tron-o-matic 4,NewYork_02,67.5,None,
2024-10-30,Tron-o-matic 4,Chicago_01,67.5,None,
2024-10-30,Tron-o-matic 4,Dallas_01,67.5,None,
2024-10-30,Tron-o-matic 4,Houston_01,67.5,None,
2024-10-30,Tron-o-matic 4,WashingtonDC_01,67.5,None,
2024-10-30,Tron-o-matic 4,Atlanta_01,67.5,None,
2024-10-30,Tron-o-matic 4,Philadelphia_01,67.5,None,
2024-10-30,Tron-o-matic 4 Pro,Online_Store,90.0,None,
2024-10-30,Tron-o-matic 4 Pro,LosAngeles_01,90.0,None,
2024-10-30,Tron-o-matic 4 Pro,NewYork_01,90.0,None,
2024-10-30,Tron-o-matic 4 Pro,NewYork_02,90.0,None,
2024-10-30,Tron-o-matic 4 Pro,Chicago_01,90.0,None,
2024-10-30,Tron-o-matic 4 Pro,Dallas_01,90.0,None,
2024-10-30,Tron-o-matic 4 Pro,Houston_01,90.0,None,
2024-10-30,Tron-o-matic 4 Pro,WashingtonDC_01,90.0,None,
2024-10-30,Tron-o-matic 4 Pro,Atlanta_01,90.0,None,
2024-10-30,Tron-o-matic 4 Pro,Philadelphia_01,90.0,None,
2024-10-30,Tron-o-matic 5,Online_Store,52.08,BIG_DEAL,
2024-10-30,Tron-o-matic 5,LosAngeles_01,52.08,BIG_DEAL,
2024-10-30,Tron-o-matic 5,NewYork_01,52.08,BIG_DEAL,
2024-10-30,Tron-o-matic 5,NewYork_02,52.08,BIG_DEAL,
2024-10-30,Tron-o-matic 5,Chicago_01,52.08,BIG_DEAL,
2024-10-30,Tron-o-matic 5,Dallas_01,52.08,BIG_DEAL,
2024-10-30,Tron-o-matic 5,Houston_01,52.08,BIG_DEAL,
2024-10-30,Tron-o-matic 5,WashingtonDC_01,52.08,BIG_DEAL,
2024-10-30,Tron-o-matic 5,Atlanta_01,52.08,BIG_DEAL,
2024-10-30,Tron-o-matic 5,Philadelphia_01,52.08,BIG_DEAL,
2024-10-30,Tron-o-matic 5 Pro,Online_Store,99.0,None,
2024-10-30,Tron-o-matic 5 Pro,LosAngeles_01,99.0,None,
2024-10-30,Tron-o-matic 5 Pro,NewYork_01,99.0,None,
2024-10-30,Tron-o-matic 5 Pro,NewYork_02,99.0,None,
2024-10-30,Tron-o-matic 5 Pro,Chicago_01,99.0,None,
2024-10-30,Tron-o-matic 5 Pro,Dallas_01,99.0,None,
2024-10-30,Tron-o-matic 5 Pro,Houston_01,99.0,None,
2024-10-30,Tron-o-matic 5 Pro,WashingtonDC_01,99.0,None,
2024-10-30,Tron-o-matic 5 Pro,Atlanta_01,99.0,None,
2024-10-30,Tron-o-matic 5 Pro,Philadelphia_01,99.0,None,
2024-10-31,Tron-o-matic 1,Online_Store,54.0,None,
2024-10-31,Tron-o-matic 1,LosAngeles_01,54.0,None,
2024-10-31,Tron-o-matic 1,NewYork_01,54.0,None,
2024-10-31,Tron-o-matic 1,NewYork_02,54.0,None,
2024-10-31,Tron-o-matic 1,Chicago_01,54.0,None,
2024-10-31,Tron-o-matic 1,Dallas_01,54.0,None,
2024-10-31,Tron-o-matic 1,Houston_01,54.0,None,
2024-10-31,Tron-o-matic 1,WashingtonDC_01,54.0,None,
2024-10-31,Tron-o-matic 1,Atlanta_01,54.0,None,
2024-10-31,Tron-o-matic 1,Philadelphia_01,54.0,None,
2024-10-31,Tron-o-matic 1 Pro,Online_Store,63.39,SMALL_DEAL,
2024-10-31,Tron-o-matic 1 Pro,LosAngeles_01,63.39,SMALL_DEAL,
2024-10-31,Tron-o-matic 1 Pro,NewYork_01,63.39,SMALL_DEAL,
2024-10-31,Tron-o-matic 1 Pro,NewYork_02,63.39,SMALL_DEAL,
2024-10-31,Tron-o-matic 1 Pro,Chicago_01,63.39,SMALL_DEAL,
2024-10-31,Tron-o-matic 1 Pro,Dallas_01,63.39,SMALL_DEAL,
2024-10-31,Tron-o-matic 1 Pro,Houston_01,63.39,SMALL_DEAL,
2024-10-31,Tron-o-matic 1 Pro,WashingtonDC_01,63.39,SMALL_DEAL,
2024-10-31,Tron-o-matic 1 Pro,Atlanta_01,63.39,SMALL_DEAL,
2024-10-31,Tron-o-matic 1 Pro,Philadelphia_01,63.39,SMALL_DEAL,
2024-10-31,Tron-o-matic 2,Online_Store,49.5,None,
2024-10-31,Tron-o-matic 2,LosAngeles_01,49.5,None,
2024-10-31,Tron-o-matic 2,NewYork_01,49.5,None,
2024-10-31,Tron-o-matic 2,NewYork_02,49.5,None,
2024-10-31,Tron-o-matic 2,Chicago_01,49.5,None,
2024-10-31,Tron-o-matic 2,Dallas_01,49.5,None,
2024-10-31,Tron-o-matic 2,Houston_01,49.5,None,
2024-10-31,Tron-o-matic 2,WashingtonDC_01,49.5,None,
2024-10-31,Tron-o-matic 2,Atlanta_01,49.5,None,
2024-10-31,Tron-o-matic 2,Philadelphia_01,49.5,None,
2024-10-31,Tron-o-matic 2 Pro,Online_Store,76.5,None,
2024-10-31,Tron-o-matic 2 Pro,LosAngeles_01,76.5,None,
2024-10-31,Tron-o-matic 2 Pro,NewYork_01,76.5,None,
2024-10-31,Tron-o-matic 2 Pro,NewYork_02,76.5,None,
2024-10-31,Tron-o-matic 2 Pro,Chicago_01,76.5,None,
2024-10-31,Tron-o-matic 2 Pro,Dallas_01,76.5,None,
2024-10-31,Tron-o-matic 2 Pro,Houston_01,76.5,None,
2024-10-31,Tron-o-matic 2 Pro,WashingtonDC_01,76.5,None,
2024-10-31,Tron-o-matic 2 Pro,Atlanta_01,76.5,None,
2024-10-31,Tron-o-matic 2 Pro,Philadelphia_01,76.5,None,
2024-10-31,Tron-o-matic 3,Online_Store,48.81,SMALL_DEAL,
2024-10-31,Tron-o-matic 3,LosAngeles_01,48.81,SMALL_DEAL,
2024-10-31,Tron-o-matic 3,NewYork_01,48.81,SMALL_DEAL,
2024-10-31,Tron-o-matic 3,NewYork_02,48.81,SMALL_DEAL,
2024-10-31,Tron-o-matic 3,Chicago_01,48.81,SMALL_DEAL,
2024-10-31,Tron-o-matic 3,Dallas_01,48.81,SMALL_DEAL,
2024-10-31,Tron-o-matic 3,Houston_01,48.81,SMALL_DEAL,
2024-10-31,Tron-o-matic 3,WashingtonDC_01,48.81,SMALL_DEAL,
2024-10-31,Tron-o-matic 3,Atlanta_01,48.81,SMALL_DEAL,
2024-10-31,Tron-o-matic 3,Philadelphia_01,48.81,SMALL_DEAL,
2024-10-31,Tron-o-matic 3 Pro,Online_Store,81.0,None,
2024-10-31,Tron-o-matic 3 Pro,LosAngeles_01,81.0,None,
2024-10-31,Tron-o-matic 3 Pro,NewYork_01,81.0,None,
2024-10-31,Tron-o-matic 3 Pro,NewYork_02,81.0,None,
2024-10-31,Tron-o-matic 3 Pro,Chicago_01,81.0,None,
2024-10-31,Tron-o-matic 3 Pro,Dallas_01,81.0,None,
2024-10-31,Tron-o-matic 3 Pro,Houston_01,81.0,None,
2024-10-31,Tron-o-matic 3 Pro,WashingtonDC_01,81.0,None,
2024-10-31,Tron-o-matic 3 Pro,Atlanta_01,81.0,None,
2024-10-31,Tron-o-matic 3 Pro,Philadelphia_01,81.0,None,
2024-10-31,Tron-o-matic 4,Online_Store,59.18,SMALL_DEAL,
2024-10-31,Tron-o-matic 4,LosAngeles_01,59.18,SMALL_DEAL,
2024-10-31,Tron-o-matic 4,NewYork_01,59.18,SMALL_DEAL,
2024-10-31,Tron-o-matic 4,NewYork_02,59.18,SMALL_DEAL,
2024-10-31,Tron-o-matic 4,Chicago_01,59.18,SMALL_DEAL,
2024-10-31,Tron-o-matic 4,Dallas_01,59.18,SMALL_DEAL,
2024-10-31,Tron-o-matic 4,Houston_01,59.18,SMALL_DEAL,
2024-10-31,Tron-o-matic 4,WashingtonDC_01,59.18,SMALL_DEAL,
2024-10-31,Tron-o-matic 4,Atlanta_01,59.18,SMALL_DEAL,
2024-10-31,Tron-o-matic 4,Philadelphia_01,59.18,SMALL_DEAL,
2024-10-31,Tron-o-matic 4 Pro,Online_Store,76.91,SMALL_DEAL,
2024-10-31,Tron-o-matic 4 Pro,LosAngeles_01,76.91,SMALL_DEAL,
2024-10-31,Tron-o-matic 4 Pro,NewYork_01,76.91,SMALL_DEAL,
2024-10-31,Tron-o-matic 4 Pro,NewYork_02,76.91,SMALL_DEAL,
2024-10-31,Tron-o-matic 4 Pro,Chicago_01,76.91,SMALL_DEAL,
2024-10-31,Tron-o-matic 4 Pro,Dallas_01,76.91,SMALL_DEAL,
2024-10-31,Tron-o-matic 4 Pro,Houston_01,76.91,SMALL_DEAL,
2024-10-31,Tron-o-matic 4 Pro,WashingtonDC_01,76.91,SMALL_DEAL,
2024-10-31,Tron-o-matic 4 Pro,Atlanta_01,76.91,SMALL_DEAL,
2024-10-31,Tron-o-matic 4 Pro,Philadelphia_01,76.91,SMALL_DEAL,
2024-10-31,Tron-o-matic 5,Online_Store,72.0,None,
2024-10-31,Tron-o-matic 5,LosAngeles_01,72.0,None,
2024-10-31,Tron-o-matic 5,NewYork_01,72.0,None,
2024-10-31,Tron-o-matic 5,NewYork_02,72.0,None,
2024-10-31,Tron-o-matic 5,Chicago_01,72.0,None,
2024-10-31,Tron-o-matic 5,Dallas_01,72.0,None,
2024-10-31,Tron-o-matic 5,Houston_01,72.0,None,
2024-10-31,Tron-o-matic 5,WashingtonDC_01,72.0,None,
2024-10-31,Tron-o-matic 5,Atlanta_01,72.0,None,
2024-10-31,Tron-o-matic 5,Philadelphia_01,72.0,None,
2024-10-31,Tron-o-matic 5 Pro,Online_Store,99.0,None,
2024-10-31,Tron-o-matic 5 Pro,LosAngeles_01,99.0,None,
2024-10-31,Tron-o-matic 5 Pro,NewYork_01,99.0,None,
2024-10-31,Tron-o-matic 5 Pro,NewYork_02,99.0,None,
2024-10-31,Tron-o-matic 5 Pro,Chicago_01,99.0,None,
2024-10-31,Tron-o-matic 5 Pro,Dallas_01,99.0,None,
2024-10-31,Tron-o-matic 5 Pro,Houston_01,99.0,None,
2024-10-31,Tron-o-matic 5 Pro,WashingtonDC_01,99.0,None,
2024-10-31,Tron-o-matic 5 Pro,Atlanta_01,99.0,None,
2024-10-31,Tron-o-matic 5 Pro,Philadelphia_01,99.0,None,
2024-11-01,Tron-o-matic 1,Online_Store,47.29,SMALL_DEAL,
2024-11-01,Tron-o-matic 1,LosAngeles_01,47.29,SMALL_DEAL,
2024-11-01,Tron-o-matic 1,NewYork_01,47.29,SMALL_DEAL,
2024-11-01,Tron-o-matic 1,NewYork_02,47.29,SMALL_DEAL,
2024-11-01,Tron-o-matic 1,Chicago_01,47.29,SMALL_DEAL,
2024-11-01,Tron-o-matic 1,Dallas_01,47.29,SMALL_DEAL,
2024-11-01,Tron-o-matic 1,Houston_01,47.29,SMALL_DEAL,
2024-11-01,Tron-o-matic 1,WashingtonDC_01,47.29,SMALL_DEAL,
2024-11-01,Tron-o-matic 1,Atlanta_01,47.29,SMALL_DEAL,
2024-11-01,Tron-o-matic 1,Philadelphia_01,47.29,SMALL_DEAL,
2024-11-01,Tron-o-matic 1 Pro,Online_Store,67.03,SMALL_DEAL,
2024-11-01,Tron-o-matic 1 Pro,LosAngeles_01,67.03,SMALL_DEAL,
2024-11-01,Tron-o-matic 1 Pro,NewYork_01,67.03,SMALL_DEAL,
2024-11-01,Tron-o-matic 1 Pro,NewYork_02,67.03,SMALL_DEAL,
2024-11-01,Tron-o-matic 1 Pro,Chicago_01,67.03,SMALL_DEAL,
2024-11-01,Tron-o-matic 1 Pro,Dallas_01,67.03,SMALL_DEAL,
2024-11-01,Tron-o-matic 1 Pro,Houston_01,67.03,SMALL_DEAL,
2024-11-01,Tron-o-matic 1 Pro,WashingtonDC_01,67.03,SMALL_DEAL,
2024-11-01,Tron-o-matic 1 Pro,Atlanta_01,67.03,SMALL_DEAL,
2024-11-01,Tron-o-matic 1 Pro,Philadelphia_01,67.03,SMALL_DEAL,
2024-11-01,Tron-o-matic 2,Online_Store,44.3,SMALL_DEAL,
2024-11-01,Tron-o-matic 2,LosAngeles_01,44.3,SMALL_DEAL,
2024-11-01,Tron-o-matic 2,NewYork_01,44.3,SMALL_DEAL,
2024-11-01,Tron-o-matic 2,NewYork_02,44.3,SMALL_DEAL,
2024-11-01,Tron-o-matic 2,Chicago_01,44.3,SMALL_DEAL,
2024-11-01,Tron-o-matic 2,Dallas_01,44.3,SMALL_DEAL,
2024-11-01,Tron-o-matic 2,Houston_01,44.3,SMALL_DEAL,
2024-11-01,Tron-o-matic 2,WashingtonDC_01,44.3,SMALL_DEAL,
2024-11-01,Tron-o-matic 2,Atlanta_01,44.3,SMALL_DEAL,
2024-11-01,Tron-o-matic 2,Philadelphia_01,44.3,SMALL_DEAL,
2024-11-01,Tron-o-matic 2 Pro,Online_Store,66.98,SMALL_DEAL,
2024-11-01,Tron-o-matic 2 Pro,LosAngeles_01,66.98,SMALL_DEAL,
2024-11-01,Tron-o-matic 2 Pro,NewYork_01,66.98,SMALL_DEAL,
2024-11-01,Tron-o-matic 2 Pro,NewYork_02,66.98,SMALL_DEAL,
2024-11-01,Tron-o-matic 2 Pro,Chicago_01,66.98,SMALL_DEAL,
2024-11-01,Tron-o-matic 2 Pro,Dallas_01,66.98,SMALL_DEAL,
2024-11-01,Tron-o-matic 2 Pro,Houston_01,66.98,SMALL_DEAL,
2024-11-01,Tron-o-matic 2 Pro,WashingtonDC_01,66.98,SMALL_DEAL,
2024-11-01,Tron-o-matic 2 Pro,Atlanta_01,66.98,SMALL_DEAL,
2024-11-01,Tron-o-matic 2 Pro,Philadelphia_01,66.98,SMALL_DEAL,
2024-11-01,Tron-o-matic 3,Online_Store,46.39,SMALL_DEAL,
2024-11-01,Tron-o-matic 3,LosAngeles_01,46.39,SMALL_DEAL,
2024-11-01,Tron-o-matic 3,NewYork_01,46.39,SMALL_DEAL,
2024-11-01,Tron-o-matic 3,NewYork_02,46.39,SMALL_DEAL,
2024-11-01,Tron-o-matic 3,Chicago_01,46.39,SMALL_DEAL,
2024-11-01,Tron-o-matic 3,Dallas_01,46.39,SMALL_DEAL,
2024-11-01,Tron-o-matic 3,Houston_01,46.39,SMALL_DEAL,
2024-11-01,Tron-o-matic 3,WashingtonDC_01,46.39,SMALL_DEAL,
2024-11-01,Tron-o-matic 3,Atlanta_01,46.39,SMALL_DEAL,
2024-11-01,Tron-o-matic 3,Philadelphia_01,46.39,SMALL_DEAL,
2024-11-01,Tron-o-matic 3 Pro,Online_Store,69.61,SMALL_DEAL,
2024-11-01,Tron-o-matic 3 Pro,LosAngeles_01,69.61,SMALL_DEAL,
2024-11-01,Tron-o-matic 3 Pro,NewYork_01,69.61,SMALL_DEAL,
2024-11-01,Tron-o-matic 3 Pro,NewYork_02,69.61,SMALL_DEAL,
2024-11-01,Tron-o-matic 3 Pro,Chicago_01,69.61,SMALL_DEAL,
2024-11-01,Tron-o-matic 3 Pro,Dallas_01,69.61,SMALL_DEAL,
2024-11-01,Tron-o-matic 3 Pro,Houston_01,69.61,SMALL_DEAL,
2024-11-01,Tron-o-matic 3 Pro,WashingtonDC_01,69.61,SMALL_DEAL,
2024-11-01,Tron-o-matic 3 Pro,Atlanta_01,69.61,SMALL_DEAL,
2024-11-01,Tron-o-matic 3 Pro,Philadelphia_01,69.61,SMALL_DEAL,
2024-11-01,Tron-o-matic 4,Online_Store,67.5,None,
2024-11-01,Tron-o-matic 4,LosAngeles_01,67.5,None,
2024-11-01,Tron-o-matic 4,NewYork_01,67.5,None,
2024-11-01,Tron-o-matic 4,NewYork_02,67.5,None,
2024-11-01,Tron-o-matic 4,Chicago_01,67.5,None,
2024-11-01,Tron-o-matic 4,Dallas_01,67.5,None,
2024-11-01,Tron-o-matic 4,Houston_01,67.5,None,
2024-11-01,Tron-o-matic 4,WashingtonDC_01,67.5,None,
2024-11-01,Tron-o-matic 4,Atlanta_01,67.5,None,
2024-11-01,Tron-o-matic 4,Philadelphia_01,67.5,None,
2024-11-01,Tron-o-matic 4 Pro,Online_Store,90.0,None,
2024-11-01,Tron-o-matic 4 Pro,LosAngeles_01,90.0,None,
2024-11-01,Tron-o-matic 4 Pro,NewYork_01,90.0,None,
2024-11-01,Tron-o-matic 4 Pro,NewYork_02,90.0,None,
2024-11-01,Tron-o-matic 4 Pro,Chicago_01,90.0,None,
2024-11-01,Tron-o-matic 4 Pro,Dallas_01,90.0,None,
2024-11-01,Tron-o-matic 4 Pro,Houston_01,90.0,None,
2024-11-01,Tron-o-matic 4 Pro,WashingtonDC_01,90.0,None,
2024-11-01,Tron-o-matic 4 Pro,Atlanta_01,90.0,None,
2024-11-01,Tron-o-matic 4 Pro,Philadelphia_01,90.0,None,
2024-11-01,Tron-o-matic 5,Online_Store,72.0,None,
2024-11-01,Tron-o-matic 5,LosAngeles_01,72.0,None,
2024-11-01,Tron-o-matic 5,NewYork_01,72.0,None,
2024-11-01,Tron-o-matic 5,NewYork_02,72.0,None,
2024-11-01,Tron-o-matic 5,Chicago_01,72.0,None,
2024-11-01,Tron-o-matic 5,Dallas_01,72.0,None,
2024-11-01,Tron-o-matic 5,Houston_01,72.0,None,
2024-11-01,Tron-o-matic 5,WashingtonDC_01,72.0,None,
2024-11-01,Tron-o-matic 5,Atlanta_01,72.0,None,
2024-11-01,Tron-o-matic 5,Philadelphia_01,72.0,None,
2024-11-01,Tron-o-matic 5 Pro,Online_Store,69.33,BIG_DEAL,
2024-11-01,Tron-o-matic 5 Pro,LosAngeles_01,69.33,BIG_DEAL,
2024-11-01,Tron-o-matic 5 Pro,NewYork_01,69.33,BIG_DEAL,
2024-11-01,Tron-o-matic 5 Pro,NewYork_02,69.33,BIG_DEAL,
2024-11-01,Tron-o-matic 5 Pro,Chicago_01,69.33,BIG_DEAL,
2024-11-01,Tron-o-matic 5 Pro,Dallas_01,69.33,BIG_DEAL,
2024-11-01,Tron-o-matic 5 Pro,Houston_01,69.33,BIG_DEAL,
2024-11-01,Tron-o-matic 5 Pro,WashingtonDC_01,69.33,BIG_DEAL,
2024-11-01,Tron-o-matic 5 Pro,Atlanta_01,69.33,BIG_DEAL,
2024-11-01,Tron-o-matic 5 Pro,Philadelphia_01,69.33,BIG_DEAL,
2024-11-02,Tron-o-matic 1,Online_Store,54.0,None,
2024-11-02,Tron-o-matic 1,LosAngeles_01,54.0,None,
2024-11-02,Tron-o-matic 1,NewYork_01,54.0,None,
2024-11-02,Tron-o-matic 1,NewYork_02,54.0,None,
2024-11-02,Tron-o-matic 1,Chicago_01,54.0,None,
2024-11-02,Tron-o-matic 1,Dallas_01,54.0,None,
2024-11-02,Tron-o-matic 1,Houston_01,54.0,None,
2024-11-02,Tron-o-matic 1,WashingtonDC_01,54.0,None,
2024-11-02,Tron-o-matic 1,Atlanta_01,54.0,None,
2024-11-02,Tron-o-matic 1,Philadelphia_01,54.0,None,
2024-11-02,Tron-o-matic 1 Pro,Online_Store,72.0,None,
2024-11-02,Tron-o-matic 1 Pro,LosAngeles_01,72.0,None,
2024-11-02,Tron-o-matic 1 Pro,NewYork_01,72.0,None,
2024-11-02,Tron-o-matic 1 Pro,NewYork_02,72.0,None,
2024-11-02,Tron-o-matic 1 Pro,Chicago_01,72.0,None,
2024-11-02,Tron-o-matic 1 Pro,Dallas_01,72.0,None,
2024-11-02,Tron-o-matic 1 Pro,Houston_01,72.0,None,
2024-11-02,Tron-o-matic 1 Pro,WashingtonDC_01,72.0,None,
2024-11-02,Tron-o-matic 1 Pro,Atlanta_01,72.0,None,
2024-11-02,Tron-o-matic 1 Pro,Philadelphia_01,72.0,None,
2024-11-02,Tron-o-matic 2,Online_Store,49.5,None,
2024-11-02,Tron-o-matic 2,LosAngeles_01,49.5,None,
2024-11-02,Tron-o-matic 2,NewYork_01,49.5,None,
2024-11-02,Tron-o-matic 2,NewYork_02,49.5,None,
2024-11-02,Tron-o-matic 2,Chicago_01,49.5,None,
2024-11-02,Tron-o-matic 2,Dallas_01,49.5,None,
2024-11-02,Tron-o-matic 2,Houston_01,49.5,None,
2024-11-02,Tron-o-matic 2,WashingtonDC_01,49.5,None,
2024-11-02,Tron-o-matic 2,Atlanta_01,49.5,None,
2024-11-02,Tron-o-matic 2,Philadelphia_01,49.5,None,
2024-11-02,Tron-o-matic 2 Pro,Online_Store,76.5,None,
2024-11-02,Tron-o-matic 2 Pro,LosAngeles_01,76.5,None,
2024-11-02,Tron-o-matic 2 Pro,NewYork_01,76.5,None,
2024-11-02,Tron-o-matic 2 Pro,NewYork_02,76.5,None,
2024-11-02,Tron-o-matic 2 Pro,Chicago_01,76.5,None,
2024-11-02,Tron-o-matic 2 Pro,Dallas_01,76.5,None,
2024-11-02,Tron-o-matic 2 Pro,Houston_01,76.5,None,
2024-11-02,Tron-o-matic 2 Pro,WashingtonDC_01,76.5,None,
2024-11-02,Tron-o-matic 2 Pro,Atlanta_01,76.5,None,
2024-11-02,Tron-o-matic 2 Pro,Philadelphia_01,76.5,None,
2024-11-02,Tron-o-matic 3,Online_Store,54.0,None,
2024-11-02,Tron-o-matic 3,LosAngeles_01,54.0,None,
2024-11-02,Tron-o-matic 3,NewYork_01,54.0,None,
2024-11-02,Tron-o-matic 3,NewYork_02,54.0,None,
2024-11-02,Tron-o-matic 3,Chicago_01,54.0,None,
2024-11-02,Tron-o-matic 3,Dallas_01,54.0,None,
2024-11-02,Tron-o-matic 3,Houston_01,54.0,None,
2024-11-02,Tron-o-matic 3,WashingtonDC_01,54.0,None,
2024-11-02,Tron-o-matic 3,Atlanta_01,54.0,None,
2024-11-02,Tron-o-matic 3,Philadelphia_01,54.0,None,
2024-11-02,Tron-o-matic 3 Pro,Online_Store,81.0,None,
2024-11-02,Tron-o-matic 3 Pro,LosAngeles_01,81.0,None,
2024-11-02,Tron-o-matic 3 Pro,NewYork_01,81.0,None,
2024-11-02,Tron-o-matic 3 Pro,NewYork_02,81.0,None,
2024-11-02,Tron-o-matic 3 Pro,Chicago_01,81.0,None,
2024-11-02,Tron-o-matic 3 Pro,Dallas_01,81.0,None,
2024-11-02,Tron-o-matic 3 Pro,Houston_01,81.0,None,
2024-11-02,Tron-o-matic 3 Pro,WashingtonDC_01,81.0,None,
2024-11-02,Tron-o-matic 3 Pro,Atlanta_01,81.0,None,
2024-11-02,Tron-o-matic 3 Pro,Philadelphia_01,81.0,None,
2024-11-02,Tron-o-matic 4,Online_Store,62.45,SMALL_DEAL,
2024-11-02,Tron-o-matic 4,LosAngeles_01,62.45,SMALL_DEAL,
2024-11-02,Tron-o-matic 4,NewYork_01,62.45,SMALL_DEAL,
2024-11-02,Tron-o-matic 4,NewYork_02,62.45,SMALL_DEAL,
2024-11-02,Tron-o-matic 4,Chicago_01,62.45,SMALL_DEAL,
2024-11-02,Tron-o-matic 4,Dallas_01,62.45,SMALL_DEAL,
2024-11-02,Tron-o-matic 4,Houston_01,62.45,SMALL_DEAL,
2024-11-02,Tron-o-matic 4,WashingtonDC_01,62.45,SMALL_DEAL,
2024-11-02,Tron-o-matic 4,Atlanta_01,62.45,SMALL_DEAL,
2024-11-02,Tron-o-matic 4,Philadelphia_01,62.45,SMALL_DEAL,
2024-11-02,Tron-o-matic 4 Pro,Online_Store,71.72,BIG_DEAL,
2024-11-02,Tron-o-matic 4 Pro,LosAngeles_01,71.72,BIG_DEAL,
2024-11-02,Tron-o-matic 4 Pro,NewYork_01,71.72,BIG_DEAL,
2024-11-02,Tron-o-matic 4 Pro,NewYork_02,71.72,BIG_DEAL,
2024-11-02,Tron-o-matic 4 Pro,Chicago_01,71.72,BIG_DEAL,
2024-11-02,Tron-o-matic 4 Pro,Dallas_01,71.72,BIG_DEAL,
2024-11-02,Tron-o-matic 4 Pro,Houston_01,71.72,BIG_DEAL,
2024-11-02,Tron-o-matic 4 Pro,WashingtonDC_01,71.72,BIG_DEAL,
2024-11-02,Tron-o-matic 4 Pro,Atlanta_01,71.72,BIG_DEAL,
2024-11-02,Tron-o-matic 4 Pro,Philadelphia_01,71.72,BIG_DEAL,
2024-11-02,Tron-o-matic 5,Online_Store,72.0,None,
2024-11-02,Tron-o-matic 5,LosAngeles_01,72.0,None,
2024-11-02,Tron-o-matic 5,NewYork_01,72.0,None,
2024-11-02,Tron-o-matic 5,NewYork_02,72.0,None,
2024-11-02,Tron-o-matic 5,Chicago_01,72.0,None,
2024-11-02,Tron-o-matic 5,Dallas_01,72.0,None,
2024-11-02,Tron-o-matic 5,Houston_01,72.0,None,
2024-11-02,Tron-o-matic 5,WashingtonDC_01,72.0,None,
2024-11-02,Tron-o-matic 5,Atlanta_01,72.0,None,
2024-11-02,Tron-o-matic 5,Philadelphia_01,72.0,None,
2024-11-02,Tron-o-matic 5 Pro,Online_Store,99.0,None,
2024-11-02,Tron-o-matic 5 Pro,LosAngeles_01,99.0,None,
2024-11-02,Tron-o-matic 5 Pro,NewYork_01,99.0,None,
2024-11-02,Tron-o-matic 5 Pro,NewYork_02,99.0,None,
2024-11-02,Tron-o-matic 5 Pro,Chicago_01,99.0,None,
2024-11-02,Tron-o-matic 5 Pro,Dallas_01,99.0,None,
2024-11-02,Tron-o-matic 5 Pro,Houston_01,99.0,None,
2024-11-02,Tron-o-matic 5 Pro,WashingtonDC_01,99.0,None,
2024-11-02,Tron-o-matic 5 Pro,Atlanta_01,99.0,None,
2024-11-02,Tron-o-matic 5 Pro,Philadelphia_01,99.0,None,
2024-11-03,Tron-o-matic 1,Online_Store,54.0,None,
2024-11-03,Tron-o-matic 1,LosAngeles_01,54.0,None,
2024-11-03,Tron-o-matic 1,NewYork_01,54.0,None,
2024-11-03,Tron-o-matic 1,NewYork_02,54.0,None,
2024-11-03,Tron-o-matic 1,Chicago_01,54.0,None,
2024-11-03,Tron-o-matic 1,Dallas_01,54.0,None,
2024-11-03,Tron-o-matic 1,Houston_01,54.0,None,
2024-11-03,Tron-o-matic 1,WashingtonDC_01,54.0,None,
2024-11-03,Tron-o-matic 1,Atlanta_01,54.0,None,
2024-11-03,Tron-o-matic 1,Philadelphia_01,54.0,None,
2024-11-03,Tron-o-matic 1 Pro,Online_Store,72.0,None,
2024-11-03,Tron-o-matic 1 Pro,LosAngeles_01,72.0,None,
2024-11-03,Tron-o-matic 1 Pro,NewYork_01,72.0,None,
2024-11-03,Tron-o-matic 1 Pro,NewYork_02,72.0,None,
2024-11-03,Tron-o-matic 1 Pro,Chicago_01,72.0,None,
2024-11-03,Tron-o-matic 1 Pro,Dallas_01,72.0,None,
2024-11-03,Tron-o-matic 1 Pro,Houston_01,72.0,None,
2024-11-03,Tron-o-matic 1 Pro,WashingtonDC_01,72.0,None,
2024-11-03,Tron-o-matic 1 Pro,Atlanta_01,72.0,None,
2024-11-03,Tron-o-matic 1 Pro,Philadelphia_01,72.0,None,
2024-11-03,Tron-o-matic 2,Online_Store,49.5,None,
2024-11-03,Tron-o-matic 2,LosAngeles_01,49.5,None,
2024-11-03,Tron-o-matic 2,NewYork_01,49.5,None,
2024-11-03,Tron-o-matic 2,NewYork_02,49.5,None,
2024-11-03,Tron-o-matic 2,Chicago_01,49.5,None,
2024-11-03,Tron-o-matic 2,Dallas_01,49.5,None,
2024-11-03,Tron-o-matic 2,Houston_01,49.5,None,
2024-11-03,Tron-o-matic 2,WashingtonDC_01,49.5,None,
2024-11-03,Tron-o-matic 2,Atlanta_01,49.5,None,
2024-11-03,Tron-o-matic 2,Philadelphia_01,49.5,None,
2024-11-03,Tron-o-matic 2 Pro,Online_Store,76.5,None,
2024-11-03,Tron-o-matic 2 Pro,LosAngeles_01,76.5,None,
2024-11-03,Tron-o-matic 2 Pro,NewYork_01,76.5,None,
2024-11-03,Tron-o-matic 2 Pro,NewYork_02,76.5,None,
2024-11-03,Tron-o-matic 2 Pro,Chicago_01,76.5,None,
2024-11-03,Tron-o-matic 2 Pro,Dallas_01,76.5,None,
2024-11-03,Tron-o-matic 2 Pro,Houston_01,76.5,None,
2024-11-03,Tron-o-matic 2 Pro,WashingtonDC_01,76.5,None,
2024-11-03,Tron-o-matic 2 Pro,Atlanta_01,76.5,None,
2024-11-03,Tron-o-matic 2 Pro,Philadelphia_01,76.5,None,
2024-11-03,Tron-o-matic 3,Online_Store,54.0,None,
2024-11-03,Tron-o-matic 3,LosAngeles_01,54.0,None,
2024-11-03,Tron-o-matic 3,NewYork_01,54.0,None,
2024-11-03,Tron-o-matic 3,NewYork_02,54.0,None,
2024-11-03,Tron-o-matic 3,Chicago_01,54.0,None,
2024-11-03,Tron-o-matic 3,Dallas_01,54.0,None,
2024-11-03,Tron-o-matic 3,Houston_01,54.0,None,
2024-11-03,Tron-o-matic 3,WashingtonDC_01,54.0,None,
2024-11-03,Tron-o-matic 3,Atlanta_01,54.0,None,
2024-11-03,Tron-o-matic 3,Philadelphia_01,54.0,None,
2024-11-03,Tron-o-matic 3 Pro,Online_Store,81.0,None,
2024-11-03,Tron-o-matic 3 Pro,LosAngeles_01,81.0,None,
2024-11-03,Tron-o-matic 3 Pro,NewYork_01,81.0,None,
2024-11-03,Tron-o-matic 3 Pro,NewYork_02,81.0,None,
2024-11-03,Tron-o-matic 3 Pro,Chicago_01,81.0,None,
2024-11-03,Tron-o-matic 3 Pro,Dallas_01,81.0,None,
2024-11-03,Tron-o-matic 3 Pro,Houston_01,81.0,None,
2024-11-03,Tron-o-matic 3 Pro,WashingtonDC_01,81.0,None,
2024-11-03,Tron-o-matic 3 Pro,Atlanta_01,81.0,None,
2024-11-03,Tron-o-matic 3 Pro,Philadelphia_01,81.0,None,
2024-11-03,Tron-o-matic 4,Online_Store,49.74,BIG_DEAL,
2024-11-03,Tron-o-matic 4,LosAngeles_01,49.74,BIG_DEAL,
2024-11-03,Tron-o-matic 4,NewYork_01,49.74,BIG_DEAL,
2024-11-03,Tron-o-matic 4,NewYork_02,49.74,BIG_DEAL,
2024-11-03,Tron-o-matic 4,Chicago_01,49.74,BIG_DEAL,
2024-11-03,Tron-o-matic 4,Dallas_01,49.74,BIG_DEAL,
2024-11-03,Tron-o-matic 4,Houston_01,49.74,BIG_DEAL,
2024-11-03,Tron-o-matic 4,WashingtonDC_01,49.74,BIG_DEAL,
2024-11-03,Tron-o-matic 4,Atlanta_01,49.74,BIG_DEAL,
2024-11-03,Tron-o-matic 4,Philadelphia_01,49.74,BIG_DEAL,
2024-11-03,Tron-o-matic 4 Pro,Online_Store,90.0,None,
2024-11-03,Tron-o-matic 4 Pro,LosAngeles_01,90.0,None,
2024-11-03,Tron-o-matic 4 Pro,NewYork_01,90.0,None,
2024-11-03,Tron-o-matic 4 Pro,NewYork_02,90.0,None,
2024-11-03,Tron-o-matic 4 Pro,Chicago_01,90.0,None,
2024-11-03,Tron-o-matic 4 Pro,Dallas_01,90.0,None,
2024-11-03,Tron-o-matic 4 Pro,Houston_01,90.0,None,
2024-11-03,Tron-o-matic 4 Pro,WashingtonDC_01,90.0,None,
2024-11-03,Tron-o-matic 4 Pro,Atlanta_01,90.0,None,
2024-11-03,Tron-o-matic 4 Pro,Philadelphia_01,90.0,None,
2024-11-03,Tron-o-matic 5,Online_Store,64.16,SMALL_DEAL,
2024-11-03,Tron-o-matic 5,LosAngeles_01,64.16,SMALL_DEAL,
2024-11-03,Tron-o-matic 5,NewYork_01,64.16,SMALL_DEAL,
2024-11-03,Tron-o-matic 5,NewYork_02,64.16,SMALL_DEAL,
2024-11-03,Tron-o-matic 5,Chicago_01,64.16,SMALL_DEAL,
2024-11-03,Tron-o-matic 5,Dallas_01,64.16,SMALL_DEAL,
2024-11-03,Tron-o-matic 5,Houston_01,64.16,SMALL_DEAL,
2024-11-03,Tron-o-matic 5,WashingtonDC_01,64.16,SMALL_DEAL,
2024-11-03,Tron-o-matic 5,Atlanta_01,64.16,SMALL_DEAL,
2024-11-03,Tron-o-matic 5,Philadelphia_01,64.16,SMALL_DEAL,
2024-11-03,Tron-o-matic 5 Pro,Online_Store,91.63,SMALL_DEAL,
2024-11-03,Tron-o-matic 5 Pro,LosAngeles_01,91.63,SMALL_DEAL,
2024-11-03,Tron-o-matic 5 Pro,NewYork_01,91.63,SMALL_DEAL,
2024-11-03,Tron-o-matic 5 Pro,NewYork_02,91.63,SMALL_DEAL,
2024-11-03,Tron-o-matic 5 Pro,Chicago_01,91.63,SMALL_DEAL,
2024-11-03,Tron-o-matic 5 Pro,Dallas_01,91.63,SMALL_DEAL,
2024-11-03,Tron-o-matic 5 Pro,Houston_01,91.63,SMALL_DEAL,
2024-11-03,Tron-o-matic 5 Pro,WashingtonDC_01,91.63,SMALL_DEAL,
2024-11-03,Tron-o-matic 5 Pro,Atlanta_01,91.63,SMALL_DEAL,
2024-11-03,Tron-o-matic 5 Pro,Philadelphia_01,91.63,SMALL_DEAL,
2024-11-04,Tron-o-matic 1,Online_Store,54.0,None,
2024-11-04,Tron-o-matic 1,LosAngeles_01,54.0,None,
2024-11-04,Tron-o-matic 1,NewYork_01,54.0,None,
2024-11-04,Tron-o-matic 1,NewYork_02,54.0,None,
2024-11-04,Tron-o-matic 1,Chicago_01,54.0,None,
2024-11-04,Tron-o-matic 1,Dallas_01,54.0,None,
2024-11-04,Tron-o-matic 1,Houston_01,54.0,None,
2024-11-04,Tron-o-matic 1,WashingtonDC_01,54.0,None,
2024-11-04,Tron-o-matic 1,Atlanta_01,54.0,None,
2024-11-04,Tron-o-matic 1,Philadelphia_01,54.0,None,
2024-11-04,Tron-o-matic 1 Pro,Online_Store,72.0,None,
2024-11-04,Tron-o-matic 1 Pro,LosAngeles_01,72.0,None,
2024-11-04,Tron-o-matic 1 Pro,NewYork_01,72.0,None,
2024-11-04,Tron-o-matic 1 Pro,NewYork_02,72.0,None,
2024-11-04,Tron-o-matic 1 Pro,Chicago_01,72.0,None,
2024-11-04,Tron-o-matic 1 Pro,Dallas_01,72.0,None,
2024-11-04,Tron-o-matic 1 Pro,Houston_01,72.0,None,
2024-11-04,Tron-o-matic 1 Pro,WashingtonDC_01,72.0,None,
2024-11-04,Tron-o-matic 1 Pro,Atlanta_01,72.0,None,
2024-11-04,Tron-o-matic 1 Pro,Philadelphia_01,72.0,None,
2024-11-04,Tron-o-matic 2,Online_Store,49.5,None,
2024-11-04,Tron-o-matic 2,LosAngeles_01,49.5,None,
2024-11-04,Tron-o-matic 2,NewYork_01,49.5,None,
2024-11-04,Tron-o-matic 2,NewYork_02,49.5,None,
2024-11-04,Tron-o-matic 2,Chicago_01,49.5,None,
2024-11-04,Tron-o-matic 2,Dallas_01,49.5,None,
2024-11-04,Tron-o-matic 2,Houston_01,49.5,None,
2024-11-04,Tron-o-matic 2,WashingtonDC_01,49.5,None,
2024-11-04,Tron-o-matic 2,Atlanta_01,49.5,None,
2024-11-04,Tron-o-matic 2,Philadelphia_01,49.5,None,
2024-11-04,Tron-o-matic 2 Pro,Online_Store,76.5,None,
2024-11-04,Tron-o-matic 2 Pro,LosAngeles_01,76.5,None,
2024-11-04,Tron-o-matic 2 Pro,NewYork_01,76.5,None,
2024-11-04,Tron-o-matic 2 Pro,NewYork_02,76.5,None,
2024-11-04,Tron-o-matic 2 Pro,Chicago_01,76.5,None,
2024-11-04,Tron-o-matic 2 Pro,Dallas_01,76.5,None,
2024-11-04,Tron-o-matic 2 Pro,Houston_01,76.5,None,
2024-11-04,Tron-o-matic 2 Pro,WashingtonDC_01,76.5,None,
2024-11-04,Tron-o-matic 2 Pro,Atlanta_01,76.5,None,
2024-11-04,Tron-o-matic 2 Pro,Philadelphia_01,76.5,None,
2024-11-04,Tron-o-matic 3,Online_Store,54.0,None,
2024-11-04,Tron-o-matic 3,LosAngeles_01,54.0,None,
2024-11-04,Tron-o-matic 3,NewYork_01,54.0,None,
2024-11-04,Tron-o-matic 3,NewYork_02,54.0,None,
2024-11-04,Tron-o-matic 3,Chicago_01,54.0,None,
2024-11-04,Tron-o-matic 3,Dallas_01,54.0,None,
2024-11-04,Tron-o-matic 3,Houston_01,54.0,None,
2024-11-04,Tron-o-matic 3,WashingtonDC_01,54.0,None,
2024-11-04,Tron-o-matic 3,Atlanta_01,54.0,None,
2024-11-04,Tron-o-matic 3,Philadelphia_01,54.0,None,
2024-11-04,Tron-o-matic 3 Pro,Online_Store,81.0,None,
2024-11-04,Tron-o-matic 3 Pro,LosAngeles_01,81.0,None,
2024-11-04,Tron-o-matic 3 Pro,NewYork_01,81.0,None,
2024-11-04,Tron-o-matic 3 Pro,NewYork_02,81.0,None,
2024-11-04,Tron-o-matic 3 Pro,Chicago_01,81.0,None,
2024-11-04,Tron-o-matic 3 Pro,Dallas_01,81.0,None,
2024-11-04,Tron-o-matic 3 Pro,Houston_01,81.0,None,
2024-11-04,Tron-o-matic 3 Pro,WashingtonDC_01,81.0,None,
2024-11-04,Tron-o-matic 3 Pro,Atlanta_01,81.0,None,
2024-11-04,Tron-o-matic 3 Pro,Philadelphia_01,81.0,None,
2024-11-04,Tron-o-matic 4,Online_Store,67.5,None,
2024-11-04,Tron-o-matic 4,LosAngeles_01,67.5,None,
2024-11-04,Tron-o-matic 4,NewYork_01,67.5,None,
2024-11-04,Tron-o-matic 4,NewYork_02,67.5,None,
2024-11-04,Tron-o-matic 4,Chicago_01,67.5,None,
2024-11-04,Tron-o-matic 4,Dallas_01,67.5,None,
2024-11-04,Tron-o-matic 4,Houston_01,67.5,None,
2024-11-04,Tron-o-matic 4,WashingtonDC_01,67.5,None,
2024-11-04,Tron-o-matic 4,Atlanta_01,67.5,None,
2024-11-04,Tron-o-matic 4,Philadelphia_01,67.5,None,
2024-11-04,Tron-o-matic 4 Pro,Online_Store,68.06,BIG_DEAL,
2024-11-04,Tron-o-matic 4 Pro,LosAngeles_01,68.06,BIG_DEAL,
2024-11-04,Tron-o-matic 4 Pro,NewYork_01,68.06,BIG_DEAL,
2024-11-04,Tron-o-matic 4 Pro,NewYork_02,68.06,BIG_DEAL,
2024-11-04,Tron-o-matic 4 Pro,Chicago_01,68.06,BIG_DEAL,
2024-11-04,Tron-o-matic 4 Pro,Dallas_01,68.06,BIG_DEAL,
2024-11-04,Tron-o-matic 4 Pro,Houston_01,68.06,BIG_DEAL,
2024-11-04,Tron-o-matic 4 Pro,WashingtonDC_01,68.06,BIG_DEAL,
2024-11-04,Tron-o-matic 4 Pro,Atlanta_01,68.06,BIG_DEAL,
2024-11-04,Tron-o-matic 4 Pro,Philadelphia_01,68.06,BIG_DEAL,
2024-11-04,Tron-o-matic 5,Online_Store,72.0,None,
2024-11-04,Tron-o-matic 5,LosAngeles_01,72.0,None,
2024-11-04,Tron-o-matic 5,NewYork_01,72.0,None,
2024-11-04,Tron-o-matic 5,NewYork_02,72.0,None,
2024-11-04,Tron-o-matic 5,Chicago_01,72.0,None,
2024-11-04,Tron-o-matic 5,Dallas_01,72.0,None,
2024-11-04,Tron-o-matic 5,Houston_01,72.0,None,
2024-11-04,Tron-o-matic 5,WashingtonDC_01,72.0,None,
2024-11-04,Tron-o-matic 5,Atlanta_01,72.0,None,
2024-11-04,Tron-o-matic 5,Philadelphia_01,72.0,None,
2024-11-04,Tron-o-matic 5 Pro,Online_Store,78.95,BIG_DEAL,
2024-11-04,Tron-o-matic 5 Pro,LosAngeles_01,78.95,BIG_DEAL,
2024-11-04,Tron-o-matic 5 Pro,NewYork_01,78.95,BIG_DEAL,
2024-11-04,Tron-o-matic 5 Pro,NewYork_02,78.95,BIG_DEAL,
2024-11-04,Tron-o-matic 5 Pro,Chicago_01,78.95,BIG_DEAL,
2024-11-04,Tron-o-matic 5 Pro,Dallas_01,78.95,BIG_DEAL,
2024-11-04,Tron-o-matic 5 Pro,Houston_01,78.95,BIG_DEAL,
2024-11-04,Tron-o-matic 5 Pro,WashingtonDC_01,78.95,BIG_DEAL,
2024-11-04,Tron-o-matic 5 Pro,Atlanta_01,78.95,BIG_DEAL,
2024-11-04,Tron-o-matic 5 Pro,Philadelphia_01,78.95,BIG_DEAL,
2024-11-05,Tron-o-matic 1,Online_Store,54.0,None,
2024-11-05,Tron-o-matic 1,LosAngeles_01,54.0,None,
2024-11-05,Tron-o-matic 1,NewYork_01,54.0,None,
2024-11-05,Tron-o-matic 1,NewYork_02,54.0,None,
2024-11-05,Tron-o-matic 1,Chicago_01,54.0,None,
2024-11-05,Tron-o-matic 1,Dallas_01,54.0,None,
2024-11-05,Tron-o-matic 1,Houston_01,54.0,None,
2024-11-05,Tron-o-matic 1,WashingtonDC_01,54.0,None,
2024-11-05,Tron-o-matic 1,Atlanta_01,54.0,None,
2024-11-05,Tron-o-matic 1,Philadelphia_01,54.0,None,
2024-11-05,Tron-o-matic 1 Pro,Online_Store,72.0,None,
2024-11-05,Tron-o-matic 1 Pro,LosAngeles_01,72.0,None,
2024-11-05,Tron-o-matic 1 Pro,NewYork_01,72.0,None,
2024-11-05,Tron-o-matic 1 Pro,NewYork_02,72.0,None,
2024-11-05,Tron-o-matic 1 Pro,Chicago_01,72.0,None,
2024-11-05,Tron-o-matic 1 Pro,Dallas_01,72.0,None,
2024-11-05,Tron-o-matic 1 Pro,Houston_01,72.0,None,
2024-11-05,Tron-o-matic 1 Pro,WashingtonDC_01,72.0,None,
2024-11-05,Tron-o-matic 1 Pro,Atlanta_01,72.0,None,
2024-11-05,Tron-o-matic 1 Pro,Philadelphia_01,72.0,None,
2024-11-05,Tron-o-matic 2,Online_Store,49.5,None,
2024-11-05,Tron-o-matic 2,LosAngeles_01,49.5,None,
2024-11-05,Tron-o-matic 2,NewYork_01,49.5,None,
2024-11-05,Tron-o-matic 2,NewYork_02,49.5,None,
2024-11-05,Tron-o-matic 2,Chicago_01,49.5,None,
2024-11-05,Tron-o-matic 2,Dallas_01,49.5,None,
2024-11-05,Tron-o-matic 2,Houston_01,49.5,None,
2024-11-05,Tron-o-matic 2,WashingtonDC_01,49.5,None,
2024-11-05,Tron-o-matic 2,Atlanta_01,49.5,None,
2024-11-05,Tron-o-matic 2,Philadelphia_01,49.5,None,
2024-11-05,Tron-o-matic 2 Pro,Online_Store,76.5,None,
2024-11-05,Tron-o-matic 2 Pro,LosAngeles_01,76.5,None,
2024-11-05,Tron-o-matic 2 Pro,NewYork_01,76.5,None,
2024-11-05,Tron-o-matic 2 Pro,NewYork_02,76.5,None,
2024-11-05,Tron-o-matic 2 Pro,Chicago_01,76.5,None,
2024-11-05,Tron-o-matic 2 Pro,Dallas_01,76.5,None,
2024-11-05,Tron-o-matic 2 Pro,Houston_01,76.5,None,
2024-11-05,Tron-o-matic 2 Pro,WashingtonDC_01,76.5,None,
2024-11-05,Tron-o-matic 2 Pro,Atlanta_01,76.5,None,
2024-11-05,Tron-o-matic 2 Pro,Philadelphia_01,76.5,None,
2024-11-05,Tron-o-matic 3,Online_Store,54.0,None,
2024-11-05,Tron-o-matic 3,LosAngeles_01,54.0,None,
2024-11-05,Tron-o-matic 3,NewYork_01,54.0,None,
2024-11-05,Tron-o-matic 3,NewYork_02,54.0,None,
2024-11-05,Tron-o-matic 3,Chicago_01,54.0,None,
2024-11-05,Tron-o-matic 3,Dallas_01,54.0,None,
2024-11-05,Tron-o-matic 3,Houston_01,54.0,None,
2024-11-05,Tron-o-matic 3,WashingtonDC_01,54.0,None,
2024-11-05,Tron-o-matic 3,Atlanta_01,54.0,None,
2024-11-05,Tron-o-matic 3,Philadelphia_01,54.0,None,
2024-11-05,Tron-o-matic 3 Pro,Online_Store,81.0,None,
2024-11-05,Tron-o-matic 3 Pro,LosAngeles_01,81.0,None,
2024-11-05,Tron-o-matic 3 Pro,NewYork_01,81.0,None,
2024-11-05,Tron-o-matic 3 Pro,NewYork_02,81.0,None,
2024-11-05,Tron-o-matic 3 Pro,Chicago_01,81.0,None,
2024-11-05,Tron-o-matic 3 Pro,Dallas_01,81.0,None,
2024-11-05,Tron-o-matic 3 Pro,Houston_01,81.0,None,
2024-11-05,Tron-o-matic 3 Pro,WashingtonDC_01,81.0,None,
2024-11-05,Tron-o-matic 3 Pro,Atlanta_01,81.0,None,
2024-11-05,Tron-o-matic 3 Pro,Philadelphia_01,81.0,None,
2024-11-05,Tron-o-matic 4,Online_Store,67.5,None,
2024-11-05,Tron-o-matic 4,LosAngeles_01,67.5,None,
2024-11-05,Tron-o-matic 4,NewYork_01,67.5,None,
2024-11-05,Tron-o-matic 4,NewYork_02,67.5,None,
2024-11-05,Tron-o-matic 4,Chicago_01,67.5,None,
2024-11-05,Tron-o-matic 4,Dallas_01,67.5,None,
2024-11-05,Tron-o-matic 4,Houston_01,67.5,None,
2024-11-05,Tron-o-matic 4,WashingtonDC_01,67.5,None,
2024-11-05,Tron-o-matic 4,Atlanta_01,67.5,None,
2024-11-05,Tron-o-matic 4,Philadelphia_01,67.5,None,
2024-11-05,Tron-o-matic 4 Pro,Online_Store,78.39,SMALL_DEAL,
2024-11-05,Tron-o-matic 4 Pro,LosAngeles_01,78.39,SMALL_DEAL,
2024-11-05,Tron-o-matic 4 Pro,NewYork_01,78.39,SMALL_DEAL,
2024-11-05,Tron-o-matic 4 Pro,NewYork_02,78.39,SMALL_DEAL,
2024-11-05,Tron-o-matic 4 Pro,Chicago_01,78.39,SMALL_DEAL,
2024-11-05,Tron-o-matic 4 Pro,Dallas_01,78.39,SMALL_DEAL,
2024-11-05,Tron-o-matic 4 Pro,Houston_01,78.39,SMALL_DEAL,
2024-11-05,Tron-o-matic 4 Pro,WashingtonDC_01,78.39,SMALL_DEAL,
2024-11-05,Tron-o-matic 4 Pro,Atlanta_01,78.39,SMALL_DEAL,
2024-11-05,Tron-o-matic 4 Pro,Philadelphia_01,78.39,SMALL_DEAL,
2024-11-05,Tron-o-matic 5,Online_Store,63.99,SMALL_DEAL,
2024-11-05,Tron-o-matic 5,LosAngeles_01,63.99,SMALL_DEAL,
2024-11-05,Tron-o-matic 5,NewYork_01,63.99,SMALL_DEAL,
2024-11-05,Tron-o-matic 5,NewYork_02,63.99,SMALL_DEAL,
2024-11-05,Tron-o-matic 5,Chicago_01,63.99,SMALL_DEAL,
2024-11-05,Tron-o-matic 5,Dallas_01,63.99,SMALL_DEAL,
2024-11-05,Tron-o-matic 5,Houston_01,63.99,SMALL_DEAL,
2024-11-05,Tron-o-matic 5,WashingtonDC_01,63.99,SMALL_DEAL,
2024-11-05,Tron-o-matic 5,Atlanta_01,63.99,SMALL_DEAL,
2024-11-05,Tron-o-matic 5,Philadelphia_01,63.99,SMALL_DEAL,
2024-11-05,Tron-o-matic 5 Pro,Online_Store,89.75,SMALL_DEAL,
2024-11-05,Tron-o-matic 5 Pro,LosAngeles_01,89.75,SMALL_DEAL,
2024-11-05,Tron-o-matic 5 Pro,NewYork_01,89.75,SMALL_DEAL,
2024-11-05,Tron-o-matic 5 Pro,NewYork_02,89.75,SMALL_DEAL,
2024-11-05,Tron-o-matic 5 Pro,Chicago_01,89.75,SMALL_DEAL,
2024-11-05,Tron-o-matic 5 Pro,Dallas_01,89.75,SMALL_DEAL,
2024-11-05,Tron-o-matic 5 Pro,Houston_01,89.75,SMALL_DEAL,
2024-11-05,Tron-o-matic 5 Pro,WashingtonDC_01,89.75,SMALL_DEAL,
2024-11-05,Tron-o-matic 5 Pro,Atlanta_01,89.75,SMALL_DEAL,
2024-11-05,Tron-o-matic 5 Pro,Philadelphia_01,89.75,SMALL_DEAL,
2024-11-06,Tron-o-matic 1,Online_Store,54.0,None,
2024-11-06,Tron-o-matic 1,LosAngeles_01,54.0,None,
2024-11-06,Tron-o-matic 1,NewYork_01,54.0,None,
2024-11-06,Tron-o-matic 1,NewYork_02,54.0,None,
2024-11-06,Tron-o-matic 1,Chicago_01,54.0,None,
2024-11-06,Tron-o-matic 1,Dallas_01,54.0,None,
2024-11-06,Tron-o-matic 1,Houston_01,54.0,None,
2024-11-06,Tron-o-matic 1,WashingtonDC_01,54.0,None,
2024-11-06,Tron-o-matic 1,Atlanta_01,54.0,None,
2024-11-06,Tron-o-matic 1,Philadelphia_01,54.0,None,
2024-11-06,Tron-o-matic 1 Pro,Online_Store,67.09,SMALL_DEAL,
2024-11-06,Tron-o-matic 1 Pro,LosAngeles_01,67.09,SMALL_DEAL,
2024-11-06,Tron-o-matic 1 Pro,NewYork_01,67.09,SMALL_DEAL,
2024-11-06,Tron-o-matic 1 Pro,NewYork_02,67.09,SMALL_DEAL,
2024-11-06,Tron-o-matic 1 Pro,Chicago_01,67.09,SMALL_DEAL,
2024-11-06,Tron-o-matic 1 Pro,Dallas_01,67.09,SMALL_DEAL,
2024-11-06,Tron-o-matic 1 Pro,Houston_01,67.09,SMALL_DEAL,
2024-11-06,Tron-o-matic 1 Pro,WashingtonDC_01,67.09,SMALL_DEAL,
2024-11-06,Tron-o-matic 1 Pro,Atlanta_01,67.09,SMALL_DEAL,
2024-11-06,Tron-o-matic 1 Pro,Philadelphia_01,67.09,SMALL_DEAL,
2024-11-06,Tron-o-matic 2,Online_Store,43.93,SMALL_DEAL,
2024-11-06,Tron-o-matic 2,LosAngeles_01,43.93,SMALL_DEAL,
2024-11-06,Tron-o-matic 2,NewYork_01,43.93,SMALL_DEAL,
2024-11-06,Tron-o-matic 2,NewYork_02,43.93,SMALL_DEAL,
2024-11-06,Tron-o-matic 2,Chicago_01,43.93,SMALL_DEAL,
2024-11-06,Tron-o-matic 2,Dallas_01,43.93,SMALL_DEAL,
2024-11-06,Tron-o-matic 2,Houston_01,43.93,SMALL_DEAL,
2024-11-06,Tron-o-matic 2,WashingtonDC_01,43.93,SMALL_DEAL,
2024-11-06,Tron-o-matic 2,Atlanta_01,43.93,SMALL_DEAL,
2024-11-06,Tron-o-matic 2,Philadelphia_01,43.93,SMALL_DEAL,
2024-11-06,Tron-o-matic 2 Pro,Online_Store,69.26,SMALL_DEAL,
2024-11-06,Tron-o-matic 2 Pro,LosAngeles_01,69.26,SMALL_DEAL,
2024-11-06,Tron-o-matic 2 Pro,NewYork_01,69.26,SMALL_DEAL,
2024-11-06,Tron-o-matic 2 Pro,NewYork_02,69.26,SMALL_DEAL,
2024-11-06,Tron-o-matic 2 Pro,Chicago_01,69.26,SMALL_DEAL,
2024-11-06,Tron-o-matic 2 Pro,Dallas_01,69.26,SMALL_DEAL,
2024-11-06,Tron-o-matic 2 Pro,Houston_01,69.26,SMALL_DEAL,
2024-11-06,Tron-o-matic 2 Pro,WashingtonDC_01,69.26,SMALL_DEAL,
2024-11-06,Tron-o-matic 2 Pro,Atlanta_01,69.26,SMALL_DEAL,
2024-11-06,Tron-o-matic 2 Pro,Philadelphia_01,69.26,SMALL_DEAL,
2024-11-06,Tron-o-matic 3,Online_Store,54.0,None,
2024-11-06,Tron-o-matic 3,LosAngeles_01,54.0,None,
2024-11-06,Tron-o-matic 3,NewYork_01,54.0,None,
2024-11-06,Tron-o-matic 3,NewYork_02,54.0,None,
2024-11-06,Tron-o-matic 3,Chicago_01,54.0,None,
2024-11-06,Tron-o-matic 3,Dallas_01,54.0,None,
2024-11-06,Tron-o-matic 3,Houston_01,54.0,None,
2024-11-06,Tron-o-matic 3,WashingtonDC_01,54.0,None,
2024-11-06,Tron-o-matic 3,Atlanta_01,54.0,None,
2024-11-06,Tron-o-matic 3,Philadelphia_01,54.0,None,
2024-11-06,Tron-o-matic 3 Pro,Online_Store,81.0,None,
2024-11-06,Tron-o-matic 3 Pro,LosAngeles_01,81.0,None,
2024-11-06,Tron-o-matic 3 Pro,NewYork_01,81.0,None,
2024-11-06,Tron-o-matic 3 Pro,NewYork_02,81.0,None,
2024-11-06,Tron-o-matic 3 Pro,Chicago_01,81.0,None,
2024-11-06,Tron-o-matic 3 Pro,Dallas_01,81.0,None,
2024-11-06,Tron-o-matic 3 Pro,Houston_01,81.0,None,
2024-11-06,Tron-o-matic 3 Pro,WashingtonDC_01,81.0,None,
2024-11-06,Tron-o-matic 3 Pro,Atlanta_01,81.0,None,
2024-11-06,Tron-o-matic 3 Pro,Philadelphia_01,81.0,None,
2024-11-06,Tron-o-matic 4,Online_Store,49.15,BIG_DEAL,
2024-11-06,Tron-o-matic 4,LosAngeles_01,49.15,BIG_DEAL,
2024-11-06,Tron-o-matic 4,NewYork_01,49.15,BIG_DEAL,
2024-11-06,Tron-o-matic 4,NewYork_02,49.15,BIG_DEAL,
2024-11-06,Tron-o-matic 4,Chicago_01,49.15,BIG_DEAL,
2024-11-06,Tron-o-matic 4,Dallas_01,49.15,BIG_DEAL,
2024-11-06,Tron-o-matic 4,Houston_01,49.15,BIG_DEAL,
2024-11-06,Tron-o-matic 4,WashingtonDC_01,49.15,BIG_DEAL,
2024-11-06,Tron-o-matic 4,Atlanta_01,49.15,BIG_DEAL,
2024-11-06,Tron-o-matic 4,Philadelphia_01,49.15,BIG_DEAL,
2024-11-06,Tron-o-matic 4 Pro,Online_Store,67.68,BIG_DEAL,
2024-11-06,Tron-o-matic 4 Pro,LosAngeles_01,67.68,BIG_DEAL,
2024-11-06,Tron-o-matic 4 Pro,NewYork_01,67.68,BIG_DEAL,
2024-11-06,Tron-o-matic 4 Pro,NewYork_02,67.68,BIG_DEAL,
2024-11-06,Tron-o-matic 4 Pro,Chicago_01,67.68,BIG_DEAL,
2024-11-06,Tron-o-matic 4 Pro,Dallas_01,67.68,BIG_DEAL,
2024-11-06,Tron-o-matic 4 Pro,Houston_01,67.68,BIG_DEAL,
2024-11-06,Tron-o-matic 4 Pro,WashingtonDC_01,67.68,BIG_DEAL,
2024-11-06,Tron-o-matic 4 Pro,Atlanta_01,67.68,BIG_DEAL,
2024-11-06,Tron-o-matic 4 Pro,Philadelphia_01,67.68,BIG_DEAL,
2024-11-06,Tron-o-matic 5,Online_Store,66.75,SMALL_DEAL,
2024-11-06,Tron-o-matic 5,LosAngeles_01,66.75,SMALL_DEAL,
2024-11-06,Tron-o-matic 5,NewYork_01,66.75,SMALL_DEAL,
2024-11-06,Tron-o-matic 5,NewYork_02,66.75,SMALL_DEAL,
2024-11-06,Tron-o-matic 5,Chicago_01,66.75,SMALL_DEAL,
2024-11-06,Tron-o-matic 5,Dallas_01,66.75,SMALL_DEAL,
2024-11-06,Tron-o-matic 5,Houston_01,66.75,SMALL_DEAL,
2024-11-06,Tron-o-matic 5,WashingtonDC_01,66.75,SMALL_DEAL,
2024-11-06,Tron-o-matic 5,Atlanta_01,66.75,SMALL_DEAL,
2024-11-06,Tron-o-matic 5,Philadelphia_01,66.75,SMALL_DEAL,
2024-11-06,Tron-o-matic 5 Pro,Online_Store,84.49,SMALL_DEAL,
2024-11-06,Tron-o-matic 5 Pro,LosAngeles_01,84.49,SMALL_DEAL,
2024-11-06,Tron-o-matic 5 Pro,NewYork_01,84.49,SMALL_DEAL,
2024-11-06,Tron-o-matic 5 Pro,NewYork_02,84.49,SMALL_DEAL,
2024-11-06,Tron-o-matic 5 Pro,Chicago_01,84.49,SMALL_DEAL,
2024-11-06,Tron-o-matic 5 Pro,Dallas_01,84.49,SMALL_DEAL,
2024-11-06,Tron-o-matic 5 Pro,Houston_01,84.49,SMALL_DEAL,
2024-11-06,Tron-o-matic 5 Pro,WashingtonDC_01,84.49,SMALL_DEAL,
2024-11-06,Tron-o-matic 5 Pro,Atlanta_01,84.49,SMALL_DEAL,
2024-11-06,Tron-o-matic 5 Pro,Philadelphia_01,84.49,SMALL_DEAL,
2024-11-07,Tron-o-matic 1,Online_Store,54.0,None,
2024-11-07,Tron-o-matic 1,LosAngeles_01,54.0,None,
2024-11-07,Tron-o-matic 1,NewYork_01,54.0,None,
2024-11-07,Tron-o-matic 1,NewYork_02,54.0,None,
2024-11-07,Tron-o-matic 1,Chicago_01,54.0,None,
2024-11-07,Tron-o-matic 1,Dallas_01,54.0,None,
2024-11-07,Tron-o-matic 1,Houston_01,54.0,None,
2024-11-07,Tron-o-matic 1,WashingtonDC_01,54.0,None,
2024-11-07,Tron-o-matic 1,Atlanta_01,54.0,None,
2024-11-07,Tron-o-matic 1,Philadelphia_01,54.0,None,
2024-11-07,Tron-o-matic 1 Pro,Online_Store,72.0,None,
2024-11-07,Tron-o-matic 1 Pro,LosAngeles_01,72.0,None,
2024-11-07,Tron-o-matic 1 Pro,NewYork_01,72.0,None,
2024-11-07,Tron-o-matic 1 Pro,NewYork_02,72.0,None,
2024-11-07,Tron-o-matic 1 Pro,Chicago_01,72.0,None,
2024-11-07,Tron-o-matic 1 Pro,Dallas_01,72.0,None,
2024-11-07,Tron-o-matic 1 Pro,Houston_01,72.0,None,
2024-11-07,Tron-o-matic 1 Pro,WashingtonDC_01,72.0,None,
2024-11-07,Tron-o-matic 1 Pro,Atlanta_01,72.0,None,
2024-11-07,Tron-o-matic 1 Pro,Philadelphia_01,72.0,None,
2024-11-07,Tron-o-matic 2,Online_Store,37.36,BIG_DEAL,
2024-11-07,Tron-o-matic 2,LosAngeles_01,37.36,BIG_DEAL,
2024-11-07,Tron-o-matic 2,NewYork_01,37.36,BIG_DEAL,
2024-11-07,Tron-o-matic 2,NewYork_02,37.36,BIG_DEAL,
2024-11-07,Tron-o-matic 2,Chicago_01,37.36,BIG_DEAL,
2024-11-07,Tron-o-matic 2,Dallas_01,37.36,BIG_DEAL,
2024-11-07,Tron-o-matic 2,Houston_01,37.36,BIG_DEAL,
2024-11-07,Tron-o-matic 2,WashingtonDC_01,37.36,BIG_DEAL,
2024-11-07,Tron-o-matic 2,Atlanta_01,37.36,BIG_DEAL,
2024-11-07,Tron-o-matic 2,Philadelphia_01,37.36,BIG_DEAL,
2024-11-07,Tron-o-matic 2 Pro,Online_Store,76.5,None,
2024-11-07,Tron-o-matic 2 Pro,LosAngeles_01,76.5,None,
2024-11-07,Tron-o-matic 2 Pro,NewYork_01,76.5,None,
2024-11-07,Tron-o-matic 2 Pro,NewYork_02,76.5,None,
2024-11-07,Tron-o-matic 2 Pro,Chicago_01,76.5,None,
2024-11-07,Tron-o-matic 2 Pro,Dallas_01,76.5,None,
2024-11-07,Tron-o-matic 2 Pro,Houston_01,76.5,None,
2024-11-07,Tron-o-matic 2 Pro,WashingtonDC_01,76.5,None,
2024-11-07,Tron-o-matic 2 Pro,Atlanta_01,76.5,None,
2024-11-07,Tron-o-matic 2 Pro,Philadelphia_01,76.5,None,
2024-11-07,Tron-o-matic 3,Online_Store,54.0,None,
2024-11-07,Tron-o-matic 3,LosAngeles_01,54.0,None,
2024-11-07,Tron-o-matic 3,NewYork_01,54.0,None,
2024-11-07,Tron-o-matic 3,NewYork_02,54.0,None,
2024-11-07,Tron-o-matic 3,Chicago_01,54.0,None,
2024-11-07,Tron-o-matic 3,Dallas_01,54.0,None,
2024-11-07,Tron-o-matic 3,Houston_01,54.0,None,
2024-11-07,Tron-o-matic 3,WashingtonDC_01,54.0,None,
2024-11-07,Tron-o-matic 3,Atlanta_01,54.0,None,
2024-11-07,Tron-o-matic 3,Philadelphia_01,54.0,None,
2024-11-07,Tron-o-matic 3 Pro,Online_Store,81.0,None,
2024-11-07,Tron-o-matic 3 Pro,LosAngeles_01,81.0,None,
2024-11-07,Tron-o-matic 3 Pro,NewYork_01,81.0,None,
2024-11-07,Tron-o-matic 3 Pro,NewYork_02,81.0,None,
2024-11-07,Tron-o-matic 3 Pro,Chicago_01,81.0,None,
2024-11-07,Tron-o-matic 3 Pro,Dallas_01,81.0,None,
2024-11-07,Tron-o-matic 3 Pro,Houston_01,81.0,None,
2024-11-07,Tron-o-matic 3 Pro,WashingtonDC_01,81.0,None,
2024-11-07,Tron-o-matic 3 Pro,Atlanta_01,81.0,None,
2024-11-07,Tron-o-matic 3 Pro,Philadelphia_01,81.0,None,
2024-11-07,Tron-o-matic 4,Online_Store,53.86,BIG_DEAL,
2024-11-07,Tron-o-matic 4,LosAngeles_01,53.86,BIG_DEAL,
2024-11-07,Tron-o-matic 4,NewYork_01,53.86,BIG_DEAL,
2024-11-07,Tron-o-matic 4,NewYork_02,53.86,BIG_DEAL,
2024-11-07,Tron-o-matic 4,Chicago_01,53.86,BIG_DEAL,
2024-11-07,Tron-o-matic 4,Dallas_01,53.86,BIG_DEAL,
2024-11-07,Tron-o-matic 4,Houston_01,53.86,BIG_DEAL,
2024-11-07,Tron-o-matic 4,WashingtonDC_01,53.86,BIG_DEAL,
2024-11-07,Tron-o-matic 4,Atlanta_01,53.86,BIG_DEAL,
2024-11-07,Tron-o-matic 4,Philadelphia_01,53.86,BIG_DEAL,
2024-11-07,Tron-o-matic 4 Pro,Online_Store,90.0,None,
2024-11-07,Tron-o-matic 4 Pro,LosAngeles_01,90.0,None,
2024-11-07,Tron-o-matic 4 Pro,NewYork_01,90.0,None,
2024-11-07,Tron-o-matic 4 Pro,NewYork_02,90.0,None,
2024-11-07,Tron-o-matic 4 Pro,Chicago_01,90.0,None,
2024-11-07,Tron-o-matic 4 Pro,Dallas_01,90.0,None,
2024-11-07,Tron-o-matic 4 Pro,Houston_01,90.0,None,
2024-11-07,Tron-o-matic 4 Pro,WashingtonDC_01,90.0,None,
2024-11-07,Tron-o-matic 4 Pro,Atlanta_01,90.0,None,
2024-11-07,Tron-o-matic 4 Pro,Philadelphia_01,90.0,None,
2024-11-07,Tron-o-matic 5,Online_Store,72.0,None,
2024-11-07,Tron-o-matic 5,LosAngeles_01,72.0,None,
2024-11-07,Tron-o-matic 5,NewYork_01,72.0,None,
2024-11-07,Tron-o-matic 5,NewYork_02,72.0,None,
2024-11-07,Tron-o-matic 5,Chicago_01,72.0,None,
2024-11-07,Tron-o-matic 5,Dallas_01,72.0,None,
2024-11-07,Tron-o-matic 5,Houston_01,72.0,None,
2024-11-07,Tron-o-matic 5,WashingtonDC_01,72.0,None,
2024-11-07,Tron-o-matic 5,Atlanta_01,72.0,None,
2024-11-07,Tron-o-matic 5,Philadelphia_01,72.0,None,
2024-11-07,Tron-o-matic 5 Pro,Online_Store,71.58,BIG_DEAL,
2024-11-07,Tron-o-matic 5 Pro,LosAngeles_01,71.58,BIG_DEAL,
2024-11-07,Tron-o-matic 5 Pro,NewYork_01,71.58,BIG_DEAL,
2024-11-07,Tron-o-matic 5 Pro,NewYork_02,71.58,BIG_DEAL,
2024-11-07,Tron-o-matic 5 Pro,Chicago_01,71.58,BIG_DEAL,
2024-11-07,Tron-o-matic 5 Pro,Dallas_01,71.58,BIG_DEAL,
2024-11-07,Tron-o-matic 5 Pro,Houston_01,71.58,BIG_DEAL,
2024-11-07,Tron-o-matic 5 Pro,WashingtonDC_01,71.58,BIG_DEAL,
2024-11-07,Tron-o-matic 5 Pro,Atlanta_01,71.58,BIG_DEAL,
2024-11-07,Tron-o-matic 5 Pro,Philadelphia_01,71.58,BIG_DEAL,
2024-11-08,Tron-o-matic 1,Online_Store,42.89,BIG_DEAL,
2024-11-08,Tron-o-matic 1,LosAngeles_01,42.89,BIG_DEAL,
2024-11-08,Tron-o-matic 1,NewYork_01,42.89,BIG_DEAL,
2024-11-08,Tron-o-matic 1,NewYork_02,42.89,BIG_DEAL,
2024-11-08,Tron-o-matic 1,Chicago_01,42.89,BIG_DEAL,
2024-11-08,Tron-o-matic 1,Dallas_01,42.89,BIG_DEAL,
2024-11-08,Tron-o-matic 1,Houston_01,42.89,BIG_DEAL,
2024-11-08,Tron-o-matic 1,WashingtonDC_01,42.89,BIG_DEAL,
2024-11-08,Tron-o-matic 1,Atlanta_01,42.89,BIG_DEAL,
2024-11-08,Tron-o-matic 1,Philadelphia_01,42.89,BIG_DEAL,
2024-11-08,Tron-o-matic 1 Pro,Online_Store,72.0,None,
2024-11-08,Tron-o-matic 1 Pro,LosAngeles_01,72.0,None,
2024-11-08,Tron-o-matic 1 Pro,NewYork_01,72.0,None,
2024-11-08,Tron-o-matic 1 Pro,NewYork_02,72.0,None,
2024-11-08,Tron-o-matic 1 Pro,Chicago_01,72.0,None,
2024-11-08,Tron-o-matic 1 Pro,Dallas_01,72.0,None,
2024-11-08,Tron-o-matic 1 Pro,Houston_01,72.0,None,
2024-11-08,Tron-o-matic 1 Pro,WashingtonDC_01,72.0,None,
2024-11-08,Tron-o-matic 1 Pro,Atlanta_01,72.0,None,
2024-11-08,Tron-o-matic 1 Pro,Philadelphia_01,72.0,None,
2024-11-08,Tron-o-matic 2,Online_Store,39.14,BIG_DEAL,
2024-11-08,Tron-o-matic 2,LosAngeles_01,39.14,BIG_DEAL,
2024-11-08,Tron-o-matic 2,NewYork_01,39.14,BIG_DEAL,
2024-11-08,Tron-o-matic 2,NewYork_02,39.14,BIG_DEAL,
2024-11-08,Tron-o-matic 2,Chicago_01,39.14,BIG_DEAL,
2024-11-08,Tron-o-matic 2,Dallas_01,39.14,BIG_DEAL,
2024-11-08,Tron-o-matic 2,Houston_01,39.14,BIG_DEAL,
2024-11-08,Tron-o-matic 2,WashingtonDC_01,39.14,BIG_DEAL,
2024-11-08,Tron-o-matic 2,Atlanta_01,39.14,BIG_DEAL,
2024-11-08,Tron-o-matic 2,Philadelphia_01,39.14,BIG_DEAL,
2024-11-08,Tron-o-matic 2 Pro,Online_Store,76.5,None,
2024-11-08,Tron-o-matic 2 Pro,LosAngeles_01,76.5,None,
2024-11-08,Tron-o-matic 2 Pro,NewYork_01,76.5,None,
2024-11-08,Tron-o-matic 2 Pro,NewYork_02,76.5,None,
2024-11-08,Tron-o-matic 2 Pro,Chicago_01,76.5,None,
2024-11-08,Tron-o-matic 2 Pro,Dallas_01,76.5,None,
2024-11-08,Tron-o-matic 2 Pro,Houston_01,76.5,None,
2024-11-08,Tron-o-matic 2 Pro,WashingtonDC_01,76.5,None,
2024-11-08,Tron-o-matic 2 Pro,Atlanta_01,76.5,None,
2024-11-08,Tron-o-matic 2 Pro,Philadelphia_01,76.5,None,
2024-11-08,Tron-o-matic 3,Online_Store,54.0,None,
2024-11-08,Tron-o-matic 3,LosAngeles_01,54.0,None,
2024-11-08,Tron-o-matic 3,NewYork_01,54.0,None,
2024-11-08,Tron-o-matic 3,NewYork_02,54.0,None,
2024-11-08,Tron-o-matic 3,Chicago_01,54.0,None,
2024-11-08,Tron-o-matic 3,Dallas_01,54.0,None,
2024-11-08,Tron-o-matic 3,Houston_01,54.0,None,
2024-11-08,Tron-o-matic 3,WashingtonDC_01,54.0,None,
2024-11-08,Tron-o-matic 3,Atlanta_01,54.0,None,
2024-11-08,Tron-o-matic 3,Philadelphia_01,54.0,None,
2024-11-08,Tron-o-matic 3 Pro,Online_Store,72.85,SMALL_DEAL,
2024-11-08,Tron-o-matic 3 Pro,LosAngeles_01,72.85,SMALL_DEAL,
2024-11-08,Tron-o-matic 3 Pro,NewYork_01,72.85,SMALL_DEAL,
2024-11-08,Tron-o-matic 3 Pro,NewYork_02,72.85,SMALL_DEAL,
2024-11-08,Tron-o-matic 3 Pro,Chicago_01,72.85,SMALL_DEAL,
2024-11-08,Tron-o-matic 3 Pro,Dallas_01,72.85,SMALL_DEAL,
2024-11-08,Tron-o-matic 3 Pro,Houston_01,72.85,SMALL_DEAL,
2024-11-08,Tron-o-matic 3 Pro,WashingtonDC_01,72.85,SMALL_DEAL,
2024-11-08,Tron-o-matic 3 Pro,Atlanta_01,72.85,SMALL_DEAL,
2024-11-08,Tron-o-matic 3 Pro,Philadelphia_01,72.85,SMALL_DEAL,
2024-11-08,Tron-o-matic 4,Online_Store,67.5,None,
2024-11-08,Tron-o-matic 4,LosAngeles_01,67.5,None,
2024-11-08,Tron-o-matic 4,NewYork_01,67.5,None,
2024-11-08,Tron-o-matic 4,NewYork_02,67.5,None,
2024-11-08,Tron-o-matic 4,Chicago_01,67.5,None,
2024-11-08,Tron-o-matic 4,Dallas_01,67.5,None,
2024-11-08,Tron-o-matic 4,Houston_01,67.5,None,
2024-11-08,Tron-o-matic 4,WashingtonDC_01,67.5,None,
2024-11-08,Tron-o-matic 4,Atlanta_01,67.5,None,
2024-11-08,Tron-o-matic 4,Philadelphia_01,67.5,None,
2024-11-08,Tron-o-matic 4 Pro,Online_Store,84.09,SMALL_DEAL,
2024-11-08,Tron-o-matic 4 Pro,LosAngeles_01,84.09,SMALL_DEAL,
2024-11-08,Tron-o-matic 4 Pro,NewYork_01,84.09,SMALL_DEAL,
2024-11-08,Tron-o-matic 4 Pro,NewYork_02,84.09,SMALL_DEAL,
2024-11-08,Tron-o-matic 4 Pro,Chicago_01,84.09,SMALL_DEAL,
2024-11-08,Tron-o-matic 4 Pro,Dallas_01,84.09,SMALL_DEAL,
2024-11-08,Tron-o-matic 4 Pro,Houston_01,84.09,SMALL_DEAL,
2024-11-08,Tron-o-matic 4 Pro,WashingtonDC_01,84.09,SMALL_DEAL,
2024-11-08,Tron-o-matic 4 Pro,Atlanta_01,84.09,SMALL_DEAL,
2024-11-08,Tron-o-matic 4 Pro,Philadelphia_01,84.09,SMALL_DEAL,
2024-11-08,Tron-o-matic 5,Online_Store,72.0,None,
2024-11-08,Tron-o-matic 5,LosAngeles_01,72.0,None,
2024-11-08,Tron-o-matic 5,NewYork_01,72.0,None,
2024-11-08,Tron-o-matic 5,NewYork_02,72.0,None,
2024-11-08,Tron-o-matic 5,Chicago_01,72.0,None,
2024-11-08,Tron-o-matic 5,Dallas_01,72.0,None,
2024-11-08,Tron-o-matic 5,Houston_01,72.0,None,
2024-11-08,Tron-o-matic 5,WashingtonDC_01,72.0,None,
2024-11-08,Tron-o-matic 5,Atlanta_01,72.0,None,
2024-11-08,Tron-o-matic 5,Philadelphia_01,72.0,None,
2024-11-08,Tron-o-matic 5 Pro,Online_Store,99.0,None,
2024-11-08,Tron-o-matic 5 Pro,LosAngeles_01,99.0,None,
2024-11-08,Tron-o-matic 5 Pro,NewYork_01,99.0,None,
2024-11-08,Tron-o-matic 5 Pro,NewYork_02,99.0,None,
2024-11-08,Tron-o-matic 5 Pro,Chicago_01,99.0,None,
2024-11-08,Tron-o-matic 5 Pro,Dallas_01,99.0,None,
2024-11-08,Tron-o-matic 5 Pro,Houston_01,99.0,None,
2024-11-08,Tron-o-matic 5 Pro,WashingtonDC_01,99.0,None,
2024-11-08,Tron-o-matic 5 Pro,Atlanta_01,99.0,None,
2024-11-08,Tron-o-matic 5 Pro,Philadelphia_01,99.0,None,
2024-11-09,Tron-o-matic 1,Online_Store,40.55,BIG_DEAL,
2024-11-09,Tron-o-matic 1,LosAngeles_01,40.55,BIG_DEAL,
2024-11-09,Tron-o-matic 1,NewYork_01,40.55,BIG_DEAL,
2024-11-09,Tron-o-matic 1,NewYork_02,40.55,BIG_DEAL,
2024-11-09,Tron-o-matic 1,Chicago_01,40.55,BIG_DEAL,
2024-11-09,Tron-o-matic 1,Dallas_01,40.55,BIG_DEAL,
2024-11-09,Tron-o-matic 1,Houston_01,40.55,BIG_DEAL,
2024-11-09,Tron-o-matic 1,WashingtonDC_01,40.55,BIG_DEAL,
2024-11-09,Tron-o-matic 1,Atlanta_01,40.55,BIG_DEAL,
2024-11-09,Tron-o-matic 1,Philadelphia_01,40.55,BIG_DEAL,
2024-11-09,Tron-o-matic 1 Pro,Online_Store,72.0,None,
2024-11-09,Tron-o-matic 1 Pro,LosAngeles_01,72.0,None,
2024-11-09,Tron-o-matic 1 Pro,NewYork_01,72.0,None,
2024-11-09,Tron-o-matic 1 Pro,NewYork_02,72.0,None,
2024-11-09,Tron-o-matic 1 Pro,Chicago_01,72.0,None,
2024-11-09,Tron-o-matic 1 Pro,Dallas_01,72.0,None,
2024-11-09,Tron-o-matic 1 Pro,Houston_01,72.0,None,
2024-11-09,Tron-o-matic 1 Pro,WashingtonDC_01,72.0,None,
2024-11-09,Tron-o-matic 1 Pro,Atlanta_01,72.0,None,
2024-11-09,Tron-o-matic 1 Pro,Philadelphia_01,72.0,None,
2024-11-09,Tron-o-matic 2,Online_Store,36.18,BIG_DEAL,
2024-11-09,Tron-o-matic 2,LosAngeles_01,36.18,BIG_DEAL,
2024-11-09,Tron-o-matic 2,NewYork_01,36.18,BIG_DEAL,
2024-11-09,Tron-o-matic 2,NewYork_02,36.18,BIG_DEAL,
2024-11-09,Tron-o-matic 2,Chicago_01,36.18,BIG_DEAL,
2024-11-09,Tron-o-matic 2,Dallas_01,36.18,BIG_DEAL,
2024-11-09,Tron-o-matic 2,Houston_01,36.18,BIG_DEAL,
2024-11-09,Tron-o-matic 2,WashingtonDC_01,36.18,BIG_DEAL,
2024-11-09,Tron-o-matic 2,Atlanta_01,36.18,BIG_DEAL,
2024-11-09,Tron-o-matic 2,Philadelphia_01,36.18,BIG_DEAL,
2024-11-09,Tron-o-matic 2 Pro,Online_Store,76.5,None,
2024-11-09,Tron-o-matic 2 Pro,LosAngeles_01,76.5,None,
2024-11-09,Tron-o-matic 2 Pro,NewYork_01,76.5,None,
2024-11-09,Tron-o-matic 2 Pro,NewYork_02,76.5,None,
2024-11-09,Tron-o-matic 2 Pro,Chicago_01,76.5,None,
2024-11-09,Tron-o-matic 2 Pro,Dallas_01,76.5,None,
2024-11-09,Tron-o-matic 2 Pro,Houston_01,76.5,None,
2024-11-09,Tron-o-matic 2 Pro,WashingtonDC_01,76.5,None,
2024-11-09,Tron-o-matic 2 Pro,Atlanta_01,76.5,None,
2024-11-09,Tron-o-matic 2 Pro,Philadelphia_01,76.5,None,
2024-11-09,Tron-o-matic 3,Online_Store,54.0,None,
2024-11-09,Tron-o-matic 3,LosAngeles_01,54.0,None,
2024-11-09,Tron-o-matic 3,NewYork_01,54.0,None,
2024-11-09,Tron-o-matic 3,NewYork_02,54.0,None,
2024-11-09,Tron-o-matic 3,Chicago_01,54.0,None,
2024-11-09,Tron-o-matic 3,Dallas_01,54.0,None,
2024-11-09,Tron-o-matic 3,Houston_01,54.0,None,
2024-11-09,Tron-o-matic 3,WashingtonDC_01,54.0,None,
2024-11-09,Tron-o-matic 3,Atlanta_01,54.0,None,
2024-11-09,Tron-o-matic 3,Philadelphia_01,54.0,None,
2024-11-09,Tron-o-matic 3 Pro,Online_Store,59.4,BIG_DEAL,
2024-11-09,Tron-o-matic 3 Pro,LosAngeles_01,59.4,BIG_DEAL,
2024-11-09,Tron-o-matic 3 Pro,NewYork_01,59.4,BIG_DEAL,
2024-11-09,Tron-o-matic 3 Pro,NewYork_02,59.4,BIG_DEAL,
2024-11-09,Tron-o-matic 3 Pro,Chicago_01,59.4,BIG_DEAL,
2024-11-09,Tron-o-matic 3 Pro,Dallas_01,59.4,BIG_DEAL,
2024-11-09,Tron-o-matic 3 Pro,Houston_01,59.4,BIG_DEAL,
2024-11-09,Tron-o-matic 3 Pro,WashingtonDC_01,59.4,BIG_DEAL,
2024-11-09,Tron-o-matic 3 Pro,Atlanta_01,59.4,BIG_DEAL,
2024-11-09,Tron-o-matic 3 Pro,Philadelphia_01,59.4,BIG_DEAL,
2024-11-09,Tron-o-matic 4,Online_Store,67.5,None,
2024-11-09,Tron-o-matic 4,LosAngeles_01,67.5,None,
2024-11-09,Tron-o-matic 4,NewYork_01,67.5,None,
2024-11-09,Tron-o-matic 4,NewYork_02,67.5,None,
2024-11-09,Tron-o-matic 4,Chicago_01,67.5,None,
2024-11-09,Tron-o-matic 4,Dallas_01,67.5,None,
2024-11-09,Tron-o-matic 4,Houston_01,67.5,None,
2024-11-09,Tron-o-matic 4,WashingtonDC_01,67.5,None,
2024-11-09,Tron-o-matic 4,Atlanta_01,67.5,None,
2024-11-09,Tron-o-matic 4,Philadelphia_01,67.5,None,
2024-11-09,Tron-o-matic 4 Pro,Online_Store,77.65,SMALL_DEAL,
2024-11-09,Tron-o-matic 4 Pro,LosAngeles_01,77.65,SMALL_DEAL,
2024-11-09,Tron-o-matic 4 Pro,NewYork_01,77.65,SMALL_DEAL,
2024-11-09,Tron-o-matic 4 Pro,NewYork_02,77.65,SMALL_DEAL,
2024-11-09,Tron-o-matic 4 Pro,Chicago_01,77.65,SMALL_DEAL,
2024-11-09,Tron-o-matic 4 Pro,Dallas_01,77.65,SMALL_DEAL,
2024-11-09,Tron-o-matic 4 Pro,Houston_01,77.65,SMALL_DEAL,
2024-11-09,Tron-o-matic 4 Pro,WashingtonDC_01,77.65,SMALL_DEAL,
2024-11-09,Tron-o-matic 4 Pro,Atlanta_01,77.65,SMALL_DEAL,
2024-11-09,Tron-o-matic 4 Pro,Philadelphia_01,77.65,SMALL_DEAL,
2024-11-09,Tron-o-matic 5,Online_Store,72.0,None,
2024-11-09,Tron-o-matic 5,LosAngeles_01,72.0,None,
2024-11-09,Tron-o-matic 5,NewYork_01,72.0,None,
2024-11-09,Tron-o-matic 5,NewYork_02,72.0,None,
2024-11-09,Tron-o-matic 5,Chicago_01,72.0,None,
2024-11-09,Tron-o-matic 5,Dallas_01,72.0,None,
2024-11-09,Tron-o-matic 5,Houston_01,72.0,None,
2024-11-09,Tron-o-matic 5,WashingtonDC_01,72.0,None,
2024-11-09,Tron-o-matic 5,Atlanta_01,72.0,None,
2024-11-09,Tron-o-matic 5,Philadelphia_01,72.0,None,
2024-11-09,Tron-o-matic 5 Pro,Online_Store,90.45,SMALL_DEAL,
2024-11-09,Tron-o-matic 5 Pro,LosAngeles_01,90.45,SMALL_DEAL,
2024-11-09,Tron-o-matic 5 Pro,NewYork_01,90.45,SMALL_DEAL,
2024-11-09,Tron-o-matic 5 Pro,NewYork_02,90.45,SMALL_DEAL,
2024-11-09,Tron-o-matic 5 Pro,Chicago_01,90.45,SMALL_DEAL,
2024-11-09,Tron-o-matic 5 Pro,Dallas_01,90.45,SMALL_DEAL,
2024-11-09,Tron-o-matic 5 Pro,Houston_01,90.45,SMALL_DEAL,
2024-11-09,Tron-o-matic 5 Pro,WashingtonDC_01,90.45,SMALL_DEAL,
2024-11-09,Tron-o-matic 5 Pro,Atlanta_01,90.45,SMALL_DEAL,
2024-11-09,Tron-o-matic 5 Pro,Philadelphia_01,90.45,SMALL_DEAL,
2024-11-10,Tron-o-matic 1,Online_Store,54.0,None,
2024-11-10,Tron-o-matic 1,LosAngeles_01,54.0,None,
2024-11-10,Tron-o-matic 1,NewYork_01,54.0,None,
2024-11-10,Tron-o-matic 1,NewYork_02,54.0,None,
2024-11-10,Tron-o-matic 1,Chicago_01,54.0,None,
2024-11-10,Tron-o-matic 1,Dallas_01,54.0,None,
2024-11-10,Tron-o-matic 1,Houston_01,54.0,None,
2024-11-10,Tron-o-matic 1,WashingtonDC_01,54.0,None,
2024-11-10,Tron-o-matic 1,Atlanta_01,54.0,None,
2024-11-10,Tron-o-matic 1,Philadelphia_01,54.0,None,
2024-11-10,Tron-o-matic 1 Pro,Online_Store,65.38,SMALL_DEAL,
2024-11-10,Tron-o-matic 1 Pro,LosAngeles_01,65.38,SMALL_DEAL,
2024-11-10,Tron-o-matic 1 Pro,NewYork_01,65.38,SMALL_DEAL,
2024-11-10,Tron-o-matic 1 Pro,NewYork_02,65.38,SMALL_DEAL,
2024-11-10,Tron-o-matic 1 Pro,Chicago_01,65.38,SMALL_DEAL,
2024-11-10,Tron-o-matic 1 Pro,Dallas_01,65.38,SMALL_DEAL,
2024-11-10,Tron-o-matic 1 Pro,Houston_01,65.38,SMALL_DEAL,
2024-11-10,Tron-o-matic 1 Pro,WashingtonDC_01,65.38,SMALL_DEAL,
2024-11-10,Tron-o-matic 1 Pro,Atlanta_01,65.38,SMALL_DEAL,
2024-11-10,Tron-o-matic 1 Pro,Philadelphia_01,65.38,SMALL_DEAL,
2024-11-10,Tron-o-matic 2,Online_Store,49.5,None,
2024-11-10,Tron-o-matic 2,LosAngeles_01,49.5,None,
2024-11-10,Tron-o-matic 2,NewYork_01,49.5,None,
2024-11-10,Tron-o-matic 2,NewYork_02,49.5,None,
2024-11-10,Tron-o-matic 2,Chicago_01,49.5,None,
2024-11-10,Tron-o-matic 2,Dallas_01,49.5,None,
2024-11-10,Tron-o-matic 2,Houston_01,49.5,None,
2024-11-10,Tron-o-matic 2,WashingtonDC_01,49.5,None,
2024-11-10,Tron-o-matic 2,Atlanta_01,49.5,None,
2024-11-10,Tron-o-matic 2,Philadelphia_01,49.5,None,
2024-11-10,Tron-o-matic 2 Pro,Online_Store,76.5,None,
2024-11-10,Tron-o-matic 2 Pro,LosAngeles_01,76.5,None,
2024-11-10,Tron-o-matic 2 Pro,NewYork_01,76.5,None,
2024-11-10,Tron-o-matic 2 Pro,NewYork_02,76.5,None,
2024-11-10,Tron-o-matic 2 Pro,Chicago_01,76.5,None,
2024-11-10,Tron-o-matic 2 Pro,Dallas_01,76.5,None,
2024-11-10,Tron-o-matic 2 Pro,Houston_01,76.5,None,
2024-11-10,Tron-o-matic 2 Pro,WashingtonDC_01,76.5,None,
2024-11-10,Tron-o-matic 2 Pro,Atlanta_01,76.5,None,
2024-11-10,Tron-o-matic 2 Pro,Philadelphia_01,76.5,None,
2024-11-10,Tron-o-matic 3,Online_Store,54.0,None,
2024-11-10,Tron-o-matic 3,LosAngeles_01,54.0,None,
2024-11-10,Tron-o-matic 3,NewYork_01,54.0,None,
2024-11-10,Tron-o-matic 3,NewYork_02,54.0,None,
2024-11-10,Tron-o-matic 3,Chicago_01,54.0,None,
2024-11-10,Tron-o-matic 3,Dallas_01,54.0,None,
2024-11-10,Tron-o-matic 3,Houston_01,54.0,None,
2024-11-10,Tron-o-matic 3,WashingtonDC_01,54.0,None,
2024-11-10,Tron-o-matic 3,Atlanta_01,54.0,None,
2024-11-10,Tron-o-matic 3,Philadelphia_01,54.0,None,
2024-11-10,Tron-o-matic 3 Pro,Online_Store,81.0,None,
2024-11-10,Tron-o-matic 3 Pro,LosAngeles_01,81.0,None,
2024-11-10,Tron-o-matic 3 Pro,NewYork_01,81.0,None,
2024-11-10,Tron-o-matic 3 Pro,NewYork_02,81.0,None,
2024-11-10,Tron-o-matic 3 Pro,Chicago_01,81.0,None,
2024-11-10,Tron-o-matic 3 Pro,Dallas_01,81.0,None,
2024-11-10,Tron-o-matic 3 Pro,Houston_01,81.0,None,
2024-11-10,Tron-o-matic 3 Pro,WashingtonDC_01,81.0,None,
2024-11-10,Tron-o-matic 3 Pro,Atlanta_01,81.0,None,
2024-11-10,Tron-o-matic 3 Pro,Philadelphia_01,81.0,None,
2024-11-10,Tron-o-matic 4,Online_Store,67.5,None,
2024-11-10,Tron-o-matic 4,LosAngeles_01,67.5,None,
2024-11-10,Tron-o-matic 4,NewYork_01,67.5,None,
2024-11-10,Tron-o-matic 4,NewYork_02,67.5,None,
2024-11-10,Tron-o-matic 4,Chicago_01,67.5,None,
2024-11-10,Tron-o-matic 4,Dallas_01,67.5,None,
2024-11-10,Tron-o-matic 4,Houston_01,67.5,None,
2024-11-10,Tron-o-matic 4,WashingtonDC_01,67.5,None,
2024-11-10,Tron-o-matic 4,Atlanta_01,67.5,None,
2024-11-10,Tron-o-matic 4,Philadelphia_01,67.5,None,
2024-11-10,Tron-o-matic 4 Pro,Online_Store,90.0,None,
2024-11-10,Tron-o-matic 4 Pro,LosAngeles_01,90.0,None,
2024-11-10,Tron-o-matic 4 Pro,NewYork_01,90.0,None,
2024-11-10,Tron-o-matic 4 Pro,NewYork_02,90.0,None,
2024-11-10,Tron-o-matic 4 Pro,Chicago_01,90.0,None,
2024-11-10,Tron-o-matic 4 Pro,Dallas_01,90.0,None,
2024-11-10,Tron-o-matic 4 Pro,Houston_01,90.0,None,
2024-11-10,Tron-o-matic 4 Pro,WashingtonDC_01,90.0,None,
2024-11-10,Tron-o-matic 4 Pro,Atlanta_01,90.0,None,
2024-11-10,Tron-o-matic 4 Pro,Philadelphia_01,90.0,None,
2024-11-10,Tron-o-matic 5,Online_Store,72.0,None,
2024-11-10,Tron-o-matic 5,LosAngeles_01,72.0,None,
2024-11-10,Tron-o-matic 5,NewYork_01,72.0,None,
2024-11-10,Tron-o-matic 5,NewYork_02,72.0,None,
2024-11-10,Tron-o-matic 5,Chicago_01,72.0,None,
2024-11-10,Tron-o-matic 5,Dallas_01,72.0,None,
2024-11-10,Tron-o-matic 5,Houston_01,72.0,None,
2024-11-10,Tron-o-matic 5,WashingtonDC_01,72.0,None,
2024-11-10,Tron-o-matic 5,Atlanta_01,72.0,None,
2024-11-10,Tron-o-matic 5,Philadelphia_01,72.0,None,
2024-11-10,Tron-o-matic 5 Pro,Online_Store,91.04,SMALL_DEAL,
2024-11-10,Tron-o-matic 5 Pro,LosAngeles_01,91.04,SMALL_DEAL,
2024-11-10,Tron-o-matic 5 Pro,NewYork_01,91.04,SMALL_DEAL,
2024-11-10,Tron-o-matic 5 Pro,NewYork_02,91.04,SMALL_DEAL,
2024-11-10,Tron-o-matic 5 Pro,Chicago_01,91.04,SMALL_DEAL,
2024-11-10,Tron-o-matic 5 Pro,Dallas_01,91.04,SMALL_DEAL,
2024-11-10,Tron-o-matic 5 Pro,Houston_01,91.04,SMALL_DEAL,
2024-11-10,Tron-o-matic 5 Pro,WashingtonDC_01,91.04,SMALL_DEAL,
2024-11-10,Tron-o-matic 5 Pro,Atlanta_01,91.04,SMALL_DEAL,
2024-11-10,Tron-o-matic 5 Pro,Philadelphia_01,91.04,SMALL_DEAL,
2024-11-11,Tron-o-matic 1,Online_Store,54.0,None,
2024-11-11,Tron-o-matic 1,LosAngeles_01,54.0,None,
2024-11-11,Tron-o-matic 1,NewYork_01,54.0,None,
2024-11-11,Tron-o-matic 1,NewYork_02,54.0,None,
2024-11-11,Tron-o-matic 1,Chicago_01,54.0,None,
2024-11-11,Tron-o-matic 1,Dallas_01,54.0,None,
2024-11-11,Tron-o-matic 1,Houston_01,54.0,None,
2024-11-11,Tron-o-matic 1,WashingtonDC_01,54.0,None,
2024-11-11,Tron-o-matic 1,Atlanta_01,54.0,None,
2024-11-11,Tron-o-matic 1,Philadelphia_01,54.0,None,
2024-11-11,Tron-o-matic 1 Pro,Online_Store,72.0,None,
2024-11-11,Tron-o-matic 1 Pro,LosAngeles_01,72.0,None,
2024-11-11,Tron-o-matic 1 Pro,NewYork_01,72.0,None,
2024-11-11,Tron-o-matic 1 Pro,NewYork_02,72.0,None,
2024-11-11,Tron-o-matic 1 Pro,Chicago_01,72.0,None,
2024-11-11,Tron-o-matic 1 Pro,Dallas_01,72.0,None,
2024-11-11,Tron-o-matic 1 Pro,Houston_01,72.0,None,
2024-11-11,Tron-o-matic 1 Pro,WashingtonDC_01,72.0,None,
2024-11-11,Tron-o-matic 1 Pro,Atlanta_01,72.0,None,
2024-11-11,Tron-o-matic 1 Pro,Philadelphia_01,72.0,None,
2024-11-11,Tron-o-matic 2,Online_Store,43.3,SMALL_DEAL,
2024-11-11,Tron-o-matic 2,LosAngeles_01,43.3,SMALL_DEAL,
2024-11-11,Tron-o-matic 2,NewYork_01,43.3,SMALL_DEAL,
2024-11-11,Tron-o-matic 2,NewYork_02,43.3,SMALL_DEAL,
2024-11-11,Tron-o-matic 2,Chicago_01,43.3,SMALL_DEAL,
2024-11-11,Tron-o-matic 2,Dallas_01,43.3,SMALL_DEAL,
2024-11-11,Tron-o-matic 2,Houston_01,43.3,SMALL_DEAL,
2024-11-11,Tron-o-matic 2,WashingtonDC_01,43.3,SMALL_DEAL,
2024-11-11,Tron-o-matic 2,Atlanta_01,43.3,SMALL_DEAL,
2024-11-11,Tron-o-matic 2,Philadelphia_01,43.3,SMALL_DEAL,
2024-11-11,Tron-o-matic 2 Pro,Online_Store,76.5,None,
2024-11-11,Tron-o-matic 2 Pro,LosAngeles_01,76.5,None,
2024-11-11,Tron-o-matic 2 Pro,NewYork_01,76.5,None,
2024-11-11,Tron-o-matic 2 Pro,NewYork_02,76.5,None,
2024-11-11,Tron-o-matic 2 Pro,Chicago_01,76.5,None,
2024-11-11,Tron-o-matic 2 Pro,Dallas_01,76.5,None,
2024-11-11,Tron-o-matic 2 Pro,Houston_01,76.5,None,
2024-11-11,Tron-o-matic 2 Pro,WashingtonDC_01,76.5,None,
2024-11-11,Tron-o-matic 2 Pro,Atlanta_01,76.5,None,
2024-11-11,Tron-o-matic 2 Pro,Philadelphia_01,76.5,None,
2024-11-11,Tron-o-matic 3,Online_Store,54.0,None,
2024-11-11,Tron-o-matic 3,LosAngeles_01,54.0,None,
2024-11-11,Tron-o-matic 3,NewYork_01,54.0,None,
2024-11-11,Tron-o-matic 3,NewYork_02,54.0,None,
2024-11-11,Tron-o-matic 3,Chicago_01,54.0,None,
2024-11-11,Tron-o-matic 3,Dallas_01,54.0,None,
2024-11-11,Tron-o-matic 3,Houston_01,54.0,None,
2024-11-11,Tron-o-matic 3,WashingtonDC_01,54.0,None,
2024-11-11,Tron-o-matic 3,Atlanta_01,54.0,None,
2024-11-11,Tron-o-matic 3,Philadelphia_01,54.0,None,
2024-11-11,Tron-o-matic 3 Pro,Online_Store,81.0,None,
2024-11-11,Tron-o-matic 3 Pro,LosAngeles_01,81.0,None,
2024-11-11,Tron-o-matic 3 Pro,NewYork_01,81.0,None,
2024-11-11,Tron-o-matic 3 Pro,NewYork_02,81.0,None,
2024-11-11,Tron-o-matic 3 Pro,Chicago_01,81.0,None,
2024-11-11,Tron-o-matic 3 Pro,Dallas_01,81.0,None,
2024-11-11,Tron-o-matic 3 Pro,Houston_01,81.0,None,
2024-11-11,Tron-o-matic 3 Pro,WashingtonDC_01,81.0,None,
2024-11-11,Tron-o-matic 3 Pro,Atlanta_01,81.0,None,
2024-11-11,Tron-o-matic 3 Pro,Philadelphia_01,81.0,None,
2024-11-11,Tron-o-matic 4,Online_Store,49.88,BIG_DEAL,
2024-11-11,Tron-o-matic 4,LosAngeles_01,49.88,BIG_DEAL,
2024-11-11,Tron-o-matic 4,NewYork_01,49.88,BIG_DEAL,
2024-11-11,Tron-o-matic 4,NewYork_02,49.88,BIG_DEAL,
2024-11-11,Tron-o-matic 4,Chicago_01,49.88,BIG_DEAL,
2024-11-11,Tron-o-matic 4,Dallas_01,49.88,BIG_DEAL,
2024-11-11,Tron-o-matic 4,Houston_01,49.88,BIG_DEAL,
2024-11-11,Tron-o-matic 4,WashingtonDC_01,49.88,BIG_DEAL,
2024-11-11,Tron-o-matic 4,Atlanta_01,49.88,BIG_DEAL,
2024-11-11,Tron-o-matic 4,Philadelphia_01,49.88,BIG_DEAL,
2024-11-11,Tron-o-matic 4 Pro,Online_Store,70.28,BIG_DEAL,
2024-11-11,Tron-o-matic 4 Pro,LosAngeles_01,70.28,BIG_DEAL,
2024-11-11,Tron-o-matic 4 Pro,NewYork_01,70.28,BIG_DEAL,
2024-11-11,Tron-o-matic 4 Pro,NewYork_02,70.28,BIG_DEAL,
2024-11-11,Tron-o-matic 4 Pro,Chicago_01,70.28,BIG_DEAL,
2024-11-11,Tron-o-matic 4 Pro,Dallas_01,70.28,BIG_DEAL,
2024-11-11,Tron-o-matic 4 Pro,Houston_01,70.28,BIG_DEAL,
2024-11-11,Tron-o-matic 4 Pro,WashingtonDC_01,70.28,BIG_DEAL,
2024-11-11,Tron-o-matic 4 Pro,Atlanta_01,70.28,BIG_DEAL,
2024-11-11,Tron-o-matic 4 Pro,Philadelphia_01,70.28,BIG_DEAL,
2024-11-11,Tron-o-matic 5,Online_Store,72.0,None,
2024-11-11,Tron-o-matic 5,LosAngeles_01,72.0,None,
2024-11-11,Tron-o-matic 5,NewYork_01,72.0,None,
2024-11-11,Tron-o-matic 5,NewYork_02,72.0,None,
2024-11-11,Tron-o-matic 5,Chicago_01,72.0,None,
2024-11-11,Tron-o-matic 5,Dallas_01,72.0,None,
2024-11-11,Tron-o-matic 5,Houston_01,72.0,None,
2024-11-11,Tron-o-matic 5,WashingtonDC_01,72.0,None,
2024-11-11,Tron-o-matic 5,Atlanta_01,72.0,None,
2024-11-11,Tron-o-matic 5,Philadelphia_01,72.0,None,
2024-11-11,Tron-o-matic 5 Pro,Online_Store,99.0,None,
2024-11-11,Tron-o-matic 5 Pro,LosAngeles_01,99.0,None,
2024-11-11,Tron-o-matic 5 Pro,NewYork_01,99.0,None,
2024-11-11,Tron-o-matic 5 Pro,NewYork_02,99.0,None,
2024-11-11,Tron-o-matic 5 Pro,Chicago_01,99.0,None,
2024-11-11,Tron-o-matic 5 Pro,Dallas_01,99.0,None,
2024-11-11,Tron-o-matic 5 Pro,Houston_01,99.0,None,
2024-11-11,Tron-o-matic 5 Pro,WashingtonDC_01,99.0,None,
2024-11-11,Tron-o-matic 5 Pro,Atlanta_01,99.0,None,
2024-11-11,Tron-o-matic 5 Pro,Philadelphia_01,99.0,None,
2024-11-12,Tron-o-matic 1,Online_Store,39.16,BIG_DEAL,
2024-11-12,Tron-o-matic 1,LosAngeles_01,39.16,BIG_DEAL,
2024-11-12,Tron-o-matic 1,NewYork_01,39.16,BIG_DEAL,
2024-11-12,Tron-o-matic 1,NewYork_02,39.16,BIG_DEAL,
2024-11-12,Tron-o-matic 1,Chicago_01,39.16,BIG_DEAL,
2024-11-12,Tron-o-matic 1,Dallas_01,39.16,BIG_DEAL,
2024-11-12,Tron-o-matic 1,Houston_01,39.16,BIG_DEAL,
2024-11-12,Tron-o-matic 1,WashingtonDC_01,39.16,BIG_DEAL,
2024-11-12,Tron-o-matic 1,Atlanta_01,39.16,BIG_DEAL,
2024-11-12,Tron-o-matic 1,Philadelphia_01,39.16,BIG_DEAL,
2024-11-12,Tron-o-matic 1 Pro,Online_Store,72.0,None,
2024-11-12,Tron-o-matic 1 Pro,LosAngeles_01,72.0,None,
2024-11-12,Tron-o-matic 1 Pro,NewYork_01,72.0,None,
2024-11-12,Tron-o-matic 1 Pro,NewYork_02,72.0,None,
2024-11-12,Tron-o-matic 1 Pro,Chicago_01,72.0,None,
2024-11-12,Tron-o-matic 1 Pro,Dallas_01,72.0,None,
2024-11-12,Tron-o-matic 1 Pro,Houston_01,72.0,None,
2024-11-12,Tron-o-matic 1 Pro,WashingtonDC_01,72.0,None,
2024-11-12,Tron-o-matic 1 Pro,Atlanta_01,72.0,None,
2024-11-12,Tron-o-matic 1 Pro,Philadelphia_01,72.0,None,
2024-11-12,Tron-o-matic 2,Online_Store,49.5,None,
2024-11-12,Tron-o-matic 2,LosAngeles_01,49.5,None,
2024-11-12,Tron-o-matic 2,NewYork_01,49.5,None,
2024-11-12,Tron-o-matic 2,NewYork_02,49.5,None,
2024-11-12,Tron-o-matic 2,Chicago_01,49.5,None,
2024-11-12,Tron-o-matic 2,Dallas_01,49.5,None,
2024-11-12,Tron-o-matic 2,Houston_01,49.5,None,
2024-11-12,Tron-o-matic 2,WashingtonDC_01,49.5,None,
2024-11-12,Tron-o-matic 2,Atlanta_01,49.5,None,
2024-11-12,Tron-o-matic 2,Philadelphia_01,49.5,None,
2024-11-12,Tron-o-matic 2 Pro,Online_Store,76.5,None,
2024-11-12,Tron-o-matic 2 Pro,LosAngeles_01,76.5,None,
2024-11-12,Tron-o-matic 2 Pro,NewYork_01,76.5,None,
2024-11-12,Tron-o-matic 2 Pro,NewYork_02,76.5,None,
2024-11-12,Tron-o-matic 2 Pro,Chicago_01,76.5,None,
2024-11-12,Tron-o-matic 2 Pro,Dallas_01,76.5,None,
2024-11-12,Tron-o-matic 2 Pro,Houston_01,76.5,None,
2024-11-12,Tron-o-matic 2 Pro,WashingtonDC_01,76.5,None,
2024-11-12,Tron-o-matic 2 Pro,Atlanta_01,76.5,None,
2024-11-12,Tron-o-matic 2 Pro,Philadelphia_01,76.5,None,
2024-11-12,Tron-o-matic 3,Online_Store,54.0,None,
2024-11-12,Tron-o-matic 3,LosAngeles_01,54.0,None,
2024-11-12,Tron-o-matic 3,NewYork_01,54.0,None,
2024-11-12,Tron-o-matic 3,NewYork_02,54.0,None,
2024-11-12,Tron-o-matic 3,Chicago_01,54.0,None,
2024-11-12,Tron-o-matic 3,Dallas_01,54.0,None,
2024-11-12,Tron-o-matic 3,Houston_01,54.0,None,
2024-11-12,Tron-o-matic 3,WashingtonDC_01,54.0,None,
2024-11-12,Tron-o-matic 3,Atlanta_01,54.0,None,
2024-11-12,Tron-o-matic 3,Philadelphia_01,54.0,None,
2024-11-12,Tron-o-matic 3 Pro,Online_Store,57.68,BIG_DEAL,
2024-11-12,Tron-o-matic 3 Pro,LosAngeles_01,57.68,BIG_DEAL,
2024-11-12,Tron-o-matic 3 Pro,NewYork_01,57.68,BIG_DEAL,
2024-11-12,Tron-o-matic 3 Pro,NewYork_02,57.68,BIG_DEAL,
2024-11-12,Tron-o-matic 3 Pro,Chicago_01,57.68,BIG_DEAL,
2024-11-12,Tron-o-matic 3 Pro,Dallas_01,57.68,BIG_DEAL,
2024-11-12,Tron-o-matic 3 Pro,Houston_01,57.68,BIG_DEAL,
2024-11-12,Tron-o-matic 3 Pro,WashingtonDC_01,57.68,BIG_DEAL,
2024-11-12,Tron-o-matic 3 Pro,Atlanta_01,57.68,BIG_DEAL,
2024-11-12,Tron-o-matic 3 Pro,Philadelphia_01,57.68,BIG_DEAL,
2024-11-12,Tron-o-matic 4,Online_Store,67.5,None,
2024-11-12,Tron-o-matic 4,LosAngeles_01,67.5,None,
2024-11-12,Tron-o-matic 4,NewYork_01,67.5,None,
2024-11-12,Tron-o-matic 4,NewYork_02,67.5,None,
2024-11-12,Tron-o-matic 4,Chicago_01,67.5,None,
2024-11-12,Tron-o-matic 4,Dallas_01,67.5,None,
2024-11-12,Tron-o-matic 4,Houston_01,67.5,None,
2024-11-12,Tron-o-matic 4,WashingtonDC_01,67.5,None,
2024-11-12,Tron-o-matic 4,Atlanta_01,67.5,None,
2024-11-12,Tron-o-matic 4,Philadelphia_01,67.5,None,
2024-11-12,Tron-o-matic 4 Pro,Online_Store,90.0,None,
2024-11-12,Tron-o-matic 4 Pro,LosAngeles_01,90.0,None,
2024-11-12,Tron-o-matic 4 Pro,NewYork_01,90.0,None,
2024-11-12,Tron-o-matic 4 Pro,NewYork_02,90.0,None,
2024-11-12,Tron-o-matic 4 Pro,Chicago_01,90.0,None,
2024-11-12,Tron-o-matic 4 Pro,Dallas_01,90.0,None,
2024-11-12,Tron-o-matic 4 Pro,Houston_01,90.0,None,
2024-11-12,Tron-o-matic 4 Pro,WashingtonDC_01,90.0,None,
2024-11-12,Tron-o-matic 4 Pro,Atlanta_01,90.0,None,
2024-11-12,Tron-o-matic 4 Pro,Philadelphia_01,90.0,None,
2024-11-12,Tron-o-matic 5,Online_Store,63.19,SMALL_DEAL,
2024-11-12,Tron-o-matic 5,LosAngeles_01,63.19,SMALL_DEAL,
2024-11-12,Tron-o-matic 5,NewYork_01,63.19,SMALL_DEAL,
2024-11-12,Tron-o-matic 5,NewYork_02,63.19,SMALL_DEAL,
2024-11-12,Tron-o-matic 5,Chicago_01,63.19,SMALL_DEAL,
2024-11-12,Tron-o-matic 5,Dallas_01,63.19,SMALL_DEAL,
2024-11-12,Tron-o-matic 5,Houston_01,63.19,SMALL_DEAL,
2024-11-12,Tron-o-matic 5,WashingtonDC_01,63.19,SMALL_DEAL,
2024-11-12,Tron-o-matic 5,Atlanta_01,63.19,SMALL_DEAL,
2024-11-12,Tron-o-matic 5,Philadelphia_01,63.19,SMALL_DEAL,
2024-11-12,Tron-o-matic 5 Pro,Online_Store,99.0,None,
2024-11-12,Tron-o-matic 5 Pro,LosAngeles_01,99.0,None,
2024-11-12,Tron-o-matic 5 Pro,NewYork_01,99.0,None,
2024-11-12,Tron-o-matic 5 Pro,NewYork_02,99.0,None,
2024-11-12,Tron-o-matic 5 Pro,Chicago_01,99.0,None,
2024-11-12,Tron-o-matic 5 Pro,Dallas_01,99.0,None,
2024-11-12,Tron-o-matic 5 Pro,Houston_01,99.0,None,
2024-11-12,Tron-o-matic 5 Pro,WashingtonDC_01,99.0,None,
2024-11-12,Tron-o-matic 5 Pro,Atlanta_01,99.0,None,
2024-11-12,Tron-o-matic 5 Pro,Philadelphia_01,99.0,None,
2024-11-13,Tron-o-matic 1,Online_Store,50.7,SMALL_DEAL,
2024-11-13,Tron-o-matic 1,LosAngeles_01,50.7,SMALL_DEAL,
2024-11-13,Tron-o-matic 1,NewYork_01,50.7,SMALL_DEAL,
2024-11-13,Tron-o-matic 1,NewYork_02,50.7,SMALL_DEAL,
2024-11-13,Tron-o-matic 1,Chicago_01,50.7,SMALL_DEAL,
2024-11-13,Tron-o-matic 1,Dallas_01,50.7,SMALL_DEAL,
2024-11-13,Tron-o-matic 1,Houston_01,50.7,SMALL_DEAL,
2024-11-13,Tron-o-matic 1,WashingtonDC_01,50.7,SMALL_DEAL,
2024-11-13,Tron-o-matic 1,Atlanta_01,50.7,SMALL_DEAL,
2024-11-13,Tron-o-matic 1,Philadelphia_01,50.7,SMALL_DEAL,
2024-11-13,Tron-o-matic 1 Pro,Online_Store,72.0,None,
2024-11-13,Tron-o-matic 1 Pro,LosAngeles_01,72.0,None,
2024-11-13,Tron-o-matic 1 Pro,NewYork_01,72.0,None,
2024-11-13,Tron-o-matic 1 Pro,NewYork_02,72.0,None,
2024-11-13,Tron-o-matic 1 Pro,Chicago_01,72.0,None,
2024-11-13,Tron-o-matic 1 Pro,Dallas_01,72.0,None,
2024-11-13,Tron-o-matic 1 Pro,Houston_01,72.0,None,
2024-11-13,Tron-o-matic 1 Pro,WashingtonDC_01,72.0,None,
2024-11-13,Tron-o-matic 1 Pro,Atlanta_01,72.0,None,
2024-11-13,Tron-o-matic 1 Pro,Philadelphia_01,72.0,None,
2024-11-13,Tron-o-matic 2,Online_Store,37.61,BIG_DEAL,
2024-11-13,Tron-o-matic 2,LosAngeles_01,37.61,BIG_DEAL,
2024-11-13,Tron-o-matic 2,NewYork_01,37.61,BIG_DEAL,
2024-11-13,Tron-o-matic 2,NewYork_02,37.61,BIG_DEAL,
2024-11-13,Tron-o-matic 2,Chicago_01,37.61,BIG_DEAL,
2024-11-13,Tron-o-matic 2,Dallas_01,37.61,BIG_DEAL,
2024-11-13,Tron-o-matic 2,Houston_01,37.61,BIG_DEAL,
2024-11-13,Tron-o-matic 2,WashingtonDC_01,37.61,BIG_DEAL,
2024-11-13,Tron-o-matic 2,Atlanta_01,37.61,BIG_DEAL,
2024-11-13,Tron-o-matic 2,Philadelphia_01,37.61,BIG_DEAL,
2024-11-13,Tron-o-matic 2 Pro,Online_Store,67.67,SMALL_DEAL,
2024-11-13,Tron-o-matic 2 Pro,LosAngeles_01,67.67,SMALL_DEAL,
2024-11-13,Tron-o-matic 2 Pro,NewYork_01,67.67,SMALL_DEAL,
2024-11-13,Tron-o-matic 2 Pro,NewYork_02,67.67,SMALL_DEAL,
2024-11-13,Tron-o-matic 2 Pro,Chicago_01,67.67,SMALL_DEAL,
2024-11-13,Tron-o-matic 2 Pro,Dallas_01,67.67,SMALL_DEAL,
2024-11-13,Tron-o-matic 2 Pro,Houston_01,67.67,SMALL_DEAL,
2024-11-13,Tron-o-matic 2 Pro,WashingtonDC_01,67.67,SMALL_DEAL,
2024-11-13,Tron-o-matic 2 Pro,Atlanta_01,67.67,SMALL_DEAL,
2024-11-13,Tron-o-matic 2 Pro,Philadelphia_01,67.67,SMALL_DEAL,
2024-11-13,Tron-o-matic 3,Online_Store,54.0,None,
2024-11-13,Tron-o-matic 3,LosAngeles_01,54.0,None,
2024-11-13,Tron-o-matic 3,NewYork_01,54.0,None,
2024-11-13,Tron-o-matic 3,NewYork_02,54.0,None,
2024-11-13,Tron-o-matic 3,Chicago_01,54.0,None,
2024-11-13,Tron-o-matic 3,Dallas_01,54.0,None,
2024-11-13,Tron-o-matic 3,Houston_01,54.0,None,
2024-11-13,Tron-o-matic 3,WashingtonDC_01,54.0,None,
2024-11-13,Tron-o-matic 3,Atlanta_01,54.0,None,
2024-11-13,Tron-o-matic 3,Philadelphia_01,54.0,None,
2024-11-13,Tron-o-matic 3 Pro,Online_Store,81.0,None,
2024-11-13,Tron-o-matic 3 Pro,LosAngeles_01,81.0,None,
2024-11-13,Tron-o-matic 3 Pro,NewYork_01,81.0,None,
2024-11-13,Tron-o-matic 3 Pro,NewYork_02,81.0,None,
2024-11-13,Tron-o-matic 3 Pro,Chicago_01,81.0,None,
2024-11-13,Tron-o-matic 3 Pro,Dallas_01,81.0,None,
2024-11-13,Tron-o-matic 3 Pro,Houston_01,81.0,None,
2024-11-13,Tron-o-matic 3 Pro,WashingtonDC_01,81.0,None,
2024-11-13,Tron-o-matic 3 Pro,Atlanta_01,81.0,None,
2024-11-13,Tron-o-matic 3 Pro,Philadelphia_01,81.0,None,
2024-11-13,Tron-o-matic 4,Online_Store,62.69,SMALL_DEAL,
2024-11-13,Tron-o-matic 4,LosAngeles_01,62.69,SMALL_DEAL,
2024-11-13,Tron-o-matic 4,NewYork_01,62.69,SMALL_DEAL,
2024-11-13,Tron-o-matic 4,NewYork_02,62.69,SMALL_DEAL,
2024-11-13,Tron-o-matic 4,Chicago_01,62.69,SMALL_DEAL,
2024-11-13,Tron-o-matic 4,Dallas_01,62.69,SMALL_DEAL,
2024-11-13,Tron-o-matic 4,Houston_01,62.69,SMALL_DEAL,
2024-11-13,Tron-o-matic 4,WashingtonDC_01,62.69,SMALL_DEAL,
2024-11-13,Tron-o-matic 4,Atlanta_01,62.69,SMALL_DEAL,
2024-11-13,Tron-o-matic 4,Philadelphia_01,62.69,SMALL_DEAL,
2024-11-13,Tron-o-matic 4 Pro,Online_Store,90.0,None,
2024-11-13,Tron-o-matic 4 Pro,LosAngeles_01,90.0,None,
2024-11-13,Tron-o-matic 4 Pro,NewYork_01,90.0,None,
2024-11-13,Tron-o-matic 4 Pro,NewYork_02,90.0,None,
2024-11-13,Tron-o-matic 4 Pro,Chicago_01,90.0,None,
2024-11-13,Tron-o-matic 4 Pro,Dallas_01,90.0,None,
2024-11-13,Tron-o-matic 4 Pro,Houston_01,90.0,None,
2024-11-13,Tron-o-matic 4 Pro,WashingtonDC_01,90.0,None,
2024-11-13,Tron-o-matic 4 Pro,Atlanta_01,90.0,None,
2024-11-13,Tron-o-matic 4 Pro,Philadelphia_01,90.0,None,
2024-11-13,Tron-o-matic 5,Online_Store,66.0,SMALL_DEAL,
2024-11-13,Tron-o-matic 5,LosAngeles_01,66.0,SMALL_DEAL,
2024-11-13,Tron-o-matic 5,NewYork_01,66.0,SMALL_DEAL,
2024-11-13,Tron-o-matic 5,NewYork_02,66.0,SMALL_DEAL,
2024-11-13,Tron-o-matic 5,Chicago_01,66.0,SMALL_DEAL,
2024-11-13,Tron-o-matic 5,Dallas_01,66.0,SMALL_DEAL,
2024-11-13,Tron-o-matic 5,Houston_01,66.0,SMALL_DEAL,
2024-11-13,Tron-o-matic 5,WashingtonDC_01,66.0,SMALL_DEAL,
2024-11-13,Tron-o-matic 5,Atlanta_01,66.0,SMALL_DEAL,
2024-11-13,Tron-o-matic 5,Philadelphia_01,66.0,SMALL_DEAL,
2024-11-13,Tron-o-matic 5 Pro,Online_Store,99.0,None,
2024-11-13,Tron-o-matic 5 Pro,LosAngeles_01,99.0,None,
2024-11-13,Tron-o-matic 5 Pro,NewYork_01,99.0,None,
2024-11-13,Tron-o-matic 5 Pro,NewYork_02,99.0,None,
2024-11-13,Tron-o-matic 5 Pro,Chicago_01,99.0,None,
2024-11-13,Tron-o-matic 5 Pro,Dallas_01,99.0,None,
2024-11-13,Tron-o-matic 5 Pro,Houston_01,99.0,None,
2024-11-13,Tron-o-matic 5 Pro,WashingtonDC_01,99.0,None,
2024-11-13,Tron-o-matic 5 Pro,Atlanta_01,99.0,None,
2024-11-13,Tron-o-matic 5 Pro,Philadelphia_01,99.0,None,
2024-11-14,Tron-o-matic 1,Online_Store,54.0,None,
2024-11-14,Tron-o-matic 1,LosAngeles_01,54.0,None,
2024-11-14,Tron-o-matic 1,NewYork_01,54.0,None,
2024-11-14,Tron-o-matic 1,NewYork_02,54.0,None,
2024-11-14,Tron-o-matic 1,Chicago_01,54.0,None,
2024-11-14,Tron-o-matic 1,Dallas_01,54.0,None,
2024-11-14,Tron-o-matic 1,Houston_01,54.0,None,
2024-11-14,Tron-o-matic 1,WashingtonDC_01,54.0,None,
2024-11-14,Tron-o-matic 1,Atlanta_01,54.0,None,
2024-11-14,Tron-o-matic 1,Philadelphia_01,54.0,None,
2024-11-14,Tron-o-matic 1 Pro,Online_Store,72.0,None,
2024-11-14,Tron-o-matic 1 Pro,LosAngeles_01,72.0,None,
2024-11-14,Tron-o-matic 1 Pro,NewYork_01,72.0,None,
2024-11-14,Tron-o-matic 1 Pro,NewYork_02,72.0,None,
2024-11-14,Tron-o-matic 1 Pro,Chicago_01,72.0,None,
2024-11-14,Tron-o-matic 1 Pro,Dallas_01,72.0,None,
2024-11-14,Tron-o-matic 1 Pro,Houston_01,72.0,None,
2024-11-14,Tron-o-matic 1 Pro,WashingtonDC_01,72.0,None,
2024-11-14,Tron-o-matic 1 Pro,Atlanta_01,72.0,None,
2024-11-14,Tron-o-matic 1 Pro,Philadelphia_01,72.0,None,
2024-11-14,Tron-o-matic 2,Online_Store,43.96,SMALL_DEAL,
2024-11-14,Tron-o-matic 2,LosAngeles_01,43.96,SMALL_DEAL,
2024-11-14,Tron-o-matic 2,NewYork_01,43.96,SMALL_DEAL,
2024-11-14,Tron-o-matic 2,NewYork_02,43.96,SMALL_DEAL,
2024-11-14,Tron-o-matic 2,Chicago_01,43.96,SMALL_DEAL,
2024-11-14,Tron-o-matic 2,Dallas_01,43.96,SMALL_DEAL,
2024-11-14,Tron-o-matic 2,Houston_01,43.96,SMALL_DEAL,
2024-11-14,Tron-o-matic 2,WashingtonDC_01,43.96,SMALL_DEAL,
2024-11-14,Tron-o-matic 2,Atlanta_01,43.96,SMALL_DEAL,
2024-11-14,Tron-o-matic 2,Philadelphia_01,43.96,SMALL_DEAL,
2024-11-14,Tron-o-matic 2 Pro,Online_Store,76.5,None,
2024-11-14,Tron-o-matic 2 Pro,LosAngeles_01,76.5,None,
2024-11-14,Tron-o-matic 2 Pro,NewYork_01,76.5,None,
2024-11-14,Tron-o-matic 2 Pro,NewYork_02,76.5,None,
2024-11-14,Tron-o-matic 2 Pro,Chicago_01,76.5,None,
2024-11-14,Tron-o-matic 2 Pro,Dallas_01,76.5,None,
2024-11-14,Tron-o-matic 2 Pro,Houston_01,76.5,None,
2024-11-14,Tron-o-matic 2 Pro,WashingtonDC_01,76.5,None,
2024-11-14,Tron-o-matic 2 Pro,Atlanta_01,76.5,None,
2024-11-14,Tron-o-matic 2 Pro,Philadelphia_01,76.5,None,
2024-11-14,Tron-o-matic 3,Online_Store,49.46,SMALL_DEAL,
2024-11-14,Tron-o-matic 3,LosAngeles_01,49.46,SMALL_DEAL,
2024-11-14,Tron-o-matic 3,NewYork_01,49.46,SMALL_DEAL,
2024-11-14,Tron-o-matic 3,NewYork_02,49.46,SMALL_DEAL,
2024-11-14,Tron-o-matic 3,Chicago_01,49.46,SMALL_DEAL,
2024-11-14,Tron-o-matic 3,Dallas_01,49.46,SMALL_DEAL,
2024-11-14,Tron-o-matic 3,Houston_01,49.46,SMALL_DEAL,
2024-11-14,Tron-o-matic 3,WashingtonDC_01,49.46,SMALL_DEAL,
2024-11-14,Tron-o-matic 3,Atlanta_01,49.46,SMALL_DEAL,
2024-11-14,Tron-o-matic 3,Philadelphia_01,49.46,SMALL_DEAL,
2024-11-14,Tron-o-matic 3 Pro,Online_Store,81.0,None,
2024-11-14,Tron-o-matic 3 Pro,LosAngeles_01,81.0,None,
2024-11-14,Tron-o-matic 3 Pro,NewYork_01,81.0,None,
2024-11-14,Tron-o-matic 3 Pro,NewYork_02,81.0,None,
2024-11-14,Tron-o-matic 3 Pro,Chicago_01,81.0,None,
2024-11-14,Tron-o-matic 3 Pro,Dallas_01,81.0,None,
2024-11-14,Tron-o-matic 3 Pro,Houston_01,81.0,None,
2024-11-14,Tron-o-matic 3 Pro,WashingtonDC_01,81.0,None,
2024-11-14,Tron-o-matic 3 Pro,Atlanta_01,81.0,None,
2024-11-14,Tron-o-matic 3 Pro,Philadelphia_01,81.0,None,
2024-11-14,Tron-o-matic 4,Online_Store,67.5,None,
2024-11-14,Tron-o-matic 4,LosAngeles_01,67.5,None,
2024-11-14,Tron-o-matic 4,NewYork_01,67.5,None,
2024-11-14,Tron-o-matic 4,NewYork_02,67.5,None,
2024-11-14,Tron-o-matic 4,Chicago_01,67.5,None,
2024-11-14,Tron-o-matic 4,Dallas_01,67.5,None,
2024-11-14,Tron-o-matic 4,Houston_01,67.5,None,
2024-11-14,Tron-o-matic 4,WashingtonDC_01,67.5,None,
2024-11-14,Tron-o-matic 4,Atlanta_01,67.5,None,
2024-11-14,Tron-o-matic 4,Philadelphia_01,67.5,None,
2024-11-14,Tron-o-matic 4 Pro,Online_Store,90.0,None,
2024-11-14,Tron-o-matic 4 Pro,LosAngeles_01,90.0,None,
2024-11-14,Tron-o-matic 4 Pro,NewYork_01,90.0,None,
2024-11-14,Tron-o-matic 4 Pro,NewYork_02,90.0,None,
2024-11-14,Tron-o-matic 4 Pro,Chicago_01,90.0,None,
2024-11-14,Tron-o-matic 4 Pro,Dallas_01,90.0,None,
2024-11-14,Tron-o-matic 4 Pro,Houston_01,90.0,None,
2024-11-14,Tron-o-matic 4 Pro,WashingtonDC_01,90.0,None,
2024-11-14,Tron-o-matic 4 Pro,Atlanta_01,90.0,None,
2024-11-14,Tron-o-matic 4 Pro,Philadelphia_01,90.0,None,
2024-11-14,Tron-o-matic 5,Online_Store,55.89,BIG_DEAL,
2024-11-14,Tron-o-matic 5,LosAngeles_01,55.89,BIG_DEAL,
2024-11-14,Tron-o-matic 5,NewYork_01,55.89,BIG_DEAL,
2024-11-14,Tron-o-matic 5,NewYork_02,55.89,BIG_DEAL,
2024-11-14,Tron-o-matic 5,Chicago_01,55.89,BIG_DEAL,
2024-11-14,Tron-o-matic 5,Dallas_01,55.89,BIG_DEAL,
2024-11-14,Tron-o-matic 5,Houston_01,55.89,BIG_DEAL,
2024-11-14,Tron-o-matic 5,WashingtonDC_01,55.89,BIG_DEAL,
2024-11-14,Tron-o-matic 5,Atlanta_01,55.89,BIG_DEAL,
2024-11-14,Tron-o-matic 5,Philadelphia_01,55.89,BIG_DEAL,
2024-11-14,Tron-o-matic 5 Pro,Online_Store,99.0,None,
2024-11-14,Tron-o-matic 5 Pro,LosAngeles_01,99.0,None,
2024-11-14,Tron-o-matic 5 Pro,NewYork_01,99.0,None,
2024-11-14,Tron-o-matic 5 Pro,NewYork_02,99.0,None,
2024-11-14,Tron-o-matic 5 Pro,Chicago_01,99.0,None,
2024-11-14,Tron-o-matic 5 Pro,Dallas_01,99.0,None,
2024-11-14,Tron-o-matic 5 Pro,Houston_01,99.0,None,
2024-11-14,Tron-o-matic 5 Pro,WashingtonDC_01,99.0,None,
2024-11-14,Tron-o-matic 5 Pro,Atlanta_01,99.0,None,
2024-11-14,Tron-o-matic 5 Pro,Philadelphia_01,99.0,None,
2024-11-15,Tron-o-matic 1,Online_Store,41.99,BIG_DEAL,
2024-11-15,Tron-o-matic 1,LosAngeles_01,41.99,BIG_DEAL,
2024-11-15,Tron-o-matic 1,NewYork_01,41.99,BIG_DEAL,
2024-11-15,Tron-o-matic 1,NewYork_02,41.99,BIG_DEAL,
2024-11-15,Tron-o-matic 1,Chicago_01,41.99,BIG_DEAL,
2024-11-15,Tron-o-matic 1,Dallas_01,41.99,BIG_DEAL,
2024-11-15,Tron-o-matic 1,Houston_01,41.99,BIG_DEAL,
2024-11-15,Tron-o-matic 1,WashingtonDC_01,41.99,BIG_DEAL,
2024-11-15,Tron-o-matic 1,Atlanta_01,41.99,BIG_DEAL,
2024-11-15,Tron-o-matic 1,Philadelphia_01,41.99,BIG_DEAL,
2024-11-15,Tron-o-matic 1 Pro,Online_Store,72.0,None,
2024-11-15,Tron-o-matic 1 Pro,LosAngeles_01,72.0,None,
2024-11-15,Tron-o-matic 1 Pro,NewYork_01,72.0,None,
2024-11-15,Tron-o-matic 1 Pro,NewYork_02,72.0,None,
2024-11-15,Tron-o-matic 1 Pro,Chicago_01,72.0,None,
2024-11-15,Tron-o-matic 1 Pro,Dallas_01,72.0,None,
2024-11-15,Tron-o-matic 1 Pro,Houston_01,72.0,None,
2024-11-15,Tron-o-matic 1 Pro,WashingtonDC_01,72.0,None,
2024-11-15,Tron-o-matic 1 Pro,Atlanta_01,72.0,None,
2024-11-15,Tron-o-matic 1 Pro,Philadelphia_01,72.0,None,
2024-11-15,Tron-o-matic 2,Online_Store,42.58,SMALL_DEAL,
2024-11-15,Tron-o-matic 2,LosAngeles_01,42.58,SMALL_DEAL,
2024-11-15,Tron-o-matic 2,NewYork_01,42.58,SMALL_DEAL,
2024-11-15,Tron-o-matic 2,NewYork_02,42.58,SMALL_DEAL,
2024-11-15,Tron-o-matic 2,Chicago_01,42.58,SMALL_DEAL,
2024-11-15,Tron-o-matic 2,Dallas_01,42.58,SMALL_DEAL,
2024-11-15,Tron-o-matic 2,Houston_01,42.58,SMALL_DEAL,
2024-11-15,Tron-o-matic 2,WashingtonDC_01,42.58,SMALL_DEAL,
2024-11-15,Tron-o-matic 2,Atlanta_01,42.58,SMALL_DEAL,
2024-11-15,Tron-o-matic 2,Philadelphia_01,42.58,SMALL_DEAL,
2024-11-15,Tron-o-matic 2 Pro,Online_Store,76.5,None,
2024-11-15,Tron-o-matic 2 Pro,LosAngeles_01,76.5,None,
2024-11-15,Tron-o-matic 2 Pro,NewYork_01,76.5,None,
2024-11-15,Tron-o-matic 2 Pro,NewYork_02,76.5,None,
2024-11-15,Tron-o-matic 2 Pro,Chicago_01,76.5,None,
2024-11-15,Tron-o-matic 2 Pro,Dallas_01,76.5,None,
2024-11-15,Tron-o-matic 2 Pro,Houston_01,76.5,None,
2024-11-15,Tron-o-matic 2 Pro,WashingtonDC_01,76.5,None,
2024-11-15,Tron-o-matic 2 Pro,Atlanta_01,76.5,None,
2024-11-15,Tron-o-matic 2 Pro,Philadelphia_01,76.5,None,
2024-11-15,Tron-o-matic 3,Online_Store,46.18,SMALL_DEAL,
2024-11-15,Tron-o-matic 3,LosAngeles_01,46.18,SMALL_DEAL,
2024-11-15,Tron-o-matic 3,NewYork_01,46.18,SMALL_DEAL,
2024-11-15,Tron-o-matic 3,NewYork_02,46.18,SMALL_DEAL,
2024-11-15,Tron-o-matic 3,Chicago_01,46.18,SMALL_DEAL,
2024-11-15,Tron-o-matic 3,Dallas_01,46.18,SMALL_DEAL,
2024-11-15,Tron-o-matic 3,Houston_01,46.18,SMALL_DEAL,
2024-11-15,Tron-o-matic 3,WashingtonDC_01,46.18,SMALL_DEAL,
2024-11-15,Tron-o-matic 3,Atlanta_01,46.18,SMALL_DEAL,
2024-11-15,Tron-o-matic 3,Philadelphia_01,46.18,SMALL_DEAL,
2024-11-15,Tron-o-matic 3 Pro,Online_Store,81.0,None,
2024-11-15,Tron-o-matic 3 Pro,LosAngeles_01,81.0,None,
2024-11-15,Tron-o-matic 3 Pro,NewYork_01,81.0,None,
2024-11-15,Tron-o-matic 3 Pro,NewYork_02,81.0,None,
2024-11-15,Tron-o-matic 3 Pro,Chicago_01,81.0,None,
2024-11-15,Tron-o-matic 3 Pro,Dallas_01,81.0,None,
2024-11-15,Tron-o-matic 3 Pro,Houston_01,81.0,None,
2024-11-15,Tron-o-matic 3 Pro,WashingtonDC_01,81.0,None,
2024-11-15,Tron-o-matic 3 Pro,Atlanta_01,81.0,None,
2024-11-15,Tron-o-matic 3 Pro,Philadelphia_01,81.0,None,
2024-11-15,Tron-o-matic 4,Online_Store,67.5,None,
2024-11-15,Tron-o-matic 4,LosAngeles_01,67.5,None,
2024-11-15,Tron-o-matic 4,NewYork_01,67.5,None,
2024-11-15,Tron-o-matic 4,NewYork_02,67.5,None,
2024-11-15,Tron-o-matic 4,Chicago_01,67.5,None,
2024-11-15,Tron-o-matic 4,Dallas_01,67.5,None,
2024-11-15,Tron-o-matic 4,Houston_01,67.5,None,
2024-11-15,Tron-o-matic 4,WashingtonDC_01,67.5,None,
2024-11-15,Tron-o-matic 4,Atlanta_01,67.5,None,
2024-11-15,Tron-o-matic 4,Philadelphia_01,67.5,None,
2024-11-15,Tron-o-matic 4 Pro,Online_Store,90.0,None,
2024-11-15,Tron-o-matic 4 Pro,LosAngeles_01,90.0,None,
2024-11-15,Tron-o-matic 4 Pro,NewYork_01,90.0,None,
2024-11-15,Tron-o-matic 4 Pro,NewYork_02,90.0,None,
2024-11-15,Tron-o-matic 4 Pro,Chicago_01,90.0,None,
2024-11-15,Tron-o-matic 4 Pro,Dallas_01,90.0,None,
2024-11-15,Tron-o-matic 4 Pro,Houston_01,90.0,None,
2024-11-15,Tron-o-matic 4 Pro,WashingtonDC_01,90.0,None,
2024-11-15,Tron-o-matic 4 Pro,Atlanta_01,90.0,None,
2024-11-15,Tron-o-matic 4 Pro,Philadelphia_01,90.0,None,
2024-11-15,Tron-o-matic 5,Online_Store,72.0,None,
2024-11-15,Tron-o-matic 5,LosAngeles_01,72.0,None,
2024-11-15,Tron-o-matic 5,NewYork_01,72.0,None,
2024-11-15,Tron-o-matic 5,NewYork_02,72.0,None,
2024-11-15,Tron-o-matic 5,Chicago_01,72.0,None,
2024-11-15,Tron-o-matic 5,Dallas_01,72.0,None,
2024-11-15,Tron-o-matic 5,Houston_01,72.0,None,
2024-11-15,Tron-o-matic 5,WashingtonDC_01,72.0,None,
2024-11-15,Tron-o-matic 5,Atlanta_01,72.0,None,
2024-11-15,Tron-o-matic 5,Philadelphia_01,72.0,None,
2024-11-15,Tron-o-matic 5 Pro,Online_Store,99.0,None,
2024-11-15,Tron-o-matic 5 Pro,LosAngeles_01,99.0,None,
2024-11-15,Tron-o-matic 5 Pro,NewYork_01,99.0,None,
2024-11-15,Tron-o-matic 5 Pro,NewYork_02,99.0,None,
2024-11-15,Tron-o-matic 5 Pro,Chicago_01,99.0,None,
2024-11-15,Tron-o-matic 5 Pro,Dallas_01,99.0,None,
2024-11-15,Tron-o-matic 5 Pro,Houston_01,99.0,None,
2024-11-15,Tron-o-matic 5 Pro,WashingtonDC_01,99.0,None,
2024-11-15,Tron-o-matic 5 Pro,Atlanta_01,99.0,None,
2024-11-15,Tron-o-matic 5 Pro,Philadelphia_01,99.0,None,
2024-11-16,Tron-o-matic 1,Online_Store,54.0,None,
2024-11-16,Tron-o-matic 1,LosAngeles_01,54.0,None,
2024-11-16,Tron-o-matic 1,NewYork_01,54.0,None,
2024-11-16,Tron-o-matic 1,NewYork_02,54.0,None,
2024-11-16,Tron-o-matic 1,Chicago_01,54.0,None,
2024-11-16,Tron-o-matic 1,Dallas_01,54.0,None,
2024-11-16,Tron-o-matic 1,Houston_01,54.0,None,
2024-11-16,Tron-o-matic 1,WashingtonDC_01,54.0,None,
2024-11-16,Tron-o-matic 1,Atlanta_01,54.0,None,
2024-11-16,Tron-o-matic 1,Philadelphia_01,54.0,None,
2024-11-16,Tron-o-matic 1 Pro,Online_Store,65.68,SMALL_DEAL,
2024-11-16,Tron-o-matic 1 Pro,LosAngeles_01,65.68,SMALL_DEAL,
2024-11-16,Tron-o-matic 1 Pro,NewYork_01,65.68,SMALL_DEAL,
2024-11-16,Tron-o-matic 1 Pro,NewYork_02,65.68,SMALL_DEAL,
2024-11-16,Tron-o-matic 1 Pro,Chicago_01,65.68,SMALL_DEAL,
2024-11-16,Tron-o-matic 1 Pro,Dallas_01,65.68,SMALL_DEAL,
2024-11-16,Tron-o-matic 1 Pro,Houston_01,65.68,SMALL_DEAL,
2024-11-16,Tron-o-matic 1 Pro,WashingtonDC_01,65.68,SMALL_DEAL,
2024-11-16,Tron-o-matic 1 Pro,Atlanta_01,65.68,SMALL_DEAL,
2024-11-16,Tron-o-matic 1 Pro,Philadelphia_01,65.68,SMALL_DEAL,
2024-11-16,Tron-o-matic 2,Online_Store,49.5,None,
2024-11-16,Tron-o-matic 2,LosAngeles_01,49.5,None,
2024-11-16,Tron-o-matic 2,NewYork_01,49.5,None,
2024-11-16,Tron-o-matic 2,NewYork_02,49.5,None,
2024-11-16,Tron-o-matic 2,Chicago_01,49.5,None,
2024-11-16,Tron-o-matic 2,Dallas_01,49.5,None,
2024-11-16,Tron-o-matic 2,Houston_01,49.5,None,
2024-11-16,Tron-o-matic 2,WashingtonDC_01,49.5,None,
2024-11-16,Tron-o-matic 2,Atlanta_01,49.5,None,
2024-11-16,Tron-o-matic 2,Philadelphia_01,49.5,None,
2024-11-16,Tron-o-matic 2 Pro,Online_Store,76.5,None,
2024-11-16,Tron-o-matic 2 Pro,LosAngeles_01,76.5,None,
2024-11-16,Tron-o-matic 2 Pro,NewYork_01,76.5,None,
2024-11-16,Tron-o-matic 2 Pro,NewYork_02,76.5,None,
2024-11-16,Tron-o-matic 2 Pro,Chicago_01,76.5,None,
2024-11-16,Tron-o-matic 2 Pro,Dallas_01,76.5,None,
2024-11-16,Tron-o-matic 2 Pro,Houston_01,76.5,None,
2024-11-16,Tron-o-matic 2 Pro,WashingtonDC_01,76.5,None,
2024-11-16,Tron-o-matic 2 Pro,Atlanta_01,76.5,None,
2024-11-16,Tron-o-matic 2 Pro,Philadelphia_01,76.5,None,
2024-11-16,Tron-o-matic 3,Online_Store,49.04,SMALL_DEAL,
2024-11-16,Tron-o-matic 3,LosAngeles_01,49.04,SMALL_DEAL,
2024-11-16,Tron-o-matic 3,NewYork_01,49.04,SMALL_DEAL,
2024-11-16,Tron-o-matic 3,NewYork_02,49.04,SMALL_DEAL,
2024-11-16,Tron-o-matic 3,Chicago_01,49.04,SMALL_DEAL,
2024-11-16,Tron-o-matic 3,Dallas_01,49.04,SMALL_DEAL,
2024-11-16,Tron-o-matic 3,Houston_01,49.04,SMALL_DEAL,
2024-11-16,Tron-o-matic 3,WashingtonDC_01,49.04,SMALL_DEAL,
2024-11-16,Tron-o-matic 3,Atlanta_01,49.04,SMALL_DEAL,
2024-11-16,Tron-o-matic 3,Philadelphia_01,49.04,SMALL_DEAL,
2024-11-16,Tron-o-matic 3 Pro,Online_Store,81.0,None,
2024-11-16,Tron-o-matic 3 Pro,LosAngeles_01,81.0,None,
2024-11-16,Tron-o-matic 3 Pro,NewYork_01,81.0,None,
2024-11-16,Tron-o-matic 3 Pro,NewYork_02,81.0,None,
2024-11-16,Tron-o-matic 3 Pro,Chicago_01,81.0,None,
2024-11-16,Tron-o-matic 3 Pro,Dallas_01,81.0,None,
2024-11-16,Tron-o-matic 3 Pro,Houston_01,81.0,None,
2024-11-16,Tron-o-matic 3 Pro,WashingtonDC_01,81.0,None,
2024-11-16,Tron-o-matic 3 Pro,Atlanta_01,81.0,None,
2024-11-16,Tron-o-matic 3 Pro,Philadelphia_01,81.0,None,
2024-11-16,Tron-o-matic 4,Online_Store,67.5,None,
2024-11-16,Tron-o-matic 4,LosAngeles_01,67.5,None,
2024-11-16,Tron-o-matic 4,NewYork_01,67.5,None,
2024-11-16,Tron-o-matic 4,NewYork_02,67.5,None,
2024-11-16,Tron-o-matic 4,Chicago_01,67.5,None,
2024-11-16,Tron-o-matic 4,Dallas_01,67.5,None,
2024-11-16,Tron-o-matic 4,Houston_01,67.5,None,
2024-11-16,Tron-o-matic 4,WashingtonDC_01,67.5,None,
2024-11-16,Tron-o-matic 4,Atlanta_01,67.5,None,
2024-11-16,Tron-o-matic 4,Philadelphia_01,67.5,None,
2024-11-16,Tron-o-matic 4 Pro,Online_Store,68.27,BIG_DEAL,
2024-11-16,Tron-o-matic 4 Pro,LosAngeles_01,68.27,BIG_DEAL,
2024-11-16,Tron-o-matic 4 Pro,NewYork_01,68.27,BIG_DEAL,
2024-11-16,Tron-o-matic 4 Pro,NewYork_02,68.27,BIG_DEAL,
2024-11-16,Tron-o-matic 4 Pro,Chicago_01,68.27,BIG_DEAL,
2024-11-16,Tron-o-matic 4 Pro,Dallas_01,68.27,BIG_DEAL,
2024-11-16,Tron-o-matic 4 Pro,Houston_01,68.27,BIG_DEAL,
2024-11-16,Tron-o-matic 4 Pro,WashingtonDC_01,68.27,BIG_DEAL,
2024-11-16,Tron-o-matic 4 Pro,Atlanta_01,68.27,BIG_DEAL,
2024-11-16,Tron-o-matic 4 Pro,Philadelphia_01,68.27,BIG_DEAL,
2024-11-16,Tron-o-matic 5,Online_Store,61.94,SMALL_DEAL,
2024-11-16,Tron-o-matic 5,LosAngeles_01,61.94,SMALL_DEAL,
2024-11-16,Tron-o-matic 5,NewYork_01,61.94,SMALL_DEAL,
2024-11-16,Tron-o-matic 5,NewYork_02,61.94,SMALL_DEAL,
2024-11-16,Tron-o-matic 5,Chicago_01,61.94,SMALL_DEAL,
2024-11-16,Tron-o-matic 5,Dallas_01,61.94,SMALL_DEAL,
2024-11-16,Tron-o-matic 5,Houston_01,61.94,SMALL_DEAL,
2024-11-16,Tron-o-matic 5,WashingtonDC_01,61.94,SMALL_DEAL,
2024-11-16,Tron-o-matic 5,Atlanta_01,61.94,SMALL_DEAL,
2024-11-16,Tron-o-matic 5,Philadelphia_01,61.94,SMALL_DEAL,
2024-11-16,Tron-o-matic 5 Pro,Online_Store,70.93,BIG_DEAL,
2024-11-16,Tron-o-matic 5 Pro,LosAngeles_01,70.93,BIG_DEAL,
2024-11-16,Tron-o-matic 5 Pro,NewYork_01,70.93,BIG_DEAL,
2024-11-16,Tron-o-matic 5 Pro,NewYork_02,70.93,BIG_DEAL,
2024-11-16,Tron-o-matic 5 Pro,Chicago_01,70.93,BIG_DEAL,
2024-11-16,Tron-o-matic 5 Pro,Dallas_01,70.93,BIG_DEAL,
2024-11-16,Tron-o-matic 5 Pro,Houston_01,70.93,BIG_DEAL,
2024-11-16,Tron-o-matic 5 Pro,WashingtonDC_01,70.93,BIG_DEAL,
2024-11-16,Tron-o-matic 5 Pro,Atlanta_01,70.93,BIG_DEAL,
2024-11-16,Tron-o-matic 5 Pro,Philadelphia_01,70.93,BIG_DEAL,
2024-11-17,Tron-o-matic 1,Online_Store,54.0,None,
2024-11-17,Tron-o-matic 1,LosAngeles_01,54.0,None,
2024-11-17,Tron-o-matic 1,NewYork_01,54.0,None,
2024-11-17,Tron-o-matic 1,NewYork_02,54.0,None,
2024-11-17,Tron-o-matic 1,Chicago_01,54.0,None,
2024-11-17,Tron-o-matic 1,Dallas_01,54.0,None,
2024-11-17,Tron-o-matic 1,Houston_01,54.0,None,
2024-11-17,Tron-o-matic 1,WashingtonDC_01,54.0,None,
2024-11-17,Tron-o-matic 1,Atlanta_01,54.0,None,
2024-11-17,Tron-o-matic 1,Philadelphia_01,54.0,None,
2024-11-17,Tron-o-matic 1 Pro,Online_Store,72.0,None,
2024-11-17,Tron-o-matic 1 Pro,LosAngeles_01,72.0,None,
2024-11-17,Tron-o-matic 1 Pro,NewYork_01,72.0,None,
2024-11-17,Tron-o-matic 1 Pro,NewYork_02,72.0,None,
2024-11-17,Tron-o-matic 1 Pro,Chicago_01,72.0,None,
2024-11-17,Tron-o-matic 1 Pro,Dallas_01,72.0,None,
2024-11-17,Tron-o-matic 1 Pro,Houston_01,72.0,None,
2024-11-17,Tron-o-matic 1 Pro,WashingtonDC_01,72.0,None,
2024-11-17,Tron-o-matic 1 Pro,Atlanta_01,72.0,None,
2024-11-17,Tron-o-matic 1 Pro,Philadelphia_01,72.0,None,
2024-11-17,Tron-o-matic 2,Online_Store,49.5,None,
2024-11-17,Tron-o-matic 2,LosAngeles_01,49.5,None,
2024-11-17,Tron-o-matic 2,NewYork_01,49.5,None,
2024-11-17,Tron-o-matic 2,NewYork_02,49.5,None,
2024-11-17,Tron-o-matic 2,Chicago_01,49.5,None,
2024-11-17,Tron-o-matic 2,Dallas_01,49.5,None,
2024-11-17,Tron-o-matic 2,Houston_01,49.5,None,
2024-11-17,Tron-o-matic 2,WashingtonDC_01,49.5,None,
2024-11-17,Tron-o-matic 2,Atlanta_01,49.5,None,
2024-11-17,Tron-o-matic 2,Philadelphia_01,49.5,None,
2024-11-17,Tron-o-matic 2 Pro,Online_Store,68.75,SMALL_DEAL,
2024-11-17,Tron-o-matic 2 Pro,LosAngeles_01,68.75,SMALL_DEAL,
2024-11-17,Tron-o-matic 2 Pro,NewYork_01,68.75,SMALL_DEAL,
2024-11-17,Tron-o-matic 2 Pro,NewYork_02,68.75,SMALL_DEAL,
2024-11-17,Tron-o-matic 2 Pro,Chicago_01,68.75,SMALL_DEAL,
2024-11-17,Tron-o-matic 2 Pro,Dallas_01,68.75,SMALL_DEAL,
2024-11-17,Tron-o-matic 2 Pro,Houston_01,68.75,SMALL_DEAL,
2024-11-17,Tron-o-matic 2 Pro,WashingtonDC_01,68.75,SMALL_DEAL,
2024-11-17,Tron-o-matic 2 Pro,Atlanta_01,68.75,SMALL_DEAL,
2024-11-17,Tron-o-matic 2 Pro,Philadelphia_01,68.75,SMALL_DEAL,
2024-11-17,Tron-o-matic 3,Online_Store,54.0,None,
2024-11-17,Tron-o-matic 3,LosAngeles_01,54.0,None,
2024-11-17,Tron-o-matic 3,NewYork_01,54.0,None,
2024-11-17,Tron-o-matic 3,NewYork_02,54.0,None,
2024-11-17,Tron-o-matic 3,Chicago_01,54.0,None,
2024-11-17,Tron-o-matic 3,Dallas_01,54.0,None,
2024-11-17,Tron-o-matic 3,Houston_01,54.0,None,
2024-11-17,Tron-o-matic 3,WashingtonDC_01,54.0,None,
2024-11-17,Tron-o-matic 3,Atlanta_01,54.0,None,
2024-11-17,Tron-o-matic 3,Philadelphia_01,54.0,None,
2024-11-17,Tron-o-matic 3 Pro,Online_Store,81.0,None,
2024-11-17,Tron-o-matic 3 Pro,LosAngeles_01,81.0,None,
2024-11-17,Tron-o-matic 3 Pro,NewYork_01,81.0,None,
2024-11-17,Tron-o-matic 3 Pro,NewYork_02,81.0,None,
2024-11-17,Tron-o-matic 3 Pro,Chicago_01,81.0,None,
2024-11-17,Tron-o-matic 3 Pro,Dallas_01,81.0,None,
2024-11-17,Tron-o-matic 3 Pro,Houston_01,81.0,None,
2024-11-17,Tron-o-matic 3 Pro,WashingtonDC_01,81.0,None,
2024-11-17,Tron-o-matic 3 Pro,Atlanta_01,81.0,None,
2024-11-17,Tron-o-matic 3 Pro,Philadelphia_01,81.0,None,
2024-11-17,Tron-o-matic 4,Online_Store,67.5,None,
2024-11-17,Tron-o-matic 4,LosAngeles_01,67.5,None,
2024-11-17,Tron-o-matic 4,NewYork_01,67.5,None,
2024-11-17,Tron-o-matic 4,NewYork_02,67.5,None,
2024-11-17,Tron-o-matic 4,Chicago_01,67.5,None,
2024-11-17,Tron-o-matic 4,Dallas_01,67.5,None,
2024-11-17,Tron-o-matic 4,Houston_01,67.5,None,
2024-11-17,Tron-o-matic 4,WashingtonDC_01,67.5,None,
2024-11-17,Tron-o-matic 4,Atlanta_01,67.5,None,
2024-11-17,Tron-o-matic 4,Philadelphia_01,67.5,None,
2024-11-17,Tron-o-matic 4 Pro,Online_Store,79.14,SMALL_DEAL,
2024-11-17,Tron-o-matic 4 Pro,LosAngeles_01,79.14,SMALL_DEAL,
2024-11-17,Tron-o-matic 4 Pro,NewYork_01,79.14,SMALL_DEAL,
2024-11-17,Tron-o-matic 4 Pro,NewYork_02,79.14,SMALL_DEAL,
2024-11-17,Tron-o-matic 4 Pro,Chicago_01,79.14,SMALL_DEAL,
2024-11-17,Tron-o-matic 4 Pro,Dallas_01,79.14,SMALL_DEAL,
2024-11-17,Tron-o-matic 4 Pro,Houston_01,79.14,SMALL_DEAL,
2024-11-17,Tron-o-matic 4 Pro,WashingtonDC_01,79.14,SMALL_DEAL,
2024-11-17,Tron-o-matic 4 Pro,Atlanta_01,79.14,SMALL_DEAL,
2024-11-17,Tron-o-matic 4 Pro,Philadelphia_01,79.14,SMALL_DEAL,
2024-11-17,Tron-o-matic 5,Online_Store,72.0,None,
2024-11-17,Tron-o-matic 5,LosAngeles_01,72.0,None,
2024-11-17,Tron-o-matic 5,NewYork_01,72.0,None,
2024-11-17,Tron-o-matic 5,NewYork_02,72.0,None,
2024-11-17,Tron-o-matic 5,Chicago_01,72.0,None,
2024-11-17,Tron-o-matic 5,Dallas_01,72.0,None,
2024-11-17,Tron-o-matic 5,Houston_01,72.0,None,
2024-11-17,Tron-o-matic 5,WashingtonDC_01,72.0,None,
2024-11-17,Tron-o-matic 5,Atlanta_01,72.0,None,
2024-11-17,Tron-o-matic 5,Philadelphia_01,72.0,None,
2024-11-17,Tron-o-matic 5 Pro,Online_Store,99.0,None,
2024-11-17,Tron-o-matic 5 Pro,LosAngeles_01,99.0,None,
2024-11-17,Tron-o-matic 5 Pro,NewYork_01,99.0,None,
2024-11-17,Tron-o-matic 5 Pro,NewYork_02,99.0,None,
2024-11-17,Tron-o-matic 5 Pro,Chicago_01,99.0,None,
2024-11-17,Tron-o-matic 5 Pro,Dallas_01,99.0,None,
2024-11-17,Tron-o-matic 5 Pro,Houston_01,99.0,None,
2024-11-17,Tron-o-matic 5 Pro,WashingtonDC_01,99.0,None,
2024-11-17,Tron-o-matic 5 Pro,Atlanta_01,99.0,None,
2024-11-17,Tron-o-matic 5 Pro,Philadelphia_01,99.0,None,
2024-11-18,Tron-o-matic 1,Online_Store,54.0,None,
2024-11-18,Tron-o-matic 1,LosAngeles_01,54.0,None,
2024-11-18,Tron-o-matic 1,NewYork_01,54.0,None,
2024-11-18,Tron-o-matic 1,NewYork_02,54.0,None,
2024-11-18,Tron-o-matic 1,Chicago_01,54.0,None,
2024-11-18,Tron-o-matic 1,Dallas_01,54.0,None,
2024-11-18,Tron-o-matic 1,Houston_01,54.0,None,
2024-11-18,Tron-o-matic 1,WashingtonDC_01,54.0,None,
2024-11-18,Tron-o-matic 1,Atlanta_01,54.0,None,
2024-11-18,Tron-o-matic 1,Philadelphia_01,54.0,None,
2024-11-18,Tron-o-matic 1 Pro,Online_Store,72.0,None,
2024-11-18,Tron-o-matic 1 Pro,LosAngeles_01,72.0,None,
2024-11-18,Tron-o-matic 1 Pro,NewYork_01,72.0,None,
2024-11-18,Tron-o-matic 1 Pro,NewYork_02,72.0,None,
2024-11-18,Tron-o-matic 1 Pro,Chicago_01,72.0,None,
2024-11-18,Tron-o-matic 1 Pro,Dallas_01,72.0,None,
2024-11-18,Tron-o-matic 1 Pro,Houston_01,72.0,None,
2024-11-18,Tron-o-matic 1 Pro,WashingtonDC_01,72.0,None,
2024-11-18,Tron-o-matic 1 Pro,Atlanta_01,72.0,None,
2024-11-18,Tron-o-matic 1 Pro,Philadelphia_01,72.0,None,
2024-11-18,Tron-o-matic 2,Online_Store,37.92,BIG_DEAL,
2024-11-18,Tron-o-matic 2,LosAngeles_01,37.92,BIG_DEAL,
2024-11-18,Tron-o-matic 2,NewYork_01,37.92,BIG_DEAL,
2024-11-18,Tron-o-matic 2,NewYork_02,37.92,BIG_DEAL,
2024-11-18,Tron-o-matic 2,Chicago_01,37.92,BIG_DEAL,
2024-11-18,Tron-o-matic 2,Dallas_01,37.92,BIG_DEAL,
2024-11-18,Tron-o-matic 2,Houston_01,37.92,BIG_DEAL,
2024-11-18,Tron-o-matic 2,WashingtonDC_01,37.92,BIG_DEAL,
2024-11-18,Tron-o-matic 2,Atlanta_01,37.92,BIG_DEAL,
2024-11-18,Tron-o-matic 2,Philadelphia_01,37.92,BIG_DEAL,
2024-11-18,Tron-o-matic 2 Pro,Online_Store,69.6,SMALL_DEAL,
2024-11-18,Tron-o-matic 2 Pro,LosAngeles_01,69.6,SMALL_DEAL,
2024-11-18,Tron-o-matic 2 Pro,NewYork_01,69.6,SMALL_DEAL,
2024-11-18,Tron-o-matic 2 Pro,NewYork_02,69.6,SMALL_DEAL,
2024-11-18,Tron-o-matic 2 Pro,Chicago_01,69.6,SMALL_DEAL,
2024-11-18,Tron-o-matic 2 Pro,Dallas_01,69.6,SMALL_DEAL,
2024-11-18,Tron-o-matic 2 Pro,Houston_01,69.6,SMALL_DEAL,
2024-11-18,Tron-o-matic 2 Pro,WashingtonDC_01,69.6,SMALL_DEAL,
2024-11-18,Tron-o-matic 2 Pro,Atlanta_01,69.6,SMALL_DEAL,
2024-11-18,Tron-o-matic 2 Pro,Philadelphia_01,69.6,SMALL_DEAL,
2024-11-18,Tron-o-matic 3,Online_Store,54.0,None,
2024-11-18,Tron-o-matic 3,LosAngeles_01,54.0,None,
2024-11-18,Tron-o-matic 3,NewYork_01,54.0,None,
2024-11-18,Tron-o-matic 3,NewYork_02,54.0,None,
2024-11-18,Tron-o-matic 3,Chicago_01,54.0,None,
2024-11-18,Tron-o-matic 3,Dallas_01,54.0,None,
2024-11-18,Tron-o-matic 3,Houston_01,54.0,None,
2024-11-18,Tron-o-matic 3,WashingtonDC_01,54.0,None,
2024-11-18,Tron-o-matic 3,Atlanta_01,54.0,None,
2024-11-18,Tron-o-matic 3,Philadelphia_01,54.0,None,
2024-11-18,Tron-o-matic 3 Pro,Online_Store,71.71,SMALL_DEAL,
2024-11-18,Tron-o-matic 3 Pro,LosAngeles_01,71.71,SMALL_DEAL,
2024-11-18,Tron-o-matic 3 Pro,NewYork_01,71.71,SMALL_DEAL,
2024-11-18,Tron-o-matic 3 Pro,NewYork_02,71.71,SMALL_DEAL,
2024-11-18,Tron-o-matic 3 Pro,Chicago_01,71.71,SMALL_DEAL,
2024-11-18,Tron-o-matic 3 Pro,Dallas_01,71.71,SMALL_DEAL,
2024-11-18,Tron-o-matic 3 Pro,Houston_01,71.71,SMALL_DEAL,
2024-11-18,Tron-o-matic 3 Pro,WashingtonDC_01,71.71,SMALL_DEAL,
2024-11-18,Tron-o-matic 3 Pro,Atlanta_01,71.71,SMALL_DEAL,
2024-11-18,Tron-o-matic 3 Pro,Philadelphia_01,71.71,SMALL_DEAL,
2024-11-18,Tron-o-matic 4,Online_Store,67.5,None,
2024-11-18,Tron-o-matic 4,LosAngeles_01,67.5,None,
2024-11-18,Tron-o-matic 4,NewYork_01,67.5,None,
2024-11-18,Tron-o-matic 4,NewYork_02,67.5,None,
2024-11-18,Tron-o-matic 4,Chicago_01,67.5,None,
2024-11-18,Tron-o-matic 4,Dallas_01,67.5,None,
2024-11-18,Tron-o-matic 4,Houston_01,67.5,None,
2024-11-18,Tron-o-matic 4,WashingtonDC_01,67.5,None,
2024-11-18,Tron-o-matic 4,Atlanta_01,67.5,None,
2024-11-18,Tron-o-matic 4,Philadelphia_01,67.5,None,
2024-11-18,Tron-o-matic 4 Pro,Online_Store,67.91,BIG_DEAL,
2024-11-18,Tron-o-matic 4 Pro,LosAngeles_01,67.91,BIG_DEAL,
2024-11-18,Tron-o-matic 4 Pro,NewYork_01,67.91,BIG_DEAL,
2024-11-18,Tron-o-matic 4 Pro,NewYork_02,67.91,BIG_DEAL,
2024-11-18,Tron-o-matic 4 Pro,Chicago_01,67.91,BIG_DEAL,
2024-11-18,Tron-o-matic 4 Pro,Dallas_01,67.91,BIG_DEAL,
2024-11-18,Tron-o-matic 4 Pro,Houston_01,67.91,BIG_DEAL,
2024-11-18,Tron-o-matic 4 Pro,WashingtonDC_01,67.91,BIG_DEAL,
2024-11-18,Tron-o-matic 4 Pro,Atlanta_01,67.91,BIG_DEAL,
2024-11-18,Tron-o-matic 4 Pro,Philadelphia_01,67.91,BIG_DEAL,
2024-11-18,Tron-o-matic 5,Online_Store,51.9,BIG_DEAL,
2024-11-18,Tron-o-matic 5,LosAngeles_01,51.9,BIG_DEAL,
2024-11-18,Tron-o-matic 5,NewYork_01,51.9,BIG_DEAL,
2024-11-18,Tron-o-matic 5,NewYork_02,51.9,BIG_DEAL,
2024-11-18,Tron-o-matic 5,Chicago_01,51.9,BIG_DEAL,
2024-11-18,Tron-o-matic 5,Dallas_01,51.9,BIG_DEAL,
2024-11-18,Tron-o-matic 5,Houston_01,51.9,BIG_DEAL,
2024-11-18,Tron-o-matic 5,WashingtonDC_01,51.9,BIG_DEAL,
2024-11-18,Tron-o-matic 5,Atlanta_01,51.9,BIG_DEAL,
2024-11-18,Tron-o-matic 5,Philadelphia_01,51.9,BIG_DEAL,
2024-11-18,Tron-o-matic 5 Pro,Online_Store,99.0,None,
2024-11-18,Tron-o-matic 5 Pro,LosAngeles_01,99.0,None,
2024-11-18,Tron-o-matic 5 Pro,NewYork_01,99.0,None,
2024-11-18,Tron-o-matic 5 Pro,NewYork_02,99.0,None,
2024-11-18,Tron-o-matic 5 Pro,Chicago_01,99.0,None,
2024-11-18,Tron-o-matic 5 Pro,Dallas_01,99.0,None,
2024-11-18,Tron-o-matic 5 Pro,Houston_01,99.0,None,
2024-11-18,Tron-o-matic 5 Pro,WashingtonDC_01,99.0,None,
2024-11-18,Tron-o-matic 5 Pro,Atlanta_01,99.0,None,
2024-11-18,Tron-o-matic 5 Pro,Philadelphia_01,99.0,None,
2024-11-19,Tron-o-matic 1,Online_Store,54.0,None,
2024-11-19,Tron-o-matic 1,LosAngeles_01,54.0,None,
2024-11-19,Tron-o-matic 1,NewYork_01,54.0,None,
2024-11-19,Tron-o-matic 1,NewYork_02,54.0,None,
2024-11-19,Tron-o-matic 1,Chicago_01,54.0,None,
2024-11-19,Tron-o-matic 1,Dallas_01,54.0,None,
2024-11-19,Tron-o-matic 1,Houston_01,54.0,None,
2024-11-19,Tron-o-matic 1,WashingtonDC_01,54.0,None,
2024-11-19,Tron-o-matic 1,Atlanta_01,54.0,None,
2024-11-19,Tron-o-matic 1,Philadelphia_01,54.0,None,
2024-11-19,Tron-o-matic 1 Pro,Online_Store,63.89,SMALL_DEAL,
2024-11-19,Tron-o-matic 1 Pro,LosAngeles_01,63.89,SMALL_DEAL,
2024-11-19,Tron-o-matic 1 Pro,NewYork_01,63.89,SMALL_DEAL,
2024-11-19,Tron-o-matic 1 Pro,NewYork_02,63.89,SMALL_DEAL,
2024-11-19,Tron-o-matic 1 Pro,Chicago_01,63.89,SMALL_DEAL,
2024-11-19,Tron-o-matic 1 Pro,Dallas_01,63.89,SMALL_DEAL,
2024-11-19,Tron-o-matic 1 Pro,Houston_01,63.89,SMALL_DEAL,
2024-11-19,Tron-o-matic 1 Pro,WashingtonDC_01,63.89,SMALL_DEAL,
2024-11-19,Tron-o-matic 1 Pro,Atlanta_01,63.89,SMALL_DEAL,
2024-11-19,Tron-o-matic 1 Pro,Philadelphia_01,63.89,SMALL_DEAL,
2024-11-19,Tron-o-matic 2,Online_Store,42.99,SMALL_DEAL,
2024-11-19,Tron-o-matic 2,LosAngeles_01,42.99,SMALL_DEAL,
2024-11-19,Tron-o-matic 2,NewYork_01,42.99,SMALL_DEAL,
2024-11-19,Tron-o-matic 2,NewYork_02,42.99,SMALL_DEAL,
2024-11-19,Tron-o-matic 2,Chicago_01,42.99,SMALL_DEAL,
2024-11-19,Tron-o-matic 2,Dallas_01,42.99,SMALL_DEAL,
2024-11-19,Tron-o-matic 2,Houston_01,42.99,SMALL_DEAL,
2024-11-19,Tron-o-matic 2,WashingtonDC_01,42.99,SMALL_DEAL,
2024-11-19,Tron-o-matic 2,Atlanta_01,42.99,SMALL_DEAL,
2024-11-19,Tron-o-matic 2,Philadelphia_01,42.99,SMALL_DEAL,
2024-11-19,Tron-o-matic 2 Pro,Online_Store,68.28,SMALL_DEAL,
2024-11-19,Tron-o-matic 2 Pro,LosAngeles_01,68.28,SMALL_DEAL,
2024-11-19,Tron-o-matic 2 Pro,NewYork_01,68.28,SMALL_DEAL,
2024-11-19,Tron-o-matic 2 Pro,NewYork_02,68.28,SMALL_DEAL,
2024-11-19,Tron-o-matic 2 Pro,Chicago_01,68.28,SMALL_DEAL,
2024-11-19,Tron-o-matic 2 Pro,Dallas_01,68.28,SMALL_DEAL,
2024-11-19,Tron-o-matic 2 Pro,Houston_01,68.28,SMALL_DEAL,
2024-11-19,Tron-o-matic 2 Pro,WashingtonDC_01,68.28,SMALL_DEAL,
2024-11-19,Tron-o-matic 2 Pro,Atlanta_01,68.28,SMALL_DEAL,
2024-11-19,Tron-o-matic 2 Pro,Philadelphia_01,68.28,SMALL_DEAL,
2024-11-19,Tron-o-matic 3,Online_Store,54.0,None,
2024-11-19,Tron-o-matic 3,LosAngeles_01,54.0,None,
2024-11-19,Tron-o-matic 3,NewYork_01,54.0,None,
2024-11-19,Tron-o-matic 3,NewYork_02,54.0,None,
2024-11-19,Tron-o-matic 3,Chicago_01,54.0,None,
2024-11-19,Tron-o-matic 3,Dallas_01,54.0,None,
2024-11-19,Tron-o-matic 3,Houston_01,54.0,None,
2024-11-19,Tron-o-matic 3,WashingtonDC_01,54.0,None,
2024-11-19,Tron-o-matic 3,Atlanta_01,54.0,None,
2024-11-19,Tron-o-matic 3,Philadelphia_01,54.0,None,
2024-11-19,Tron-o-matic 3 Pro,Online_Store,81.0,None,
2024-11-19,Tron-o-matic 3 Pro,LosAngeles_01,81.0,None,
2024-11-19,Tron-o-matic 3 Pro,NewYork_01,81.0,None,
2024-11-19,Tron-o-matic 3 Pro,NewYork_02,81.0,None,
2024-11-19,Tron-o-matic 3 Pro,Chicago_01,81.0,None,
2024-11-19,Tron-o-matic 3 Pro,Dallas_01,81.0,None,
2024-11-19,Tron-o-matic 3 Pro,Houston_01,81.0,None,
2024-11-19,Tron-o-matic 3 Pro,WashingtonDC_01,81.0,None,
2024-11-19,Tron-o-matic 3 Pro,Atlanta_01,81.0,None,
2024-11-19,Tron-o-matic 3 Pro,Philadelphia_01,81.0,None,
2024-11-19,Tron-o-matic 4,Online_Store,67.5,None,
2024-11-19,Tron-o-matic 4,LosAngeles_01,67.5,None,
2024-11-19,Tron-o-matic 4,NewYork_01,67.5,None,
2024-11-19,Tron-o-matic 4,NewYork_02,67.5,None,
2024-11-19,Tron-o-matic 4,Chicago_01,67.5,None,
2024-11-19,Tron-o-matic 4,Dallas_01,67.5,None,
2024-11-19,Tron-o-matic 4,Houston_01,67.5,None,
2024-11-19,Tron-o-matic 4,WashingtonDC_01,67.5,None,
2024-11-19,Tron-o-matic 4,Atlanta_01,67.5,None,
2024-11-19,Tron-o-matic 4,Philadelphia_01,67.5,None,
2024-11-19,Tron-o-matic 4 Pro,Online_Store,90.0,None,
2024-11-19,Tron-o-matic 4 Pro,LosAngeles_01,90.0,None,
2024-11-19,Tron-o-matic 4 Pro,NewYork_01,90.0,None,
2024-11-19,Tron-o-matic 4 Pro,NewYork_02,90.0,None,
2024-11-19,Tron-o-matic 4 Pro,Chicago_01,90.0,None,
2024-11-19,Tron-o-matic 4 Pro,Dallas_01,90.0,None,
2024-11-19,Tron-o-matic 4 Pro,Houston_01,90.0,None,
2024-11-19,Tron-o-matic 4 Pro,WashingtonDC_01,90.0,None,
2024-11-19,Tron-o-matic 4 Pro,Atlanta_01,90.0,None,
2024-11-19,Tron-o-matic 4 Pro,Philadelphia_01,90.0,None,
2024-11-19,Tron-o-matic 5,Online_Store,72.0,None,
2024-11-19,Tron-o-matic 5,LosAngeles_01,72.0,None,
2024-11-19,Tron-o-matic 5,NewYork_01,72.0,None,
2024-11-19,Tron-o-matic 5,NewYork_02,72.0,None,
2024-11-19,Tron-o-matic 5,Chicago_01,72.0,None,
2024-11-19,Tron-o-matic 5,Dallas_01,72.0,None,
2024-11-19,Tron-o-matic 5,Houston_01,72.0,None,
2024-11-19,Tron-o-matic 5,WashingtonDC_01,72.0,None,
2024-11-19,Tron-o-matic 5,Atlanta_01,72.0,None,
2024-11-19,Tron-o-matic 5,Philadelphia_01,72.0,None,
2024-11-19,Tron-o-matic 5 Pro,Online_Store,99.0,None,
2024-11-19,Tron-o-matic 5 Pro,LosAngeles_01,99.0,None,
2024-11-19,Tron-o-matic 5 Pro,NewYork_01,99.0,None,
2024-11-19,Tron-o-matic 5 Pro,NewYork_02,99.0,None,
2024-11-19,Tron-o-matic 5 Pro,Chicago_01,99.0,None,
2024-11-19,Tron-o-matic 5 Pro,Dallas_01,99.0,None,
2024-11-19,Tron-o-matic 5 Pro,Houston_01,99.0,None,
2024-11-19,Tron-o-matic 5 Pro,WashingtonDC_01,99.0,None,
2024-11-19,Tron-o-matic 5 Pro,Atlanta_01,99.0,None,
2024-11-19,Tron-o-matic 5 Pro,Philadelphia_01,99.0,None,
2024-11-20,Tron-o-matic 1,Online_Store,54.0,None,
2024-11-20,Tron-o-matic 1,LosAngeles_01,54.0,None,
2024-11-20,Tron-o-matic 1,NewYork_01,54.0,None,
2024-11-20,Tron-o-matic 1,NewYork_02,54.0,None,
2024-11-20,Tron-o-matic 1,Chicago_01,54.0,None,
2024-11-20,Tron-o-matic 1,Dallas_01,54.0,None,
2024-11-20,Tron-o-matic 1,Houston_01,54.0,None,
2024-11-20,Tron-o-matic 1,WashingtonDC_01,54.0,None,
2024-11-20,Tron-o-matic 1,Atlanta_01,54.0,None,
2024-11-20,Tron-o-matic 1,Philadelphia_01,54.0,None,
2024-11-20,Tron-o-matic 1 Pro,Online_Store,72.0,None,
2024-11-20,Tron-o-matic 1 Pro,LosAngeles_01,72.0,None,
2024-11-20,Tron-o-matic 1 Pro,NewYork_01,72.0,None,
2024-11-20,Tron-o-matic 1 Pro,NewYork_02,72.0,None,
2024-11-20,Tron-o-matic 1 Pro,Chicago_01,72.0,None,
2024-11-20,Tron-o-matic 1 Pro,Dallas_01,72.0,None,
2024-11-20,Tron-o-matic 1 Pro,Houston_01,72.0,None,
2024-11-20,Tron-o-matic 1 Pro,WashingtonDC_01,72.0,None,
2024-11-20,Tron-o-matic 1 Pro,Atlanta_01,72.0,None,
2024-11-20,Tron-o-matic 1 Pro,Philadelphia_01,72.0,None,
2024-11-20,Tron-o-matic 2,Online_Store,49.5,None,
2024-11-20,Tron-o-matic 2,LosAngeles_01,49.5,None,
2024-11-20,Tron-o-matic 2,NewYork_01,49.5,None,
2024-11-20,Tron-o-matic 2,NewYork_02,49.5,None,
2024-11-20,Tron-o-matic 2,Chicago_01,49.5,None,
2024-11-20,Tron-o-matic 2,Dallas_01,49.5,None,
2024-11-20,Tron-o-matic 2,Houston_01,49.5,None,
2024-11-20,Tron-o-matic 2,WashingtonDC_01,49.5,None,
2024-11-20,Tron-o-matic 2,Atlanta_01,49.5,None,
2024-11-20,Tron-o-matic 2,Philadelphia_01,49.5,None,
2024-11-20,Tron-o-matic 2 Pro,Online_Store,58.72,BIG_DEAL,
2024-11-20,Tron-o-matic 2 Pro,LosAngeles_01,58.72,BIG_DEAL,
2024-11-20,Tron-o-matic 2 Pro,NewYork_01,58.72,BIG_DEAL,
2024-11-20,Tron-o-matic 2 Pro,NewYork_02,58.72,BIG_DEAL,
2024-11-20,Tron-o-matic 2 Pro,Chicago_01,58.72,BIG_DEAL,
2024-11-20,Tron-o-matic 2 Pro,Dallas_01,58.72,BIG_DEAL,
2024-11-20,Tron-o-matic 2 Pro,Houston_01,58.72,BIG_DEAL,
2024-11-20,Tron-o-matic 2 Pro,WashingtonDC_01,58.72,BIG_DEAL,
2024-11-20,Tron-o-matic 2 Pro,Atlanta_01,58.72,BIG_DEAL,
2024-11-20,Tron-o-matic 2 Pro,Philadelphia_01,58.72,BIG_DEAL,
2024-11-20,Tron-o-matic 3,Online_Store,54.0,None,
2024-11-20,Tron-o-matic 3,LosAngeles_01,54.0,None,
2024-11-20,Tron-o-matic 3,NewYork_01,54.0,None,
2024-11-20,Tron-o-matic 3,NewYork_02,54.0,None,
2024-11-20,Tron-o-matic 3,Chicago_01,54.0,None,
2024-11-20,Tron-o-matic 3,Dallas_01,54.0,None,
2024-11-20,Tron-o-matic 3,Houston_01,54.0,None,
2024-11-20,Tron-o-matic 3,WashingtonDC_01,54.0,None,
2024-11-20,Tron-o-matic 3,Atlanta_01,54.0,None,
2024-11-20,Tron-o-matic 3,Philadelphia_01,54.0,None,
2024-11-20,Tron-o-matic 3 Pro,Online_Store,73.92,SMALL_DEAL,
2024-11-20,Tron-o-matic 3 Pro,LosAngeles_01,73.92,SMALL_DEAL,
2024-11-20,Tron-o-matic 3 Pro,NewYork_01,73.92,SMALL_DEAL,
2024-11-20,Tron-o-matic 3 Pro,NewYork_02,73.92,SMALL_DEAL,
2024-11-20,Tron-o-matic 3 Pro,Chicago_01,73.92,SMALL_DEAL,
2024-11-20,Tron-o-matic 3 Pro,Dallas_01,73.92,SMALL_DEAL,
2024-11-20,Tron-o-matic 3 Pro,Houston_01,73.92,SMALL_DEAL,
2024-11-20,Tron-o-matic 3 Pro,WashingtonDC_01,73.92,SMALL_DEAL,
2024-11-20,Tron-o-matic 3 Pro,Atlanta_01,73.92,SMALL_DEAL,
2024-11-20,Tron-o-matic 3 Pro,Philadelphia_01,73.92,SMALL_DEAL,
2024-11-20,Tron-o-matic 4,Online_Store,67.5,None,
2024-11-20,Tron-o-matic 4,LosAngeles_01,67.5,None,
2024-11-20,Tron-o-matic 4,NewYork_01,67.5,None,
2024-11-20,Tron-o-matic 4,NewYork_02,67.5,None,
2024-11-20,Tron-o-matic 4,Chicago_01,67.5,None,
2024-11-20,Tron-o-matic 4,Dallas_01,67.5,None,
2024-11-20,Tron-o-matic 4,Houston_01,67.5,None,
2024-11-20,Tron-o-matic 4,WashingtonDC_01,67.5,None,
2024-11-20,Tron-o-matic 4,Atlanta_01,67.5,None,
2024-11-20,Tron-o-matic 4,Philadelphia_01,67.5,None,
2024-11-20,Tron-o-matic 4 Pro,Online_Store,63.4,BIG_DEAL,
2024-11-20,Tron-o-matic 4 Pro,LosAngeles_01,63.4,BIG_DEAL,
2024-11-20,Tron-o-matic 4 Pro,NewYork_01,63.4,BIG_DEAL,
2024-11-20,Tron-o-matic 4 Pro,NewYork_02,63.4,BIG_DEAL,
2024-11-20,Tron-o-matic 4 Pro,Chicago_01,63.4,BIG_DEAL,
2024-11-20,Tron-o-matic 4 Pro,Dallas_01,63.4,BIG_DEAL,
2024-11-20,Tron-o-matic 4 Pro,Houston_01,63.4,BIG_DEAL,
2024-11-20,Tron-o-matic 4 Pro,WashingtonDC_01,63.4,BIG_DEAL,
2024-11-20,Tron-o-matic 4 Pro,Atlanta_01,63.4,BIG_DEAL,
2024-11-20,Tron-o-matic 4 Pro,Philadelphia_01,63.4,BIG_DEAL,
2024-11-20,Tron-o-matic 5,Online_Store,63.0,SMALL_DEAL,
2024-11-20,Tron-o-matic 5,LosAngeles_01,63.0,SMALL_DEAL,
2024-11-20,Tron-o-matic 5,NewYork_01,63.0,SMALL_DEAL,
2024-11-20,Tron-o-matic 5,NewYork_02,63.0,SMALL_DEAL,
2024-11-20,Tron-o-matic 5,Chicago_01,63.0,SMALL_DEAL,
2024-11-20,Tron-o-matic 5,Dallas_01,63.0,SMALL_DEAL,
2024-11-20,Tron-o-matic 5,Houston_01,63.0,SMALL_DEAL,
2024-11-20,Tron-o-matic 5,WashingtonDC_01,63.0,SMALL_DEAL,
2024-11-20,Tron-o-matic 5,Atlanta_01,63.0,SMALL_DEAL,
2024-11-20,Tron-o-matic 5,Philadelphia_01,63.0,SMALL_DEAL,
2024-11-20,Tron-o-matic 5 Pro,Online_Store,76.42,BIG_DEAL,
2024-11-20,Tron-o-matic 5 Pro,LosAngeles_01,76.42,BIG_DEAL,
2024-11-20,Tron-o-matic 5 Pro,NewYork_01,76.42,BIG_DEAL,
2024-11-20,Tron-o-matic 5 Pro,NewYork_02,76.42,BIG_DEAL,
2024-11-20,Tron-o-matic 5 Pro,Chicago_01,76.42,BIG_DEAL,
2024-11-20,Tron-o-matic 5 Pro,Dallas_01,76.42,BIG_DEAL,
2024-11-20,Tron-o-matic 5 Pro,Houston_01,76.42,BIG_DEAL,
2024-11-20,Tron-o-matic 5 Pro,WashingtonDC_01,76.42,BIG_DEAL,
2024-11-20,Tron-o-matic 5 Pro,Atlanta_01,76.42,BIG_DEAL,
2024-11-20,Tron-o-matic 5 Pro,Philadelphia_01,76.42,BIG_DEAL,
2024-11-21,Tron-o-matic 1,Online_Store,54.0,None,
2024-11-21,Tron-o-matic 1,LosAngeles_01,54.0,None,
2024-11-21,Tron-o-matic 1,NewYork_01,54.0,None,
2024-11-21,Tron-o-matic 1,NewYork_02,54.0,None,
2024-11-21,Tron-o-matic 1,Chicago_01,54.0,None,
2024-11-21,Tron-o-matic 1,Dallas_01,54.0,None,
2024-11-21,Tron-o-matic 1,Houston_01,54.0,None,
2024-11-21,Tron-o-matic 1,WashingtonDC_01,54.0,None,
2024-11-21,Tron-o-matic 1,Atlanta_01,54.0,None,
2024-11-21,Tron-o-matic 1,Philadelphia_01,54.0,None,
2024-11-21,Tron-o-matic 1 Pro,Online_Store,72.0,None,
2024-11-21,Tron-o-matic 1 Pro,LosAngeles_01,72.0,None,
2024-11-21,Tron-o-matic 1 Pro,NewYork_01,72.0,None,
2024-11-21,Tron-o-matic 1 Pro,NewYork_02,72.0,None,
2024-11-21,Tron-o-matic 1 Pro,Chicago_01,72.0,None,
2024-11-21,Tron-o-matic 1 Pro,Dallas_01,72.0,None,
2024-11-21,Tron-o-matic 1 Pro,Houston_01,72.0,None,
2024-11-21,Tron-o-matic 1 Pro,WashingtonDC_01,72.0,None,
2024-11-21,Tron-o-matic 1 Pro,Atlanta_01,72.0,None,
2024-11-21,Tron-o-matic 1 Pro,Philadelphia_01,72.0,None,
2024-11-21,Tron-o-matic 2,Online_Store,49.5,None,
2024-11-21,Tron-o-matic 2,LosAngeles_01,49.5,None,
2024-11-21,Tron-o-matic 2,NewYork_01,49.5,None,
2024-11-21,Tron-o-matic 2,NewYork_02,49.5,None,
2024-11-21,Tron-o-matic 2,Chicago_01,49.5,None,
2024-11-21,Tron-o-matic 2,Dallas_01,49.5,None,
2024-11-21,Tron-o-matic 2,Houston_01,49.5,None,
2024-11-21,Tron-o-matic 2,WashingtonDC_01,49.5,None,
2024-11-21,Tron-o-matic 2,Atlanta_01,49.5,None,
2024-11-21,Tron-o-matic 2,Philadelphia_01,49.5,None,
2024-11-21,Tron-o-matic 2 Pro,Online_Store,76.5,None,
2024-11-21,Tron-o-matic 2 Pro,LosAngeles_01,76.5,None,
2024-11-21,Tron-o-matic 2 Pro,NewYork_01,76.5,None,
2024-11-21,Tron-o-matic 2 Pro,NewYork_02,76.5,None,
2024-11-21,Tron-o-matic 2 Pro,Chicago_01,76.5,None,
2024-11-21,Tron-o-matic 2 Pro,Dallas_01,76.5,None,
2024-11-21,Tron-o-matic 2 Pro,Houston_01,76.5,None,
2024-11-21,Tron-o-matic 2 Pro,WashingtonDC_01,76.5,None,
2024-11-21,Tron-o-matic 2 Pro,Atlanta_01,76.5,None,
2024-11-21,Tron-o-matic 2 Pro,Philadelphia_01,76.5,None,
2024-11-21,Tron-o-matic 3,Online_Store,42.54,BIG_DEAL,
2024-11-21,Tron-o-matic 3,LosAngeles_01,42.54,BIG_DEAL,
2024-11-21,Tron-o-matic 3,NewYork_01,42.54,BIG_DEAL,
2024-11-21,Tron-o-matic 3,NewYork_02,42.54,BIG_DEAL,
2024-11-21,Tron-o-matic 3,Chicago_01,42.54,BIG_DEAL,
2024-11-21,Tron-o-matic 3,Dallas_01,42.54,BIG_DEAL,
2024-11-21,Tron-o-matic 3,Houston_01,42.54,BIG_DEAL,
2024-11-21,Tron-o-matic 3,WashingtonDC_01,42.54,BIG_DEAL,
2024-11-21,Tron-o-matic 3,Atlanta_01,42.54,BIG_DEAL,
2024-11-21,Tron-o-matic 3,Philadelphia_01,42.54,BIG_DEAL,
2024-11-21,Tron-o-matic 3 Pro,Online_Store,60.96,BIG_DEAL,
2024-11-21,Tron-o-matic 3 Pro,LosAngeles_01,60.96,BIG_DEAL,
2024-11-21,Tron-o-matic 3 Pro,NewYork_01,60.96,BIG_DEAL,
2024-11-21,Tron-o-matic 3 Pro,NewYork_02,60.96,BIG_DEAL,
2024-11-21,Tron-o-matic 3 Pro,Chicago_01,60.96,BIG_DEAL,
2024-11-21,Tron-o-matic 3 Pro,Dallas_01,60.96,BIG_DEAL,
2024-11-21,Tron-o-matic 3 Pro,Houston_01,60.96,BIG_DEAL,
2024-11-21,Tron-o-matic 3 Pro,WashingtonDC_01,60.96,BIG_DEAL,
2024-11-21,Tron-o-matic 3 Pro,Atlanta_01,60.96,BIG_DEAL,
2024-11-21,Tron-o-matic 3 Pro,Philadelphia_01,60.96,BIG_DEAL,
2024-11-21,Tron-o-matic 4,Online_Store,60.97,SMALL_DEAL,
2024-11-21,Tron-o-matic 4,LosAngeles_01,60.97,SMALL_DEAL,
2024-11-21,Tron-o-matic 4,NewYork_01,60.97,SMALL_DEAL,
2024-11-21,Tron-o-matic 4,NewYork_02,60.97,SMALL_DEAL,
2024-11-21,Tron-o-matic 4,Chicago_01,60.97,SMALL_DEAL,
2024-11-21,Tron-o-matic 4,Dallas_01,60.97,SMALL_DEAL,
2024-11-21,Tron-o-matic 4,Houston_01,60.97,SMALL_DEAL,
2024-11-21,Tron-o-matic 4,WashingtonDC_01,60.97,SMALL_DEAL,
2024-11-21,Tron-o-matic 4,Atlanta_01,60.97,SMALL_DEAL,
2024-11-21,Tron-o-matic 4,Philadelphia_01,60.97,SMALL_DEAL,
2024-11-21,Tron-o-matic 4 Pro,Online_Store,90.0,None,
2024-11-21,Tron-o-matic 4 Pro,LosAngeles_01,90.0,None,
2024-11-21,Tron-o-matic 4 Pro,NewYork_01,90.0,None,
2024-11-21,Tron-o-matic 4 Pro,NewYork_02,90.0,None,
2024-11-21,Tron-o-matic 4 Pro,Chicago_01,90.0,None,
2024-11-21,Tron-o-matic 4 Pro,Dallas_01,90.0,None,
2024-11-21,Tron-o-matic 4 Pro,Houston_01,90.0,None,
2024-11-21,Tron-o-matic 4 Pro,WashingtonDC_01,90.0,None,
2024-11-21,Tron-o-matic 4 Pro,Atlanta_01,90.0,None,
2024-11-21,Tron-o-matic 4 Pro,Philadelphia_01,90.0,None,
2024-11-21,Tron-o-matic 5,Online_Store,62.33,SMALL_DEAL,
2024-11-21,Tron-o-matic 5,LosAngeles_01,62.33,SMALL_DEAL,
2024-11-21,Tron-o-matic 5,NewYork_01,62.33,SMALL_DEAL,
2024-11-21,Tron-o-matic 5,NewYork_02,62.33,SMALL_DEAL,
2024-11-21,Tron-o-matic 5,Chicago_01,62.33,SMALL_DEAL,
2024-11-21,Tron-o-matic 5,Dallas_01,62.33,SMALL_DEAL,
2024-11-21,Tron-o-matic 5,Houston_01,62.33,SMALL_DEAL,
2024-11-21,Tron-o-matic 5,WashingtonDC_01,62.33,SMALL_DEAL,
2024-11-21,Tron-o-matic 5,Atlanta_01,62.33,SMALL_DEAL,
2024-11-21,Tron-o-matic 5,Philadelphia_01,62.33,SMALL_DEAL,
2024-11-21,Tron-o-matic 5 Pro,Online_Store,99.0,None,
2024-11-21,Tron-o-matic 5 Pro,LosAngeles_01,99.0,None,
2024-11-21,Tron-o-matic 5 Pro,NewYork_01,99.0,None,
2024-11-21,Tron-o-matic 5 Pro,NewYork_02,99.0,None,
2024-11-21,Tron-o-matic 5 Pro,Chicago_01,99.0,None,
2024-11-21,Tron-o-matic 5 Pro,Dallas_01,99.0,None,
2024-11-21,Tron-o-matic 5 Pro,Houston_01,99.0,None,
2024-11-21,Tron-o-matic 5 Pro,WashingtonDC_01,99.0,None,
2024-11-21,Tron-o-matic 5 Pro,Atlanta_01,99.0,None,
2024-11-21,Tron-o-matic 5 Pro,Philadelphia_01,99.0,None,
2024-11-22,Tron-o-matic 1,Online_Store,50.37,SMALL_DEAL,
2024-11-22,Tron-o-matic 1,LosAngeles_01,50.37,SMALL_DEAL,
2024-11-22,Tron-o-matic 1,NewYork_01,50.37,SMALL_DEAL,
2024-11-22,Tron-o-matic 1,NewYork_02,50.37,SMALL_DEAL,
2024-11-22,Tron-o-matic 1,Chicago_01,50.37,SMALL_DEAL,
2024-11-22,Tron-o-matic 1,Dallas_01,50.37,SMALL_DEAL,
2024-11-22,Tron-o-matic 1,Houston_01,50.37,SMALL_DEAL,
2024-11-22,Tron-o-matic 1,WashingtonDC_01,50.37,SMALL_DEAL,
2024-11-22,Tron-o-matic 1,Atlanta_01,50.37,SMALL_DEAL,
2024-11-22,Tron-o-matic 1,Philadelphia_01,50.37,SMALL_DEAL,
2024-11-22,Tron-o-matic 1 Pro,Online_Store,55.55,BIG_DEAL,
2024-11-22,Tron-o-matic 1 Pro,LosAngeles_01,55.55,BIG_DEAL,
2024-11-22,Tron-o-matic 1 Pro,NewYork_01,55.55,BIG_DEAL,
2024-11-22,Tron-o-matic 1 Pro,NewYork_02,55.55,BIG_DEAL,
2024-11-22,Tron-o-matic 1 Pro,Chicago_01,55.55,BIG_DEAL,
2024-11-22,Tron-o-matic 1 Pro,Dallas_01,55.55,BIG_DEAL,
2024-11-22,Tron-o-matic 1 Pro,Houston_01,55.55,BIG_DEAL,
2024-11-22,Tron-o-matic 1 Pro,WashingtonDC_01,55.55,BIG_DEAL,
2024-11-22,Tron-o-matic 1 Pro,Atlanta_01,55.55,BIG_DEAL,
2024-11-22,Tron-o-matic 1 Pro,Philadelphia_01,55.55,BIG_DEAL,
2024-11-22,Tron-o-matic 2,Online_Store,37.5,BIG_DEAL,
2024-11-22,Tron-o-matic 2,LosAngeles_01,37.5,BIG_DEAL,
2024-11-22,Tron-o-matic 2,NewYork_01,37.5,BIG_DEAL,
2024-11-22,Tron-o-matic 2,NewYork_02,37.5,BIG_DEAL,
2024-11-22,Tron-o-matic 2,Chicago_01,37.5,BIG_DEAL,
2024-11-22,Tron-o-matic 2,Dallas_01,37.5,BIG_DEAL,
2024-11-22,Tron-o-matic 2,Houston_01,37.5,BIG_DEAL,
2024-11-22,Tron-o-matic 2,WashingtonDC_01,37.5,BIG_DEAL,
2024-11-22,Tron-o-matic 2,Atlanta_01,37.5,BIG_DEAL,
2024-11-22,Tron-o-matic 2,Philadelphia_01,37.5,BIG_DEAL,
2024-11-22,Tron-o-matic 2 Pro,Online_Store,56.42,BIG_DEAL,
2024-11-22,Tron-o-matic 2 Pro,LosAngeles_01,56.42,BIG_DEAL,
2024-11-22,Tron-o-matic 2 Pro,NewYork_01,56.42,BIG_DEAL,
2024-11-22,Tron-o-matic 2 Pro,NewYork_02,56.42,BIG_DEAL,
2024-11-22,Tron-o-matic 2 Pro,Chicago_01,56.42,BIG_DEAL,
2024-11-22,Tron-o-matic 2 Pro,Dallas_01,56.42,BIG_DEAL,
2024-11-22,Tron-o-matic 2 Pro,Houston_01,56.42,BIG_DEAL,
2024-11-22,Tron-o-matic 2 Pro,WashingtonDC_01,56.42,BIG_DEAL,
2024-11-22,Tron-o-matic 2 Pro,Atlanta_01,56.42,BIG_DEAL,
2024-11-22,Tron-o-matic 2 Pro,Philadelphia_01,56.42,BIG_DEAL,
2024-11-22,Tron-o-matic 3,Online_Store,54.0,None,
2024-11-22,Tron-o-matic 3,LosAngeles_01,54.0,None,
2024-11-22,Tron-o-matic 3,NewYork_01,54.0,None,
2024-11-22,Tron-o-matic 3,NewYork_02,54.0,None,
2024-11-22,Tron-o-matic 3,Chicago_01,54.0,None,
2024-11-22,Tron-o-matic 3,Dallas_01,54.0,None,
2024-11-22,Tron-o-matic 3,Houston_01,54.0,None,
2024-11-22,Tron-o-matic 3,WashingtonDC_01,54.0,None,
2024-11-22,Tron-o-matic 3,Atlanta_01,54.0,None,
2024-11-22,Tron-o-matic 3,Philadelphia_01,54.0,None,
2024-11-22,Tron-o-matic 3 Pro,Online_Store,75.9,SMALL_DEAL,
2024-11-22,Tron-o-matic 3 Pro,LosAngeles_01,75.9,SMALL_DEAL,
2024-11-22,Tron-o-matic 3 Pro,NewYork_01,75.9,SMALL_DEAL,
2024-11-22,Tron-o-matic 3 Pro,NewYork_02,75.9,SMALL_DEAL,
2024-11-22,Tron-o-matic 3 Pro,Chicago_01,75.9,SMALL_DEAL,
2024-11-22,Tron-o-matic 3 Pro,Dallas_01,75.9,SMALL_DEAL,
2024-11-22,Tron-o-matic 3 Pro,Houston_01,75.9,SMALL_DEAL,
2024-11-22,Tron-o-matic 3 Pro,WashingtonDC_01,75.9,SMALL_DEAL,
2024-11-22,Tron-o-matic 3 Pro,Atlanta_01,75.9,SMALL_DEAL,
2024-11-22,Tron-o-matic 3 Pro,Philadelphia_01,75.9,SMALL_DEAL,
2024-11-22,Tron-o-matic 4,Online_Store,67.5,None,
2024-11-22,Tron-o-matic 4,LosAngeles_01,67.5,None,
2024-11-22,Tron-o-matic 4,NewYork_01,67.5,None,
2024-11-22,Tron-o-matic 4,NewYork_02,67.5,None,
2024-11-22,Tron-o-matic 4,Chicago_01,67.5,None,
2024-11-22,Tron-o-matic 4,Dallas_01,67.5,None,
2024-11-22,Tron-o-matic 4,Houston_01,67.5,None,
2024-11-22,Tron-o-matic 4,WashingtonDC_01,67.5,None,
2024-11-22,Tron-o-matic 4,Atlanta_01,67.5,None,
2024-11-22,Tron-o-matic 4,Philadelphia_01,67.5,None,
2024-11-22,Tron-o-matic 4 Pro,Online_Store,90.0,None,
2024-11-22,Tron-o-matic 4 Pro,LosAngeles_01,90.0,None,
2024-11-22,Tron-o-matic 4 Pro,NewYork_01,90.0,None,
2024-11-22,Tron-o-matic 4 Pro,NewYork_02,90.0,None,
2024-11-22,Tron-o-matic 4 Pro,Chicago_01,90.0,None,
2024-11-22,Tron-o-matic 4 Pro,Dallas_01,90.0,None,
2024-11-22,Tron-o-matic 4 Pro,Houston_01,90.0,None,
2024-11-22,Tron-o-matic 4 Pro,WashingtonDC_01,90.0,None,
2024-11-22,Tron-o-matic 4 Pro,Atlanta_01,90.0,None,
2024-11-22,Tron-o-matic 4 Pro,Philadelphia_01,90.0,None,
2024-11-22,Tron-o-matic 5,Online_Store,55.18,BIG_DEAL,
2024-11-22,Tron-o-matic 5,LosAngeles_01,55.18,BIG_DEAL,
2024-11-22,Tron-o-matic 5,NewYork_01,55.18,BIG_DEAL,
2024-11-22,Tron-o-matic 5,NewYork_02,55.18,BIG_DEAL,
2024-11-22,Tron-o-matic 5,Chicago_01,55.18,BIG_DEAL,
2024-11-22,Tron-o-matic 5,Dallas_01,55.18,BIG_DEAL,
2024-11-22,Tron-o-matic 5,Houston_01,55.18,BIG_DEAL,
2024-11-22,Tron-o-matic 5,WashingtonDC_01,55.18,BIG_DEAL,
2024-11-22,Tron-o-matic 5,Atlanta_01,55.18,BIG_DEAL,
2024-11-22,Tron-o-matic 5,Philadelphia_01,55.18,BIG_DEAL,
2024-11-22,Tron-o-matic 5 Pro,Online_Store,99.0,None,
2024-11-22,Tron-o-matic 5 Pro,LosAngeles_01,99.0,None,
2024-11-22,Tron-o-matic 5 Pro,NewYork_01,99.0,None,
2024-11-22,Tron-o-matic 5 Pro,NewYork_02,99.0,None,
2024-11-22,Tron-o-matic 5 Pro,Chicago_01,99.0,None,
2024-11-22,Tron-o-matic 5 Pro,Dallas_01,99.0,None,
2024-11-22,Tron-o-matic 5 Pro,Houston_01,99.0,None,
2024-11-22,Tron-o-matic 5 Pro,WashingtonDC_01,99.0,None,
2024-11-22,Tron-o-matic 5 Pro,Atlanta_01,99.0,None,
2024-11-22,Tron-o-matic 5 Pro,Philadelphia_01,99.0,None,
2024-11-23,Tron-o-matic 1,Online_Store,54.0,None,
2024-11-23,Tron-o-matic 1,LosAngeles_01,54.0,None,
2024-11-23,Tron-o-matic 1,NewYork_01,54.0,None,
2024-11-23,Tron-o-matic 1,NewYork_02,54.0,None,
2024-11-23,Tron-o-matic 1,Chicago_01,54.0,None,
2024-11-23,Tron-o-matic 1,Dallas_01,54.0,None,
2024-11-23,Tron-o-matic 1,Houston_01,54.0,None,
2024-11-23,Tron-o-matic 1,WashingtonDC_01,54.0,None,
2024-11-23,Tron-o-matic 1,Atlanta_01,54.0,None,
2024-11-23,Tron-o-matic 1,Philadelphia_01,54.0,None,
2024-11-23,Tron-o-matic 1 Pro,Online_Store,72.0,None,
2024-11-23,Tron-o-matic 1 Pro,LosAngeles_01,72.0,None,
2024-11-23,Tron-o-matic 1 Pro,NewYork_01,72.0,None,
2024-11-23,Tron-o-matic 1 Pro,NewYork_02,72.0,None,
2024-11-23,Tron-o-matic 1 Pro,Chicago_01,72.0,None,
2024-11-23,Tron-o-matic 1 Pro,Dallas_01,72.0,None,
2024-11-23,Tron-o-matic 1 Pro,Houston_01,72.0,None,
2024-11-23,Tron-o-matic 1 Pro,WashingtonDC_01,72.0,None,
2024-11-23,Tron-o-matic 1 Pro,Atlanta_01,72.0,None,
2024-11-23,Tron-o-matic 1 Pro,Philadelphia_01,72.0,None,
2024-11-23,Tron-o-matic 2,Online_Store,49.5,None,
2024-11-23,Tron-o-matic 2,LosAngeles_01,49.5,None,
2024-11-23,Tron-o-matic 2,NewYork_01,49.5,None,
2024-11-23,Tron-o-matic 2,NewYork_02,49.5,None,
2024-11-23,Tron-o-matic 2,Chicago_01,49.5,None,
2024-11-23,Tron-o-matic 2,Dallas_01,49.5,None,
2024-11-23,Tron-o-matic 2,Houston_01,49.5,None,
2024-11-23,Tron-o-matic 2,WashingtonDC_01,49.5,None,
2024-11-23,Tron-o-matic 2,Atlanta_01,49.5,None,
2024-11-23,Tron-o-matic 2,Philadelphia_01,49.5,None,
2024-11-23,Tron-o-matic 2 Pro,Online_Store,60.76,BIG_DEAL,
2024-11-23,Tron-o-matic 2 Pro,LosAngeles_01,60.76,BIG_DEAL,
2024-11-23,Tron-o-matic 2 Pro,NewYork_01,60.76,BIG_DEAL,
2024-11-23,Tron-o-matic 2 Pro,NewYork_02,60.76,BIG_DEAL,
2024-11-23,Tron-o-matic 2 Pro,Chicago_01,60.76,BIG_DEAL,
2024-11-23,Tron-o-matic 2 Pro,Dallas_01,60.76,BIG_DEAL,
2024-11-23,Tron-o-matic 2 Pro,Houston_01,60.76,BIG_DEAL,
2024-11-23,Tron-o-matic 2 Pro,WashingtonDC_01,60.76,BIG_DEAL,
2024-11-23,Tron-o-matic 2 Pro,Atlanta_01,60.76,BIG_DEAL,
2024-11-23,Tron-o-matic 2 Pro,Philadelphia_01,60.76,BIG_DEAL,
2024-11-23,Tron-o-matic 3,Online_Store,54.0,None,
2024-11-23,Tron-o-matic 3,LosAngeles_01,54.0,None,
2024-11-23,Tron-o-matic 3,NewYork_01,54.0,None,
2024-11-23,Tron-o-matic 3,NewYork_02,54.0,None,
2024-11-23,Tron-o-matic 3,Chicago_01,54.0,None,
2024-11-23,Tron-o-matic 3,Dallas_01,54.0,None,
2024-11-23,Tron-o-matic 3,Houston_01,54.0,None,
2024-11-23,Tron-o-matic 3,WashingtonDC_01,54.0,None,
2024-11-23,Tron-o-matic 3,Atlanta_01,54.0,None,
2024-11-23,Tron-o-matic 3,Philadelphia_01,54.0,None,
2024-11-23,Tron-o-matic 3 Pro,Online_Store,81.0,None,
2024-11-23,Tron-o-matic 3 Pro,LosAngeles_01,81.0,None,
2024-11-23,Tron-o-matic 3 Pro,NewYork_01,81.0,None,
2024-11-23,Tron-o-matic 3 Pro,NewYork_02,81.0,None,
2024-11-23,Tron-o-matic 3 Pro,Chicago_01,81.0,None,
2024-11-23,Tron-o-matic 3 Pro,Dallas_01,81.0,None,
2024-11-23,Tron-o-matic 3 Pro,Houston_01,81.0,None,
2024-11-23,Tron-o-matic 3 Pro,WashingtonDC_01,81.0,None,
2024-11-23,Tron-o-matic 3 Pro,Atlanta_01,81.0,None,
2024-11-23,Tron-o-matic 3 Pro,Philadelphia_01,81.0,None,
2024-11-23,Tron-o-matic 4,Online_Store,67.5,None,
2024-11-23,Tron-o-matic 4,LosAngeles_01,67.5,None,
2024-11-23,Tron-o-matic 4,NewYork_01,67.5,None,
2024-11-23,Tron-o-matic 4,NewYork_02,67.5,None,
2024-11-23,Tron-o-matic 4,Chicago_01,67.5,None,
2024-11-23,Tron-o-matic 4,Dallas_01,67.5,None,
2024-11-23,Tron-o-matic 4,Houston_01,67.5,None,
2024-11-23,Tron-o-matic 4,WashingtonDC_01,67.5,None,
2024-11-23,Tron-o-matic 4,Atlanta_01,67.5,None,
2024-11-23,Tron-o-matic 4,Philadelphia_01,67.5,None,
2024-11-23,Tron-o-matic 4 Pro,Online_Store,90.0,None,
2024-11-23,Tron-o-matic 4 Pro,LosAngeles_01,90.0,None,
2024-11-23,Tron-o-matic 4 Pro,NewYork_01,90.0,None,
2024-11-23,Tron-o-matic 4 Pro,NewYork_02,90.0,None,
2024-11-23,Tron-o-matic 4 Pro,Chicago_01,90.0,None,
2024-11-23,Tron-o-matic 4 Pro,Dallas_01,90.0,None,
2024-11-23,Tron-o-matic 4 Pro,Houston_01,90.0,None,
2024-11-23,Tron-o-matic 4 Pro,WashingtonDC_01,90.0,None,
2024-11-23,Tron-o-matic 4 Pro,Atlanta_01,90.0,None,
2024-11-23,Tron-o-matic 4 Pro,Philadelphia_01,90.0,None,
2024-11-23,Tron-o-matic 5,Online_Store,72.0,None,
2024-11-23,Tron-o-matic 5,LosAngeles_01,72.0,None,
2024-11-23,Tron-o-matic 5,NewYork_01,72.0,None,
2024-11-23,Tron-o-matic 5,NewYork_02,72.0,None,
2024-11-23,Tron-o-matic 5,Chicago_01,72.0,None,
2024-11-23,Tron-o-matic 5,Dallas_01,72.0,None,
2024-11-23,Tron-o-matic 5,Houston_01,72.0,None,
2024-11-23,Tron-o-matic 5,WashingtonDC_01,72.0,None,
2024-11-23,Tron-o-matic 5,Atlanta_01,72.0,None,
2024-11-23,Tron-o-matic 5,Philadelphia_01,72.0,None,
2024-11-23,Tron-o-matic 5 Pro,Online_Store,89.74,SMALL_DEAL,
2024-11-23,Tron-o-matic 5 Pro,LosAngeles_01,89.74,SMALL_DEAL,
2024-11-23,Tron-o-matic 5 Pro,NewYork_01,89.74,SMALL_DEAL,
2024-11-23,Tron-o-matic 5 Pro,NewYork_02,89.74,SMALL_DEAL,
2024-11-23,Tron-o-matic 5 Pro,Chicago_01,89.74,SMALL_DEAL,
2024-11-23,Tron-o-matic 5 Pro,Dallas_01,89.74,SMALL_DEAL,
2024-11-23,Tron-o-matic 5 Pro,Houston_01,89.74,SMALL_DEAL,
2024-11-23,Tron-o-matic 5 Pro,WashingtonDC_01,89.74,SMALL_DEAL,
2024-11-23,Tron-o-matic 5 Pro,Atlanta_01,89.74,SMALL_DEAL,
2024-11-23,Tron-o-matic 5 Pro,Philadelphia_01,89.74,SMALL_DEAL,
2024-11-24,Tron-o-matic 1,Online_Store,38.19,BIG_DEAL,
2024-11-24,Tron-o-matic 1,LosAngeles_01,38.19,BIG_DEAL,
2024-11-24,Tron-o-matic 1,NewYork_01,38.19,BIG_DEAL,
2024-11-24,Tron-o-matic 1,NewYork_02,38.19,BIG_DEAL,
2024-11-24,Tron-o-matic 1,Chicago_01,38.19,BIG_DEAL,
2024-11-24,Tron-o-matic 1,Dallas_01,38.19,BIG_DEAL,
2024-11-24,Tron-o-matic 1,Houston_01,38.19,BIG_DEAL,
2024-11-24,Tron-o-matic 1,WashingtonDC_01,38.19,BIG_DEAL,
2024-11-24,Tron-o-matic 1,Atlanta_01,38.19,BIG_DEAL,
2024-11-24,Tron-o-matic 1,Philadelphia_01,38.19,BIG_DEAL,
2024-11-24,Tron-o-matic 1 Pro,Online_Store,72.0,None,
2024-11-24,Tron-o-matic 1 Pro,LosAngeles_01,72.0,None,
2024-11-24,Tron-o-matic 1 Pro,NewYork_01,72.0,None,
2024-11-24,Tron-o-matic 1 Pro,NewYork_02,72.0,None,
2024-11-24,Tron-o-matic 1 Pro,Chicago_01,72.0,None,
2024-11-24,Tron-o-matic 1 Pro,Dallas_01,72.0,None,
2024-11-24,Tron-o-matic 1 Pro,Houston_01,72.0,None,
2024-11-24,Tron-o-matic 1 Pro,WashingtonDC_01,72.0,None,
2024-11-24,Tron-o-matic 1 Pro,Atlanta_01,72.0,None,
2024-11-24,Tron-o-matic 1 Pro,Philadelphia_01,72.0,None,
2024-11-24,Tron-o-matic 2,Online_Store,49.5,None,
2024-11-24,Tron-o-matic 2,LosAngeles_01,49.5,None,
2024-11-24,Tron-o-matic 2,NewYork_01,49.5,None,
2024-11-24,Tron-o-matic 2,NewYork_02,49.5,None,
2024-11-24,Tron-o-matic 2,Chicago_01,49.5,None,
2024-11-24,Tron-o-matic 2,Dallas_01,49.5,None,
2024-11-24,Tron-o-matic 2,Houston_01,49.5,None,
2024-11-24,Tron-o-matic 2,WashingtonDC_01,49.5,None,
2024-11-24,Tron-o-matic 2,Atlanta_01,49.5,None,
2024-11-24,Tron-o-matic 2,Philadelphia_01,49.5,None,
2024-11-24,Tron-o-matic 2 Pro,Online_Store,67.34,SMALL_DEAL,
2024-11-24,Tron-o-matic 2 Pro,LosAngeles_01,67.34,SMALL_DEAL,
2024-11-24,Tron-o-matic 2 Pro,NewYork_01,67.34,SMALL_DEAL,
2024-11-24,Tron-o-matic 2 Pro,NewYork_02,67.34,SMALL_DEAL,
2024-11-24,Tron-o-matic 2 Pro,Chicago_01,67.34,SMALL_DEAL,
2024-11-24,Tron-o-matic 2 Pro,Dallas_01,67.34,SMALL_DEAL,
2024-11-24,Tron-o-matic 2 Pro,Houston_01,67.34,SMALL_DEAL,
2024-11-24,Tron-o-matic 2 Pro,WashingtonDC_01,67.34,SMALL_DEAL,
2024-11-24,Tron-o-matic 2 Pro,Atlanta_01,67.34,SMALL_DEAL,
2024-11-24,Tron-o-matic 2 Pro,Philadelphia_01,67.34,SMALL_DEAL,
2024-11-24,Tron-o-matic 3,Online_Store,49.12,SMALL_DEAL,
2024-11-24,Tron-o-matic 3,LosAngeles_01,49.12,SMALL_DEAL,
2024-11-24,Tron-o-matic 3,NewYork_01,49.12,SMALL_DEAL,
2024-11-24,Tron-o-matic 3,NewYork_02,49.12,SMALL_DEAL,
2024-11-24,Tron-o-matic 3,Chicago_01,49.12,SMALL_DEAL,
2024-11-24,Tron-o-matic 3,Dallas_01,49.12,SMALL_DEAL,
2024-11-24,Tron-o-matic 3,Houston_01,49.12,SMALL_DEAL,
2024-11-24,Tron-o-matic 3,WashingtonDC_01,49.12,SMALL_DEAL,
2024-11-24,Tron-o-matic 3,Atlanta_01,49.12,SMALL_DEAL,
2024-11-24,Tron-o-matic 3,Philadelphia_01,49.12,SMALL_DEAL,
2024-11-24,Tron-o-matic 3 Pro,Online_Store,81.0,None,
2024-11-24,Tron-o-matic 3 Pro,LosAngeles_01,81.0,None,
2024-11-24,Tron-o-matic 3 Pro,NewYork_01,81.0,None,
2024-11-24,Tron-o-matic 3 Pro,NewYork_02,81.0,None,
2024-11-24,Tron-o-matic 3 Pro,Chicago_01,81.0,None,
2024-11-24,Tron-o-matic 3 Pro,Dallas_01,81.0,None,
2024-11-24,Tron-o-matic 3 Pro,Houston_01,81.0,None,
2024-11-24,Tron-o-matic 3 Pro,WashingtonDC_01,81.0,None,
2024-11-24,Tron-o-matic 3 Pro,Atlanta_01,81.0,None,
2024-11-24,Tron-o-matic 3 Pro,Philadelphia_01,81.0,None,
2024-11-24,Tron-o-matic 4,Online_Store,67.5,None,
2024-11-24,Tron-o-matic 4,LosAngeles_01,67.5,None,
2024-11-24,Tron-o-matic 4,NewYork_01,67.5,None,
2024-11-24,Tron-o-matic 4,NewYork_02,67.5,None,
2024-11-24,Tron-o-matic 4,Chicago_01,67.5,None,
2024-11-24,Tron-o-matic 4,Dallas_01,67.5,None,
2024-11-24,Tron-o-matic 4,Houston_01,67.5,None,
2024-11-24,Tron-o-matic 4,WashingtonDC_01,67.5,None,
2024-11-24,Tron-o-matic 4,Atlanta_01,67.5,None,
2024-11-24,Tron-o-matic 4,Philadelphia_01,67.5,None,
2024-11-24,Tron-o-matic 4 Pro,Online_Store,90.0,None,
2024-11-24,Tron-o-matic 4 Pro,LosAngeles_01,90.0,None,
2024-11-24,Tron-o-matic 4 Pro,NewYork_01,90.0,None,
2024-11-24,Tron-o-matic 4 Pro,NewYork_02,90.0,None,
2024-11-24,Tron-o-matic 4 Pro,Chicago_01,90.0,None,
2024-11-24,Tron-o-matic 4 Pro,Dallas_01,90.0,None,
2024-11-24,Tron-o-matic 4 Pro,Houston_01,90.0,None,
2024-11-24,Tron-o-matic 4 Pro,WashingtonDC_01,90.0,None,
2024-11-24,Tron-o-matic 4 Pro,Atlanta_01,90.0,None,
2024-11-24,Tron-o-matic 4 Pro,Philadelphia_01,90.0,None,
2024-11-24,Tron-o-matic 5,Online_Store,67.28,SMALL_DEAL,
2024-11-24,Tron-o-matic 5,LosAngeles_01,67.28,SMALL_DEAL,
2024-11-24,Tron-o-matic 5,NewYork_01,67.28,SMALL_DEAL,
2024-11-24,Tron-o-matic 5,NewYork_02,67.28,SMALL_DEAL,
2024-11-24,Tron-o-matic 5,Chicago_01,67.28,SMALL_DEAL,
2024-11-24,Tron-o-matic 5,Dallas_01,67.28,SMALL_DEAL,
2024-11-24,Tron-o-matic 5,Houston_01,67.28,SMALL_DEAL,
2024-11-24,Tron-o-matic 5,WashingtonDC_01,67.28,SMALL_DEAL,
2024-11-24,Tron-o-matic 5,Atlanta_01,67.28,SMALL_DEAL,
2024-11-24,Tron-o-matic 5,Philadelphia_01,67.28,SMALL_DEAL,
2024-11-24,Tron-o-matic 5 Pro,Online_Store,72.47,BIG_DEAL,
2024-11-24,Tron-o-matic 5 Pro,LosAngeles_01,72.47,BIG_DEAL,
2024-11-24,Tron-o-matic 5 Pro,NewYork_01,72.47,BIG_DEAL,
2024-11-24,Tron-o-matic 5 Pro,NewYork_02,72.47,BIG_DEAL,
2024-11-24,Tron-o-matic 5 Pro,Chicago_01,72.47,BIG_DEAL,
2024-11-24,Tron-o-matic 5 Pro,Dallas_01,72.47,BIG_DEAL,
2024-11-24,Tron-o-matic 5 Pro,Houston_01,72.47,BIG_DEAL,
2024-11-24,Tron-o-matic 5 Pro,WashingtonDC_01,72.47,BIG_DEAL,
2024-11-24,Tron-o-matic 5 Pro,Atlanta_01,72.47,BIG_DEAL,
2024-11-24,Tron-o-matic 5 Pro,Philadelphia_01,72.47,BIG_DEAL,
2024-11-25,Tron-o-matic 1,Online_Store,54.0,None,
2024-11-25,Tron-o-matic 1,LosAngeles_01,54.0,None,
2024-11-25,Tron-o-matic 1,NewYork_01,54.0,None,
2024-11-25,Tron-o-matic 1,NewYork_02,54.0,None,
2024-11-25,Tron-o-matic 1,Chicago_01,54.0,None,
2024-11-25,Tron-o-matic 1,Dallas_01,54.0,None,
2024-11-25,Tron-o-matic 1,Houston_01,54.0,None,
2024-11-25,Tron-o-matic 1,WashingtonDC_01,54.0,None,
2024-11-25,Tron-o-matic 1,Atlanta_01,54.0,None,
2024-11-25,Tron-o-matic 1,Philadelphia_01,54.0,None,
2024-11-25,Tron-o-matic 1 Pro,Online_Store,72.0,None,
2024-11-25,Tron-o-matic 1 Pro,LosAngeles_01,72.0,None,
2024-11-25,Tron-o-matic 1 Pro,NewYork_01,72.0,None,
2024-11-25,Tron-o-matic 1 Pro,NewYork_02,72.0,None,
2024-11-25,Tron-o-matic 1 Pro,Chicago_01,72.0,None,
2024-11-25,Tron-o-matic 1 Pro,Dallas_01,72.0,None,
2024-11-25,Tron-o-matic 1 Pro,Houston_01,72.0,None,
2024-11-25,Tron-o-matic 1 Pro,WashingtonDC_01,72.0,None,
2024-11-25,Tron-o-matic 1 Pro,Atlanta_01,72.0,None,
2024-11-25,Tron-o-matic 1 Pro,Philadelphia_01,72.0,None,
2024-11-25,Tron-o-matic 2,Online_Store,49.5,None,
2024-11-25,Tron-o-matic 2,LosAngeles_01,49.5,None,
2024-11-25,Tron-o-matic 2,NewYork_01,49.5,None,
2024-11-25,Tron-o-matic 2,NewYork_02,49.5,None,
2024-11-25,Tron-o-matic 2,Chicago_01,49.5,None,
2024-11-25,Tron-o-matic 2,Dallas_01,49.5,None,
2024-11-25,Tron-o-matic 2,Houston_01,49.5,None,
2024-11-25,Tron-o-matic 2,WashingtonDC_01,49.5,None,
2024-11-25,Tron-o-matic 2,Atlanta_01,49.5,None,
2024-11-25,Tron-o-matic 2,Philadelphia_01,49.5,None,
2024-11-25,Tron-o-matic 2 Pro,Online_Store,59.91,BIG_DEAL,
2024-11-25,Tron-o-matic 2 Pro,LosAngeles_01,59.91,BIG_DEAL,
2024-11-25,Tron-o-matic 2 Pro,NewYork_01,59.91,BIG_DEAL,
2024-11-25,Tron-o-matic 2 Pro,NewYork_02,59.91,BIG_DEAL,
2024-11-25,Tron-o-matic 2 Pro,Chicago_01,59.91,BIG_DEAL,
2024-11-25,Tron-o-matic 2 Pro,Dallas_01,59.91,BIG_DEAL,
2024-11-25,Tron-o-matic 2 Pro,Houston_01,59.91,BIG_DEAL,
2024-11-25,Tron-o-matic 2 Pro,WashingtonDC_01,59.91,BIG_DEAL,
2024-11-25,Tron-o-matic 2 Pro,Atlanta_01,59.91,BIG_DEAL,
2024-11-25,Tron-o-matic 2 Pro,Philadelphia_01,59.91,BIG_DEAL,
2024-11-25,Tron-o-matic 3,Online_Store,54.0,None,
2024-11-25,Tron-o-matic 3,LosAngeles_01,54.0,None,
2024-11-25,Tron-o-matic 3,NewYork_01,54.0,None,
2024-11-25,Tron-o-matic 3,NewYork_02,54.0,None,
2024-11-25,Tron-o-matic 3,Chicago_01,54.0,None,
2024-11-25,Tron-o-matic 3,Dallas_01,54.0,None,
2024-11-25,Tron-o-matic 3,Houston_01,54.0,None,
2024-11-25,Tron-o-matic 3,WashingtonDC_01,54.0,None,
2024-11-25,Tron-o-matic 3,Atlanta_01,54.0,None,
2024-11-25,Tron-o-matic 3,Philadelphia_01,54.0,None,
2024-11-25,Tron-o-matic 3 Pro,Online_Store,81.0,None,
2024-11-25,Tron-o-matic 3 Pro,LosAngeles_01,81.0,None,
2024-11-25,Tron-o-matic 3 Pro,NewYork_01,81.0,None,
2024-11-25,Tron-o-matic 3 Pro,NewYork_02,81.0,None,
2024-11-25,Tron-o-matic 3 Pro,Chicago_01,81.0,None,
2024-11-25,Tron-o-matic 3 Pro,Dallas_01,81.0,None,
2024-11-25,Tron-o-matic 3 Pro,Houston_01,81.0,None,
2024-11-25,Tron-o-matic 3 Pro,WashingtonDC_01,81.0,None,
2024-11-25,Tron-o-matic 3 Pro,Atlanta_01,81.0,None,
2024-11-25,Tron-o-matic 3 Pro,Philadelphia_01,81.0,None,
2024-11-25,Tron-o-matic 4,Online_Store,67.5,None,
2024-11-25,Tron-o-matic 4,LosAngeles_01,67.5,None,
2024-11-25,Tron-o-matic 4,NewYork_01,67.5,None,
2024-11-25,Tron-o-matic 4,NewYork_02,67.5,None,
2024-11-25,Tron-o-matic 4,Chicago_01,67.5,None,
2024-11-25,Tron-o-matic 4,Dallas_01,67.5,None,
2024-11-25,Tron-o-matic 4,Houston_01,67.5,None,
2024-11-25,Tron-o-matic 4,WashingtonDC_01,67.5,None,
2024-11-25,Tron-o-matic 4,Atlanta_01,67.5,None,
2024-11-25,Tron-o-matic 4,Philadelphia_01,67.5,None,
2024-11-25,Tron-o-matic 4 Pro,Online_Store,65.58,BIG_DEAL,
2024-11-25,Tron-o-matic 4 Pro,LosAngeles_01,65.58,BIG_DEAL,
2024-11-25,Tron-o-matic 4 Pro,NewYork_01,65.58,BIG_DEAL,
2024-11-25,Tron-o-matic 4 Pro,NewYork_02,65.58,BIG_DEAL,
2024-11-25,Tron-o-matic 4 Pro,Chicago_01,65.58,BIG_DEAL,
2024-11-25,Tron-o-matic 4 Pro,Dallas_01,65.58,BIG_DEAL,
2024-11-25,Tron-o-matic 4 Pro,Houston_01,65.58,BIG_DEAL,
2024-11-25,Tron-o-matic 4 Pro,WashingtonDC_01,65.58,BIG_DEAL,
2024-11-25,Tron-o-matic 4 Pro,Atlanta_01,65.58,BIG_DEAL,
2024-11-25,Tron-o-matic 4 Pro,Philadelphia_01,65.58,BIG_DEAL,
2024-11-25,Tron-o-matic 5,Online_Store,72.0,None,
2024-11-25,Tron-o-matic 5,LosAngeles_01,72.0,None,
2024-11-25,Tron-o-matic 5,NewYork_01,72.0,None,
2024-11-25,Tron-o-matic 5,NewYork_02,72.0,None,
2024-11-25,Tron-o-matic 5,Chicago_01,72.0,None,
2024-11-25,Tron-o-matic 5,Dallas_01,72.0,None,
2024-11-25,Tron-o-matic 5,Houston_01,72.0,None,
2024-11-25,Tron-o-matic 5,WashingtonDC_01,72.0,None,
2024-11-25,Tron-o-matic 5,Atlanta_01,72.0,None,
2024-11-25,Tron-o-matic 5,Philadelphia_01,72.0,None,
2024-11-25,Tron-o-matic 5 Pro,Online_Store,99.0,None,
2024-11-25,Tron-o-matic 5 Pro,LosAngeles_01,99.0,None,
2024-11-25,Tron-o-matic 5 Pro,NewYork_01,99.0,None,
2024-11-25,Tron-o-matic 5 Pro,NewYork_02,99.0,None,
2024-11-25,Tron-o-matic 5 Pro,Chicago_01,99.0,None,
2024-11-25,Tron-o-matic 5 Pro,Dallas_01,99.0,None,
2024-11-25,Tron-o-matic 5 Pro,Houston_01,99.0,None,
2024-11-25,Tron-o-matic 5 Pro,WashingtonDC_01,99.0,None,
2024-11-25,Tron-o-matic 5 Pro,Atlanta_01,99.0,None,
2024-11-25,Tron-o-matic 5 Pro,Philadelphia_01,99.0,None,
2024-11-26,Tron-o-matic 1,Online_Store,54.0,None,
2024-11-26,Tron-o-matic 1,LosAngeles_01,54.0,None,
2024-11-26,Tron-o-matic 1,NewYork_01,54.0,None,
2024-11-26,Tron-o-matic 1,NewYork_02,54.0,None,
2024-11-26,Tron-o-matic 1,Chicago_01,54.0,None,
2024-11-26,Tron-o-matic 1,Dallas_01,54.0,None,
2024-11-26,Tron-o-matic 1,Houston_01,54.0,None,
2024-11-26,Tron-o-matic 1,WashingtonDC_01,54.0,None,
2024-11-26,Tron-o-matic 1,Atlanta_01,54.0,None,
2024-11-26,Tron-o-matic 1,Philadelphia_01,54.0,None,
2024-11-26,Tron-o-matic 1 Pro,Online_Store,72.0,None,
2024-11-26,Tron-o-matic 1 Pro,LosAngeles_01,72.0,None,
2024-11-26,Tron-o-matic 1 Pro,NewYork_01,72.0,None,
2024-11-26,Tron-o-matic 1 Pro,NewYork_02,72.0,None,
2024-11-26,Tron-o-matic 1 Pro,Chicago_01,72.0,None,
2024-11-26,Tron-o-matic 1 Pro,Dallas_01,72.0,None,
2024-11-26,Tron-o-matic 1 Pro,Houston_01,72.0,None,
2024-11-26,Tron-o-matic 1 Pro,WashingtonDC_01,72.0,None,
2024-11-26,Tron-o-matic 1 Pro,Atlanta_01,72.0,None,
2024-11-26,Tron-o-matic 1 Pro,Philadelphia_01,72.0,None,
2024-11-26,Tron-o-matic 2,Online_Store,49.5,None,
2024-11-26,Tron-o-matic 2,LosAngeles_01,49.5,None,
2024-11-26,Tron-o-matic 2,NewYork_01,49.5,None,
2024-11-26,Tron-o-matic 2,NewYork_02,49.5,None,
2024-11-26,Tron-o-matic 2,Chicago_01,49.5,None,
2024-11-26,Tron-o-matic 2,Dallas_01,49.5,None,
2024-11-26,Tron-o-matic 2,Houston_01,49.5,None,
2024-11-26,Tron-o-matic 2,WashingtonDC_01,49.5,None,
2024-11-26,Tron-o-matic 2,Atlanta_01,49.5,None,
2024-11-26,Tron-o-matic 2,Philadelphia_01,49.5,None,
2024-11-26,Tron-o-matic 2 Pro,Online_Store,70.86,SMALL_DEAL,
2024-11-26,Tron-o-matic 2 Pro,LosAngeles_01,70.86,SMALL_DEAL,
2024-11-26,Tron-o-matic 2 Pro,NewYork_01,70.86,SMALL_DEAL,
2024-11-26,Tron-o-matic 2 Pro,NewYork_02,70.86,SMALL_DEAL,
2024-11-26,Tron-o-matic 2 Pro,Chicago_01,70.86,SMALL_DEAL,
2024-11-26,Tron-o-matic 2 Pro,Dallas_01,70.86,SMALL_DEAL,
2024-11-26,Tron-o-matic 2 Pro,Houston_01,70.86,SMALL_DEAL,
2024-11-26,Tron-o-matic 2 Pro,WashingtonDC_01,70.86,SMALL_DEAL,
2024-11-26,Tron-o-matic 2 Pro,Atlanta_01,70.86,SMALL_DEAL,
2024-11-26,Tron-o-matic 2 Pro,Philadelphia_01,70.86,SMALL_DEAL,
2024-11-26,Tron-o-matic 3,Online_Store,54.0,None,
2024-11-26,Tron-o-matic 3,LosAngeles_01,54.0,None,
2024-11-26,Tron-o-matic 3,NewYork_01,54.0,None,
2024-11-26,Tron-o-matic 3,NewYork_02,54.0,None,
2024-11-26,Tron-o-matic 3,Chicago_01,54.0,None,
2024-11-26,Tron-o-matic 3,Dallas_01,54.0,None,
2024-11-26,Tron-o-matic 3,Houston_01,54.0,None,
2024-11-26,Tron-o-matic 3,WashingtonDC_01,54.0,None,
2024-11-26,Tron-o-matic 3,Atlanta_01,54.0,None,
2024-11-26,Tron-o-matic 3,Philadelphia_01,54.0,None,
2024-11-26,Tron-o-matic 3 Pro,Online_Store,75.12,SMALL_DEAL,
2024-11-26,Tron-o-matic 3 Pro,LosAngeles_01,75.12,SMALL_DEAL,
2024-11-26,Tron-o-matic 3 Pro,NewYork_01,75.12,SMALL_DEAL,
2024-11-26,Tron-o-matic 3 Pro,NewYork_02,75.12,SMALL_DEAL,
2024-11-26,Tron-o-matic 3 Pro,Chicago_01,75.12,SMALL_DEAL,
2024-11-26,Tron-o-matic 3 Pro,Dallas_01,75.12,SMALL_DEAL,
2024-11-26,Tron-o-matic 3 Pro,Houston_01,75.12,SMALL_DEAL,
2024-11-26,Tron-o-matic 3 Pro,WashingtonDC_01,75.12,SMALL_DEAL,
2024-11-26,Tron-o-matic 3 Pro,Atlanta_01,75.12,SMALL_DEAL,
2024-11-26,Tron-o-matic 3 Pro,Philadelphia_01,75.12,SMALL_DEAL,
2024-11-26,Tron-o-matic 4,Online_Store,47.76,BIG_DEAL,
2024-11-26,Tron-o-matic 4,LosAngeles_01,47.76,BIG_DEAL,
2024-11-26,Tron-o-matic 4,NewYork_01,47.76,BIG_DEAL,
2024-11-26,Tron-o-matic 4,NewYork_02,47.76,BIG_DEAL,
2024-11-26,Tron-o-matic 4,Chicago_01,47.76,BIG_DEAL,
2024-11-26,Tron-o-matic 4,Dallas_01,47.76,BIG_DEAL,
2024-11-26,Tron-o-matic 4,Houston_01,47.76,BIG_DEAL,
2024-11-26,Tron-o-matic 4,WashingtonDC_01,47.76,BIG_DEAL,
2024-11-26,Tron-o-matic 4,Atlanta_01,47.76,BIG_DEAL,
2024-11-26,Tron-o-matic 4,Philadelphia_01,47.76,BIG_DEAL,
2024-11-26,Tron-o-matic 4 Pro,Online_Store,90.0,None,
2024-11-26,Tron-o-matic 4 Pro,LosAngeles_01,90.0,None,
2024-11-26,Tron-o-matic 4 Pro,NewYork_01,90.0,None,
2024-11-26,Tron-o-matic 4 Pro,NewYork_02,90.0,None,
2024-11-26,Tron-o-matic 4 Pro,Chicago_01,90.0,None,
2024-11-26,Tron-o-matic 4 Pro,Dallas_01,90.0,None,
2024-11-26,Tron-o-matic 4 Pro,Houston_01,90.0,None,
2024-11-26,Tron-o-matic 4 Pro,WashingtonDC_01,90.0,None,
2024-11-26,Tron-o-matic 4 Pro,Atlanta_01,90.0,None,
2024-11-26,Tron-o-matic 4 Pro,Philadelphia_01,90.0,None,
2024-11-26,Tron-o-matic 5,Online_Store,66.83,SMALL_DEAL,
2024-11-26,Tron-o-matic 5,LosAngeles_01,66.83,SMALL_DEAL,
2024-11-26,Tron-o-matic 5,NewYork_01,66.83,SMALL_DEAL,
2024-11-26,Tron-o-matic 5,NewYork_02,66.83,SMALL_DEAL,
2024-11-26,Tron-o-matic 5,Chicago_01,66.83,SMALL_DEAL,
2024-11-26,Tron-o-matic 5,Dallas_01,66.83,SMALL_DEAL,
2024-11-26,Tron-o-matic 5,Houston_01,66.83,SMALL_DEAL,
2024-11-26,Tron-o-matic 5,WashingtonDC_01,66.83,SMALL_DEAL,
2024-11-26,Tron-o-matic 5,Atlanta_01,66.83,SMALL_DEAL,
2024-11-26,Tron-o-matic 5,Philadelphia_01,66.83,SMALL_DEAL,
2024-11-26,Tron-o-matic 5 Pro,Online_Store,99.0,None,
2024-11-26,Tron-o-matic 5 Pro,LosAngeles_01,99.0,None,
2024-11-26,Tron-o-matic 5 Pro,NewYork_01,99.0,None,
2024-11-26,Tron-o-matic 5 Pro,NewYork_02,99.0,None,
2024-11-26,Tron-o-matic 5 Pro,Chicago_01,99.0,None,
2024-11-26,Tron-o-matic 5 Pro,Dallas_01,99.0,None,
2024-11-26,Tron-o-matic 5 Pro,Houston_01,99.0,None,
2024-11-26,Tron-o-matic 5 Pro,WashingtonDC_01,99.0,None,
2024-11-26,Tron-o-matic 5 Pro,Atlanta_01,99.0,None,
2024-11-26,Tron-o-matic 5 Pro,Philadelphia_01,99.0,None,
2024-11-27,Tron-o-matic 1,Online_Store,48.16,SMALL_DEAL,
2024-11-27,Tron-o-matic 1,LosAngeles_01,48.16,SMALL_DEAL,
2024-11-27,Tron-o-matic 1,NewYork_01,48.16,SMALL_DEAL,
2024-11-27,Tron-o-matic 1,NewYork_02,48.16,SMALL_DEAL,
2024-11-27,Tron-o-matic 1,Chicago_01,48.16,SMALL_DEAL,
2024-11-27,Tron-o-matic 1,Dallas_01,48.16,SMALL_DEAL,
2024-11-27,Tron-o-matic 1,Houston_01,48.16,SMALL_DEAL,
2024-11-27,Tron-o-matic 1,WashingtonDC_01,48.16,SMALL_DEAL,
2024-11-27,Tron-o-matic 1,Atlanta_01,48.16,SMALL_DEAL,
2024-11-27,Tron-o-matic 1,Philadelphia_01,48.16,SMALL_DEAL,
2024-11-27,Tron-o-matic 1 Pro,Online_Store,72.0,None,
2024-11-27,Tron-o-matic 1 Pro,LosAngeles_01,72.0,None,
2024-11-27,Tron-o-matic 1 Pro,NewYork_01,72.0,None,
2024-11-27,Tron-o-matic 1 Pro,NewYork_02,72.0,None,
2024-11-27,Tron-o-matic 1 Pro,Chicago_01,72.0,None,
2024-11-27,Tron-o-matic 1 Pro,Dallas_01,72.0,None,
2024-11-27,Tron-o-matic 1 Pro,Houston_01,72.0,None,
2024-11-27,Tron-o-matic 1 Pro,WashingtonDC_01,72.0,None,
2024-11-27,Tron-o-matic 1 Pro,Atlanta_01,72.0,None,
2024-11-27,Tron-o-matic 1 Pro,Philadelphia_01,72.0,None,
2024-11-27,Tron-o-matic 2,Online_Store,44.56,SMALL_DEAL,
2024-11-27,Tron-o-matic 2,LosAngeles_01,44.56,SMALL_DEAL,
2024-11-27,Tron-o-matic 2,NewYork_01,44.56,SMALL_DEAL,
2024-11-27,Tron-o-matic 2,NewYork_02,44.56,SMALL_DEAL,
2024-11-27,Tron-o-matic 2,Chicago_01,44.56,SMALL_DEAL,
2024-11-27,Tron-o-matic 2,Dallas_01,44.56,SMALL_DEAL,
2024-11-27,Tron-o-matic 2,Houston_01,44.56,SMALL_DEAL,
2024-11-27,Tron-o-matic 2,WashingtonDC_01,44.56,SMALL_DEAL,
2024-11-27,Tron-o-matic 2,Atlanta_01,44.56,SMALL_DEAL,
2024-11-27,Tron-o-matic 2,Philadelphia_01,44.56,SMALL_DEAL,
2024-11-27,Tron-o-matic 2 Pro,Online_Store,76.5,None,
2024-11-27,Tron-o-matic 2 Pro,LosAngeles_01,76.5,None,
2024-11-27,Tron-o-matic 2 Pro,NewYork_01,76.5,None,
2024-11-27,Tron-o-matic 2 Pro,NewYork_02,76.5,None,
2024-11-27,Tron-o-matic 2 Pro,Chicago_01,76.5,None,
2024-11-27,Tron-o-matic 2 Pro,Dallas_01,76.5,None,
2024-11-27,Tron-o-matic 2 Pro,Houston_01,76.5,None,
2024-11-27,Tron-o-matic 2 Pro,WashingtonDC_01,76.5,None,
2024-11-27,Tron-o-matic 2 Pro,Atlanta_01,76.5,None,
2024-11-27,Tron-o-matic 2 Pro,Philadelphia_01,76.5,None,
2024-11-27,Tron-o-matic 3,Online_Store,48.96,SMALL_DEAL,
2024-11-27,Tron-o-matic 3,LosAngeles_01,48.96,SMALL_DEAL,
2024-11-27,Tron-o-matic 3,NewYork_01,48.96,SMALL_DEAL,
2024-11-27,Tron-o-matic 3,NewYork_02,48.96,SMALL_DEAL,
2024-11-27,Tron-o-matic 3,Chicago_01,48.96,SMALL_DEAL,
2024-11-27,Tron-o-matic 3,Dallas_01,48.96,SMALL_DEAL,
2024-11-27,Tron-o-matic 3,Houston_01,48.96,SMALL_DEAL,
2024-11-27,Tron-o-matic 3,WashingtonDC_01,48.96,SMALL_DEAL,
2024-11-27,Tron-o-matic 3,Atlanta_01,48.96,SMALL_DEAL,
2024-11-27,Tron-o-matic 3,Philadelphia_01,48.96,SMALL_DEAL,
2024-11-27,Tron-o-matic 3 Pro,Online_Store,60.57,BIG_DEAL,
2024-11-27,Tron-o-matic 3 Pro,LosAngeles_01,60.57,BIG_DEAL,
2024-11-27,Tron-o-matic 3 Pro,NewYork_01,60.57,BIG_DEAL,
2024-11-27,Tron-o-matic 3 Pro,NewYork_02,60.57,BIG_DEAL,
2024-11-27,Tron-o-matic 3 Pro,Chicago_01,60.57,BIG_DEAL,
2024-11-27,Tron-o-matic 3 Pro,Dallas_01,60.57,BIG_DEAL,
2024-11-27,Tron-o-matic 3 Pro,Houston_01,60.57,BIG_DEAL,
2024-11-27,Tron-o-matic 3 Pro,WashingtonDC_01,60.57,BIG_DEAL,
2024-11-27,Tron-o-matic 3 Pro,Atlanta_01,60.57,BIG_DEAL,
2024-11-27,Tron-o-matic 3 Pro,Philadelphia_01,60.57,BIG_DEAL,
2024-11-27,Tron-o-matic 4,Online_Store,67.5,None,
2024-11-27,Tron-o-matic 4,LosAngeles_01,67.5,None,
2024-11-27,Tron-o-matic 4,NewYork_01,67.5,None,
2024-11-27,Tron-o-matic 4,NewYork_02,67.5,None,
2024-11-27,Tron-o-matic 4,Chicago_01,67.5,None,
2024-11-27,Tron-o-matic 4,Dallas_01,67.5,None,
2024-11-27,Tron-o-matic 4,Houston_01,67.5,None,
2024-11-27,Tron-o-matic 4,WashingtonDC_01,67.5,None,
2024-11-27,Tron-o-matic 4,Atlanta_01,67.5,None,
2024-11-27,Tron-o-matic 4,Philadelphia_01,67.5,None,
2024-11-27,Tron-o-matic 4 Pro,Online_Store,90.0,None,
2024-11-27,Tron-o-matic 4 Pro,LosAngeles_01,90.0,None,
2024-11-27,Tron-o-matic 4 Pro,NewYork_01,90.0,None,
2024-11-27,Tron-o-matic 4 Pro,NewYork_02,90.0,None,
2024-11-27,Tron-o-matic 4 Pro,Chicago_01,90.0,None,
2024-11-27,Tron-o-matic 4 Pro,Dallas_01,90.0,None,
2024-11-27,Tron-o-matic 4 Pro,Houston_01,90.0,None,
2024-11-27,Tron-o-matic 4 Pro,WashingtonDC_01,90.0,None,
2024-11-27,Tron-o-matic 4 Pro,Atlanta_01,90.0,None,
2024-11-27,Tron-o-matic 4 Pro,Philadelphia_01,90.0,None,
2024-11-27,Tron-o-matic 5,Online_Store,62.54,SMALL_DEAL,
2024-11-27,Tron-o-matic 5,LosAngeles_01,62.54,SMALL_DEAL,
2024-11-27,Tron-o-matic 5,NewYork_01,62.54,SMALL_DEAL,
2024-11-27,Tron-o-matic 5,NewYork_02,62.54,SMALL_DEAL,
2024-11-27,Tron-o-matic 5,Chicago_01,62.54,SMALL_DEAL,
2024-11-27,Tron-o-matic 5,Dallas_01,62.54,SMALL_DEAL,
2024-11-27,Tron-o-matic 5,Houston_01,62.54,SMALL_DEAL,
2024-11-27,Tron-o-matic 5,WashingtonDC_01,62.54,SMALL_DEAL,
2024-11-27,Tron-o-matic 5,Atlanta_01,62.54,SMALL_DEAL,
2024-11-27,Tron-o-matic 5,Philadelphia_01,62.54,SMALL_DEAL,
2024-11-27,Tron-o-matic 5 Pro,Online_Store,70.76,BIG_DEAL,
2024-11-27,Tron-o-matic 5 Pro,LosAngeles_01,70.76,BIG_DEAL,
2024-11-27,Tron-o-matic 5 Pro,NewYork_01,70.76,BIG_DEAL,
2024-11-27,Tron-o-matic 5 Pro,NewYork_02,70.76,BIG_DEAL,
2024-11-27,Tron-o-matic 5 Pro,Chicago_01,70.76,BIG_DEAL,
2024-11-27,Tron-o-matic 5 Pro,Dallas_01,70.76,BIG_DEAL,
2024-11-27,Tron-o-matic 5 Pro,Houston_01,70.76,BIG_DEAL,
2024-11-27,Tron-o-matic 5 Pro,WashingtonDC_01,70.76,BIG_DEAL,
2024-11-27,Tron-o-matic 5 Pro,Atlanta_01,70.76,BIG_DEAL,
2024-11-27,Tron-o-matic 5 Pro,Philadelphia_01,70.76,BIG_DEAL,
2024-11-28,Tron-o-matic 1,Online_Store,46.2,SMALL_DEAL,
2024-11-28,Tron-o-matic 1,LosAngeles_01,46.2,SMALL_DEAL,
2024-11-28,Tron-o-matic 1,NewYork_01,46.2,SMALL_DEAL,
2024-11-28,Tron-o-matic 1,NewYork_02,46.2,SMALL_DEAL,
2024-11-28,Tron-o-matic 1,Chicago_01,46.2,SMALL_DEAL,
2024-11-28,Tron-o-matic 1,Dallas_01,46.2,SMALL_DEAL,
2024-11-28,Tron-o-matic 1,Houston_01,46.2,SMALL_DEAL,
2024-11-28,Tron-o-matic 1,WashingtonDC_01,46.2,SMALL_DEAL,
2024-11-28,Tron-o-matic 1,Atlanta_01,46.2,SMALL_DEAL,
2024-11-28,Tron-o-matic 1,Philadelphia_01,46.2,SMALL_DEAL,
2024-11-28,Tron-o-matic 1 Pro,Online_Store,66.48,SMALL_DEAL,
2024-11-28,Tron-o-matic 1 Pro,LosAngeles_01,66.48,SMALL_DEAL,
2024-11-28,Tron-o-matic 1 Pro,NewYork_01,66.48,SMALL_DEAL,
2024-11-28,Tron-o-matic 1 Pro,NewYork_02,66.48,SMALL_DEAL,
2024-11-28,Tron-o-matic 1 Pro,Chicago_01,66.48,SMALL_DEAL,
2024-11-28,Tron-o-matic 1 Pro,Dallas_01,66.48,SMALL_DEAL,
2024-11-28,Tron-o-matic 1 Pro,Houston_01,66.48,SMALL_DEAL,
2024-11-28,Tron-o-matic 1 Pro,WashingtonDC_01,66.48,SMALL_DEAL,
2024-11-28,Tron-o-matic 1 Pro,Atlanta_01,66.48,SMALL_DEAL,
2024-11-28,Tron-o-matic 1 Pro,Philadelphia_01,66.48,SMALL_DEAL,
2024-11-28,Tron-o-matic 2,Online_Store,38.59,BIG_DEAL,
2024-11-28,Tron-o-matic 2,LosAngeles_01,38.59,BIG_DEAL,
2024-11-28,Tron-o-matic 2,NewYork_01,38.59,BIG_DEAL,
2024-11-28,Tron-o-matic 2,NewYork_02,38.59,BIG_DEAL,
2024-11-28,Tron-o-matic 2,Chicago_01,38.59,BIG_DEAL,
2024-11-28,Tron-o-matic 2,Dallas_01,38.59,BIG_DEAL,
2024-11-28,Tron-o-matic 2,Houston_01,38.59,BIG_DEAL,
2024-11-28,Tron-o-matic 2,WashingtonDC_01,38.59,BIG_DEAL,
2024-11-28,Tron-o-matic 2,Atlanta_01,38.59,BIG_DEAL,
2024-11-28,Tron-o-matic 2,Philadelphia_01,38.59,BIG_DEAL,
2024-11-28,Tron-o-matic 2 Pro,Online_Store,76.5,None,
2024-11-28,Tron-o-matic 2 Pro,LosAngeles_01,76.5,None,
2024-11-28,Tron-o-matic 2 Pro,NewYork_01,76.5,None,
2024-11-28,Tron-o-matic 2 Pro,NewYork_02,76.5,None,
2024-11-28,Tron-o-matic 2 Pro,Chicago_01,76.5,None,
2024-11-28,Tron-o-matic 2 Pro,Dallas_01,76.5,None,
2024-11-28,Tron-o-matic 2 Pro,Houston_01,76.5,None,
2024-11-28,Tron-o-matic 2 Pro,WashingtonDC_01,76.5,None,
2024-11-28,Tron-o-matic 2 Pro,Atlanta_01,76.5,None,
2024-11-28,Tron-o-matic 2 Pro,Philadelphia_01,76.5,None,
2024-11-28,Tron-o-matic 3,Online_Store,46.55,SMALL_DEAL,
2024-11-28,Tron-o-matic 3,LosAngeles_01,46.55,SMALL_DEAL,
2024-11-28,Tron-o-matic 3,NewYork_01,46.55,SMALL_DEAL,
2024-11-28,Tron-o-matic 3,NewYork_02,46.55,SMALL_DEAL,
2024-11-28,Tron-o-matic 3,Chicago_01,46.55,SMALL_DEAL,
2024-11-28,Tron-o-matic 3,Dallas_01,46.55,SMALL_DEAL,
2024-11-28,Tron-o-matic 3,Houston_01,46.55,SMALL_DEAL,
2024-11-28,Tron-o-matic 3,WashingtonDC_01,46.55,SMALL_DEAL,
2024-11-28,Tron-o-matic 3,Atlanta_01,46.55,SMALL_DEAL,
2024-11-28,Tron-o-matic 3,Philadelphia_01,46.55,SMALL_DEAL,
2024-11-28,Tron-o-matic 3 Pro,Online_Store,81.0,None,
2024-11-28,Tron-o-matic 3 Pro,LosAngeles_01,81.0,None,
2024-11-28,Tron-o-matic 3 Pro,NewYork_01,81.0,None,
2024-11-28,Tron-o-matic 3 Pro,NewYork_02,81.0,None,
2024-11-28,Tron-o-matic 3 Pro,Chicago_01,81.0,None,
2024-11-28,Tron-o-matic 3 Pro,Dallas_01,81.0,None,
2024-11-28,Tron-o-matic 3 Pro,Houston_01,81.0,None,
2024-11-28,Tron-o-matic 3 Pro,WashingtonDC_01,81.0,None,
2024-11-28,Tron-o-matic 3 Pro,Atlanta_01,81.0,None,
2024-11-28,Tron-o-matic 3 Pro,Philadelphia_01,81.0,None,
2024-11-28,Tron-o-matic 4,Online_Store,67.5,None,
2024-11-28,Tron-o-matic 4,LosAngeles_01,67.5,None,
2024-11-28,Tron-o-matic 4,NewYork_01,67.5,None,
2024-11-28,Tron-o-matic 4,NewYork_02,67.5,None,
2024-11-28,Tron-o-matic 4,Chicago_01,67.5,None,
2024-11-28,Tron-o-matic 4,Dallas_01,67.5,None,
2024-11-28,Tron-o-matic 4,Houston_01,67.5,None,
2024-11-28,Tron-o-matic 4,WashingtonDC_01,67.5,None,
2024-11-28,Tron-o-matic 4,Atlanta_01,67.5,None,
2024-11-28,Tron-o-matic 4,Philadelphia_01,67.5,None,
2024-11-28,Tron-o-matic 4 Pro,Online_Store,90.0,None,
2024-11-28,Tron-o-matic 4 Pro,LosAngeles_01,90.0,None,
2024-11-28,Tron-o-matic 4 Pro,NewYork_01,90.0,None,
2024-11-28,Tron-o-matic 4 Pro,NewYork_02,90.0,None,
2024-11-28,Tron-o-matic 4 Pro,Chicago_01,90.0,None,
2024-11-28,Tron-o-matic 4 Pro,Dallas_01,90.0,None,
2024-11-28,Tron-o-matic 4 Pro,Houston_01,90.0,None,
2024-11-28,Tron-o-matic 4 Pro,WashingtonDC_01,90.0,None,
2024-11-28,Tron-o-matic 4 Pro,Atlanta_01,90.0,None,
2024-11-28,Tron-o-matic 4 Pro,Philadelphia_01,90.0,None,
2024-11-28,Tron-o-matic 5,Online_Store,65.73,SMALL_DEAL,
2024-11-28,Tron-o-matic 5,LosAngeles_01,65.73,SMALL_DEAL,
2024-11-28,Tron-o-matic 5,NewYork_01,65.73,SMALL_DEAL,
2024-11-28,Tron-o-matic 5,NewYork_02,65.73,SMALL_DEAL,
2024-11-28,Tron-o-matic 5,Chicago_01,65.73,SMALL_DEAL,
2024-11-28,Tron-o-matic 5,Dallas_01,65.73,SMALL_DEAL,
2024-11-28,Tron-o-matic 5,Houston_01,65.73,SMALL_DEAL,
2024-11-28,Tron-o-matic 5,WashingtonDC_01,65.73,SMALL_DEAL,
2024-11-28,Tron-o-matic 5,Atlanta_01,65.73,SMALL_DEAL,
2024-11-28,Tron-o-matic 5,Philadelphia_01,65.73,SMALL_DEAL,
2024-11-28,Tron-o-matic 5 Pro,Online_Store,99.0,None,
2024-11-28,Tron-o-matic 5 Pro,LosAngeles_01,99.0,None,
2024-11-28,Tron-o-matic 5 Pro,NewYork_01,99.0,None,
2024-11-28,Tron-o-matic 5 Pro,NewYork_02,99.0,None,
2024-11-28,Tron-o-matic 5 Pro,Chicago_01,99.0,None,
2024-11-28,Tron-o-matic 5 Pro,Dallas_01,99.0,None,
2024-11-28,Tron-o-matic 5 Pro,Houston_01,99.0,None,
2024-11-28,Tron-o-matic 5 Pro,WashingtonDC_01,99.0,None,
2024-11-28,Tron-o-matic 5 Pro,Atlanta_01,99.0,None,
2024-11-28,Tron-o-matic 5 Pro,Philadelphia_01,99.0,None,
2024-11-29,Tron-o-matic 1,Online_Store,37.8,Black Friday,
2024-11-29,Tron-o-matic 1,LosAngeles_01,37.8,Black Friday,
2024-11-29,Tron-o-matic 1,NewYork_01,37.8,Black Friday,
2024-11-29,Tron-o-matic 1,NewYork_02,37.8,Black Friday,
2024-11-29,Tron-o-matic 1,Chicago_01,37.8,Black Friday,
2024-11-29,Tron-o-matic 1,Dallas_01,37.8,Black Friday,
2024-11-29,Tron-o-matic 1,Houston_01,37.8,Black Friday,
2024-11-29,Tron-o-matic 1,WashingtonDC_01,37.8,Black Friday,
2024-11-29,Tron-o-matic 1,Atlanta_01,37.8,Black Friday,
2024-11-29,Tron-o-matic 1,Philadelphia_01,37.8,Black Friday,
2024-11-29,Tron-o-matic 1 Pro,Online_Store,50.4,Black Friday,
2024-11-29,Tron-o-matic 1 Pro,LosAngeles_01,50.4,Black Friday,
2024-11-29,Tron-o-matic 1 Pro,NewYork_01,50.4,Black Friday,
2024-11-29,Tron-o-matic 1 Pro,NewYork_02,50.4,Black Friday,
2024-11-29,Tron-o-matic 1 Pro,Chicago_01,50.4,Black Friday,
2024-11-29,Tron-o-matic 1 Pro,Dallas_01,50.4,Black Friday,
2024-11-29,Tron-o-matic 1 Pro,Houston_01,50.4,Black Friday,
2024-11-29,Tron-o-matic 1 Pro,WashingtonDC_01,50.4,Black Friday,
2024-11-29,Tron-o-matic 1 Pro,Atlanta_01,50.4,Black Friday,
2024-11-29,Tron-o-matic 1 Pro,Philadelphia_01,50.4,Black Friday,
2024-11-29,Tron-o-matic 2,Online_Store,34.65,Black Friday,
2024-11-29,Tron-o-matic 2,LosAngeles_01,34.65,Black Friday,
2024-11-29,Tron-o-matic 2,NewYork_01,34.65,Black Friday,
2024-11-29,Tron-o-matic 2,NewYork_02,34.65,Black Friday,
2024-11-29,Tron-o-matic 2,Chicago_01,34.65,Black Friday,
2024-11-29,Tron-o-matic 2,Dallas_01,34.65,Black Friday,
2024-11-29,Tron-o-matic 2,Houston_01,34.65,Black Friday,
2024-11-29,Tron-o-matic 2,WashingtonDC_01,34.65,Black Friday,
2024-11-29,Tron-o-matic 2,Atlanta_01,34.65,Black Friday,
2024-11-29,Tron-o-matic 2,Philadelphia_01,34.65,Black Friday,
2024-11-29,Tron-o-matic 2 Pro,Online_Store,53.55,Black Friday,
2024-11-29,Tron-o-matic 2 Pro,LosAngeles_01,53.55,Black Friday,
2024-11-29,Tron-o-matic 2 Pro,NewYork_01,53.55,Black Friday,
2024-11-29,Tron-o-matic 2 Pro,NewYork_02,53.55,Black Friday,
2024-11-29,Tron-o-matic 2 Pro,Chicago_01,53.55,Black Friday,
2024-11-29,Tron-o-matic 2 Pro,Dallas_01,53.55,Black Friday,
2024-11-29,Tron-o-matic 2 Pro,Houston_01,53.55,Black Friday,
2024-11-29,Tron-o-matic 2 Pro,WashingtonDC_01,53.55,Black Friday,
2024-11-29,Tron-o-matic 2 Pro,Atlanta_01,53.55,Black Friday,
2024-11-29,Tron-o-matic 2 Pro,Philadelphia_01,53.55,Black Friday,
2024-11-29,Tron-o-matic 3,Online_Store,37.8,Black Friday,
2024-11-29,Tron-o-matic 3,LosAngeles_01,37.8,Black Friday,
2024-11-29,Tron-o-matic 3,NewYork_01,37.8,Black Friday,
2024-11-29,Tron-o-matic 3,NewYork_02,37.8,Black Friday,
2024-11-29,Tron-o-matic 3,Chicago_01,37.8,Black Friday,
2024-11-29,Tron-o-matic 3,Dallas_01,37.8,Black Friday,
2024-11-29,Tron-o-matic 3,Houston_01,37.8,Black Friday,
2024-11-29,Tron-o-matic 3,WashingtonDC_01,37.8,Black Friday,
2024-11-29,Tron-o-matic 3,Atlanta_01,37.8,Black Friday,
2024-11-29,Tron-o-matic 3,Philadelphia_01,37.8,Black Friday,
2024-11-29,Tron-o-matic 3 Pro,Online_Store,56.7,Black Friday,
2024-11-29,Tron-o-matic 3 Pro,LosAngeles_01,56.7,Black Friday,
2024-11-29,Tron-o-matic 3 Pro,NewYork_01,56.7,Black Friday,
2024-11-29,Tron-o-matic 3 Pro,NewYork_02,56.7,Black Friday,
2024-11-29,Tron-o-matic 3 Pro,Chicago_01,56.7,Black Friday,
2024-11-29,Tron-o-matic 3 Pro,Dallas_01,56.7,Black Friday,
2024-11-29,Tron-o-matic 3 Pro,Houston_01,56.7,Black Friday,
2024-11-29,Tron-o-matic 3 Pro,WashingtonDC_01,56.7,Black Friday,
2024-11-29,Tron-o-matic 3 Pro,Atlanta_01,56.7,Black Friday,
2024-11-29,Tron-o-matic 3 Pro,Philadelphia_01,56.7,Black Friday,
2024-11-29,Tron-o-matic 4,Online_Store,47.25,Black Friday,
2024-11-29,Tron-o-matic 4,LosAngeles_01,47.25,Black Friday,
2024-11-29,Tron-o-matic 4,NewYork_01,47.25,Black Friday,
2024-11-29,Tron-o-matic 4,NewYork_02,47.25,Black Friday,
2024-11-29,Tron-o-matic 4,Chicago_01,47.25,Black Friday,
2024-11-29,Tron-o-matic 4,Dallas_01,47.25,Black Friday,
2024-11-29,Tron-o-matic 4,Houston_01,47.25,Black Friday,
2024-11-29,Tron-o-matic 4,WashingtonDC_01,47.25,Black Friday,
2024-11-29,Tron-o-matic 4,Atlanta_01,47.25,Black Friday,
2024-11-29,Tron-o-matic 4,Philadelphia_01,47.25,Black Friday,
2024-11-29,Tron-o-matic 4 Pro,Online_Store,63.0,Black Friday,
2024-11-29,Tron-o-matic 4 Pro,LosAngeles_01,63.0,Black Friday,
2024-11-29,Tron-o-matic 4 Pro,NewYork_01,63.0,Black Friday,
2024-11-29,Tron-o-matic 4 Pro,NewYork_02,63.0,Black Friday,
2024-11-29,Tron-o-matic 4 Pro,Chicago_01,63.0,Black Friday,
2024-11-29,Tron-o-matic 4 Pro,Dallas_01,63.0,Black Friday,
2024-11-29,Tron-o-matic 4 Pro,Houston_01,63.0,Black Friday,
2024-11-29,Tron-o-matic 4 Pro,WashingtonDC_01,63.0,Black Friday,
2024-11-29,Tron-o-matic 4 Pro,Atlanta_01,63.0,Black Friday,
2024-11-29,Tron-o-matic 4 Pro,Philadelphia_01,63.0,Black Friday,
2024-11-29,Tron-o-matic 5,Online_Store,50.4,Black Friday,
2024-11-29,Tron-o-matic 5,LosAngeles_01,50.4,Black Friday,
2024-11-29,Tron-o-matic 5,NewYork_01,50.4,Black Friday,
2024-11-29,Tron-o-matic 5,NewYork_02,50.4,Black Friday,
2024-11-29,Tron-o-matic 5,Chicago_01,50.4,Black Friday,
2024-11-29,Tron-o-matic 5,Dallas_01,50.4,Black Friday,
2024-11-29,Tron-o-matic 5,Houston_01,50.4,Black Friday,
2024-11-29,Tron-o-matic 5,WashingtonDC_01,50.4,Black Friday,
2024-11-29,Tron-o-matic 5,Atlanta_01,50.4,Black Friday,
2024-11-29,Tron-o-matic 5,Philadelphia_01,50.4,Black Friday,
2024-11-29,Tron-o-matic 5 Pro,Online_Store,69.3,Black Friday,
2024-11-29,Tron-o-matic 5 Pro,LosAngeles_01,69.3,Black Friday,
2024-11-29,Tron-o-matic 5 Pro,NewYork_01,69.3,Black Friday,
2024-11-29,Tron-o-matic 5 Pro,NewYork_02,69.3,Black Friday,
2024-11-29,Tron-o-matic 5 Pro,Chicago_01,69.3,Black Friday,
2024-11-29,Tron-o-matic 5 Pro,Dallas_01,69.3,Black Friday,
2024-11-29,Tron-o-matic 5 Pro,Houston_01,69.3,Black Friday,
2024-11-29,Tron-o-matic 5 Pro,WashingtonDC_01,69.3,Black Friday,
2024-11-29,Tron-o-matic 5 Pro,Atlanta_01,69.3,Black Friday,
2024-11-29,Tron-o-matic 5 Pro,Philadelphia_01,69.3,Black Friday,
2024-11-30,Tron-o-matic 1,Online_Store,54.0,None,
2024-11-30,Tron-o-matic 1,LosAngeles_01,54.0,None,
2024-11-30,Tron-o-matic 1,NewYork_01,54.0,None,
2024-11-30,Tron-o-matic 1,NewYork_02,54.0,None,
2024-11-30,Tron-o-matic 1,Chicago_01,54.0,None,
2024-11-30,Tron-o-matic 1,Dallas_01,54.0,None,
2024-11-30,Tron-o-matic 1,Houston_01,54.0,None,
2024-11-30,Tron-o-matic 1,WashingtonDC_01,54.0,None,
2024-11-30,Tron-o-matic 1,Atlanta_01,54.0,None,
2024-11-30,Tron-o-matic 1,Philadelphia_01,54.0,None,
2024-11-30,Tron-o-matic 1 Pro,Online_Store,72.0,None,
2024-11-30,Tron-o-matic 1 Pro,LosAngeles_01,72.0,None,
2024-11-30,Tron-o-matic 1 Pro,NewYork_01,72.0,None,
2024-11-30,Tron-o-matic 1 Pro,NewYork_02,72.0,None,
2024-11-30,Tron-o-matic 1 Pro,Chicago_01,72.0,None,
2024-11-30,Tron-o-matic 1 Pro,Dallas_01,72.0,None,
2024-11-30,Tron-o-matic 1 Pro,Houston_01,72.0,None,
2024-11-30,Tron-o-matic 1 Pro,WashingtonDC_01,72.0,None,
2024-11-30,Tron-o-matic 1 Pro,Atlanta_01,72.0,None,
2024-11-30,Tron-o-matic 1 Pro,Philadelphia_01,72.0,None,
2024-11-30,Tron-o-matic 2,Online_Store,49.5,None,
2024-11-30,Tron-o-matic 2,LosAngeles_01,49.5,None,
2024-11-30,Tron-o-matic 2,NewYork_01,49.5,None,
2024-11-30,Tron-o-matic 2,NewYork_02,49.5,None,
2024-11-30,Tron-o-matic 2,Chicago_01,49.5,None,
2024-11-30,Tron-o-matic 2,Dallas_01,49.5,None,
2024-11-30,Tron-o-matic 2,Houston_01,49.5,None,
2024-11-30,Tron-o-matic 2,WashingtonDC_01,49.5,None,
2024-11-30,Tron-o-matic 2,Atlanta_01,49.5,None,
2024-11-30,Tron-o-matic 2,Philadelphia_01,49.5,None,
2024-11-30,Tron-o-matic 2 Pro,Online_Store,71.11,SMALL_DEAL,
2024-11-30,Tron-o-matic 2 Pro,LosAngeles_01,71.11,SMALL_DEAL,
2024-11-30,Tron-o-matic 2 Pro,NewYork_01,71.11,SMALL_DEAL,
2024-11-30,Tron-o-matic 2 Pro,NewYork_02,71.11,SMALL_DEAL,
2024-11-30,Tron-o-matic 2 Pro,Chicago_01,71.11,SMALL_DEAL,
2024-11-30,Tron-o-matic 2 Pro,Dallas_01,71.11,SMALL_DEAL,
2024-11-30,Tron-o-matic 2 Pro,Houston_01,71.11,SMALL_DEAL,
2024-11-30,Tron-o-matic 2 Pro,WashingtonDC_01,71.11,SMALL_DEAL,
2024-11-30,Tron-o-matic 2 Pro,Atlanta_01,71.11,SMALL_DEAL,
2024-11-30,Tron-o-matic 2 Pro,Philadelphia_01,71.11,SMALL_DEAL,
2024-11-30,Tron-o-matic 3,Online_Store,40.78,BIG_DEAL,
2024-11-30,Tron-o-matic 3,LosAngeles_01,40.78,BIG_DEAL,
2024-11-30,Tron-o-matic 3,NewYork_01,40.78,BIG_DEAL,
2024-11-30,Tron-o-matic 3,NewYork_02,40.78,BIG_DEAL,
2024-11-30,Tron-o-matic 3,Chicago_01,40.78,BIG_DEAL,
2024-11-30,Tron-o-matic 3,Dallas_01,40.78,BIG_DEAL,
2024-11-30,Tron-o-matic 3,Houston_01,40.78,BIG_DEAL,
2024-11-30,Tron-o-matic 3,WashingtonDC_01,40.78,BIG_DEAL,
2024-11-30,Tron-o-matic 3,Atlanta_01,40.78,BIG_DEAL,
2024-11-30,Tron-o-matic 3,Philadelphia_01,40.78,BIG_DEAL,
2024-11-30,Tron-o-matic 3 Pro,Online_Store,81.0,None,
2024-11-30,Tron-o-matic 3 Pro,LosAngeles_01,81.0,None,
2024-11-30,Tron-o-matic 3 Pro,NewYork_01,81.0,None,
2024-11-30,Tron-o-matic 3 Pro,NewYork_02,81.0,None,
2024-11-30,Tron-o-matic 3 Pro,Chicago_01,81.0,None,
2024-11-30,Tron-o-matic 3 Pro,Dallas_01,81.0,None,
2024-11-30,Tron-o-matic 3 Pro,Houston_01,81.0,None,
2024-11-30,Tron-o-matic 3 Pro,WashingtonDC_01,81.0,None,
2024-11-30,Tron-o-matic 3 Pro,Atlanta_01,81.0,None,
2024-11-30,Tron-o-matic 3 Pro,Philadelphia_01,81.0,None,
2024-11-30,Tron-o-matic 4,Online_Store,67.5,None,
2024-11-30,Tron-o-matic 4,LosAngeles_01,67.5,None,
2024-11-30,Tron-o-matic 4,NewYork_01,67.5,None,
2024-11-30,Tron-o-matic 4,NewYork_02,67.5,None,
2024-11-30,Tron-o-matic 4,Chicago_01,67.5,None,
2024-11-30,Tron-o-matic 4,Dallas_01,67.5,None,
2024-11-30,Tron-o-matic 4,Houston_01,67.5,None,
2024-11-30,Tron-o-matic 4,WashingtonDC_01,67.5,None,
2024-11-30,Tron-o-matic 4,Atlanta_01,67.5,None,
2024-11-30,Tron-o-matic 4,Philadelphia_01,67.5,None,
2024-11-30,Tron-o-matic 4 Pro,Online_Store,90.0,None,
2024-11-30,Tron-o-matic 4 Pro,LosAngeles_01,90.0,None,
2024-11-30,Tron-o-matic 4 Pro,NewYork_01,90.0,None,
2024-11-30,Tron-o-matic 4 Pro,NewYork_02,90.0,None,
2024-11-30,Tron-o-matic 4 Pro,Chicago_01,90.0,None,
2024-11-30,Tron-o-matic 4 Pro,Dallas_01,90.0,None,
2024-11-30,Tron-o-matic 4 Pro,Houston_01,90.0,None,
2024-11-30,Tron-o-matic 4 Pro,WashingtonDC_01,90.0,None,
2024-11-30,Tron-o-matic 4 Pro,Atlanta_01,90.0,None,
2024-11-30,Tron-o-matic 4 Pro,Philadelphia_01,90.0,None,
2024-11-30,Tron-o-matic 5,Online_Store,72.0,None,
2024-11-30,Tron-o-matic 5,LosAngeles_01,72.0,None,
2024-11-30,Tron-o-matic 5,NewYork_01,72.0,None,
2024-11-30,Tron-o-matic 5,NewYork_02,72.0,None,
2024-11-30,Tron-o-matic 5,Chicago_01,72.0,None,
2024-11-30,Tron-o-matic 5,Dallas_01,72.0,None,
2024-11-30,Tron-o-matic 5,Houston_01,72.0,None,
2024-11-30,Tron-o-matic 5,WashingtonDC_01,72.0,None,
2024-11-30,Tron-o-matic 5,Atlanta_01,72.0,None,
2024-11-30,Tron-o-matic 5,Philadelphia_01,72.0,None,
2024-11-30,Tron-o-matic 5 Pro,Online_Store,99.0,None,
2024-11-30,Tron-o-matic 5 Pro,LosAngeles_01,99.0,None,
2024-11-30,Tron-o-matic 5 Pro,NewYork_01,99.0,None,
2024-11-30,Tron-o-matic 5 Pro,NewYork_02,99.0,None,
2024-11-30,Tron-o-matic 5 Pro,Chicago_01,99.0,None,
2024-11-30,Tron-o-matic 5 Pro,Dallas_01,99.0,None,
2024-11-30,Tron-o-matic 5 Pro,Houston_01,99.0,None,
2024-11-30,Tron-o-matic 5 Pro,WashingtonDC_01,99.0,None,
2024-11-30,Tron-o-matic 5 Pro,Atlanta_01,99.0,None,
2024-11-30,Tron-o-matic 5 Pro,Philadelphia_01,99.0,None,
2024-12-01,Tron-o-matic 1,Online_Store,40.54,BIG_DEAL,
2024-12-01,Tron-o-matic 1,LosAngeles_01,40.54,BIG_DEAL,
2024-12-01,Tron-o-matic 1,NewYork_01,40.54,BIG_DEAL,
2024-12-01,Tron-o-matic 1,NewYork_02,40.54,BIG_DEAL,
2024-12-01,Tron-o-matic 1,Chicago_01,40.54,BIG_DEAL,
2024-12-01,Tron-o-matic 1,Dallas_01,40.54,BIG_DEAL,
2024-12-01,Tron-o-matic 1,Houston_01,40.54,BIG_DEAL,
2024-12-01,Tron-o-matic 1,WashingtonDC_01,40.54,BIG_DEAL,
2024-12-01,Tron-o-matic 1,Atlanta_01,40.54,BIG_DEAL,
2024-12-01,Tron-o-matic 1,Philadelphia_01,40.54,BIG_DEAL,
2024-12-01,Tron-o-matic 1 Pro,Online_Store,72.0,None,
2024-12-01,Tron-o-matic 1 Pro,LosAngeles_01,72.0,None,
2024-12-01,Tron-o-matic 1 Pro,NewYork_01,72.0,None,
2024-12-01,Tron-o-matic 1 Pro,NewYork_02,72.0,None,
2024-12-01,Tron-o-matic 1 Pro,Chicago_01,72.0,None,
2024-12-01,Tron-o-matic 1 Pro,Dallas_01,72.0,None,
2024-12-01,Tron-o-matic 1 Pro,Houston_01,72.0,None,
2024-12-01,Tron-o-matic 1 Pro,WashingtonDC_01,72.0,None,
2024-12-01,Tron-o-matic 1 Pro,Atlanta_01,72.0,None,
2024-12-01,Tron-o-matic 1 Pro,Philadelphia_01,72.0,None,
2024-12-01,Tron-o-matic 2,Online_Store,44.8,SMALL_DEAL,
2024-12-01,Tron-o-matic 2,LosAngeles_01,44.8,SMALL_DEAL,
2024-12-01,Tron-o-matic 2,NewYork_01,44.8,SMALL_DEAL,
2024-12-01,Tron-o-matic 2,NewYork_02,44.8,SMALL_DEAL,
2024-12-01,Tron-o-matic 2,Chicago_01,44.8,SMALL_DEAL,
2024-12-01,Tron-o-matic 2,Dallas_01,44.8,SMALL_DEAL,
2024-12-01,Tron-o-matic 2,Houston_01,44.8,SMALL_DEAL,
2024-12-01,Tron-o-matic 2,WashingtonDC_01,44.8,SMALL_DEAL,
2024-12-01,Tron-o-matic 2,Atlanta_01,44.8,SMALL_DEAL,
2024-12-01,Tron-o-matic 2,Philadelphia_01,44.8,SMALL_DEAL,
2024-12-01,Tron-o-matic 2 Pro,Online_Store,60.66,BIG_DEAL,
2024-12-01,Tron-o-matic 2 Pro,LosAngeles_01,60.66,BIG_DEAL,
2024-12-01,Tron-o-matic 2 Pro,NewYork_01,60.66,BIG_DEAL,
2024-12-01,Tron-o-matic 2 Pro,NewYork_02,60.66,BIG_DEAL,
2024-12-01,Tron-o-matic 2 Pro,Chicago_01,60.66,BIG_DEAL,
2024-12-01,Tron-o-matic 2 Pro,Dallas_01,60.66,BIG_DEAL,
2024-12-01,Tron-o-matic 2 Pro,Houston_01,60.66,BIG_DEAL,
2024-12-01,Tron-o-matic 2 Pro,WashingtonDC_01,60.66,BIG_DEAL,
2024-12-01,Tron-o-matic 2 Pro,Atlanta_01,60.66,BIG_DEAL,
2024-12-01,Tron-o-matic 2 Pro,Philadelphia_01,60.66,BIG_DEAL,
2024-12-01,Tron-o-matic 3,Online_Store,39.85,BIG_DEAL,
2024-12-01,Tron-o-matic 3,LosAngeles_01,39.85,BIG_DEAL,
2024-12-01,Tron-o-matic 3,NewYork_01,39.85,BIG_DEAL,
2024-12-01,Tron-o-matic 3,NewYork_02,39.85,BIG_DEAL,
2024-12-01,Tron-o-matic 3,Chicago_01,39.85,BIG_DEAL,
2024-12-01,Tron-o-matic 3,Dallas_01,39.85,BIG_DEAL,
2024-12-01,Tron-o-matic 3,Houston_01,39.85,BIG_DEAL,
2024-12-01,Tron-o-matic 3,WashingtonDC_01,39.85,BIG_DEAL,
2024-12-01,Tron-o-matic 3,Atlanta_01,39.85,BIG_DEAL,
2024-12-01,Tron-o-matic 3,Philadelphia_01,39.85,BIG_DEAL,
2024-12-01,Tron-o-matic 3 Pro,Online_Store,60.65,BIG_DEAL,
2024-12-01,Tron-o-matic 3 Pro,LosAngeles_01,60.65,BIG_DEAL,
2024-12-01,Tron-o-matic 3 Pro,NewYork_01,60.65,BIG_DEAL,
2024-12-01,Tron-o-matic 3 Pro,NewYork_02,60.65,BIG_DEAL,
2024-12-01,Tron-o-matic 3 Pro,Chicago_01,60.65,BIG_DEAL,
2024-12-01,Tron-o-matic 3 Pro,Dallas_01,60.65,BIG_DEAL,
2024-12-01,Tron-o-matic 3 Pro,Houston_01,60.65,BIG_DEAL,
2024-12-01,Tron-o-matic 3 Pro,WashingtonDC_01,60.65,BIG_DEAL,
2024-12-01,Tron-o-matic 3 Pro,Atlanta_01,60.65,BIG_DEAL,
2024-12-01,Tron-o-matic 3 Pro,Philadelphia_01,60.65,BIG_DEAL,
2024-12-01,Tron-o-matic 4,Online_Store,59.76,SMALL_DEAL,
2024-12-01,Tron-o-matic 4,LosAngeles_01,59.76,SMALL_DEAL,
2024-12-01,Tron-o-matic 4,NewYork_01,59.76,SMALL_DEAL,
2024-12-01,Tron-o-matic 4,NewYork_02,59.76,SMALL_DEAL,
2024-12-01,Tron-o-matic 4,Chicago_01,59.76,SMALL_DEAL,
2024-12-01,Tron-o-matic 4,Dallas_01,59.76,SMALL_DEAL,
2024-12-01,Tron-o-matic 4,Houston_01,59.76,SMALL_DEAL,
2024-12-01,Tron-o-matic 4,WashingtonDC_01,59.76,SMALL_DEAL,
2024-12-01,Tron-o-matic 4,Atlanta_01,59.76,SMALL_DEAL,
2024-12-01,Tron-o-matic 4,Philadelphia_01,59.76,SMALL_DEAL,
2024-12-01,Tron-o-matic 4 Pro,Online_Store,90.0,None,
2024-12-01,Tron-o-matic 4 Pro,LosAngeles_01,90.0,None,
2024-12-01,Tron-o-matic 4 Pro,NewYork_01,90.0,None,
2024-12-01,Tron-o-matic 4 Pro,NewYork_02,90.0,None,
2024-12-01,Tron-o-matic 4 Pro,Chicago_01,90.0,None,
2024-12-01,Tron-o-matic 4 Pro,Dallas_01,90.0,None,
2024-12-01,Tron-o-matic 4 Pro,Houston_01,90.0,None,
2024-12-01,Tron-o-matic 4 Pro,WashingtonDC_01,90.0,None,
2024-12-01,Tron-o-matic 4 Pro,Atlanta_01,90.0,None,
2024-12-01,Tron-o-matic 4 Pro,Philadelphia_01,90.0,None,
2024-12-01,Tron-o-matic 5,Online_Store,72.0,None,
2024-12-01,Tron-o-matic 5,LosAngeles_01,72.0,None,
2024-12-01,Tron-o-matic 5,NewYork_01,72.0,None,
2024-12-01,Tron-o-matic 5,NewYork_02,72.0,None,
2024-12-01,Tron-o-matic 5,Chicago_01,72.0,None,
2024-12-01,Tron-o-matic 5,Dallas_01,72.0,None,
2024-12-01,Tron-o-matic 5,Houston_01,72.0,None,
2024-12-01,Tron-o-matic 5,WashingtonDC_01,72.0,None,
2024-12-01,Tron-o-matic 5,Atlanta_01,72.0,None,
2024-12-01,Tron-o-matic 5,Philadelphia_01,72.0,None,
2024-12-01,Tron-o-matic 5 Pro,Online_Store,87.96,SMALL_DEAL,
2024-12-01,Tron-o-matic 5 Pro,LosAngeles_01,87.96,SMALL_DEAL,
2024-12-01,Tron-o-matic 5 Pro,NewYork_01,87.96,SMALL_DEAL,
2024-12-01,Tron-o-matic 5 Pro,NewYork_02,87.96,SMALL_DEAL,
2024-12-01,Tron-o-matic 5 Pro,Chicago_01,87.96,SMALL_DEAL,
2024-12-01,Tron-o-matic 5 Pro,Dallas_01,87.96,SMALL_DEAL,
2024-12-01,Tron-o-matic 5 Pro,Houston_01,87.96,SMALL_DEAL,
2024-12-01,Tron-o-matic 5 Pro,WashingtonDC_01,87.96,SMALL_DEAL,
2024-12-01,Tron-o-matic 5 Pro,Atlanta_01,87.96,SMALL_DEAL,
2024-12-01,Tron-o-matic 5 Pro,Philadelphia_01,87.96,SMALL_DEAL,
2024-12-02,Tron-o-matic 1,Online_Store,54.0,None,
2024-12-02,Tron-o-matic 1,LosAngeles_01,54.0,None,
2024-12-02,Tron-o-matic 1,NewYork_01,54.0,None,
2024-12-02,Tron-o-matic 1,NewYork_02,54.0,None,
2024-12-02,Tron-o-matic 1,Chicago_01,54.0,None,
2024-12-02,Tron-o-matic 1,Dallas_01,54.0,None,
2024-12-02,Tron-o-matic 1,Houston_01,54.0,None,
2024-12-02,Tron-o-matic 1,WashingtonDC_01,54.0,None,
2024-12-02,Tron-o-matic 1,Atlanta_01,54.0,None,
2024-12-02,Tron-o-matic 1,Philadelphia_01,54.0,None,
2024-12-02,Tron-o-matic 1 Pro,Online_Store,72.0,None,
2024-12-02,Tron-o-matic 1 Pro,LosAngeles_01,72.0,None,
2024-12-02,Tron-o-matic 1 Pro,NewYork_01,72.0,None,
2024-12-02,Tron-o-matic 1 Pro,NewYork_02,72.0,None,
2024-12-02,Tron-o-matic 1 Pro,Chicago_01,72.0,None,
2024-12-02,Tron-o-matic 1 Pro,Dallas_01,72.0,None,
2024-12-02,Tron-o-matic 1 Pro,Houston_01,72.0,None,
2024-12-02,Tron-o-matic 1 Pro,WashingtonDC_01,72.0,None,
2024-12-02,Tron-o-matic 1 Pro,Atlanta_01,72.0,None,
2024-12-02,Tron-o-matic 1 Pro,Philadelphia_01,72.0,None,
2024-12-02,Tron-o-matic 2,Online_Store,49.5,None,
2024-12-02,Tron-o-matic 2,LosAngeles_01,49.5,None,
2024-12-02,Tron-o-matic 2,NewYork_01,49.5,None,
2024-12-02,Tron-o-matic 2,NewYork_02,49.5,None,
2024-12-02,Tron-o-matic 2,Chicago_01,49.5,None,
2024-12-02,Tron-o-matic 2,Dallas_01,49.5,None,
2024-12-02,Tron-o-matic 2,Houston_01,49.5,None,
2024-12-02,Tron-o-matic 2,WashingtonDC_01,49.5,None,
2024-12-02,Tron-o-matic 2,Atlanta_01,49.5,None,
2024-12-02,Tron-o-matic 2,Philadelphia_01,49.5,None,
2024-12-02,Tron-o-matic 2 Pro,Online_Store,76.5,None,
2024-12-02,Tron-o-matic 2 Pro,LosAngeles_01,76.5,None,
2024-12-02,Tron-o-matic 2 Pro,NewYork_01,76.5,None,
2024-12-02,Tron-o-matic 2 Pro,NewYork_02,76.5,None,
2024-12-02,Tron-o-matic 2 Pro,Chicago_01,76.5,None,
2024-12-02,Tron-o-matic 2 Pro,Dallas_01,76.5,None,
2024-12-02,Tron-o-matic 2 Pro,Houston_01,76.5,None,
2024-12-02,Tron-o-matic 2 Pro,WashingtonDC_01,76.5,None,
2024-12-02,Tron-o-matic 2 Pro,Atlanta_01,76.5,None,
2024-12-02,Tron-o-matic 2 Pro,Philadelphia_01,76.5,None,
2024-12-02,Tron-o-matic 3,Online_Store,54.0,None,
2024-12-02,Tron-o-matic 3,LosAngeles_01,54.0,None,
2024-12-02,Tron-o-matic 3,NewYork_01,54.0,None,
2024-12-02,Tron-o-matic 3,NewYork_02,54.0,None,
2024-12-02,Tron-o-matic 3,Chicago_01,54.0,None,
2024-12-02,Tron-o-matic 3,Dallas_01,54.0,None,
2024-12-02,Tron-o-matic 3,Houston_01,54.0,None,
2024-12-02,Tron-o-matic 3,WashingtonDC_01,54.0,None,
2024-12-02,Tron-o-matic 3,Atlanta_01,54.0,None,
2024-12-02,Tron-o-matic 3,Philadelphia_01,54.0,None,
2024-12-02,Tron-o-matic 3 Pro,Online_Store,81.0,None,
2024-12-02,Tron-o-matic 3 Pro,LosAngeles_01,81.0,None,
2024-12-02,Tron-o-matic 3 Pro,NewYork_01,81.0,None,
2024-12-02,Tron-o-matic 3 Pro,NewYork_02,81.0,None,
2024-12-02,Tron-o-matic 3 Pro,Chicago_01,81.0,None,
2024-12-02,Tron-o-matic 3 Pro,Dallas_01,81.0,None,
2024-12-02,Tron-o-matic 3 Pro,Houston_01,81.0,None,
2024-12-02,Tron-o-matic 3 Pro,WashingtonDC_01,81.0,None,
2024-12-02,Tron-o-matic 3 Pro,Atlanta_01,81.0,None,
2024-12-02,Tron-o-matic 3 Pro,Philadelphia_01,81.0,None,
2024-12-02,Tron-o-matic 4,Online_Store,67.5,None,
2024-12-02,Tron-o-matic 4,LosAngeles_01,67.5,None,
2024-12-02,Tron-o-matic 4,NewYork_01,67.5,None,
2024-12-02,Tron-o-matic 4,NewYork_02,67.5,None,
2024-12-02,Tron-o-matic 4,Chicago_01,67.5,None,
2024-12-02,Tron-o-matic 4,Dallas_01,67.5,None,
2024-12-02,Tron-o-matic 4,Houston_01,67.5,None,
2024-12-02,Tron-o-matic 4,WashingtonDC_01,67.5,None,
2024-12-02,Tron-o-matic 4,Atlanta_01,67.5,None,
2024-12-02,Tron-o-matic 4,Philadelphia_01,67.5,None,
2024-12-02,Tron-o-matic 4 Pro,Online_Store,90.0,None,
2024-12-02,Tron-o-matic 4 Pro,LosAngeles_01,90.0,None,
2024-12-02,Tron-o-matic 4 Pro,NewYork_01,90.0,None,
2024-12-02,Tron-o-matic 4 Pro,NewYork_02,90.0,None,
2024-12-02,Tron-o-matic 4 Pro,Chicago_01,90.0,None,
2024-12-02,Tron-o-matic 4 Pro,Dallas_01,90.0,None,
2024-12-02,Tron-o-matic 4 Pro,Houston_01,90.0,None,
2024-12-02,Tron-o-matic 4 Pro,WashingtonDC_01,90.0,None,
2024-12-02,Tron-o-matic 4 Pro,Atlanta_01,90.0,None,
2024-12-02,Tron-o-matic 4 Pro,Philadelphia_01,90.0,None,
2024-12-02,Tron-o-matic 5,Online_Store,54.49,BIG_DEAL,
2024-12-02,Tron-o-matic 5,LosAngeles_01,54.49,BIG_DEAL,
2024-12-02,Tron-o-matic 5,NewYork_01,54.49,BIG_DEAL,
2024-12-02,Tron-o-matic 5,NewYork_02,54.49,BIG_DEAL,
2024-12-02,Tron-o-matic 5,Chicago_01,54.49,BIG_DEAL,
2024-12-02,Tron-o-matic 5,Dallas_01,54.49,BIG_DEAL,
2024-12-02,Tron-o-matic 5,Houston_01,54.49,BIG_DEAL,
2024-12-02,Tron-o-matic 5,WashingtonDC_01,54.49,BIG_DEAL,
2024-12-02,Tron-o-matic 5,Atlanta_01,54.49,BIG_DEAL,
2024-12-02,Tron-o-matic 5,Philadelphia_01,54.49,BIG_DEAL,
2024-12-02,Tron-o-matic 5 Pro,Online_Store,99.0,None,
2024-12-02,Tron-o-matic 5 Pro,LosAngeles_01,99.0,None,
2024-12-02,Tron-o-matic 5 Pro,NewYork_01,99.0,None,
2024-12-02,Tron-o-matic 5 Pro,NewYork_02,99.0,None,
2024-12-02,Tron-o-matic 5 Pro,Chicago_01,99.0,None,
2024-12-02,Tron-o-matic 5 Pro,Dallas_01,99.0,None,
2024-12-02,Tron-o-matic 5 Pro,Houston_01,99.0,None,
2024-12-02,Tron-o-matic 5 Pro,WashingtonDC_01,99.0,None,
2024-12-02,Tron-o-matic 5 Pro,Atlanta_01,99.0,None,
2024-12-02,Tron-o-matic 5 Pro,Philadelphia_01,99.0,None,
2024-12-03,Tron-o-matic 1,Online_Store,54.0,None,
2024-12-03,Tron-o-matic 1,LosAngeles_01,54.0,None,
2024-12-03,Tron-o-matic 1,NewYork_01,54.0,None,
2024-12-03,Tron-o-matic 1,NewYork_02,54.0,None,
2024-12-03,Tron-o-matic 1,Chicago_01,54.0,None,
2024-12-03,Tron-o-matic 1,Dallas_01,54.0,None,
2024-12-03,Tron-o-matic 1,Houston_01,54.0,None,
2024-12-03,Tron-o-matic 1,WashingtonDC_01,54.0,None,
2024-12-03,Tron-o-matic 1,Atlanta_01,54.0,None,
2024-12-03,Tron-o-matic 1,Philadelphia_01,54.0,None,
2024-12-03,Tron-o-matic 1 Pro,Online_Store,72.0,None,
2024-12-03,Tron-o-matic 1 Pro,LosAngeles_01,72.0,None,
2024-12-03,Tron-o-matic 1 Pro,NewYork_01,72.0,None,
2024-12-03,Tron-o-matic 1 Pro,NewYork_02,72.0,None,
2024-12-03,Tron-o-matic 1 Pro,Chicago_01,72.0,None,
2024-12-03,Tron-o-matic 1 Pro,Dallas_01,72.0,None,
2024-12-03,Tron-o-matic 1 Pro,Houston_01,72.0,None,
2024-12-03,Tron-o-matic 1 Pro,WashingtonDC_01,72.0,None,
2024-12-03,Tron-o-matic 1 Pro,Atlanta_01,72.0,None,
2024-12-03,Tron-o-matic 1 Pro,Philadelphia_01,72.0,None,
2024-12-03,Tron-o-matic 2,Online_Store,43.67,SMALL_DEAL,
2024-12-03,Tron-o-matic 2,LosAngeles_01,43.67,SMALL_DEAL,
2024-12-03,Tron-o-matic 2,NewYork_01,43.67,SMALL_DEAL,
2024-12-03,Tron-o-matic 2,NewYork_02,43.67,SMALL_DEAL,
2024-12-03,Tron-o-matic 2,Chicago_01,43.67,SMALL_DEAL,
2024-12-03,Tron-o-matic 2,Dallas_01,43.67,SMALL_DEAL,
2024-12-03,Tron-o-matic 2,Houston_01,43.67,SMALL_DEAL,
2024-12-03,Tron-o-matic 2,WashingtonDC_01,43.67,SMALL_DEAL,
2024-12-03,Tron-o-matic 2,Atlanta_01,43.67,SMALL_DEAL,
2024-12-03,Tron-o-matic 2,Philadelphia_01,43.67,SMALL_DEAL,
2024-12-03,Tron-o-matic 2 Pro,Online_Store,76.5,None,
2024-12-03,Tron-o-matic 2 Pro,LosAngeles_01,76.5,None,
2024-12-03,Tron-o-matic 2 Pro,NewYork_01,76.5,None,
2024-12-03,Tron-o-matic 2 Pro,NewYork_02,76.5,None,
2024-12-03,Tron-o-matic 2 Pro,Chicago_01,76.5,None,
2024-12-03,Tron-o-matic 2 Pro,Dallas_01,76.5,None,
2024-12-03,Tron-o-matic 2 Pro,Houston_01,76.5,None,
2024-12-03,Tron-o-matic 2 Pro,WashingtonDC_01,76.5,None,
2024-12-03,Tron-o-matic 2 Pro,Atlanta_01,76.5,None,
2024-12-03,Tron-o-matic 2 Pro,Philadelphia_01,76.5,None,
2024-12-03,Tron-o-matic 3,Online_Store,38.35,BIG_DEAL,
2024-12-03,Tron-o-matic 3,LosAngeles_01,38.35,BIG_DEAL,
2024-12-03,Tron-o-matic 3,NewYork_01,38.35,BIG_DEAL,
2024-12-03,Tron-o-matic 3,NewYork_02,38.35,BIG_DEAL,
2024-12-03,Tron-o-matic 3,Chicago_01,38.35,BIG_DEAL,
2024-12-03,Tron-o-matic 3,Dallas_01,38.35,BIG_DEAL,
2024-12-03,Tron-o-matic 3,Houston_01,38.35,BIG_DEAL,
2024-12-03,Tron-o-matic 3,WashingtonDC_01,38.35,BIG_DEAL,
2024-12-03,Tron-o-matic 3,Atlanta_01,38.35,BIG_DEAL,
2024-12-03,Tron-o-matic 3,Philadelphia_01,38.35,BIG_DEAL,
2024-12-03,Tron-o-matic 3 Pro,Online_Store,81.0,None,
2024-12-03,Tron-o-matic 3 Pro,LosAngeles_01,81.0,None,
2024-12-03,Tron-o-matic 3 Pro,NewYork_01,81.0,None,
2024-12-03,Tron-o-matic 3 Pro,NewYork_02,81.0,None,
2024-12-03,Tron-o-matic 3 Pro,Chicago_01,81.0,None,
2024-12-03,Tron-o-matic 3 Pro,Dallas_01,81.0,None,
2024-12-03,Tron-o-matic 3 Pro,Houston_01,81.0,None,
2024-12-03,Tron-o-matic 3 Pro,WashingtonDC_01,81.0,None,
2024-12-03,Tron-o-matic 3 Pro,Atlanta_01,81.0,None,
2024-12-03,Tron-o-matic 3 Pro,Philadelphia_01,81.0,None,
2024-12-03,Tron-o-matic 4,Online_Store,61.24,SMALL_DEAL,
2024-12-03,Tron-o-matic 4,LosAngeles_01,61.24,SMALL_DEAL,
2024-12-03,Tron-o-matic 4,NewYork_01,61.24,SMALL_DEAL,
2024-12-03,Tron-o-matic 4,NewYork_02,61.24,SMALL_DEAL,
2024-12-03,Tron-o-matic 4,Chicago_01,61.24,SMALL_DEAL,
2024-12-03,Tron-o-matic 4,Dallas_01,61.24,SMALL_DEAL,
2024-12-03,Tron-o-matic 4,Houston_01,61.24,SMALL_DEAL,
2024-12-03,Tron-o-matic 4,WashingtonDC_01,61.24,SMALL_DEAL,
2024-12-03,Tron-o-matic 4,Atlanta_01,61.24,SMALL_DEAL,
2024-12-03,Tron-o-matic 4,Philadelphia_01,61.24,SMALL_DEAL,
2024-12-03,Tron-o-matic 4 Pro,Online_Store,81.36,SMALL_DEAL,
2024-12-03,Tron-o-matic 4 Pro,LosAngeles_01,81.36,SMALL_DEAL,
2024-12-03,Tron-o-matic 4 Pro,NewYork_01,81.36,SMALL_DEAL,
2024-12-03,Tron-o-matic 4 Pro,NewYork_02,81.36,SMALL_DEAL,
2024-12-03,Tron-o-matic 4 Pro,Chicago_01,81.36,SMALL_DEAL,
2024-12-03,Tron-o-matic 4 Pro,Dallas_01,81.36,SMALL_DEAL,
2024-12-03,Tron-o-matic 4 Pro,Houston_01,81.36,SMALL_DEAL,
2024-12-03,Tron-o-matic 4 Pro,WashingtonDC_01,81.36,SMALL_DEAL,
2024-12-03,Tron-o-matic 4 Pro,Atlanta_01,81.36,SMALL_DEAL,
2024-12-03,Tron-o-matic 4 Pro,Philadelphia_01,81.36,SMALL_DEAL,
2024-12-03,Tron-o-matic 5,Online_Store,51.93,BIG_DEAL,
2024-12-03,Tron-o-matic 5,LosAngeles_01,51.93,BIG_DEAL,
2024-12-03,Tron-o-matic 5,NewYork_01,51.93,BIG_DEAL,
2024-12-03,Tron-o-matic 5,NewYork_02,51.93,BIG_DEAL,
2024-12-03,Tron-o-matic 5,Chicago_01,51.93,BIG_DEAL,
2024-12-03,Tron-o-matic 5,Dallas_01,51.93,BIG_DEAL,
2024-12-03,Tron-o-matic 5,Houston_01,51.93,BIG_DEAL,
2024-12-03,Tron-o-matic 5,WashingtonDC_01,51.93,BIG_DEAL,
2024-12-03,Tron-o-matic 5,Atlanta_01,51.93,BIG_DEAL,
2024-12-03,Tron-o-matic 5,Philadelphia_01,51.93,BIG_DEAL,
2024-12-03,Tron-o-matic 5 Pro,Online_Store,99.0,None,
2024-12-03,Tron-o-matic 5 Pro,LosAngeles_01,99.0,None,
2024-12-03,Tron-o-matic 5 Pro,NewYork_01,99.0,None,
2024-12-03,Tron-o-matic 5 Pro,NewYork_02,99.0,None,
2024-12-03,Tron-o-matic 5 Pro,Chicago_01,99.0,None,
2024-12-03,Tron-o-matic 5 Pro,Dallas_01,99.0,None,
2024-12-03,Tron-o-matic 5 Pro,Houston_01,99.0,None,
2024-12-03,Tron-o-matic 5 Pro,WashingtonDC_01,99.0,None,
2024-12-03,Tron-o-matic 5 Pro,Atlanta_01,99.0,None,
2024-12-03,Tron-o-matic 5 Pro,Philadelphia_01,99.0,None,
2024-12-04,Tron-o-matic 1,Online_Store,54.0,None,
2024-12-04,Tron-o-matic 1,LosAngeles_01,54.0,None,
2024-12-04,Tron-o-matic 1,NewYork_01,54.0,None,
2024-12-04,Tron-o-matic 1,NewYork_02,54.0,None,
2024-12-04,Tron-o-matic 1,Chicago_01,54.0,None,
2024-12-04,Tron-o-matic 1,Dallas_01,54.0,None,
2024-12-04,Tron-o-matic 1,Houston_01,54.0,None,
2024-12-04,Tron-o-matic 1,WashingtonDC_01,54.0,None,
2024-12-04,Tron-o-matic 1,Atlanta_01,54.0,None,
2024-12-04,Tron-o-matic 1,Philadelphia_01,54.0,None,
2024-12-04,Tron-o-matic 1 Pro,Online_Store,72.0,None,
2024-12-04,Tron-o-matic 1 Pro,LosAngeles_01,72.0,None,
2024-12-04,Tron-o-matic 1 Pro,NewYork_01,72.0,None,
2024-12-04,Tron-o-matic 1 Pro,NewYork_02,72.0,None,
2024-12-04,Tron-o-matic 1 Pro,Chicago_01,72.0,None,
2024-12-04,Tron-o-matic 1 Pro,Dallas_01,72.0,None,
2024-12-04,Tron-o-matic 1 Pro,Houston_01,72.0,None,
2024-12-04,Tron-o-matic 1 Pro,WashingtonDC_01,72.0,None,
2024-12-04,Tron-o-matic 1 Pro,Atlanta_01,72.0,None,
2024-12-04,Tron-o-matic 1 Pro,Philadelphia_01,72.0,None,
2024-12-04,Tron-o-matic 2,Online_Store,49.5,None,
2024-12-04,Tron-o-matic 2,LosAngeles_01,49.5,None,
2024-12-04,Tron-o-matic 2,NewYork_01,49.5,None,
2024-12-04,Tron-o-matic 2,NewYork_02,49.5,None,
2024-12-04,Tron-o-matic 2,Chicago_01,49.5,None,
2024-12-04,Tron-o-matic 2,Dallas_01,49.5,None,
2024-12-04,Tron-o-matic 2,Houston_01,49.5,None,
2024-12-04,Tron-o-matic 2,WashingtonDC_01,49.5,None,
2024-12-04,Tron-o-matic 2,Atlanta_01,49.5,None,
2024-12-04,Tron-o-matic 2,Philadelphia_01,49.5,None,
2024-12-04,Tron-o-matic 2 Pro,Online_Store,76.5,None,
2024-12-04,Tron-o-matic 2 Pro,LosAngeles_01,76.5,None,
2024-12-04,Tron-o-matic 2 Pro,NewYork_01,76.5,None,
2024-12-04,Tron-o-matic 2 Pro,NewYork_02,76.5,None,
2024-12-04,Tron-o-matic 2 Pro,Chicago_01,76.5,None,
2024-12-04,Tron-o-matic 2 Pro,Dallas_01,76.5,None,
2024-12-04,Tron-o-matic 2 Pro,Houston_01,76.5,None,
2024-12-04,Tron-o-matic 2 Pro,WashingtonDC_01,76.5,None,
2024-12-04,Tron-o-matic 2 Pro,Atlanta_01,76.5,None,
2024-12-04,Tron-o-matic 2 Pro,Philadelphia_01,76.5,None,
2024-12-04,Tron-o-matic 3,Online_Store,46.18,SMALL_DEAL,
2024-12-04,Tron-o-matic 3,LosAngeles_01,46.18,SMALL_DEAL,
2024-12-04,Tron-o-matic 3,NewYork_01,46.18,SMALL_DEAL,
2024-12-04,Tron-o-matic 3,NewYork_02,46.18,SMALL_DEAL,
2024-12-04,Tron-o-matic 3,Chicago_01,46.18,SMALL_DEAL,
2024-12-04,Tron-o-matic 3,Dallas_01,46.18,SMALL_DEAL,
2024-12-04,Tron-o-matic 3,Houston_01,46.18,SMALL_DEAL,
2024-12-04,Tron-o-matic 3,WashingtonDC_01,46.18,SMALL_DEAL,
2024-12-04,Tron-o-matic 3,Atlanta_01,46.18,SMALL_DEAL,
2024-12-04,Tron-o-matic 3,Philadelphia_01,46.18,SMALL_DEAL,
2024-12-04,Tron-o-matic 3 Pro,Online_Store,64.15,BIG_DEAL,
2024-12-04,Tron-o-matic 3 Pro,LosAngeles_01,64.15,BIG_DEAL,
2024-12-04,Tron-o-matic 3 Pro,NewYork_01,64.15,BIG_DEAL,
2024-12-04,Tron-o-matic 3 Pro,NewYork_02,64.15,BIG_DEAL,
2024-12-04,Tron-o-matic 3 Pro,Chicago_01,64.15,BIG_DEAL,
2024-12-04,Tron-o-matic 3 Pro,Dallas_01,64.15,BIG_DEAL,
2024-12-04,Tron-o-matic 3 Pro,Houston_01,64.15,BIG_DEAL,
2024-12-04,Tron-o-matic 3 Pro,WashingtonDC_01,64.15,BIG_DEAL,
2024-12-04,Tron-o-matic 3 Pro,Atlanta_01,64.15,BIG_DEAL,
2024-12-04,Tron-o-matic 3 Pro,Philadelphia_01,64.15,BIG_DEAL,
2024-12-04,Tron-o-matic 4,Online_Store,67.5,None,
2024-12-04,Tron-o-matic 4,LosAngeles_01,67.5,None,
2024-12-04,Tron-o-matic 4,NewYork_01,67.5,None,
2024-12-04,Tron-o-matic 4,NewYork_02,67.5,None,
2024-12-04,Tron-o-matic 4,Chicago_01,67.5,None,
2024-12-04,Tron-o-matic 4,Dallas_01,67.5,None,
2024-12-04,Tron-o-matic 4,Houston_01,67.5,None,
2024-12-04,Tron-o-matic 4,WashingtonDC_01,67.5,None,
2024-12-04,Tron-o-matic 4,Atlanta_01,67.5,None,
2024-12-04,Tron-o-matic 4,Philadelphia_01,67.5,None,
2024-12-04,Tron-o-matic 4 Pro,Online_Store,90.0,None,
2024-12-04,Tron-o-matic 4 Pro,LosAngeles_01,90.0,None,
2024-12-04,Tron-o-matic 4 Pro,NewYork_01,90.0,None,
2024-12-04,Tron-o-matic 4 Pro,NewYork_02,90.0,None,
2024-12-04,Tron-o-matic 4 Pro,Chicago_01,90.0,None,
2024-12-04,Tron-o-matic 4 Pro,Dallas_01,90.0,None,
2024-12-04,Tron-o-matic 4 Pro,Houston_01,90.0,None,
2024-12-04,Tron-o-matic 4 Pro,WashingtonDC_01,90.0,None,
2024-12-04,Tron-o-matic 4 Pro,Atlanta_01,90.0,None,
2024-12-04,Tron-o-matic 4 Pro,Philadelphia_01,90.0,None,
2024-12-04,Tron-o-matic 5,Online_Store,72.0,None,
2024-12-04,Tron-o-matic 5,LosAngeles_01,72.0,None,
2024-12-04,Tron-o-matic 5,NewYork_01,72.0,None,
2024-12-04,Tron-o-matic 5,NewYork_02,72.0,None,
2024-12-04,Tron-o-matic 5,Chicago_01,72.0,None,
2024-12-04,Tron-o-matic 5,Dallas_01,72.0,None,
2024-12-04,Tron-o-matic 5,Houston_01,72.0,None,
2024-12-04,Tron-o-matic 5,WashingtonDC_01,72.0,None,
2024-12-04,Tron-o-matic 5,Atlanta_01,72.0,None,
2024-12-04,Tron-o-matic 5,Philadelphia_01,72.0,None,
2024-12-04,Tron-o-matic 5 Pro,Online_Store,99.0,None,
2024-12-04,Tron-o-matic 5 Pro,LosAngeles_01,99.0,None,
2024-12-04,Tron-o-matic 5 Pro,NewYork_01,99.0,None,
2024-12-04,Tron-o-matic 5 Pro,NewYork_02,99.0,None,
2024-12-04,Tron-o-matic 5 Pro,Chicago_01,99.0,None,
2024-12-04,Tron-o-matic 5 Pro,Dallas_01,99.0,None,
2024-12-04,Tron-o-matic 5 Pro,Houston_01,99.0,None,
2024-12-04,Tron-o-matic 5 Pro,WashingtonDC_01,99.0,None,
2024-12-04,Tron-o-matic 5 Pro,Atlanta_01,99.0,None,
2024-12-04,Tron-o-matic 5 Pro,Philadelphia_01,99.0,None,
2024-12-05,Tron-o-matic 1,Online_Store,54.0,None,
2024-12-05,Tron-o-matic 1,LosAngeles_01,54.0,None,
2024-12-05,Tron-o-matic 1,NewYork_01,54.0,None,
2024-12-05,Tron-o-matic 1,NewYork_02,54.0,None,
2024-12-05,Tron-o-matic 1,Chicago_01,54.0,None,
2024-12-05,Tron-o-matic 1,Dallas_01,54.0,None,
2024-12-05,Tron-o-matic 1,Houston_01,54.0,None,
2024-12-05,Tron-o-matic 1,WashingtonDC_01,54.0,None,
2024-12-05,Tron-o-matic 1,Atlanta_01,54.0,None,
2024-12-05,Tron-o-matic 1,Philadelphia_01,54.0,None,
2024-12-05,Tron-o-matic 1 Pro,Online_Store,61.68,SMALL_DEAL,
2024-12-05,Tron-o-matic 1 Pro,LosAngeles_01,61.68,SMALL_DEAL,
2024-12-05,Tron-o-matic 1 Pro,NewYork_01,61.68,SMALL_DEAL,
2024-12-05,Tron-o-matic 1 Pro,NewYork_02,61.68,SMALL_DEAL,
2024-12-05,Tron-o-matic 1 Pro,Chicago_01,61.68,SMALL_DEAL,
2024-12-05,Tron-o-matic 1 Pro,Dallas_01,61.68,SMALL_DEAL,
2024-12-05,Tron-o-matic 1 Pro,Houston_01,61.68,SMALL_DEAL,
2024-12-05,Tron-o-matic 1 Pro,WashingtonDC_01,61.68,SMALL_DEAL,
2024-12-05,Tron-o-matic 1 Pro,Atlanta_01,61.68,SMALL_DEAL,
2024-12-05,Tron-o-matic 1 Pro,Philadelphia_01,61.68,SMALL_DEAL,
2024-12-05,Tron-o-matic 2,Online_Store,49.5,None,
2024-12-05,Tron-o-matic 2,LosAngeles_01,49.5,None,
2024-12-05,Tron-o-matic 2,NewYork_01,49.5,None,
2024-12-05,Tron-o-matic 2,NewYork_02,49.5,None,
2024-12-05,Tron-o-matic 2,Chicago_01,49.5,None,
2024-12-05,Tron-o-matic 2,Dallas_01,49.5,None,
2024-12-05,Tron-o-matic 2,Houston_01,49.5,None,
2024-12-05,Tron-o-matic 2,WashingtonDC_01,49.5,None,
2024-12-05,Tron-o-matic 2,Atlanta_01,49.5,None,
2024-12-05,Tron-o-matic 2,Philadelphia_01,49.5,None,
2024-12-05,Tron-o-matic 2 Pro,Online_Store,76.5,None,
2024-12-05,Tron-o-matic 2 Pro,LosAngeles_01,76.5,None,
2024-12-05,Tron-o-matic 2 Pro,NewYork_01,76.5,None,
2024-12-05,Tron-o-matic 2 Pro,NewYork_02,76.5,None,
2024-12-05,Tron-o-matic 2 Pro,Chicago_01,76.5,None,
2024-12-05,Tron-o-matic 2 Pro,Dallas_01,76.5,None,
2024-12-05,Tron-o-matic 2 Pro,Houston_01,76.5,None,
2024-12-05,Tron-o-matic 2 Pro,WashingtonDC_01,76.5,None,
2024-12-05,Tron-o-matic 2 Pro,Atlanta_01,76.5,None,
2024-12-05,Tron-o-matic 2 Pro,Philadelphia_01,76.5,None,
2024-12-05,Tron-o-matic 3,Online_Store,54.0,None,
2024-12-05,Tron-o-matic 3,LosAngeles_01,54.0,None,
2024-12-05,Tron-o-matic 3,NewYork_01,54.0,None,
2024-12-05,Tron-o-matic 3,NewYork_02,54.0,None,
2024-12-05,Tron-o-matic 3,Chicago_01,54.0,None,
2024-12-05,Tron-o-matic 3,Dallas_01,54.0,None,
2024-12-05,Tron-o-matic 3,Houston_01,54.0,None,
2024-12-05,Tron-o-matic 3,WashingtonDC_01,54.0,None,
2024-12-05,Tron-o-matic 3,Atlanta_01,54.0,None,
2024-12-05,Tron-o-matic 3,Philadelphia_01,54.0,None,
2024-12-05,Tron-o-matic 3 Pro,Online_Store,81.0,None,
2024-12-05,Tron-o-matic 3 Pro,LosAngeles_01,81.0,None,
2024-12-05,Tron-o-matic 3 Pro,NewYork_01,81.0,None,
2024-12-05,Tron-o-matic 3 Pro,NewYork_02,81.0,None,
2024-12-05,Tron-o-matic 3 Pro,Chicago_01,81.0,None,
2024-12-05,Tron-o-matic 3 Pro,Dallas_01,81.0,None,
2024-12-05,Tron-o-matic 3 Pro,Houston_01,81.0,None,
2024-12-05,Tron-o-matic 3 Pro,WashingtonDC_01,81.0,None,
2024-12-05,Tron-o-matic 3 Pro,Atlanta_01,81.0,None,
2024-12-05,Tron-o-matic 3 Pro,Philadelphia_01,81.0,None,
2024-12-05,Tron-o-matic 4,Online_Store,67.5,None,
2024-12-05,Tron-o-matic 4,LosAngeles_01,67.5,None,
2024-12-05,Tron-o-matic 4,NewYork_01,67.5,None,
2024-12-05,Tron-o-matic 4,NewYork_02,67.5,None,
2024-12-05,Tron-o-matic 4,Chicago_01,67.5,None,
2024-12-05,Tron-o-matic 4,Dallas_01,67.5,None,
2024-12-05,Tron-o-matic 4,Houston_01,67.5,None,
2024-12-05,Tron-o-matic 4,WashingtonDC_01,67.5,None,
2024-12-05,Tron-o-matic 4,Atlanta_01,67.5,None,
2024-12-05,Tron-o-matic 4,Philadelphia_01,67.5,None,
2024-12-05,Tron-o-matic 4 Pro,Online_Store,90.0,None,
2024-12-05,Tron-o-matic 4 Pro,LosAngeles_01,90.0,None,
2024-12-05,Tron-o-matic 4 Pro,NewYork_01,90.0,None,
2024-12-05,Tron-o-matic 4 Pro,NewYork_02,90.0,None,
2024-12-05,Tron-o-matic 4 Pro,Chicago_01,90.0,None,
2024-12-05,Tron-o-matic 4 Pro,Dallas_01,90.0,None,
2024-12-05,Tron-o-matic 4 Pro,Houston_01,90.0,None,
2024-12-05,Tron-o-matic 4 Pro,WashingtonDC_01,90.0,None,
2024-12-05,Tron-o-matic 4 Pro,Atlanta_01,90.0,None,
2024-12-05,Tron-o-matic 4 Pro,Philadelphia_01,90.0,None,
2024-12-05,Tron-o-matic 5,Online_Store,72.0,None,
2024-12-05,Tron-o-matic 5,LosAngeles_01,72.0,None,
2024-12-05,Tron-o-matic 5,NewYork_01,72.0,None,
2024-12-05,Tron-o-matic 5,NewYork_02,72.0,None,
2024-12-05,Tron-o-matic 5,Chicago_01,72.0,None,
2024-12-05,Tron-o-matic 5,Dallas_01,72.0,None,
2024-12-05,Tron-o-matic 5,Houston_01,72.0,None,
2024-12-05,Tron-o-matic 5,WashingtonDC_01,72.0,None,
2024-12-05,Tron-o-matic 5,Atlanta_01,72.0,None,
2024-12-05,Tron-o-matic 5,Philadelphia_01,72.0,None,
2024-12-05,Tron-o-matic 5 Pro,Online_Store,99.0,None,
2024-12-05,Tron-o-matic 5 Pro,LosAngeles_01,99.0,None,
2024-12-05,Tron-o-matic 5 Pro,NewYork_01,99.0,None,
2024-12-05,Tron-o-matic 5 Pro,NewYork_02,99.0,None,
2024-12-05,Tron-o-matic 5 Pro,Chicago_01,99.0,None,
2024-12-05,Tron-o-matic 5 Pro,Dallas_01,99.0,None,
2024-12-05,Tron-o-matic 5 Pro,Houston_01,99.0,None,
2024-12-05,Tron-o-matic 5 Pro,WashingtonDC_01,99.0,None,
2024-12-05,Tron-o-matic 5 Pro,Atlanta_01,99.0,None,
2024-12-05,Tron-o-matic 5 Pro,Philadelphia_01,99.0,None,
2024-12-06,Tron-o-matic 1,Online_Store,54.0,None,
2024-12-06,Tron-o-matic 1,LosAngeles_01,54.0,None,
2024-12-06,Tron-o-matic 1,NewYork_01,54.0,None,
2024-12-06,Tron-o-matic 1,NewYork_02,54.0,None,
2024-12-06,Tron-o-matic 1,Chicago_01,54.0,None,
2024-12-06,Tron-o-matic 1,Dallas_01,54.0,None,
2024-12-06,Tron-o-matic 1,Houston_01,54.0,None,
2024-12-06,Tron-o-matic 1,WashingtonDC_01,54.0,None,
2024-12-06,Tron-o-matic 1,Atlanta_01,54.0,None,
2024-12-06,Tron-o-matic 1,Philadelphia_01,54.0,None,
2024-12-06,Tron-o-matic 1 Pro,Online_Store,55.9,BIG_DEAL,
2024-12-06,Tron-o-matic 1 Pro,LosAngeles_01,55.9,BIG_DEAL,
2024-12-06,Tron-o-matic 1 Pro,NewYork_01,55.9,BIG_DEAL,
2024-12-06,Tron-o-matic 1 Pro,NewYork_02,55.9,BIG_DEAL,
2024-12-06,Tron-o-matic 1 Pro,Chicago_01,55.9,BIG_DEAL,
2024-12-06,Tron-o-matic 1 Pro,Dallas_01,55.9,BIG_DEAL,
2024-12-06,Tron-o-matic 1 Pro,Houston_01,55.9,BIG_DEAL,
2024-12-06,Tron-o-matic 1 Pro,WashingtonDC_01,55.9,BIG_DEAL,
2024-12-06,Tron-o-matic 1 Pro,Atlanta_01,55.9,BIG_DEAL,
2024-12-06,Tron-o-matic 1 Pro,Philadelphia_01,55.9,BIG_DEAL,
2024-12-06,Tron-o-matic 2,Online_Store,44.92,SMALL_DEAL,
2024-12-06,Tron-o-matic 2,LosAngeles_01,44.92,SMALL_DEAL,
2024-12-06,Tron-o-matic 2,NewYork_01,44.92,SMALL_DEAL,
2024-12-06,Tron-o-matic 2,NewYork_02,44.92,SMALL_DEAL,
2024-12-06,Tron-o-matic 2,Chicago_01,44.92,SMALL_DEAL,
2024-12-06,Tron-o-matic 2,Dallas_01,44.92,SMALL_DEAL,
2024-12-06,Tron-o-matic 2,Houston_01,44.92,SMALL_DEAL,
2024-12-06,Tron-o-matic 2,WashingtonDC_01,44.92,SMALL_DEAL,
2024-12-06,Tron-o-matic 2,Atlanta_01,44.92,SMALL_DEAL,
2024-12-06,Tron-o-matic 2,Philadelphia_01,44.92,SMALL_DEAL,
2024-12-06,Tron-o-matic 2 Pro,Online_Store,76.5,None,
2024-12-06,Tron-o-matic 2 Pro,LosAngeles_01,76.5,None,
2024-12-06,Tron-o-matic 2 Pro,NewYork_01,76.5,None,
2024-12-06,Tron-o-matic 2 Pro,NewYork_02,76.5,None,
2024-12-06,Tron-o-matic 2 Pro,Chicago_01,76.5,None,
2024-12-06,Tron-o-matic 2 Pro,Dallas_01,76.5,None,
2024-12-06,Tron-o-matic 2 Pro,Houston_01,76.5,None,
2024-12-06,Tron-o-matic 2 Pro,WashingtonDC_01,76.5,None,
2024-12-06,Tron-o-matic 2 Pro,Atlanta_01,76.5,None,
2024-12-06,Tron-o-matic 2 Pro,Philadelphia_01,76.5,None,
2024-12-06,Tron-o-matic 3,Online_Store,50.54,SMALL_DEAL,
2024-12-06,Tron-o-matic 3,LosAngeles_01,50.54,SMALL_DEAL,
2024-12-06,Tron-o-matic 3,NewYork_01,50.54,SMALL_DEAL,
2024-12-06,Tron-o-matic 3,NewYork_02,50.54,SMALL_DEAL,
2024-12-06,Tron-o-matic 3,Chicago_01,50.54,SMALL_DEAL,
2024-12-06,Tron-o-matic 3,Dallas_01,50.54,SMALL_DEAL,
2024-12-06,Tron-o-matic 3,Houston_01,50.54,SMALL_DEAL,
2024-12-06,Tron-o-matic 3,WashingtonDC_01,50.54,SMALL_DEAL,
2024-12-06,Tron-o-matic 3,Atlanta_01,50.54,SMALL_DEAL,
2024-12-06,Tron-o-matic 3,Philadelphia_01,50.54,SMALL_DEAL,
2024-12-06,Tron-o-matic 3 Pro,Online_Store,81.0,None,
2024-12-06,Tron-o-matic 3 Pro,LosAngeles_01,81.0,None,
2024-12-06,Tron-o-matic 3 Pro,NewYork_01,81.0,None,
2024-12-06,Tron-o-matic 3 Pro,NewYork_02,81.0,None,
2024-12-06,Tron-o-matic 3 Pro,Chicago_01,81.0,None,
2024-12-06,Tron-o-matic 3 Pro,Dallas_01,81.0,None,
2024-12-06,Tron-o-matic 3 Pro,Houston_01,81.0,None,
2024-12-06,Tron-o-matic 3 Pro,WashingtonDC_01,81.0,None,
2024-12-06,Tron-o-matic 3 Pro,Atlanta_01,81.0,None,
2024-12-06,Tron-o-matic 3 Pro,Philadelphia_01,81.0,None,
2024-12-06,Tron-o-matic 4,Online_Store,67.5,None,
2024-12-06,Tron-o-matic 4,LosAngeles_01,67.5,None,
2024-12-06,Tron-o-matic 4,NewYork_01,67.5,None,
2024-12-06,Tron-o-matic 4,NewYork_02,67.5,None,
2024-12-06,Tron-o-matic 4,Chicago_01,67.5,None,
2024-12-06,Tron-o-matic 4,Dallas_01,67.5,None,
2024-12-06,Tron-o-matic 4,Houston_01,67.5,None,
2024-12-06,Tron-o-matic 4,WashingtonDC_01,67.5,None,
2024-12-06,Tron-o-matic 4,Atlanta_01,67.5,None,
2024-12-06,Tron-o-matic 4,Philadelphia_01,67.5,None,
2024-12-06,Tron-o-matic 4 Pro,Online_Store,90.0,None,
2024-12-06,Tron-o-matic 4 Pro,LosAngeles_01,90.0,None,
2024-12-06,Tron-o-matic 4 Pro,NewYork_01,90.0,None,
2024-12-06,Tron-o-matic 4 Pro,NewYork_02,90.0,None,
2024-12-06,Tron-o-matic 4 Pro,Chicago_01,90.0,None,
2024-12-06,Tron-o-matic 4 Pro,Dallas_01,90.0,None,
2024-12-06,Tron-o-matic 4 Pro,Houston_01,90.0,None,
2024-12-06,Tron-o-matic 4 Pro,WashingtonDC_01,90.0,None,
2024-12-06,Tron-o-matic 4 Pro,Atlanta_01,90.0,None,
2024-12-06,Tron-o-matic 4 Pro,Philadelphia_01,90.0,None,
2024-12-06,Tron-o-matic 5,Online_Store,72.0,None,
2024-12-06,Tron-o-matic 5,LosAngeles_01,72.0,None,
2024-12-06,Tron-o-matic 5,NewYork_01,72.0,None,
2024-12-06,Tron-o-matic 5,NewYork_02,72.0,None,
2024-12-06,Tron-o-matic 5,Chicago_01,72.0,None,
2024-12-06,Tron-o-matic 5,Dallas_01,72.0,None,
2024-12-06,Tron-o-matic 5,Houston_01,72.0,None,
2024-12-06,Tron-o-matic 5,WashingtonDC_01,72.0,None,
2024-12-06,Tron-o-matic 5,Atlanta_01,72.0,None,
2024-12-06,Tron-o-matic 5,Philadelphia_01,72.0,None,
2024-12-06,Tron-o-matic 5 Pro,Online_Store,74.59,BIG_DEAL,
2024-12-06,Tron-o-matic 5 Pro,LosAngeles_01,74.59,BIG_DEAL,
2024-12-06,Tron-o-matic 5 Pro,NewYork_01,74.59,BIG_DEAL,
2024-12-06,Tron-o-matic 5 Pro,NewYork_02,74.59,BIG_DEAL,
2024-12-06,Tron-o-matic 5 Pro,Chicago_01,74.59,BIG_DEAL,
2024-12-06,Tron-o-matic 5 Pro,Dallas_01,74.59,BIG_DEAL,
2024-12-06,Tron-o-matic 5 Pro,Houston_01,74.59,BIG_DEAL,
2024-12-06,Tron-o-matic 5 Pro,WashingtonDC_01,74.59,BIG_DEAL,
2024-12-06,Tron-o-matic 5 Pro,Atlanta_01,74.59,BIG_DEAL,
2024-12-06,Tron-o-matic 5 Pro,Philadelphia_01,74.59,BIG_DEAL,
2024-12-07,Tron-o-matic 1,Online_Store,54.0,None,
2024-12-07,Tron-o-matic 1,LosAngeles_01,54.0,None,
2024-12-07,Tron-o-matic 1,NewYork_01,54.0,None,
2024-12-07,Tron-o-matic 1,NewYork_02,54.0,None,
2024-12-07,Tron-o-matic 1,Chicago_01,54.0,None,
2024-12-07,Tron-o-matic 1,Dallas_01,54.0,None,
2024-12-07,Tron-o-matic 1,Houston_01,54.0,None,
2024-12-07,Tron-o-matic 1,WashingtonDC_01,54.0,None,
2024-12-07,Tron-o-matic 1,Atlanta_01,54.0,None,
2024-12-07,Tron-o-matic 1,Philadelphia_01,54.0,None,
2024-12-07,Tron-o-matic 1 Pro,Online_Store,72.0,None,
2024-12-07,Tron-o-matic 1 Pro,LosAngeles_01,72.0,None,
2024-12-07,Tron-o-matic 1 Pro,NewYork_01,72.0,None,
2024-12-07,Tron-o-matic 1 Pro,NewYork_02,72.0,None,
2024-12-07,Tron-o-matic 1 Pro,Chicago_01,72.0,None,
2024-12-07,Tron-o-matic 1 Pro,Dallas_01,72.0,None,
2024-12-07,Tron-o-matic 1 Pro,Houston_01,72.0,None,
2024-12-07,Tron-o-matic 1 Pro,WashingtonDC_01,72.0,None,
2024-12-07,Tron-o-matic 1 Pro,Atlanta_01,72.0,None,
2024-12-07,Tron-o-matic 1 Pro,Philadelphia_01,72.0,None,
2024-12-07,Tron-o-matic 2,Online_Store,46.34,SMALL_DEAL,
2024-12-07,Tron-o-matic 2,LosAngeles_01,46.34,SMALL_DEAL,
2024-12-07,Tron-o-matic 2,NewYork_01,46.34,SMALL_DEAL,
2024-12-07,Tron-o-matic 2,NewYork_02,46.34,SMALL_DEAL,
2024-12-07,Tron-o-matic 2,Chicago_01,46.34,SMALL_DEAL,
2024-12-07,Tron-o-matic 2,Dallas_01,46.34,SMALL_DEAL,
2024-12-07,Tron-o-matic 2,Houston_01,46.34,SMALL_DEAL,
2024-12-07,Tron-o-matic 2,WashingtonDC_01,46.34,SMALL_DEAL,
2024-12-07,Tron-o-matic 2,Atlanta_01,46.34,SMALL_DEAL,
2024-12-07,Tron-o-matic 2,Philadelphia_01,46.34,SMALL_DEAL,
2024-12-07,Tron-o-matic 2 Pro,Online_Store,67.44,SMALL_DEAL,
2024-12-07,Tron-o-matic 2 Pro,LosAngeles_01,67.44,SMALL_DEAL,
2024-12-07,Tron-o-matic 2 Pro,NewYork_01,67.44,SMALL_DEAL,
2024-12-07,Tron-o-matic 2 Pro,NewYork_02,67.44,SMALL_DEAL,
2024-12-07,Tron-o-matic 2 Pro,Chicago_01,67.44,SMALL_DEAL,
2024-12-07,Tron-o-matic 2 Pro,Dallas_01,67.44,SMALL_DEAL,
2024-12-07,Tron-o-matic 2 Pro,Houston_01,67.44,SMALL_DEAL,
2024-12-07,Tron-o-matic 2 Pro,WashingtonDC_01,67.44,SMALL_DEAL,
2024-12-07,Tron-o-matic 2 Pro,Atlanta_01,67.44,SMALL_DEAL,
2024-12-07,Tron-o-matic 2 Pro,Philadelphia_01,67.44,SMALL_DEAL,
2024-12-07,Tron-o-matic 3,Online_Store,46.33,SMALL_DEAL,
2024-12-07,Tron-o-matic 3,LosAngeles_01,46.33,SMALL_DEAL,
2024-12-07,Tron-o-matic 3,NewYork_01,46.33,SMALL_DEAL,
2024-12-07,Tron-o-matic 3,NewYork_02,46.33,SMALL_DEAL,
2024-12-07,Tron-o-matic 3,Chicago_01,46.33,SMALL_DEAL,
2024-12-07,Tron-o-matic 3,Dallas_01,46.33,SMALL_DEAL,
2024-12-07,Tron-o-matic 3,Houston_01,46.33,SMALL_DEAL,
2024-12-07,Tron-o-matic 3,WashingtonDC_01,46.33,SMALL_DEAL,
2024-12-07,Tron-o-matic 3,Atlanta_01,46.33,SMALL_DEAL,
2024-12-07,Tron-o-matic 3,Philadelphia_01,46.33,SMALL_DEAL,
2024-12-07,Tron-o-matic 3 Pro,Online_Store,76.51,SMALL_DEAL,
2024-12-07,Tron-o-matic 3 Pro,LosAngeles_01,76.51,SMALL_DEAL,
2024-12-07,Tron-o-matic 3 Pro,NewYork_01,76.51,SMALL_DEAL,
2024-12-07,Tron-o-matic 3 Pro,NewYork_02,76.51,SMALL_DEAL,
2024-12-07,Tron-o-matic 3 Pro,Chicago_01,76.51,SMALL_DEAL,
2024-12-07,Tron-o-matic 3 Pro,Dallas_01,76.51,SMALL_DEAL,
2024-12-07,Tron-o-matic 3 Pro,Houston_01,76.51,SMALL_DEAL,
2024-12-07,Tron-o-matic 3 Pro,WashingtonDC_01,76.51,SMALL_DEAL,
2024-12-07,Tron-o-matic 3 Pro,Atlanta_01,76.51,SMALL_DEAL,
2024-12-07,Tron-o-matic 3 Pro,Philadelphia_01,76.51,SMALL_DEAL,
2024-12-07,Tron-o-matic 4,Online_Store,67.5,None,
2024-12-07,Tron-o-matic 4,LosAngeles_01,67.5,None,
2024-12-07,Tron-o-matic 4,NewYork_01,67.5,None,
2024-12-07,Tron-o-matic 4,NewYork_02,67.5,None,
2024-12-07,Tron-o-matic 4,Chicago_01,67.5,None,
2024-12-07,Tron-o-matic 4,Dallas_01,67.5,None,
2024-12-07,Tron-o-matic 4,Houston_01,67.5,None,
2024-12-07,Tron-o-matic 4,WashingtonDC_01,67.5,None,
2024-12-07,Tron-o-matic 4,Atlanta_01,67.5,None,
2024-12-07,Tron-o-matic 4,Philadelphia_01,67.5,None,
2024-12-07,Tron-o-matic 4 Pro,Online_Store,76.7,SMALL_DEAL,
2024-12-07,Tron-o-matic 4 Pro,LosAngeles_01,76.7,SMALL_DEAL,
2024-12-07,Tron-o-matic 4 Pro,NewYork_01,76.7,SMALL_DEAL,
2024-12-07,Tron-o-matic 4 Pro,NewYork_02,76.7,SMALL_DEAL,
2024-12-07,Tron-o-matic 4 Pro,Chicago_01,76.7,SMALL_DEAL,
2024-12-07,Tron-o-matic 4 Pro,Dallas_01,76.7,SMALL_DEAL,
2024-12-07,Tron-o-matic 4 Pro,Houston_01,76.7,SMALL_DEAL,
2024-12-07,Tron-o-matic 4 Pro,WashingtonDC_01,76.7,SMALL_DEAL,
2024-12-07,Tron-o-matic 4 Pro,Atlanta_01,76.7,SMALL_DEAL,
2024-12-07,Tron-o-matic 4 Pro,Philadelphia_01,76.7,SMALL_DEAL,
2024-12-07,Tron-o-matic 5,Online_Store,72.0,None,
2024-12-07,Tron-o-matic 5,LosAngeles_01,72.0,None,
2024-12-07,Tron-o-matic 5,NewYork_01,72.0,None,
2024-12-07,Tron-o-matic 5,NewYork_02,72.0,None,
2024-12-07,Tron-o-matic 5,Chicago_01,72.0,None,
2024-12-07,Tron-o-matic 5,Dallas_01,72.0,None,
2024-12-07,Tron-o-matic 5,Houston_01,72.0,None,
2024-12-07,Tron-o-matic 5,WashingtonDC_01,72.0,None,
2024-12-07,Tron-o-matic 5,Atlanta_01,72.0,None,
2024-12-07,Tron-o-matic 5,Philadelphia_01,72.0,None,
2024-12-07,Tron-o-matic 5 Pro,Online_Store,99.0,None,
2024-12-07,Tron-o-matic 5 Pro,LosAngeles_01,99.0,None,
2024-12-07,Tron-o-matic 5 Pro,NewYork_01,99.0,None,
2024-12-07,Tron-o-matic 5 Pro,NewYork_02,99.0,None,
2024-12-07,Tron-o-matic 5 Pro,Chicago_01,99.0,None,
2024-12-07,Tron-o-matic 5 Pro,Dallas_01,99.0,None,
2024-12-07,Tron-o-matic 5 Pro,Houston_01,99.0,None,
2024-12-07,Tron-o-matic 5 Pro,WashingtonDC_01,99.0,None,
2024-12-07,Tron-o-matic 5 Pro,Atlanta_01,99.0,None,
2024-12-07,Tron-o-matic 5 Pro,Philadelphia_01,99.0,None,
2024-12-08,Tron-o-matic 1,Online_Store,54.0,None,
2024-12-08,Tron-o-matic 1,LosAngeles_01,54.0,None,
2024-12-08,Tron-o-matic 1,NewYork_01,54.0,None,
2024-12-08,Tron-o-matic 1,NewYork_02,54.0,None,
2024-12-08,Tron-o-matic 1,Chicago_01,54.0,None,
2024-12-08,Tron-o-matic 1,Dallas_01,54.0,None,
2024-12-08,Tron-o-matic 1,Houston_01,54.0,None,
2024-12-08,Tron-o-matic 1,WashingtonDC_01,54.0,None,
2024-12-08,Tron-o-matic 1,Atlanta_01,54.0,None,
2024-12-08,Tron-o-matic 1,Philadelphia_01,54.0,None,
2024-12-08,Tron-o-matic 1 Pro,Online_Store,66.25,SMALL_DEAL,
2024-12-08,Tron-o-matic 1 Pro,LosAngeles_01,66.25,SMALL_DEAL,
2024-12-08,Tron-o-matic 1 Pro,NewYork_01,66.25,SMALL_DEAL,
2024-12-08,Tron-o-matic 1 Pro,NewYork_02,66.25,SMALL_DEAL,
2024-12-08,Tron-o-matic 1 Pro,Chicago_01,66.25,SMALL_DEAL,
2024-12-08,Tron-o-matic 1 Pro,Dallas_01,66.25,SMALL_DEAL,
2024-12-08,Tron-o-matic 1 Pro,Houston_01,66.25,SMALL_DEAL,
2024-12-08,Tron-o-matic 1 Pro,WashingtonDC_01,66.25,SMALL_DEAL,
2024-12-08,Tron-o-matic 1 Pro,Atlanta_01,66.25,SMALL_DEAL,
2024-12-08,Tron-o-matic 1 Pro,Philadelphia_01,66.25,SMALL_DEAL,
2024-12-08,Tron-o-matic 2,Online_Store,49.5,None,
2024-12-08,Tron-o-matic 2,LosAngeles_01,49.5,None,
2024-12-08,Tron-o-matic 2,NewYork_01,49.5,None,
2024-12-08,Tron-o-matic 2,NewYork_02,49.5,None,
2024-12-08,Tron-o-matic 2,Chicago_01,49.5,None,
2024-12-08,Tron-o-matic 2,Dallas_01,49.5,None,
2024-12-08,Tron-o-matic 2,Houston_01,49.5,None,
2024-12-08,Tron-o-matic 2,WashingtonDC_01,49.5,None,
2024-12-08,Tron-o-matic 2,Atlanta_01,49.5,None,
2024-12-08,Tron-o-matic 2,Philadelphia_01,49.5,None,
2024-12-08,Tron-o-matic 2 Pro,Online_Store,76.5,None,
2024-12-08,Tron-o-matic 2 Pro,LosAngeles_01,76.5,None,
2024-12-08,Tron-o-matic 2 Pro,NewYork_01,76.5,None,
2024-12-08,Tron-o-matic 2 Pro,NewYork_02,76.5,None,
2024-12-08,Tron-o-matic 2 Pro,Chicago_01,76.5,None,
2024-12-08,Tron-o-matic 2 Pro,Dallas_01,76.5,None,
2024-12-08,Tron-o-matic 2 Pro,Houston_01,76.5,None,
2024-12-08,Tron-o-matic 2 Pro,WashingtonDC_01,76.5,None,
2024-12-08,Tron-o-matic 2 Pro,Atlanta_01,76.5,None,
2024-12-08,Tron-o-matic 2 Pro,Philadelphia_01,76.5,None,
2024-12-08,Tron-o-matic 3,Online_Store,54.0,None,
2024-12-08,Tron-o-matic 3,LosAngeles_01,54.0,None,
2024-12-08,Tron-o-matic 3,NewYork_01,54.0,None,
2024-12-08,Tron-o-matic 3,NewYork_02,54.0,None,
2024-12-08,Tron-o-matic 3,Chicago_01,54.0,None,
2024-12-08,Tron-o-matic 3,Dallas_01,54.0,None,
2024-12-08,Tron-o-matic 3,Houston_01,54.0,None,
2024-12-08,Tron-o-matic 3,WashingtonDC_01,54.0,None,
2024-12-08,Tron-o-matic 3,Atlanta_01,54.0,None,
2024-12-08,Tron-o-matic 3,Philadelphia_01,54.0,None,
2024-12-08,Tron-o-matic 3 Pro,Online_Store,57.15,BIG_DEAL,
2024-12-08,Tron-o-matic 3 Pro,LosAngeles_01,57.15,BIG_DEAL,
2024-12-08,Tron-o-matic 3 Pro,NewYork_01,57.15,BIG_DEAL,
2024-12-08,Tron-o-matic 3 Pro,NewYork_02,57.15,BIG_DEAL,
2024-12-08,Tron-o-matic 3 Pro,Chicago_01,57.15,BIG_DEAL,
2024-12-08,Tron-o-matic 3 Pro,Dallas_01,57.15,BIG_DEAL,
2024-12-08,Tron-o-matic 3 Pro,Houston_01,57.15,BIG_DEAL,
2024-12-08,Tron-o-matic 3 Pro,WashingtonDC_01,57.15,BIG_DEAL,
2024-12-08,Tron-o-matic 3 Pro,Atlanta_01,57.15,BIG_DEAL,
2024-12-08,Tron-o-matic 3 Pro,Philadelphia_01,57.15,BIG_DEAL,
2024-12-08,Tron-o-matic 4,Online_Store,50.1,BIG_DEAL,
2024-12-08,Tron-o-matic 4,LosAngeles_01,50.1,BIG_DEAL,
2024-12-08,Tron-o-matic 4,NewYork_01,50.1,BIG_DEAL,
2024-12-08,Tron-o-matic 4,NewYork_02,50.1,BIG_DEAL,
2024-12-08,Tron-o-matic 4,Chicago_01,50.1,BIG_DEAL,
2024-12-08,Tron-o-matic 4,Dallas_01,50.1,BIG_DEAL,
2024-12-08,Tron-o-matic 4,Houston_01,50.1,BIG_DEAL,
2024-12-08,Tron-o-matic 4,WashingtonDC_01,50.1,BIG_DEAL,
2024-12-08,Tron-o-matic 4,Atlanta_01,50.1,BIG_DEAL,
2024-12-08,Tron-o-matic 4,Philadelphia_01,50.1,BIG_DEAL,
2024-12-08,Tron-o-matic 4 Pro,Online_Store,81.72,SMALL_DEAL,
2024-12-08,Tron-o-matic 4 Pro,LosAngeles_01,81.72,SMALL_DEAL,
2024-12-08,Tron-o-matic 4 Pro,NewYork_01,81.72,SMALL_DEAL,
2024-12-08,Tron-o-matic 4 Pro,NewYork_02,81.72,SMALL_DEAL,
2024-12-08,Tron-o-matic 4 Pro,Chicago_01,81.72,SMALL_DEAL,
2024-12-08,Tron-o-matic 4 Pro,Dallas_01,81.72,SMALL_DEAL,
2024-12-08,Tron-o-matic 4 Pro,Houston_01,81.72,SMALL_DEAL,
2024-12-08,Tron-o-matic 4 Pro,WashingtonDC_01,81.72,SMALL_DEAL,
2024-12-08,Tron-o-matic 4 Pro,Atlanta_01,81.72,SMALL_DEAL,
2024-12-08,Tron-o-matic 4 Pro,Philadelphia_01,81.72,SMALL_DEAL,
2024-12-08,Tron-o-matic 5,Online_Store,72.0,None,
2024-12-08,Tron-o-matic 5,LosAngeles_01,72.0,None,
2024-12-08,Tron-o-matic 5,NewYork_01,72.0,None,
2024-12-08,Tron-o-matic 5,NewYork_02,72.0,None,
2024-12-08,Tron-o-matic 5,Chicago_01,72.0,None,
2024-12-08,Tron-o-matic 5,Dallas_01,72.0,None,
2024-12-08,Tron-o-matic 5,Houston_01,72.0,None,
2024-12-08,Tron-o-matic 5,WashingtonDC_01,72.0,None,
2024-12-08,Tron-o-matic 5,Atlanta_01,72.0,None,
2024-12-08,Tron-o-matic 5,Philadelphia_01,72.0,None,
2024-12-08,Tron-o-matic 5 Pro,Online_Store,99.0,None,
2024-12-08,Tron-o-matic 5 Pro,LosAngeles_01,99.0,None,
2024-12-08,Tron-o-matic 5 Pro,NewYork_01,99.0,None,
2024-12-08,Tron-o-matic 5 Pro,NewYork_02,99.0,None,
2024-12-08,Tron-o-matic 5 Pro,Chicago_01,99.0,None,
2024-12-08,Tron-o-matic 5 Pro,Dallas_01,99.0,None,
2024-12-08,Tron-o-matic 5 Pro,Houston_01,99.0,None,
2024-12-08,Tron-o-matic 5 Pro,WashingtonDC_01,99.0,None,
2024-12-08,Tron-o-matic 5 Pro,Atlanta_01,99.0,None,
2024-12-08,Tron-o-matic 5 Pro,Philadelphia_01,99.0,None,
2024-12-09,Tron-o-matic 1,Online_Store,54.0,None,
2024-12-09,Tron-o-matic 1,LosAngeles_01,54.0,None,
2024-12-09,Tron-o-matic 1,NewYork_01,54.0,None,
2024-12-09,Tron-o-matic 1,NewYork_02,54.0,None,
2024-12-09,Tron-o-matic 1,Chicago_01,54.0,None,
2024-12-09,Tron-o-matic 1,Dallas_01,54.0,None,
2024-12-09,Tron-o-matic 1,Houston_01,54.0,None,
2024-12-09,Tron-o-matic 1,WashingtonDC_01,54.0,None,
2024-12-09,Tron-o-matic 1,Atlanta_01,54.0,None,
2024-12-09,Tron-o-matic 1,Philadelphia_01,54.0,None,
2024-12-09,Tron-o-matic 1 Pro,Online_Store,72.0,None,
2024-12-09,Tron-o-matic 1 Pro,LosAngeles_01,72.0,None,
2024-12-09,Tron-o-matic 1 Pro,NewYork_01,72.0,None,
2024-12-09,Tron-o-matic 1 Pro,NewYork_02,72.0,None,
2024-12-09,Tron-o-matic 1 Pro,Chicago_01,72.0,None,
2024-12-09,Tron-o-matic 1 Pro,Dallas_01,72.0,None,
2024-12-09,Tron-o-matic 1 Pro,Houston_01,72.0,None,
2024-12-09,Tron-o-matic 1 Pro,WashingtonDC_01,72.0,None,
2024-12-09,Tron-o-matic 1 Pro,Atlanta_01,72.0,None,
2024-12-09,Tron-o-matic 1 Pro,Philadelphia_01,72.0,None,
2024-12-09,Tron-o-matic 2,Online_Store,49.5,None,
2024-12-09,Tron-o-matic 2,LosAngeles_01,49.5,None,
2024-12-09,Tron-o-matic 2,NewYork_01,49.5,None,
2024-12-09,Tron-o-matic 2,NewYork_02,49.5,None,
2024-12-09,Tron-o-matic 2,Chicago_01,49.5,None,
2024-12-09,Tron-o-matic 2,Dallas_01,49.5,None,
2024-12-09,Tron-o-matic 2,Houston_01,49.5,None,
2024-12-09,Tron-o-matic 2,WashingtonDC_01,49.5,None,
2024-12-09,Tron-o-matic 2,Atlanta_01,49.5,None,
2024-12-09,Tron-o-matic 2,Philadelphia_01,49.5,None,
2024-12-09,Tron-o-matic 2 Pro,Online_Store,59.63,BIG_DEAL,
2024-12-09,Tron-o-matic 2 Pro,LosAngeles_01,59.63,BIG_DEAL,
2024-12-09,Tron-o-matic 2 Pro,NewYork_01,59.63,BIG_DEAL,
2024-12-09,Tron-o-matic 2 Pro,NewYork_02,59.63,BIG_DEAL,
2024-12-09,Tron-o-matic 2 Pro,Chicago_01,59.63,BIG_DEAL,
2024-12-09,Tron-o-matic 2 Pro,Dallas_01,59.63,BIG_DEAL,
2024-12-09,Tron-o-matic 2 Pro,Houston_01,59.63,BIG_DEAL,
2024-12-09,Tron-o-matic 2 Pro,WashingtonDC_01,59.63,BIG_DEAL,
2024-12-09,Tron-o-matic 2 Pro,Atlanta_01,59.63,BIG_DEAL,
2024-12-09,Tron-o-matic 2 Pro,Philadelphia_01,59.63,BIG_DEAL,
2024-12-09,Tron-o-matic 3,Online_Store,54.0,None,
2024-12-09,Tron-o-matic 3,LosAngeles_01,54.0,None,
2024-12-09,Tron-o-matic 3,NewYork_01,54.0,None,
2024-12-09,Tron-o-matic 3,NewYork_02,54.0,None,
2024-12-09,Tron-o-matic 3,Chicago_01,54.0,None,
2024-12-09,Tron-o-matic 3,Dallas_01,54.0,None,
2024-12-09,Tron-o-matic 3,Houston_01,54.0,None,
2024-12-09,Tron-o-matic 3,WashingtonDC_01,54.0,None,
2024-12-09,Tron-o-matic 3,Atlanta_01,54.0,None,
2024-12-09,Tron-o-matic 3,Philadelphia_01,54.0,None,
2024-12-09,Tron-o-matic 3 Pro,Online_Store,81.0,None,
2024-12-09,Tron-o-matic 3 Pro,LosAngeles_01,81.0,None,
2024-12-09,Tron-o-matic 3 Pro,NewYork_01,81.0,None,
2024-12-09,Tron-o-matic 3 Pro,NewYork_02,81.0,None,
2024-12-09,Tron-o-matic 3 Pro,Chicago_01,81.0,None,
2024-12-09,Tron-o-matic 3 Pro,Dallas_01,81.0,None,
2024-12-09,Tron-o-matic 3 Pro,Houston_01,81.0,None,
2024-12-09,Tron-o-matic 3 Pro,WashingtonDC_01,81.0,None,
2024-12-09,Tron-o-matic 3 Pro,Atlanta_01,81.0,None,
2024-12-09,Tron-o-matic 3 Pro,Philadelphia_01,81.0,None,
2024-12-09,Tron-o-matic 4,Online_Store,67.5,None,
2024-12-09,Tron-o-matic 4,LosAngeles_01,67.5,None,
2024-12-09,Tron-o-matic 4,NewYork_01,67.5,None,
2024-12-09,Tron-o-matic 4,NewYork_02,67.5,None,
2024-12-09,Tron-o-matic 4,Chicago_01,67.5,None,
2024-12-09,Tron-o-matic 4,Dallas_01,67.5,None,
2024-12-09,Tron-o-matic 4,Houston_01,67.5,None,
2024-12-09,Tron-o-matic 4,WashingtonDC_01,67.5,None,
2024-12-09,Tron-o-matic 4,Atlanta_01,67.5,None,
2024-12-09,Tron-o-matic 4,Philadelphia_01,67.5,None,
2024-12-09,Tron-o-matic 4 Pro,Online_Store,65.8,BIG_DEAL,
2024-12-09,Tron-o-matic 4 Pro,LosAngeles_01,65.8,BIG_DEAL,
2024-12-09,Tron-o-matic 4 Pro,NewYork_01,65.8,BIG_DEAL,
2024-12-09,Tron-o-matic 4 Pro,NewYork_02,65.8,BIG_DEAL,
2024-12-09,Tron-o-matic 4 Pro,Chicago_01,65.8,BIG_DEAL,
2024-12-09,Tron-o-matic 4 Pro,Dallas_01,65.8,BIG_DEAL,
2024-12-09,Tron-o-matic 4 Pro,Houston_01,65.8,BIG_DEAL,
2024-12-09,Tron-o-matic 4 Pro,WashingtonDC_01,65.8,BIG_DEAL,
2024-12-09,Tron-o-matic 4 Pro,Atlanta_01,65.8,BIG_DEAL,
2024-12-09,Tron-o-matic 4 Pro,Philadelphia_01,65.8,BIG_DEAL,
2024-12-09,Tron-o-matic 5,Online_Store,72.0,None,
2024-12-09,Tron-o-matic 5,LosAngeles_01,72.0,None,
2024-12-09,Tron-o-matic 5,NewYork_01,72.0,None,
2024-12-09,Tron-o-matic 5,NewYork_02,72.0,None,
2024-12-09,Tron-o-matic 5,Chicago_01,72.0,None,
2024-12-09,Tron-o-matic 5,Dallas_01,72.0,None,
2024-12-09,Tron-o-matic 5,Houston_01,72.0,None,
2024-12-09,Tron-o-matic 5,WashingtonDC_01,72.0,None,
2024-12-09,Tron-o-matic 5,Atlanta_01,72.0,None,
2024-12-09,Tron-o-matic 5,Philadelphia_01,72.0,None,
2024-12-09,Tron-o-matic 5 Pro,Online_Store,99.0,None,
2024-12-09,Tron-o-matic 5 Pro,LosAngeles_01,99.0,None,
2024-12-09,Tron-o-matic 5 Pro,NewYork_01,99.0,None,
2024-12-09,Tron-o-matic 5 Pro,NewYork_02,99.0,None,
2024-12-09,Tron-o-matic 5 Pro,Chicago_01,99.0,None,
2024-12-09,Tron-o-matic 5 Pro,Dallas_01,99.0,None,
2024-12-09,Tron-o-matic 5 Pro,Houston_01,99.0,None,
2024-12-09,Tron-o-matic 5 Pro,WashingtonDC_01,99.0,None,
2024-12-09,Tron-o-matic 5 Pro,Atlanta_01,99.0,None,
2024-12-09,Tron-o-matic 5 Pro,Philadelphia_01,99.0,None,
2024-12-10,Tron-o-matic 1,Online_Store,54.0,None,
2024-12-10,Tron-o-matic 1,LosAngeles_01,54.0,None,
2024-12-10,Tron-o-matic 1,NewYork_01,54.0,None,
2024-12-10,Tron-o-matic 1,NewYork_02,54.0,None,
2024-12-10,Tron-o-matic 1,Chicago_01,54.0,None,
2024-12-10,Tron-o-matic 1,Dallas_01,54.0,None,
2024-12-10,Tron-o-matic 1,Houston_01,54.0,None,
2024-12-10,Tron-o-matic 1,WashingtonDC_01,54.0,None,
2024-12-10,Tron-o-matic 1,Atlanta_01,54.0,None,
2024-12-10,Tron-o-matic 1,Philadelphia_01,54.0,None,
2024-12-10,Tron-o-matic 1 Pro,Online_Store,72.0,None,
2024-12-10,Tron-o-matic 1 Pro,LosAngeles_01,72.0,None,
2024-12-10,Tron-o-matic 1 Pro,NewYork_01,72.0,None,
2024-12-10,Tron-o-matic 1 Pro,NewYork_02,72.0,None,
2024-12-10,Tron-o-matic 1 Pro,Chicago_01,72.0,None,
2024-12-10,Tron-o-matic 1 Pro,Dallas_01,72.0,None,
2024-12-10,Tron-o-matic 1 Pro,Houston_01,72.0,None,
2024-12-10,Tron-o-matic 1 Pro,WashingtonDC_01,72.0,None,
2024-12-10,Tron-o-matic 1 Pro,Atlanta_01,72.0,None,
2024-12-10,Tron-o-matic 1 Pro,Philadelphia_01,72.0,None,
2024-12-10,Tron-o-matic 2,Online_Store,35.32,BIG_DEAL,
2024-12-10,Tron-o-matic 2,LosAngeles_01,35.32,BIG_DEAL,
2024-12-10,Tron-o-matic 2,NewYork_01,35.32,BIG_DEAL,
2024-12-10,Tron-o-matic 2,NewYork_02,35.32,BIG_DEAL,
2024-12-10,Tron-o-matic 2,Chicago_01,35.32,BIG_DEAL,
2024-12-10,Tron-o-matic 2,Dallas_01,35.32,BIG_DEAL,
2024-12-10,Tron-o-matic 2,Houston_01,35.32,BIG_DEAL,
2024-12-10,Tron-o-matic 2,WashingtonDC_01,35.32,BIG_DEAL,
2024-12-10,Tron-o-matic 2,Atlanta_01,35.32,BIG_DEAL,
2024-12-10,Tron-o-matic 2,Philadelphia_01,35.32,BIG_DEAL,
2024-12-10,Tron-o-matic 2 Pro,Online_Store,76.5,None,
2024-12-10,Tron-o-matic 2 Pro,LosAngeles_01,76.5,None,
2024-12-10,Tron-o-matic 2 Pro,NewYork_01,76.5,None,
2024-12-10,Tron-o-matic 2 Pro,NewYork_02,76.5,None,
2024-12-10,Tron-o-matic 2 Pro,Chicago_01,76.5,None,
2024-12-10,Tron-o-matic 2 Pro,Dallas_01,76.5,None,
2024-12-10,Tron-o-matic 2 Pro,Houston_01,76.5,None,
2024-12-10,Tron-o-matic 2 Pro,WashingtonDC_01,76.5,None,
2024-12-10,Tron-o-matic 2 Pro,Atlanta_01,76.5,None,
2024-12-10,Tron-o-matic 2 Pro,Philadelphia_01,76.5,None,
2024-12-10,Tron-o-matic 3,Online_Store,54.0,None,
2024-12-10,Tron-o-matic 3,LosAngeles_01,54.0,None,
2024-12-10,Tron-o-matic 3,NewYork_01,54.0,None,
2024-12-10,Tron-o-matic 3,NewYork_02,54.0,None,
2024-12-10,Tron-o-matic 3,Chicago_01,54.0,None,
2024-12-10,Tron-o-matic 3,Dallas_01,54.0,None,
2024-12-10,Tron-o-matic 3,Houston_01,54.0,None,
2024-12-10,Tron-o-matic 3,WashingtonDC_01,54.0,None,
2024-12-10,Tron-o-matic 3,Atlanta_01,54.0,None,
2024-12-10,Tron-o-matic 3,Philadelphia_01,54.0,None,
2024-12-10,Tron-o-matic 3 Pro,Online_Store,62.91,BIG_DEAL,
2024-12-10,Tron-o-matic 3 Pro,LosAngeles_01,62.91,BIG_DEAL,
2024-12-10,Tron-o-matic 3 Pro,NewYork_01,62.91,BIG_DEAL,
2024-12-10,Tron-o-matic 3 Pro,NewYork_02,62.91,BIG_DEAL,
2024-12-10,Tron-o-matic 3 Pro,Chicago_01,62.91,BIG_DEAL,
2024-12-10,Tron-o-matic 3 Pro,Dallas_01,62.91,BIG_DEAL,
2024-12-10,Tron-o-matic 3 Pro,Houston_01,62.91,BIG_DEAL,
2024-12-10,Tron-o-matic 3 Pro,WashingtonDC_01,62.91,BIG_DEAL,
2024-12-10,Tron-o-matic 3 Pro,Atlanta_01,62.91,BIG_DEAL,
2024-12-10,Tron-o-matic 3 Pro,Philadelphia_01,62.91,BIG_DEAL,
2024-12-10,Tron-o-matic 4,Online_Store,62.99,SMALL_DEAL,
2024-12-10,Tron-o-matic 4,LosAngeles_01,62.99,SMALL_DEAL,
2024-12-10,Tron-o-matic 4,NewYork_01,62.99,SMALL_DEAL,
2024-12-10,Tron-o-matic 4,NewYork_02,62.99,SMALL_DEAL,
2024-12-10,Tron-o-matic 4,Chicago_01,62.99,SMALL_DEAL,
2024-12-10,Tron-o-matic 4,Dallas_01,62.99,SMALL_DEAL,
2024-12-10,Tron-o-matic 4,Houston_01,62.99,SMALL_DEAL,
2024-12-10,Tron-o-matic 4,WashingtonDC_01,62.99,SMALL_DEAL,
2024-12-10,Tron-o-matic 4,Atlanta_01,62.99,SMALL_DEAL,
2024-12-10,Tron-o-matic 4,Philadelphia_01,62.99,SMALL_DEAL,
2024-12-10,Tron-o-matic 4 Pro,Online_Store,90.0,None,
2024-12-10,Tron-o-matic 4 Pro,LosAngeles_01,90.0,None,
2024-12-10,Tron-o-matic 4 Pro,NewYork_01,90.0,None,
2024-12-10,Tron-o-matic 4 Pro,NewYork_02,90.0,None,
2024-12-10,Tron-o-matic 4 Pro,Chicago_01,90.0,None,
2024-12-10,Tron-o-matic 4 Pro,Dallas_01,90.0,None,
2024-12-10,Tron-o-matic 4 Pro,Houston_01,90.0,None,
2024-12-10,Tron-o-matic 4 Pro,WashingtonDC_01,90.0,None,
2024-12-10,Tron-o-matic 4 Pro,Atlanta_01,90.0,None,
2024-12-10,Tron-o-matic 4 Pro,Philadelphia_01,90.0,None,
2024-12-10,Tron-o-matic 5,Online_Store,72.0,None,
2024-12-10,Tron-o-matic 5,LosAngeles_01,72.0,None,
2024-12-10,Tron-o-matic 5,NewYork_01,72.0,None,
2024-12-10,Tron-o-matic 5,NewYork_02,72.0,None,
2024-12-10,Tron-o-matic 5,Chicago_01,72.0,None,
2024-12-10,Tron-o-matic 5,Dallas_01,72.0,None,
2024-12-10,Tron-o-matic 5,Houston_01,72.0,None,
2024-12-10,Tron-o-matic 5,WashingtonDC_01,72.0,None,
2024-12-10,Tron-o-matic 5,Atlanta_01,72.0,None,
2024-12-10,Tron-o-matic 5,Philadelphia_01,72.0,None,
2024-12-10,Tron-o-matic 5 Pro,Online_Store,99.0,None,
2024-12-10,Tron-o-matic 5 Pro,LosAngeles_01,99.0,None,
2024-12-10,Tron-o-matic 5 Pro,NewYork_01,99.0,None,
2024-12-10,Tron-o-matic 5 Pro,NewYork_02,99.0,None,
2024-12-10,Tron-o-matic 5 Pro,Chicago_01,99.0,None,
2024-12-10,Tron-o-matic 5 Pro,Dallas_01,99.0,None,
2024-12-10,Tron-o-matic 5 Pro,Houston_01,99.0,None,
2024-12-10,Tron-o-matic 5 Pro,WashingtonDC_01,99.0,None,
2024-12-10,Tron-o-matic 5 Pro,Atlanta_01,99.0,None,
2024-12-10,Tron-o-matic 5 Pro,Philadelphia_01,99.0,None,
2024-12-11,Tron-o-matic 1,Online_Store,54.0,None,
2024-12-11,Tron-o-matic 1,LosAngeles_01,54.0,None,
2024-12-11,Tron-o-matic 1,NewYork_01,54.0,None,
2024-12-11,Tron-o-matic 1,NewYork_02,54.0,None,
2024-12-11,Tron-o-matic 1,Chicago_01,54.0,None,
2024-12-11,Tron-o-matic 1,Dallas_01,54.0,None,
2024-12-11,Tron-o-matic 1,Houston_01,54.0,None,
2024-12-11,Tron-o-matic 1,WashingtonDC_01,54.0,None,
2024-12-11,Tron-o-matic 1,Atlanta_01,54.0,None,
2024-12-11,Tron-o-matic 1,Philadelphia_01,54.0,None,
2024-12-11,Tron-o-matic 1 Pro,Online_Store,72.0,None,
2024-12-11,Tron-o-matic 1 Pro,LosAngeles_01,72.0,None,
2024-12-11,Tron-o-matic 1 Pro,NewYork_01,72.0,None,
2024-12-11,Tron-o-matic 1 Pro,NewYork_02,72.0,None,
2024-12-11,Tron-o-matic 1 Pro,Chicago_01,72.0,None,
2024-12-11,Tron-o-matic 1 Pro,Dallas_01,72.0,None,
2024-12-11,Tron-o-matic 1 Pro,Houston_01,72.0,None,
2024-12-11,Tron-o-matic 1 Pro,WashingtonDC_01,72.0,None,
2024-12-11,Tron-o-matic 1 Pro,Atlanta_01,72.0,None,
2024-12-11,Tron-o-matic 1 Pro,Philadelphia_01,72.0,None,
2024-12-11,Tron-o-matic 2,Online_Store,49.5,None,
2024-12-11,Tron-o-matic 2,LosAngeles_01,49.5,None,
2024-12-11,Tron-o-matic 2,NewYork_01,49.5,None,
2024-12-11,Tron-o-matic 2,NewYork_02,49.5,None,
2024-12-11,Tron-o-matic 2,Chicago_01,49.5,None,
2024-12-11,Tron-o-matic 2,Dallas_01,49.5,None,
2024-12-11,Tron-o-matic 2,Houston_01,49.5,None,
2024-12-11,Tron-o-matic 2,WashingtonDC_01,49.5,None,
2024-12-11,Tron-o-matic 2,Atlanta_01,49.5,None,
2024-12-11,Tron-o-matic 2,Philadelphia_01,49.5,None,
2024-12-11,Tron-o-matic 2 Pro,Online_Store,59.89,BIG_DEAL,
2024-12-11,Tron-o-matic 2 Pro,LosAngeles_01,59.89,BIG_DEAL,
2024-12-11,Tron-o-matic 2 Pro,NewYork_01,59.89,BIG_DEAL,
2024-12-11,Tron-o-matic 2 Pro,NewYork_02,59.89,BIG_DEAL,
2024-12-11,Tron-o-matic 2 Pro,Chicago_01,59.89,BIG_DEAL,
2024-12-11,Tron-o-matic 2 Pro,Dallas_01,59.89,BIG_DEAL,
2024-12-11,Tron-o-matic 2 Pro,Houston_01,59.89,BIG_DEAL,
2024-12-11,Tron-o-matic 2 Pro,WashingtonDC_01,59.89,BIG_DEAL,
2024-12-11,Tron-o-matic 2 Pro,Atlanta_01,59.89,BIG_DEAL,
2024-12-11,Tron-o-matic 2 Pro,Philadelphia_01,59.89,BIG_DEAL,
2024-12-11,Tron-o-matic 3,Online_Store,54.0,None,
2024-12-11,Tron-o-matic 3,LosAngeles_01,54.0,None,
2024-12-11,Tron-o-matic 3,NewYork_01,54.0,None,
2024-12-11,Tron-o-matic 3,NewYork_02,54.0,None,
2024-12-11,Tron-o-matic 3,Chicago_01,54.0,None,
2024-12-11,Tron-o-matic 3,Dallas_01,54.0,None,
2024-12-11,Tron-o-matic 3,Houston_01,54.0,None,
2024-12-11,Tron-o-matic 3,WashingtonDC_01,54.0,None,
2024-12-11,Tron-o-matic 3,Atlanta_01,54.0,None,
2024-12-11,Tron-o-matic 3,Philadelphia_01,54.0,None,
2024-12-11,Tron-o-matic 3 Pro,Online_Store,81.0,None,
2024-12-11,Tron-o-matic 3 Pro,LosAngeles_01,81.0,None,
2024-12-11,Tron-o-matic 3 Pro,NewYork_01,81.0,None,
2024-12-11,Tron-o-matic 3 Pro,NewYork_02,81.0,None,
2024-12-11,Tron-o-matic 3 Pro,Chicago_01,81.0,None,
2024-12-11,Tron-o-matic 3 Pro,Dallas_01,81.0,None,
2024-12-11,Tron-o-matic 3 Pro,Houston_01,81.0,None,
2024-12-11,Tron-o-matic 3 Pro,WashingtonDC_01,81.0,None,
2024-12-11,Tron-o-matic 3 Pro,Atlanta_01,81.0,None,
2024-12-11,Tron-o-matic 3 Pro,Philadelphia_01,81.0,None,
2024-12-11,Tron-o-matic 4,Online_Store,49.5,BIG_DEAL,
2024-12-11,Tron-o-matic 4,LosAngeles_01,49.5,BIG_DEAL,
2024-12-11,Tron-o-matic 4,NewYork_01,49.5,BIG_DEAL,
2024-12-11,Tron-o-matic 4,NewYork_02,49.5,BIG_DEAL,
2024-12-11,Tron-o-matic 4,Chicago_01,49.5,BIG_DEAL,
2024-12-11,Tron-o-matic 4,Dallas_01,49.5,BIG_DEAL,
2024-12-11,Tron-o-matic 4,Houston_01,49.5,BIG_DEAL,
2024-12-11,Tron-o-matic 4,WashingtonDC_01,49.5,BIG_DEAL,
2024-12-11,Tron-o-matic 4,Atlanta_01,49.5,BIG_DEAL,
2024-12-11,Tron-o-matic 4,Philadelphia_01,49.5,BIG_DEAL,
2024-12-11,Tron-o-matic 4 Pro,Online_Store,90.0,None,
2024-12-11,Tron-o-matic 4 Pro,LosAngeles_01,90.0,None,
2024-12-11,Tron-o-matic 4 Pro,NewYork_01,90.0,None,
2024-12-11,Tron-o-matic 4 Pro,NewYork_02,90.0,None,
2024-12-11,Tron-o-matic 4 Pro,Chicago_01,90.0,None,
2024-12-11,Tron-o-matic 4 Pro,Dallas_01,90.0,None,
2024-12-11,Tron-o-matic 4 Pro,Houston_01,90.0,None,
2024-12-11,Tron-o-matic 4 Pro,WashingtonDC_01,90.0,None,
2024-12-11,Tron-o-matic 4 Pro,Atlanta_01,90.0,None,
2024-12-11,Tron-o-matic 4 Pro,Philadelphia_01,90.0,None,
2024-12-11,Tron-o-matic 5,Online_Store,55.28,BIG_DEAL,
2024-12-11,Tron-o-matic 5,LosAngeles_01,55.28,BIG_DEAL,
2024-12-11,Tron-o-matic 5,NewYork_01,55.28,BIG_DEAL,
2024-12-11,Tron-o-matic 5,NewYork_02,55.28,BIG_DEAL,
2024-12-11,Tron-o-matic 5,Chicago_01,55.28,BIG_DEAL,
2024-12-11,Tron-o-matic 5,Dallas_01,55.28,BIG_DEAL,
2024-12-11,Tron-o-matic 5,Houston_01,55.28,BIG_DEAL,
2024-12-11,Tron-o-matic 5,WashingtonDC_01,55.28,BIG_DEAL,
2024-12-11,Tron-o-matic 5,Atlanta_01,55.28,BIG_DEAL,
2024-12-11,Tron-o-matic 5,Philadelphia_01,55.28,BIG_DEAL,
2024-12-11,Tron-o-matic 5 Pro,Online_Store,99.0,None,
2024-12-11,Tron-o-matic 5 Pro,LosAngeles_01,99.0,None,
2024-12-11,Tron-o-matic 5 Pro,NewYork_01,99.0,None,
2024-12-11,Tron-o-matic 5 Pro,NewYork_02,99.0,None,
2024-12-11,Tron-o-matic 5 Pro,Chicago_01,99.0,None,
2024-12-11,Tron-o-matic 5 Pro,Dallas_01,99.0,None,
2024-12-11,Tron-o-matic 5 Pro,Houston_01,99.0,None,
2024-12-11,Tron-o-matic 5 Pro,WashingtonDC_01,99.0,None,
2024-12-11,Tron-o-matic 5 Pro,Atlanta_01,99.0,None,
2024-12-11,Tron-o-matic 5 Pro,Philadelphia_01,99.0,None,
2024-12-12,Tron-o-matic 1,Online_Store,54.0,None,
2024-12-12,Tron-o-matic 1,LosAngeles_01,54.0,None,
2024-12-12,Tron-o-matic 1,NewYork_01,54.0,None,
2024-12-12,Tron-o-matic 1,NewYork_02,54.0,None,
2024-12-12,Tron-o-matic 1,Chicago_01,54.0,None,
2024-12-12,Tron-o-matic 1,Dallas_01,54.0,None,
2024-12-12,Tron-o-matic 1,Houston_01,54.0,None,
2024-12-12,Tron-o-matic 1,WashingtonDC_01,54.0,None,
2024-12-12,Tron-o-matic 1,Atlanta_01,54.0,None,
2024-12-12,Tron-o-matic 1,Philadelphia_01,54.0,None,
2024-12-12,Tron-o-matic 1 Pro,Online_Store,72.0,None,
2024-12-12,Tron-o-matic 1 Pro,LosAngeles_01,72.0,None,
2024-12-12,Tron-o-matic 1 Pro,NewYork_01,72.0,None,
2024-12-12,Tron-o-matic 1 Pro,NewYork_02,72.0,None,
2024-12-12,Tron-o-matic 1 Pro,Chicago_01,72.0,None,
2024-12-12,Tron-o-matic 1 Pro,Dallas_01,72.0,None,
2024-12-12,Tron-o-matic 1 Pro,Houston_01,72.0,None,
2024-12-12,Tron-o-matic 1 Pro,WashingtonDC_01,72.0,None,
2024-12-12,Tron-o-matic 1 Pro,Atlanta_01,72.0,None,
2024-12-12,Tron-o-matic 1 Pro,Philadelphia_01,72.0,None,
2024-12-12,Tron-o-matic 2,Online_Store,45.6,SMALL_DEAL,
2024-12-12,Tron-o-matic 2,LosAngeles_01,45.6,SMALL_DEAL,
2024-12-12,Tron-o-matic 2,NewYork_01,45.6,SMALL_DEAL,
2024-12-12,Tron-o-matic 2,NewYork_02,45.6,SMALL_DEAL,
2024-12-12,Tron-o-matic 2,Chicago_01,45.6,SMALL_DEAL,
2024-12-12,Tron-o-matic 2,Dallas_01,45.6,SMALL_DEAL,
2024-12-12,Tron-o-matic 2,Houston_01,45.6,SMALL_DEAL,
2024-12-12,Tron-o-matic 2,WashingtonDC_01,45.6,SMALL_DEAL,
2024-12-12,Tron-o-matic 2,Atlanta_01,45.6,SMALL_DEAL,
2024-12-12,Tron-o-matic 2,Philadelphia_01,45.6,SMALL_DEAL,
2024-12-12,Tron-o-matic 2 Pro,Online_Store,76.5,None,
2024-12-12,Tron-o-matic 2 Pro,LosAngeles_01,76.5,None,
2024-12-12,Tron-o-matic 2 Pro,NewYork_01,76.5,None,
2024-12-12,Tron-o-matic 2 Pro,NewYork_02,76.5,None,
2024-12-12,Tron-o-matic 2 Pro,Chicago_01,76.5,None,
2024-12-12,Tron-o-matic 2 Pro,Dallas_01,76.5,None,
2024-12-12,Tron-o-matic 2 Pro,Houston_01,76.5,None,
2024-12-12,Tron-o-matic 2 Pro,WashingtonDC_01,76.5,None,
2024-12-12,Tron-o-matic 2 Pro,Atlanta_01,76.5,None,
2024-12-12,Tron-o-matic 2 Pro,Philadelphia_01,76.5,None,
2024-12-12,Tron-o-matic 3,Online_Store,54.0,None,
2024-12-12,Tron-o-matic 3,LosAngeles_01,54.0,None,
2024-12-12,Tron-o-matic 3,NewYork_01,54.0,None,
2024-12-12,Tron-o-matic 3,NewYork_02,54.0,None,
2024-12-12,Tron-o-matic 3,Chicago_01,54.0,None,
2024-12-12,Tron-o-matic 3,Dallas_01,54.0,None,
2024-12-12,Tron-o-matic 3,Houston_01,54.0,None,
2024-12-12,Tron-o-matic 3,WashingtonDC_01,54.0,None,
2024-12-12,Tron-o-matic 3,Atlanta_01,54.0,None,
2024-12-12,Tron-o-matic 3,Philadelphia_01,54.0,None,
2024-12-12,Tron-o-matic 3 Pro,Online_Store,81.0,None,
2024-12-12,Tron-o-matic 3 Pro,LosAngeles_01,81.0,None,
2024-12-12,Tron-o-matic 3 Pro,NewYork_01,81.0,None,
2024-12-12,Tron-o-matic 3 Pro,NewYork_02,81.0,None,
2024-12-12,Tron-o-matic 3 Pro,Chicago_01,81.0,None,
2024-12-12,Tron-o-matic 3 Pro,Dallas_01,81.0,None,
2024-12-12,Tron-o-matic 3 Pro,Houston_01,81.0,None,
2024-12-12,Tron-o-matic 3 Pro,WashingtonDC_01,81.0,None,
2024-12-12,Tron-o-matic 3 Pro,Atlanta_01,81.0,None,
2024-12-12,Tron-o-matic 3 Pro,Philadelphia_01,81.0,None,
2024-12-12,Tron-o-matic 4,Online_Store,67.5,None,
2024-12-12,Tron-o-matic 4,LosAngeles_01,67.5,None,
2024-12-12,Tron-o-matic 4,NewYork_01,67.5,None,
2024-12-12,Tron-o-matic 4,NewYork_02,67.5,None,
2024-12-12,Tron-o-matic 4,Chicago_01,67.5,None,
2024-12-12,Tron-o-matic 4,Dallas_01,67.5,None,
2024-12-12,Tron-o-matic 4,Houston_01,67.5,None,
2024-12-12,Tron-o-matic 4,WashingtonDC_01,67.5,None,
2024-12-12,Tron-o-matic 4,Atlanta_01,67.5,None,
2024-12-12,Tron-o-matic 4,Philadelphia_01,67.5,None,
2024-12-12,Tron-o-matic 4 Pro,Online_Store,68.87,BIG_DEAL,
2024-12-12,Tron-o-matic 4 Pro,LosAngeles_01,68.87,BIG_DEAL,
2024-12-12,Tron-o-matic 4 Pro,NewYork_01,68.87,BIG_DEAL,
2024-12-12,Tron-o-matic 4 Pro,NewYork_02,68.87,BIG_DEAL,
2024-12-12,Tron-o-matic 4 Pro,Chicago_01,68.87,BIG_DEAL,
2024-12-12,Tron-o-matic 4 Pro,Dallas_01,68.87,BIG_DEAL,
2024-12-12,Tron-o-matic 4 Pro,Houston_01,68.87,BIG_DEAL,
2024-12-12,Tron-o-matic 4 Pro,WashingtonDC_01,68.87,BIG_DEAL,
2024-12-12,Tron-o-matic 4 Pro,Atlanta_01,68.87,BIG_DEAL,
2024-12-12,Tron-o-matic 4 Pro,Philadelphia_01,68.87,BIG_DEAL,
2024-12-12,Tron-o-matic 5,Online_Store,55.72,BIG_DEAL,
2024-12-12,Tron-o-matic 5,LosAngeles_01,55.72,BIG_DEAL,
2024-12-12,Tron-o-matic 5,NewYork_01,55.72,BIG_DEAL,
2024-12-12,Tron-o-matic 5,NewYork_02,55.72,BIG_DEAL,
2024-12-12,Tron-o-matic 5,Chicago_01,55.72,BIG_DEAL,
2024-12-12,Tron-o-matic 5,Dallas_01,55.72,BIG_DEAL,
2024-12-12,Tron-o-matic 5,Houston_01,55.72,BIG_DEAL,
2024-12-12,Tron-o-matic 5,WashingtonDC_01,55.72,BIG_DEAL,
2024-12-12,Tron-o-matic 5,Atlanta_01,55.72,BIG_DEAL,
2024-12-12,Tron-o-matic 5,Philadelphia_01,55.72,BIG_DEAL,
2024-12-12,Tron-o-matic 5 Pro,Online_Store,99.0,None,
2024-12-12,Tron-o-matic 5 Pro,LosAngeles_01,99.0,None,
2024-12-12,Tron-o-matic 5 Pro,NewYork_01,99.0,None,
2024-12-12,Tron-o-matic 5 Pro,NewYork_02,99.0,None,
2024-12-12,Tron-o-matic 5 Pro,Chicago_01,99.0,None,
2024-12-12,Tron-o-matic 5 Pro,Dallas_01,99.0,None,
2024-12-12,Tron-o-matic 5 Pro,Houston_01,99.0,None,
2024-12-12,Tron-o-matic 5 Pro,WashingtonDC_01,99.0,None,
2024-12-12,Tron-o-matic 5 Pro,Atlanta_01,99.0,None,
2024-12-12,Tron-o-matic 5 Pro,Philadelphia_01,99.0,None,
2024-12-13,Tron-o-matic 1,Online_Store,41.86,BIG_DEAL,
2024-12-13,Tron-o-matic 1,LosAngeles_01,41.86,BIG_DEAL,
2024-12-13,Tron-o-matic 1,NewYork_01,41.86,BIG_DEAL,
2024-12-13,Tron-o-matic 1,NewYork_02,41.86,BIG_DEAL,
2024-12-13,Tron-o-matic 1,Chicago_01,41.86,BIG_DEAL,
2024-12-13,Tron-o-matic 1,Dallas_01,41.86,BIG_DEAL,
2024-12-13,Tron-o-matic 1,Houston_01,41.86,BIG_DEAL,
2024-12-13,Tron-o-matic 1,WashingtonDC_01,41.86,BIG_DEAL,
2024-12-13,Tron-o-matic 1,Atlanta_01,41.86,BIG_DEAL,
2024-12-13,Tron-o-matic 1,Philadelphia_01,41.86,BIG_DEAL,
2024-12-13,Tron-o-matic 1 Pro,Online_Store,72.0,None,
2024-12-13,Tron-o-matic 1 Pro,LosAngeles_01,72.0,None,
2024-12-13,Tron-o-matic 1 Pro,NewYork_01,72.0,None,
2024-12-13,Tron-o-matic 1 Pro,NewYork_02,72.0,None,
2024-12-13,Tron-o-matic 1 Pro,Chicago_01,72.0,None,
2024-12-13,Tron-o-matic 1 Pro,Dallas_01,72.0,None,
2024-12-13,Tron-o-matic 1 Pro,Houston_01,72.0,None,
2024-12-13,Tron-o-matic 1 Pro,WashingtonDC_01,72.0,None,
2024-12-13,Tron-o-matic 1 Pro,Atlanta_01,72.0,None,
2024-12-13,Tron-o-matic 1 Pro,Philadelphia_01,72.0,None,
2024-12-13,Tron-o-matic 2,Online_Store,49.5,None,
2024-12-13,Tron-o-matic 2,LosAngeles_01,49.5,None,
2024-12-13,Tron-o-matic 2,NewYork_01,49.5,None,
2024-12-13,Tron-o-matic 2,NewYork_02,49.5,None,
2024-12-13,Tron-o-matic 2,Chicago_01,49.5,None,
2024-12-13,Tron-o-matic 2,Dallas_01,49.5,None,
2024-12-13,Tron-o-matic 2,Houston_01,49.5,None,
2024-12-13,Tron-o-matic 2,WashingtonDC_01,49.5,None,
2024-12-13,Tron-o-matic 2,Atlanta_01,49.5,None,
2024-12-13,Tron-o-matic 2,Philadelphia_01,49.5,None,
2024-12-13,Tron-o-matic 2 Pro,Online_Store,76.5,None,
2024-12-13,Tron-o-matic 2 Pro,LosAngeles_01,76.5,None,
2024-12-13,Tron-o-matic 2 Pro,NewYork_01,76.5,None,
2024-12-13,Tron-o-matic 2 Pro,NewYork_02,76.5,None,
2024-12-13,Tron-o-matic 2 Pro,Chicago_01,76.5,None,
2024-12-13,Tron-o-matic 2 Pro,Dallas_01,76.5,None,
2024-12-13,Tron-o-matic 2 Pro,Houston_01,76.5,None,
2024-12-13,Tron-o-matic 2 Pro,WashingtonDC_01,76.5,None,
2024-12-13,Tron-o-matic 2 Pro,Atlanta_01,76.5,None,
2024-12-13,Tron-o-matic 2 Pro,Philadelphia_01,76.5,None,
2024-12-13,Tron-o-matic 3,Online_Store,49.51,SMALL_DEAL,
2024-12-13,Tron-o-matic 3,LosAngeles_01,49.51,SMALL_DEAL,
2024-12-13,Tron-o-matic 3,NewYork_01,49.51,SMALL_DEAL,
2024-12-13,Tron-o-matic 3,NewYork_02,49.51,SMALL_DEAL,
2024-12-13,Tron-o-matic 3,Chicago_01,49.51,SMALL_DEAL,
2024-12-13,Tron-o-matic 3,Dallas_01,49.51,SMALL_DEAL,
2024-12-13,Tron-o-matic 3,Houston_01,49.51,SMALL_DEAL,
2024-12-13,Tron-o-matic 3,WashingtonDC_01,49.51,SMALL_DEAL,
2024-12-13,Tron-o-matic 3,Atlanta_01,49.51,SMALL_DEAL,
2024-12-13,Tron-o-matic 3,Philadelphia_01,49.51,SMALL_DEAL,
2024-12-13,Tron-o-matic 3 Pro,Online_Store,71.55,SMALL_DEAL,
2024-12-13,Tron-o-matic 3 Pro,LosAngeles_01,71.55,SMALL_DEAL,
2024-12-13,Tron-o-matic 3 Pro,NewYork_01,71.55,SMALL_DEAL,
2024-12-13,Tron-o-matic 3 Pro,NewYork_02,71.55,SMALL_DEAL,
2024-12-13,Tron-o-matic 3 Pro,Chicago_01,71.55,SMALL_DEAL,
2024-12-13,Tron-o-matic 3 Pro,Dallas_01,71.55,SMALL_DEAL,
2024-12-13,Tron-o-matic 3 Pro,Houston_01,71.55,SMALL_DEAL,
2024-12-13,Tron-o-matic 3 Pro,WashingtonDC_01,71.55,SMALL_DEAL,
2024-12-13,Tron-o-matic 3 Pro,Atlanta_01,71.55,SMALL_DEAL,
2024-12-13,Tron-o-matic 3 Pro,Philadelphia_01,71.55,SMALL_DEAL,
2024-12-13,Tron-o-matic 4,Online_Store,67.5,None,
2024-12-13,Tron-o-matic 4,LosAngeles_01,67.5,None,
2024-12-13,Tron-o-matic 4,NewYork_01,67.5,None,
2024-12-13,Tron-o-matic 4,NewYork_02,67.5,None,
2024-12-13,Tron-o-matic 4,Chicago_01,67.5,None,
2024-12-13,Tron-o-matic 4,Dallas_01,67.5,None,
2024-12-13,Tron-o-matic 4,Houston_01,67.5,None,
2024-12-13,Tron-o-matic 4,WashingtonDC_01,67.5,None,
2024-12-13,Tron-o-matic 4,Atlanta_01,67.5,None,
2024-12-13,Tron-o-matic 4,Philadelphia_01,67.5,None,
2024-12-13,Tron-o-matic 4 Pro,Online_Store,90.0,None,
2024-12-13,Tron-o-matic 4 Pro,LosAngeles_01,90.0,None,
2024-12-13,Tron-o-matic 4 Pro,NewYork_01,90.0,None,
2024-12-13,Tron-o-matic 4 Pro,NewYork_02,90.0,None,
2024-12-13,Tron-o-matic 4 Pro,Chicago_01,90.0,None,
2024-12-13,Tron-o-matic 4 Pro,Dallas_01,90.0,None,
2024-12-13,Tron-o-matic 4 Pro,Houston_01,90.0,None,
2024-12-13,Tron-o-matic 4 Pro,WashingtonDC_01,90.0,None,
2024-12-13,Tron-o-matic 4 Pro,Atlanta_01,90.0,None,
2024-12-13,Tron-o-matic 4 Pro,Philadelphia_01,90.0,None,
2024-12-13,Tron-o-matic 5,Online_Store,72.0,None,
2024-12-13,Tron-o-matic 5,LosAngeles_01,72.0,None,
2024-12-13,Tron-o-matic 5,NewYork_01,72.0,None,
2024-12-13,Tron-o-matic 5,NewYork_02,72.0,None,
2024-12-13,Tron-o-matic 5,Chicago_01,72.0,None,
2024-12-13,Tron-o-matic 5,Dallas_01,72.0,None,
2024-12-13,Tron-o-matic 5,Houston_01,72.0,None,
2024-12-13,Tron-o-matic 5,WashingtonDC_01,72.0,None,
2024-12-13,Tron-o-matic 5,Atlanta_01,72.0,None,
2024-12-13,Tron-o-matic 5,Philadelphia_01,72.0,None,
2024-12-13,Tron-o-matic 5 Pro,Online_Store,86.3,SMALL_DEAL,
2024-12-13,Tron-o-matic 5 Pro,LosAngeles_01,86.3,SMALL_DEAL,
2024-12-13,Tron-o-matic 5 Pro,NewYork_01,86.3,SMALL_DEAL,
2024-12-13,Tron-o-matic 5 Pro,NewYork_02,86.3,SMALL_DEAL,
2024-12-13,Tron-o-matic 5 Pro,Chicago_01,86.3,SMALL_DEAL,
2024-12-13,Tron-o-matic 5 Pro,Dallas_01,86.3,SMALL_DEAL,
2024-12-13,Tron-o-matic 5 Pro,Houston_01,86.3,SMALL_DEAL,
2024-12-13,Tron-o-matic 5 Pro,WashingtonDC_01,86.3,SMALL_DEAL,
2024-12-13,Tron-o-matic 5 Pro,Atlanta_01,86.3,SMALL_DEAL,
2024-12-13,Tron-o-matic 5 Pro,Philadelphia_01,86.3,SMALL_DEAL,
2024-12-14,Tron-o-matic 1,Online_Store,46.38,SMALL_DEAL,
2024-12-14,Tron-o-matic 1,LosAngeles_01,46.38,SMALL_DEAL,
2024-12-14,Tron-o-matic 1,NewYork_01,46.38,SMALL_DEAL,
2024-12-14,Tron-o-matic 1,NewYork_02,46.38,SMALL_DEAL,
2024-12-14,Tron-o-matic 1,Chicago_01,46.38,SMALL_DEAL,
2024-12-14,Tron-o-matic 1,Dallas_01,46.38,SMALL_DEAL,
2024-12-14,Tron-o-matic 1,Houston_01,46.38,SMALL_DEAL,
2024-12-14,Tron-o-matic 1,WashingtonDC_01,46.38,SMALL_DEAL,
2024-12-14,Tron-o-matic 1,Atlanta_01,46.38,SMALL_DEAL,
2024-12-14,Tron-o-matic 1,Philadelphia_01,46.38,SMALL_DEAL,
2024-12-14,Tron-o-matic 1 Pro,Online_Store,62.63,SMALL_DEAL,
2024-12-14,Tron-o-matic 1 Pro,LosAngeles_01,62.63,SMALL_DEAL,
2024-12-14,Tron-o-matic 1 Pro,NewYork_01,62.63,SMALL_DEAL,
2024-12-14,Tron-o-matic 1 Pro,NewYork_02,62.63,SMALL_DEAL,
2024-12-14,Tron-o-matic 1 Pro,Chicago_01,62.63,SMALL_DEAL,
2024-12-14,Tron-o-matic 1 Pro,Dallas_01,62.63,SMALL_DEAL,
2024-12-14,Tron-o-matic 1 Pro,Houston_01,62.63,SMALL_DEAL,
2024-12-14,Tron-o-matic 1 Pro,WashingtonDC_01,62.63,SMALL_DEAL,
2024-12-14,Tron-o-matic 1 Pro,Atlanta_01,62.63,SMALL_DEAL,
2024-12-14,Tron-o-matic 1 Pro,Philadelphia_01,62.63,SMALL_DEAL,
2024-12-14,Tron-o-matic 2,Online_Store,49.5,None,
2024-12-14,Tron-o-matic 2,LosAngeles_01,49.5,None,
2024-12-14,Tron-o-matic 2,NewYork_01,49.5,None,
2024-12-14,Tron-o-matic 2,NewYork_02,49.5,None,
2024-12-14,Tron-o-matic 2,Chicago_01,49.5,None,
2024-12-14,Tron-o-matic 2,Dallas_01,49.5,None,
2024-12-14,Tron-o-matic 2,Houston_01,49.5,None,
2024-12-14,Tron-o-matic 2,WashingtonDC_01,49.5,None,
2024-12-14,Tron-o-matic 2,Atlanta_01,49.5,None,
2024-12-14,Tron-o-matic 2,Philadelphia_01,49.5,None,
2024-12-14,Tron-o-matic 2 Pro,Online_Store,76.5,None,
2024-12-14,Tron-o-matic 2 Pro,LosAngeles_01,76.5,None,
2024-12-14,Tron-o-matic 2 Pro,NewYork_01,76.5,None,
2024-12-14,Tron-o-matic 2 Pro,NewYork_02,76.5,None,
2024-12-14,Tron-o-matic 2 Pro,Chicago_01,76.5,None,
2024-12-14,Tron-o-matic 2 Pro,Dallas_01,76.5,None,
2024-12-14,Tron-o-matic 2 Pro,Houston_01,76.5,None,
2024-12-14,Tron-o-matic 2 Pro,WashingtonDC_01,76.5,None,
2024-12-14,Tron-o-matic 2 Pro,Atlanta_01,76.5,None,
2024-12-14,Tron-o-matic 2 Pro,Philadelphia_01,76.5,None,
2024-12-14,Tron-o-matic 3,Online_Store,54.0,None,
2024-12-14,Tron-o-matic 3,LosAngeles_01,54.0,None,
2024-12-14,Tron-o-matic 3,NewYork_01,54.0,None,
2024-12-14,Tron-o-matic 3,NewYork_02,54.0,None,
2024-12-14,Tron-o-matic 3,Chicago_01,54.0,None,
2024-12-14,Tron-o-matic 3,Dallas_01,54.0,None,
2024-12-14,Tron-o-matic 3,Houston_01,54.0,None,
2024-12-14,Tron-o-matic 3,WashingtonDC_01,54.0,None,
2024-12-14,Tron-o-matic 3,Atlanta_01,54.0,None,
2024-12-14,Tron-o-matic 3,Philadelphia_01,54.0,None,
2024-12-14,Tron-o-matic 3 Pro,Online_Store,81.0,None,
2024-12-14,Tron-o-matic 3 Pro,LosAngeles_01,81.0,None,
2024-12-14,Tron-o-matic 3 Pro,NewYork_01,81.0,None,
2024-12-14,Tron-o-matic 3 Pro,NewYork_02,81.0,None,
2024-12-14,Tron-o-matic 3 Pro,Chicago_01,81.0,None,
2024-12-14,Tron-o-matic 3 Pro,Dallas_01,81.0,None,
2024-12-14,Tron-o-matic 3 Pro,Houston_01,81.0,None,
2024-12-14,Tron-o-matic 3 Pro,WashingtonDC_01,81.0,None,
2024-12-14,Tron-o-matic 3 Pro,Atlanta_01,81.0,None,
2024-12-14,Tron-o-matic 3 Pro,Philadelphia_01,81.0,None,
2024-12-14,Tron-o-matic 4,Online_Store,58.32,SMALL_DEAL,
2024-12-14,Tron-o-matic 4,LosAngeles_01,58.32,SMALL_DEAL,
2024-12-14,Tron-o-matic 4,NewYork_01,58.32,SMALL_DEAL,
2024-12-14,Tron-o-matic 4,NewYork_02,58.32,SMALL_DEAL,
2024-12-14,Tron-o-matic 4,Chicago_01,58.32,SMALL_DEAL,
2024-12-14,Tron-o-matic 4,Dallas_01,58.32,SMALL_DEAL,
2024-12-14,Tron-o-matic 4,Houston_01,58.32,SMALL_DEAL,
2024-12-14,Tron-o-matic 4,WashingtonDC_01,58.32,SMALL_DEAL,
2024-12-14,Tron-o-matic 4,Atlanta_01,58.32,SMALL_DEAL,
2024-12-14,Tron-o-matic 4,Philadelphia_01,58.32,SMALL_DEAL,
2024-12-14,Tron-o-matic 4 Pro,Online_Store,82.33,SMALL_DEAL,
2024-12-14,Tron-o-matic 4 Pro,LosAngeles_01,82.33,SMALL_DEAL,
2024-12-14,Tron-o-matic 4 Pro,NewYork_01,82.33,SMALL_DEAL,
2024-12-14,Tron-o-matic 4 Pro,NewYork_02,82.33,SMALL_DEAL,
2024-12-14,Tron-o-matic 4 Pro,Chicago_01,82.33,SMALL_DEAL,
2024-12-14,Tron-o-matic 4 Pro,Dallas_01,82.33,SMALL_DEAL,
2024-12-14,Tron-o-matic 4 Pro,Houston_01,82.33,SMALL_DEAL,
2024-12-14,Tron-o-matic 4 Pro,WashingtonDC_01,82.33,SMALL_DEAL,
2024-12-14,Tron-o-matic 4 Pro,Atlanta_01,82.33,SMALL_DEAL,
2024-12-14,Tron-o-matic 4 Pro,Philadelphia_01,82.33,SMALL_DEAL,
2024-12-14,Tron-o-matic 5,Online_Store,72.0,None,
2024-12-14,Tron-o-matic 5,LosAngeles_01,72.0,None,
2024-12-14,Tron-o-matic 5,NewYork_01,72.0,None,
2024-12-14,Tron-o-matic 5,NewYork_02,72.0,None,
2024-12-14,Tron-o-matic 5,Chicago_01,72.0,None,
2024-12-14,Tron-o-matic 5,Dallas_01,72.0,None,
2024-12-14,Tron-o-matic 5,Houston_01,72.0,None,
2024-12-14,Tron-o-matic 5,WashingtonDC_01,72.0,None,
2024-12-14,Tron-o-matic 5,Atlanta_01,72.0,None,
2024-12-14,Tron-o-matic 5,Philadelphia_01,72.0,None,
2024-12-14,Tron-o-matic 5 Pro,Online_Store,99.0,None,
2024-12-14,Tron-o-matic 5 Pro,LosAngeles_01,99.0,None,
2024-12-14,Tron-o-matic 5 Pro,NewYork_01,99.0,None,
2024-12-14,Tron-o-matic 5 Pro,NewYork_02,99.0,None,
2024-12-14,Tron-o-matic 5 Pro,Chicago_01,99.0,None,
2024-12-14,Tron-o-matic 5 Pro,Dallas_01,99.0,None,
2024-12-14,Tron-o-matic 5 Pro,Houston_01,99.0,None,
2024-12-14,Tron-o-matic 5 Pro,WashingtonDC_01,99.0,None,
2024-12-14,Tron-o-matic 5 Pro,Atlanta_01,99.0,None,
2024-12-14,Tron-o-matic 5 Pro,Philadelphia_01,99.0,None,
2024-12-15,Tron-o-matic 1,Online_Store,54.0,None,
2024-12-15,Tron-o-matic 1,LosAngeles_01,54.0,None,
2024-12-15,Tron-o-matic 1,NewYork_01,54.0,None,
2024-12-15,Tron-o-matic 1,NewYork_02,54.0,None,
2024-12-15,Tron-o-matic 1,Chicago_01,54.0,None,
2024-12-15,Tron-o-matic 1,Dallas_01,54.0,None,
2024-12-15,Tron-o-matic 1,Houston_01,54.0,None,
2024-12-15,Tron-o-matic 1,WashingtonDC_01,54.0,None,
2024-12-15,Tron-o-matic 1,Atlanta_01,54.0,None,
2024-12-15,Tron-o-matic 1,Philadelphia_01,54.0,None,
2024-12-15,Tron-o-matic 1 Pro,Online_Store,56.01,BIG_DEAL,
2024-12-15,Tron-o-matic 1 Pro,LosAngeles_01,56.01,BIG_DEAL,
2024-12-15,Tron-o-matic 1 Pro,NewYork_01,56.01,BIG_DEAL,
2024-12-15,Tron-o-matic 1 Pro,NewYork_02,56.01,BIG_DEAL,
2024-12-15,Tron-o-matic 1 Pro,Chicago_01,56.01,BIG_DEAL,
2024-12-15,Tron-o-matic 1 Pro,Dallas_01,56.01,BIG_DEAL,
2024-12-15,Tron-o-matic 1 Pro,Houston_01,56.01,BIG_DEAL,
2024-12-15,Tron-o-matic 1 Pro,WashingtonDC_01,56.01,BIG_DEAL,
2024-12-15,Tron-o-matic 1 Pro,Atlanta_01,56.01,BIG_DEAL,
2024-12-15,Tron-o-matic 1 Pro,Philadelphia_01,56.01,BIG_DEAL,
2024-12-15,Tron-o-matic 2,Online_Store,49.5,None,
2024-12-15,Tron-o-matic 2,LosAngeles_01,49.5,None,
2024-12-15,Tron-o-matic 2,NewYork_01,49.5,None,
2024-12-15,Tron-o-matic 2,NewYork_02,49.5,None,
2024-12-15,Tron-o-matic 2,Chicago_01,49.5,None,
2024-12-15,Tron-o-matic 2,Dallas_01,49.5,None,
2024-12-15,Tron-o-matic 2,Houston_01,49.5,None,
2024-12-15,Tron-o-matic 2,WashingtonDC_01,49.5,None,
2024-12-15,Tron-o-matic 2,Atlanta_01,49.5,None,
2024-12-15,Tron-o-matic 2,Philadelphia_01,49.5,None,
2024-12-15,Tron-o-matic 2 Pro,Online_Store,70.52,SMALL_DEAL,
2024-12-15,Tron-o-matic 2 Pro,LosAngeles_01,70.52,SMALL_DEAL,
2024-12-15,Tron-o-matic 2 Pro,NewYork_01,70.52,SMALL_DEAL,
2024-12-15,Tron-o-matic 2 Pro,NewYork_02,70.52,SMALL_DEAL,
2024-12-15,Tron-o-matic 2 Pro,Chicago_01,70.52,SMALL_DEAL,
2024-12-15,Tron-o-matic 2 Pro,Dallas_01,70.52,SMALL_DEAL,
2024-12-15,Tron-o-matic 2 Pro,Houston_01,70.52,SMALL_DEAL,
2024-12-15,Tron-o-matic 2 Pro,WashingtonDC_01,70.52,SMALL_DEAL,
2024-12-15,Tron-o-matic 2 Pro,Atlanta_01,70.52,SMALL_DEAL,
2024-12-15,Tron-o-matic 2 Pro,Philadelphia_01,70.52,SMALL_DEAL,
2024-12-15,Tron-o-matic 3,Online_Store,46.55,SMALL_DEAL,
2024-12-15,Tron-o-matic 3,LosAngeles_01,46.55,SMALL_DEAL,
2024-12-15,Tron-o-matic 3,NewYork_01,46.55,SMALL_DEAL,
2024-12-15,Tron-o-matic 3,NewYork_02,46.55,SMALL_DEAL,
2024-12-15,Tron-o-matic 3,Chicago_01,46.55,SMALL_DEAL,
2024-12-15,Tron-o-matic 3,Dallas_01,46.55,SMALL_DEAL,
2024-12-15,Tron-o-matic 3,Houston_01,46.55,SMALL_DEAL,
2024-12-15,Tron-o-matic 3,WashingtonDC_01,46.55,SMALL_DEAL,
2024-12-15,Tron-o-matic 3,Atlanta_01,46.55,SMALL_DEAL,
2024-12-15,Tron-o-matic 3,Philadelphia_01,46.55,SMALL_DEAL,
2024-12-15,Tron-o-matic 3 Pro,Online_Store,57.48,BIG_DEAL,
2024-12-15,Tron-o-matic 3 Pro,LosAngeles_01,57.48,BIG_DEAL,
2024-12-15,Tron-o-matic 3 Pro,NewYork_01,57.48,BIG_DEAL,
2024-12-15,Tron-o-matic 3 Pro,NewYork_02,57.48,BIG_DEAL,
2024-12-15,Tron-o-matic 3 Pro,Chicago_01,57.48,BIG_DEAL,
2024-12-15,Tron-o-matic 3 Pro,Dallas_01,57.48,BIG_DEAL,
2024-12-15,Tron-o-matic 3 Pro,Houston_01,57.48,BIG_DEAL,
2024-12-15,Tron-o-matic 3 Pro,WashingtonDC_01,57.48,BIG_DEAL,
2024-12-15,Tron-o-matic 3 Pro,Atlanta_01,57.48,BIG_DEAL,
2024-12-15,Tron-o-matic 3 Pro,Philadelphia_01,57.48,BIG_DEAL,
2024-12-15,Tron-o-matic 4,Online_Store,49.71,BIG_DEAL,
2024-12-15,Tron-o-matic 4,LosAngeles_01,49.71,BIG_DEAL,
2024-12-15,Tron-o-matic 4,NewYork_01,49.71,BIG_DEAL,
2024-12-15,Tron-o-matic 4,NewYork_02,49.71,BIG_DEAL,
2024-12-15,Tron-o-matic 4,Chicago_01,49.71,BIG_DEAL,
2024-12-15,Tron-o-matic 4,Dallas_01,49.71,BIG_DEAL,
2024-12-15,Tron-o-matic 4,Houston_01,49.71,BIG_DEAL,
2024-12-15,Tron-o-matic 4,WashingtonDC_01,49.71,BIG_DEAL,
2024-12-15,Tron-o-matic 4,Atlanta_01,49.71,BIG_DEAL,
2024-12-15,Tron-o-matic 4,Philadelphia_01,49.71,BIG_DEAL,
2024-12-15,Tron-o-matic 4 Pro,Online_Store,90.0,None,
2024-12-15,Tron-o-matic 4 Pro,LosAngeles_01,90.0,None,
2024-12-15,Tron-o-matic 4 Pro,NewYork_01,90.0,None,
2024-12-15,Tron-o-matic 4 Pro,NewYork_02,90.0,None,
2024-12-15,Tron-o-matic 4 Pro,Chicago_01,90.0,None,
2024-12-15,Tron-o-matic 4 Pro,Dallas_01,90.0,None,
2024-12-15,Tron-o-matic 4 Pro,Houston_01,90.0,None,
2024-12-15,Tron-o-matic 4 Pro,WashingtonDC_01,90.0,None,
2024-12-15,Tron-o-matic 4 Pro,Atlanta_01,90.0,None,
2024-12-15,Tron-o-matic 4 Pro,Philadelphia_01,90.0,None,
2024-12-15,Tron-o-matic 5,Online_Store,67.23,SMALL_DEAL,
2024-12-15,Tron-o-matic 5,LosAngeles_01,67.23,SMALL_DEAL,
2024-12-15,Tron-o-matic 5,NewYork_01,67.23,SMALL_DEAL,
2024-12-15,Tron-o-matic 5,NewYork_02,67.23,SMALL_DEAL,
2024-12-15,Tron-o-matic 5,Chicago_01,67.23,SMALL_DEAL,
2024-12-15,Tron-o-matic 5,Dallas_01,67.23,SMALL_DEAL,
2024-12-15,Tron-o-matic 5,Houston_01,67.23,SMALL_DEAL,
2024-12-15,Tron-o-matic 5,WashingtonDC_01,67.23,SMALL_DEAL,
2024-12-15,Tron-o-matic 5,Atlanta_01,67.23,SMALL_DEAL,
2024-12-15,Tron-o-matic 5,Philadelphia_01,67.23,SMALL_DEAL,
2024-12-15,Tron-o-matic 5 Pro,Online_Store,99.0,None,
2024-12-15,Tron-o-matic 5 Pro,LosAngeles_01,99.0,None,
2024-12-15,Tron-o-matic 5 Pro,NewYork_01,99.0,None,
2024-12-15,Tron-o-matic 5 Pro,NewYork_02,99.0,None,
2024-12-15,Tron-o-matic 5 Pro,Chicago_01,99.0,None,
2024-12-15,Tron-o-matic 5 Pro,Dallas_01,99.0,None,
2024-12-15,Tron-o-matic 5 Pro,Houston_01,99.0,None,
2024-12-15,Tron-o-matic 5 Pro,WashingtonDC_01,99.0,None,
2024-12-15,Tron-o-matic 5 Pro,Atlanta_01,99.0,None,
2024-12-15,Tron-o-matic 5 Pro,Philadelphia_01,99.0,None,
2024-12-16,Tron-o-matic 1,Online_Store,50.31,SMALL_DEAL,
2024-12-16,Tron-o-matic 1,LosAngeles_01,50.31,SMALL_DEAL,
2024-12-16,Tron-o-matic 1,NewYork_01,50.31,SMALL_DEAL,
2024-12-16,Tron-o-matic 1,NewYork_02,50.31,SMALL_DEAL,
2024-12-16,Tron-o-matic 1,Chicago_01,50.31,SMALL_DEAL,
2024-12-16,Tron-o-matic 1,Dallas_01,50.31,SMALL_DEAL,
2024-12-16,Tron-o-matic 1,Houston_01,50.31,SMALL_DEAL,
2024-12-16,Tron-o-matic 1,WashingtonDC_01,50.31,SMALL_DEAL,
2024-12-16,Tron-o-matic 1,Atlanta_01,50.31,SMALL_DEAL,
2024-12-16,Tron-o-matic 1,Philadelphia_01,50.31,SMALL_DEAL,
2024-12-16,Tron-o-matic 1 Pro,Online_Store,66.52,SMALL_DEAL,
2024-12-16,Tron-o-matic 1 Pro,LosAngeles_01,66.52,SMALL_DEAL,
2024-12-16,Tron-o-matic 1 Pro,NewYork_01,66.52,SMALL_DEAL,
2024-12-16,Tron-o-matic 1 Pro,NewYork_02,66.52,SMALL_DEAL,
2024-12-16,Tron-o-matic 1 Pro,Chicago_01,66.52,SMALL_DEAL,
2024-12-16,Tron-o-matic 1 Pro,Dallas_01,66.52,SMALL_DEAL,
2024-12-16,Tron-o-matic 1 Pro,Houston_01,66.52,SMALL_DEAL,
2024-12-16,Tron-o-matic 1 Pro,WashingtonDC_01,66.52,SMALL_DEAL,
2024-12-16,Tron-o-matic 1 Pro,Atlanta_01,66.52,SMALL_DEAL,
2024-12-16,Tron-o-matic 1 Pro,Philadelphia_01,66.52,SMALL_DEAL,
2024-12-16,Tron-o-matic 2,Online_Store,42.97,SMALL_DEAL,
2024-12-16,Tron-o-matic 2,LosAngeles_01,42.97,SMALL_DEAL,
2024-12-16,Tron-o-matic 2,NewYork_01,42.97,SMALL_DEAL,
2024-12-16,Tron-o-matic 2,NewYork_02,42.97,SMALL_DEAL,
2024-12-16,Tron-o-matic 2,Chicago_01,42.97,SMALL_DEAL,
2024-12-16,Tron-o-matic 2,Dallas_01,42.97,SMALL_DEAL,
2024-12-16,Tron-o-matic 2,Houston_01,42.97,SMALL_DEAL,
2024-12-16,Tron-o-matic 2,WashingtonDC_01,42.97,SMALL_DEAL,
2024-12-16,Tron-o-matic 2,Atlanta_01,42.97,SMALL_DEAL,
2024-12-16,Tron-o-matic 2,Philadelphia_01,42.97,SMALL_DEAL,
2024-12-16,Tron-o-matic 2 Pro,Online_Store,72.46,SMALL_DEAL,
2024-12-16,Tron-o-matic 2 Pro,LosAngeles_01,72.46,SMALL_DEAL,
2024-12-16,Tron-o-matic 2 Pro,NewYork_01,72.46,SMALL_DEAL,
2024-12-16,Tron-o-matic 2 Pro,NewYork_02,72.46,SMALL_DEAL,
2024-12-16,Tron-o-matic 2 Pro,Chicago_01,72.46,SMALL_DEAL,
2024-12-16,Tron-o-matic 2 Pro,Dallas_01,72.46,SMALL_DEAL,
2024-12-16,Tron-o-matic 2 Pro,Houston_01,72.46,SMALL_DEAL,
2024-12-16,Tron-o-matic 2 Pro,WashingtonDC_01,72.46,SMALL_DEAL,
2024-12-16,Tron-o-matic 2 Pro,Atlanta_01,72.46,SMALL_DEAL,
2024-12-16,Tron-o-matic 2 Pro,Philadelphia_01,72.46,SMALL_DEAL,
2024-12-16,Tron-o-matic 3,Online_Store,48.08,SMALL_DEAL,
2024-12-16,Tron-o-matic 3,LosAngeles_01,48.08,SMALL_DEAL,
2024-12-16,Tron-o-matic 3,NewYork_01,48.08,SMALL_DEAL,
2024-12-16,Tron-o-matic 3,NewYork_02,48.08,SMALL_DEAL,
2024-12-16,Tron-o-matic 3,Chicago_01,48.08,SMALL_DEAL,
2024-12-16,Tron-o-matic 3,Dallas_01,48.08,SMALL_DEAL,
2024-12-16,Tron-o-matic 3,Houston_01,48.08,SMALL_DEAL,
2024-12-16,Tron-o-matic 3,WashingtonDC_01,48.08,SMALL_DEAL,
2024-12-16,Tron-o-matic 3,Atlanta_01,48.08,SMALL_DEAL,
2024-12-16,Tron-o-matic 3,Philadelphia_01,48.08,SMALL_DEAL,
2024-12-16,Tron-o-matic 3 Pro,Online_Store,76.38,SMALL_DEAL,
2024-12-16,Tron-o-matic 3 Pro,LosAngeles_01,76.38,SMALL_DEAL,
2024-12-16,Tron-o-matic 3 Pro,NewYork_01,76.38,SMALL_DEAL,
2024-12-16,Tron-o-matic 3 Pro,NewYork_02,76.38,SMALL_DEAL,
2024-12-16,Tron-o-matic 3 Pro,Chicago_01,76.38,SMALL_DEAL,
2024-12-16,Tron-o-matic 3 Pro,Dallas_01,76.38,SMALL_DEAL,
2024-12-16,Tron-o-matic 3 Pro,Houston_01,76.38,SMALL_DEAL,
2024-12-16,Tron-o-matic 3 Pro,WashingtonDC_01,76.38,SMALL_DEAL,
2024-12-16,Tron-o-matic 3 Pro,Atlanta_01,76.38,SMALL_DEAL,
2024-12-16,Tron-o-matic 3 Pro,Philadelphia_01,76.38,SMALL_DEAL,
2024-12-16,Tron-o-matic 4,Online_Store,67.5,None,
2024-12-16,Tron-o-matic 4,LosAngeles_01,67.5,None,
2024-12-16,Tron-o-matic 4,NewYork_01,67.5,None,
2024-12-16,Tron-o-matic 4,NewYork_02,67.5,None,
2024-12-16,Tron-o-matic 4,Chicago_01,67.5,None,
2024-12-16,Tron-o-matic 4,Dallas_01,67.5,None,
2024-12-16,Tron-o-matic 4,Houston_01,67.5,None,
2024-12-16,Tron-o-matic 4,WashingtonDC_01,67.5,None,
2024-12-16,Tron-o-matic 4,Atlanta_01,67.5,None,
2024-12-16,Tron-o-matic 4,Philadelphia_01,67.5,None,
2024-12-16,Tron-o-matic 4 Pro,Online_Store,90.0,None,
2024-12-16,Tron-o-matic 4 Pro,LosAngeles_01,90.0,None,
2024-12-16,Tron-o-matic 4 Pro,NewYork_01,90.0,None,
2024-12-16,Tron-o-matic 4 Pro,NewYork_02,90.0,None,
2024-12-16,Tron-o-matic 4 Pro,Chicago_01,90.0,None,
2024-12-16,Tron-o-matic 4 Pro,Dallas_01,90.0,None,
2024-12-16,Tron-o-matic 4 Pro,Houston_01,90.0,None,
2024-12-16,Tron-o-matic 4 Pro,WashingtonDC_01,90.0,None,
2024-12-16,Tron-o-matic 4 Pro,Atlanta_01,90.0,None,
2024-12-16,Tron-o-matic 4 Pro,Philadelphia_01,90.0,None,
2024-12-16,Tron-o-matic 5,Online_Store,72.0,None,
2024-12-16,Tron-o-matic 5,LosAngeles_01,72.0,None,
2024-12-16,Tron-o-matic 5,NewYork_01,72.0,None,
2024-12-16,Tron-o-matic 5,NewYork_02,72.0,None,
2024-12-16,Tron-o-matic 5,Chicago_01,72.0,None,
2024-12-16,Tron-o-matic 5,Dallas_01,72.0,None,
2024-12-16,Tron-o-matic 5,Houston_01,72.0,None,
2024-12-16,Tron-o-matic 5,WashingtonDC_01,72.0,None,
2024-12-16,Tron-o-matic 5,Atlanta_01,72.0,None,
2024-12-16,Tron-o-matic 5,Philadelphia_01,72.0,None,
2024-12-16,Tron-o-matic 5 Pro,Online_Store,92.23,SMALL_DEAL,
2024-12-16,Tron-o-matic 5 Pro,LosAngeles_01,92.23,SMALL_DEAL,
2024-12-16,Tron-o-matic 5 Pro,NewYork_01,92.23,SMALL_DEAL,
2024-12-16,Tron-o-matic 5 Pro,NewYork_02,92.23,SMALL_DEAL,
2024-12-16,Tron-o-matic 5 Pro,Chicago_01,92.23,SMALL_DEAL,
2024-12-16,Tron-o-matic 5 Pro,Dallas_01,92.23,SMALL_DEAL,
2024-12-16,Tron-o-matic 5 Pro,Houston_01,92.23,SMALL_DEAL,
2024-12-16,Tron-o-matic 5 Pro,WashingtonDC_01,92.23,SMALL_DEAL,
2024-12-16,Tron-o-matic 5 Pro,Atlanta_01,92.23,SMALL_DEAL,
2024-12-16,Tron-o-matic 5 Pro,Philadelphia_01,92.23,SMALL_DEAL,
2024-12-17,Tron-o-matic 1,Online_Store,54.0,None,
2024-12-17,Tron-o-matic 1,LosAngeles_01,54.0,None,
2024-12-17,Tron-o-matic 1,NewYork_01,54.0,None,
2024-12-17,Tron-o-matic 1,NewYork_02,54.0,None,
2024-12-17,Tron-o-matic 1,Chicago_01,54.0,None,
2024-12-17,Tron-o-matic 1,Dallas_01,54.0,None,
2024-12-17,Tron-o-matic 1,Houston_01,54.0,None,
2024-12-17,Tron-o-matic 1,WashingtonDC_01,54.0,None,
2024-12-17,Tron-o-matic 1,Atlanta_01,54.0,None,
2024-12-17,Tron-o-matic 1,Philadelphia_01,54.0,None,
2024-12-17,Tron-o-matic 1 Pro,Online_Store,72.0,None,
2024-12-17,Tron-o-matic 1 Pro,LosAngeles_01,72.0,None,
2024-12-17,Tron-o-matic 1 Pro,NewYork_01,72.0,None,
2024-12-17,Tron-o-matic 1 Pro,NewYork_02,72.0,None,
2024-12-17,Tron-o-matic 1 Pro,Chicago_01,72.0,None,
2024-12-17,Tron-o-matic 1 Pro,Dallas_01,72.0,None,
2024-12-17,Tron-o-matic 1 Pro,Houston_01,72.0,None,
2024-12-17,Tron-o-matic 1 Pro,WashingtonDC_01,72.0,None,
2024-12-17,Tron-o-matic 1 Pro,Atlanta_01,72.0,None,
2024-12-17,Tron-o-matic 1 Pro,Philadelphia_01,72.0,None,
2024-12-17,Tron-o-matic 2,Online_Store,37.5,BIG_DEAL,
2024-12-17,Tron-o-matic 2,LosAngeles_01,37.5,BIG_DEAL,
2024-12-17,Tron-o-matic 2,NewYork_01,37.5,BIG_DEAL,
2024-12-17,Tron-o-matic 2,NewYork_02,37.5,BIG_DEAL,
2024-12-17,Tron-o-matic 2,Chicago_01,37.5,BIG_DEAL,
2024-12-17,Tron-o-matic 2,Dallas_01,37.5,BIG_DEAL,
2024-12-17,Tron-o-matic 2,Houston_01,37.5,BIG_DEAL,
2024-12-17,Tron-o-matic 2,WashingtonDC_01,37.5,BIG_DEAL,
2024-12-17,Tron-o-matic 2,Atlanta_01,37.5,BIG_DEAL,
2024-12-17,Tron-o-matic 2,Philadelphia_01,37.5,BIG_DEAL,
2024-12-17,Tron-o-matic 2 Pro,Online_Store,65.26,SMALL_DEAL,
2024-12-17,Tron-o-matic 2 Pro,LosAngeles_01,65.26,SMALL_DEAL,
2024-12-17,Tron-o-matic 2 Pro,NewYork_01,65.26,SMALL_DEAL,
2024-12-17,Tron-o-matic 2 Pro,NewYork_02,65.26,SMALL_DEAL,
2024-12-17,Tron-o-matic 2 Pro,Chicago_01,65.26,SMALL_DEAL,
2024-12-17,Tron-o-matic 2 Pro,Dallas_01,65.26,SMALL_DEAL,
2024-12-17,Tron-o-matic 2 Pro,Houston_01,65.26,SMALL_DEAL,
2024-12-17,Tron-o-matic 2 Pro,WashingtonDC_01,65.26,SMALL_DEAL,
2024-12-17,Tron-o-matic 2 Pro,Atlanta_01,65.26,SMALL_DEAL,
2024-12-17,Tron-o-matic 2 Pro,Philadelphia_01,65.26,SMALL_DEAL,
2024-12-17,Tron-o-matic 3,Online_Store,54.0,None,
2024-12-17,Tron-o-matic 3,LosAngeles_01,54.0,None,
2024-12-17,Tron-o-matic 3,NewYork_01,54.0,None,
2024-12-17,Tron-o-matic 3,NewYork_02,54.0,None,
2024-12-17,Tron-o-matic 3,Chicago_01,54.0,None,
2024-12-17,Tron-o-matic 3,Dallas_01,54.0,None,
2024-12-17,Tron-o-matic 3,Houston_01,54.0,None,
2024-12-17,Tron-o-matic 3,WashingtonDC_01,54.0,None,
2024-12-17,Tron-o-matic 3,Atlanta_01,54.0,None,
2024-12-17,Tron-o-matic 3,Philadelphia_01,54.0,None,
2024-12-17,Tron-o-matic 3 Pro,Online_Store,81.0,None,
2024-12-17,Tron-o-matic 3 Pro,LosAngeles_01,81.0,None,
2024-12-17,Tron-o-matic 3 Pro,NewYork_01,81.0,None,
2024-12-17,Tron-o-matic 3 Pro,NewYork_02,81.0,None,
2024-12-17,Tron-o-matic 3 Pro,Chicago_01,81.0,None,
2024-12-17,Tron-o-matic 3 Pro,Dallas_01,81.0,None,
2024-12-17,Tron-o-matic 3 Pro,Houston_01,81.0,None,
2024-12-17,Tron-o-matic 3 Pro,WashingtonDC_01,81.0,None,
2024-12-17,Tron-o-matic 3 Pro,Atlanta_01,81.0,None,
2024-12-17,Tron-o-matic 3 Pro,Philadelphia_01,81.0,None,
2024-12-17,Tron-o-matic 4,Online_Store,67.5,None,
2024-12-17,Tron-o-matic 4,LosAngeles_01,67.5,None,
2024-12-17,Tron-o-matic 4,NewYork_01,67.5,None,
2024-12-17,Tron-o-matic 4,NewYork_02,67.5,None,
2024-12-17,Tron-o-matic 4,Chicago_01,67.5,None,
2024-12-17,Tron-o-matic 4,Dallas_01,67.5,None,
2024-12-17,Tron-o-matic 4,Houston_01,67.5,None,
2024-12-17,Tron-o-matic 4,WashingtonDC_01,67.5,None,
2024-12-17,Tron-o-matic 4,Atlanta_01,67.5,None,
2024-12-17,Tron-o-matic 4,Philadelphia_01,67.5,None,
2024-12-17,Tron-o-matic 4 Pro,Online_Store,90.0,None,
2024-12-17,Tron-o-matic 4 Pro,LosAngeles_01,90.0,None,
2024-12-17,Tron-o-matic 4 Pro,NewYork_01,90.0,None,
2024-12-17,Tron-o-matic 4 Pro,NewYork_02,90.0,None,
2024-12-17,Tron-o-matic 4 Pro,Chicago_01,90.0,None,
2024-12-17,Tron-o-matic 4 Pro,Dallas_01,90.0,None,
2024-12-17,Tron-o-matic 4 Pro,Houston_01,90.0,None,
2024-12-17,Tron-o-matic 4 Pro,WashingtonDC_01,90.0,None,
2024-12-17,Tron-o-matic 4 Pro,Atlanta_01,90.0,None,
2024-12-17,Tron-o-matic 4 Pro,Philadelphia_01,90.0,None,
2024-12-17,Tron-o-matic 5,Online_Store,72.0,None,
2024-12-17,Tron-o-matic 5,LosAngeles_01,72.0,None,
2024-12-17,Tron-o-matic 5,NewYork_01,72.0,None,
2024-12-17,Tron-o-matic 5,NewYork_02,72.0,None,
2024-12-17,Tron-o-matic 5,Chicago_01,72.0,None,
2024-12-17,Tron-o-matic 5,Dallas_01,72.0,None,
2024-12-17,Tron-o-matic 5,Houston_01,72.0,None,
2024-12-17,Tron-o-matic 5,WashingtonDC_01,72.0,None,
2024-12-17,Tron-o-matic 5,Atlanta_01,72.0,None,
2024-12-17,Tron-o-matic 5,Philadelphia_01,72.0,None,
2024-12-17,Tron-o-matic 5 Pro,Online_Store,99.0,None,
2024-12-17,Tron-o-matic 5 Pro,LosAngeles_01,99.0,None,
2024-12-17,Tron-o-matic 5 Pro,NewYork_01,99.0,None,
2024-12-17,Tron-o-matic 5 Pro,NewYork_02,99.0,None,
2024-12-17,Tron-o-matic 5 Pro,Chicago_01,99.0,None,
2024-12-17,Tron-o-matic 5 Pro,Dallas_01,99.0,None,
2024-12-17,Tron-o-matic 5 Pro,Houston_01,99.0,None,
2024-12-17,Tron-o-matic 5 Pro,WashingtonDC_01,99.0,None,
2024-12-17,Tron-o-matic 5 Pro,Atlanta_01,99.0,None,
2024-12-17,Tron-o-matic 5 Pro,Philadelphia_01,99.0,None,
2024-12-18,Tron-o-matic 1,Online_Store,54.0,None,
2024-12-18,Tron-o-matic 1,LosAngeles_01,54.0,None,
2024-12-18,Tron-o-matic 1,NewYork_01,54.0,None,
2024-12-18,Tron-o-matic 1,NewYork_02,54.0,None,
2024-12-18,Tron-o-matic 1,Chicago_01,54.0,None,
2024-12-18,Tron-o-matic 1,Dallas_01,54.0,None,
2024-12-18,Tron-o-matic 1,Houston_01,54.0,None,
2024-12-18,Tron-o-matic 1,WashingtonDC_01,54.0,None,
2024-12-18,Tron-o-matic 1,Atlanta_01,54.0,None,
2024-12-18,Tron-o-matic 1,Philadelphia_01,54.0,None,
2024-12-18,Tron-o-matic 1 Pro,Online_Store,72.0,None,
2024-12-18,Tron-o-matic 1 Pro,LosAngeles_01,72.0,None,
2024-12-18,Tron-o-matic 1 Pro,NewYork_01,72.0,None,
2024-12-18,Tron-o-matic 1 Pro,NewYork_02,72.0,None,
2024-12-18,Tron-o-matic 1 Pro,Chicago_01,72.0,None,
2024-12-18,Tron-o-matic 1 Pro,Dallas_01,72.0,None,
2024-12-18,Tron-o-matic 1 Pro,Houston_01,72.0,None,
2024-12-18,Tron-o-matic 1 Pro,WashingtonDC_01,72.0,None,
2024-12-18,Tron-o-matic 1 Pro,Atlanta_01,72.0,None,
2024-12-18,Tron-o-matic 1 Pro,Philadelphia_01,72.0,None,
2024-12-18,Tron-o-matic 2,Online_Store,49.5,None,
2024-12-18,Tron-o-matic 2,LosAngeles_01,49.5,None,
2024-12-18,Tron-o-matic 2,NewYork_01,49.5,None,
2024-12-18,Tron-o-matic 2,NewYork_02,49.5,None,
2024-12-18,Tron-o-matic 2,Chicago_01,49.5,None,
2024-12-18,Tron-o-matic 2,Dallas_01,49.5,None,
2024-12-18,Tron-o-matic 2,Houston_01,49.5,None,
2024-12-18,Tron-o-matic 2,WashingtonDC_01,49.5,None,
2024-12-18,Tron-o-matic 2,Atlanta_01,49.5,None,
2024-12-18,Tron-o-matic 2,Philadelphia_01,49.5,None,
2024-12-18,Tron-o-matic 2 Pro,Online_Store,76.5,None,
2024-12-18,Tron-o-matic 2 Pro,LosAngeles_01,76.5,None,
2024-12-18,Tron-o-matic 2 Pro,NewYork_01,76.5,None,
2024-12-18,Tron-o-matic 2 Pro,NewYork_02,76.5,None,
2024-12-18,Tron-o-matic 2 Pro,Chicago_01,76.5,None,
2024-12-18,Tron-o-matic 2 Pro,Dallas_01,76.5,None,
2024-12-18,Tron-o-matic 2 Pro,Houston_01,76.5,None,
2024-12-18,Tron-o-matic 2 Pro,WashingtonDC_01,76.5,None,
2024-12-18,Tron-o-matic 2 Pro,Atlanta_01,76.5,None,
2024-12-18,Tron-o-matic 2 Pro,Philadelphia_01,76.5,None,
2024-12-18,Tron-o-matic 3,Online_Store,41.15,BIG_DEAL,
2024-12-18,Tron-o-matic 3,LosAngeles_01,41.15,BIG_DEAL,
2024-12-18,Tron-o-matic 3,NewYork_01,41.15,BIG_DEAL,
2024-12-18,Tron-o-matic 3,NewYork_02,41.15,BIG_DEAL,
2024-12-18,Tron-o-matic 3,Chicago_01,41.15,BIG_DEAL,
2024-12-18,Tron-o-matic 3,Dallas_01,41.15,BIG_DEAL,
2024-12-18,Tron-o-matic 3,Houston_01,41.15,BIG_DEAL,
2024-12-18,Tron-o-matic 3,WashingtonDC_01,41.15,BIG_DEAL,
2024-12-18,Tron-o-matic 3,Atlanta_01,41.15,BIG_DEAL,
2024-12-18,Tron-o-matic 3,Philadelphia_01,41.15,BIG_DEAL,
2024-12-18,Tron-o-matic 3 Pro,Online_Store,75.93,SMALL_DEAL,
2024-12-18,Tron-o-matic 3 Pro,LosAngeles_01,75.93,SMALL_DEAL,
2024-12-18,Tron-o-matic 3 Pro,NewYork_01,75.93,SMALL_DEAL,
2024-12-18,Tron-o-matic 3 Pro,NewYork_02,75.93,SMALL_DEAL,
2024-12-18,Tron-o-matic 3 Pro,Chicago_01,75.93,SMALL_DEAL,
2024-12-18,Tron-o-matic 3 Pro,Dallas_01,75.93,SMALL_DEAL,
2024-12-18,Tron-o-matic 3 Pro,Houston_01,75.93,SMALL_DEAL,
2024-12-18,Tron-o-matic 3 Pro,WashingtonDC_01,75.93,SMALL_DEAL,
2024-12-18,Tron-o-matic 3 Pro,Atlanta_01,75.93,SMALL_DEAL,
2024-12-18,Tron-o-matic 3 Pro,Philadelphia_01,75.93,SMALL_DEAL,
2024-12-18,Tron-o-matic 4,Online_Store,67.5,None,
2024-12-18,Tron-o-matic 4,LosAngeles_01,67.5,None,
2024-12-18,Tron-o-matic 4,NewYork_01,67.5,None,
2024-12-18,Tron-o-matic 4,NewYork_02,67.5,None,
2024-12-18,Tron-o-matic 4,Chicago_01,67.5,None,
2024-12-18,Tron-o-matic 4,Dallas_01,67.5,None,
2024-12-18,Tron-o-matic 4,Houston_01,67.5,None,
2024-12-18,Tron-o-matic 4,WashingtonDC_01,67.5,None,
2024-12-18,Tron-o-matic 4,Atlanta_01,67.5,None,
2024-12-18,Tron-o-matic 4,Philadelphia_01,67.5,None,
2024-12-18,Tron-o-matic 4 Pro,Online_Store,90.0,None,
2024-12-18,Tron-o-matic 4 Pro,LosAngeles_01,90.0,None,
2024-12-18,Tron-o-matic 4 Pro,NewYork_01,90.0,None,
2024-12-18,Tron-o-matic 4 Pro,NewYork_02,90.0,None,
2024-12-18,Tron-o-matic 4 Pro,Chicago_01,90.0,None,
2024-12-18,Tron-o-matic 4 Pro,Dallas_01,90.0,None,
2024-12-18,Tron-o-matic 4 Pro,Houston_01,90.0,None,
2024-12-18,Tron-o-matic 4 Pro,WashingtonDC_01,90.0,None,
2024-12-18,Tron-o-matic 4 Pro,Atlanta_01,90.0,None,
2024-12-18,Tron-o-matic 4 Pro,Philadelphia_01,90.0,None,
2024-12-18,Tron-o-matic 5,Online_Store,72.0,None,
2024-12-18,Tron-o-matic 5,LosAngeles_01,72.0,None,
2024-12-18,Tron-o-matic 5,NewYork_01,72.0,None,
2024-12-18,Tron-o-matic 5,NewYork_02,72.0,None,
2024-12-18,Tron-o-matic 5,Chicago_01,72.0,None,
2024-12-18,Tron-o-matic 5,Dallas_01,72.0,None,
2024-12-18,Tron-o-matic 5,Houston_01,72.0,None,
2024-12-18,Tron-o-matic 5,WashingtonDC_01,72.0,None,
2024-12-18,Tron-o-matic 5,Atlanta_01,72.0,None,
2024-12-18,Tron-o-matic 5,Philadelphia_01,72.0,None,
2024-12-18,Tron-o-matic 5 Pro,Online_Store,99.0,None,
2024-12-18,Tron-o-matic 5 Pro,LosAngeles_01,99.0,None,
2024-12-18,Tron-o-matic 5 Pro,NewYork_01,99.0,None,
2024-12-18,Tron-o-matic 5 Pro,NewYork_02,99.0,None,
2024-12-18,Tron-o-matic 5 Pro,Chicago_01,99.0,None,
2024-12-18,Tron-o-matic 5 Pro,Dallas_01,99.0,None,
2024-12-18,Tron-o-matic 5 Pro,Houston_01,99.0,None,
2024-12-18,Tron-o-matic 5 Pro,WashingtonDC_01,99.0,None,
2024-12-18,Tron-o-matic 5 Pro,Atlanta_01,99.0,None,
2024-12-18,Tron-o-matic 5 Pro,Philadelphia_01,99.0,None,
2024-12-19,Tron-o-matic 1,Online_Store,54.0,None,
2024-12-19,Tron-o-matic 1,LosAngeles_01,54.0,None,
2024-12-19,Tron-o-matic 1,NewYork_01,54.0,None,
2024-12-19,Tron-o-matic 1,NewYork_02,54.0,None,
2024-12-19,Tron-o-matic 1,Chicago_01,54.0,None,
2024-12-19,Tron-o-matic 1,Dallas_01,54.0,None,
2024-12-19,Tron-o-matic 1,Houston_01,54.0,None,
2024-12-19,Tron-o-matic 1,WashingtonDC_01,54.0,None,
2024-12-19,Tron-o-matic 1,Atlanta_01,54.0,None,
2024-12-19,Tron-o-matic 1,Philadelphia_01,54.0,None,
2024-12-19,Tron-o-matic 1 Pro,Online_Store,51.42,BIG_DEAL,
2024-12-19,Tron-o-matic 1 Pro,LosAngeles_01,51.42,BIG_DEAL,
2024-12-19,Tron-o-matic 1 Pro,NewYork_01,51.42,BIG_DEAL,
2024-12-19,Tron-o-matic 1 Pro,NewYork_02,51.42,BIG_DEAL,
2024-12-19,Tron-o-matic 1 Pro,Chicago_01,51.42,BIG_DEAL,
2024-12-19,Tron-o-matic 1 Pro,Dallas_01,51.42,BIG_DEAL,
2024-12-19,Tron-o-matic 1 Pro,Houston_01,51.42,BIG_DEAL,
2024-12-19,Tron-o-matic 1 Pro,WashingtonDC_01,51.42,BIG_DEAL,
2024-12-19,Tron-o-matic 1 Pro,Atlanta_01,51.42,BIG_DEAL,
2024-12-19,Tron-o-matic 1 Pro,Philadelphia_01,51.42,BIG_DEAL,
2024-12-19,Tron-o-matic 2,Online_Store,44.29,SMALL_DEAL,
2024-12-19,Tron-o-matic 2,LosAngeles_01,44.29,SMALL_DEAL,
2024-12-19,Tron-o-matic 2,NewYork_01,44.29,SMALL_DEAL,
2024-12-19,Tron-o-matic 2,NewYork_02,44.29,SMALL_DEAL,
2024-12-19,Tron-o-matic 2,Chicago_01,44.29,SMALL_DEAL,
2024-12-19,Tron-o-matic 2,Dallas_01,44.29,SMALL_DEAL,
2024-12-19,Tron-o-matic 2,Houston_01,44.29,SMALL_DEAL,
2024-12-19,Tron-o-matic 2,WashingtonDC_01,44.29,SMALL_DEAL,
2024-12-19,Tron-o-matic 2,Atlanta_01,44.29,SMALL_DEAL,
2024-12-19,Tron-o-matic 2,Philadelphia_01,44.29,SMALL_DEAL,
2024-12-19,Tron-o-matic 2 Pro,Online_Store,55.66,BIG_DEAL,
2024-12-19,Tron-o-matic 2 Pro,LosAngeles_01,55.66,BIG_DEAL,
2024-12-19,Tron-o-matic 2 Pro,NewYork_01,55.66,BIG_DEAL,
2024-12-19,Tron-o-matic 2 Pro,NewYork_02,55.66,BIG_DEAL,
2024-12-19,Tron-o-matic 2 Pro,Chicago_01,55.66,BIG_DEAL,
2024-12-19,Tron-o-matic 2 Pro,Dallas_01,55.66,BIG_DEAL,
2024-12-19,Tron-o-matic 2 Pro,Houston_01,55.66,BIG_DEAL,
2024-12-19,Tron-o-matic 2 Pro,WashingtonDC_01,55.66,BIG_DEAL,
2024-12-19,Tron-o-matic 2 Pro,Atlanta_01,55.66,BIG_DEAL,
2024-12-19,Tron-o-matic 2 Pro,Philadelphia_01,55.66,BIG_DEAL,
2024-12-19,Tron-o-matic 3,Online_Store,42.11,BIG_DEAL,
2024-12-19,Tron-o-matic 3,LosAngeles_01,42.11,BIG_DEAL,
2024-12-19,Tron-o-matic 3,NewYork_01,42.11,BIG_DEAL,
2024-12-19,Tron-o-matic 3,NewYork_02,42.11,BIG_DEAL,
2024-12-19,Tron-o-matic 3,Chicago_01,42.11,BIG_DEAL,
2024-12-19,Tron-o-matic 3,Dallas_01,42.11,BIG_DEAL,
2024-12-19,Tron-o-matic 3,Houston_01,42.11,BIG_DEAL,
2024-12-19,Tron-o-matic 3,WashingtonDC_01,42.11,BIG_DEAL,
2024-12-19,Tron-o-matic 3,Atlanta_01,42.11,BIG_DEAL,
2024-12-19,Tron-o-matic 3,Philadelphia_01,42.11,BIG_DEAL,
2024-12-19,Tron-o-matic 3 Pro,Online_Store,70.09,SMALL_DEAL,
2024-12-19,Tron-o-matic 3 Pro,LosAngeles_01,70.09,SMALL_DEAL,
2024-12-19,Tron-o-matic 3 Pro,NewYork_01,70.09,SMALL_DEAL,
2024-12-19,Tron-o-matic 3 Pro,NewYork_02,70.09,SMALL_DEAL,
2024-12-19,Tron-o-matic 3 Pro,Chicago_01,70.09,SMALL_DEAL,
2024-12-19,Tron-o-matic 3 Pro,Dallas_01,70.09,SMALL_DEAL,
2024-12-19,Tron-o-matic 3 Pro,Houston_01,70.09,SMALL_DEAL,
2024-12-19,Tron-o-matic 3 Pro,WashingtonDC_01,70.09,SMALL_DEAL,
2024-12-19,Tron-o-matic 3 Pro,Atlanta_01,70.09,SMALL_DEAL,
2024-12-19,Tron-o-matic 3 Pro,Philadelphia_01,70.09,SMALL_DEAL,
2024-12-19,Tron-o-matic 4,Online_Store,63.19,SMALL_DEAL,
2024-12-19,Tron-o-matic 4,LosAngeles_01,63.19,SMALL_DEAL,
2024-12-19,Tron-o-matic 4,NewYork_01,63.19,SMALL_DEAL,
2024-12-19,Tron-o-matic 4,NewYork_02,63.19,SMALL_DEAL,
2024-12-19,Tron-o-matic 4,Chicago_01,63.19,SMALL_DEAL,
2024-12-19,Tron-o-matic 4,Dallas_01,63.19,SMALL_DEAL,
2024-12-19,Tron-o-matic 4,Houston_01,63.19,SMALL_DEAL,
2024-12-19,Tron-o-matic 4,WashingtonDC_01,63.19,SMALL_DEAL,
2024-12-19,Tron-o-matic 4,Atlanta_01,63.19,SMALL_DEAL,
2024-12-19,Tron-o-matic 4,Philadelphia_01,63.19,SMALL_DEAL,
2024-12-19,Tron-o-matic 4 Pro,Online_Store,85.24,SMALL_DEAL,
2024-12-19,Tron-o-matic 4 Pro,LosAngeles_01,85.24,SMALL_DEAL,
2024-12-19,Tron-o-matic 4 Pro,NewYork_01,85.24,SMALL_DEAL,
2024-12-19,Tron-o-matic 4 Pro,NewYork_02,85.24,SMALL_DEAL,
2024-12-19,Tron-o-matic 4 Pro,Chicago_01,85.24,SMALL_DEAL,
2024-12-19,Tron-o-matic 4 Pro,Dallas_01,85.24,SMALL_DEAL,
2024-12-19,Tron-o-matic 4 Pro,Houston_01,85.24,SMALL_DEAL,
2024-12-19,Tron-o-matic 4 Pro,WashingtonDC_01,85.24,SMALL_DEAL,
2024-12-19,Tron-o-matic 4 Pro,Atlanta_01,85.24,SMALL_DEAL,
2024-12-19,Tron-o-matic 4 Pro,Philadelphia_01,85.24,SMALL_DEAL,
2024-12-19,Tron-o-matic 5,Online_Store,72.0,None,
2024-12-19,Tron-o-matic 5,LosAngeles_01,72.0,None,
2024-12-19,Tron-o-matic 5,NewYork_01,72.0,None,
2024-12-19,Tron-o-matic 5,NewYork_02,72.0,None,
2024-12-19,Tron-o-matic 5,Chicago_01,72.0,None,
2024-12-19,Tron-o-matic 5,Dallas_01,72.0,None,
2024-12-19,Tron-o-matic 5,Houston_01,72.0,None,
2024-12-19,Tron-o-matic 5,WashingtonDC_01,72.0,None,
2024-12-19,Tron-o-matic 5,Atlanta_01,72.0,None,
2024-12-19,Tron-o-matic 5,Philadelphia_01,72.0,None,
2024-12-19,Tron-o-matic 5 Pro,Online_Store,88.75,SMALL_DEAL,
2024-12-19,Tron-o-matic 5 Pro,LosAngeles_01,88.75,SMALL_DEAL,
2024-12-19,Tron-o-matic 5 Pro,NewYork_01,88.75,SMALL_DEAL,
2024-12-19,Tron-o-matic 5 Pro,NewYork_02,88.75,SMALL_DEAL,
2024-12-19,Tron-o-matic 5 Pro,Chicago_01,88.75,SMALL_DEAL,
2024-12-19,Tron-o-matic 5 Pro,Dallas_01,88.75,SMALL_DEAL,
2024-12-19,Tron-o-matic 5 Pro,Houston_01,88.75,SMALL_DEAL,
2024-12-19,Tron-o-matic 5 Pro,WashingtonDC_01,88.75,SMALL_DEAL,
2024-12-19,Tron-o-matic 5 Pro,Atlanta_01,88.75,SMALL_DEAL,
2024-12-19,Tron-o-matic 5 Pro,Philadelphia_01,88.75,SMALL_DEAL,
2024-12-20,Tron-o-matic 1,Online_Store,47.28,SMALL_DEAL,
2024-12-20,Tron-o-matic 1,LosAngeles_01,47.28,SMALL_DEAL,
2024-12-20,Tron-o-matic 1,NewYork_01,47.28,SMALL_DEAL,
2024-12-20,Tron-o-matic 1,NewYork_02,47.28,SMALL_DEAL,
2024-12-20,Tron-o-matic 1,Chicago_01,47.28,SMALL_DEAL,
2024-12-20,Tron-o-matic 1,Dallas_01,47.28,SMALL_DEAL,
2024-12-20,Tron-o-matic 1,Houston_01,47.28,SMALL_DEAL,
2024-12-20,Tron-o-matic 1,WashingtonDC_01,47.28,SMALL_DEAL,
2024-12-20,Tron-o-matic 1,Atlanta_01,47.28,SMALL_DEAL,
2024-12-20,Tron-o-matic 1,Philadelphia_01,47.28,SMALL_DEAL,
2024-12-20,Tron-o-matic 1 Pro,Online_Store,65.12,SMALL_DEAL,
2024-12-20,Tron-o-matic 1 Pro,LosAngeles_01,65.12,SMALL_DEAL,
2024-12-20,Tron-o-matic 1 Pro,NewYork_01,65.12,SMALL_DEAL,
2024-12-20,Tron-o-matic 1 Pro,NewYork_02,65.12,SMALL_DEAL,
2024-12-20,Tron-o-matic 1 Pro,Chicago_01,65.12,SMALL_DEAL,
2024-12-20,Tron-o-matic 1 Pro,Dallas_01,65.12,SMALL_DEAL,
2024-12-20,Tron-o-matic 1 Pro,Houston_01,65.12,SMALL_DEAL,
2024-12-20,Tron-o-matic 1 Pro,WashingtonDC_01,65.12,SMALL_DEAL,
2024-12-20,Tron-o-matic 1 Pro,Atlanta_01,65.12,SMALL_DEAL,
2024-12-20,Tron-o-matic 1 Pro,Philadelphia_01,65.12,SMALL_DEAL,
2024-12-20,Tron-o-matic 2,Online_Store,49.5,None,
2024-12-20,Tron-o-matic 2,LosAngeles_01,49.5,None,
2024-12-20,Tron-o-matic 2,NewYork_01,49.5,None,
2024-12-20,Tron-o-matic 2,NewYork_02,49.5,None,
2024-12-20,Tron-o-matic 2,Chicago_01,49.5,None,
2024-12-20,Tron-o-matic 2,Dallas_01,49.5,None,
2024-12-20,Tron-o-matic 2,Houston_01,49.5,None,
2024-12-20,Tron-o-matic 2,WashingtonDC_01,49.5,None,
2024-12-20,Tron-o-matic 2,Atlanta_01,49.5,None,
2024-12-20,Tron-o-matic 2,Philadelphia_01,49.5,None,
2024-12-20,Tron-o-matic 2 Pro,Online_Store,71.19,SMALL_DEAL,
2024-12-20,Tron-o-matic 2 Pro,LosAngeles_01,71.19,SMALL_DEAL,
2024-12-20,Tron-o-matic 2 Pro,NewYork_01,71.19,SMALL_DEAL,
2024-12-20,Tron-o-matic 2 Pro,NewYork_02,71.19,SMALL_DEAL,
2024-12-20,Tron-o-matic 2 Pro,Chicago_01,71.19,SMALL_DEAL,
2024-12-20,Tron-o-matic 2 Pro,Dallas_01,71.19,SMALL_DEAL,
2024-12-20,Tron-o-matic 2 Pro,Houston_01,71.19,SMALL_DEAL,
2024-12-20,Tron-o-matic 2 Pro,WashingtonDC_01,71.19,SMALL_DEAL,
2024-12-20,Tron-o-matic 2 Pro,Atlanta_01,71.19,SMALL_DEAL,
2024-12-20,Tron-o-matic 2 Pro,Philadelphia_01,71.19,SMALL_DEAL,
2024-12-20,Tron-o-matic 3,Online_Store,54.0,None,
2024-12-20,Tron-o-matic 3,LosAngeles_01,54.0,None,
2024-12-20,Tron-o-matic 3,NewYork_01,54.0,None,
2024-12-20,Tron-o-matic 3,NewYork_02,54.0,None,
2024-12-20,Tron-o-matic 3,Chicago_01,54.0,None,
2024-12-20,Tron-o-matic 3,Dallas_01,54.0,None,
2024-12-20,Tron-o-matic 3,Houston_01,54.0,None,
2024-12-20,Tron-o-matic 3,WashingtonDC_01,54.0,None,
2024-12-20,Tron-o-matic 3,Atlanta_01,54.0,None,
2024-12-20,Tron-o-matic 3,Philadelphia_01,54.0,None,
2024-12-20,Tron-o-matic 3 Pro,Online_Store,81.0,None,
2024-12-20,Tron-o-matic 3 Pro,LosAngeles_01,81.0,None,
2024-12-20,Tron-o-matic 3 Pro,NewYork_01,81.0,None,
2024-12-20,Tron-o-matic 3 Pro,NewYork_02,81.0,None,
2024-12-20,Tron-o-matic 3 Pro,Chicago_01,81.0,None,
2024-12-20,Tron-o-matic 3 Pro,Dallas_01,81.0,None,
2024-12-20,Tron-o-matic 3 Pro,Houston_01,81.0,None,
2024-12-20,Tron-o-matic 3 Pro,WashingtonDC_01,81.0,None,
2024-12-20,Tron-o-matic 3 Pro,Atlanta_01,81.0,None,
2024-12-20,Tron-o-matic 3 Pro,Philadelphia_01,81.0,None,
2024-12-20,Tron-o-matic 4,Online_Store,67.5,None,
2024-12-20,Tron-o-matic 4,LosAngeles_01,67.5,None,
2024-12-20,Tron-o-matic 4,NewYork_01,67.5,None,
2024-12-20,Tron-o-matic 4,NewYork_02,67.5,None,
2024-12-20,Tron-o-matic 4,Chicago_01,67.5,None,
2024-12-20,Tron-o-matic 4,Dallas_01,67.5,None,
2024-12-20,Tron-o-matic 4,Houston_01,67.5,None,
2024-12-20,Tron-o-matic 4,WashingtonDC_01,67.5,None,
2024-12-20,Tron-o-matic 4,Atlanta_01,67.5,None,
2024-12-20,Tron-o-matic 4,Philadelphia_01,67.5,None,
2024-12-20,Tron-o-matic 4 Pro,Online_Store,90.0,None,
2024-12-20,Tron-o-matic 4 Pro,LosAngeles_01,90.0,None,
2024-12-20,Tron-o-matic 4 Pro,NewYork_01,90.0,None,
2024-12-20,Tron-o-matic 4 Pro,NewYork_02,90.0,None,
2024-12-20,Tron-o-matic 4 Pro,Chicago_01,90.0,None,
2024-12-20,Tron-o-matic 4 Pro,Dallas_01,90.0,None,
2024-12-20,Tron-o-matic 4 Pro,Houston_01,90.0,None,
2024-12-20,Tron-o-matic 4 Pro,WashingtonDC_01,90.0,None,
2024-12-20,Tron-o-matic 4 Pro,Atlanta_01,90.0,None,
2024-12-20,Tron-o-matic 4 Pro,Philadelphia_01,90.0,None,
2024-12-20,Tron-o-matic 5,Online_Store,55.65,BIG_DEAL,
2024-12-20,Tron-o-matic 5,LosAngeles_01,55.65,BIG_DEAL,
2024-12-20,Tron-o-matic 5,NewYork_01,55.65,BIG_DEAL,
2024-12-20,Tron-o-matic 5,NewYork_02,55.65,BIG_DEAL,
2024-12-20,Tron-o-matic 5,Chicago_01,55.65,BIG_DEAL,
2024-12-20,Tron-o-matic 5,Dallas_01,55.65,BIG_DEAL,
2024-12-20,Tron-o-matic 5,Houston_01,55.65,BIG_DEAL,
2024-12-20,Tron-o-matic 5,WashingtonDC_01,55.65,BIG_DEAL,
2024-12-20,Tron-o-matic 5,Atlanta_01,55.65,BIG_DEAL,
2024-12-20,Tron-o-matic 5,Philadelphia_01,55.65,BIG_DEAL,
2024-12-20,Tron-o-matic 5 Pro,Online_Store,99.0,None,
2024-12-20,Tron-o-matic 5 Pro,LosAngeles_01,99.0,None,
2024-12-20,Tron-o-matic 5 Pro,NewYork_01,99.0,None,
2024-12-20,Tron-o-matic 5 Pro,NewYork_02,99.0,None,
2024-12-20,Tron-o-matic 5 Pro,Chicago_01,99.0,None,
2024-12-20,Tron-o-matic 5 Pro,Dallas_01,99.0,None,
2024-12-20,Tron-o-matic 5 Pro,Houston_01,99.0,None,
2024-12-20,Tron-o-matic 5 Pro,WashingtonDC_01,99.0,None,
2024-12-20,Tron-o-matic 5 Pro,Atlanta_01,99.0,None,
2024-12-20,Tron-o-matic 5 Pro,Philadelphia_01,99.0,None,
2024-12-21,Tron-o-matic 1,Online_Store,48.5,SMALL_DEAL,
2024-12-21,Tron-o-matic 1,LosAngeles_01,48.5,SMALL_DEAL,
2024-12-21,Tron-o-matic 1,NewYork_01,48.5,SMALL_DEAL,
2024-12-21,Tron-o-matic 1,NewYork_02,48.5,SMALL_DEAL,
2024-12-21,Tron-o-matic 1,Chicago_01,48.5,SMALL_DEAL,
2024-12-21,Tron-o-matic 1,Dallas_01,48.5,SMALL_DEAL,
2024-12-21,Tron-o-matic 1,Houston_01,48.5,SMALL_DEAL,
2024-12-21,Tron-o-matic 1,WashingtonDC_01,48.5,SMALL_DEAL,
2024-12-21,Tron-o-matic 1,Atlanta_01,48.5,SMALL_DEAL,
2024-12-21,Tron-o-matic 1,Philadelphia_01,48.5,SMALL_DEAL,
2024-12-21,Tron-o-matic 1 Pro,Online_Store,72.0,None,
2024-12-21,Tron-o-matic 1 Pro,LosAngeles_01,72.0,None,
2024-12-21,Tron-o-matic 1 Pro,NewYork_01,72.0,None,
2024-12-21,Tron-o-matic 1 Pro,NewYork_02,72.0,None,
2024-12-21,Tron-o-matic 1 Pro,Chicago_01,72.0,None,
2024-12-21,Tron-o-matic 1 Pro,Dallas_01,72.0,None,
2024-12-21,Tron-o-matic 1 Pro,Houston_01,72.0,None,
2024-12-21,Tron-o-matic 1 Pro,WashingtonDC_01,72.0,None,
2024-12-21,Tron-o-matic 1 Pro,Atlanta_01,72.0,None,
2024-12-21,Tron-o-matic 1 Pro,Philadelphia_01,72.0,None,
2024-12-21,Tron-o-matic 2,Online_Store,34.75,BIG_DEAL,
2024-12-21,Tron-o-matic 2,LosAngeles_01,34.75,BIG_DEAL,
2024-12-21,Tron-o-matic 2,NewYork_01,34.75,BIG_DEAL,
2024-12-21,Tron-o-matic 2,NewYork_02,34.75,BIG_DEAL,
2024-12-21,Tron-o-matic 2,Chicago_01,34.75,BIG_DEAL,
2024-12-21,Tron-o-matic 2,Dallas_01,34.75,BIG_DEAL,
2024-12-21,Tron-o-matic 2,Houston_01,34.75,BIG_DEAL,
2024-12-21,Tron-o-matic 2,WashingtonDC_01,34.75,BIG_DEAL,
2024-12-21,Tron-o-matic 2,Atlanta_01,34.75,BIG_DEAL,
2024-12-21,Tron-o-matic 2,Philadelphia_01,34.75,BIG_DEAL,
2024-12-21,Tron-o-matic 2 Pro,Online_Store,76.5,None,
2024-12-21,Tron-o-matic 2 Pro,LosAngeles_01,76.5,None,
2024-12-21,Tron-o-matic 2 Pro,NewYork_01,76.5,None,
2024-12-21,Tron-o-matic 2 Pro,NewYork_02,76.5,None,
2024-12-21,Tron-o-matic 2 Pro,Chicago_01,76.5,None,
2024-12-21,Tron-o-matic 2 Pro,Dallas_01,76.5,None,
2024-12-21,Tron-o-matic 2 Pro,Houston_01,76.5,None,
2024-12-21,Tron-o-matic 2 Pro,WashingtonDC_01,76.5,None,
2024-12-21,Tron-o-matic 2 Pro,Atlanta_01,76.5,None,
2024-12-21,Tron-o-matic 2 Pro,Philadelphia_01,76.5,None,
2024-12-21,Tron-o-matic 3,Online_Store,54.0,None,
2024-12-21,Tron-o-matic 3,LosAngeles_01,54.0,None,
2024-12-21,Tron-o-matic 3,NewYork_01,54.0,None,
2024-12-21,Tron-o-matic 3,NewYork_02,54.0,None,
2024-12-21,Tron-o-matic 3,Chicago_01,54.0,None,
2024-12-21,Tron-o-matic 3,Dallas_01,54.0,None,
2024-12-21,Tron-o-matic 3,Houston_01,54.0,None,
2024-12-21,Tron-o-matic 3,WashingtonDC_01,54.0,None,
2024-12-21,Tron-o-matic 3,Atlanta_01,54.0,None,
2024-12-21,Tron-o-matic 3,Philadelphia_01,54.0,None,
2024-12-21,Tron-o-matic 3 Pro,Online_Store,69.37,SMALL_DEAL,
2024-12-21,Tron-o-matic 3 Pro,LosAngeles_01,69.37,SMALL_DEAL,
2024-12-21,Tron-o-matic 3 Pro,NewYork_01,69.37,SMALL_DEAL,
2024-12-21,Tron-o-matic 3 Pro,NewYork_02,69.37,SMALL_DEAL,
2024-12-21,Tron-o-matic 3 Pro,Chicago_01,69.37,SMALL_DEAL,
2024-12-21,Tron-o-matic 3 Pro,Dallas_01,69.37,SMALL_DEAL,
2024-12-21,Tron-o-matic 3 Pro,Houston_01,69.37,SMALL_DEAL,
2024-12-21,Tron-o-matic 3 Pro,WashingtonDC_01,69.37,SMALL_DEAL,
2024-12-21,Tron-o-matic 3 Pro,Atlanta_01,69.37,SMALL_DEAL,
2024-12-21,Tron-o-matic 3 Pro,Philadelphia_01,69.37,SMALL_DEAL,
2024-12-21,Tron-o-matic 4,Online_Store,67.5,None,
2024-12-21,Tron-o-matic 4,LosAngeles_01,67.5,None,
2024-12-21,Tron-o-matic 4,NewYork_01,67.5,None,
2024-12-21,Tron-o-matic 4,NewYork_02,67.5,None,
2024-12-21,Tron-o-matic 4,Chicago_01,67.5,None,
2024-12-21,Tron-o-matic 4,Dallas_01,67.5,None,
2024-12-21,Tron-o-matic 4,Houston_01,67.5,None,
2024-12-21,Tron-o-matic 4,WashingtonDC_01,67.5,None,
2024-12-21,Tron-o-matic 4,Atlanta_01,67.5,None,
2024-12-21,Tron-o-matic 4,Philadelphia_01,67.5,None,
2024-12-21,Tron-o-matic 4 Pro,Online_Store,69.33,BIG_DEAL,
2024-12-21,Tron-o-matic 4 Pro,LosAngeles_01,69.33,BIG_DEAL,
2024-12-21,Tron-o-matic 4 Pro,NewYork_01,69.33,BIG_DEAL,
2024-12-21,Tron-o-matic 4 Pro,NewYork_02,69.33,BIG_DEAL,
2024-12-21,Tron-o-matic 4 Pro,Chicago_01,69.33,BIG_DEAL,
2024-12-21,Tron-o-matic 4 Pro,Dallas_01,69.33,BIG_DEAL,
2024-12-21,Tron-o-matic 4 Pro,Houston_01,69.33,BIG_DEAL,
2024-12-21,Tron-o-matic 4 Pro,WashingtonDC_01,69.33,BIG_DEAL,
2024-12-21,Tron-o-matic 4 Pro,Atlanta_01,69.33,BIG_DEAL,
2024-12-21,Tron-o-matic 4 Pro,Philadelphia_01,69.33,BIG_DEAL,
2024-12-21,Tron-o-matic 5,Online_Store,54.48,BIG_DEAL,
2024-12-21,Tron-o-matic 5,LosAngeles_01,54.48,BIG_DEAL,
2024-12-21,Tron-o-matic 5,NewYork_01,54.48,BIG_DEAL,
2024-12-21,Tron-o-matic 5,NewYork_02,54.48,BIG_DEAL,
2024-12-21,Tron-o-matic 5,Chicago_01,54.48,BIG_DEAL,
2024-12-21,Tron-o-matic 5,Dallas_01,54.48,BIG_DEAL,
2024-12-21,Tron-o-matic 5,Houston_01,54.48,BIG_DEAL,
2024-12-21,Tron-o-matic 5,WashingtonDC_01,54.48,BIG_DEAL,
2024-12-21,Tron-o-matic 5,Atlanta_01,54.48,BIG_DEAL,
2024-12-21,Tron-o-matic 5,Philadelphia_01,54.48,BIG_DEAL,
2024-12-21,Tron-o-matic 5 Pro,Online_Store,91.74,SMALL_DEAL,
2024-12-21,Tron-o-matic 5 Pro,LosAngeles_01,91.74,SMALL_DEAL,
2024-12-21,Tron-o-matic 5 Pro,NewYork_01,91.74,SMALL_DEAL,
2024-12-21,Tron-o-matic 5 Pro,NewYork_02,91.74,SMALL_DEAL,
2024-12-21,Tron-o-matic 5 Pro,Chicago_01,91.74,SMALL_DEAL,
2024-12-21,Tron-o-matic 5 Pro,Dallas_01,91.74,SMALL_DEAL,
2024-12-21,Tron-o-matic 5 Pro,Houston_01,91.74,SMALL_DEAL,
2024-12-21,Tron-o-matic 5 Pro,WashingtonDC_01,91.74,SMALL_DEAL,
2024-12-21,Tron-o-matic 5 Pro,Atlanta_01,91.74,SMALL_DEAL,
2024-12-21,Tron-o-matic 5 Pro,Philadelphia_01,91.74,SMALL_DEAL,
2024-12-22,Tron-o-matic 1,Online_Store,54.0,None,
2024-12-22,Tron-o-matic 1,LosAngeles_01,54.0,None,
2024-12-22,Tron-o-matic 1,NewYork_01,54.0,None,
2024-12-22,Tron-o-matic 1,NewYork_02,54.0,None,
2024-12-22,Tron-o-matic 1,Chicago_01,54.0,None,
2024-12-22,Tron-o-matic 1,Dallas_01,54.0,None,
2024-12-22,Tron-o-matic 1,Houston_01,54.0,None,
2024-12-22,Tron-o-matic 1,WashingtonDC_01,54.0,None,
2024-12-22,Tron-o-matic 1,Atlanta_01,54.0,None,
2024-12-22,Tron-o-matic 1,Philadelphia_01,54.0,None,
2024-12-22,Tron-o-matic 1 Pro,Online_Store,72.0,None,
2024-12-22,Tron-o-matic 1 Pro,LosAngeles_01,72.0,None,
2024-12-22,Tron-o-matic 1 Pro,NewYork_01,72.0,None,
2024-12-22,Tron-o-matic 1 Pro,NewYork_02,72.0,None,
2024-12-22,Tron-o-matic 1 Pro,Chicago_01,72.0,None,
2024-12-22,Tron-o-matic 1 Pro,Dallas_01,72.0,None,
2024-12-22,Tron-o-matic 1 Pro,Houston_01,72.0,None,
2024-12-22,Tron-o-matic 1 Pro,WashingtonDC_01,72.0,None,
2024-12-22,Tron-o-matic 1 Pro,Atlanta_01,72.0,None,
2024-12-22,Tron-o-matic 1 Pro,Philadelphia_01,72.0,None,
2024-12-22,Tron-o-matic 2,Online_Store,49.5,None,
2024-12-22,Tron-o-matic 2,LosAngeles_01,49.5,None,
2024-12-22,Tron-o-matic 2,NewYork_01,49.5,None,
2024-12-22,Tron-o-matic 2,NewYork_02,49.5,None,
2024-12-22,Tron-o-matic 2,Chicago_01,49.5,None,
2024-12-22,Tron-o-matic 2,Dallas_01,49.5,None,
2024-12-22,Tron-o-matic 2,Houston_01,49.5,None,
2024-12-22,Tron-o-matic 2,WashingtonDC_01,49.5,None,
2024-12-22,Tron-o-matic 2,Atlanta_01,49.5,None,
2024-12-22,Tron-o-matic 2,Philadelphia_01,49.5,None,
2024-12-22,Tron-o-matic 2 Pro,Online_Store,76.5,None,
2024-12-22,Tron-o-matic 2 Pro,LosAngeles_01,76.5,None,
2024-12-22,Tron-o-matic 2 Pro,NewYork_01,76.5,None,
2024-12-22,Tron-o-matic 2 Pro,NewYork_02,76.5,None,
2024-12-22,Tron-o-matic 2 Pro,Chicago_01,76.5,None,
2024-12-22,Tron-o-matic 2 Pro,Dallas_01,76.5,None,
2024-12-22,Tron-o-matic 2 Pro,Houston_01,76.5,None,
2024-12-22,Tron-o-matic 2 Pro,WashingtonDC_01,76.5,None,
2024-12-22,Tron-o-matic 2 Pro,Atlanta_01,76.5,None,
2024-12-22,Tron-o-matic 2 Pro,Philadelphia_01,76.5,None,
2024-12-22,Tron-o-matic 3,Online_Store,54.0,None,
2024-12-22,Tron-o-matic 3,LosAngeles_01,54.0,None,
2024-12-22,Tron-o-matic 3,NewYork_01,54.0,None,
2024-12-22,Tron-o-matic 3,NewYork_02,54.0,None,
2024-12-22,Tron-o-matic 3,Chicago_01,54.0,None,
2024-12-22,Tron-o-matic 3,Dallas_01,54.0,None,
2024-12-22,Tron-o-matic 3,Houston_01,54.0,None,
2024-12-22,Tron-o-matic 3,WashingtonDC_01,54.0,None,
2024-12-22,Tron-o-matic 3,Atlanta_01,54.0,None,
2024-12-22,Tron-o-matic 3,Philadelphia_01,54.0,None,
2024-12-22,Tron-o-matic 3 Pro,Online_Store,56.75,BIG_DEAL,
2024-12-22,Tron-o-matic 3 Pro,LosAngeles_01,56.75,BIG_DEAL,
2024-12-22,Tron-o-matic 3 Pro,NewYork_01,56.75,BIG_DEAL,
2024-12-22,Tron-o-matic 3 Pro,NewYork_02,56.75,BIG_DEAL,
2024-12-22,Tron-o-matic 3 Pro,Chicago_01,56.75,BIG_DEAL,
2024-12-22,Tron-o-matic 3 Pro,Dallas_01,56.75,BIG_DEAL,
2024-12-22,Tron-o-matic 3 Pro,Houston_01,56.75,BIG_DEAL,
2024-12-22,Tron-o-matic 3 Pro,WashingtonDC_01,56.75,BIG_DEAL,
2024-12-22,Tron-o-matic 3 Pro,Atlanta_01,56.75,BIG_DEAL,
2024-12-22,Tron-o-matic 3 Pro,Philadelphia_01,56.75,BIG_DEAL,
2024-12-22,Tron-o-matic 4,Online_Store,67.5,None,
2024-12-22,Tron-o-matic 4,LosAngeles_01,67.5,None,
2024-12-22,Tron-o-matic 4,NewYork_01,67.5,None,
2024-12-22,Tron-o-matic 4,NewYork_02,67.5,None,
2024-12-22,Tron-o-matic 4,Chicago_01,67.5,None,
2024-12-22,Tron-o-matic 4,Dallas_01,67.5,None,
2024-12-22,Tron-o-matic 4,Houston_01,67.5,None,
2024-12-22,Tron-o-matic 4,WashingtonDC_01,67.5,None,
2024-12-22,Tron-o-matic 4,Atlanta_01,67.5,None,
2024-12-22,Tron-o-matic 4,Philadelphia_01,67.5,None,
2024-12-22,Tron-o-matic 4 Pro,Online_Store,90.0,None,
2024-12-22,Tron-o-matic 4 Pro,LosAngeles_01,90.0,None,
2024-12-22,Tron-o-matic 4 Pro,NewYork_01,90.0,None,
2024-12-22,Tron-o-matic 4 Pro,NewYork_02,90.0,None,
2024-12-22,Tron-o-matic 4 Pro,Chicago_01,90.0,None,
2024-12-22,Tron-o-matic 4 Pro,Dallas_01,90.0,None,
2024-12-22,Tron-o-matic 4 Pro,Houston_01,90.0,None,
2024-12-22,Tron-o-matic 4 Pro,WashingtonDC_01,90.0,None,
2024-12-22,Tron-o-matic 4 Pro,Atlanta_01,90.0,None,
2024-12-22,Tron-o-matic 4 Pro,Philadelphia_01,90.0,None,
2024-12-22,Tron-o-matic 5,Online_Store,61.24,SMALL_DEAL,
2024-12-22,Tron-o-matic 5,LosAngeles_01,61.24,SMALL_DEAL,
2024-12-22,Tron-o-matic 5,NewYork_01,61.24,SMALL_DEAL,
2024-12-22,Tron-o-matic 5,NewYork_02,61.24,SMALL_DEAL,
2024-12-22,Tron-o-matic 5,Chicago_01,61.24,SMALL_DEAL,
2024-12-22,Tron-o-matic 5,Dallas_01,61.24,SMALL_DEAL,
2024-12-22,Tron-o-matic 5,Houston_01,61.24,SMALL_DEAL,
2024-12-22,Tron-o-matic 5,WashingtonDC_01,61.24,SMALL_DEAL,
2024-12-22,Tron-o-matic 5,Atlanta_01,61.24,SMALL_DEAL,
2024-12-22,Tron-o-matic 5,Philadelphia_01,61.24,SMALL_DEAL,
2024-12-22,Tron-o-matic 5 Pro,Online_Store,90.68,SMALL_DEAL,
2024-12-22,Tron-o-matic 5 Pro,LosAngeles_01,90.68,SMALL_DEAL,
2024-12-22,Tron-o-matic 5 Pro,NewYork_01,90.68,SMALL_DEAL,
2024-12-22,Tron-o-matic 5 Pro,NewYork_02,90.68,SMALL_DEAL,
2024-12-22,Tron-o-matic 5 Pro,Chicago_01,90.68,SMALL_DEAL,
2024-12-22,Tron-o-matic 5 Pro,Dallas_01,90.68,SMALL_DEAL,
2024-12-22,Tron-o-matic 5 Pro,Houston_01,90.68,SMALL_DEAL,
2024-12-22,Tron-o-matic 5 Pro,WashingtonDC_01,90.68,SMALL_DEAL,
2024-12-22,Tron-o-matic 5 Pro,Atlanta_01,90.68,SMALL_DEAL,
2024-12-22,Tron-o-matic 5 Pro,Philadelphia_01,90.68,SMALL_DEAL,
2024-12-23,Tron-o-matic 1,Online_Store,49.53,SMALL_DEAL,
2024-12-23,Tron-o-matic 1,LosAngeles_01,49.53,SMALL_DEAL,
2024-12-23,Tron-o-matic 1,NewYork_01,49.53,SMALL_DEAL,
2024-12-23,Tron-o-matic 1,NewYork_02,49.53,SMALL_DEAL,
2024-12-23,Tron-o-matic 1,Chicago_01,49.53,SMALL_DEAL,
2024-12-23,Tron-o-matic 1,Dallas_01,49.53,SMALL_DEAL,
2024-12-23,Tron-o-matic 1,Houston_01,49.53,SMALL_DEAL,
2024-12-23,Tron-o-matic 1,WashingtonDC_01,49.53,SMALL_DEAL,
2024-12-23,Tron-o-matic 1,Atlanta_01,49.53,SMALL_DEAL,
2024-12-23,Tron-o-matic 1,Philadelphia_01,49.53,SMALL_DEAL,
2024-12-23,Tron-o-matic 1 Pro,Online_Store,72.0,None,
2024-12-23,Tron-o-matic 1 Pro,LosAngeles_01,72.0,None,
2024-12-23,Tron-o-matic 1 Pro,NewYork_01,72.0,None,
2024-12-23,Tron-o-matic 1 Pro,NewYork_02,72.0,None,
2024-12-23,Tron-o-matic 1 Pro,Chicago_01,72.0,None,
2024-12-23,Tron-o-matic 1 Pro,Dallas_01,72.0,None,
2024-12-23,Tron-o-matic 1 Pro,Houston_01,72.0,None,
2024-12-23,Tron-o-matic 1 Pro,WashingtonDC_01,72.0,None,
2024-12-23,Tron-o-matic 1 Pro,Atlanta_01,72.0,None,
2024-12-23,Tron-o-matic 1 Pro,Philadelphia_01,72.0,None,
2024-12-23,Tron-o-matic 2,Online_Store,49.5,None,
2024-12-23,Tron-o-matic 2,LosAngeles_01,49.5,None,
2024-12-23,Tron-o-matic 2,NewYork_01,49.5,None,
2024-12-23,Tron-o-matic 2,NewYork_02,49.5,None,
2024-12-23,Tron-o-matic 2,Chicago_01,49.5,None,
2024-12-23,Tron-o-matic 2,Dallas_01,49.5,None,
2024-12-23,Tron-o-matic 2,Houston_01,49.5,None,
2024-12-23,Tron-o-matic 2,WashingtonDC_01,49.5,None,
2024-12-23,Tron-o-matic 2,Atlanta_01,49.5,None,
2024-12-23,Tron-o-matic 2,Philadelphia_01,49.5,None,
2024-12-23,Tron-o-matic 2 Pro,Online_Store,60.07,BIG_DEAL,
2024-12-23,Tron-o-matic 2 Pro,LosAngeles_01,60.07,BIG_DEAL,
2024-12-23,Tron-o-matic 2 Pro,NewYork_01,60.07,BIG_DEAL,
2024-12-23,Tron-o-matic 2 Pro,NewYork_02,60.07,BIG_DEAL,
2024-12-23,Tron-o-matic 2 Pro,Chicago_01,60.07,BIG_DEAL,
2024-12-23,Tron-o-matic 2 Pro,Dallas_01,60.07,BIG_DEAL,
2024-12-23,Tron-o-matic 2 Pro,Houston_01,60.07,BIG_DEAL,
2024-12-23,Tron-o-matic 2 Pro,WashingtonDC_01,60.07,BIG_DEAL,
2024-12-23,Tron-o-matic 2 Pro,Atlanta_01,60.07,BIG_DEAL,
2024-12-23,Tron-o-matic 2 Pro,Philadelphia_01,60.07,BIG_DEAL,
2024-12-23,Tron-o-matic 3,Online_Store,54.0,None,
2024-12-23,Tron-o-matic 3,LosAngeles_01,54.0,None,
2024-12-23,Tron-o-matic 3,NewYork_01,54.0,None,
2024-12-23,Tron-o-matic 3,NewYork_02,54.0,None,
2024-12-23,Tron-o-matic 3,Chicago_01,54.0,None,
2024-12-23,Tron-o-matic 3,Dallas_01,54.0,None,
2024-12-23,Tron-o-matic 3,Houston_01,54.0,None,
2024-12-23,Tron-o-matic 3,WashingtonDC_01,54.0,None,
2024-12-23,Tron-o-matic 3,Atlanta_01,54.0,None,
2024-12-23,Tron-o-matic 3,Philadelphia_01,54.0,None,
2024-12-23,Tron-o-matic 3 Pro,Online_Store,69.34,SMALL_DEAL,
2024-12-23,Tron-o-matic 3 Pro,LosAngeles_01,69.34,SMALL_DEAL,
2024-12-23,Tron-o-matic 3 Pro,NewYork_01,69.34,SMALL_DEAL,
2024-12-23,Tron-o-matic 3 Pro,NewYork_02,69.34,SMALL_DEAL,
2024-12-23,Tron-o-matic 3 Pro,Chicago_01,69.34,SMALL_DEAL,
2024-12-23,Tron-o-matic 3 Pro,Dallas_01,69.34,SMALL_DEAL,
2024-12-23,Tron-o-matic 3 Pro,Houston_01,69.34,SMALL_DEAL,
2024-12-23,Tron-o-matic 3 Pro,WashingtonDC_01,69.34,SMALL_DEAL,
2024-12-23,Tron-o-matic 3 Pro,Atlanta_01,69.34,SMALL_DEAL,
2024-12-23,Tron-o-matic 3 Pro,Philadelphia_01,69.34,SMALL_DEAL,
2024-12-23,Tron-o-matic 4,Online_Store,67.5,None,
2024-12-23,Tron-o-matic 4,LosAngeles_01,67.5,None,
2024-12-23,Tron-o-matic 4,NewYork_01,67.5,None,
2024-12-23,Tron-o-matic 4,NewYork_02,67.5,None,
2024-12-23,Tron-o-matic 4,Chicago_01,67.5,None,
2024-12-23,Tron-o-matic 4,Dallas_01,67.5,None,
2024-12-23,Tron-o-matic 4,Houston_01,67.5,None,
2024-12-23,Tron-o-matic 4,WashingtonDC_01,67.5,None,
2024-12-23,Tron-o-matic 4,Atlanta_01,67.5,None,
2024-12-23,Tron-o-matic 4,Philadelphia_01,67.5,None,
2024-12-23,Tron-o-matic 4 Pro,Online_Store,84.8,SMALL_DEAL,
2024-12-23,Tron-o-matic 4 Pro,LosAngeles_01,84.8,SMALL_DEAL,
2024-12-23,Tron-o-matic 4 Pro,NewYork_01,84.8,SMALL_DEAL,
2024-12-23,Tron-o-matic 4 Pro,NewYork_02,84.8,SMALL_DEAL,
2024-12-23,Tron-o-matic 4 Pro,Chicago_01,84.8,SMALL_DEAL,
2024-12-23,Tron-o-matic 4 Pro,Dallas_01,84.8,SMALL_DEAL,
2024-12-23,Tron-o-matic 4 Pro,Houston_01,84.8,SMALL_DEAL,
2024-12-23,Tron-o-matic 4 Pro,WashingtonDC_01,84.8,SMALL_DEAL,
2024-12-23,Tron-o-matic 4 Pro,Atlanta_01,84.8,SMALL_DEAL,
2024-12-23,Tron-o-matic 4 Pro,Philadelphia_01,84.8,SMALL_DEAL,
2024-12-23,Tron-o-matic 5,Online_Store,68.1,SMALL_DEAL,
2024-12-23,Tron-o-matic 5,LosAngeles_01,68.1,SMALL_DEAL,
2024-12-23,Tron-o-matic 5,NewYork_01,68.1,SMALL_DEAL,
2024-12-23,Tron-o-matic 5,NewYork_02,68.1,SMALL_DEAL,
2024-12-23,Tron-o-matic 5,Chicago_01,68.1,SMALL_DEAL,
2024-12-23,Tron-o-matic 5,Dallas_01,68.1,SMALL_DEAL,
2024-12-23,Tron-o-matic 5,Houston_01,68.1,SMALL_DEAL,
2024-12-23,Tron-o-matic 5,WashingtonDC_01,68.1,SMALL_DEAL,
2024-12-23,Tron-o-matic 5,Atlanta_01,68.1,SMALL_DEAL,
2024-12-23,Tron-o-matic 5,Philadelphia_01,68.1,SMALL_DEAL,
2024-12-23,Tron-o-matic 5 Pro,Online_Store,88.45,SMALL_DEAL,
2024-12-23,Tron-o-matic 5 Pro,LosAngeles_01,88.45,SMALL_DEAL,
2024-12-23,Tron-o-matic 5 Pro,NewYork_01,88.45,SMALL_DEAL,
2024-12-23,Tron-o-matic 5 Pro,NewYork_02,88.45,SMALL_DEAL,
2024-12-23,Tron-o-matic 5 Pro,Chicago_01,88.45,SMALL_DEAL,
2024-12-23,Tron-o-matic 5 Pro,Dallas_01,88.45,SMALL_DEAL,
2024-12-23,Tron-o-matic 5 Pro,Houston_01,88.45,SMALL_DEAL,
2024-12-23,Tron-o-matic 5 Pro,WashingtonDC_01,88.45,SMALL_DEAL,
2024-12-23,Tron-o-matic 5 Pro,Atlanta_01,88.45,SMALL_DEAL,
2024-12-23,Tron-o-matic 5 Pro,Philadelphia_01,88.45,SMALL_DEAL,
2024-12-24,Tron-o-matic 1,Online_Store,54.0,None,
2024-12-24,Tron-o-matic 1,LosAngeles_01,54.0,None,
2024-12-24,Tron-o-matic 1,NewYork_01,54.0,None,
2024-12-24,Tron-o-matic 1,NewYork_02,54.0,None,
2024-12-24,Tron-o-matic 1,Chicago_01,54.0,None,
2024-12-24,Tron-o-matic 1,Dallas_01,54.0,None,
2024-12-24,Tron-o-matic 1,Houston_01,54.0,None,
2024-12-24,Tron-o-matic 1,WashingtonDC_01,54.0,None,
2024-12-24,Tron-o-matic 1,Atlanta_01,54.0,None,
2024-12-24,Tron-o-matic 1,Philadelphia_01,54.0,None,
2024-12-24,Tron-o-matic 1 Pro,Online_Store,72.0,None,
2024-12-24,Tron-o-matic 1 Pro,LosAngeles_01,72.0,None,
2024-12-24,Tron-o-matic 1 Pro,NewYork_01,72.0,None,
2024-12-24,Tron-o-matic 1 Pro,NewYork_02,72.0,None,
2024-12-24,Tron-o-matic 1 Pro,Chicago_01,72.0,None,
2024-12-24,Tron-o-matic 1 Pro,Dallas_01,72.0,None,
2024-12-24,Tron-o-matic 1 Pro,Houston_01,72.0,None,
2024-12-24,Tron-o-matic 1 Pro,WashingtonDC_01,72.0,None,
2024-12-24,Tron-o-matic 1 Pro,Atlanta_01,72.0,None,
2024-12-24,Tron-o-matic 1 Pro,Philadelphia_01,72.0,None,
2024-12-24,Tron-o-matic 2,Online_Store,49.5,None,
2024-12-24,Tron-o-matic 2,LosAngeles_01,49.5,None,
2024-12-24,Tron-o-matic 2,NewYork_01,49.5,None,
2024-12-24,Tron-o-matic 2,NewYork_02,49.5,None,
2024-12-24,Tron-o-matic 2,Chicago_01,49.5,None,
2024-12-24,Tron-o-matic 2,Dallas_01,49.5,None,
2024-12-24,Tron-o-matic 2,Houston_01,49.5,None,
2024-12-24,Tron-o-matic 2,WashingtonDC_01,49.5,None,
2024-12-24,Tron-o-matic 2,Atlanta_01,49.5,None,
2024-12-24,Tron-o-matic 2,Philadelphia_01,49.5,None,
2024-12-24,Tron-o-matic 2 Pro,Online_Store,76.5,None,
2024-12-24,Tron-o-matic 2 Pro,LosAngeles_01,76.5,None,
2024-12-24,Tron-o-matic 2 Pro,NewYork_01,76.5,None,
2024-12-24,Tron-o-matic 2 Pro,NewYork_02,76.5,None,
2024-12-24,Tron-o-matic 2 Pro,Chicago_01,76.5,None,
2024-12-24,Tron-o-matic 2 Pro,Dallas_01,76.5,None,
2024-12-24,Tron-o-matic 2 Pro,Houston_01,76.5,None,
2024-12-24,Tron-o-matic 2 Pro,WashingtonDC_01,76.5,None,
2024-12-24,Tron-o-matic 2 Pro,Atlanta_01,76.5,None,
2024-12-24,Tron-o-matic 2 Pro,Philadelphia_01,76.5,None,
2024-12-24,Tron-o-matic 3,Online_Store,54.0,None,
2024-12-24,Tron-o-matic 3,LosAngeles_01,54.0,None,
2024-12-24,Tron-o-matic 3,NewYork_01,54.0,None,
2024-12-24,Tron-o-matic 3,NewYork_02,54.0,None,
2024-12-24,Tron-o-matic 3,Chicago_01,54.0,None,
2024-12-24,Tron-o-matic 3,Dallas_01,54.0,None,
2024-12-24,Tron-o-matic 3,Houston_01,54.0,None,
2024-12-24,Tron-o-matic 3,WashingtonDC_01,54.0,None,
2024-12-24,Tron-o-matic 3,Atlanta_01,54.0,None,
2024-12-24,Tron-o-matic 3,Philadelphia_01,54.0,None,
2024-12-24,Tron-o-matic 3 Pro,Online_Store,81.0,None,
2024-12-24,Tron-o-matic 3 Pro,LosAngeles_01,81.0,None,
2024-12-24,Tron-o-matic 3 Pro,NewYork_01,81.0,None,
2024-12-24,Tron-o-matic 3 Pro,NewYork_02,81.0,None,
2024-12-24,Tron-o-matic 3 Pro,Chicago_01,81.0,None,
2024-12-24,Tron-o-matic 3 Pro,Dallas_01,81.0,None,
2024-12-24,Tron-o-matic 3 Pro,Houston_01,81.0,None,
2024-12-24,Tron-o-matic 3 Pro,WashingtonDC_01,81.0,None,
2024-12-24,Tron-o-matic 3 Pro,Atlanta_01,81.0,None,
2024-12-24,Tron-o-matic 3 Pro,Philadelphia_01,81.0,None,
2024-12-24,Tron-o-matic 4,Online_Store,67.5,None,
2024-12-24,Tron-o-matic 4,LosAngeles_01,67.5,None,
2024-12-24,Tron-o-matic 4,NewYork_01,67.5,None,
2024-12-24,Tron-o-matic 4,NewYork_02,67.5,None,
2024-12-24,Tron-o-matic 4,Chicago_01,67.5,None,
2024-12-24,Tron-o-matic 4,Dallas_01,67.5,None,
2024-12-24,Tron-o-matic 4,Houston_01,67.5,None,
2024-12-24,Tron-o-matic 4,WashingtonDC_01,67.5,None,
2024-12-24,Tron-o-matic 4,Atlanta_01,67.5,None,
2024-12-24,Tron-o-matic 4,Philadelphia_01,67.5,None,
2024-12-24,Tron-o-matic 4 Pro,Online_Store,90.0,None,
2024-12-24,Tron-o-matic 4 Pro,LosAngeles_01,90.0,None,
2024-12-24,Tron-o-matic 4 Pro,NewYork_01,90.0,None,
2024-12-24,Tron-o-matic 4 Pro,NewYork_02,90.0,None,
2024-12-24,Tron-o-matic 4 Pro,Chicago_01,90.0,None,
2024-12-24,Tron-o-matic 4 Pro,Dallas_01,90.0,None,
2024-12-24,Tron-o-matic 4 Pro,Houston_01,90.0,None,
2024-12-24,Tron-o-matic 4 Pro,WashingtonDC_01,90.0,None,
2024-12-24,Tron-o-matic 4 Pro,Atlanta_01,90.0,None,
2024-12-24,Tron-o-matic 4 Pro,Philadelphia_01,90.0,None,
2024-12-24,Tron-o-matic 5,Online_Store,72.0,None,
2024-12-24,Tron-o-matic 5,LosAngeles_01,72.0,None,
2024-12-24,Tron-o-matic 5,NewYork_01,72.0,None,
2024-12-24,Tron-o-matic 5,NewYork_02,72.0,None,
2024-12-24,Tron-o-matic 5,Chicago_01,72.0,None,
2024-12-24,Tron-o-matic 5,Dallas_01,72.0,None,
2024-12-24,Tron-o-matic 5,Houston_01,72.0,None,
2024-12-24,Tron-o-matic 5,WashingtonDC_01,72.0,None,
2024-12-24,Tron-o-matic 5,Atlanta_01,72.0,None,
2024-12-24,Tron-o-matic 5,Philadelphia_01,72.0,None,
2024-12-24,Tron-o-matic 5 Pro,Online_Store,89.38,SMALL_DEAL,
2024-12-24,Tron-o-matic 5 Pro,LosAngeles_01,89.38,SMALL_DEAL,
2024-12-24,Tron-o-matic 5 Pro,NewYork_01,89.38,SMALL_DEAL,
2024-12-24,Tron-o-matic 5 Pro,NewYork_02,89.38,SMALL_DEAL,
2024-12-24,Tron-o-matic 5 Pro,Chicago_01,89.38,SMALL_DEAL,
2024-12-24,Tron-o-matic 5 Pro,Dallas_01,89.38,SMALL_DEAL,
2024-12-24,Tron-o-matic 5 Pro,Houston_01,89.38,SMALL_DEAL,
2024-12-24,Tron-o-matic 5 Pro,WashingtonDC_01,89.38,SMALL_DEAL,
2024-12-24,Tron-o-matic 5 Pro,Atlanta_01,89.38,SMALL_DEAL,
2024-12-24,Tron-o-matic 5 Pro,Philadelphia_01,89.38,SMALL_DEAL,
2024-12-25,Tron-o-matic 1,Online_Store,54.0,None,
2024-12-25,Tron-o-matic 1,LosAngeles_01,54.0,None,
2024-12-25,Tron-o-matic 1,NewYork_01,54.0,None,
2024-12-25,Tron-o-matic 1,NewYork_02,54.0,None,
2024-12-25,Tron-o-matic 1,Chicago_01,54.0,None,
2024-12-25,Tron-o-matic 1,Dallas_01,54.0,None,
2024-12-25,Tron-o-matic 1,Houston_01,54.0,None,
2024-12-25,Tron-o-matic 1,WashingtonDC_01,54.0,None,
2024-12-25,Tron-o-matic 1,Atlanta_01,54.0,None,
2024-12-25,Tron-o-matic 1,Philadelphia_01,54.0,None,
2024-12-25,Tron-o-matic 1 Pro,Online_Store,72.0,None,
2024-12-25,Tron-o-matic 1 Pro,LosAngeles_01,72.0,None,
2024-12-25,Tron-o-matic 1 Pro,NewYork_01,72.0,None,
2024-12-25,Tron-o-matic 1 Pro,NewYork_02,72.0,None,
2024-12-25,Tron-o-matic 1 Pro,Chicago_01,72.0,None,
2024-12-25,Tron-o-matic 1 Pro,Dallas_01,72.0,None,
2024-12-25,Tron-o-matic 1 Pro,Houston_01,72.0,None,
2024-12-25,Tron-o-matic 1 Pro,WashingtonDC_01,72.0,None,
2024-12-25,Tron-o-matic 1 Pro,Atlanta_01,72.0,None,
2024-12-25,Tron-o-matic 1 Pro,Philadelphia_01,72.0,None,
2024-12-25,Tron-o-matic 2,Online_Store,49.5,None,
2024-12-25,Tron-o-matic 2,LosAngeles_01,49.5,None,
2024-12-25,Tron-o-matic 2,NewYork_01,49.5,None,
2024-12-25,Tron-o-matic 2,NewYork_02,49.5,None,
2024-12-25,Tron-o-matic 2,Chicago_01,49.5,None,
2024-12-25,Tron-o-matic 2,Dallas_01,49.5,None,
2024-12-25,Tron-o-matic 2,Houston_01,49.5,None,
2024-12-25,Tron-o-matic 2,WashingtonDC_01,49.5,None,
2024-12-25,Tron-o-matic 2,Atlanta_01,49.5,None,
2024-12-25,Tron-o-matic 2,Philadelphia_01,49.5,None,
2024-12-25,Tron-o-matic 2 Pro,Online_Store,76.5,None,
2024-12-25,Tron-o-matic 2 Pro,LosAngeles_01,76.5,None,
2024-12-25,Tron-o-matic 2 Pro,NewYork_01,76.5,None,
2024-12-25,Tron-o-matic 2 Pro,NewYork_02,76.5,None,
2024-12-25,Tron-o-matic 2 Pro,Chicago_01,76.5,None,
2024-12-25,Tron-o-matic 2 Pro,Dallas_01,76.5,None,
2024-12-25,Tron-o-matic 2 Pro,Houston_01,76.5,None,
2024-12-25,Tron-o-matic 2 Pro,WashingtonDC_01,76.5,None,
2024-12-25,Tron-o-matic 2 Pro,Atlanta_01,76.5,None,
2024-12-25,Tron-o-matic 2 Pro,Philadelphia_01,76.5,None,
2024-12-25,Tron-o-matic 3,Online_Store,46.54,SMALL_DEAL,
2024-12-25,Tron-o-matic 3,LosAngeles_01,46.54,SMALL_DEAL,
2024-12-25,Tron-o-matic 3,NewYork_01,46.54,SMALL_DEAL,
2024-12-25,Tron-o-matic 3,NewYork_02,46.54,SMALL_DEAL,
2024-12-25,Tron-o-matic 3,Chicago_01,46.54,SMALL_DEAL,
2024-12-25,Tron-o-matic 3,Dallas_01,46.54,SMALL_DEAL,
2024-12-25,Tron-o-matic 3,Houston_01,46.54,SMALL_DEAL,
2024-12-25,Tron-o-matic 3,WashingtonDC_01,46.54,SMALL_DEAL,
2024-12-25,Tron-o-matic 3,Atlanta_01,46.54,SMALL_DEAL,
2024-12-25,Tron-o-matic 3,Philadelphia_01,46.54,SMALL_DEAL,
2024-12-25,Tron-o-matic 3 Pro,Online_Store,81.0,None,
2024-12-25,Tron-o-matic 3 Pro,LosAngeles_01,81.0,None,
2024-12-25,Tron-o-matic 3 Pro,NewYork_01,81.0,None,
2024-12-25,Tron-o-matic 3 Pro,NewYork_02,81.0,None,
2024-12-25,Tron-o-matic 3 Pro,Chicago_01,81.0,None,
2024-12-25,Tron-o-matic 3 Pro,Dallas_01,81.0,None,
2024-12-25,Tron-o-matic 3 Pro,Houston_01,81.0,None,
2024-12-25,Tron-o-matic 3 Pro,WashingtonDC_01,81.0,None,
2024-12-25,Tron-o-matic 3 Pro,Atlanta_01,81.0,None,
2024-12-25,Tron-o-matic 3 Pro,Philadelphia_01,81.0,None,
2024-12-25,Tron-o-matic 4,Online_Store,67.5,None,
2024-12-25,Tron-o-matic 4,LosAngeles_01,67.5,None,
2024-12-25,Tron-o-matic 4,NewYork_01,67.5,None,
2024-12-25,Tron-o-matic 4,NewYork_02,67.5,None,
2024-12-25,Tron-o-matic 4,Chicago_01,67.5,None,
2024-12-25,Tron-o-matic 4,Dallas_01,67.5,None,
2024-12-25,Tron-o-matic 4,Houston_01,67.5,None,
2024-12-25,Tron-o-matic 4,WashingtonDC_01,67.5,None,
2024-12-25,Tron-o-matic 4,Atlanta_01,67.5,None,
2024-12-25,Tron-o-matic 4,Philadelphia_01,67.5,None,
2024-12-25,Tron-o-matic 4 Pro,Online_Store,90.0,None,
2024-12-25,Tron-o-matic 4 Pro,LosAngeles_01,90.0,None,
2024-12-25,Tron-o-matic 4 Pro,NewYork_01,90.0,None,
2024-12-25,Tron-o-matic 4 Pro,NewYork_02,90.0,None,
2024-12-25,Tron-o-matic 4 Pro,Chicago_01,90.0,None,
2024-12-25,Tron-o-matic 4 Pro,Dallas_01,90.0,None,
2024-12-25,Tron-o-matic 4 Pro,Houston_01,90.0,None,
2024-12-25,Tron-o-matic 4 Pro,WashingtonDC_01,90.0,None,
2024-12-25,Tron-o-matic 4 Pro,Atlanta_01,90.0,None,
2024-12-25,Tron-o-matic 4 Pro,Philadelphia_01,90.0,None,
2024-12-25,Tron-o-matic 5,Online_Store,72.0,None,
2024-12-25,Tron-o-matic 5,LosAngeles_01,72.0,None,
2024-12-25,Tron-o-matic 5,NewYork_01,72.0,None,
2024-12-25,Tron-o-matic 5,NewYork_02,72.0,None,
2024-12-25,Tron-o-matic 5,Chicago_01,72.0,None,
2024-12-25,Tron-o-matic 5,Dallas_01,72.0,None,
2024-12-25,Tron-o-matic 5,Houston_01,72.0,None,
2024-12-25,Tron-o-matic 5,WashingtonDC_01,72.0,None,
2024-12-25,Tron-o-matic 5,Atlanta_01,72.0,None,
2024-12-25,Tron-o-matic 5,Philadelphia_01,72.0,None,
2024-12-25,Tron-o-matic 5 Pro,Online_Store,92.66,SMALL_DEAL,
2024-12-25,Tron-o-matic 5 Pro,LosAngeles_01,92.66,SMALL_DEAL,
2024-12-25,Tron-o-matic 5 Pro,NewYork_01,92.66,SMALL_DEAL,
2024-12-25,Tron-o-matic 5 Pro,NewYork_02,92.66,SMALL_DEAL,
2024-12-25,Tron-o-matic 5 Pro,Chicago_01,92.66,SMALL_DEAL,
2024-12-25,Tron-o-matic 5 Pro,Dallas_01,92.66,SMALL_DEAL,
2024-12-25,Tron-o-matic 5 Pro,Houston_01,92.66,SMALL_DEAL,
2024-12-25,Tron-o-matic 5 Pro,WashingtonDC_01,92.66,SMALL_DEAL,
2024-12-25,Tron-o-matic 5 Pro,Atlanta_01,92.66,SMALL_DEAL,
2024-12-25,Tron-o-matic 5 Pro,Philadelphia_01,92.66,SMALL_DEAL,
2024-12-26,Tron-o-matic 1,Online_Store,46.46,SMALL_DEAL,
2024-12-26,Tron-o-matic 1,LosAngeles_01,46.46,SMALL_DEAL,
2024-12-26,Tron-o-matic 1,NewYork_01,46.46,SMALL_DEAL,
2024-12-26,Tron-o-matic 1,NewYork_02,46.46,SMALL_DEAL,
2024-12-26,Tron-o-matic 1,Chicago_01,46.46,SMALL_DEAL,
2024-12-26,Tron-o-matic 1,Dallas_01,46.46,SMALL_DEAL,
2024-12-26,Tron-o-matic 1,Houston_01,46.46,SMALL_DEAL,
2024-12-26,Tron-o-matic 1,WashingtonDC_01,46.46,SMALL_DEAL,
2024-12-26,Tron-o-matic 1,Atlanta_01,46.46,SMALL_DEAL,
2024-12-26,Tron-o-matic 1,Philadelphia_01,46.46,SMALL_DEAL,
2024-12-26,Tron-o-matic 1 Pro,Online_Store,72.0,None,
2024-12-26,Tron-o-matic 1 Pro,LosAngeles_01,72.0,None,
2024-12-26,Tron-o-matic 1 Pro,NewYork_01,72.0,None,
2024-12-26,Tron-o-matic 1 Pro,NewYork_02,72.0,None,
2024-12-26,Tron-o-matic 1 Pro,Chicago_01,72.0,None,
2024-12-26,Tron-o-matic 1 Pro,Dallas_01,72.0,None,
2024-12-26,Tron-o-matic 1 Pro,Houston_01,72.0,None,
2024-12-26,Tron-o-matic 1 Pro,WashingtonDC_01,72.0,None,
2024-12-26,Tron-o-matic 1 Pro,Atlanta_01,72.0,None,
2024-12-26,Tron-o-matic 1 Pro,Philadelphia_01,72.0,None,
2024-12-26,Tron-o-matic 2,Online_Store,44.79,SMALL_DEAL,
2024-12-26,Tron-o-matic 2,LosAngeles_01,44.79,SMALL_DEAL,
2024-12-26,Tron-o-matic 2,NewYork_01,44.79,SMALL_DEAL,
2024-12-26,Tron-o-matic 2,NewYork_02,44.79,SMALL_DEAL,
2024-12-26,Tron-o-matic 2,Chicago_01,44.79,SMALL_DEAL,
2024-12-26,Tron-o-matic 2,Dallas_01,44.79,SMALL_DEAL,
2024-12-26,Tron-o-matic 2,Houston_01,44.79,SMALL_DEAL,
2024-12-26,Tron-o-matic 2,WashingtonDC_01,44.79,SMALL_DEAL,
2024-12-26,Tron-o-matic 2,Atlanta_01,44.79,SMALL_DEAL,
2024-12-26,Tron-o-matic 2,Philadelphia_01,44.79,SMALL_DEAL,
2024-12-26,Tron-o-matic 2 Pro,Online_Store,76.5,None,
2024-12-26,Tron-o-matic 2 Pro,LosAngeles_01,76.5,None,
2024-12-26,Tron-o-matic 2 Pro,NewYork_01,76.5,None,
2024-12-26,Tron-o-matic 2 Pro,NewYork_02,76.5,None,
2024-12-26,Tron-o-matic 2 Pro,Chicago_01,76.5,None,
2024-12-26,Tron-o-matic 2 Pro,Dallas_01,76.5,None,
2024-12-26,Tron-o-matic 2 Pro,Houston_01,76.5,None,
2024-12-26,Tron-o-matic 2 Pro,WashingtonDC_01,76.5,None,
2024-12-26,Tron-o-matic 2 Pro,Atlanta_01,76.5,None,
2024-12-26,Tron-o-matic 2 Pro,Philadelphia_01,76.5,None,
2024-12-26,Tron-o-matic 3,Online_Store,54.0,None,
2024-12-26,Tron-o-matic 3,LosAngeles_01,54.0,None,
2024-12-26,Tron-o-matic 3,NewYork_01,54.0,None,
2024-12-26,Tron-o-matic 3,NewYork_02,54.0,None,
2024-12-26,Tron-o-matic 3,Chicago_01,54.0,None,
2024-12-26,Tron-o-matic 3,Dallas_01,54.0,None,
2024-12-26,Tron-o-matic 3,Houston_01,54.0,None,
2024-12-26,Tron-o-matic 3,WashingtonDC_01,54.0,None,
2024-12-26,Tron-o-matic 3,Atlanta_01,54.0,None,
2024-12-26,Tron-o-matic 3,Philadelphia_01,54.0,None,
2024-12-26,Tron-o-matic 3 Pro,Online_Store,81.0,None,
2024-12-26,Tron-o-matic 3 Pro,LosAngeles_01,81.0,None,
2024-12-26,Tron-o-matic 3 Pro,NewYork_01,81.0,None,
2024-12-26,Tron-o-matic 3 Pro,NewYork_02,81.0,None,
2024-12-26,Tron-o-matic 3 Pro,Chicago_01,81.0,None,
2024-12-26,Tron-o-matic 3 Pro,Dallas_01,81.0,None,
2024-12-26,Tron-o-matic 3 Pro,Houston_01,81.0,None,
2024-12-26,Tron-o-matic 3 Pro,WashingtonDC_01,81.0,None,
2024-12-26,Tron-o-matic 3 Pro,Atlanta_01,81.0,None,
2024-12-26,Tron-o-matic 3 Pro,Philadelphia_01,81.0,None,
2024-12-26,Tron-o-matic 4,Online_Store,58.26,SMALL_DEAL,
2024-12-26,Tron-o-matic 4,LosAngeles_01,58.26,SMALL_DEAL,
2024-12-26,Tron-o-matic 4,NewYork_01,58.26,SMALL_DEAL,
2024-12-26,Tron-o-matic 4,NewYork_02,58.26,SMALL_DEAL,
2024-12-26,Tron-o-matic 4,Chicago_01,58.26,SMALL_DEAL,
2024-12-26,Tron-o-matic 4,Dallas_01,58.26,SMALL_DEAL,
2024-12-26,Tron-o-matic 4,Houston_01,58.26,SMALL_DEAL,
2024-12-26,Tron-o-matic 4,WashingtonDC_01,58.26,SMALL_DEAL,
2024-12-26,Tron-o-matic 4,Atlanta_01,58.26,SMALL_DEAL,
2024-12-26,Tron-o-matic 4,Philadelphia_01,58.26,SMALL_DEAL,
2024-12-26,Tron-o-matic 4 Pro,Online_Store,67.7,BIG_DEAL,
2024-12-26,Tron-o-matic 4 Pro,LosAngeles_01,67.7,BIG_DEAL,
2024-12-26,Tron-o-matic 4 Pro,NewYork_01,67.7,BIG_DEAL,
2024-12-26,Tron-o-matic 4 Pro,NewYork_02,67.7,BIG_DEAL,
2024-12-26,Tron-o-matic 4 Pro,Chicago_01,67.7,BIG_DEAL,
2024-12-26,Tron-o-matic 4 Pro,Dallas_01,67.7,BIG_DEAL,
2024-12-26,Tron-o-matic 4 Pro,Houston_01,67.7,BIG_DEAL,
2024-12-26,Tron-o-matic 4 Pro,WashingtonDC_01,67.7,BIG_DEAL,
2024-12-26,Tron-o-matic 4 Pro,Atlanta_01,67.7,BIG_DEAL,
2024-12-26,Tron-o-matic 4 Pro,Philadelphia_01,67.7,BIG_DEAL,
2024-12-26,Tron-o-matic 5,Online_Store,72.0,None,
2024-12-26,Tron-o-matic 5,LosAngeles_01,72.0,None,
2024-12-26,Tron-o-matic 5,NewYork_01,72.0,None,
2024-12-26,Tron-o-matic 5,NewYork_02,72.0,None,
2024-12-26,Tron-o-matic 5,Chicago_01,72.0,None,
2024-12-26,Tron-o-matic 5,Dallas_01,72.0,None,
2024-12-26,Tron-o-matic 5,Houston_01,72.0,None,
2024-12-26,Tron-o-matic 5,WashingtonDC_01,72.0,None,
2024-12-26,Tron-o-matic 5,Atlanta_01,72.0,None,
2024-12-26,Tron-o-matic 5,Philadelphia_01,72.0,None,
2024-12-26,Tron-o-matic 5 Pro,Online_Store,99.0,None,
2024-12-26,Tron-o-matic 5 Pro,LosAngeles_01,99.0,None,
2024-12-26,Tron-o-matic 5 Pro,NewYork_01,99.0,None,
2024-12-26,Tron-o-matic 5 Pro,NewYork_02,99.0,None,
2024-12-26,Tron-o-matic 5 Pro,Chicago_01,99.0,None,
2024-12-26,Tron-o-matic 5 Pro,Dallas_01,99.0,None,
2024-12-26,Tron-o-matic 5 Pro,Houston_01,99.0,None,
2024-12-26,Tron-o-matic 5 Pro,WashingtonDC_01,99.0,None,
2024-12-26,Tron-o-matic 5 Pro,Atlanta_01,99.0,None,
2024-12-26,Tron-o-matic 5 Pro,Philadelphia_01,99.0,None,
2024-12-27,Tron-o-matic 1,Online_Store,40.66,BIG_DEAL,
2024-12-27,Tron-o-matic 1,LosAngeles_01,40.66,BIG_DEAL,
2024-12-27,Tron-o-matic 1,NewYork_01,40.66,BIG_DEAL,
2024-12-27,Tron-o-matic 1,NewYork_02,40.66,BIG_DEAL,
2024-12-27,Tron-o-matic 1,Chicago_01,40.66,BIG_DEAL,
2024-12-27,Tron-o-matic 1,Dallas_01,40.66,BIG_DEAL,
2024-12-27,Tron-o-matic 1,Houston_01,40.66,BIG_DEAL,
2024-12-27,Tron-o-matic 1,WashingtonDC_01,40.66,BIG_DEAL,
2024-12-27,Tron-o-matic 1,Atlanta_01,40.66,BIG_DEAL,
2024-12-27,Tron-o-matic 1,Philadelphia_01,40.66,BIG_DEAL,
2024-12-27,Tron-o-matic 1 Pro,Online_Store,72.0,None,
2024-12-27,Tron-o-matic 1 Pro,LosAngeles_01,72.0,None,
2024-12-27,Tron-o-matic 1 Pro,NewYork_01,72.0,None,
2024-12-27,Tron-o-matic 1 Pro,NewYork_02,72.0,None,
2024-12-27,Tron-o-matic 1 Pro,Chicago_01,72.0,None,
2024-12-27,Tron-o-matic 1 Pro,Dallas_01,72.0,None,
2024-12-27,Tron-o-matic 1 Pro,Houston_01,72.0,None,
2024-12-27,Tron-o-matic 1 Pro,WashingtonDC_01,72.0,None,
2024-12-27,Tron-o-matic 1 Pro,Atlanta_01,72.0,None,
2024-12-27,Tron-o-matic 1 Pro,Philadelphia_01,72.0,None,
2024-12-27,Tron-o-matic 2,Online_Store,43.13,SMALL_DEAL,
2024-12-27,Tron-o-matic 2,LosAngeles_01,43.13,SMALL_DEAL,
2024-12-27,Tron-o-matic 2,NewYork_01,43.13,SMALL_DEAL,
2024-12-27,Tron-o-matic 2,NewYork_02,43.13,SMALL_DEAL,
2024-12-27,Tron-o-matic 2,Chicago_01,43.13,SMALL_DEAL,
2024-12-27,Tron-o-matic 2,Dallas_01,43.13,SMALL_DEAL,
2024-12-27,Tron-o-matic 2,Houston_01,43.13,SMALL_DEAL,
2024-12-27,Tron-o-matic 2,WashingtonDC_01,43.13,SMALL_DEAL,
2024-12-27,Tron-o-matic 2,Atlanta_01,43.13,SMALL_DEAL,
2024-12-27,Tron-o-matic 2,Philadelphia_01,43.13,SMALL_DEAL,
2024-12-27,Tron-o-matic 2 Pro,Online_Store,76.5,None,
2024-12-27,Tron-o-matic 2 Pro,LosAngeles_01,76.5,None,
2024-12-27,Tron-o-matic 2 Pro,NewYork_01,76.5,None,
2024-12-27,Tron-o-matic 2 Pro,NewYork_02,76.5,None,
2024-12-27,Tron-o-matic 2 Pro,Chicago_01,76.5,None,
2024-12-27,Tron-o-matic 2 Pro,Dallas_01,76.5,None,
2024-12-27,Tron-o-matic 2 Pro,Houston_01,76.5,None,
2024-12-27,Tron-o-matic 2 Pro,WashingtonDC_01,76.5,None,
2024-12-27,Tron-o-matic 2 Pro,Atlanta_01,76.5,None,
2024-12-27,Tron-o-matic 2 Pro,Philadelphia_01,76.5,None,
2024-12-27,Tron-o-matic 3,Online_Store,54.0,None,
2024-12-27,Tron-o-matic 3,LosAngeles_01,54.0,None,
2024-12-27,Tron-o-matic 3,NewYork_01,54.0,None,
2024-12-27,Tron-o-matic 3,NewYork_02,54.0,None,
2024-12-27,Tron-o-matic 3,Chicago_01,54.0,None,
2024-12-27,Tron-o-matic 3,Dallas_01,54.0,None,
2024-12-27,Tron-o-matic 3,Houston_01,54.0,None,
2024-12-27,Tron-o-matic 3,WashingtonDC_01,54.0,None,
2024-12-27,Tron-o-matic 3,Atlanta_01,54.0,None,
2024-12-27,Tron-o-matic 3,Philadelphia_01,54.0,None,
2024-12-27,Tron-o-matic 3 Pro,Online_Store,81.0,None,
2024-12-27,Tron-o-matic 3 Pro,LosAngeles_01,81.0,None,
2024-12-27,Tron-o-matic 3 Pro,NewYork_01,81.0,None,
2024-12-27,Tron-o-matic 3 Pro,NewYork_02,81.0,None,
2024-12-27,Tron-o-matic 3 Pro,Chicago_01,81.0,None,
2024-12-27,Tron-o-matic 3 Pro,Dallas_01,81.0,None,
2024-12-27,Tron-o-matic 3 Pro,Houston_01,81.0,None,
2024-12-27,Tron-o-matic 3 Pro,WashingtonDC_01,81.0,None,
2024-12-27,Tron-o-matic 3 Pro,Atlanta_01,81.0,None,
2024-12-27,Tron-o-matic 3 Pro,Philadelphia_01,81.0,None,
2024-12-27,Tron-o-matic 4,Online_Store,67.5,None,
2024-12-27,Tron-o-matic 4,LosAngeles_01,67.5,None,
2024-12-27,Tron-o-matic 4,NewYork_01,67.5,None,
2024-12-27,Tron-o-matic 4,NewYork_02,67.5,None,
2024-12-27,Tron-o-matic 4,Chicago_01,67.5,None,
2024-12-27,Tron-o-matic 4,Dallas_01,67.5,None,
2024-12-27,Tron-o-matic 4,Houston_01,67.5,None,
2024-12-27,Tron-o-matic 4,WashingtonDC_01,67.5,None,
2024-12-27,Tron-o-matic 4,Atlanta_01,67.5,None,
2024-12-27,Tron-o-matic 4,Philadelphia_01,67.5,None,
2024-12-27,Tron-o-matic 4 Pro,Online_Store,69.81,BIG_DEAL,
2024-12-27,Tron-o-matic 4 Pro,LosAngeles_01,69.81,BIG_DEAL,
2024-12-27,Tron-o-matic 4 Pro,NewYork_01,69.81,BIG_DEAL,
2024-12-27,Tron-o-matic 4 Pro,NewYork_02,69.81,BIG_DEAL,
2024-12-27,Tron-o-matic 4 Pro,Chicago_01,69.81,BIG_DEAL,
2024-12-27,Tron-o-matic 4 Pro,Dallas_01,69.81,BIG_DEAL,
2024-12-27,Tron-o-matic 4 Pro,Houston_01,69.81,BIG_DEAL,
2024-12-27,Tron-o-matic 4 Pro,WashingtonDC_01,69.81,BIG_DEAL,
2024-12-27,Tron-o-matic 4 Pro,Atlanta_01,69.81,BIG_DEAL,
2024-12-27,Tron-o-matic 4 Pro,Philadelphia_01,69.81,BIG_DEAL,
2024-12-27,Tron-o-matic 5,Online_Store,72.0,None,
2024-12-27,Tron-o-matic 5,LosAngeles_01,72.0,None,
2024-12-27,Tron-o-matic 5,NewYork_01,72.0,None,
2024-12-27,Tron-o-matic 5,NewYork_02,72.0,None,
2024-12-27,Tron-o-matic 5,Chicago_01,72.0,None,
2024-12-27,Tron-o-matic 5,Dallas_01,72.0,None,
2024-12-27,Tron-o-matic 5,Houston_01,72.0,None,
2024-12-27,Tron-o-matic 5,WashingtonDC_01,72.0,None,
2024-12-27,Tron-o-matic 5,Atlanta_01,72.0,None,
2024-12-27,Tron-o-matic 5,Philadelphia_01,72.0,None,
2024-12-27,Tron-o-matic 5 Pro,Online_Store,75.43,BIG_DEAL,
2024-12-27,Tron-o-matic 5 Pro,LosAngeles_01,75.43,BIG_DEAL,
2024-12-27,Tron-o-matic 5 Pro,NewYork_01,75.43,BIG_DEAL,
2024-12-27,Tron-o-matic 5 Pro,NewYork_02,75.43,BIG_DEAL,
2024-12-27,Tron-o-matic 5 Pro,Chicago_01,75.43,BIG_DEAL,
2024-12-27,Tron-o-matic 5 Pro,Dallas_01,75.43,BIG_DEAL,
2024-12-27,Tron-o-matic 5 Pro,Houston_01,75.43,BIG_DEAL,
2024-12-27,Tron-o-matic 5 Pro,WashingtonDC_01,75.43,BIG_DEAL,
2024-12-27,Tron-o-matic 5 Pro,Atlanta_01,75.43,BIG_DEAL,
2024-12-27,Tron-o-matic 5 Pro,Philadelphia_01,75.43,BIG_DEAL,
2024-12-28,Tron-o-matic 1,Online_Store,48.6,SMALL_DEAL,
2024-12-28,Tron-o-matic 1,LosAngeles_01,48.6,SMALL_DEAL,
2024-12-28,Tron-o-matic 1,NewYork_01,48.6,SMALL_DEAL,
2024-12-28,Tron-o-matic 1,NewYork_02,48.6,SMALL_DEAL,
2024-12-28,Tron-o-matic 1,Chicago_01,48.6,SMALL_DEAL,
2024-12-28,Tron-o-matic 1,Dallas_01,48.6,SMALL_DEAL,
2024-12-28,Tron-o-matic 1,Houston_01,48.6,SMALL_DEAL,
2024-12-28,Tron-o-matic 1,WashingtonDC_01,48.6,SMALL_DEAL,
2024-12-28,Tron-o-matic 1,Atlanta_01,48.6,SMALL_DEAL,
2024-12-28,Tron-o-matic 1,Philadelphia_01,48.6,SMALL_DEAL,
2024-12-28,Tron-o-matic 1 Pro,Online_Store,72.0,None,
2024-12-28,Tron-o-matic 1 Pro,LosAngeles_01,72.0,None,
2024-12-28,Tron-o-matic 1 Pro,NewYork_01,72.0,None,
2024-12-28,Tron-o-matic 1 Pro,NewYork_02,72.0,None,
2024-12-28,Tron-o-matic 1 Pro,Chicago_01,72.0,None,
2024-12-28,Tron-o-matic 1 Pro,Dallas_01,72.0,None,
2024-12-28,Tron-o-matic 1 Pro,Houston_01,72.0,None,
2024-12-28,Tron-o-matic 1 Pro,WashingtonDC_01,72.0,None,
2024-12-28,Tron-o-matic 1 Pro,Atlanta_01,72.0,None,
2024-12-28,Tron-o-matic 1 Pro,Philadelphia_01,72.0,None,
2024-12-28,Tron-o-matic 2,Online_Store,46.99,SMALL_DEAL,
2024-12-28,Tron-o-matic 2,LosAngeles_01,46.99,SMALL_DEAL,
2024-12-28,Tron-o-matic 2,NewYork_01,46.99,SMALL_DEAL,
2024-12-28,Tron-o-matic 2,NewYork_02,46.99,SMALL_DEAL,
2024-12-28,Tron-o-matic 2,Chicago_01,46.99,SMALL_DEAL,
2024-12-28,Tron-o-matic 2,Dallas_01,46.99,SMALL_DEAL,
2024-12-28,Tron-o-matic 2,Houston_01,46.99,SMALL_DEAL,
2024-12-28,Tron-o-matic 2,WashingtonDC_01,46.99,SMALL_DEAL,
2024-12-28,Tron-o-matic 2,Atlanta_01,46.99,SMALL_DEAL,
2024-12-28,Tron-o-matic 2,Philadelphia_01,46.99,SMALL_DEAL,
2024-12-28,Tron-o-matic 2 Pro,Online_Store,76.5,None,
2024-12-28,Tron-o-matic 2 Pro,LosAngeles_01,76.5,None,
2024-12-28,Tron-o-matic 2 Pro,NewYork_01,76.5,None,
2024-12-28,Tron-o-matic 2 Pro,NewYork_02,76.5,None,
2024-12-28,Tron-o-matic 2 Pro,Chicago_01,76.5,None,
2024-12-28,Tron-o-matic 2 Pro,Dallas_01,76.5,None,
2024-12-28,Tron-o-matic 2 Pro,Houston_01,76.5,None,
2024-12-28,Tron-o-matic 2 Pro,WashingtonDC_01,76.5,None,
2024-12-28,Tron-o-matic 2 Pro,Atlanta_01,76.5,None,
2024-12-28,Tron-o-matic 2 Pro,Philadelphia_01,76.5,None,
2024-12-28,Tron-o-matic 3,Online_Store,54.0,None,
2024-12-28,Tron-o-matic 3,LosAngeles_01,54.0,None,
2024-12-28,Tron-o-matic 3,NewYork_01,54.0,None,
2024-12-28,Tron-o-matic 3,NewYork_02,54.0,None,
2024-12-28,Tron-o-matic 3,Chicago_01,54.0,None,
2024-12-28,Tron-o-matic 3,Dallas_01,54.0,None,
2024-12-28,Tron-o-matic 3,Houston_01,54.0,None,
2024-12-28,Tron-o-matic 3,WashingtonDC_01,54.0,None,
2024-12-28,Tron-o-matic 3,Atlanta_01,54.0,None,
2024-12-28,Tron-o-matic 3,Philadelphia_01,54.0,None,
2024-12-28,Tron-o-matic 3 Pro,Online_Store,81.0,None,
2024-12-28,Tron-o-matic 3 Pro,LosAngeles_01,81.0,None,
2024-12-28,Tron-o-matic 3 Pro,NewYork_01,81.0,None,
2024-12-28,Tron-o-matic 3 Pro,NewYork_02,81.0,None,
2024-12-28,Tron-o-matic 3 Pro,Chicago_01,81.0,None,
2024-12-28,Tron-o-matic 3 Pro,Dallas_01,81.0,None,
2024-12-28,Tron-o-matic 3 Pro,Houston_01,81.0,None,
2024-12-28,Tron-o-matic 3 Pro,WashingtonDC_01,81.0,None,
2024-12-28,Tron-o-matic 3 Pro,Atlanta_01,81.0,None,
2024-12-28,Tron-o-matic 3 Pro,Philadelphia_01,81.0,None,
2024-12-28,Tron-o-matic 4,Online_Store,67.5,None,
2024-12-28,Tron-o-matic 4,LosAngeles_01,67.5,None,
2024-12-28,Tron-o-matic 4,NewYork_01,67.5,None,
2024-12-28,Tron-o-matic 4,NewYork_02,67.5,None,
2024-12-28,Tron-o-matic 4,Chicago_01,67.5,None,
2024-12-28,Tron-o-matic 4,Dallas_01,67.5,None,
2024-12-28,Tron-o-matic 4,Houston_01,67.5,None,
2024-12-28,Tron-o-matic 4,WashingtonDC_01,67.5,None,
2024-12-28,Tron-o-matic 4,Atlanta_01,67.5,None,
2024-12-28,Tron-o-matic 4,Philadelphia_01,67.5,None,
2024-12-28,Tron-o-matic 4 Pro,Online_Store,90.0,None,
2024-12-28,Tron-o-matic 4 Pro,LosAngeles_01,90.0,None,
2024-12-28,Tron-o-matic 4 Pro,NewYork_01,90.0,None,
2024-12-28,Tron-o-matic 4 Pro,NewYork_02,90.0,None,
2024-12-28,Tron-o-matic 4 Pro,Chicago_01,90.0,None,
2024-12-28,Tron-o-matic 4 Pro,Dallas_01,90.0,None,
2024-12-28,Tron-o-matic 4 Pro,Houston_01,90.0,None,
2024-12-28,Tron-o-matic 4 Pro,WashingtonDC_01,90.0,None,
2024-12-28,Tron-o-matic 4 Pro,Atlanta_01,90.0,None,
2024-12-28,Tron-o-matic 4 Pro,Philadelphia_01,90.0,None,
2024-12-28,Tron-o-matic 5,Online_Store,64.84,SMALL_DEAL,
2024-12-28,Tron-o-matic 5,LosAngeles_01,64.84,SMALL_DEAL,
2024-12-28,Tron-o-matic 5,NewYork_01,64.84,SMALL_DEAL,
2024-12-28,Tron-o-matic 5,NewYork_02,64.84,SMALL_DEAL,
2024-12-28,Tron-o-matic 5,Chicago_01,64.84,SMALL_DEAL,
2024-12-28,Tron-o-matic 5,Dallas_01,64.84,SMALL_DEAL,
2024-12-28,Tron-o-matic 5,Houston_01,64.84,SMALL_DEAL,
2024-12-28,Tron-o-matic 5,WashingtonDC_01,64.84,SMALL_DEAL,
2024-12-28,Tron-o-matic 5,Atlanta_01,64.84,SMALL_DEAL,
2024-12-28,Tron-o-matic 5,Philadelphia_01,64.84,SMALL_DEAL,
2024-12-28,Tron-o-matic 5 Pro,Online_Store,99.0,None,
2024-12-28,Tron-o-matic 5 Pro,LosAngeles_01,99.0,None,
2024-12-28,Tron-o-matic 5 Pro,NewYork_01,99.0,None,
2024-12-28,Tron-o-matic 5 Pro,NewYork_02,99.0,None,
2024-12-28,Tron-o-matic 5 Pro,Chicago_01,99.0,None,
2024-12-28,Tron-o-matic 5 Pro,Dallas_01,99.0,None,
2024-12-28,Tron-o-matic 5 Pro,Houston_01,99.0,None,
2024-12-28,Tron-o-matic 5 Pro,WashingtonDC_01,99.0,None,
2024-12-28,Tron-o-matic 5 Pro,Atlanta_01,99.0,None,
2024-12-28,Tron-o-matic 5 Pro,Philadelphia_01,99.0,None,
2024-12-29,Tron-o-matic 1,Online_Store,54.0,None,
2024-12-29,Tron-o-matic 1,LosAngeles_01,54.0,None,
2024-12-29,Tron-o-matic 1,NewYork_01,54.0,None,
2024-12-29,Tron-o-matic 1,NewYork_02,54.0,None,
2024-12-29,Tron-o-matic 1,Chicago_01,54.0,None,
2024-12-29,Tron-o-matic 1,Dallas_01,54.0,None,
2024-12-29,Tron-o-matic 1,Houston_01,54.0,None,
2024-12-29,Tron-o-matic 1,WashingtonDC_01,54.0,None,
2024-12-29,Tron-o-matic 1,Atlanta_01,54.0,None,
2024-12-29,Tron-o-matic 1,Philadelphia_01,54.0,None,
2024-12-29,Tron-o-matic 1 Pro,Online_Store,62.45,SMALL_DEAL,
2024-12-29,Tron-o-matic 1 Pro,LosAngeles_01,62.45,SMALL_DEAL,
2024-12-29,Tron-o-matic 1 Pro,NewYork_01,62.45,SMALL_DEAL,
2024-12-29,Tron-o-matic 1 Pro,NewYork_02,62.45,SMALL_DEAL,
2024-12-29,Tron-o-matic 1 Pro,Chicago_01,62.45,SMALL_DEAL,
2024-12-29,Tron-o-matic 1 Pro,Dallas_01,62.45,SMALL_DEAL,
2024-12-29,Tron-o-matic 1 Pro,Houston_01,62.45,SMALL_DEAL,
2024-12-29,Tron-o-matic 1 Pro,WashingtonDC_01,62.45,SMALL_DEAL,
2024-12-29,Tron-o-matic 1 Pro,Atlanta_01,62.45,SMALL_DEAL,
2024-12-29,Tron-o-matic 1 Pro,Philadelphia_01,62.45,SMALL_DEAL,
2024-12-29,Tron-o-matic 2,Online_Store,42.83,SMALL_DEAL,
2024-12-29,Tron-o-matic 2,LosAngeles_01,42.83,SMALL_DEAL,
2024-12-29,Tron-o-matic 2,NewYork_01,42.83,SMALL_DEAL,
2024-12-29,Tron-o-matic 2,NewYork_02,42.83,SMALL_DEAL,
2024-12-29,Tron-o-matic 2,Chicago_01,42.83,SMALL_DEAL,
2024-12-29,Tron-o-matic 2,Dallas_01,42.83,SMALL_DEAL,
2024-12-29,Tron-o-matic 2,Houston_01,42.83,SMALL_DEAL,
2024-12-29,Tron-o-matic 2,WashingtonDC_01,42.83,SMALL_DEAL,
2024-12-29,Tron-o-matic 2,Atlanta_01,42.83,SMALL_DEAL,
2024-12-29,Tron-o-matic 2,Philadelphia_01,42.83,SMALL_DEAL,
2024-12-29,Tron-o-matic 2 Pro,Online_Store,76.5,None,
2024-12-29,Tron-o-matic 2 Pro,LosAngeles_01,76.5,None,
2024-12-29,Tron-o-matic 2 Pro,NewYork_01,76.5,None,
2024-12-29,Tron-o-matic 2 Pro,NewYork_02,76.5,None,
2024-12-29,Tron-o-matic 2 Pro,Chicago_01,76.5,None,
2024-12-29,Tron-o-matic 2 Pro,Dallas_01,76.5,None,
2024-12-29,Tron-o-matic 2 Pro,Houston_01,76.5,None,
2024-12-29,Tron-o-matic 2 Pro,WashingtonDC_01,76.5,None,
2024-12-29,Tron-o-matic 2 Pro,Atlanta_01,76.5,None,
2024-12-29,Tron-o-matic 2 Pro,Philadelphia_01,76.5,None,
2024-12-29,Tron-o-matic 3,Online_Store,54.0,None,
2024-12-29,Tron-o-matic 3,LosAngeles_01,54.0,None,
2024-12-29,Tron-o-matic 3,NewYork_01,54.0,None,
2024-12-29,Tron-o-matic 3,NewYork_02,54.0,None,
2024-12-29,Tron-o-matic 3,Chicago_01,54.0,None,
2024-12-29,Tron-o-matic 3,Dallas_01,54.0,None,
2024-12-29,Tron-o-matic 3,Houston_01,54.0,None,
2024-12-29,Tron-o-matic 3,WashingtonDC_01,54.0,None,
2024-12-29,Tron-o-matic 3,Atlanta_01,54.0,None,
2024-12-29,Tron-o-matic 3,Philadelphia_01,54.0,None,
2024-12-29,Tron-o-matic 3 Pro,Online_Store,73.53,SMALL_DEAL,
2024-12-29,Tron-o-matic 3 Pro,LosAngeles_01,73.53,SMALL_DEAL,
2024-12-29,Tron-o-matic 3 Pro,NewYork_01,73.53,SMALL_DEAL,
2024-12-29,Tron-o-matic 3 Pro,NewYork_02,73.53,SMALL_DEAL,
2024-12-29,Tron-o-matic 3 Pro,Chicago_01,73.53,SMALL_DEAL,
2024-12-29,Tron-o-matic 3 Pro,Dallas_01,73.53,SMALL_DEAL,
2024-12-29,Tron-o-matic 3 Pro,Houston_01,73.53,SMALL_DEAL,
2024-12-29,Tron-o-matic 3 Pro,WashingtonDC_01,73.53,SMALL_DEAL,
2024-12-29,Tron-o-matic 3 Pro,Atlanta_01,73.53,SMALL_DEAL,
2024-12-29,Tron-o-matic 3 Pro,Philadelphia_01,73.53,SMALL_DEAL,
2024-12-29,Tron-o-matic 4,Online_Store,58.24,SMALL_DEAL,
2024-12-29,Tron-o-matic 4,LosAngeles_01,58.24,SMALL_DEAL,
2024-12-29,Tron-o-matic 4,NewYork_01,58.24,SMALL_DEAL,
2024-12-29,Tron-o-matic 4,NewYork_02,58.24,SMALL_DEAL,
2024-12-29,Tron-o-matic 4,Chicago_01,58.24,SMALL_DEAL,
2024-12-29,Tron-o-matic 4,Dallas_01,58.24,SMALL_DEAL,
2024-12-29,Tron-o-matic 4,Houston_01,58.24,SMALL_DEAL,
2024-12-29,Tron-o-matic 4,WashingtonDC_01,58.24,SMALL_DEAL,
2024-12-29,Tron-o-matic 4,Atlanta_01,58.24,SMALL_DEAL,
2024-12-29,Tron-o-matic 4,Philadelphia_01,58.24,SMALL_DEAL,
2024-12-29,Tron-o-matic 4 Pro,Online_Store,66.01,BIG_DEAL,
2024-12-29,Tron-o-matic 4 Pro,LosAngeles_01,66.01,BIG_DEAL,
2024-12-29,Tron-o-matic 4 Pro,NewYork_01,66.01,BIG_DEAL,
2024-12-29,Tron-o-matic 4 Pro,NewYork_02,66.01,BIG_DEAL,
2024-12-29,Tron-o-matic 4 Pro,Chicago_01,66.01,BIG_DEAL,
2024-12-29,Tron-o-matic 4 Pro,Dallas_01,66.01,BIG_DEAL,
2024-12-29,Tron-o-matic 4 Pro,Houston_01,66.01,BIG_DEAL,
2024-12-29,Tron-o-matic 4 Pro,WashingtonDC_01,66.01,BIG_DEAL,
2024-12-29,Tron-o-matic 4 Pro,Atlanta_01,66.01,BIG_DEAL,
2024-12-29,Tron-o-matic 4 Pro,Philadelphia_01,66.01,BIG_DEAL,
2024-12-29,Tron-o-matic 5,Online_Store,72.0,None,
2024-12-29,Tron-o-matic 5,LosAngeles_01,72.0,None,
2024-12-29,Tron-o-matic 5,NewYork_01,72.0,None,
2024-12-29,Tron-o-matic 5,NewYork_02,72.0,None,
2024-12-29,Tron-o-matic 5,Chicago_01,72.0,None,
2024-12-29,Tron-o-matic 5,Dallas_01,72.0,None,
2024-12-29,Tron-o-matic 5,Houston_01,72.0,None,
2024-12-29,Tron-o-matic 5,WashingtonDC_01,72.0,None,
2024-12-29,Tron-o-matic 5,Atlanta_01,72.0,None,
2024-12-29,Tron-o-matic 5,Philadelphia_01,72.0,None,
2024-12-29,Tron-o-matic 5 Pro,Online_Store,99.0,None,
2024-12-29,Tron-o-matic 5 Pro,LosAngeles_01,99.0,None,
2024-12-29,Tron-o-matic 5 Pro,NewYork_01,99.0,None,
2024-12-29,Tron-o-matic 5 Pro,NewYork_02,99.0,None,
2024-12-29,Tron-o-matic 5 Pro,Chicago_01,99.0,None,
2024-12-29,Tron-o-matic 5 Pro,Dallas_01,99.0,None,
2024-12-29,Tron-o-matic 5 Pro,Houston_01,99.0,None,
2024-12-29,Tron-o-matic 5 Pro,WashingtonDC_01,99.0,None,
2024-12-29,Tron-o-matic 5 Pro,Atlanta_01,99.0,None,
2024-12-29,Tron-o-matic 5 Pro,Philadelphia_01,99.0,None,
2024-12-30,Tron-o-matic 1,Online_Store,54.0,None,
2024-12-30,Tron-o-matic 1,LosAngeles_01,54.0,None,
2024-12-30,Tron-o-matic 1,NewYork_01,54.0,None,
2024-12-30,Tron-o-matic 1,NewYork_02,54.0,None,
2024-12-30,Tron-o-matic 1,Chicago_01,54.0,None,
2024-12-30,Tron-o-matic 1,Dallas_01,54.0,None,
2024-12-30,Tron-o-matic 1,Houston_01,54.0,None,
2024-12-30,Tron-o-matic 1,WashingtonDC_01,54.0,None,
2024-12-30,Tron-o-matic 1,Atlanta_01,54.0,None,
2024-12-30,Tron-o-matic 1,Philadelphia_01,54.0,None,
2024-12-30,Tron-o-matic 1 Pro,Online_Store,72.0,None,
2024-12-30,Tron-o-matic 1 Pro,LosAngeles_01,72.0,None,
2024-12-30,Tron-o-matic 1 Pro,NewYork_01,72.0,None,
2024-12-30,Tron-o-matic 1 Pro,NewYork_02,72.0,None,
2024-12-30,Tron-o-matic 1 Pro,Chicago_01,72.0,None,
2024-12-30,Tron-o-matic 1 Pro,Dallas_01,72.0,None,
2024-12-30,Tron-o-matic 1 Pro,Houston_01,72.0,None,
2024-12-30,Tron-o-matic 1 Pro,WashingtonDC_01,72.0,None,
2024-12-30,Tron-o-matic 1 Pro,Atlanta_01,72.0,None,
2024-12-30,Tron-o-matic 1 Pro,Philadelphia_01,72.0,None,
2024-12-30,Tron-o-matic 2,Online_Store,49.5,None,
2024-12-30,Tron-o-matic 2,LosAngeles_01,49.5,None,
2024-12-30,Tron-o-matic 2,NewYork_01,49.5,None,
2024-12-30,Tron-o-matic 2,NewYork_02,49.5,None,
2024-12-30,Tron-o-matic 2,Chicago_01,49.5,None,
2024-12-30,Tron-o-matic 2,Dallas_01,49.5,None,
2024-12-30,Tron-o-matic 2,Houston_01,49.5,None,
2024-12-30,Tron-o-matic 2,WashingtonDC_01,49.5,None,
2024-12-30,Tron-o-matic 2,Atlanta_01,49.5,None,
2024-12-30,Tron-o-matic 2,Philadelphia_01,49.5,None,
2024-12-30,Tron-o-matic 2 Pro,Online_Store,76.5,None,
2024-12-30,Tron-o-matic 2 Pro,LosAngeles_01,76.5,None,
2024-12-30,Tron-o-matic 2 Pro,NewYork_01,76.5,None,
2024-12-30,Tron-o-matic 2 Pro,NewYork_02,76.5,None,
2024-12-30,Tron-o-matic 2 Pro,Chicago_01,76.5,None,
2024-12-30,Tron-o-matic 2 Pro,Dallas_01,76.5,None,
2024-12-30,Tron-o-matic 2 Pro,Houston_01,76.5,None,
2024-12-30,Tron-o-matic 2 Pro,WashingtonDC_01,76.5,None,
2024-12-30,Tron-o-matic 2 Pro,Atlanta_01,76.5,None,
2024-12-30,Tron-o-matic 2 Pro,Philadelphia_01,76.5,None,
2024-12-30,Tron-o-matic 3,Online_Store,41.94,BIG_DEAL,
2024-12-30,Tron-o-matic 3,LosAngeles_01,41.94,BIG_DEAL,
2024-12-30,Tron-o-matic 3,NewYork_01,41.94,BIG_DEAL,
2024-12-30,Tron-o-matic 3,NewYork_02,41.94,BIG_DEAL,
2024-12-30,Tron-o-matic 3,Chicago_01,41.94,BIG_DEAL,
2024-12-30,Tron-o-matic 3,Dallas_01,41.94,BIG_DEAL,
2024-12-30,Tron-o-matic 3,Houston_01,41.94,BIG_DEAL,
2024-12-30,Tron-o-matic 3,WashingtonDC_01,41.94,BIG_DEAL,
2024-12-30,Tron-o-matic 3,Atlanta_01,41.94,BIG_DEAL,
2024-12-30,Tron-o-matic 3,Philadelphia_01,41.94,BIG_DEAL,
2024-12-30,Tron-o-matic 3 Pro,Online_Store,81.0,None,
2024-12-30,Tron-o-matic 3 Pro,LosAngeles_01,81.0,None,
2024-12-30,Tron-o-matic 3 Pro,NewYork_01,81.0,None,
2024-12-30,Tron-o-matic 3 Pro,NewYork_02,81.0,None,
2024-12-30,Tron-o-matic 3 Pro,Chicago_01,81.0,None,
2024-12-30,Tron-o-matic 3 Pro,Dallas_01,81.0,None,
2024-12-30,Tron-o-matic 3 Pro,Houston_01,81.0,None,
2024-12-30,Tron-o-matic 3 Pro,WashingtonDC_01,81.0,None,
2024-12-30,Tron-o-matic 3 Pro,Atlanta_01,81.0,None,
2024-12-30,Tron-o-matic 3 Pro,Philadelphia_01,81.0,None,
2024-12-30,Tron-o-matic 4,Online_Store,49.15,BIG_DEAL,
2024-12-30,Tron-o-matic 4,LosAngeles_01,49.15,BIG_DEAL,
2024-12-30,Tron-o-matic 4,NewYork_01,49.15,BIG_DEAL,
2024-12-30,Tron-o-matic 4,NewYork_02,49.15,BIG_DEAL,
2024-12-30,Tron-o-matic 4,Chicago_01,49.15,BIG_DEAL,
2024-12-30,Tron-o-matic 4,Dallas_01,49.15,BIG_DEAL,
2024-12-30,Tron-o-matic 4,Houston_01,49.15,BIG_DEAL,
2024-12-30,Tron-o-matic 4,WashingtonDC_01,49.15,BIG_DEAL,
2024-12-30,Tron-o-matic 4,Atlanta_01,49.15,BIG_DEAL,
2024-12-30,Tron-o-matic 4,Philadelphia_01,49.15,BIG_DEAL,
2024-12-30,Tron-o-matic 4 Pro,Online_Store,77.37,SMALL_DEAL,
2024-12-30,Tron-o-matic 4 Pro,LosAngeles_01,77.37,SMALL_DEAL,
2024-12-30,Tron-o-matic 4 Pro,NewYork_01,77.37,SMALL_DEAL,
2024-12-30,Tron-o-matic 4 Pro,NewYork_02,77.37,SMALL_DEAL,
2024-12-30,Tron-o-matic 4 Pro,Chicago_01,77.37,SMALL_DEAL,
2024-12-30,Tron-o-matic 4 Pro,Dallas_01,77.37,SMALL_DEAL,
2024-12-30,Tron-o-matic 4 Pro,Houston_01,77.37,SMALL_DEAL,
2024-12-30,Tron-o-matic 4 Pro,WashingtonDC_01,77.37,SMALL_DEAL,
2024-12-30,Tron-o-matic 4 Pro,Atlanta_01,77.37,SMALL_DEAL,
2024-12-30,Tron-o-matic 4 Pro,Philadelphia_01,77.37,SMALL_DEAL,
2024-12-30,Tron-o-matic 5,Online_Store,72.0,None,
2024-12-30,Tron-o-matic 5,LosAngeles_01,72.0,None,
2024-12-30,Tron-o-matic 5,NewYork_01,72.0,None,
2024-12-30,Tron-o-matic 5,NewYork_02,72.0,None,
2024-12-30,Tron-o-matic 5,Chicago_01,72.0,None,
2024-12-30,Tron-o-matic 5,Dallas_01,72.0,None,
2024-12-30,Tron-o-matic 5,Houston_01,72.0,None,
2024-12-30,Tron-o-matic 5,WashingtonDC_01,72.0,None,
2024-12-30,Tron-o-matic 5,Atlanta_01,72.0,None,
2024-12-30,Tron-o-matic 5,Philadelphia_01,72.0,None,
2024-12-30,Tron-o-matic 5 Pro,Online_Store,69.64,BIG_DEAL,
2024-12-30,Tron-o-matic 5 Pro,LosAngeles_01,69.64,BIG_DEAL,
2024-12-30,Tron-o-matic 5 Pro,NewYork_01,69.64,BIG_DEAL,
2024-12-30,Tron-o-matic 5 Pro,NewYork_02,69.64,BIG_DEAL,
2024-12-30,Tron-o-matic 5 Pro,Chicago_01,69.64,BIG_DEAL,
2024-12-30,Tron-o-matic 5 Pro,Dallas_01,69.64,BIG_DEAL,
2024-12-30,Tron-o-matic 5 Pro,Houston_01,69.64,BIG_DEAL,
2024-12-30,Tron-o-matic 5 Pro,WashingtonDC_01,69.64,BIG_DEAL,
2024-12-30,Tron-o-matic 5 Pro,Atlanta_01,69.64,BIG_DEAL,
2024-12-30,Tron-o-matic 5 Pro,Philadelphia_01,69.64,BIG_DEAL,
2024-12-31,Tron-o-matic 1,Online_Store,54.0,None,
2024-12-31,Tron-o-matic 1,LosAngeles_01,54.0,None,
2024-12-31,Tron-o-matic 1,NewYork_01,54.0,None,
2024-12-31,Tron-o-matic 1,NewYork_02,54.0,None,
2024-12-31,Tron-o-matic 1,Chicago_01,54.0,None,
2024-12-31,Tron-o-matic 1,Dallas_01,54.0,None,
2024-12-31,Tron-o-matic 1,Houston_01,54.0,None,
2024-12-31,Tron-o-matic 1,WashingtonDC_01,54.0,None,
2024-12-31,Tron-o-matic 1,Atlanta_01,54.0,None,
2024-12-31,Tron-o-matic 1,Philadelphia_01,54.0,None,
2024-12-31,Tron-o-matic 1 Pro,Online_Store,52.7,BIG_DEAL,
2024-12-31,Tron-o-matic 1 Pro,LosAngeles_01,52.7,BIG_DEAL,
2024-12-31,Tron-o-matic 1 Pro,NewYork_01,52.7,BIG_DEAL,
2024-12-31,Tron-o-matic 1 Pro,NewYork_02,52.7,BIG_DEAL,
2024-12-31,Tron-o-matic 1 Pro,Chicago_01,52.7,BIG_DEAL,
2024-12-31,Tron-o-matic 1 Pro,Dallas_01,52.7,BIG_DEAL,
2024-12-31,Tron-o-matic 1 Pro,Houston_01,52.7,BIG_DEAL,
2024-12-31,Tron-o-matic 1 Pro,WashingtonDC_01,52.7,BIG_DEAL,
2024-12-31,Tron-o-matic 1 Pro,Atlanta_01,52.7,BIG_DEAL,
2024-12-31,Tron-o-matic 1 Pro,Philadelphia_01,52.7,BIG_DEAL,
2024-12-31,Tron-o-matic 2,Online_Store,49.5,None,
2024-12-31,Tron-o-matic 2,LosAngeles_01,49.5,None,
2024-12-31,Tron-o-matic 2,NewYork_01,49.5,None,
2024-12-31,Tron-o-matic 2,NewYork_02,49.5,None,
2024-12-31,Tron-o-matic 2,Chicago_01,49.5,None,
2024-12-31,Tron-o-matic 2,Dallas_01,49.5,None,
2024-12-31,Tron-o-matic 2,Houston_01,49.5,None,
2024-12-31,Tron-o-matic 2,WashingtonDC_01,49.5,None,
2024-12-31,Tron-o-matic 2,Atlanta_01,49.5,None,
2024-12-31,Tron-o-matic 2,Philadelphia_01,49.5,None,
2024-12-31,Tron-o-matic 2 Pro,Online_Store,66.65,SMALL_DEAL,
2024-12-31,Tron-o-matic 2 Pro,LosAngeles_01,66.65,SMALL_DEAL,
2024-12-31,Tron-o-matic 2 Pro,NewYork_01,66.65,SMALL_DEAL,
2024-12-31,Tron-o-matic 2 Pro,NewYork_02,66.65,SMALL_DEAL,
2024-12-31,Tron-o-matic 2 Pro,Chicago_01,66.65,SMALL_DEAL,
2024-12-31,Tron-o-matic 2 Pro,Dallas_01,66.65,SMALL_DEAL,
2024-12-31,Tron-o-matic 2 Pro,Houston_01,66.65,SMALL_DEAL,
2024-12-31,Tron-o-matic 2 Pro,WashingtonDC_01,66.65,SMALL_DEAL,
2024-12-31,Tron-o-matic 2 Pro,Atlanta_01,66.65,SMALL_DEAL,
2024-12-31,Tron-o-matic 2 Pro,Philadelphia_01,66.65,SMALL_DEAL,
2024-12-31,Tron-o-matic 3,Online_Store,54.0,None,
2024-12-31,Tron-o-matic 3,LosAngeles_01,54.0,None,
2024-12-31,Tron-o-matic 3,NewYork_01,54.0,None,
2024-12-31,Tron-o-matic 3,NewYork_02,54.0,None,
2024-12-31,Tron-o-matic 3,Chicago_01,54.0,None,
2024-12-31,Tron-o-matic 3,Dallas_01,54.0,None,
2024-12-31,Tron-o-matic 3,Houston_01,54.0,None,
2024-12-31,Tron-o-matic 3,WashingtonDC_01,54.0,None,
2024-12-31,Tron-o-matic 3,Atlanta_01,54.0,None,
2024-12-31,Tron-o-matic 3,Philadelphia_01,54.0,None,
2024-12-31,Tron-o-matic 3 Pro,Online_Store,73.98,SMALL_DEAL,
2024-12-31,Tron-o-matic 3 Pro,LosAngeles_01,73.98,SMALL_DEAL,
2024-12-31,Tron-o-matic 3 Pro,NewYork_01,73.98,SMALL_DEAL,
2024-12-31,Tron-o-matic 3 Pro,NewYork_02,73.98,SMALL_DEAL,
2024-12-31,Tron-o-matic 3 Pro,Chicago_01,73.98,SMALL_DEAL,
2024-12-31,Tron-o-matic 3 Pro,Dallas_01,73.98,SMALL_DEAL,
2024-12-31,Tron-o-matic 3 Pro,Houston_01,73.98,SMALL_DEAL,
2024-12-31,Tron-o-matic 3 Pro,WashingtonDC_01,73.98,SMALL_DEAL,
2024-12-31,Tron-o-matic 3 Pro,Atlanta_01,73.98,SMALL_DEAL,
2024-12-31,Tron-o-matic 3 Pro,Philadelphia_01,73.98,SMALL_DEAL,
2024-12-31,Tron-o-matic 4,Online_Store,60.65,SMALL_DEAL,
2024-12-31,Tron-o-matic 4,LosAngeles_01,60.65,SMALL_DEAL,
2024-12-31,Tron-o-matic 4,NewYork_01,60.65,SMALL_DEAL,
2024-12-31,Tron-o-matic 4,NewYork_02,60.65,SMALL_DEAL,
2024-12-31,Tron-o-matic 4,Chicago_01,60.65,SMALL_DEAL,
2024-12-31,Tron-o-matic 4,Dallas_01,60.65,SMALL_DEAL,
2024-12-31,Tron-o-matic 4,Houston_01,60.65,SMALL_DEAL,
2024-12-31,Tron-o-matic 4,WashingtonDC_01,60.65,SMALL_DEAL,
2024-12-31,Tron-o-matic 4,Atlanta_01,60.65,SMALL_DEAL,
2024-12-31,Tron-o-matic 4,Philadelphia_01,60.65,SMALL_DEAL,
2024-12-31,Tron-o-matic 4 Pro,Online_Store,82.58,SMALL_DEAL,
2024-12-31,Tron-o-matic 4 Pro,LosAngeles_01,82.58,SMALL_DEAL,
2024-12-31,Tron-o-matic 4 Pro,NewYork_01,82.58,SMALL_DEAL,
2024-12-31,Tron-o-matic 4 Pro,NewYork_02,82.58,SMALL_DEAL,
2024-12-31,Tron-o-matic 4 Pro,Chicago_01,82.58,SMALL_DEAL,
2024-12-31,Tron-o-matic 4 Pro,Dallas_01,82.58,SMALL_DEAL,
2024-12-31,Tron-o-matic 4 Pro,Houston_01,82.58,SMALL_DEAL,
2024-12-31,Tron-o-matic 4 Pro,WashingtonDC_01,82.58,SMALL_DEAL,
2024-12-31,Tron-o-matic 4 Pro,Atlanta_01,82.58,SMALL_DEAL,
2024-12-31,Tron-o-matic 4 Pro,Philadelphia_01,82.58,SMALL_DEAL,
2024-12-31,Tron-o-matic 5,Online_Store,66.59,SMALL_DEAL,
2024-12-31,Tron-o-matic 5,LosAngeles_01,66.59,SMALL_DEAL,
2024-12-31,Tron-o-matic 5,NewYork_01,66.59,SMALL_DEAL,
2024-12-31,Tron-o-matic 5,NewYork_02,66.59,SMALL_DEAL,
2024-12-31,Tron-o-matic 5,Chicago_01,66.59,SMALL_DEAL,
2024-12-31,Tron-o-matic 5,Dallas_01,66.59,SMALL_DEAL,
2024-12-31,Tron-o-matic 5,Houston_01,66.59,SMALL_DEAL,
2024-12-31,Tron-o-matic 5,WashingtonDC_01,66.59,SMALL_DEAL,
2024-12-31,Tron-o-matic 5,Atlanta_01,66.59,SMALL_DEAL,
2024-12-31,Tron-o-matic 5,Philadelphia_01,66.59,SMALL_DEAL,
2024-12-31,Tron-o-matic 5 Pro,Online_Store,99.0,None,
2024-12-31,Tron-o-matic 5 Pro,LosAngeles_01,99.0,None,
2024-12-31,Tron-o-matic 5 Pro,NewYork_01,99.0,None,
2024-12-31,Tron-o-matic 5 Pro,NewYork_02,99.0,None,
2024-12-31,Tron-o-matic 5 Pro,Chicago_01,99.0,None,
2024-12-31,Tron-o-matic 5 Pro,Dallas_01,99.0,None,
2024-12-31,Tron-o-matic 5 Pro,Houston_01,99.0,None,
2024-12-31,Tron-o-matic 5 Pro,WashingtonDC_01,99.0,None,
2024-12-31,Tron-o-matic 5 Pro,Atlanta_01,99.0,None,
2024-12-31,Tron-o-matic 5 Pro,Philadelphia_01,99.0,None,
