Date,Product_ID,Store_ID,Sale_Price,Promo_Name,Sales_Qty
2024-10-01,Tron-o-matic 1,Online_Store,43.59,BIG_DEAL,
2024-10-01,Tron-o-matic 1,LosAngeles_01,43.59,BIG_DEAL,
2024-10-01,Tron-o-matic 1,NewYork_01,43.59,BIG_DEAL,
2024-10-01,Tron-o-matic 1,NewYork_02,43.59,BIG_DEAL,
2024-10-01,Tron-o-matic 1,Chicago_01,43.59,BIG_DEAL,
2024-10-01,Tron-o-matic 1,Dallas_01,43.59,BIG_DEAL,
2024-10-01,Tron-o-matic 1,Houston_01,43.59,BIG_DEAL,
2024-10-01,Tron-o-matic 1,WashingtonDC_01,43.59,BIG_DEAL,
2024-10-01,Tron-o-matic 1,Atlanta_01,43.59,BIG_DEAL,
2024-10-01,Tron-o-matic 1,Philadelphia_01,43.59,BIG_DEAL,
2024-10-01,Tron-o-matic 1 Pro,Online_Store,75.6,SMALL_DEAL,
2024-10-01,Tron-o-matic 1 Pro,LosAngeles_01,75.6,SMALL_DEAL,
2024-10-01,Tron-o-matic 1 Pro,NewYork_01,75.6,SMALL_DEAL,
2024-10-01,Tron-o-matic 1 Pro,NewYork_02,75.6,SMALL_DEAL,
2024-10-01,Tron-o-matic 1 Pro,Chicago_01,75.6,SMALL_DEAL,
2024-10-01,Tron-o-matic 1 Pro,Dallas_01,75.6,SMALL_DEAL,
2024-10-01,Tron-o-matic 1 Pro,Houston_01,75.6,SMALL_DEAL,
2024-10-01,Tron-o-matic 1 Pro,WashingtonDC_01,75.6,SMALL_DEAL,
2024-10-01,Tron-o-matic 1 Pro,Atlanta_01,75.6,SMALL_DEAL,
2024-10-01,Tron-o-matic 1 Pro,Philadelphia_01,75.6,SMALL_DEAL,
2024-10-01,Tron-o-matic 2,Online_Store,55.0,None,
2024-10-01,Tron-o-matic 2,LosAngeles_01,55.0,None,
2024-10-01,Tron-o-matic 2,NewYork_01,55.0,None,
2024-10-01,Tron-o-matic 2,NewYork_02,55.0,None,
2024-10-01,Tron-o-matic 2,Chicago_01,55.0,None,
2024-10-01,Tron-o-matic 2,Dallas_01,55.0,None,
2024-10-01,Tron-o-matic 2,Houston_01,55.0,None,
2024-10-01,Tron-o-matic 2,WashingtonDC_01,55.0,None,
2024-10-01,Tron-o-matic 2,Atlanta_01,55.0,None,
2024-10-01,Tron-o-matic 2,Philadelphia_01,55.0,None,
2024-10-01,Tron-o-matic 2 Pro,Online_Store,80.54,SMALL_DEAL,
2024-10-01,Tron-o-matic 2 Pro,LosAngeles_01,80.54,SMALL_DEAL,
2024-10-01,Tron-o-matic 2 Pro,NewYork_01,80.54,SMALL_DEAL,
2024-10-01,Tron-o-matic 2 Pro,NewYork_02,80.54,SMALL_DEAL,
2024-10-01,Tron-o-matic 2 Pro,Chicago_01,80.54,SMALL_DEAL,
2024-10-01,Tron-o-matic 2 Pro,Dallas_01,80.54,SMALL_DEAL,
2024-10-01,Tron-o-matic 2 Pro,Houston_01,80.54,SMALL_DEAL,
2024-10-01,Tron-o-matic 2 Pro,WashingtonDC_01,80.54,SMALL_DEAL,
2024-10-01,Tron-o-matic 2 Pro,Atlanta_01,80.54,SMALL_DEAL,
2024-10-01,Tron-o-matic 2 Pro,Philadelphia_01,80.54,SMALL_DEAL,
2024-10-01,Tron-o-matic 3,Online_Store,60.0,None,
2024-10-01,Tron-o-matic 3,LosAngeles_01,60.0,None,
2024-10-01,Tron-o-matic 3,NewYork_01,60.0,None,
2024-10-01,Tron-o-matic 3,NewYork_02,60.0,None,
2024-10-01,Tron-o-matic 3,Chicago_01,60.0,None,
2024-10-01,Tron-o-matic 3,Dallas_01,60.0,None,
2024-10-01,Tron-o-matic 3,Houston_01,60.0,None,
2024-10-01,Tron-o-matic 3,WashingtonDC_01,60.0,None,
2024-10-01,Tron-o-matic 3,Atlanta_01,60.0,None,
2024-10-01,Tron-o-matic 3,Philadelphia_01,60.0,None,
2024-10-01,Tron-o-matic 3 Pro,Online_Store,90.0,None,
2024-10-01,Tron-o-matic 3 Pro,LosAngeles_01,90.0,None,
2024-10-01,Tron-o-matic 3 Pro,NewYork_01,90.0,None,
2024-10-01,Tron-o-matic 3 Pro,NewYork_02,90.0,None,
2024-10-01,Tron-o-matic 3 Pro,Chicago_01,90.0,None,
2024-10-01,Tron-o-matic 3 Pro,Dallas_01,90.0,None,
2024-10-01,Tron-o-matic 3 Pro,Houston_01,90.0,None,
2024-10-01,Tron-o-matic 3 Pro,WashingtonDC_01,90.0,None,
2024-10-01,Tron-o-matic 3 Pro,Atlanta_01,90.0,None,
2024-10-01,Tron-o-matic 3 Pro,Philadelphia_01,90.0,None,
2024-10-01,Tron-o-matic 4,Online_Store,75.0,None,
2024-10-01,Tron-o-matic 4,LosAngeles_01,75.0,None,
2024-10-01,Tron-o-matic 4,NewYork_01,75.0,None,
2024-10-01,Tron-o-matic 4,NewYork_02,75.0,None,
2024-10-01,Tron-o-matic 4,Chicago_01,75.0,None,
2024-10-01,Tron-o-matic 4,Dallas_01,75.0,None,
2024-10-01,Tron-o-matic 4,Houston_01,75.0,None,
2024-10-01,Tron-o-matic 4,WashingtonDC_01,75.0,None,
2024-10-01,Tron-o-matic 4,Atlanta_01,75.0,None,
2024-10-01,Tron-o-matic 4,Philadelphia_01,75.0,None,
2024-10-01,Tron-o-matic 4 Pro,Online_Store,100.0,None,
2024-10-01,Tron-o-matic 4 Pro,LosAngeles_01,100.0,None,
2024-10-01,Tron-o-matic 4 Pro,NewYork_01,100.0,None,
2024-10-01,Tron-o-matic 4 Pro,NewYork_02,100.0,None,
2024-10-01,Tron-o-matic 4 Pro,Chicago_01,100.0,None,
2024-10-01,Tron-o-matic 4 Pro,Dallas_01,100.0,None,
2024-10-01,Tron-o-matic 4 Pro,Houston_01,100.0,None,
2024-10-01,Tron-o-matic 4 Pro,WashingtonDC_01,100.0,None,
2024-10-01,Tron-o-matic 4 Pro,Atlanta_01,100.0,None,
2024-10-01,Tron-o-matic 4 Pro,Philadelphia_01,100.0,None,
2024-10-01,Tron-o-matic 5,Online_Store,71.47,SMALL_DEAL,
2024-10-01,Tron-o-matic 5,LosAngeles_01,71.47,SMALL_DEAL,
2024-10-01,Tron-o-matic 5,NewYork_01,71.47,SMALL_DEAL,
2024-10-01,Tron-o-matic 5,NewYork_02,71.47,SMALL_DEAL,
2024-10-01,Tron-o-matic 5,Chicago_01,71.47,SMALL_DEAL,
2024-10-01,Tron-o-matic 5,Dallas_01,71.47,SMALL_DEAL,
2024-10-01,Tron-o-matic 5,Houston_01,71.47,SMALL_DEAL,
2024-10-01,Tron-o-matic 5,WashingtonDC_01,71.47,SMALL_DEAL,
2024-10-01,Tron-o-matic 5,Atlanta_01,71.47,SMALL_DEAL,
2024-10-01,Tron-o-matic 5,Philadelphia_01,71.47,SMALL_DEAL,
2024-10-01,Tron-o-matic 5 Pro,Online_Store,110.0,None,
2024-10-01,Tron-o-matic 5 Pro,LosAngeles_01,110.0,None,
2024-10-01,Tron-o-matic 5 Pro,NewYork_01,110.0,None,
2024-10-01,Tron-o-matic 5 Pro,NewYork_02,110.0,None,
2024-10-01,Tron-o-matic 5 Pro,Chicago_01,110.0,None,
2024-10-01,Tron-o-matic 5 Pro,Dallas_01,110.0,None,
2024-10-01,Tron-o-matic 5 Pro,Houston_01,110.0,None,
2024-10-01,Tron-o-matic 5 Pro,WashingtonDC_01,110.0,None,
2024-10-01,Tron-o-matic 5 Pro,Atlanta_01,110.0,None,
2024-10-01,Tron-o-matic 5 Pro,Philadelphia_01,110.0,None,
2024-10-02,Tron-o-matic 1,Online_Store,60.0,None,
2024-10-02,Tron-o-matic 1,LosAngeles_01,60.0,None,
2024-10-02,Tron-o-matic 1,NewYork_01,60.0,None,
2024-10-02,Tron-o-matic 1,NewYork_02,60.0,None,
2024-10-02,Tron-o-matic 1,Chicago_01,60.0,None,
2024-10-02,Tron-o-matic 1,Dallas_01,60.0,None,
2024-10-02,Tron-o-matic 1,Houston_01,60.0,None,
2024-10-02,Tron-o-matic 1,WashingtonDC_01,60.0,None,
2024-10-02,Tron-o-matic 1,Atlanta_01,60.0,None,
2024-10-02,Tron-o-matic 1,Philadelphia_01,60.0,None,
2024-10-02,Tron-o-matic 1 Pro,Online_Store,80.0,None,
2024-10-02,Tron-o-matic 1 Pro,LosAngeles_01,80.0,None,
2024-10-02,Tron-o-matic 1 Pro,NewYork_01,80.0,None,
2024-10-02,Tron-o-matic 1 Pro,NewYork_02,80.0,None,
2024-10-02,Tron-o-matic 1 Pro,Chicago_01,80.0,None,
2024-10-02,Tron-o-matic 1 Pro,Dallas_01,80.0,None,
2024-10-02,Tron-o-matic 1 Pro,Houston_01,80.0,None,
2024-10-02,Tron-o-matic 1 Pro,WashingtonDC_01,80.0,None,
2024-10-02,Tron-o-matic 1 Pro,Atlanta_01,80.0,None,
2024-10-02,Tron-o-matic 1 Pro,Philadelphia_01,80.0,None,
2024-10-02,Tron-o-matic 2,Online_Store,55.0,None,
2024-10-02,Tron-o-matic 2,LosAngeles_01,55.0,None,
2024-10-02,Tron-o-matic 2,NewYork_01,55.0,None,
2024-10-02,Tron-o-matic 2,NewYork_02,55.0,None,
2024-10-02,Tron-o-matic 2,Chicago_01,55.0,None,
2024-10-02,Tron-o-matic 2,Dallas_01,55.0,None,
2024-10-02,Tron-o-matic 2,Houston_01,55.0,None,
2024-10-02,Tron-o-matic 2,WashingtonDC_01,55.0,None,
2024-10-02,Tron-o-matic 2,Atlanta_01,55.0,None,
2024-10-02,Tron-o-matic 2,Philadelphia_01,55.0,None,
2024-10-02,Tron-o-matic 2 Pro,Online_Store,85.0,None,
2024-10-02,Tron-o-matic 2 Pro,LosAngeles_01,85.0,None,
2024-10-02,Tron-o-matic 2 Pro,NewYork_01,85.0,None,
2024-10-02,Tron-o-matic 2 Pro,NewYork_02,85.0,None,
2024-10-02,Tron-o-matic 2 Pro,Chicago_01,85.0,None,
2024-10-02,Tron-o-matic 2 Pro,Dallas_01,85.0,None,
2024-10-02,Tron-o-matic 2 Pro,Houston_01,85.0,None,
2024-10-02,Tron-o-matic 2 Pro,WashingtonDC_01,85.0,None,
2024-10-02,Tron-o-matic 2 Pro,Atlanta_01,85.0,None,
2024-10-02,Tron-o-matic 2 Pro,Philadelphia_01,85.0,None,
2024-10-02,Tron-o-matic 3,Online_Store,60.0,None,
2024-10-02,Tron-o-matic 3,LosAngeles_01,60.0,None,
2024-10-02,Tron-o-matic 3,NewYork_01,60.0,None,
2024-10-02,Tron-o-matic 3,NewYork_02,60.0,None,
2024-10-02,Tron-o-matic 3,Chicago_01,60.0,None,
2024-10-02,Tron-o-matic 3,Dallas_01,60.0,None,
2024-10-02,Tron-o-matic 3,Houston_01,60.0,None,
2024-10-02,Tron-o-matic 3,WashingtonDC_01,60.0,None,
2024-10-02,Tron-o-matic 3,Atlanta_01,60.0,None,
2024-10-02,Tron-o-matic 3,Philadelphia_01,60.0,None,
2024-10-02,Tron-o-matic 3 Pro,Online_Store,90.0,None,
2024-10-02,Tron-o-matic 3 Pro,LosAngeles_01,90.0,None,
2024-10-02,Tron-o-matic 3 Pro,NewYork_01,90.0,None,
2024-10-02,Tron-o-matic 3 Pro,NewYork_02,90.0,None,
2024-10-02,Tron-o-matic 3 Pro,Chicago_01,90.0,None,
2024-10-02,Tron-o-matic 3 Pro,Dallas_01,90.0,None,
2024-10-02,Tron-o-matic 3 Pro,Houston_01,90.0,None,
2024-10-02,Tron-o-matic 3 Pro,WashingtonDC_01,90.0,None,
2024-10-02,Tron-o-matic 3 Pro,Atlanta_01,90.0,None,
2024-10-02,Tron-o-matic 3 Pro,Philadelphia_01,90.0,None,
2024-10-02,Tron-o-matic 4,Online_Store,66.57,SMALL_DEAL,
2024-10-02,Tron-o-matic 4,LosAngeles_01,66.57,SMALL_DEAL,
2024-10-02,Tron-o-matic 4,NewYork_01,66.57,SMALL_DEAL,
2024-10-02,Tron-o-matic 4,NewYork_02,66.57,SMALL_DEAL,
2024-10-02,Tron-o-matic 4,Chicago_01,66.57,SMALL_DEAL,
2024-10-02,Tron-o-matic 4,Dallas_01,66.57,SMALL_DEAL,
2024-10-02,Tron-o-matic 4,Houston_01,66.57,SMALL_DEAL,
2024-10-02,Tron-o-matic 4,WashingtonDC_01,66.57,SMALL_DEAL,
2024-10-02,Tron-o-matic 4,Atlanta_01,66.57,SMALL_DEAL,
2024-10-02,Tron-o-matic 4,Philadelphia_01,66.57,SMALL_DEAL,
2024-10-02,Tron-o-matic 4 Pro,Online_Store,100.0,None,
2024-10-02,Tron-o-matic 4 Pro,LosAngeles_01,100.0,None,
2024-10-02,Tron-o-matic 4 Pro,NewYork_01,100.0,None,
2024-10-02,Tron-o-matic 4 Pro,NewYork_02,100.0,None,
2024-10-02,Tron-o-matic 4 Pro,Chicago_01,100.0,None,
2024-10-02,Tron-o-matic 4 Pro,Dallas_01,100.0,None,
2024-10-02,Tron-o-matic 4 Pro,Houston_01,100.0,None,
2024-10-02,Tron-o-matic 4 Pro,WashingtonDC_01,100.0,None,
2024-10-02,Tron-o-matic 4 Pro,Atlanta_01,100.0,None,
2024-10-02,Tron-o-matic 4 Pro,Philadelphia_01,100.0,None,
2024-10-02,Tron-o-matic 5,Online_Store,56.83,BIG_DEAL,
2024-10-02,Tron-o-matic 5,LosAngeles_01,56.83,BIG_DEAL,
2024-10-02,Tron-o-matic 5,NewYork_01,56.83,BIG_DEAL,
2024-10-02,Tron-o-matic 5,NewYork_02,56.83,BIG_DEAL,
2024-10-02,Tron-o-matic 5,Chicago_01,56.83,BIG_DEAL,
2024-10-02,Tron-o-matic 5,Dallas_01,56.83,BIG_DEAL,
2024-10-02,Tron-o-matic 5,Houston_01,56.83,BIG_DEAL,
2024-10-02,Tron-o-matic 5,WashingtonDC_01,56.83,BIG_DEAL,
2024-10-02,Tron-o-matic 5,Atlanta_01,56.83,BIG_DEAL,
2024-10-02,Tron-o-matic 5,Philadelphia_01,56.83,BIG_DEAL,
2024-10-02,Tron-o-matic 5 Pro,Online_Store,86.32,BIG_DEAL,
2024-10-02,Tron-o-matic 5 Pro,LosAngeles_01,86.32,BIG_DEAL,
2024-10-02,Tron-o-matic 5 Pro,NewYork_01,86.32,BIG_DEAL,
2024-10-02,Tron-o-matic 5 Pro,NewYork_02,86.32,BIG_DEAL,
2024-10-02,Tron-o-matic 5 Pro,Chicago_01,86.32,BIG_DEAL,
2024-10-02,Tron-o-matic 5 Pro,Dallas_01,86.32,BIG_DEAL,
2024-10-02,Tron-o-matic 5 Pro,Houston_01,86.32,BIG_DEAL,
2024-10-02,Tron-o-matic 5 Pro,WashingtonDC_01,86.32,BIG_DEAL,
2024-10-02,Tron-o-matic 5 Pro,Atlanta_01,86.32,BIG_DEAL,
2024-10-02,Tron-o-matic 5 Pro,Philadelphia_01,86.32,BIG_DEAL,
2024-10-03,Tron-o-matic 1,Online_Store,60.0,None,
2024-10-03,Tron-o-matic 1,LosAngeles_01,60.0,None,
2024-10-03,Tron-o-matic 1,NewYork_01,60.0,None,
2024-10-03,Tron-o-matic 1,NewYork_02,60.0,None,
2024-10-03,Tron-o-matic 1,Chicago_01,60.0,None,
2024-10-03,Tron-o-matic 1,Dallas_01,60.0,None,
2024-10-03,Tron-o-matic 1,Houston_01,60.0,None,
2024-10-03,Tron-o-matic 1,WashingtonDC_01,60.0,None,
2024-10-03,Tron-o-matic 1,Atlanta_01,60.0,None,
2024-10-03,Tron-o-matic 1,Philadelphia_01,60.0,None,
2024-10-03,Tron-o-matic 1 Pro,Online_Store,69.89,SMALL_DEAL,
2024-10-03,Tron-o-matic 1 Pro,LosAngeles_01,69.89,SMALL_DEAL,
2024-10-03,Tron-o-matic 1 Pro,NewYork_01,69.89,SMALL_DEAL,
2024-10-03,Tron-o-matic 1 Pro,NewYork_02,69.89,SMALL_DEAL,
2024-10-03,Tron-o-matic 1 Pro,Chicago_01,69.89,SMALL_DEAL,
2024-10-03,Tron-o-matic 1 Pro,Dallas_01,69.89,SMALL_DEAL,
2024-10-03,Tron-o-matic 1 Pro,Houston_01,69.89,SMALL_DEAL,
2024-10-03,Tron-o-matic 1 Pro,WashingtonDC_01,69.89,SMALL_DEAL,
2024-10-03,Tron-o-matic 1 Pro,Atlanta_01,69.89,SMALL_DEAL,
2024-10-03,Tron-o-matic 1 Pro,Philadelphia_01,69.89,SMALL_DEAL,
2024-10-03,Tron-o-matic 2,Online_Store,55.0,None,
2024-10-03,Tron-o-matic 2,LosAngeles_01,55.0,None,
2024-10-03,Tron-o-matic 2,NewYork_01,55.0,None,
2024-10-03,Tron-o-matic 2,NewYork_02,55.0,None,
2024-10-03,Tron-o-matic 2,Chicago_01,55.0,None,
2024-10-03,Tron-o-matic 2,Dallas_01,55.0,None,
2024-10-03,Tron-o-matic 2,Houston_01,55.0,None,
2024-10-03,Tron-o-matic 2,WashingtonDC_01,55.0,None,
2024-10-03,Tron-o-matic 2,Atlanta_01,55.0,None,
2024-10-03,Tron-o-matic 2,Philadelphia_01,55.0,None,
2024-10-03,Tron-o-matic 2 Pro,Online_Store,85.0,None,
2024-10-03,Tron-o-matic 2 Pro,LosAngeles_01,85.0,None,
2024-10-03,Tron-o-matic 2 Pro,NewYork_01,85.0,None,
2024-10-03,Tron-o-matic 2 Pro,NewYork_02,85.0,None,
2024-10-03,Tron-o-matic 2 Pro,Chicago_01,85.0,None,
2024-10-03,Tron-o-matic 2 Pro,Dallas_01,85.0,None,
2024-10-03,Tron-o-matic 2 Pro,Houston_01,85.0,None,
2024-10-03,Tron-o-matic 2 Pro,WashingtonDC_01,85.0,None,
2024-10-03,Tron-o-matic 2 Pro,Atlanta_01,85.0,None,
2024-10-03,Tron-o-matic 2 Pro,Philadelphia_01,85.0,None,
2024-10-03,Tron-o-matic 3,Online_Store,60.0,None,
2024-10-03,Tron-o-matic 3,LosAngeles_01,60.0,None,
2024-10-03,Tron-o-matic 3,NewYork_01,60.0,None,
2024-10-03,Tron-o-matic 3,NewYork_02,60.0,None,
2024-10-03,Tron-o-matic 3,Chicago_01,60.0,None,
2024-10-03,Tron-o-matic 3,Dallas_01,60.0,None,
2024-10-03,Tron-o-matic 3,Houston_01,60.0,None,
2024-10-03,Tron-o-matic 3,WashingtonDC_01,60.0,None,
2024-10-03,Tron-o-matic 3,Atlanta_01,60.0,None,
2024-10-03,Tron-o-matic 3,Philadelphia_01,60.0,None,
2024-10-03,Tron-o-matic 3 Pro,Online_Store,90.0,None,
2024-10-03,Tron-o-matic 3 Pro,LosAngeles_01,90.0,None,
2024-10-03,Tron-o-matic 3 Pro,NewYork_01,90.0,None,
2024-10-03,Tron-o-matic 3 Pro,NewYork_02,90.0,None,
2024-10-03,Tron-o-matic 3 Pro,Chicago_01,90.0,None,
2024-10-03,Tron-o-matic 3 Pro,Dallas_01,90.0,None,
2024-10-03,Tron-o-matic 3 Pro,Houston_01,90.0,None,
2024-10-03,Tron-o-matic 3 Pro,WashingtonDC_01,90.0,None,
2024-10-03,Tron-o-matic 3 Pro,Atlanta_01,90.0,None,
2024-10-03,Tron-o-matic 3 Pro,Philadelphia_01,90.0,None,
2024-10-03,Tron-o-matic 4,Online_Store,75.0,None,
2024-10-03,Tron-o-matic 4,LosAngeles_01,75.0,None,
2024-10-03,Tron-o-matic 4,NewYork_01,75.0,None,
2024-10-03,Tron-o-matic 4,NewYork_02,75.0,None,
2024-10-03,Tron-o-matic 4,Chicago_01,75.0,None,
2024-10-03,Tron-o-matic 4,Dallas_01,75.0,None,
2024-10-03,Tron-o-matic 4,Houston_01,75.0,None,
2024-10-03,Tron-o-matic 4,WashingtonDC_01,75.0,None,
2024-10-03,Tron-o-matic 4,Atlanta_01,75.0,None,
2024-10-03,Tron-o-matic 4,Philadelphia_01,75.0,None,
2024-10-03,Tron-o-matic 4 Pro,Online_Store,90.74,SMALL_DEAL,
2024-10-03,Tron-o-matic 4 Pro,LosAngeles_01,90.74,SMALL_DEAL,
2024-10-03,Tron-o-matic 4 Pro,NewYork_01,90.74,SMALL_DEAL,
2024-10-03,Tron-o-matic 4 Pro,NewYork_02,90.74,SMALL_DEAL,
2024-10-03,Tron-o-matic 4 Pro,Chicago_01,90.74,SMALL_DEAL,
2024-10-03,Tron-o-matic 4 Pro,Dallas_01,90.74,SMALL_DEAL,
2024-10-03,Tron-o-matic 4 Pro,Houston_01,90.74,SMALL_DEAL,
2024-10-03,Tron-o-matic 4 Pro,WashingtonDC_01,90.74,SMALL_DEAL,
2024-10-03,Tron-o-matic 4 Pro,Atlanta_01,90.74,SMALL_DEAL,
2024-10-03,Tron-o-matic 4 Pro,Philadelphia_01,90.74,SMALL_DEAL,
2024-10-03,Tron-o-matic 5,Online_Store,74.13,SMALL_DEAL,
2024-10-03,Tron-o-matic 5,LosAngeles_01,74.13,SMALL_DEAL,
2024-10-03,Tron-o-matic 5,NewYork_01,74.13,SMALL_DEAL,
2024-10-03,Tron-o-matic 5,NewYork_02,74.13,SMALL_DEAL,
2024-10-03,Tron-o-matic 5,Chicago_01,74.13,SMALL_DEAL,
2024-10-03,Tron-o-matic 5,Dallas_01,74.13,SMALL_DEAL,
2024-10-03,Tron-o-matic 5,Houston_01,74.13,SMALL_DEAL,
2024-10-03,Tron-o-matic 5,WashingtonDC_01,74.13,SMALL_DEAL,
2024-10-03,Tron-o-matic 5,Atlanta_01,74.13,SMALL_DEAL,
2024-10-03,Tron-o-matic 5,Philadelphia_01,74.13,SMALL_DEAL,
2024-10-03,Tron-o-matic 5 Pro,Online_Store,110.0,None,
2024-10-03,Tron-o-matic 5 Pro,LosAngeles_01,110.0,None,
2024-10-03,Tron-o-matic 5 Pro,NewYork_01,110.0,None,
2024-10-03,Tron-o-matic 5 Pro,NewYork_02,110.0,None,
2024-10-03,Tron-o-matic 5 Pro,Chicago_01,110.0,None,
2024-10-03,Tron-o-matic 5 Pro,Dallas_01,110.0,None,
2024-10-03,Tron-o-matic 5 Pro,Houston_01,110.0,None,
2024-10-03,Tron-o-matic 5 Pro,WashingtonDC_01,110.0,None,
2024-10-03,Tron-o-matic 5 Pro,Atlanta_01,110.0,None,
2024-10-03,Tron-o-matic 5 Pro,Philadelphia_01,110.0,None,
2024-10-04,Tron-o-matic 1,Online_Store,56.29,SMALL_DEAL,
2024-10-04,Tron-o-matic 1,LosAngeles_01,56.29,SMALL_DEAL,
2024-10-04,Tron-o-matic 1,NewYork_01,56.29,SMALL_DEAL,
2024-10-04,Tron-o-matic 1,NewYork_02,56.29,SMALL_DEAL,
2024-10-04,Tron-o-matic 1,Chicago_01,56.29,SMALL_DEAL,
2024-10-04,Tron-o-matic 1,Dallas_01,56.29,SMALL_DEAL,
2024-10-04,Tron-o-matic 1,Houston_01,56.29,SMALL_DEAL,
2024-10-04,Tron-o-matic 1,WashingtonDC_01,56.29,SMALL_DEAL,
2024-10-04,Tron-o-matic 1,Atlanta_01,56.29,SMALL_DEAL,
2024-10-04,Tron-o-matic 1,Philadelphia_01,56.29,SMALL_DEAL,
2024-10-04,Tron-o-matic 1 Pro,Online_Store,73.76,SMALL_DEAL,
2024-10-04,Tron-o-matic 1 Pro,LosAngeles_01,73.76,SMALL_DEAL,
2024-10-04,Tron-o-matic 1 Pro,NewYork_01,73.76,SMALL_DEAL,
2024-10-04,Tron-o-matic 1 Pro,NewYork_02,73.76,SMALL_DEAL,
2024-10-04,Tron-o-matic 1 Pro,Chicago_01,73.76,SMALL_DEAL,
2024-10-04,Tron-o-matic 1 Pro,Dallas_01,73.76,SMALL_DEAL,
2024-10-04,Tron-o-matic 1 Pro,Houston_01,73.76,SMALL_DEAL,
2024-10-04,Tron-o-matic 1 Pro,WashingtonDC_01,73.76,SMALL_DEAL,
2024-10-04,Tron-o-matic 1 Pro,Atlanta_01,73.76,SMALL_DEAL,
2024-10-04,Tron-o-matic 1 Pro,Philadelphia_01,73.76,SMALL_DEAL,
2024-10-04,Tron-o-matic 2,Online_Store,55.0,None,
2024-10-04,Tron-o-matic 2,LosAngeles_01,55.0,None,
2024-10-04,Tron-o-matic 2,NewYork_01,55.0,None,
2024-10-04,Tron-o-matic 2,NewYork_02,55.0,None,
2024-10-04,Tron-o-matic 2,Chicago_01,55.0,None,
2024-10-04,Tron-o-matic 2,Dallas_01,55.0,None,
2024-10-04,Tron-o-matic 2,Houston_01,55.0,None,
2024-10-04,Tron-o-matic 2,WashingtonDC_01,55.0,None,
2024-10-04,Tron-o-matic 2,Atlanta_01,55.0,None,
2024-10-04,Tron-o-matic 2,Philadelphia_01,55.0,None,
2024-10-04,Tron-o-matic 2 Pro,Online_Store,80.21,SMALL_DEAL,
2024-10-04,Tron-o-matic 2 Pro,LosAngeles_01,80.21,SMALL_DEAL,
2024-10-04,Tron-o-matic 2 Pro,NewYork_01,80.21,SMALL_DEAL,
2024-10-04,Tron-o-matic 2 Pro,NewYork_02,80.21,SMALL_DEAL,
2024-10-04,Tron-o-matic 2 Pro,Chicago_01,80.21,SMALL_DEAL,
2024-10-04,Tron-o-matic 2 Pro,Dallas_01,80.21,SMALL_DEAL,
2024-10-04,Tron-o-matic 2 Pro,Houston_01,80.21,SMALL_DEAL,
2024-10-04,Tron-o-matic 2 Pro,WashingtonDC_01,80.21,SMALL_DEAL,
2024-10-04,Tron-o-matic 2 Pro,Atlanta_01,80.21,SMALL_DEAL,
2024-10-04,Tron-o-matic 2 Pro,Philadelphia_01,80.21,SMALL_DEAL,
2024-10-04,Tron-o-matic 3,Online_Store,60.0,None,
2024-10-04,Tron-o-matic 3,LosAngeles_01,60.0,None,
2024-10-04,Tron-o-matic 3,NewYork_01,60.0,None,
2024-10-04,Tron-o-matic 3,NewYork_02,60.0,None,
2024-10-04,Tron-o-matic 3,Chicago_01,60.0,None,
2024-10-04,Tron-o-matic 3,Dallas_01,60.0,None,
2024-10-04,Tron-o-matic 3,Houston_01,60.0,None,
2024-10-04,Tron-o-matic 3,WashingtonDC_01,60.0,None,
2024-10-04,Tron-o-matic 3,Atlanta_01,60.0,None,
2024-10-04,Tron-o-matic 3,Philadelphia_01,60.0,None,
2024-10-04,Tron-o-matic 3 Pro,Online_Store,65.27,BIG_DEAL,
2024-10-04,Tron-o-matic 3 Pro,LosAngeles_01,65.27,BIG_DEAL,
2024-10-04,Tron-o-matic 3 Pro,NewYork_01,65.27,BIG_DEAL,
2024-10-04,Tron-o-matic 3 Pro,NewYork_02,65.27,BIG_DEAL,
2024-10-04,Tron-o-matic 3 Pro,Chicago_01,65.27,BIG_DEAL,
2024-10-04,Tron-o-matic 3 Pro,Dallas_01,65.27,BIG_DEAL,
2024-10-04,Tron-o-matic 3 Pro,Houston_01,65.27,BIG_DEAL,
2024-10-04,Tron-o-matic 3 Pro,WashingtonDC_01,65.27,BIG_DEAL,
2024-10-04,Tron-o-matic 3 Pro,Atlanta_01,65.27,BIG_DEAL,
2024-10-04,Tron-o-matic 3 Pro,Philadelphia_01,65.27,BIG_DEAL,
2024-10-04,Tron-o-matic 4,Online_Store,56.32,BIG_DEAL,
2024-10-04,Tron-o-matic 4,LosAngeles_01,56.32,BIG_DEAL,
2024-10-04,Tron-o-matic 4,NewYork_01,56.32,BIG_DEAL,
2024-10-04,Tron-o-matic 4,NewYork_02,56.32,BIG_DEAL,
2024-10-04,Tron-o-matic 4,Chicago_01,56.32,BIG_DEAL,
2024-10-04,Tron-o-matic 4,Dallas_01,56.32,BIG_DEAL,
2024-10-04,Tron-o-matic 4,Houston_01,56.32,BIG_DEAL,
2024-10-04,Tron-o-matic 4,WashingtonDC_01,56.32,BIG_DEAL,
2024-10-04,Tron-o-matic 4,Atlanta_01,56.32,BIG_DEAL,
2024-10-04,Tron-o-matic 4,Philadelphia_01,56.32,BIG_DEAL,
2024-10-04,Tron-o-matic 4 Pro,Online_Store,100.0,None,
2024-10-04,Tron-o-matic 4 Pro,LosAngeles_01,100.0,None,
2024-10-04,Tron-o-matic 4 Pro,NewYork_01,100.0,None,
2024-10-04,Tron-o-matic 4 Pro,NewYork_02,100.0,None,
2024-10-04,Tron-o-matic 4 Pro,Chicago_01,100.0,None,
2024-10-04,Tron-o-matic 4 Pro,Dallas_01,100.0,None,
2024-10-04,Tron-o-matic 4 Pro,Houston_01,100.0,None,
2024-10-04,Tron-o-matic 4 Pro,WashingtonDC_01,100.0,None,
2024-10-04,Tron-o-matic 4 Pro,Atlanta_01,100.0,None,
2024-10-04,Tron-o-matic 4 Pro,Philadelphia_01,100.0,None,
2024-10-04,Tron-o-matic 5,Online_Store,73.61,SMALL_DEAL,
2024-10-04,Tron-o-matic 5,LosAngeles_01,73.61,SMALL_DEAL,
2024-10-04,Tron-o-matic 5,NewYork_01,73.61,SMALL_DEAL,
2024-10-04,Tron-o-matic 5,NewYork_02,73.61,SMALL_DEAL,
2024-10-04,Tron-o-matic 5,Chicago_01,73.61,SMALL_DEAL,
2024-10-04,Tron-o-matic 5,Dallas_01,73.61,SMALL_DEAL,
2024-10-04,Tron-o-matic 5,Houston_01,73.61,SMALL_DEAL,
2024-10-04,Tron-o-matic 5,WashingtonDC_01,73.61,SMALL_DEAL,
2024-10-04,Tron-o-matic 5,Atlanta_01,73.61,SMALL_DEAL,
2024-10-04,Tron-o-matic 5,Philadelphia_01,73.61,SMALL_DEAL,
2024-10-04,Tron-o-matic 5 Pro,Online_Store,101.51,SMALL_DEAL,
2024-10-04,Tron-o-matic 5 Pro,LosAngeles_01,101.51,SMALL_DEAL,
2024-10-04,Tron-o-matic 5 Pro,NewYork_01,101.51,SMALL_DEAL,
2024-10-04,Tron-o-matic 5 Pro,NewYork_02,101.51,SMALL_DEAL,
2024-10-04,Tron-o-matic 5 Pro,Chicago_01,101.51,SMALL_DEAL,
2024-10-04,Tron-o-matic 5 Pro,Dallas_01,101.51,SMALL_DEAL,
2024-10-04,Tron-o-matic 5 Pro,Houston_01,101.51,SMALL_DEAL,
2024-10-04,Tron-o-matic 5 Pro,WashingtonDC_01,101.51,SMALL_DEAL,
2024-10-04,Tron-o-matic 5 Pro,Atlanta_01,101.51,SMALL_DEAL,
2024-10-04,Tron-o-matic 5 Pro,Philadelphia_01,101.51,SMALL_DEAL,
2024-10-05,Tron-o-matic 1,Online_Store,60.0,None,
2024-10-05,Tron-o-matic 1,LosAngeles_01,60.0,None,
2024-10-05,Tron-o-matic 1,NewYork_01,60.0,None,
2024-10-05,Tron-o-matic 1,NewYork_02,60.0,None,
2024-10-05,Tron-o-matic 1,Chicago_01,60.0,None,
2024-10-05,Tron-o-matic 1,Dallas_01,60.0,None,
2024-10-05,Tron-o-matic 1,Houston_01,60.0,None,
2024-10-05,Tron-o-matic 1,WashingtonDC_01,60.0,None,
2024-10-05,Tron-o-matic 1,Atlanta_01,60.0,None,
2024-10-05,Tron-o-matic 1,Philadelphia_01,60.0,None,
2024-10-05,Tron-o-matic 1 Pro,Online_Store,80.0,None,
2024-10-05,Tron-o-matic 1 Pro,LosAngeles_01,80.0,None,
2024-10-05,Tron-o-matic 1 Pro,NewYork_01,80.0,None,
2024-10-05,Tron-o-matic 1 Pro,NewYork_02,80.0,None,
2024-10-05,Tron-o-matic 1 Pro,Chicago_01,80.0,None,
2024-10-05,Tron-o-matic 1 Pro,Dallas_01,80.0,None,
2024-10-05,Tron-o-matic 1 Pro,Houston_01,80.0,None,
2024-10-05,Tron-o-matic 1 Pro,WashingtonDC_01,80.0,None,
2024-10-05,Tron-o-matic 1 Pro,Atlanta_01,80.0,None,
2024-10-05,Tron-o-matic 1 Pro,Philadelphia_01,80.0,None,
2024-10-05,Tron-o-matic 2,Online_Store,55.0,None,
2024-10-05,Tron-o-matic 2,LosAngeles_01,55.0,None,
2024-10-05,Tron-o-matic 2,NewYork_01,55.0,None,
2024-10-05,Tron-o-matic 2,NewYork_02,55.0,None,
2024-10-05,Tron-o-matic 2,Chicago_01,55.0,None,
2024-10-05,Tron-o-matic 2,Dallas_01,55.0,None,
2024-10-05,Tron-o-matic 2,Houston_01,55.0,None,
2024-10-05,Tron-o-matic 2,WashingtonDC_01,55.0,None,
2024-10-05,Tron-o-matic 2,Atlanta_01,55.0,None,
2024-10-05,Tron-o-matic 2,Philadelphia_01,55.0,None,
2024-10-05,Tron-o-matic 2 Pro,Online_Store,67.28,BIG_DEAL,
2024-10-05,Tron-o-matic 2 Pro,LosAngeles_01,67.28,BIG_DEAL,
2024-10-05,Tron-o-matic 2 Pro,NewYork_01,67.28,BIG_DEAL,
2024-10-05,Tron-o-matic 2 Pro,NewYork_02,67.28,BIG_DEAL,
2024-10-05,Tron-o-matic 2 Pro,Chicago_01,67.28,BIG_DEAL,
2024-10-05,Tron-o-matic 2 Pro,Dallas_01,67.28,BIG_DEAL,
2024-10-05,Tron-o-matic 2 Pro,Houston_01,67.28,BIG_DEAL,
2024-10-05,Tron-o-matic 2 Pro,WashingtonDC_01,67.28,BIG_DEAL,
2024-10-05,Tron-o-matic 2 Pro,Atlanta_01,67.28,BIG_DEAL,
2024-10-05,Tron-o-matic 2 Pro,Philadelphia_01,67.28,BIG_DEAL,
2024-10-05,Tron-o-matic 3,Online_Store,60.0,None,
2024-10-05,Tron-o-matic 3,LosAngeles_01,60.0,None,
2024-10-05,Tron-o-matic 3,NewYork_01,60.0,None,
2024-10-05,Tron-o-matic 3,NewYork_02,60.0,None,
2024-10-05,Tron-o-matic 3,Chicago_01,60.0,None,
2024-10-05,Tron-o-matic 3,Dallas_01,60.0,None,
2024-10-05,Tron-o-matic 3,Houston_01,60.0,None,
2024-10-05,Tron-o-matic 3,WashingtonDC_01,60.0,None,
2024-10-05,Tron-o-matic 3,Atlanta_01,60.0,None,
2024-10-05,Tron-o-matic 3,Philadelphia_01,60.0,None,
2024-10-05,Tron-o-matic 3 Pro,Online_Store,90.0,None,
2024-10-05,Tron-o-matic 3 Pro,LosAngeles_01,90.0,None,
2024-10-05,Tron-o-matic 3 Pro,NewYork_01,90.0,None,
2024-10-05,Tron-o-matic 3 Pro,NewYork_02,90.0,None,
2024-10-05,Tron-o-matic 3 Pro,Chicago_01,90.0,None,
2024-10-05,Tron-o-matic 3 Pro,Dallas_01,90.0,None,
2024-10-05,Tron-o-matic 3 Pro,Houston_01,90.0,None,
2024-10-05,Tron-o-matic 3 Pro,WashingtonDC_01,90.0,None,
2024-10-05,Tron-o-matic 3 Pro,Atlanta_01,90.0,None,
2024-10-05,Tron-o-matic 3 Pro,Philadelphia_01,90.0,None,
2024-10-05,Tron-o-matic 4,Online_Store,64.89,SMALL_DEAL,
2024-10-05,Tron-o-matic 4,LosAngeles_01,64.89,SMALL_DEAL,
2024-10-05,Tron-o-matic 4,NewYork_01,64.89,SMALL_DEAL,
2024-10-05,Tron-o-matic 4,NewYork_02,64.89,SMALL_DEAL,
2024-10-05,Tron-o-matic 4,Chicago_01,64.89,SMALL_DEAL,
2024-10-05,Tron-o-matic 4,Dallas_01,64.89,SMALL_DEAL,
2024-10-05,Tron-o-matic 4,Houston_01,64.89,SMALL_DEAL,
2024-10-05,Tron-o-matic 4,WashingtonDC_01,64.89,SMALL_DEAL,
2024-10-05,Tron-o-matic 4,Atlanta_01,64.89,SMALL_DEAL,
2024-10-05,Tron-o-matic 4,Philadelphia_01,64.89,SMALL_DEAL,
2024-10-05,Tron-o-matic 4 Pro,Online_Store,100.0,None,
2024-10-05,Tron-o-matic 4 Pro,LosAngeles_01,100.0,None,
2024-10-05,Tron-o-matic 4 Pro,NewYork_01,100.0,None,
2024-10-05,Tron-o-matic 4 Pro,NewYork_02,100.0,None,
2024-10-05,Tron-o-matic 4 Pro,Chicago_01,100.0,None,
2024-10-05,Tron-o-matic 4 Pro,Dallas_01,100.0,None,
2024-10-05,Tron-o-matic 4 Pro,Houston_01,100.0,None,
2024-10-05,Tron-o-matic 4 Pro,WashingtonDC_01,100.0,None,
2024-10-05,Tron-o-matic 4 Pro,Atlanta_01,100.0,None,
2024-10-05,Tron-o-matic 4 Pro,Philadelphia_01,100.0,None,
2024-10-05,Tron-o-matic 5,Online_Store,69.71,SMALL_DEAL,
2024-10-05,Tron-o-matic 5,LosAngeles_01,69.71,SMALL_DEAL,
2024-10-05,Tron-o-matic 5,NewYork_01,69.71,SMALL_DEAL,
2024-10-05,Tron-o-matic 5,NewYork_02,69.71,SMALL_DEAL,
2024-10-05,Tron-o-matic 5,Chicago_01,69.71,SMALL_DEAL,
2024-10-05,Tron-o-matic 5,Dallas_01,69.71,SMALL_DEAL,
2024-10-05,Tron-o-matic 5,Houston_01,69.71,SMALL_DEAL,
2024-10-05,Tron-o-matic 5,WashingtonDC_01,69.71,SMALL_DEAL,
2024-10-05,Tron-o-matic 5,Atlanta_01,69.71,SMALL_DEAL,
2024-10-05,Tron-o-matic 5,Philadelphia_01,69.71,SMALL_DEAL,
2024-10-05,Tron-o-matic 5 Pro,Online_Store,110.0,None,
2024-10-05,Tron-o-matic 5 Pro,LosAngeles_01,110.0,None,
2024-10-05,Tron-o-matic 5 Pro,NewYork_01,110.0,None,
2024-10-05,Tron-o-matic 5 Pro,NewYork_02,110.0,None,
2024-10-05,Tron-o-matic 5 Pro,Chicago_01,110.0,None,
2024-10-05,Tron-o-matic 5 Pro,Dallas_01,110.0,None,
2024-10-05,Tron-o-matic 5 Pro,Houston_01,110.0,None,
2024-10-05,Tron-o-matic 5 Pro,WashingtonDC_01,110.0,None,
2024-10-05,Tron-o-matic 5 Pro,Atlanta_01,110.0,None,
2024-10-05,Tron-o-matic 5 Pro,Philadelphia_01,110.0,None,
2024-10-06,Tron-o-matic 1,Online_Store,60.0,None,
2024-10-06,Tron-o-matic 1,LosAngeles_01,60.0,None,
2024-10-06,Tron-o-matic 1,NewYork_01,60.0,None,
2024-10-06,Tron-o-matic 1,NewYork_02,60.0,None,
2024-10-06,Tron-o-matic 1,Chicago_01,60.0,None,
2024-10-06,Tron-o-matic 1,Dallas_01,60.0,None,
2024-10-06,Tron-o-matic 1,Houston_01,60.0,None,
2024-10-06,Tron-o-matic 1,WashingtonDC_01,60.0,None,
2024-10-06,Tron-o-matic 1,Atlanta_01,60.0,None,
2024-10-06,Tron-o-matic 1,Philadelphia_01,60.0,None,
2024-10-06,Tron-o-matic 1 Pro,Online_Store,61.35,BIG_DEAL,
2024-10-06,Tron-o-matic 1 Pro,LosAngeles_01,61.35,BIG_DEAL,
2024-10-06,Tron-o-matic 1 Pro,NewYork_01,61.35,BIG_DEAL,
2024-10-06,Tron-o-matic 1 Pro,NewYork_02,61.35,BIG_DEAL,
2024-10-06,Tron-o-matic 1 Pro,Chicago_01,61.35,BIG_DEAL,
2024-10-06,Tron-o-matic 1 Pro,Dallas_01,61.35,BIG_DEAL,
2024-10-06,Tron-o-matic 1 Pro,Houston_01,61.35,BIG_DEAL,
2024-10-06,Tron-o-matic 1 Pro,WashingtonDC_01,61.35,BIG_DEAL,
2024-10-06,Tron-o-matic 1 Pro,Atlanta_01,61.35,BIG_DEAL,
2024-10-06,Tron-o-matic 1 Pro,Philadelphia_01,61.35,BIG_DEAL,
2024-10-06,Tron-o-matic 2,Online_Store,55.0,None,
2024-10-06,Tron-o-matic 2,LosAngeles_01,55.0,None,
2024-10-06,Tron-o-matic 2,NewYork_01,55.0,None,
2024-10-06,Tron-o-matic 2,NewYork_02,55.0,None,
2024-10-06,Tron-o-matic 2,Chicago_01,55.0,None,
2024-10-06,Tron-o-matic 2,Dallas_01,55.0,None,
2024-10-06,Tron-o-matic 2,Houston_01,55.0,None,
2024-10-06,Tron-o-matic 2,WashingtonDC_01,55.0,None,
2024-10-06,Tron-o-matic 2,Atlanta_01,55.0,None,
2024-10-06,Tron-o-matic 2,Philadelphia_01,55.0,None,
2024-10-06,Tron-o-matic 2 Pro,Online_Store,75.68,SMALL_DEAL,
2024-10-06,Tron-o-matic 2 Pro,LosAngeles_01,75.68,SMALL_DEAL,
2024-10-06,Tron-o-matic 2 Pro,NewYork_01,75.68,SMALL_DEAL,
2024-10-06,Tron-o-matic 2 Pro,NewYork_02,75.68,SMALL_DEAL,
2024-10-06,Tron-o-matic 2 Pro,Chicago_01,75.68,SMALL_DEAL,
2024-10-06,Tron-o-matic 2 Pro,Dallas_01,75.68,SMALL_DEAL,
2024-10-06,Tron-o-matic 2 Pro,Houston_01,75.68,SMALL_DEAL,
2024-10-06,Tron-o-matic 2 Pro,WashingtonDC_01,75.68,SMALL_DEAL,
2024-10-06,Tron-o-matic 2 Pro,Atlanta_01,75.68,SMALL_DEAL,
2024-10-06,Tron-o-matic 2 Pro,Philadelphia_01,75.68,SMALL_DEAL,
2024-10-06,Tron-o-matic 3,Online_Store,60.0,None,
2024-10-06,Tron-o-matic 3,LosAngeles_01,60.0,None,
2024-10-06,Tron-o-matic 3,NewYork_01,60.0,None,
2024-10-06,Tron-o-matic 3,NewYork_02,60.0,None,
2024-10-06,Tron-o-matic 3,Chicago_01,60.0,None,
2024-10-06,Tron-o-matic 3,Dallas_01,60.0,None,
2024-10-06,Tron-o-matic 3,Houston_01,60.0,None,
2024-10-06,Tron-o-matic 3,WashingtonDC_01,60.0,None,
2024-10-06,Tron-o-matic 3,Atlanta_01,60.0,None,
2024-10-06,Tron-o-matic 3,Philadelphia_01,60.0,None,
2024-10-06,Tron-o-matic 3 Pro,Online_Store,90.0,None,
2024-10-06,Tron-o-matic 3 Pro,LosAngeles_01,90.0,None,
2024-10-06,Tron-o-matic 3 Pro,NewYork_01,90.0,None,
2024-10-06,Tron-o-matic 3 Pro,NewYork_02,90.0,None,
2024-10-06,Tron-o-matic 3 Pro,Chicago_01,90.0,None,
2024-10-06,Tron-o-matic 3 Pro,Dallas_01,90.0,None,
2024-10-06,Tron-o-matic 3 Pro,Houston_01,90.0,None,
2024-10-06,Tron-o-matic 3 Pro,WashingtonDC_01,90.0,None,
2024-10-06,Tron-o-matic 3 Pro,Atlanta_01,90.0,None,
2024-10-06,Tron-o-matic 3 Pro,Philadelphia_01,90.0,None,
2024-10-06,Tron-o-matic 4,Online_Store,75.0,None,
2024-10-06,Tron-o-matic 4,LosAngeles_01,75.0,None,
2024-10-06,Tron-o-matic 4,NewYork_01,75.0,None,
2024-10-06,Tron-o-matic 4,NewYork_02,75.0,None,
2024-10-06,Tron-o-matic 4,Chicago_01,75.0,None,
2024-10-06,Tron-o-matic 4,Dallas_01,75.0,None,
2024-10-06,Tron-o-matic 4,Houston_01,75.0,None,
2024-10-06,Tron-o-matic 4,WashingtonDC_01,75.0,None,
2024-10-06,Tron-o-matic 4,Atlanta_01,75.0,None,
2024-10-06,Tron-o-matic 4,Philadelphia_01,75.0,None,
2024-10-06,Tron-o-matic 4 Pro,Online_Store,87.07,SMALL_DEAL,
2024-10-06,Tron-o-matic 4 Pro,LosAngeles_01,87.07,SMALL_DEAL,
2024-10-06,Tron-o-matic 4 Pro,NewYork_01,87.07,SMALL_DEAL,
2024-10-06,Tron-o-matic 4 Pro,NewYork_02,87.07,SMALL_DEAL,
2024-10-06,Tron-o-matic 4 Pro,Chicago_01,87.07,SMALL_DEAL,
2024-10-06,Tron-o-matic 4 Pro,Dallas_01,87.07,SMALL_DEAL,
2024-10-06,Tron-o-matic 4 Pro,Houston_01,87.07,SMALL_DEAL,
2024-10-06,Tron-o-matic 4 Pro,WashingtonDC_01,87.07,SMALL_DEAL,
2024-10-06,Tron-o-matic 4 Pro,Atlanta_01,87.07,SMALL_DEAL,
2024-10-06,Tron-o-matic 4 Pro,Philadelphia_01,87.07,SMALL_DEAL,
2024-10-06,Tron-o-matic 5,Online_Store,73.81,SMALL_DEAL,
2024-10-06,Tron-o-matic 5,LosAngeles_01,73.81,SMALL_DEAL,
2024-10-06,Tron-o-matic 5,NewYork_01,73.81,SMALL_DEAL,
2024-10-06,Tron-o-matic 5,NewYork_02,73.81,SMALL_DEAL,
2024-10-06,Tron-o-matic 5,Chicago_01,73.81,SMALL_DEAL,
2024-10-06,Tron-o-matic 5,Dallas_01,73.81,SMALL_DEAL,
2024-10-06,Tron-o-matic 5,Houston_01,73.81,SMALL_DEAL,
2024-10-06,Tron-o-matic 5,WashingtonDC_01,73.81,SMALL_DEAL,
2024-10-06,Tron-o-matic 5,Atlanta_01,73.81,SMALL_DEAL,
2024-10-06,Tron-o-matic 5,Philadelphia_01,73.81,SMALL_DEAL,
2024-10-06,Tron-o-matic 5 Pro,Online_Store,83.75,BIG_DEAL,
2024-10-06,Tron-o-matic 5 Pro,LosAngeles_01,83.75,BIG_DEAL,
2024-10-06,Tron-o-matic 5 Pro,NewYork_01,83.75,BIG_DEAL,
2024-10-06,Tron-o-matic 5 Pro,NewYork_02,83.75,BIG_DEAL,
2024-10-06,Tron-o-matic 5 Pro,Chicago_01,83.75,BIG_DEAL,
2024-10-06,Tron-o-matic 5 Pro,Dallas_01,83.75,BIG_DEAL,
2024-10-06,Tron-o-matic 5 Pro,Houston_01,83.75,BIG_DEAL,
2024-10-06,Tron-o-matic 5 Pro,WashingtonDC_01,83.75,BIG_DEAL,
2024-10-06,Tron-o-matic 5 Pro,Atlanta_01,83.75,BIG_DEAL,
2024-10-06,Tron-o-matic 5 Pro,Philadelphia_01,83.75,BIG_DEAL,
2024-10-07,Tron-o-matic 1,Online_Store,51.57,SMALL_DEAL,
2024-10-07,Tron-o-matic 1,LosAngeles_01,51.57,SMALL_DEAL,
2024-10-07,Tron-o-matic 1,NewYork_01,51.57,SMALL_DEAL,
2024-10-07,Tron-o-matic 1,NewYork_02,51.57,SMALL_DEAL,
2024-10-07,Tron-o-matic 1,Chicago_01,51.57,SMALL_DEAL,
2024-10-07,Tron-o-matic 1,Dallas_01,51.57,SMALL_DEAL,
2024-10-07,Tron-o-matic 1,Houston_01,51.57,SMALL_DEAL,
2024-10-07,Tron-o-matic 1,WashingtonDC_01,51.57,SMALL_DEAL,
2024-10-07,Tron-o-matic 1,Atlanta_01,51.57,SMALL_DEAL,
2024-10-07,Tron-o-matic 1,Philadelphia_01,51.57,SMALL_DEAL,
2024-10-07,Tron-o-matic 1 Pro,Online_Store,71.38,SMALL_DEAL,
2024-10-07,Tron-o-matic 1 Pro,LosAngeles_01,71.38,SMALL_DEAL,
2024-10-07,Tron-o-matic 1 Pro,NewYork_01,71.38,SMALL_DEAL,
2024-10-07,Tron-o-matic 1 Pro,NewYork_02,71.38,SMALL_DEAL,
2024-10-07,Tron-o-matic 1 Pro,Chicago_01,71.38,SMALL_DEAL,
2024-10-07,Tron-o-matic 1 Pro,Dallas_01,71.38,SMALL_DEAL,
2024-10-07,Tron-o-matic 1 Pro,Houston_01,71.38,SMALL_DEAL,
2024-10-07,Tron-o-matic 1 Pro,WashingtonDC_01,71.38,SMALL_DEAL,
2024-10-07,Tron-o-matic 1 Pro,Atlanta_01,71.38,SMALL_DEAL,
2024-10-07,Tron-o-matic 1 Pro,Philadelphia_01,71.38,SMALL_DEAL,
2024-10-07,Tron-o-matic 2,Online_Store,43.55,BIG_DEAL,
2024-10-07,Tron-o-matic 2,LosAngeles_01,43.55,BIG_DEAL,
2024-10-07,Tron-o-matic 2,NewYork_01,43.55,BIG_DEAL,
2024-10-07,Tron-o-matic 2,NewYork_02,43.55,BIG_DEAL,
2024-10-07,Tron-o-matic 2,Chicago_01,43.55,BIG_DEAL,
2024-10-07,Tron-o-matic 2,Dallas_01,43.55,BIG_DEAL,
2024-10-07,Tron-o-matic 2,Houston_01,43.55,BIG_DEAL,
2024-10-07,Tron-o-matic 2,WashingtonDC_01,43.55,BIG_DEAL,
2024-10-07,Tron-o-matic 2,Atlanta_01,43.55,BIG_DEAL,
2024-10-07,Tron-o-matic 2,Philadelphia_01,43.55,BIG_DEAL,
2024-10-07,Tron-o-matic 2 Pro,Online_Store,80.75,SMALL_DEAL,
2024-10-07,Tron-o-matic 2 Pro,LosAngeles_01,80.75,SMALL_DEAL,
2024-10-07,Tron-o-matic 2 Pro,NewYork_01,80.75,SMALL_DEAL,
2024-10-07,Tron-o-matic 2 Pro,NewYork_02,80.75,SMALL_DEAL,
2024-10-07,Tron-o-matic 2 Pro,Chicago_01,80.75,SMALL_DEAL,
2024-10-07,Tron-o-matic 2 Pro,Dallas_01,80.75,SMALL_DEAL,
2024-10-07,Tron-o-matic 2 Pro,Houston_01,80.75,SMALL_DEAL,
2024-10-07,Tron-o-matic 2 Pro,WashingtonDC_01,80.75,SMALL_DEAL,
2024-10-07,Tron-o-matic 2 Pro,Atlanta_01,80.75,SMALL_DEAL,
2024-10-07,Tron-o-matic 2 Pro,Philadelphia_01,80.75,SMALL_DEAL,
2024-10-07,Tron-o-matic 3,Online_Store,60.0,None,
2024-10-07,Tron-o-matic 3,LosAngeles_01,60.0,None,
2024-10-07,Tron-o-matic 3,NewYork_01,60.0,None,
2024-10-07,Tron-o-matic 3,NewYork_02,60.0,None,
2024-10-07,Tron-o-matic 3,Chicago_01,60.0,None,
2024-10-07,Tron-o-matic 3,Dallas_01,60.0,None,
2024-10-07,Tron-o-matic 3,Houston_01,60.0,None,
2024-10-07,Tron-o-matic 3,WashingtonDC_01,60.0,None,
2024-10-07,Tron-o-matic 3,Atlanta_01,60.0,None,
2024-10-07,Tron-o-matic 3,Philadelphia_01,60.0,None,
2024-10-07,Tron-o-matic 3 Pro,Online_Store,83.85,SMALL_DEAL,
2024-10-07,Tron-o-matic 3 Pro,LosAngeles_01,83.85,SMALL_DEAL,
2024-10-07,Tron-o-matic 3 Pro,NewYork_01,83.85,SMALL_DEAL,
2024-10-07,Tron-o-matic 3 Pro,NewYork_02,83.85,SMALL_DEAL,
2024-10-07,Tron-o-matic 3 Pro,Chicago_01,83.85,SMALL_DEAL,
2024-10-07,Tron-o-matic 3 Pro,Dallas_01,83.85,SMALL_DEAL,
2024-10-07,Tron-o-matic 3 Pro,Houston_01,83.85,SMALL_DEAL,
2024-10-07,Tron-o-matic 3 Pro,WashingtonDC_01,83.85,SMALL_DEAL,
2024-10-07,Tron-o-matic 3 Pro,Atlanta_01,83.85,SMALL_DEAL,
2024-10-07,Tron-o-matic 3 Pro,Philadelphia_01,83.85,SMALL_DEAL,
2024-10-07,Tron-o-matic 4,Online_Store,75.0,None,
2024-10-07,Tron-o-matic 4,LosAngeles_01,75.0,None,
2024-10-07,Tron-o-matic 4,NewYork_01,75.0,None,
2024-10-07,Tron-o-matic 4,NewYork_02,75.0,None,
2024-10-07,Tron-o-matic 4,Chicago_01,75.0,None,
2024-10-07,Tron-o-matic 4,Dallas_01,75.0,None,
2024-10-07,Tron-o-matic 4,Houston_01,75.0,None,
2024-10-07,Tron-o-matic 4,WashingtonDC_01,75.0,None,
2024-10-07,Tron-o-matic 4,Atlanta_01,75.0,None,
2024-10-07,Tron-o-matic 4,Philadelphia_01,75.0,None,
2024-10-07,Tron-o-matic 4 Pro,Online_Store,92.19,SMALL_DEAL,
2024-10-07,Tron-o-matic 4 Pro,LosAngeles_01,92.19,SMALL_DEAL,
2024-10-07,Tron-o-matic 4 Pro,NewYork_01,92.19,SMALL_DEAL,
2024-10-07,Tron-o-matic 4 Pro,NewYork_02,92.19,SMALL_DEAL,
2024-10-07,Tron-o-matic 4 Pro,Chicago_01,92.19,SMALL_DEAL,
2024-10-07,Tron-o-matic 4 Pro,Dallas_01,92.19,SMALL_DEAL,
2024-10-07,Tron-o-matic 4 Pro,Houston_01,92.19,SMALL_DEAL,
2024-10-07,Tron-o-matic 4 Pro,WashingtonDC_01,92.19,SMALL_DEAL,
2024-10-07,Tron-o-matic 4 Pro,Atlanta_01,92.19,SMALL_DEAL,
2024-10-07,Tron-o-matic 4 Pro,Philadelphia_01,92.19,SMALL_DEAL,
2024-10-07,Tron-o-matic 5,Online_Store,71.75,SMALL_DEAL,
2024-10-07,Tron-o-matic 5,LosAngeles_01,71.75,SMALL_DEAL,
2024-10-07,Tron-o-matic 5,NewYork_01,71.75,SMALL_DEAL,
2024-10-07,Tron-o-matic 5,NewYork_02,71.75,SMALL_DEAL,
2024-10-07,Tron-o-matic 5,Chicago_01,71.75,SMALL_DEAL,
2024-10-07,Tron-o-matic 5,Dallas_01,71.75,SMALL_DEAL,
2024-10-07,Tron-o-matic 5,Houston_01,71.75,SMALL_DEAL,
2024-10-07,Tron-o-matic 5,WashingtonDC_01,71.75,SMALL_DEAL,
2024-10-07,Tron-o-matic 5,Atlanta_01,71.75,SMALL_DEAL,
2024-10-07,Tron-o-matic 5,Philadelphia_01,71.75,SMALL_DEAL,
2024-10-07,Tron-o-matic 5 Pro,Online_Store,110.0,None,
2024-10-07,Tron-o-matic 5 Pro,LosAngeles_01,110.0,None,
2024-10-07,Tron-o-matic 5 Pro,NewYork_01,110.0,None,
2024-10-07,Tron-o-matic 5 Pro,NewYork_02,110.0,None,
2024-10-07,Tron-o-matic 5 Pro,Chicago_01,110.0,None,
2024-10-07,Tron-o-matic 5 Pro,Dallas_01,110.0,None,
2024-10-07,Tron-o-matic 5 Pro,Houston_01,110.0,None,
2024-10-07,Tron-o-matic 5 Pro,WashingtonDC_01,110.0,None,
2024-10-07,Tron-o-matic 5 Pro,Atlanta_01,110.0,None,
2024-10-07,Tron-o-matic 5 Pro,Philadelphia_01,110.0,None,
2024-10-08,Tron-o-matic 1,Online_Store,60.0,None,
2024-10-08,Tron-o-matic 1,LosAngeles_01,60.0,None,
2024-10-08,Tron-o-matic 1,NewYork_01,60.0,None,
2024-10-08,Tron-o-matic 1,NewYork_02,60.0,None,
2024-10-08,Tron-o-matic 1,Chicago_01,60.0,None,
2024-10-08,Tron-o-matic 1,Dallas_01,60.0,None,
2024-10-08,Tron-o-matic 1,Houston_01,60.0,None,
2024-10-08,Tron-o-matic 1,WashingtonDC_01,60.0,None,
2024-10-08,Tron-o-matic 1,Atlanta_01,60.0,None,
2024-10-08,Tron-o-matic 1,Philadelphia_01,60.0,None,
2024-10-08,Tron-o-matic 1 Pro,Online_Store,72.23,SMALL_DEAL,
2024-10-08,Tron-o-matic 1 Pro,LosAngeles_01,72.23,SMALL_DEAL,
2024-10-08,Tron-o-matic 1 Pro,NewYork_01,72.23,SMALL_DEAL,
2024-10-08,Tron-o-matic 1 Pro,NewYork_02,72.23,SMALL_DEAL,
2024-10-08,Tron-o-matic 1 Pro,Chicago_01,72.23,SMALL_DEAL,
2024-10-08,Tron-o-matic 1 Pro,Dallas_01,72.23,SMALL_DEAL,
2024-10-08,Tron-o-matic 1 Pro,Houston_01,72.23,SMALL_DEAL,
2024-10-08,Tron-o-matic 1 Pro,WashingtonDC_01,72.23,SMALL_DEAL,
2024-10-08,Tron-o-matic 1 Pro,Atlanta_01,72.23,SMALL_DEAL,
2024-10-08,Tron-o-matic 1 Pro,Philadelphia_01,72.23,SMALL_DEAL,
2024-10-08,Tron-o-matic 2,Online_Store,55.0,None,
2024-10-08,Tron-o-matic 2,LosAngeles_01,55.0,None,
2024-10-08,Tron-o-matic 2,NewYork_01,55.0,None,
2024-10-08,Tron-o-matic 2,NewYork_02,55.0,None,
2024-10-08,Tron-o-matic 2,Chicago_01,55.0,None,
2024-10-08,Tron-o-matic 2,Dallas_01,55.0,None,
2024-10-08,Tron-o-matic 2,Houston_01,55.0,None,
2024-10-08,Tron-o-matic 2,WashingtonDC_01,55.0,None,
2024-10-08,Tron-o-matic 2,Atlanta_01,55.0,None,
2024-10-08,Tron-o-matic 2,Philadelphia_01,55.0,None,
2024-10-08,Tron-o-matic 2 Pro,Online_Store,76.05,SMALL_DEAL,
2024-10-08,Tron-o-matic 2 Pro,LosAngeles_01,76.05,SMALL_DEAL,
2024-10-08,Tron-o-matic 2 Pro,NewYork_01,76.05,SMALL_DEAL,
2024-10-08,Tron-o-matic 2 Pro,NewYork_02,76.05,SMALL_DEAL,
2024-10-08,Tron-o-matic 2 Pro,Chicago_01,76.05,SMALL_DEAL,
2024-10-08,Tron-o-matic 2 Pro,Dallas_01,76.05,SMALL_DEAL,
2024-10-08,Tron-o-matic 2 Pro,Houston_01,76.05,SMALL_DEAL,
2024-10-08,Tron-o-matic 2 Pro,WashingtonDC_01,76.05,SMALL_DEAL,
2024-10-08,Tron-o-matic 2 Pro,Atlanta_01,76.05,SMALL_DEAL,
2024-10-08,Tron-o-matic 2 Pro,Philadelphia_01,76.05,SMALL_DEAL,
2024-10-08,Tron-o-matic 3,Online_Store,60.0,None,
2024-10-08,Tron-o-matic 3,LosAngeles_01,60.0,None,
2024-10-08,Tron-o-matic 3,NewYork_01,60.0,None,
2024-10-08,Tron-o-matic 3,NewYork_02,60.0,None,
2024-10-08,Tron-o-matic 3,Chicago_01,60.0,None,
2024-10-08,Tron-o-matic 3,Dallas_01,60.0,None,
2024-10-08,Tron-o-matic 3,Houston_01,60.0,None,
2024-10-08,Tron-o-matic 3,WashingtonDC_01,60.0,None,
2024-10-08,Tron-o-matic 3,Atlanta_01,60.0,None,
2024-10-08,Tron-o-matic 3,Philadelphia_01,60.0,None,
2024-10-08,Tron-o-matic 3 Pro,Online_Store,90.0,None,
2024-10-08,Tron-o-matic 3 Pro,LosAngeles_01,90.0,None,
2024-10-08,Tron-o-matic 3 Pro,NewYork_01,90.0,None,
2024-10-08,Tron-o-matic 3 Pro,NewYork_02,90.0,None,
2024-10-08,Tron-o-matic 3 Pro,Chicago_01,90.0,None,
2024-10-08,Tron-o-matic 3 Pro,Dallas_01,90.0,None,
2024-10-08,Tron-o-matic 3 Pro,Houston_01,90.0,None,
2024-10-08,Tron-o-matic 3 Pro,WashingtonDC_01,90.0,None,
2024-10-08,Tron-o-matic 3 Pro,Atlanta_01,90.0,None,
2024-10-08,Tron-o-matic 3 Pro,Philadelphia_01,90.0,None,
2024-10-08,Tron-o-matic 4,Online_Store,75.0,None,
2024-10-08,Tron-o-matic 4,LosAngeles_01,75.0,None,
2024-10-08,Tron-o-matic 4,NewYork_01,75.0,None,
2024-10-08,Tron-o-matic 4,NewYork_02,75.0,None,
2024-10-08,Tron-o-matic 4,Chicago_01,75.0,None,
2024-10-08,Tron-o-matic 4,Dallas_01,75.0,None,
2024-10-08,Tron-o-matic 4,Houston_01,75.0,None,
2024-10-08,Tron-o-matic 4,WashingtonDC_01,75.0,None,
2024-10-08,Tron-o-matic 4,Atlanta_01,75.0,None,
2024-10-08,Tron-o-matic 4,Philadelphia_01,75.0,None,
2024-10-08,Tron-o-matic 4 Pro,Online_Store,100.0,None,
2024-10-08,Tron-o-matic 4 Pro,LosAngeles_01,100.0,None,
2024-10-08,Tron-o-matic 4 Pro,NewYork_01,100.0,None,
2024-10-08,Tron-o-matic 4 Pro,NewYork_02,100.0,None,
2024-10-08,Tron-o-matic 4 Pro,Chicago_01,100.0,None,
2024-10-08,Tron-o-matic 4 Pro,Dallas_01,100.0,None,
2024-10-08,Tron-o-matic 4 Pro,Houston_01,100.0,None,
2024-10-08,Tron-o-matic 4 Pro,WashingtonDC_01,100.0,None,
2024-10-08,Tron-o-matic 4 Pro,Atlanta_01,100.0,None,
2024-10-08,Tron-o-matic 4 Pro,Philadelphia_01,100.0,None,
2024-10-08,Tron-o-matic 5,Online_Store,80.0,None,
2024-10-08,Tron-o-matic 5,LosAngeles_01,80.0,None,
2024-10-08,Tron-o-matic 5,NewYork_01,80.0,None,
2024-10-08,Tron-o-matic 5,NewYork_02,80.0,None,
2024-10-08,Tron-o-matic 5,Chicago_01,80.0,None,
2024-10-08,Tron-o-matic 5,Dallas_01,80.0,None,
2024-10-08,Tron-o-matic 5,Houston_01,80.0,None,
2024-10-08,Tron-o-matic 5,WashingtonDC_01,80.0,None,
2024-10-08,Tron-o-matic 5,Atlanta_01,80.0,None,
2024-10-08,Tron-o-matic 5,Philadelphia_01,80.0,None,
2024-10-08,Tron-o-matic 5 Pro,Online_Store,110.0,None,
2024-10-08,Tron-o-matic 5 Pro,LosAngeles_01,110.0,None,
2024-10-08,Tron-o-matic 5 Pro,NewYork_01,110.0,None,
2024-10-08,Tron-o-matic 5 Pro,NewYork_02,110.0,None,
2024-10-08,Tron-o-matic 5 Pro,Chicago_01,110.0,None,
2024-10-08,Tron-o-matic 5 Pro,Dallas_01,110.0,None,
2024-10-08,Tron-o-matic 5 Pro,Houston_01,110.0,None,
2024-10-08,Tron-o-matic 5 Pro,WashingtonDC_01,110.0,None,
2024-10-08,Tron-o-matic 5 Pro,Atlanta_01,110.0,None,
2024-10-08,Tron-o-matic 5 Pro,Philadelphia_01,110.0,None,
2024-10-09,Tron-o-matic 1,Online_Store,45.76,BIG_DEAL,
2024-10-09,Tron-o-matic 1,LosAngeles_01,45.76,BIG_DEAL,
2024-10-09,Tron-o-matic 1,NewYork_01,45.76,BIG_DEAL,
2024-10-09,Tron-o-matic 1,NewYork_02,45.76,BIG_DEAL,
2024-10-09,Tron-o-matic 1,Chicago_01,45.76,BIG_DEAL,
2024-10-09,Tron-o-matic 1,Dallas_01,45.76,BIG_DEAL,
2024-10-09,Tron-o-matic 1,Houston_01,45.76,BIG_DEAL,
2024-10-09,Tron-o-matic 1,WashingtonDC_01,45.76,BIG_DEAL,
2024-10-09,Tron-o-matic 1,Atlanta_01,45.76,BIG_DEAL,
2024-10-09,Tron-o-matic 1,Philadelphia_01,45.76,BIG_DEAL,
2024-10-09,Tron-o-matic 1 Pro,Online_Store,74.12,SMALL_DEAL,
2024-10-09,Tron-o-matic 1 Pro,LosAngeles_01,74.12,SMALL_DEAL,
2024-10-09,Tron-o-matic 1 Pro,NewYork_01,74.12,SMALL_DEAL,
2024-10-09,Tron-o-matic 1 Pro,NewYork_02,74.12,SMALL_DEAL,
2024-10-09,Tron-o-matic 1 Pro,Chicago_01,74.12,SMALL_DEAL,
2024-10-09,Tron-o-matic 1 Pro,Dallas_01,74.12,SMALL_DEAL,
2024-10-09,Tron-o-matic 1 Pro,Houston_01,74.12,SMALL_DEAL,
2024-10-09,Tron-o-matic 1 Pro,WashingtonDC_01,74.12,SMALL_DEAL,
2024-10-09,Tron-o-matic 1 Pro,Atlanta_01,74.12,SMALL_DEAL,
2024-10-09,Tron-o-matic 1 Pro,Philadelphia_01,74.12,SMALL_DEAL,
2024-10-09,Tron-o-matic 2,Online_Store,50.68,SMALL_DEAL,
2024-10-09,Tron-o-matic 2,LosAngeles_01,50.68,SMALL_DEAL,
2024-10-09,Tron-o-matic 2,NewYork_01,50.68,SMALL_DEAL,
2024-10-09,Tron-o-matic 2,NewYork_02,50.68,SMALL_DEAL,
2024-10-09,Tron-o-matic 2,Chicago_01,50.68,SMALL_DEAL,
2024-10-09,Tron-o-matic 2,Dallas_01,50.68,SMALL_DEAL,
2024-10-09,Tron-o-matic 2,Houston_01,50.68,SMALL_DEAL,
2024-10-09,Tron-o-matic 2,WashingtonDC_01,50.68,SMALL_DEAL,
2024-10-09,Tron-o-matic 2,Atlanta_01,50.68,SMALL_DEAL,
2024-10-09,Tron-o-matic 2,Philadelphia_01,50.68,SMALL_DEAL,
2024-10-09,Tron-o-matic 2 Pro,Online_Store,85.0,None,
2024-10-09,Tron-o-matic 2 Pro,LosAngeles_01,85.0,None,
2024-10-09,Tron-o-matic 2 Pro,NewYork_01,85.0,None,
2024-10-09,Tron-o-matic 2 Pro,NewYork_02,85.0,None,
2024-10-09,Tron-o-matic 2 Pro,Chicago_01,85.0,None,
2024-10-09,Tron-o-matic 2 Pro,Dallas_01,85.0,None,
2024-10-09,Tron-o-matic 2 Pro,Houston_01,85.0,None,
2024-10-09,Tron-o-matic 2 Pro,WashingtonDC_01,85.0,None,
2024-10-09,Tron-o-matic 2 Pro,Atlanta_01,85.0,None,
2024-10-09,Tron-o-matic 2 Pro,Philadelphia_01,85.0,None,
2024-10-09,Tron-o-matic 3,Online_Store,54.44,SMALL_DEAL,
2024-10-09,Tron-o-matic 3,LosAngeles_01,54.44,SMALL_DEAL,
2024-10-09,Tron-o-matic 3,NewYork_01,54.44,SMALL_DEAL,
2024-10-09,Tron-o-matic 3,NewYork_02,54.44,SMALL_DEAL,
2024-10-09,Tron-o-matic 3,Chicago_01,54.44,SMALL_DEAL,
2024-10-09,Tron-o-matic 3,Dallas_01,54.44,SMALL_DEAL,
2024-10-09,Tron-o-matic 3,Houston_01,54.44,SMALL_DEAL,
2024-10-09,Tron-o-matic 3,WashingtonDC_01,54.44,SMALL_DEAL,
2024-10-09,Tron-o-matic 3,Atlanta_01,54.44,SMALL_DEAL,
2024-10-09,Tron-o-matic 3,Philadelphia_01,54.44,SMALL_DEAL,
2024-10-09,Tron-o-matic 3 Pro,Online_Store,81.35,SMALL_DEAL,
2024-10-09,Tron-o-matic 3 Pro,LosAngeles_01,81.35,SMALL_DEAL,
2024-10-09,Tron-o-matic 3 Pro,NewYork_01,81.35,SMALL_DEAL,
2024-10-09,Tron-o-matic 3 Pro,NewYork_02,81.35,SMALL_DEAL,
2024-10-09,Tron-o-matic 3 Pro,Chicago_01,81.35,SMALL_DEAL,
2024-10-09,Tron-o-matic 3 Pro,Dallas_01,81.35,SMALL_DEAL,
2024-10-09,Tron-o-matic 3 Pro,Houston_01,81.35,SMALL_DEAL,
2024-10-09,Tron-o-matic 3 Pro,WashingtonDC_01,81.35,SMALL_DEAL,
2024-10-09,Tron-o-matic 3 Pro,Atlanta_01,81.35,SMALL_DEAL,
2024-10-09,Tron-o-matic 3 Pro,Philadelphia_01,81.35,SMALL_DEAL,
2024-10-09,Tron-o-matic 4,Online_Store,55.01,BIG_DEAL,
2024-10-09,Tron-o-matic 4,LosAngeles_01,55.01,BIG_DEAL,
2024-10-09,Tron-o-matic 4,NewYork_01,55.01,BIG_DEAL,
2024-10-09,Tron-o-matic 4,NewYork_02,55.01,BIG_DEAL,
2024-10-09,Tron-o-matic 4,Chicago_01,55.01,BIG_DEAL,
2024-10-09,Tron-o-matic 4,Dallas_01,55.01,BIG_DEAL,
2024-10-09,Tron-o-matic 4,Houston_01,55.01,BIG_DEAL,
2024-10-09,Tron-o-matic 4,WashingtonDC_01,55.01,BIG_DEAL,
2024-10-09,Tron-o-matic 4,Atlanta_01,55.01,BIG_DEAL,
2024-10-09,Tron-o-matic 4,Philadelphia_01,55.01,BIG_DEAL,
2024-10-09,Tron-o-matic 4 Pro,Online_Store,100.0,None,
2024-10-09,Tron-o-matic 4 Pro,LosAngeles_01,100.0,None,
2024-10-09,Tron-o-matic 4 Pro,NewYork_01,100.0,None,
2024-10-09,Tron-o-matic 4 Pro,NewYork_02,100.0,None,
2024-10-09,Tron-o-matic 4 Pro,Chicago_01,100.0,None,
2024-10-09,Tron-o-matic 4 Pro,Dallas_01,100.0,None,
2024-10-09,Tron-o-matic 4 Pro,Houston_01,100.0,None,
2024-10-09,Tron-o-matic 4 Pro,WashingtonDC_01,100.0,None,
2024-10-09,Tron-o-matic 4 Pro,Atlanta_01,100.0,None,
2024-10-09,Tron-o-matic 4 Pro,Philadelphia_01,100.0,None,
2024-10-09,Tron-o-matic 5,Online_Store,75.42,SMALL_DEAL,
2024-10-09,Tron-o-matic 5,LosAngeles_01,75.42,SMALL_DEAL,
2024-10-09,Tron-o-matic 5,NewYork_01,75.42,SMALL_DEAL,
2024-10-09,Tron-o-matic 5,NewYork_02,75.42,SMALL_DEAL,
2024-10-09,Tron-o-matic 5,Chicago_01,75.42,SMALL_DEAL,
2024-10-09,Tron-o-matic 5,Dallas_01,75.42,SMALL_DEAL,
2024-10-09,Tron-o-matic 5,Houston_01,75.42,SMALL_DEAL,
2024-10-09,Tron-o-matic 5,WashingtonDC_01,75.42,SMALL_DEAL,
2024-10-09,Tron-o-matic 5,Atlanta_01,75.42,SMALL_DEAL,
2024-10-09,Tron-o-matic 5,Philadelphia_01,75.42,SMALL_DEAL,
2024-10-09,Tron-o-matic 5 Pro,Online_Store,95.1,SMALL_DEAL,
2024-10-09,Tron-o-matic 5 Pro,LosAngeles_01,95.1,SMALL_DEAL,
2024-10-09,Tron-o-matic 5 Pro,NewYork_01,95.1,SMALL_DEAL,
2024-10-09,Tron-o-matic 5 Pro,NewYork_02,95.1,SMALL_DEAL,
2024-10-09,Tron-o-matic 5 Pro,Chicago_01,95.1,SMALL_DEAL,
2024-10-09,Tron-o-matic 5 Pro,Dallas_01,95.1,SMALL_DEAL,
2024-10-09,Tron-o-matic 5 Pro,Houston_01,95.1,SMALL_DEAL,
2024-10-09,Tron-o-matic 5 Pro,WashingtonDC_01,95.1,SMALL_DEAL,
2024-10-09,Tron-o-matic 5 Pro,Atlanta_01,95.1,SMALL_DEAL,
2024-10-09,Tron-o-matic 5 Pro,Philadelphia_01,95.1,SMALL_DEAL,
2024-10-10,Tron-o-matic 1,Online_Store,60.0,None,
2024-10-10,Tron-o-matic 1,LosAngeles_01,60.0,None,
2024-10-10,Tron-o-matic 1,NewYork_01,60.0,None,
2024-10-10,Tron-o-matic 1,NewYork_02,60.0,None,
2024-10-10,Tron-o-matic 1,Chicago_01,60.0,None,
2024-10-10,Tron-o-matic 1,Dallas_01,60.0,None,
2024-10-10,Tron-o-matic 1,Houston_01,60.0,None,
2024-10-10,Tron-o-matic 1,WashingtonDC_01,60.0,None,
2024-10-10,Tron-o-matic 1,Atlanta_01,60.0,None,
2024-10-10,Tron-o-matic 1,Philadelphia_01,60.0,None,
2024-10-10,Tron-o-matic 1 Pro,Online_Store,80.0,None,
2024-10-10,Tron-o-matic 1 Pro,LosAngeles_01,80.0,None,
2024-10-10,Tron-o-matic 1 Pro,NewYork_01,80.0,None,
2024-10-10,Tron-o-matic 1 Pro,NewYork_02,80.0,None,
2024-10-10,Tron-o-matic 1 Pro,Chicago_01,80.0,None,
2024-10-10,Tron-o-matic 1 Pro,Dallas_01,80.0,None,
2024-10-10,Tron-o-matic 1 Pro,Houston_01,80.0,None,
2024-10-10,Tron-o-matic 1 Pro,WashingtonDC_01,80.0,None,
2024-10-10,Tron-o-matic 1 Pro,Atlanta_01,80.0,None,
2024-10-10,Tron-o-matic 1 Pro,Philadelphia_01,80.0,None,
2024-10-10,Tron-o-matic 2,Online_Store,47.26,SMALL_DEAL,
2024-10-10,Tron-o-matic 2,LosAngeles_01,47.26,SMALL_DEAL,
2024-10-10,Tron-o-matic 2,NewYork_01,47.26,SMALL_DEAL,
2024-10-10,Tron-o-matic 2,NewYork_02,47.26,SMALL_DEAL,
2024-10-10,Tron-o-matic 2,Chicago_01,47.26,SMALL_DEAL,
2024-10-10,Tron-o-matic 2,Dallas_01,47.26,SMALL_DEAL,
2024-10-10,Tron-o-matic 2,Houston_01,47.26,SMALL_DEAL,
2024-10-10,Tron-o-matic 2,WashingtonDC_01,47.26,SMALL_DEAL,
2024-10-10,Tron-o-matic 2,Atlanta_01,47.26,SMALL_DEAL,
2024-10-10,Tron-o-matic 2,Philadelphia_01,47.26,SMALL_DEAL,
2024-10-10,Tron-o-matic 2 Pro,Online_Store,85.0,None,
2024-10-10,Tron-o-matic 2 Pro,LosAngeles_01,85.0,None,
2024-10-10,Tron-o-matic 2 Pro,NewYork_01,85.0,None,
2024-10-10,Tron-o-matic 2 Pro,NewYork_02,85.0,None,
2024-10-10,Tron-o-matic 2 Pro,Chicago_01,85.0,None,
2024-10-10,Tron-o-matic 2 Pro,Dallas_01,85.0,None,
2024-10-10,Tron-o-matic 2 Pro,Houston_01,85.0,None,
2024-10-10,Tron-o-matic 2 Pro,WashingtonDC_01,85.0,None,
2024-10-10,Tron-o-matic 2 Pro,Atlanta_01,85.0,None,
2024-10-10,Tron-o-matic 2 Pro,Philadelphia_01,85.0,None,
2024-10-10,Tron-o-matic 3,Online_Store,52.09,SMALL_DEAL,
2024-10-10,Tron-o-matic 3,LosAngeles_01,52.09,SMALL_DEAL,
2024-10-10,Tron-o-matic 3,NewYork_01,52.09,SMALL_DEAL,
2024-10-10,Tron-o-matic 3,NewYork_02,52.09,SMALL_DEAL,
2024-10-10,Tron-o-matic 3,Chicago_01,52.09,SMALL_DEAL,
2024-10-10,Tron-o-matic 3,Dallas_01,52.09,SMALL_DEAL,
2024-10-10,Tron-o-matic 3,Houston_01,52.09,SMALL_DEAL,
2024-10-10,Tron-o-matic 3,WashingtonDC_01,52.09,SMALL_DEAL,
2024-10-10,Tron-o-matic 3,Atlanta_01,52.09,SMALL_DEAL,
2024-10-10,Tron-o-matic 3,Philadelphia_01,52.09,SMALL_DEAL,
2024-10-10,Tron-o-matic 3 Pro,Online_Store,90.0,None,
2024-10-10,Tron-o-matic 3 Pro,LosAngeles_01,90.0,None,
2024-10-10,Tron-o-matic 3 Pro,NewYork_01,90.0,None,
2024-10-10,Tron-o-matic 3 Pro,NewYork_02,90.0,None,
2024-10-10,Tron-o-matic 3 Pro,Chicago_01,90.0,None,
2024-10-10,Tron-o-matic 3 Pro,Dallas_01,90.0,None,
2024-10-10,Tron-o-matic 3 Pro,Houston_01,90.0,None,
2024-10-10,Tron-o-matic 3 Pro,WashingtonDC_01,90.0,None,
2024-10-10,Tron-o-matic 3 Pro,Atlanta_01,90.0,None,
2024-10-10,Tron-o-matic 3 Pro,Philadelphia_01,90.0,None,
2024-10-10,Tron-o-matic 4,Online_Store,75.0,None,
2024-10-10,Tron-o-matic 4,LosAngeles_01,75.0,None,
2024-10-10,Tron-o-matic 4,NewYork_01,75.0,None,
2024-10-10,Tron-o-matic 4,NewYork_02,75.0,None,
2024-10-10,Tron-o-matic 4,Chicago_01,75.0,None,
2024-10-10,Tron-o-matic 4,Dallas_01,75.0,None,
2024-10-10,Tron-o-matic 4,Houston_01,75.0,None,
2024-10-10,Tron-o-matic 4,WashingtonDC_01,75.0,None,
2024-10-10,Tron-o-matic 4,Atlanta_01,75.0,None,
2024-10-10,Tron-o-matic 4,Philadelphia_01,75.0,None,
2024-10-10,Tron-o-matic 4 Pro,Online_Store,93.91,SMALL_DEAL,
2024-10-10,Tron-o-matic 4 Pro,LosAngeles_01,93.91,SMALL_DEAL,
2024-10-10,Tron-o-matic 4 Pro,NewYork_01,93.91,SMALL_DEAL,
2024-10-10,Tron-o-matic 4 Pro,NewYork_02,93.91,SMALL_DEAL,
2024-10-10,Tron-o-matic 4 Pro,Chicago_01,93.91,SMALL_DEAL,
2024-10-10,Tron-o-matic 4 Pro,Dallas_01,93.91,SMALL_DEAL,
2024-10-10,Tron-o-matic 4 Pro,Houston_01,93.91,SMALL_DEAL,
2024-10-10,Tron-o-matic 4 Pro,WashingtonDC_01,93.91,SMALL_DEAL,
2024-10-10,Tron-o-matic 4 Pro,Atlanta_01,93.91,SMALL_DEAL,
2024-10-10,Tron-o-matic 4 Pro,Philadelphia_01,93.91,SMALL_DEAL,
2024-10-10,Tron-o-matic 5,Online_Store,80.0,None,
2024-10-10,Tron-o-matic 5,LosAngeles_01,80.0,None,
2024-10-10,Tron-o-matic 5,NewYork_01,80.0,None,
2024-10-10,Tron-o-matic 5,NewYork_02,80.0,None,
2024-10-10,Tron-o-matic 5,Chicago_01,80.0,None,
2024-10-10,Tron-o-matic 5,Dallas_01,80.0,None,
2024-10-10,Tron-o-matic 5,Houston_01,80.0,None,
2024-10-10,Tron-o-matic 5,WashingtonDC_01,80.0,None,
2024-10-10,Tron-o-matic 5,Atlanta_01,80.0,None,
2024-10-10,Tron-o-matic 5,Philadelphia_01,80.0,None,
2024-10-10,Tron-o-matic 5 Pro,Online_Store,104.39,SMALL_DEAL,
2024-10-10,Tron-o-matic 5 Pro,LosAngeles_01,104.39,SMALL_DEAL,
2024-10-10,Tron-o-matic 5 Pro,NewYork_01,104.39,SMALL_DEAL,
2024-10-10,Tron-o-matic 5 Pro,NewYork_02,104.39,SMALL_DEAL,
2024-10-10,Tron-o-matic 5 Pro,Chicago_01,104.39,SMALL_DEAL,
2024-10-10,Tron-o-matic 5 Pro,Dallas_01,104.39,SMALL_DEAL,
2024-10-10,Tron-o-matic 5 Pro,Houston_01,104.39,SMALL_DEAL,
2024-10-10,Tron-o-matic 5 Pro,WashingtonDC_01,104.39,SMALL_DEAL,
2024-10-10,Tron-o-matic 5 Pro,Atlanta_01,104.39,SMALL_DEAL,
2024-10-10,Tron-o-matic 5 Pro,Philadelphia_01,104.39,SMALL_DEAL,
2024-10-11,Tron-o-matic 1,Online_Store,60.0,None,
2024-10-11,Tron-o-matic 1,LosAngeles_01,60.0,None,
2024-10-11,Tron-o-matic 1,NewYork_01,60.0,None,
2024-10-11,Tron-o-matic 1,NewYork_02,60.0,None,
2024-10-11,Tron-o-matic 1,Chicago_01,60.0,None,
2024-10-11,Tron-o-matic 1,Dallas_01,60.0,None,
2024-10-11,Tron-o-matic 1,Houston_01,60.0,None,
2024-10-11,Tron-o-matic 1,WashingtonDC_01,60.0,None,
2024-10-11,Tron-o-matic 1,Atlanta_01,60.0,None,
2024-10-11,Tron-o-matic 1,Philadelphia_01,60.0,None,
2024-10-11,Tron-o-matic 1 Pro,Online_Store,63.54,BIG_DEAL,
2024-10-11,Tron-o-matic 1 Pro,LosAngeles_01,63.54,BIG_DEAL,
2024-10-11,Tron-o-matic 1 Pro,NewYork_01,63.54,BIG_DEAL,
2024-10-11,Tron-o-matic 1 Pro,NewYork_02,63.54,BIG_DEAL,
2024-10-11,Tron-o-matic 1 Pro,Chicago_01,63.54,BIG_DEAL,
2024-10-11,Tron-o-matic 1 Pro,Dallas_01,63.54,BIG_DEAL,
2024-10-11,Tron-o-matic 1 Pro,Houston_01,63.54,BIG_DEAL,
2024-10-11,Tron-o-matic 1 Pro,WashingtonDC_01,63.54,BIG_DEAL,
2024-10-11,Tron-o-matic 1 Pro,Atlanta_01,63.54,BIG_DEAL,
2024-10-11,Tron-o-matic 1 Pro,Philadelphia_01,63.54,BIG_DEAL,
2024-10-11,Tron-o-matic 2,Online_Store,38.8,BIG_DEAL,
2024-10-11,Tron-o-matic 2,LosAngeles_01,38.8,BIG_DEAL,
2024-10-11,Tron-o-matic 2,NewYork_01,38.8,BIG_DEAL,
2024-10-11,Tron-o-matic 2,NewYork_02,38.8,BIG_DEAL,
2024-10-11,Tron-o-matic 2,Chicago_01,38.8,BIG_DEAL,
2024-10-11,Tron-o-matic 2,Dallas_01,38.8,BIG_DEAL,
2024-10-11,Tron-o-matic 2,Houston_01,38.8,BIG_DEAL,
2024-10-11,Tron-o-matic 2,WashingtonDC_01,38.8,BIG_DEAL,
2024-10-11,Tron-o-matic 2,Atlanta_01,38.8,BIG_DEAL,
2024-10-11,Tron-o-matic 2,Philadelphia_01,38.8,BIG_DEAL,
2024-10-11,Tron-o-matic 2 Pro,Online_Store,80.21,SMALL_DEAL,
2024-10-11,Tron-o-matic 2 Pro,LosAngeles_01,80.21,SMALL_DEAL,
2024-10-11,Tron-o-matic 2 Pro,NewYork_01,80.21,SMALL_DEAL,
2024-10-11,Tron-o-matic 2 Pro,NewYork_02,80.21,SMALL_DEAL,
2024-10-11,Tron-o-matic 2 Pro,Chicago_01,80.21,SMALL_DEAL,
2024-10-11,Tron-o-matic 2 Pro,Dallas_01,80.21,SMALL_DEAL,
2024-10-11,Tron-o-matic 2 Pro,Houston_01,80.21,SMALL_DEAL,
2024-10-11,Tron-o-matic 2 Pro,WashingtonDC_01,80.21,SMALL_DEAL,
2024-10-11,Tron-o-matic 2 Pro,Atlanta_01,80.21,SMALL_DEAL,
2024-10-11,Tron-o-matic 2 Pro,Philadelphia_01,80.21,SMALL_DEAL,
2024-10-11,Tron-o-matic 3,Online_Store,43.32,BIG_DEAL,
2024-10-11,Tron-o-matic 3,LosAngeles_01,43.32,BIG_DEAL,
2024-10-11,Tron-o-matic 3,NewYork_01,43.32,BIG_DEAL,
2024-10-11,Tron-o-matic 3,NewYork_02,43.32,BIG_DEAL,
2024-10-11,Tron-o-matic 3,Chicago_01,43.32,BIG_DEAL,
2024-10-11,Tron-o-matic 3,Dallas_01,43.32,BIG_DEAL,
2024-10-11,Tron-o-matic 3,Houston_01,43.32,BIG_DEAL,
2024-10-11,Tron-o-matic 3,WashingtonDC_01,43.32,BIG_DEAL,
2024-10-11,Tron-o-matic 3,Atlanta_01,43.32,BIG_DEAL,
2024-10-11,Tron-o-matic 3,Philadelphia_01,43.32,BIG_DEAL,
2024-10-11,Tron-o-matic 3 Pro,Online_Store,90.0,None,
2024-10-11,Tron-o-matic 3 Pro,LosAngeles_01,90.0,None,
2024-10-11,Tron-o-matic 3 Pro,NewYork_01,90.0,None,
2024-10-11,Tron-o-matic 3 Pro,NewYork_02,90.0,None,
2024-10-11,Tron-o-matic 3 Pro,Chicago_01,90.0,None,
2024-10-11,Tron-o-matic 3 Pro,Dallas_01,90.0,None,
2024-10-11,Tron-o-matic 3 Pro,Houston_01,90.0,None,
2024-10-11,Tron-o-matic 3 Pro,WashingtonDC_01,90.0,None,
2024-10-11,Tron-o-matic 3 Pro,Atlanta_01,90.0,None,
2024-10-11,Tron-o-matic 3 Pro,Philadelphia_01,90.0,None,
2024-10-11,Tron-o-matic 4,Online_Store,75.0,None,
2024-10-11,Tron-o-matic 4,LosAngeles_01,75.0,None,
2024-10-11,Tron-o-matic 4,NewYork_01,75.0,None,
2024-10-11,Tron-o-matic 4,NewYork_02,75.0,None,
2024-10-11,Tron-o-matic 4,Chicago_01,75.0,None,
2024-10-11,Tron-o-matic 4,Dallas_01,75.0,None,
2024-10-11,Tron-o-matic 4,Houston_01,75.0,None,
2024-10-11,Tron-o-matic 4,WashingtonDC_01,75.0,None,
2024-10-11,Tron-o-matic 4,Atlanta_01,75.0,None,
2024-10-11,Tron-o-matic 4,Philadelphia_01,75.0,None,
2024-10-11,Tron-o-matic 4 Pro,Online_Store,100.0,None,
2024-10-11,Tron-o-matic 4 Pro,LosAngeles_01,100.0,None,
2024-10-11,Tron-o-matic 4 Pro,NewYork_01,100.0,None,
2024-10-11,Tron-o-matic 4 Pro,NewYork_02,100.0,None,
2024-10-11,Tron-o-matic 4 Pro,Chicago_01,100.0,None,
2024-10-11,Tron-o-matic 4 Pro,Dallas_01,100.0,None,
2024-10-11,Tron-o-matic 4 Pro,Houston_01,100.0,None,
2024-10-11,Tron-o-matic 4 Pro,WashingtonDC_01,100.0,None,
2024-10-11,Tron-o-matic 4 Pro,Atlanta_01,100.0,None,
2024-10-11,Tron-o-matic 4 Pro,Philadelphia_01,100.0,None,
2024-10-11,Tron-o-matic 5,Online_Store,63.97,BIG_DEAL,
2024-10-11,Tron-o-matic 5,LosAngeles_01,63.97,BIG_DEAL,
2024-10-11,Tron-o-matic 5,NewYork_01,63.97,BIG_DEAL,
2024-10-11,Tron-o-matic 5,NewYork_02,63.97,BIG_DEAL,
2024-10-11,Tron-o-matic 5,Chicago_01,63.97,BIG_DEAL,
2024-10-11,Tron-o-matic 5,Dallas_01,63.97,BIG_DEAL,
2024-10-11,Tron-o-matic 5,Houston_01,63.97,BIG_DEAL,
2024-10-11,Tron-o-matic 5,WashingtonDC_01,63.97,BIG_DEAL,
2024-10-11,Tron-o-matic 5,Atlanta_01,63.97,BIG_DEAL,
2024-10-11,Tron-o-matic 5,Philadelphia_01,63.97,BIG_DEAL,
2024-10-11,Tron-o-matic 5 Pro,Online_Store,110.0,None,
2024-10-11,Tron-o-matic 5 Pro,LosAngeles_01,110.0,None,
2024-10-11,Tron-o-matic 5 Pro,NewYork_01,110.0,None,
2024-10-11,Tron-o-matic 5 Pro,NewYork_02,110.0,None,
2024-10-11,Tron-o-matic 5 Pro,Chicago_01,110.0,None,
2024-10-11,Tron-o-matic 5 Pro,Dallas_01,110.0,None,
2024-10-11,Tron-o-matic 5 Pro,Houston_01,110.0,None,
2024-10-11,Tron-o-matic 5 Pro,WashingtonDC_01,110.0,None,
2024-10-11,Tron-o-matic 5 Pro,Atlanta_01,110.0,None,
2024-10-11,Tron-o-matic 5 Pro,Philadelphia_01,110.0,None,
2024-10-12,Tron-o-matic 1,Online_Store,54.96,SMALL_DEAL,
2024-10-12,Tron-o-matic 1,LosAngeles_01,54.96,SMALL_DEAL,
2024-10-12,Tron-o-matic 1,NewYork_01,54.96,SMALL_DEAL,
2024-10-12,Tron-o-matic 1,NewYork_02,54.96,SMALL_DEAL,
2024-10-12,Tron-o-matic 1,Chicago_01,54.96,SMALL_DEAL,
2024-10-12,Tron-o-matic 1,Dallas_01,54.96,SMALL_DEAL,
2024-10-12,Tron-o-matic 1,Houston_01,54.96,SMALL_DEAL,
2024-10-12,Tron-o-matic 1,WashingtonDC_01,54.96,SMALL_DEAL,
2024-10-12,Tron-o-matic 1,Atlanta_01,54.96,SMALL_DEAL,
2024-10-12,Tron-o-matic 1,Philadelphia_01,54.96,SMALL_DEAL,
2024-10-12,Tron-o-matic 1 Pro,Online_Store,80.0,None,
2024-10-12,Tron-o-matic 1 Pro,LosAngeles_01,80.0,None,
2024-10-12,Tron-o-matic 1 Pro,NewYork_01,80.0,None,
2024-10-12,Tron-o-matic 1 Pro,NewYork_02,80.0,None,
2024-10-12,Tron-o-matic 1 Pro,Chicago_01,80.0,None,
2024-10-12,Tron-o-matic 1 Pro,Dallas_01,80.0,None,
2024-10-12,Tron-o-matic 1 Pro,Houston_01,80.0,None,
2024-10-12,Tron-o-matic 1 Pro,WashingtonDC_01,80.0,None,
2024-10-12,Tron-o-matic 1 Pro,Atlanta_01,80.0,None,
2024-10-12,Tron-o-matic 1 Pro,Philadelphia_01,80.0,None,
2024-10-12,Tron-o-matic 2,Online_Store,55.0,None,
2024-10-12,Tron-o-matic 2,LosAngeles_01,55.0,None,
2024-10-12,Tron-o-matic 2,NewYork_01,55.0,None,
2024-10-12,Tron-o-matic 2,NewYork_02,55.0,None,
2024-10-12,Tron-o-matic 2,Chicago_01,55.0,None,
2024-10-12,Tron-o-matic 2,Dallas_01,55.0,None,
2024-10-12,Tron-o-matic 2,Houston_01,55.0,None,
2024-10-12,Tron-o-matic 2,WashingtonDC_01,55.0,None,
2024-10-12,Tron-o-matic 2,Atlanta_01,55.0,None,
2024-10-12,Tron-o-matic 2,Philadelphia_01,55.0,None,
2024-10-12,Tron-o-matic 2 Pro,Online_Store,85.0,None,
2024-10-12,Tron-o-matic 2 Pro,LosAngeles_01,85.0,None,
2024-10-12,Tron-o-matic 2 Pro,NewYork_01,85.0,None,
2024-10-12,Tron-o-matic 2 Pro,NewYork_02,85.0,None,
2024-10-12,Tron-o-matic 2 Pro,Chicago_01,85.0,None,
2024-10-12,Tron-o-matic 2 Pro,Dallas_01,85.0,None,
2024-10-12,Tron-o-matic 2 Pro,Houston_01,85.0,None,
2024-10-12,Tron-o-matic 2 Pro,WashingtonDC_01,85.0,None,
2024-10-12,Tron-o-matic 2 Pro,Atlanta_01,85.0,None,
2024-10-12,Tron-o-matic 2 Pro,Philadelphia_01,85.0,None,
2024-10-12,Tron-o-matic 3,Online_Store,60.0,None,
2024-10-12,Tron-o-matic 3,LosAngeles_01,60.0,None,
2024-10-12,Tron-o-matic 3,NewYork_01,60.0,None,
2024-10-12,Tron-o-matic 3,NewYork_02,60.0,None,
2024-10-12,Tron-o-matic 3,Chicago_01,60.0,None,
2024-10-12,Tron-o-matic 3,Dallas_01,60.0,None,
2024-10-12,Tron-o-matic 3,Houston_01,60.0,None,
2024-10-12,Tron-o-matic 3,WashingtonDC_01,60.0,None,
2024-10-12,Tron-o-matic 3,Atlanta_01,60.0,None,
2024-10-12,Tron-o-matic 3,Philadelphia_01,60.0,None,
2024-10-12,Tron-o-matic 3 Pro,Online_Store,90.0,None,
2024-10-12,Tron-o-matic 3 Pro,LosAngeles_01,90.0,None,
2024-10-12,Tron-o-matic 3 Pro,NewYork_01,90.0,None,
2024-10-12,Tron-o-matic 3 Pro,NewYork_02,90.0,None,
2024-10-12,Tron-o-matic 3 Pro,Chicago_01,90.0,None,
2024-10-12,Tron-o-matic 3 Pro,Dallas_01,90.0,None,
2024-10-12,Tron-o-matic 3 Pro,Houston_01,90.0,None,
2024-10-12,Tron-o-matic 3 Pro,WashingtonDC_01,90.0,None,
2024-10-12,Tron-o-matic 3 Pro,Atlanta_01,90.0,None,
2024-10-12,Tron-o-matic 3 Pro,Philadelphia_01,90.0,None,
2024-10-12,Tron-o-matic 4,Online_Store,66.95,SMALL_DEAL,
2024-10-12,Tron-o-matic 4,LosAngeles_01,66.95,SMALL_DEAL,
2024-10-12,Tron-o-matic 4,NewYork_01,66.95,SMALL_DEAL,
2024-10-12,Tron-o-matic 4,NewYork_02,66.95,SMALL_DEAL,
2024-10-12,Tron-o-matic 4,Chicago_01,66.95,SMALL_DEAL,
2024-10-12,Tron-o-matic 4,Dallas_01,66.95,SMALL_DEAL,
2024-10-12,Tron-o-matic 4,Houston_01,66.95,SMALL_DEAL,
2024-10-12,Tron-o-matic 4,WashingtonDC_01,66.95,SMALL_DEAL,
2024-10-12,Tron-o-matic 4,Atlanta_01,66.95,SMALL_DEAL,
2024-10-12,Tron-o-matic 4,Philadelphia_01,66.95,SMALL_DEAL,
2024-10-12,Tron-o-matic 4 Pro,Online_Store,92.82,SMALL_DEAL,
2024-10-12,Tron-o-matic 4 Pro,LosAngeles_01,92.82,SMALL_DEAL,
2024-10-12,Tron-o-matic 4 Pro,NewYork_01,92.82,SMALL_DEAL,
2024-10-12,Tron-o-matic 4 Pro,NewYork_02,92.82,SMALL_DEAL,
2024-10-12,Tron-o-matic 4 Pro,Chicago_01,92.82,SMALL_DEAL,
2024-10-12,Tron-o-matic 4 Pro,Dallas_01,92.82,SMALL_DEAL,
2024-10-12,Tron-o-matic 4 Pro,Houston_01,92.82,SMALL_DEAL,
2024-10-12,Tron-o-matic 4 Pro,WashingtonDC_01,92.82,SMALL_DEAL,
2024-10-12,Tron-o-matic 4 Pro,Atlanta_01,92.82,SMALL_DEAL,
2024-10-12,Tron-o-matic 4 Pro,Philadelphia_01,92.82,SMALL_DEAL,
2024-10-12,Tron-o-matic 5,Online_Store,80.0,None,
2024-10-12,Tron-o-matic 5,LosAngeles_01,80.0,None,
2024-10-12,Tron-o-matic 5,NewYork_01,80.0,None,
2024-10-12,Tron-o-matic 5,NewYork_02,80.0,None,
2024-10-12,Tron-o-matic 5,Chicago_01,80.0,None,
2024-10-12,Tron-o-matic 5,Dallas_01,80.0,None,
2024-10-12,Tron-o-matic 5,Houston_01,80.0,None,
2024-10-12,Tron-o-matic 5,WashingtonDC_01,80.0,None,
2024-10-12,Tron-o-matic 5,Atlanta_01,80.0,None,
2024-10-12,Tron-o-matic 5,Philadelphia_01,80.0,None,
2024-10-12,Tron-o-matic 5 Pro,Online_Store,110.0,None,
2024-10-12,Tron-o-matic 5 Pro,LosAngeles_01,110.0,None,
2024-10-12,Tron-o-matic 5 Pro,NewYork_01,110.0,None,
2024-10-12,Tron-o-matic 5 Pro,NewYork_02,110.0,None,
2024-10-12,Tron-o-matic 5 Pro,Chicago_01,110.0,None,
2024-10-12,Tron-o-matic 5 Pro,Dallas_01,110.0,None,
2024-10-12,Tron-o-matic 5 Pro,Houston_01,110.0,None,
2024-10-12,Tron-o-matic 5 Pro,WashingtonDC_01,110.0,None,
2024-10-12,Tron-o-matic 5 Pro,Atlanta_01,110.0,None,
2024-10-12,Tron-o-matic 5 Pro,Philadelphia_01,110.0,None,
2024-10-13,Tron-o-matic 1,Online_Store,60.0,None,
2024-10-13,Tron-o-matic 1,LosAngeles_01,60.0,None,
2024-10-13,Tron-o-matic 1,NewYork_01,60.0,None,
2024-10-13,Tron-o-matic 1,NewYork_02,60.0,None,
2024-10-13,Tron-o-matic 1,Chicago_01,60.0,None,
2024-10-13,Tron-o-matic 1,Dallas_01,60.0,None,
2024-10-13,Tron-o-matic 1,Houston_01,60.0,None,
2024-10-13,Tron-o-matic 1,WashingtonDC_01,60.0,None,
2024-10-13,Tron-o-matic 1,Atlanta_01,60.0,None,
2024-10-13,Tron-o-matic 1,Philadelphia_01,60.0,None,
2024-10-13,Tron-o-matic 1 Pro,Online_Store,60.78,BIG_DEAL,
2024-10-13,Tron-o-matic 1 Pro,LosAngeles_01,60.78,BIG_DEAL,
2024-10-13,Tron-o-matic 1 Pro,NewYork_01,60.78,BIG_DEAL,
2024-10-13,Tron-o-matic 1 Pro,NewYork_02,60.78,BIG_DEAL,
2024-10-13,Tron-o-matic 1 Pro,Chicago_01,60.78,BIG_DEAL,
2024-10-13,Tron-o-matic 1 Pro,Dallas_01,60.78,BIG_DEAL,
2024-10-13,Tron-o-matic 1 Pro,Houston_01,60.78,BIG_DEAL,
2024-10-13,Tron-o-matic 1 Pro,WashingtonDC_01,60.78,BIG_DEAL,
2024-10-13,Tron-o-matic 1 Pro,Atlanta_01,60.78,BIG_DEAL,
2024-10-13,Tron-o-matic 1 Pro,Philadelphia_01,60.78,BIG_DEAL,
2024-10-13,Tron-o-matic 2,Online_Store,55.0,None,
2024-10-13,Tron-o-matic 2,LosAngeles_01,55.0,None,
2024-10-13,Tron-o-matic 2,NewYork_01,55.0,None,
2024-10-13,Tron-o-matic 2,NewYork_02,55.0,None,
2024-10-13,Tron-o-matic 2,Chicago_01,55.0,None,
2024-10-13,Tron-o-matic 2,Dallas_01,55.0,None,
2024-10-13,Tron-o-matic 2,Houston_01,55.0,None,
2024-10-13,Tron-o-matic 2,WashingtonDC_01,55.0,None,
2024-10-13,Tron-o-matic 2,Atlanta_01,55.0,None,
2024-10-13,Tron-o-matic 2,Philadelphia_01,55.0,None,
2024-10-13,Tron-o-matic 2 Pro,Online_Store,85.0,None,
2024-10-13,Tron-o-matic 2 Pro,LosAngeles_01,85.0,None,
2024-10-13,Tron-o-matic 2 Pro,NewYork_01,85.0,None,
2024-10-13,Tron-o-matic 2 Pro,NewYork_02,85.0,None,
2024-10-13,Tron-o-matic 2 Pro,Chicago_01,85.0,None,
2024-10-13,Tron-o-matic 2 Pro,Dallas_01,85.0,None,
2024-10-13,Tron-o-matic 2 Pro,Houston_01,85.0,None,
2024-10-13,Tron-o-matic 2 Pro,WashingtonDC_01,85.0,None,
2024-10-13,Tron-o-matic 2 Pro,Atlanta_01,85.0,None,
2024-10-13,Tron-o-matic 2 Pro,Philadelphia_01,85.0,None,
2024-10-13,Tron-o-matic 3,Online_Store,60.0,None,
2024-10-13,Tron-o-matic 3,LosAngeles_01,60.0,None,
2024-10-13,Tron-o-matic 3,NewYork_01,60.0,None,
2024-10-13,Tron-o-matic 3,NewYork_02,60.0,None,
2024-10-13,Tron-o-matic 3,Chicago_01,60.0,None,
2024-10-13,Tron-o-matic 3,Dallas_01,60.0,None,
2024-10-13,Tron-o-matic 3,Houston_01,60.0,None,
2024-10-13,Tron-o-matic 3,WashingtonDC_01,60.0,None,
2024-10-13,Tron-o-matic 3,Atlanta_01,60.0,None,
2024-10-13,Tron-o-matic 3,Philadelphia_01,60.0,None,
2024-10-13,Tron-o-matic 3 Pro,Online_Store,90.0,None,
2024-10-13,Tron-o-matic 3 Pro,LosAngeles_01,90.0,None,
2024-10-13,Tron-o-matic 3 Pro,NewYork_01,90.0,None,
2024-10-13,Tron-o-matic 3 Pro,NewYork_02,90.0,None,
2024-10-13,Tron-o-matic 3 Pro,Chicago_01,90.0,None,
2024-10-13,Tron-o-matic 3 Pro,Dallas_01,90.0,None,
2024-10-13,Tron-o-matic 3 Pro,Houston_01,90.0,None,
2024-10-13,Tron-o-matic 3 Pro,WashingtonDC_01,90.0,None,
2024-10-13,Tron-o-matic 3 Pro,Atlanta_01,90.0,None,
2024-10-13,Tron-o-matic 3 Pro,Philadelphia_01,90.0,None,
2024-10-13,Tron-o-matic 4,Online_Store,75.0,None,
2024-10-13,Tron-o-matic 4,LosAngeles_01,75.0,None,
2024-10-13,Tron-o-matic 4,NewYork_01,75.0,None,
2024-10-13,Tron-o-matic 4,NewYork_02,75.0,None,
2024-10-13,Tron-o-matic 4,Chicago_01,75.0,None,
2024-10-13,Tron-o-matic 4,Dallas_01,75.0,None,
2024-10-13,Tron-o-matic 4,Houston_01,75.0,None,
2024-10-13,Tron-o-matic 4,WashingtonDC_01,75.0,None,
2024-10-13,Tron-o-matic 4,Atlanta_01,75.0,None,
2024-10-13,Tron-o-matic 4,Philadelphia_01,75.0,None,
2024-10-13,Tron-o-matic 4 Pro,Online_Store,85.77,SMALL_DEAL,
2024-10-13,Tron-o-matic 4 Pro,LosAngeles_01,85.77,SMALL_DEAL,
2024-10-13,Tron-o-matic 4 Pro,NewYork_01,85.77,SMALL_DEAL,
2024-10-13,Tron-o-matic 4 Pro,NewYork_02,85.77,SMALL_DEAL,
2024-10-13,Tron-o-matic 4 Pro,Chicago_01,85.77,SMALL_DEAL,
2024-10-13,Tron-o-matic 4 Pro,Dallas_01,85.77,SMALL_DEAL,
2024-10-13,Tron-o-matic 4 Pro,Houston_01,85.77,SMALL_DEAL,
2024-10-13,Tron-o-matic 4 Pro,WashingtonDC_01,85.77,SMALL_DEAL,
2024-10-13,Tron-o-matic 4 Pro,Atlanta_01,85.77,SMALL_DEAL,
2024-10-13,Tron-o-matic 4 Pro,Philadelphia_01,85.77,SMALL_DEAL,
2024-10-13,Tron-o-matic 5,Online_Store,70.32,SMALL_DEAL,
2024-10-13,Tron-o-matic 5,LosAngeles_01,70.32,SMALL_DEAL,
2024-10-13,Tron-o-matic 5,NewYork_01,70.32,SMALL_DEAL,
2024-10-13,Tron-o-matic 5,NewYork_02,70.32,SMALL_DEAL,
2024-10-13,Tron-o-matic 5,Chicago_01,70.32,SMALL_DEAL,
2024-10-13,Tron-o-matic 5,Dallas_01,70.32,SMALL_DEAL,
2024-10-13,Tron-o-matic 5,Houston_01,70.32,SMALL_DEAL,
2024-10-13,Tron-o-matic 5,WashingtonDC_01,70.32,SMALL_DEAL,
2024-10-13,Tron-o-matic 5,Atlanta_01,70.32,SMALL_DEAL,
2024-10-13,Tron-o-matic 5,Philadelphia_01,70.32,SMALL_DEAL,
2024-10-13,Tron-o-matic 5 Pro,Online_Store,110.0,None,
2024-10-13,Tron-o-matic 5 Pro,LosAngeles_01,110.0,None,
2024-10-13,Tron-o-matic 5 Pro,NewYork_01,110.0,None,
2024-10-13,Tron-o-matic 5 Pro,NewYork_02,110.0,None,
2024-10-13,Tron-o-matic 5 Pro,Chicago_01,110.0,None,
2024-10-13,Tron-o-matic 5 Pro,Dallas_01,110.0,None,
2024-10-13,Tron-o-matic 5 Pro,Houston_01,110.0,None,
2024-10-13,Tron-o-matic 5 Pro,WashingtonDC_01,110.0,None,
2024-10-13,Tron-o-matic 5 Pro,Atlanta_01,110.0,None,
2024-10-13,Tron-o-matic 5 Pro,Philadelphia_01,110.0,None,
2024-10-14,Tron-o-matic 1,Online_Store,60.0,None,
2024-10-14,Tron-o-matic 1,LosAngeles_01,60.0,None,
2024-10-14,Tron-o-matic 1,NewYork_01,60.0,None,
2024-10-14,Tron-o-matic 1,NewYork_02,60.0,None,
2024-10-14,Tron-o-matic 1,Chicago_01,60.0,None,
2024-10-14,Tron-o-matic 1,Dallas_01,60.0,None,
2024-10-14,Tron-o-matic 1,Houston_01,60.0,None,
2024-10-14,Tron-o-matic 1,WashingtonDC_01,60.0,None,
2024-10-14,Tron-o-matic 1,Atlanta_01,60.0,None,
2024-10-14,Tron-o-matic 1,Philadelphia_01,60.0,None,
2024-10-14,Tron-o-matic 1 Pro,Online_Store,80.0,None,
2024-10-14,Tron-o-matic 1 Pro,LosAngeles_01,80.0,None,
2024-10-14,Tron-o-matic 1 Pro,NewYork_01,80.0,None,
2024-10-14,Tron-o-matic 1 Pro,NewYork_02,80.0,None,
2024-10-14,Tron-o-matic 1 Pro,Chicago_01,80.0,None,
2024-10-14,Tron-o-matic 1 Pro,Dallas_01,80.0,None,
2024-10-14,Tron-o-matic 1 Pro,Houston_01,80.0,None,
2024-10-14,Tron-o-matic 1 Pro,WashingtonDC_01,80.0,None,
2024-10-14,Tron-o-matic 1 Pro,Atlanta_01,80.0,None,
2024-10-14,Tron-o-matic 1 Pro,Philadelphia_01,80.0,None,
2024-10-14,Tron-o-matic 2,Online_Store,55.0,None,
2024-10-14,Tron-o-matic 2,LosAngeles_01,55.0,None,
2024-10-14,Tron-o-matic 2,NewYork_01,55.0,None,
2024-10-14,Tron-o-matic 2,NewYork_02,55.0,None,
2024-10-14,Tron-o-matic 2,Chicago_01,55.0,None,
2024-10-14,Tron-o-matic 2,Dallas_01,55.0,None,
2024-10-14,Tron-o-matic 2,Houston_01,55.0,None,
2024-10-14,Tron-o-matic 2,WashingtonDC_01,55.0,None,
2024-10-14,Tron-o-matic 2,Atlanta_01,55.0,None,
2024-10-14,Tron-o-matic 2,Philadelphia_01,55.0,None,
2024-10-14,Tron-o-matic 2 Pro,Online_Store,85.0,None,
2024-10-14,Tron-o-matic 2 Pro,LosAngeles_01,85.0,None,
2024-10-14,Tron-o-matic 2 Pro,NewYork_01,85.0,None,
2024-10-14,Tron-o-matic 2 Pro,NewYork_02,85.0,None,
2024-10-14,Tron-o-matic 2 Pro,Chicago_01,85.0,None,
2024-10-14,Tron-o-matic 2 Pro,Dallas_01,85.0,None,
2024-10-14,Tron-o-matic 2 Pro,Houston_01,85.0,None,
2024-10-14,Tron-o-matic 2 Pro,WashingtonDC_01,85.0,None,
2024-10-14,Tron-o-matic 2 Pro,Atlanta_01,85.0,None,
2024-10-14,Tron-o-matic 2 Pro,Philadelphia_01,85.0,None,
2024-10-14,Tron-o-matic 3,Online_Store,42.34,BIG_DEAL,
2024-10-14,Tron-o-matic 3,LosAngeles_01,42.34,BIG_DEAL,
2024-10-14,Tron-o-matic 3,NewYork_01,42.34,BIG_DEAL,
2024-10-14,Tron-o-matic 3,NewYork_02,42.34,BIG_DEAL,
2024-10-14,Tron-o-matic 3,Chicago_01,42.34,BIG_DEAL,
2024-10-14,Tron-o-matic 3,Dallas_01,42.34,BIG_DEAL,
2024-10-14,Tron-o-matic 3,Houston_01,42.34,BIG_DEAL,
2024-10-14,Tron-o-matic 3,WashingtonDC_01,42.34,BIG_DEAL,
2024-10-14,Tron-o-matic 3,Atlanta_01,42.34,BIG_DEAL,
2024-10-14,Tron-o-matic 3,Philadelphia_01,42.34,BIG_DEAL,
2024-10-14,Tron-o-matic 3 Pro,Online_Store,90.0,None,
2024-10-14,Tron-o-matic 3 Pro,LosAngeles_01,90.0,None,
2024-10-14,Tron-o-matic 3 Pro,NewYork_01,90.0,None,
2024-10-14,Tron-o-matic 3 Pro,NewYork_02,90.0,None,
2024-10-14,Tron-o-matic 3 Pro,Chicago_01,90.0,None,
2024-10-14,Tron-o-matic 3 Pro,Dallas_01,90.0,None,
2024-10-14,Tron-o-matic 3 Pro,Houston_01,90.0,None,
2024-10-14,Tron-o-matic 3 Pro,WashingtonDC_01,90.0,None,
2024-10-14,Tron-o-matic 3 Pro,Atlanta_01,90.0,None,
2024-10-14,Tron-o-matic 3 Pro,Philadelphia_01,90.0,None,
2024-10-14,Tron-o-matic 4,Online_Store,67.63,SMALL_DEAL,
2024-10-14,Tron-o-matic 4,LosAngeles_01,67.63,SMALL_DEAL,
2024-10-14,Tron-o-matic 4,NewYork_01,67.63,SMALL_DEAL,
2024-10-14,Tron-o-matic 4,NewYork_02,67.63,SMALL_DEAL,
2024-10-14,Tron-o-matic 4,Chicago_01,67.63,SMALL_DEAL,
2024-10-14,Tron-o-matic 4,Dallas_01,67.63,SMALL_DEAL,
2024-10-14,Tron-o-matic 4,Houston_01,67.63,SMALL_DEAL,
2024-10-14,Tron-o-matic 4,WashingtonDC_01,67.63,SMALL_DEAL,
2024-10-14,Tron-o-matic 4,Atlanta_01,67.63,SMALL_DEAL,
2024-10-14,Tron-o-matic 4,Philadelphia_01,67.63,SMALL_DEAL,
2024-10-14,Tron-o-matic 4 Pro,Online_Store,77.7,BIG_DEAL,
2024-10-14,Tron-o-matic 4 Pro,LosAngeles_01,77.7,BIG_DEAL,
2024-10-14,Tron-o-matic 4 Pro,NewYork_01,77.7,BIG_DEAL,
2024-10-14,Tron-o-matic 4 Pro,NewYork_02,77.7,BIG_DEAL,
2024-10-14,Tron-o-matic 4 Pro,Chicago_01,77.7,BIG_DEAL,
2024-10-14,Tron-o-matic 4 Pro,Dallas_01,77.7,BIG_DEAL,
2024-10-14,Tron-o-matic 4 Pro,Houston_01,77.7,BIG_DEAL,
2024-10-14,Tron-o-matic 4 Pro,WashingtonDC_01,77.7,BIG_DEAL,
2024-10-14,Tron-o-matic 4 Pro,Atlanta_01,77.7,BIG_DEAL,
2024-10-14,Tron-o-matic 4 Pro,Philadelphia_01,77.7,BIG_DEAL,
2024-10-14,Tron-o-matic 5,Online_Store,80.0,None,
2024-10-14,Tron-o-matic 5,LosAngeles_01,80.0,None,
2024-10-14,Tron-o-matic 5,NewYork_01,80.0,None,
2024-10-14,Tron-o-matic 5,NewYork_02,80.0,None,
2024-10-14,Tron-o-matic 5,Chicago_01,80.0,None,
2024-10-14,Tron-o-matic 5,Dallas_01,80.0,None,
2024-10-14,Tron-o-matic 5,Houston_01,80.0,None,
2024-10-14,Tron-o-matic 5,WashingtonDC_01,80.0,None,
2024-10-14,Tron-o-matic 5,Atlanta_01,80.0,None,
2024-10-14,Tron-o-matic 5,Philadelphia_01,80.0,None,
2024-10-14,Tron-o-matic 5 Pro,Online_Store,110.0,None,
2024-10-14,Tron-o-matic 5 Pro,LosAngeles_01,110.0,None,
2024-10-14,Tron-o-matic 5 Pro,NewYork_01,110.0,None,
2024-10-14,Tron-o-matic 5 Pro,NewYork_02,110.0,None,
2024-10-14,Tron-o-matic 5 Pro,Chicago_01,110.0,None,
2024-10-14,Tron-o-matic 5 Pro,Dallas_01,110.0,None,
2024-10-14,Tron-o-matic 5 Pro,Houston_01,110.0,None,
2024-10-14,Tron-o-matic 5 Pro,WashingtonDC_01,110.0,None,
2024-10-14,Tron-o-matic 5 Pro,Atlanta_01,110.0,None,
2024-10-14,Tron-o-matic 5 Pro,Philadelphia_01,110.0,None,
2024-10-15,Tron-o-matic 1,Online_Store,60.0,None,
2024-10-15,Tron-o-matic 1,LosAngeles_01,60.0,None,
2024-10-15,Tron-o-matic 1,NewYork_01,60.0,None,
2024-10-15,Tron-o-matic 1,NewYork_02,60.0,None,
2024-10-15,Tron-o-matic 1,Chicago_01,60.0,None,
2024-10-15,Tron-o-matic 1,Dallas_01,60.0,None,
2024-10-15,Tron-o-matic 1,Houston_01,60.0,None,
2024-10-15,Tron-o-matic 1,WashingtonDC_01,60.0,None,
2024-10-15,Tron-o-matic 1,Atlanta_01,60.0,None,
2024-10-15,Tron-o-matic 1,Philadelphia_01,60.0,None,
2024-10-15,Tron-o-matic 1 Pro,Online_Store,80.0,None,
2024-10-15,Tron-o-matic 1 Pro,LosAngeles_01,80.0,None,
2024-10-15,Tron-o-matic 1 Pro,NewYork_01,80.0,None,
2024-10-15,Tron-o-matic 1 Pro,NewYork_02,80.0,None,
2024-10-15,Tron-o-matic 1 Pro,Chicago_01,80.0,None,
2024-10-15,Tron-o-matic 1 Pro,Dallas_01,80.0,None,
2024-10-15,Tron-o-matic 1 Pro,Houston_01,80.0,None,
2024-10-15,Tron-o-matic 1 Pro,WashingtonDC_01,80.0,None,
2024-10-15,Tron-o-matic 1 Pro,Atlanta_01,80.0,None,
2024-10-15,Tron-o-matic 1 Pro,Philadelphia_01,80.0,None,
2024-10-15,Tron-o-matic 2,Online_Store,55.0,None,
2024-10-15,Tron-o-matic 2,LosAngeles_01,55.0,None,
2024-10-15,Tron-o-matic 2,NewYork_01,55.0,None,
2024-10-15,Tron-o-matic 2,NewYork_02,55.0,None,
2024-10-15,Tron-o-matic 2,Chicago_01,55.0,None,
2024-10-15,Tron-o-matic 2,Dallas_01,55.0,None,
2024-10-15,Tron-o-matic 2,Houston_01,55.0,None,
2024-10-15,Tron-o-matic 2,WashingtonDC_01,55.0,None,
2024-10-15,Tron-o-matic 2,Atlanta_01,55.0,None,
2024-10-15,Tron-o-matic 2,Philadelphia_01,55.0,None,
2024-10-15,Tron-o-matic 2 Pro,Online_Store,79.13,SMALL_DEAL,
2024-10-15,Tron-o-matic 2 Pro,LosAngeles_01,79.13,SMALL_DEAL,
2024-10-15,Tron-o-matic 2 Pro,NewYork_01,79.13,SMALL_DEAL,
2024-10-15,Tron-o-matic 2 Pro,NewYork_02,79.13,SMALL_DEAL,
2024-10-15,Tron-o-matic 2 Pro,Chicago_01,79.13,SMALL_DEAL,
2024-10-15,Tron-o-matic 2 Pro,Dallas_01,79.13,SMALL_DEAL,
2024-10-15,Tron-o-matic 2 Pro,Houston_01,79.13,SMALL_DEAL,
2024-10-15,Tron-o-matic 2 Pro,WashingtonDC_01,79.13,SMALL_DEAL,
2024-10-15,Tron-o-matic 2 Pro,Atlanta_01,79.13,SMALL_DEAL,
2024-10-15,Tron-o-matic 2 Pro,Philadelphia_01,79.13,SMALL_DEAL,
2024-10-15,Tron-o-matic 3,Online_Store,46.45,BIG_DEAL,
2024-10-15,Tron-o-matic 3,LosAngeles_01,46.45,BIG_DEAL,
2024-10-15,Tron-o-matic 3,NewYork_01,46.45,BIG_DEAL,
2024-10-15,Tron-o-matic 3,NewYork_02,46.45,BIG_DEAL,
2024-10-15,Tron-o-matic 3,Chicago_01,46.45,BIG_DEAL,
2024-10-15,Tron-o-matic 3,Dallas_01,46.45,BIG_DEAL,
2024-10-15,Tron-o-matic 3,Houston_01,46.45,BIG_DEAL,
2024-10-15,Tron-o-matic 3,WashingtonDC_01,46.45,BIG_DEAL,
2024-10-15,Tron-o-matic 3,Atlanta_01,46.45,BIG_DEAL,
2024-10-15,Tron-o-matic 3,Philadelphia_01,46.45,BIG_DEAL,
2024-10-15,Tron-o-matic 3 Pro,Online_Store,90.0,None,
2024-10-15,Tron-o-matic 3 Pro,LosAngeles_01,90.0,None,
2024-10-15,Tron-o-matic 3 Pro,NewYork_01,90.0,None,
2024-10-15,Tron-o-matic 3 Pro,NewYork_02,90.0,None,
2024-10-15,Tron-o-matic 3 Pro,Chicago_01,90.0,None,
2024-10-15,Tron-o-matic 3 Pro,Dallas_01,90.0,None,
2024-10-15,Tron-o-matic 3 Pro,Houston_01,90.0,None,
2024-10-15,Tron-o-matic 3 Pro,WashingtonDC_01,90.0,None,
2024-10-15,Tron-o-matic 3 Pro,Atlanta_01,90.0,None,
2024-10-15,Tron-o-matic 3 Pro,Philadelphia_01,90.0,None,
2024-10-15,Tron-o-matic 4,Online_Store,75.0,None,
2024-10-15,Tron-o-matic 4,LosAngeles_01,75.0,None,
2024-10-15,Tron-o-matic 4,NewYork_01,75.0,None,
2024-10-15,Tron-o-matic 4,NewYork_02,75.0,None,
2024-10-15,Tron-o-matic 4,Chicago_01,75.0,None,
2024-10-15,Tron-o-matic 4,Dallas_01,75.0,None,
2024-10-15,Tron-o-matic 4,Houston_01,75.0,None,
2024-10-15,Tron-o-matic 4,WashingtonDC_01,75.0,None,
2024-10-15,Tron-o-matic 4,Atlanta_01,75.0,None,
2024-10-15,Tron-o-matic 4,Philadelphia_01,75.0,None,
2024-10-15,Tron-o-matic 4 Pro,Online_Store,79.72,BIG_DEAL,
2024-10-15,Tron-o-matic 4 Pro,LosAngeles_01,79.72,BIG_DEAL,
2024-10-15,Tron-o-matic 4 Pro,NewYork_01,79.72,BIG_DEAL,
2024-10-15,Tron-o-matic 4 Pro,NewYork_02,79.72,BIG_DEAL,
2024-10-15,Tron-o-matic 4 Pro,Chicago_01,79.72,BIG_DEAL,
2024-10-15,Tron-o-matic 4 Pro,Dallas_01,79.72,BIG_DEAL,
2024-10-15,Tron-o-matic 4 Pro,Houston_01,79.72,BIG_DEAL,
2024-10-15,Tron-o-matic 4 Pro,WashingtonDC_01,79.72,BIG_DEAL,
2024-10-15,Tron-o-matic 4 Pro,Atlanta_01,79.72,BIG_DEAL,
2024-10-15,Tron-o-matic 4 Pro,Philadelphia_01,79.72,BIG_DEAL,
2024-10-15,Tron-o-matic 5,Online_Store,80.0,None,
2024-10-15,Tron-o-matic 5,LosAngeles_01,80.0,None,
2024-10-15,Tron-o-matic 5,NewYork_01,80.0,None,
2024-10-15,Tron-o-matic 5,NewYork_02,80.0,None,
2024-10-15,Tron-o-matic 5,Chicago_01,80.0,None,
2024-10-15,Tron-o-matic 5,Dallas_01,80.0,None,
2024-10-15,Tron-o-matic 5,Houston_01,80.0,None,
2024-10-15,Tron-o-matic 5,WashingtonDC_01,80.0,None,
2024-10-15,Tron-o-matic 5,Atlanta_01,80.0,None,
2024-10-15,Tron-o-matic 5,Philadelphia_01,80.0,None,
2024-10-15,Tron-o-matic 5 Pro,Online_Store,110.0,None,
2024-10-15,Tron-o-matic 5 Pro,LosAngeles_01,110.0,None,
2024-10-15,Tron-o-matic 5 Pro,NewYork_01,110.0,None,
2024-10-15,Tron-o-matic 5 Pro,NewYork_02,110.0,None,
2024-10-15,Tron-o-matic 5 Pro,Chicago_01,110.0,None,
2024-10-15,Tron-o-matic 5 Pro,Dallas_01,110.0,None,
2024-10-15,Tron-o-matic 5 Pro,Houston_01,110.0,None,
2024-10-15,Tron-o-matic 5 Pro,WashingtonDC_01,110.0,None,
2024-10-15,Tron-o-matic 5 Pro,Atlanta_01,110.0,None,
2024-10-15,Tron-o-matic 5 Pro,Philadelphia_01,110.0,None,
2024-10-16,Tron-o-matic 1,Online_Store,53.9,SMALL_DEAL,
2024-10-16,Tron-o-matic 1,LosAngeles_01,53.9,SMALL_DEAL,
2024-10-16,Tron-o-matic 1,NewYork_01,53.9,SMALL_DEAL,
2024-10-16,Tron-o-matic 1,NewYork_02,53.9,SMALL_DEAL,
2024-10-16,Tron-o-matic 1,Chicago_01,53.9,SMALL_DEAL,
2024-10-16,Tron-o-matic 1,Dallas_01,53.9,SMALL_DEAL,
2024-10-16,Tron-o-matic 1,Houston_01,53.9,SMALL_DEAL,
2024-10-16,Tron-o-matic 1,WashingtonDC_01,53.9,SMALL_DEAL,
2024-10-16,Tron-o-matic 1,Atlanta_01,53.9,SMALL_DEAL,
2024-10-16,Tron-o-matic 1,Philadelphia_01,53.9,SMALL_DEAL,
2024-10-16,Tron-o-matic 1 Pro,Online_Store,58.1,BIG_DEAL,
2024-10-16,Tron-o-matic 1 Pro,LosAngeles_01,58.1,BIG_DEAL,
2024-10-16,Tron-o-matic 1 Pro,NewYork_01,58.1,BIG_DEAL,
2024-10-16,Tron-o-matic 1 Pro,NewYork_02,58.1,BIG_DEAL,
2024-10-16,Tron-o-matic 1 Pro,Chicago_01,58.1,BIG_DEAL,
2024-10-16,Tron-o-matic 1 Pro,Dallas_01,58.1,BIG_DEAL,
2024-10-16,Tron-o-matic 1 Pro,Houston_01,58.1,BIG_DEAL,
2024-10-16,Tron-o-matic 1 Pro,WashingtonDC_01,58.1,BIG_DEAL,
2024-10-16,Tron-o-matic 1 Pro,Atlanta_01,58.1,BIG_DEAL,
2024-10-16,Tron-o-matic 1 Pro,Philadelphia_01,58.1,BIG_DEAL,
2024-10-16,Tron-o-matic 2,Online_Store,55.0,None,
2024-10-16,Tron-o-matic 2,LosAngeles_01,55.0,None,
2024-10-16,Tron-o-matic 2,NewYork_01,55.0,None,
2024-10-16,Tron-o-matic 2,NewYork_02,55.0,None,
2024-10-16,Tron-o-matic 2,Chicago_01,55.0,None,
2024-10-16,Tron-o-matic 2,Dallas_01,55.0,None,
2024-10-16,Tron-o-matic 2,Houston_01,55.0,None,
2024-10-16,Tron-o-matic 2,WashingtonDC_01,55.0,None,
2024-10-16,Tron-o-matic 2,Atlanta_01,55.0,None,
2024-10-16,Tron-o-matic 2,Philadelphia_01,55.0,None,
2024-10-16,Tron-o-matic 2 Pro,Online_Store,85.0,None,
2024-10-16,Tron-o-matic 2 Pro,LosAngeles_01,85.0,None,
2024-10-16,Tron-o-matic 2 Pro,NewYork_01,85.0,None,
2024-10-16,Tron-o-matic 2 Pro,NewYork_02,85.0,None,
2024-10-16,Tron-o-matic 2 Pro,Chicago_01,85.0,None,
2024-10-16,Tron-o-matic 2 Pro,Dallas_01,85.0,None,
2024-10-16,Tron-o-matic 2 Pro,Houston_01,85.0,None,
2024-10-16,Tron-o-matic 2 Pro,WashingtonDC_01,85.0,None,
2024-10-16,Tron-o-matic 2 Pro,Atlanta_01,85.0,None,
2024-10-16,Tron-o-matic 2 Pro,Philadelphia_01,85.0,None,
2024-10-16,Tron-o-matic 3,Online_Store,45.68,BIG_DEAL,
2024-10-16,Tron-o-matic 3,LosAngeles_01,45.68,BIG_DEAL,
2024-10-16,Tron-o-matic 3,NewYork_01,45.68,BIG_DEAL,
2024-10-16,Tron-o-matic 3,NewYork_02,45.68,BIG_DEAL,
2024-10-16,Tron-o-matic 3,Chicago_01,45.68,BIG_DEAL,
2024-10-16,Tron-o-matic 3,Dallas_01,45.68,BIG_DEAL,
2024-10-16,Tron-o-matic 3,Houston_01,45.68,BIG_DEAL,
2024-10-16,Tron-o-matic 3,WashingtonDC_01,45.68,BIG_DEAL,
2024-10-16,Tron-o-matic 3,Atlanta_01,45.68,BIG_DEAL,
2024-10-16,Tron-o-matic 3,Philadelphia_01,45.68,BIG_DEAL,
2024-10-16,Tron-o-matic 3 Pro,Online_Store,90.0,None,
2024-10-16,Tron-o-matic 3 Pro,LosAngeles_01,90.0,None,
2024-10-16,Tron-o-matic 3 Pro,NewYork_01,90.0,None,
2024-10-16,Tron-o-matic 3 Pro,NewYork_02,90.0,None,
2024-10-16,Tron-o-matic 3 Pro,Chicago_01,90.0,None,
2024-10-16,Tron-o-matic 3 Pro,Dallas_01,90.0,None,
2024-10-16,Tron-o-matic 3 Pro,Houston_01,90.0,None,
2024-10-16,Tron-o-matic 3 Pro,WashingtonDC_01,90.0,None,
2024-10-16,Tron-o-matic 3 Pro,Atlanta_01,90.0,None,
2024-10-16,Tron-o-matic 3 Pro,Philadelphia_01,90.0,None,
2024-10-16,Tron-o-matic 4,Online_Store,75.0,None,
2024-10-16,Tron-o-matic 4,LosAngeles_01,75.0,None,
2024-10-16,Tron-o-matic 4,NewYork_01,75.0,None,
2024-10-16,Tron-o-matic 4,NewYork_02,75.0,None,
2024-10-16,Tron-o-matic 4,Chicago_01,75.0,None,
2024-10-16,Tron-o-matic 4,Dallas_01,75.0,None,
2024-10-16,Tron-o-matic 4,Houston_01,75.0,None,
2024-10-16,Tron-o-matic 4,WashingtonDC_01,75.0,None,
2024-10-16,Tron-o-matic 4,Atlanta_01,75.0,None,
2024-10-16,Tron-o-matic 4,Philadelphia_01,75.0,None,
2024-10-16,Tron-o-matic 4 Pro,Online_Store,100.0,None,
2024-10-16,Tron-o-matic 4 Pro,LosAngeles_01,100.0,None,
2024-10-16,Tron-o-matic 4 Pro,NewYork_01,100.0,None,
2024-10-16,Tron-o-matic 4 Pro,NewYork_02,100.0,None,
2024-10-16,Tron-o-matic 4 Pro,Chicago_01,100.0,None,
2024-10-16,Tron-o-matic 4 Pro,Dallas_01,100.0,None,
2024-10-16,Tron-o-matic 4 Pro,Houston_01,100.0,None,
2024-10-16,Tron-o-matic 4 Pro,WashingtonDC_01,100.0,None,
2024-10-16,Tron-o-matic 4 Pro,Atlanta_01,100.0,None,
2024-10-16,Tron-o-matic 4 Pro,Philadelphia_01,100.0,None,
2024-10-16,Tron-o-matic 5,Online_Store,72.49,SMALL_DEAL,
2024-10-16,Tron-o-matic 5,LosAngeles_01,72.49,SMALL_DEAL,
2024-10-16,Tron-o-matic 5,NewYork_01,72.49,SMALL_DEAL,
2024-10-16,Tron-o-matic 5,NewYork_02,72.49,SMALL_DEAL,
2024-10-16,Tron-o-matic 5,Chicago_01,72.49,SMALL_DEAL,
2024-10-16,Tron-o-matic 5,Dallas_01,72.49,SMALL_DEAL,
2024-10-16,Tron-o-matic 5,Houston_01,72.49,SMALL_DEAL,
2024-10-16,Tron-o-matic 5,WashingtonDC_01,72.49,SMALL_DEAL,
2024-10-16,Tron-o-matic 5,Atlanta_01,72.49,SMALL_DEAL,
2024-10-16,Tron-o-matic 5,Philadelphia_01,72.49,SMALL_DEAL,
2024-10-16,Tron-o-matic 5 Pro,Online_Store,110.0,None,
2024-10-16,Tron-o-matic 5 Pro,LosAngeles_01,110.0,None,
2024-10-16,Tron-o-matic 5 Pro,NewYork_01,110.0,None,
2024-10-16,Tron-o-matic 5 Pro,NewYork_02,110.0,None,
2024-10-16,Tron-o-matic 5 Pro,Chicago_01,110.0,None,
2024-10-16,Tron-o-matic 5 Pro,Dallas_01,110.0,None,
2024-10-16,Tron-o-matic 5 Pro,Houston_01,110.0,None,
2024-10-16,Tron-o-matic 5 Pro,WashingtonDC_01,110.0,None,
2024-10-16,Tron-o-matic 5 Pro,Atlanta_01,110.0,None,
2024-10-16,Tron-o-matic 5 Pro,Philadelphia_01,110.0,None,
2024-10-17,Tron-o-matic 1,Online_Store,60.0,None,
2024-10-17,Tron-o-matic 1,LosAngeles_01,60.0,None,
2024-10-17,Tron-o-matic 1,NewYork_01,60.0,None,
2024-10-17,Tron-o-matic 1,NewYork_02,60.0,None,
2024-10-17,Tron-o-matic 1,Chicago_01,60.0,None,
2024-10-17,Tron-o-matic 1,Dallas_01,60.0,None,
2024-10-17,Tron-o-matic 1,Houston_01,60.0,None,
2024-10-17,Tron-o-matic 1,WashingtonDC_01,60.0,None,
2024-10-17,Tron-o-matic 1,Atlanta_01,60.0,None,
2024-10-17,Tron-o-matic 1,Philadelphia_01,60.0,None,
2024-10-17,Tron-o-matic 1 Pro,Online_Store,73.04,SMALL_DEAL,
2024-10-17,Tron-o-matic 1 Pro,LosAngeles_01,73.04,SMALL_DEAL,
2024-10-17,Tron-o-matic 1 Pro,NewYork_01,73.04,SMALL_DEAL,
2024-10-17,Tron-o-matic 1 Pro,NewYork_02,73.04,SMALL_DEAL,
2024-10-17,Tron-o-matic 1 Pro,Chicago_01,73.04,SMALL_DEAL,
2024-10-17,Tron-o-matic 1 Pro,Dallas_01,73.04,SMALL_DEAL,
2024-10-17,Tron-o-matic 1 Pro,Houston_01,73.04,SMALL_DEAL,
2024-10-17,Tron-o-matic 1 Pro,WashingtonDC_01,73.04,SMALL_DEAL,
2024-10-17,Tron-o-matic 1 Pro,Atlanta_01,73.04,SMALL_DEAL,
2024-10-17,Tron-o-matic 1 Pro,Philadelphia_01,73.04,SMALL_DEAL,
2024-10-17,Tron-o-matic 2,Online_Store,49.15,SMALL_DEAL,
2024-10-17,Tron-o-matic 2,LosAngeles_01,49.15,SMALL_DEAL,
2024-10-17,Tron-o-matic 2,NewYork_01,49.15,SMALL_DEAL,
2024-10-17,Tron-o-matic 2,NewYork_02,49.15,SMALL_DEAL,
2024-10-17,Tron-o-matic 2,Chicago_01,49.15,SMALL_DEAL,
2024-10-17,Tron-o-matic 2,Dallas_01,49.15,SMALL_DEAL,
2024-10-17,Tron-o-matic 2,Houston_01,49.15,SMALL_DEAL,
2024-10-17,Tron-o-matic 2,WashingtonDC_01,49.15,SMALL_DEAL,
2024-10-17,Tron-o-matic 2,Atlanta_01,49.15,SMALL_DEAL,
2024-10-17,Tron-o-matic 2,Philadelphia_01,49.15,SMALL_DEAL,
2024-10-17,Tron-o-matic 2 Pro,Online_Store,85.0,None,
2024-10-17,Tron-o-matic 2 Pro,LosAngeles_01,85.0,None,
2024-10-17,Tron-o-matic 2 Pro,NewYork_01,85.0,None,
2024-10-17,Tron-o-matic 2 Pro,NewYork_02,85.0,None,
2024-10-17,Tron-o-matic 2 Pro,Chicago_01,85.0,None,
2024-10-17,Tron-o-matic 2 Pro,Dallas_01,85.0,None,
2024-10-17,Tron-o-matic 2 Pro,Houston_01,85.0,None,
2024-10-17,Tron-o-matic 2 Pro,WashingtonDC_01,85.0,None,
2024-10-17,Tron-o-matic 2 Pro,Atlanta_01,85.0,None,
2024-10-17,Tron-o-matic 2 Pro,Philadelphia_01,85.0,None,
2024-10-17,Tron-o-matic 3,Online_Store,60.0,None,
2024-10-17,Tron-o-matic 3,LosAngeles_01,60.0,None,
2024-10-17,Tron-o-matic 3,NewYork_01,60.0,None,
2024-10-17,Tron-o-matic 3,NewYork_02,60.0,None,
2024-10-17,Tron-o-matic 3,Chicago_01,60.0,None,
2024-10-17,Tron-o-matic 3,Dallas_01,60.0,None,
2024-10-17,Tron-o-matic 3,Houston_01,60.0,None,
2024-10-17,Tron-o-matic 3,WashingtonDC_01,60.0,None,
2024-10-17,Tron-o-matic 3,Atlanta_01,60.0,None,
2024-10-17,Tron-o-matic 3,Philadelphia_01,60.0,None,
2024-10-17,Tron-o-matic 3 Pro,Online_Store,90.0,None,
2024-10-17,Tron-o-matic 3 Pro,LosAngeles_01,90.0,None,
2024-10-17,Tron-o-matic 3 Pro,NewYork_01,90.0,None,
2024-10-17,Tron-o-matic 3 Pro,NewYork_02,90.0,None,
2024-10-17,Tron-o-matic 3 Pro,Chicago_01,90.0,None,
2024-10-17,Tron-o-matic 3 Pro,Dallas_01,90.0,None,
2024-10-17,Tron-o-matic 3 Pro,Houston_01,90.0,None,
2024-10-17,Tron-o-matic 3 Pro,WashingtonDC_01,90.0,None,
2024-10-17,Tron-o-matic 3 Pro,Atlanta_01,90.0,None,
2024-10-17,Tron-o-matic 3 Pro,Philadelphia_01,90.0,None,
2024-10-17,Tron-o-matic 4,Online_Store,67.64,SMALL_DEAL,
2024-10-17,Tron-o-matic 4,LosAngeles_01,67.64,SMALL_DEAL,
2024-10-17,Tron-o-matic 4,NewYork_01,67.64,SMALL_DEAL,
2024-10-17,Tron-o-matic 4,NewYork_02,67.64,SMALL_DEAL,
2024-10-17,Tron-o-matic 4,Chicago_01,67.64,SMALL_DEAL,
2024-10-17,Tron-o-matic 4,Dallas_01,67.64,SMALL_DEAL,
2024-10-17,Tron-o-matic 4,Houston_01,67.64,SMALL_DEAL,
2024-10-17,Tron-o-matic 4,WashingtonDC_01,67.64,SMALL_DEAL,
2024-10-17,Tron-o-matic 4,Atlanta_01,67.64,SMALL_DEAL,
2024-10-17,Tron-o-matic 4,Philadelphia_01,67.64,SMALL_DEAL,
2024-10-17,Tron-o-matic 4 Pro,Online_Store,100.0,None,
2024-10-17,Tron-o-matic 4 Pro,LosAngeles_01,100.0,None,
2024-10-17,Tron-o-matic 4 Pro,NewYork_01,100.0,None,
2024-10-17,Tron-o-matic 4 Pro,NewYork_02,100.0,None,
2024-10-17,Tron-o-matic 4 Pro,Chicago_01,100.0,None,
2024-10-17,Tron-o-matic 4 Pro,Dallas_01,100.0,None,
2024-10-17,Tron-o-matic 4 Pro,Houston_01,100.0,None,
2024-10-17,Tron-o-matic 4 Pro,WashingtonDC_01,100.0,None,
2024-10-17,Tron-o-matic 4 Pro,Atlanta_01,100.0,None,
2024-10-17,Tron-o-matic 4 Pro,Philadelphia_01,100.0,None,
2024-10-17,Tron-o-matic 5,Online_Store,68.09,SMALL_DEAL,
2024-10-17,Tron-o-matic 5,LosAngeles_01,68.09,SMALL_DEAL,
2024-10-17,Tron-o-matic 5,NewYork_01,68.09,SMALL_DEAL,
2024-10-17,Tron-o-matic 5,NewYork_02,68.09,SMALL_DEAL,
2024-10-17,Tron-o-matic 5,Chicago_01,68.09,SMALL_DEAL,
2024-10-17,Tron-o-matic 5,Dallas_01,68.09,SMALL_DEAL,
2024-10-17,Tron-o-matic 5,Houston_01,68.09,SMALL_DEAL,
2024-10-17,Tron-o-matic 5,WashingtonDC_01,68.09,SMALL_DEAL,
2024-10-17,Tron-o-matic 5,Atlanta_01,68.09,SMALL_DEAL,
2024-10-17,Tron-o-matic 5,Philadelphia_01,68.09,SMALL_DEAL,
2024-10-17,Tron-o-matic 5 Pro,Online_Store,110.0,None,
2024-10-17,Tron-o-matic 5 Pro,LosAngeles_01,110.0,None,
2024-10-17,Tron-o-matic 5 Pro,NewYork_01,110.0,None,
2024-10-17,Tron-o-matic 5 Pro,NewYork_02,110.0,None,
2024-10-17,Tron-o-matic 5 Pro,Chicago_01,110.0,None,
2024-10-17,Tron-o-matic 5 Pro,Dallas_01,110.0,None,
2024-10-17,Tron-o-matic 5 Pro,Houston_01,110.0,None,
2024-10-17,Tron-o-matic 5 Pro,WashingtonDC_01,110.0,None,
2024-10-17,Tron-o-matic 5 Pro,Atlanta_01,110.0,None,
2024-10-17,Tron-o-matic 5 Pro,Philadelphia_01,110.0,None,
2024-10-18,Tron-o-matic 1,Online_Store,60.0,None,
2024-10-18,Tron-o-matic 1,LosAngeles_01,60.0,None,
2024-10-18,Tron-o-matic 1,NewYork_01,60.0,None,
2024-10-18,Tron-o-matic 1,NewYork_02,60.0,None,
2024-10-18,Tron-o-matic 1,Chicago_01,60.0,None,
2024-10-18,Tron-o-matic 1,Dallas_01,60.0,None,
2024-10-18,Tron-o-matic 1,Houston_01,60.0,None,
2024-10-18,Tron-o-matic 1,WashingtonDC_01,60.0,None,
2024-10-18,Tron-o-matic 1,Atlanta_01,60.0,None,
2024-10-18,Tron-o-matic 1,Philadelphia_01,60.0,None,
2024-10-18,Tron-o-matic 1 Pro,Online_Store,80.0,None,
2024-10-18,Tron-o-matic 1 Pro,LosAngeles_01,80.0,None,
2024-10-18,Tron-o-matic 1 Pro,NewYork_01,80.0,None,
2024-10-18,Tron-o-matic 1 Pro,NewYork_02,80.0,None,
2024-10-18,Tron-o-matic 1 Pro,Chicago_01,80.0,None,
2024-10-18,Tron-o-matic 1 Pro,Dallas_01,80.0,None,
2024-10-18,Tron-o-matic 1 Pro,Houston_01,80.0,None,
2024-10-18,Tron-o-matic 1 Pro,WashingtonDC_01,80.0,None,
2024-10-18,Tron-o-matic 1 Pro,Atlanta_01,80.0,None,
2024-10-18,Tron-o-matic 1 Pro,Philadelphia_01,80.0,None,
2024-10-18,Tron-o-matic 2,Online_Store,55.0,None,
2024-10-18,Tron-o-matic 2,LosAngeles_01,55.0,None,
2024-10-18,Tron-o-matic 2,NewYork_01,55.0,None,
2024-10-18,Tron-o-matic 2,NewYork_02,55.0,None,
2024-10-18,Tron-o-matic 2,Chicago_01,55.0,None,
2024-10-18,Tron-o-matic 2,Dallas_01,55.0,None,
2024-10-18,Tron-o-matic 2,Houston_01,55.0,None,
2024-10-18,Tron-o-matic 2,WashingtonDC_01,55.0,None,
2024-10-18,Tron-o-matic 2,Atlanta_01,55.0,None,
2024-10-18,Tron-o-matic 2,Philadelphia_01,55.0,None,
2024-10-18,Tron-o-matic 2 Pro,Online_Store,65.43,BIG_DEAL,
2024-10-18,Tron-o-matic 2 Pro,LosAngeles_01,65.43,BIG_DEAL,
2024-10-18,Tron-o-matic 2 Pro,NewYork_01,65.43,BIG_DEAL,
2024-10-18,Tron-o-matic 2 Pro,NewYork_02,65.43,BIG_DEAL,
2024-10-18,Tron-o-matic 2 Pro,Chicago_01,65.43,BIG_DEAL,
2024-10-18,Tron-o-matic 2 Pro,Dallas_01,65.43,BIG_DEAL,
2024-10-18,Tron-o-matic 2 Pro,Houston_01,65.43,BIG_DEAL,
2024-10-18,Tron-o-matic 2 Pro,WashingtonDC_01,65.43,BIG_DEAL,
2024-10-18,Tron-o-matic 2 Pro,Atlanta_01,65.43,BIG_DEAL,
2024-10-18,Tron-o-matic 2 Pro,Philadelphia_01,65.43,BIG_DEAL,
2024-10-18,Tron-o-matic 3,Online_Store,42.69,BIG_DEAL,
2024-10-18,Tron-o-matic 3,LosAngeles_01,42.69,BIG_DEAL,
2024-10-18,Tron-o-matic 3,NewYork_01,42.69,BIG_DEAL,
2024-10-18,Tron-o-matic 3,NewYork_02,42.69,BIG_DEAL,
2024-10-18,Tron-o-matic 3,Chicago_01,42.69,BIG_DEAL,
2024-10-18,Tron-o-matic 3,Dallas_01,42.69,BIG_DEAL,
2024-10-18,Tron-o-matic 3,Houston_01,42.69,BIG_DEAL,
2024-10-18,Tron-o-matic 3,WashingtonDC_01,42.69,BIG_DEAL,
2024-10-18,Tron-o-matic 3,Atlanta_01,42.69,BIG_DEAL,
2024-10-18,Tron-o-matic 3,Philadelphia_01,42.69,BIG_DEAL,
2024-10-18,Tron-o-matic 3 Pro,Online_Store,90.0,None,
2024-10-18,Tron-o-matic 3 Pro,LosAngeles_01,90.0,None,
2024-10-18,Tron-o-matic 3 Pro,NewYork_01,90.0,None,
2024-10-18,Tron-o-matic 3 Pro,NewYork_02,90.0,None,
2024-10-18,Tron-o-matic 3 Pro,Chicago_01,90.0,None,
2024-10-18,Tron-o-matic 3 Pro,Dallas_01,90.0,None,
2024-10-18,Tron-o-matic 3 Pro,Houston_01,90.0,None,
2024-10-18,Tron-o-matic 3 Pro,WashingtonDC_01,90.0,None,
2024-10-18,Tron-o-matic 3 Pro,Atlanta_01,90.0,None,
2024-10-18,Tron-o-matic 3 Pro,Philadelphia_01,90.0,None,
2024-10-18,Tron-o-matic 4,Online_Store,75.0,None,
2024-10-18,Tron-o-matic 4,LosAngeles_01,75.0,None,
2024-10-18,Tron-o-matic 4,NewYork_01,75.0,None,
2024-10-18,Tron-o-matic 4,NewYork_02,75.0,None,
2024-10-18,Tron-o-matic 4,Chicago_01,75.0,None,
2024-10-18,Tron-o-matic 4,Dallas_01,75.0,None,
2024-10-18,Tron-o-matic 4,Houston_01,75.0,None,
2024-10-18,Tron-o-matic 4,WashingtonDC_01,75.0,None,
2024-10-18,Tron-o-matic 4,Atlanta_01,75.0,None,
2024-10-18,Tron-o-matic 4,Philadelphia_01,75.0,None,
2024-10-18,Tron-o-matic 4 Pro,Online_Store,100.0,None,
2024-10-18,Tron-o-matic 4 Pro,LosAngeles_01,100.0,None,
2024-10-18,Tron-o-matic 4 Pro,NewYork_01,100.0,None,
2024-10-18,Tron-o-matic 4 Pro,NewYork_02,100.0,None,
2024-10-18,Tron-o-matic 4 Pro,Chicago_01,100.0,None,
2024-10-18,Tron-o-matic 4 Pro,Dallas_01,100.0,None,
2024-10-18,Tron-o-matic 4 Pro,Houston_01,100.0,None,
2024-10-18,Tron-o-matic 4 Pro,WashingtonDC_01,100.0,None,
2024-10-18,Tron-o-matic 4 Pro,Atlanta_01,100.0,None,
2024-10-18,Tron-o-matic 4 Pro,Philadelphia_01,100.0,None,
2024-10-18,Tron-o-matic 5,Online_Store,73.74,SMALL_DEAL,
2024-10-18,Tron-o-matic 5,LosAngeles_01,73.74,SMALL_DEAL,
2024-10-18,Tron-o-matic 5,NewYork_01,73.74,SMALL_DEAL,
2024-10-18,Tron-o-matic 5,NewYork_02,73.74,SMALL_DEAL,
2024-10-18,Tron-o-matic 5,Chicago_01,73.74,SMALL_DEAL,
2024-10-18,Tron-o-matic 5,Dallas_01,73.74,SMALL_DEAL,
2024-10-18,Tron-o-matic 5,Houston_01,73.74,SMALL_DEAL,
2024-10-18,Tron-o-matic 5,WashingtonDC_01,73.74,SMALL_DEAL,
2024-10-18,Tron-o-matic 5,Atlanta_01,73.74,SMALL_DEAL,
2024-10-18,Tron-o-matic 5,Philadelphia_01,73.74,SMALL_DEAL,
2024-10-18,Tron-o-matic 5 Pro,Online_Store,110.0,None,
2024-10-18,Tron-o-matic 5 Pro,LosAngeles_01,110.0,None,
2024-10-18,Tron-o-matic 5 Pro,NewYork_01,110.0,None,
2024-10-18,Tron-o-matic 5 Pro,NewYork_02,110.0,None,
2024-10-18,Tron-o-matic 5 Pro,Chicago_01,110.0,None,
2024-10-18,Tron-o-matic 5 Pro,Dallas_01,110.0,None,
2024-10-18,Tron-o-matic 5 Pro,Houston_01,110.0,None,
2024-10-18,Tron-o-matic 5 Pro,WashingtonDC_01,110.0,None,
2024-10-18,Tron-o-matic 5 Pro,Atlanta_01,110.0,None,
2024-10-18,Tron-o-matic 5 Pro,Philadelphia_01,110.0,None,
2024-10-19,Tron-o-matic 1,Online_Store,51.44,SMALL_DEAL,
2024-10-19,Tron-o-matic 1,LosAngeles_01,51.44,SMALL_DEAL,
2024-10-19,Tron-o-matic 1,NewYork_01,51.44,SMALL_DEAL,
2024-10-19,Tron-o-matic 1,NewYork_02,51.44,SMALL_DEAL,
2024-10-19,Tron-o-matic 1,Chicago_01,51.44,SMALL_DEAL,
2024-10-19,Tron-o-matic 1,Dallas_01,51.44,SMALL_DEAL,
2024-10-19,Tron-o-matic 1,Houston_01,51.44,SMALL_DEAL,
2024-10-19,Tron-o-matic 1,WashingtonDC_01,51.44,SMALL_DEAL,
2024-10-19,Tron-o-matic 1,Atlanta_01,51.44,SMALL_DEAL,
2024-10-19,Tron-o-matic 1,Philadelphia_01,51.44,SMALL_DEAL,
2024-10-19,Tron-o-matic 1 Pro,Online_Store,80.0,None,
2024-10-19,Tron-o-matic 1 Pro,LosAngeles_01,80.0,None,
2024-10-19,Tron-o-matic 1 Pro,NewYork_01,80.0,None,
2024-10-19,Tron-o-matic 1 Pro,NewYork_02,80.0,None,
2024-10-19,Tron-o-matic 1 Pro,Chicago_01,80.0,None,
2024-10-19,Tron-o-matic 1 Pro,Dallas_01,80.0,None,
2024-10-19,Tron-o-matic 1 Pro,Houston_01,80.0,None,
2024-10-19,Tron-o-matic 1 Pro,WashingtonDC_01,80.0,None,
2024-10-19,Tron-o-matic 1 Pro,Atlanta_01,80.0,None,
2024-10-19,Tron-o-matic 1 Pro,Philadelphia_01,80.0,None,
2024-10-19,Tron-o-matic 2,Online_Store,51.55,SMALL_DEAL,
2024-10-19,Tron-o-matic 2,LosAngeles_01,51.55,SMALL_DEAL,
2024-10-19,Tron-o-matic 2,NewYork_01,51.55,SMALL_DEAL,
2024-10-19,Tron-o-matic 2,NewYork_02,51.55,SMALL_DEAL,
2024-10-19,Tron-o-matic 2,Chicago_01,51.55,SMALL_DEAL,
2024-10-19,Tron-o-matic 2,Dallas_01,51.55,SMALL_DEAL,
2024-10-19,Tron-o-matic 2,Houston_01,51.55,SMALL_DEAL,
2024-10-19,Tron-o-matic 2,WashingtonDC_01,51.55,SMALL_DEAL,
2024-10-19,Tron-o-matic 2,Atlanta_01,51.55,SMALL_DEAL,
2024-10-19,Tron-o-matic 2,Philadelphia_01,51.55,SMALL_DEAL,
2024-10-19,Tron-o-matic 2 Pro,Online_Store,78.62,SMALL_DEAL,
2024-10-19,Tron-o-matic 2 Pro,LosAngeles_01,78.62,SMALL_DEAL,
2024-10-19,Tron-o-matic 2 Pro,NewYork_01,78.62,SMALL_DEAL,
2024-10-19,Tron-o-matic 2 Pro,NewYork_02,78.62,SMALL_DEAL,
2024-10-19,Tron-o-matic 2 Pro,Chicago_01,78.62,SMALL_DEAL,
2024-10-19,Tron-o-matic 2 Pro,Dallas_01,78.62,SMALL_DEAL,
2024-10-19,Tron-o-matic 2 Pro,Houston_01,78.62,SMALL_DEAL,
2024-10-19,Tron-o-matic 2 Pro,WashingtonDC_01,78.62,SMALL_DEAL,
2024-10-19,Tron-o-matic 2 Pro,Atlanta_01,78.62,SMALL_DEAL,
2024-10-19,Tron-o-matic 2 Pro,Philadelphia_01,78.62,SMALL_DEAL,
2024-10-19,Tron-o-matic 3,Online_Store,44.3,BIG_DEAL,
2024-10-19,Tron-o-matic 3,LosAngeles_01,44.3,BIG_DEAL,
2024-10-19,Tron-o-matic 3,NewYork_01,44.3,BIG_DEAL,
2024-10-19,Tron-o-matic 3,NewYork_02,44.3,BIG_DEAL,
2024-10-19,Tron-o-matic 3,Chicago_01,44.3,BIG_DEAL,
2024-10-19,Tron-o-matic 3,Dallas_01,44.3,BIG_DEAL,
2024-10-19,Tron-o-matic 3,Houston_01,44.3,BIG_DEAL,
2024-10-19,Tron-o-matic 3,WashingtonDC_01,44.3,BIG_DEAL,
2024-10-19,Tron-o-matic 3,Atlanta_01,44.3,BIG_DEAL,
2024-10-19,Tron-o-matic 3,Philadelphia_01,44.3,BIG_DEAL,
2024-10-19,Tron-o-matic 3 Pro,Online_Store,90.0,None,
2024-10-19,Tron-o-matic 3 Pro,LosAngeles_01,90.0,None,
2024-10-19,Tron-o-matic 3 Pro,NewYork_01,90.0,None,
2024-10-19,Tron-o-matic 3 Pro,NewYork_02,90.0,None,
2024-10-19,Tron-o-matic 3 Pro,Chicago_01,90.0,None,
2024-10-19,Tron-o-matic 3 Pro,Dallas_01,90.0,None,
2024-10-19,Tron-o-matic 3 Pro,Houston_01,90.0,None,
2024-10-19,Tron-o-matic 3 Pro,WashingtonDC_01,90.0,None,
2024-10-19,Tron-o-matic 3 Pro,Atlanta_01,90.0,None,
2024-10-19,Tron-o-matic 3 Pro,Philadelphia_01,90.0,None,
2024-10-19,Tron-o-matic 4,Online_Store,67.09,SMALL_DEAL,
2024-10-19,Tron-o-matic 4,LosAngeles_01,67.09,SMALL_DEAL,
2024-10-19,Tron-o-matic 4,NewYork_01,67.09,SMALL_DEAL,
2024-10-19,Tron-o-matic 4,NewYork_02,67.09,SMALL_DEAL,
2024-10-19,Tron-o-matic 4,Chicago_01,67.09,SMALL_DEAL,
2024-10-19,Tron-o-matic 4,Dallas_01,67.09,SMALL_DEAL,
2024-10-19,Tron-o-matic 4,Houston_01,67.09,SMALL_DEAL,
2024-10-19,Tron-o-matic 4,WashingtonDC_01,67.09,SMALL_DEAL,
2024-10-19,Tron-o-matic 4,Atlanta_01,67.09,SMALL_DEAL,
2024-10-19,Tron-o-matic 4,Philadelphia_01,67.09,SMALL_DEAL,
2024-10-19,Tron-o-matic 4 Pro,Online_Store,90.94,SMALL_DEAL,
2024-10-19,Tron-o-matic 4 Pro,LosAngeles_01,90.94,SMALL_DEAL,
2024-10-19,Tron-o-matic 4 Pro,NewYork_01,90.94,SMALL_DEAL,
2024-10-19,Tron-o-matic 4 Pro,NewYork_02,90.94,SMALL_DEAL,
2024-10-19,Tron-o-matic 4 Pro,Chicago_01,90.94,SMALL_DEAL,
2024-10-19,Tron-o-matic 4 Pro,Dallas_01,90.94,SMALL_DEAL,
2024-10-19,Tron-o-matic 4 Pro,Houston_01,90.94,SMALL_DEAL,
2024-10-19,Tron-o-matic 4 Pro,WashingtonDC_01,90.94,SMALL_DEAL,
2024-10-19,Tron-o-matic 4 Pro,Atlanta_01,90.94,SMALL_DEAL,
2024-10-19,Tron-o-matic 4 Pro,Philadelphia_01,90.94,SMALL_DEAL,
2024-10-19,Tron-o-matic 5,Online_Store,80.0,None,
2024-10-19,Tron-o-matic 5,LosAngeles_01,80.0,None,
2024-10-19,Tron-o-matic 5,NewYork_01,80.0,None,
2024-10-19,Tron-o-matic 5,NewYork_02,80.0,None,
2024-10-19,Tron-o-matic 5,Chicago_01,80.0,None,
2024-10-19,Tron-o-matic 5,Dallas_01,80.0,None,
2024-10-19,Tron-o-matic 5,Houston_01,80.0,None,
2024-10-19,Tron-o-matic 5,WashingtonDC_01,80.0,None,
2024-10-19,Tron-o-matic 5,Atlanta_01,80.0,None,
2024-10-19,Tron-o-matic 5,Philadelphia_01,80.0,None,
2024-10-19,Tron-o-matic 5 Pro,Online_Store,110.0,None,
2024-10-19,Tron-o-matic 5 Pro,LosAngeles_01,110.0,None,
2024-10-19,Tron-o-matic 5 Pro,NewYork_01,110.0,None,
2024-10-19,Tron-o-matic 5 Pro,NewYork_02,110.0,None,
2024-10-19,Tron-o-matic 5 Pro,Chicago_01,110.0,None,
2024-10-19,Tron-o-matic 5 Pro,Dallas_01,110.0,None,
2024-10-19,Tron-o-matic 5 Pro,Houston_01,110.0,None,
2024-10-19,Tron-o-matic 5 Pro,WashingtonDC_01,110.0,None,
2024-10-19,Tron-o-matic 5 Pro,Atlanta_01,110.0,None,
2024-10-19,Tron-o-matic 5 Pro,Philadelphia_01,110.0,None,
2024-10-20,Tron-o-matic 1,Online_Store,60.0,None,
2024-10-20,Tron-o-matic 1,LosAngeles_01,60.0,None,
2024-10-20,Tron-o-matic 1,NewYork_01,60.0,None,
2024-10-20,Tron-o-matic 1,NewYork_02,60.0,None,
2024-10-20,Tron-o-matic 1,Chicago_01,60.0,None,
2024-10-20,Tron-o-matic 1,Dallas_01,60.0,None,
2024-10-20,Tron-o-matic 1,Houston_01,60.0,None,
2024-10-20,Tron-o-matic 1,WashingtonDC_01,60.0,None,
2024-10-20,Tron-o-matic 1,Atlanta_01,60.0,None,
2024-10-20,Tron-o-matic 1,Philadelphia_01,60.0,None,
2024-10-20,Tron-o-matic 1 Pro,Online_Store,80.0,None,
2024-10-20,Tron-o-matic 1 Pro,LosAngeles_01,80.0,None,
2024-10-20,Tron-o-matic 1 Pro,NewYork_01,80.0,None,
2024-10-20,Tron-o-matic 1 Pro,NewYork_02,80.0,None,
2024-10-20,Tron-o-matic 1 Pro,Chicago_01,80.0,None,
2024-10-20,Tron-o-matic 1 Pro,Dallas_01,80.0,None,
2024-10-20,Tron-o-matic 1 Pro,Houston_01,80.0,None,
2024-10-20,Tron-o-matic 1 Pro,WashingtonDC_01,80.0,None,
2024-10-20,Tron-o-matic 1 Pro,Atlanta_01,80.0,None,
2024-10-20,Tron-o-matic 1 Pro,Philadelphia_01,80.0,None,
2024-10-20,Tron-o-matic 2,Online_Store,55.0,None,
2024-10-20,Tron-o-matic 2,LosAngeles_01,55.0,None,
2024-10-20,Tron-o-matic 2,NewYork_01,55.0,None,
2024-10-20,Tron-o-matic 2,NewYork_02,55.0,None,
2024-10-20,Tron-o-matic 2,Chicago_01,55.0,None,
2024-10-20,Tron-o-matic 2,Dallas_01,55.0,None,
2024-10-20,Tron-o-matic 2,Houston_01,55.0,None,
2024-10-20,Tron-o-matic 2,WashingtonDC_01,55.0,None,
2024-10-20,Tron-o-matic 2,Atlanta_01,55.0,None,
2024-10-20,Tron-o-matic 2,Philadelphia_01,55.0,None,
2024-10-20,Tron-o-matic 2 Pro,Online_Store,85.0,None,
2024-10-20,Tron-o-matic 2 Pro,LosAngeles_01,85.0,None,
2024-10-20,Tron-o-matic 2 Pro,NewYork_01,85.0,None,
2024-10-20,Tron-o-matic 2 Pro,NewYork_02,85.0,None,
2024-10-20,Tron-o-matic 2 Pro,Chicago_01,85.0,None,
2024-10-20,Tron-o-matic 2 Pro,Dallas_01,85.0,None,
2024-10-20,Tron-o-matic 2 Pro,Houston_01,85.0,None,
2024-10-20,Tron-o-matic 2 Pro,WashingtonDC_01,85.0,None,
2024-10-20,Tron-o-matic 2 Pro,Atlanta_01,85.0,None,
2024-10-20,Tron-o-matic 2 Pro,Philadelphia_01,85.0,None,
2024-10-20,Tron-o-matic 3,Online_Store,60.0,None,
2024-10-20,Tron-o-matic 3,LosAngeles_01,60.0,None,
2024-10-20,Tron-o-matic 3,NewYork_01,60.0,None,
2024-10-20,Tron-o-matic 3,NewYork_02,60.0,None,
2024-10-20,Tron-o-matic 3,Chicago_01,60.0,None,
2024-10-20,Tron-o-matic 3,Dallas_01,60.0,None,
2024-10-20,Tron-o-matic 3,Houston_01,60.0,None,
2024-10-20,Tron-o-matic 3,WashingtonDC_01,60.0,None,
2024-10-20,Tron-o-matic 3,Atlanta_01,60.0,None,
2024-10-20,Tron-o-matic 3,Philadelphia_01,60.0,None,
2024-10-20,Tron-o-matic 3 Pro,Online_Store,69.31,BIG_DEAL,
2024-10-20,Tron-o-matic 3 Pro,LosAngeles_01,69.31,BIG_DEAL,
2024-10-20,Tron-o-matic 3 Pro,NewYork_01,69.31,BIG_DEAL,
2024-10-20,Tron-o-matic 3 Pro,NewYork_02,69.31,BIG_DEAL,
2024-10-20,Tron-o-matic 3 Pro,Chicago_01,69.31,BIG_DEAL,
2024-10-20,Tron-o-matic 3 Pro,Dallas_01,69.31,BIG_DEAL,
2024-10-20,Tron-o-matic 3 Pro,Houston_01,69.31,BIG_DEAL,
2024-10-20,Tron-o-matic 3 Pro,WashingtonDC_01,69.31,BIG_DEAL,
2024-10-20,Tron-o-matic 3 Pro,Atlanta_01,69.31,BIG_DEAL,
2024-10-20,Tron-o-matic 3 Pro,Philadelphia_01,69.31,BIG_DEAL,
2024-10-20,Tron-o-matic 4,Online_Store,75.0,None,
2024-10-20,Tron-o-matic 4,LosAngeles_01,75.0,None,
2024-10-20,Tron-o-matic 4,NewYork_01,75.0,None,
2024-10-20,Tron-o-matic 4,NewYork_02,75.0,None,
2024-10-20,Tron-o-matic 4,Chicago_01,75.0,None,
2024-10-20,Tron-o-matic 4,Dallas_01,75.0,None,
2024-10-20,Tron-o-matic 4,Houston_01,75.0,None,
2024-10-20,Tron-o-matic 4,WashingtonDC_01,75.0,None,
2024-10-20,Tron-o-matic 4,Atlanta_01,75.0,None,
2024-10-20,Tron-o-matic 4,Philadelphia_01,75.0,None,
2024-10-20,Tron-o-matic 4 Pro,Online_Store,100.0,None,
2024-10-20,Tron-o-matic 4 Pro,LosAngeles_01,100.0,None,
2024-10-20,Tron-o-matic 4 Pro,NewYork_01,100.0,None,
2024-10-20,Tron-o-matic 4 Pro,NewYork_02,100.0,None,
2024-10-20,Tron-o-matic 4 Pro,Chicago_01,100.0,None,
2024-10-20,Tron-o-matic 4 Pro,Dallas_01,100.0,None,
2024-10-20,Tron-o-matic 4 Pro,Houston_01,100.0,None,
2024-10-20,Tron-o-matic 4 Pro,WashingtonDC_01,100.0,None,
2024-10-20,Tron-o-matic 4 Pro,Atlanta_01,100.0,None,
2024-10-20,Tron-o-matic 4 Pro,Philadelphia_01,100.0,None,
2024-10-20,Tron-o-matic 5,Online_Store,80.0,None,
2024-10-20,Tron-o-matic 5,LosAngeles_01,80.0,None,
2024-10-20,Tron-o-matic 5,NewYork_01,80.0,None,
2024-10-20,Tron-o-matic 5,NewYork_02,80.0,None,
2024-10-20,Tron-o-matic 5,Chicago_01,80.0,None,
2024-10-20,Tron-o-matic 5,Dallas_01,80.0,None,
2024-10-20,Tron-o-matic 5,Houston_01,80.0,None,
2024-10-20,Tron-o-matic 5,WashingtonDC_01,80.0,None,
2024-10-20,Tron-o-matic 5,Atlanta_01,80.0,None,
2024-10-20,Tron-o-matic 5,Philadelphia_01,80.0,None,
2024-10-20,Tron-o-matic 5 Pro,Online_Store,110.0,None,
2024-10-20,Tron-o-matic 5 Pro,LosAngeles_01,110.0,None,
2024-10-20,Tron-o-matic 5 Pro,NewYork_01,110.0,None,
2024-10-20,Tron-o-matic 5 Pro,NewYork_02,110.0,None,
2024-10-20,Tron-o-matic 5 Pro,Chicago_01,110.0,None,
2024-10-20,Tron-o-matic 5 Pro,Dallas_01,110.0,None,
2024-10-20,Tron-o-matic 5 Pro,Houston_01,110.0,None,
2024-10-20,Tron-o-matic 5 Pro,WashingtonDC_01,110.0,None,
2024-10-20,Tron-o-matic 5 Pro,Atlanta_01,110.0,None,
2024-10-20,Tron-o-matic 5 Pro,Philadelphia_01,110.0,None,
2024-10-21,Tron-o-matic 1,Online_Store,60.0,None,
2024-10-21,Tron-o-matic 1,LosAngeles_01,60.0,None,
2024-10-21,Tron-o-matic 1,NewYork_01,60.0,None,
2024-10-21,Tron-o-matic 1,NewYork_02,60.0,None,
2024-10-21,Tron-o-matic 1,Chicago_01,60.0,None,
2024-10-21,Tron-o-matic 1,Dallas_01,60.0,None,
2024-10-21,Tron-o-matic 1,Houston_01,60.0,None,
2024-10-21,Tron-o-matic 1,WashingtonDC_01,60.0,None,
2024-10-21,Tron-o-matic 1,Atlanta_01,60.0,None,
2024-10-21,Tron-o-matic 1,Philadelphia_01,60.0,None,
2024-10-21,Tron-o-matic 1 Pro,Online_Store,80.0,None,
2024-10-21,Tron-o-matic 1 Pro,LosAngeles_01,80.0,None,
2024-10-21,Tron-o-matic 1 Pro,NewYork_01,80.0,None,
2024-10-21,Tron-o-matic 1 Pro,NewYork_02,80.0,None,
2024-10-21,Tron-o-matic 1 Pro,Chicago_01,80.0,None,
2024-10-21,Tron-o-matic 1 Pro,Dallas_01,80.0,None,
2024-10-21,Tron-o-matic 1 Pro,Houston_01,80.0,None,
2024-10-21,Tron-o-matic 1 Pro,WashingtonDC_01,80.0,None,
2024-10-21,Tron-o-matic 1 Pro,Atlanta_01,80.0,None,
2024-10-21,Tron-o-matic 1 Pro,Philadelphia_01,80.0,None,
2024-10-21,Tron-o-matic 2,Online_Store,42.11,BIG_DEAL,
2024-10-21,Tron-o-matic 2,LosAngeles_01,42.11,BIG_DEAL,
2024-10-21,Tron-o-matic 2,NewYork_01,42.11,BIG_DEAL,
2024-10-21,Tron-o-matic 2,NewYork_02,42.11,BIG_DEAL,
2024-10-21,Tron-o-matic 2,Chicago_01,42.11,BIG_DEAL,
2024-10-21,Tron-o-matic 2,Dallas_01,42.11,BIG_DEAL,
2024-10-21,Tron-o-matic 2,Houston_01,42.11,BIG_DEAL,
2024-10-21,Tron-o-matic 2,WashingtonDC_01,42.11,BIG_DEAL,
2024-10-21,Tron-o-matic 2,Atlanta_01,42.11,BIG_DEAL,
2024-10-21,Tron-o-matic 2,Philadelphia_01,42.11,BIG_DEAL,
2024-10-21,Tron-o-matic 2 Pro,Online_Store,85.0,None,
2024-10-21,Tron-o-matic 2 Pro,LosAngeles_01,85.0,None,
2024-10-21,Tron-o-matic 2 Pro,NewYork_01,85.0,None,
2024-10-21,Tron-o-matic 2 Pro,NewYork_02,85.0,None,
2024-10-21,Tron-o-matic 2 Pro,Chicago_01,85.0,None,
2024-10-21,Tron-o-matic 2 Pro,Dallas_01,85.0,None,
2024-10-21,Tron-o-matic 2 Pro,Houston_01,85.0,None,
2024-10-21,Tron-o-matic 2 Pro,WashingtonDC_01,85.0,None,
2024-10-21,Tron-o-matic 2 Pro,Atlanta_01,85.0,None,
2024-10-21,Tron-o-matic 2 Pro,Philadelphia_01,85.0,None,
2024-10-21,Tron-o-matic 3,Online_Store,52.85,SMALL_DEAL,
2024-10-21,Tron-o-matic 3,LosAngeles_01,52.85,SMALL_DEAL,
2024-10-21,Tron-o-matic 3,NewYork_01,52.85,SMALL_DEAL,
2024-10-21,Tron-o-matic 3,NewYork_02,52.85,SMALL_DEAL,
2024-10-21,Tron-o-matic 3,Chicago_01,52.85,SMALL_DEAL,
2024-10-21,Tron-o-matic 3,Dallas_01,52.85,SMALL_DEAL,
2024-10-21,Tron-o-matic 3,Houston_01,52.85,SMALL_DEAL,
2024-10-21,Tron-o-matic 3,WashingtonDC_01,52.85,SMALL_DEAL,
2024-10-21,Tron-o-matic 3,Atlanta_01,52.85,SMALL_DEAL,
2024-10-21,Tron-o-matic 3,Philadelphia_01,52.85,SMALL_DEAL,
2024-10-21,Tron-o-matic 3 Pro,Online_Store,85.01,SMALL_DEAL,
2024-10-21,Tron-o-matic 3 Pro,LosAngeles_01,85.01,SMALL_DEAL,
2024-10-21,Tron-o-matic 3 Pro,NewYork_01,85.01,SMALL_DEAL,
2024-10-21,Tron-o-matic 3 Pro,NewYork_02,85.01,SMALL_DEAL,
2024-10-21,Tron-o-matic 3 Pro,Chicago_01,85.01,SMALL_DEAL,
2024-10-21,Tron-o-matic 3 Pro,Dallas_01,85.01,SMALL_DEAL,
2024-10-21,Tron-o-matic 3 Pro,Houston_01,85.01,SMALL_DEAL,
2024-10-21,Tron-o-matic 3 Pro,WashingtonDC_01,85.01,SMALL_DEAL,
2024-10-21,Tron-o-matic 3 Pro,Atlanta_01,85.01,SMALL_DEAL,
2024-10-21,Tron-o-matic 3 Pro,Philadelphia_01,85.01,SMALL_DEAL,
2024-10-21,Tron-o-matic 4,Online_Store,75.0,None,
2024-10-21,Tron-o-matic 4,LosAngeles_01,75.0,None,
2024-10-21,Tron-o-matic 4,NewYork_01,75.0,None,
2024-10-21,Tron-o-matic 4,NewYork_02,75.0,None,
2024-10-21,Tron-o-matic 4,Chicago_01,75.0,None,
2024-10-21,Tron-o-matic 4,Dallas_01,75.0,None,
2024-10-21,Tron-o-matic 4,Houston_01,75.0,None,
2024-10-21,Tron-o-matic 4,WashingtonDC_01,75.0,None,
2024-10-21,Tron-o-matic 4,Atlanta_01,75.0,None,
2024-10-21,Tron-o-matic 4,Philadelphia_01,75.0,None,
2024-10-21,Tron-o-matic 4 Pro,Online_Store,100.0,None,
2024-10-21,Tron-o-matic 4 Pro,LosAngeles_01,100.0,None,
2024-10-21,Tron-o-matic 4 Pro,NewYork_01,100.0,None,
2024-10-21,Tron-o-matic 4 Pro,NewYork_02,100.0,None,
2024-10-21,Tron-o-matic 4 Pro,Chicago_01,100.0,None,
2024-10-21,Tron-o-matic 4 Pro,Dallas_01,100.0,None,
2024-10-21,Tron-o-matic 4 Pro,Houston_01,100.0,None,
2024-10-21,Tron-o-matic 4 Pro,WashingtonDC_01,100.0,None,
2024-10-21,Tron-o-matic 4 Pro,Atlanta_01,100.0,None,
2024-10-21,Tron-o-matic 4 Pro,Philadelphia_01,100.0,None,
2024-10-21,Tron-o-matic 5,Online_Store,80.0,None,
2024-10-21,Tron-o-matic 5,LosAngeles_01,80.0,None,
2024-10-21,Tron-o-matic 5,NewYork_01,80.0,None,
2024-10-21,Tron-o-matic 5,NewYork_02,80.0,None,
2024-10-21,Tron-o-matic 5,Chicago_01,80.0,None,
2024-10-21,Tron-o-matic 5,Dallas_01,80.0,None,
2024-10-21,Tron-o-matic 5,Houston_01,80.0,None,
2024-10-21,Tron-o-matic 5,WashingtonDC_01,80.0,None,
2024-10-21,Tron-o-matic 5,Atlanta_01,80.0,None,
2024-10-21,Tron-o-matic 5,Philadelphia_01,80.0,None,
2024-10-21,Tron-o-matic 5 Pro,Online_Store,110.0,None,
2024-10-21,Tron-o-matic 5 Pro,LosAngeles_01,110.0,None,
2024-10-21,Tron-o-matic 5 Pro,NewYork_01,110.0,None,
2024-10-21,Tron-o-matic 5 Pro,NewYork_02,110.0,None,
2024-10-21,Tron-o-matic 5 Pro,Chicago_01,110.0,None,
2024-10-21,Tron-o-matic 5 Pro,Dallas_01,110.0,None,
2024-10-21,Tron-o-matic 5 Pro,Houston_01,110.0,None,
2024-10-21,Tron-o-matic 5 Pro,WashingtonDC_01,110.0,None,
2024-10-21,Tron-o-matic 5 Pro,Atlanta_01,110.0,None,
2024-10-21,Tron-o-matic 5 Pro,Philadelphia_01,110.0,None,
2024-10-22,Tron-o-matic 1,Online_Store,54.56,SMALL_DEAL,
2024-10-22,Tron-o-matic 1,LosAngeles_01,54.56,SMALL_DEAL,
2024-10-22,Tron-o-matic 1,NewYork_01,54.56,SMALL_DEAL,
2024-10-22,Tron-o-matic 1,NewYork_02,54.56,SMALL_DEAL,
2024-10-22,Tron-o-matic 1,Chicago_01,54.56,SMALL_DEAL,
2024-10-22,Tron-o-matic 1,Dallas_01,54.56,SMALL_DEAL,
2024-10-22,Tron-o-matic 1,Houston_01,54.56,SMALL_DEAL,
2024-10-22,Tron-o-matic 1,WashingtonDC_01,54.56,SMALL_DEAL,
2024-10-22,Tron-o-matic 1,Atlanta_01,54.56,SMALL_DEAL,
2024-10-22,Tron-o-matic 1,Philadelphia_01,54.56,SMALL_DEAL,
2024-10-22,Tron-o-matic 1 Pro,Online_Store,80.0,None,
2024-10-22,Tron-o-matic 1 Pro,LosAngeles_01,80.0,None,
2024-10-22,Tron-o-matic 1 Pro,NewYork_01,80.0,None,
2024-10-22,Tron-o-matic 1 Pro,NewYork_02,80.0,None,
2024-10-22,Tron-o-matic 1 Pro,Chicago_01,80.0,None,
2024-10-22,Tron-o-matic 1 Pro,Dallas_01,80.0,None,
2024-10-22,Tron-o-matic 1 Pro,Houston_01,80.0,None,
2024-10-22,Tron-o-matic 1 Pro,WashingtonDC_01,80.0,None,
2024-10-22,Tron-o-matic 1 Pro,Atlanta_01,80.0,None,
2024-10-22,Tron-o-matic 1 Pro,Philadelphia_01,80.0,None,
2024-10-22,Tron-o-matic 2,Online_Store,55.0,None,
2024-10-22,Tron-o-matic 2,LosAngeles_01,55.0,None,
2024-10-22,Tron-o-matic 2,NewYork_01,55.0,None,
2024-10-22,Tron-o-matic 2,NewYork_02,55.0,None,
2024-10-22,Tron-o-matic 2,Chicago_01,55.0,None,
2024-10-22,Tron-o-matic 2,Dallas_01,55.0,None,
2024-10-22,Tron-o-matic 2,Houston_01,55.0,None,
2024-10-22,Tron-o-matic 2,WashingtonDC_01,55.0,None,
2024-10-22,Tron-o-matic 2,Atlanta_01,55.0,None,
2024-10-22,Tron-o-matic 2,Philadelphia_01,55.0,None,
2024-10-22,Tron-o-matic 2 Pro,Online_Store,85.0,None,
2024-10-22,Tron-o-matic 2 Pro,LosAngeles_01,85.0,None,
2024-10-22,Tron-o-matic 2 Pro,NewYork_01,85.0,None,
2024-10-22,Tron-o-matic 2 Pro,NewYork_02,85.0,None,
2024-10-22,Tron-o-matic 2 Pro,Chicago_01,85.0,None,
2024-10-22,Tron-o-matic 2 Pro,Dallas_01,85.0,None,
2024-10-22,Tron-o-matic 2 Pro,Houston_01,85.0,None,
2024-10-22,Tron-o-matic 2 Pro,WashingtonDC_01,85.0,None,
2024-10-22,Tron-o-matic 2 Pro,Atlanta_01,85.0,None,
2024-10-22,Tron-o-matic 2 Pro,Philadelphia_01,85.0,None,
2024-10-22,Tron-o-matic 3,Online_Store,60.0,None,
2024-10-22,Tron-o-matic 3,LosAngeles_01,60.0,None,
2024-10-22,Tron-o-matic 3,NewYork_01,60.0,None,
2024-10-22,Tron-o-matic 3,NewYork_02,60.0,None,
2024-10-22,Tron-o-matic 3,Chicago_01,60.0,None,
2024-10-22,Tron-o-matic 3,Dallas_01,60.0,None,
2024-10-22,Tron-o-matic 3,Houston_01,60.0,None,
2024-10-22,Tron-o-matic 3,WashingtonDC_01,60.0,None,
2024-10-22,Tron-o-matic 3,Atlanta_01,60.0,None,
2024-10-22,Tron-o-matic 3,Philadelphia_01,60.0,None,
2024-10-22,Tron-o-matic 3 Pro,Online_Store,79.62,SMALL_DEAL,
2024-10-22,Tron-o-matic 3 Pro,LosAngeles_01,79.62,SMALL_DEAL,
2024-10-22,Tron-o-matic 3 Pro,NewYork_01,79.62,SMALL_DEAL,
2024-10-22,Tron-o-matic 3 Pro,NewYork_02,79.62,SMALL_DEAL,
2024-10-22,Tron-o-matic 3 Pro,Chicago_01,79.62,SMALL_DEAL,
2024-10-22,Tron-o-matic 3 Pro,Dallas_01,79.62,SMALL_DEAL,
2024-10-22,Tron-o-matic 3 Pro,Houston_01,79.62,SMALL_DEAL,
2024-10-22,Tron-o-matic 3 Pro,WashingtonDC_01,79.62,SMALL_DEAL,
2024-10-22,Tron-o-matic 3 Pro,Atlanta_01,79.62,SMALL_DEAL,
2024-10-22,Tron-o-matic 3 Pro,Philadelphia_01,79.62,SMALL_DEAL,
2024-10-22,Tron-o-matic 4,Online_Store,54.19,BIG_DEAL,
2024-10-22,Tron-o-matic 4,LosAngeles_01,54.19,BIG_DEAL,
2024-10-22,Tron-o-matic 4,NewYork_01,54.19,BIG_DEAL,
2024-10-22,Tron-o-matic 4,NewYork_02,54.19,BIG_DEAL,
2024-10-22,Tron-o-matic 4,Chicago_01,54.19,BIG_DEAL,
2024-10-22,Tron-o-matic 4,Dallas_01,54.19,BIG_DEAL,
2024-10-22,Tron-o-matic 4,Houston_01,54.19,BIG_DEAL,
2024-10-22,Tron-o-matic 4,WashingtonDC_01,54.19,BIG_DEAL,
2024-10-22,Tron-o-matic 4,Atlanta_01,54.19,BIG_DEAL,
2024-10-22,Tron-o-matic 4,Philadelphia_01,54.19,BIG_DEAL,
2024-10-22,Tron-o-matic 4 Pro,Online_Store,71.53,BIG_DEAL,
2024-10-22,Tron-o-matic 4 Pro,LosAngeles_01,71.53,BIG_DEAL,
2024-10-22,Tron-o-matic 4 Pro,NewYork_01,71.53,BIG_DEAL,
2024-10-22,Tron-o-matic 4 Pro,NewYork_02,71.53,BIG_DEAL,
2024-10-22,Tron-o-matic 4 Pro,Chicago_01,71.53,BIG_DEAL,
2024-10-22,Tron-o-matic 4 Pro,Dallas_01,71.53,BIG_DEAL,
2024-10-22,Tron-o-matic 4 Pro,Houston_01,71.53,BIG_DEAL,
2024-10-22,Tron-o-matic 4 Pro,WashingtonDC_01,71.53,BIG_DEAL,
2024-10-22,Tron-o-matic 4 Pro,Atlanta_01,71.53,BIG_DEAL,
2024-10-22,Tron-o-matic 4 Pro,Philadelphia_01,71.53,BIG_DEAL,
2024-10-22,Tron-o-matic 5,Online_Store,80.0,None,
2024-10-22,Tron-o-matic 5,LosAngeles_01,80.0,None,
2024-10-22,Tron-o-matic 5,NewYork_01,80.0,None,
2024-10-22,Tron-o-matic 5,NewYork_02,80.0,None,
2024-10-22,Tron-o-matic 5,Chicago_01,80.0,None,
2024-10-22,Tron-o-matic 5,Dallas_01,80.0,None,
2024-10-22,Tron-o-matic 5,Houston_01,80.0,None,
2024-10-22,Tron-o-matic 5,WashingtonDC_01,80.0,None,
2024-10-22,Tron-o-matic 5,Atlanta_01,80.0,None,
2024-10-22,Tron-o-matic 5,Philadelphia_01,80.0,None,
2024-10-22,Tron-o-matic 5 Pro,Online_Store,110.0,None,
2024-10-22,Tron-o-matic 5 Pro,LosAngeles_01,110.0,None,
2024-10-22,Tron-o-matic 5 Pro,NewYork_01,110.0,None,
2024-10-22,Tron-o-matic 5 Pro,NewYork_02,110.0,None,
2024-10-22,Tron-o-matic 5 Pro,Chicago_01,110.0,None,
2024-10-22,Tron-o-matic 5 Pro,Dallas_01,110.0,None,
2024-10-22,Tron-o-matic 5 Pro,Houston_01,110.0,None,
2024-10-22,Tron-o-matic 5 Pro,WashingtonDC_01,110.0,None,
2024-10-22,Tron-o-matic 5 Pro,Atlanta_01,110.0,None,
2024-10-22,Tron-o-matic 5 Pro,Philadelphia_01,110.0,None,
2024-10-23,Tron-o-matic 1,Online_Store,60.0,None,
2024-10-23,Tron-o-matic 1,LosAngeles_01,60.0,None,
2024-10-23,Tron-o-matic 1,NewYork_01,60.0,None,
2024-10-23,Tron-o-matic 1,NewYork_02,60.0,None,
2024-10-23,Tron-o-matic 1,Chicago_01,60.0,None,
2024-10-23,Tron-o-matic 1,Dallas_01,60.0,None,
2024-10-23,Tron-o-matic 1,Houston_01,60.0,None,
2024-10-23,Tron-o-matic 1,WashingtonDC_01,60.0,None,
2024-10-23,Tron-o-matic 1,Atlanta_01,60.0,None,
2024-10-23,Tron-o-matic 1,Philadelphia_01,60.0,None,
2024-10-23,Tron-o-matic 1 Pro,Online_Store,61.47,BIG_DEAL,
2024-10-23,Tron-o-matic 1 Pro,LosAngeles_01,61.47,BIG_DEAL,
2024-10-23,Tron-o-matic 1 Pro,NewYork_01,61.47,BIG_DEAL,
2024-10-23,Tron-o-matic 1 Pro,NewYork_02,61.47,BIG_DEAL,
2024-10-23,Tron-o-matic 1 Pro,Chicago_01,61.47,BIG_DEAL,
2024-10-23,Tron-o-matic 1 Pro,Dallas_01,61.47,BIG_DEAL,
2024-10-23,Tron-o-matic 1 Pro,Houston_01,61.47,BIG_DEAL,
2024-10-23,Tron-o-matic 1 Pro,WashingtonDC_01,61.47,BIG_DEAL,
2024-10-23,Tron-o-matic 1 Pro,Atlanta_01,61.47,BIG_DEAL,
2024-10-23,Tron-o-matic 1 Pro,Philadelphia_01,61.47,BIG_DEAL,
2024-10-23,Tron-o-matic 2,Online_Store,38.62,BIG_DEAL,
2024-10-23,Tron-o-matic 2,LosAngeles_01,38.62,BIG_DEAL,
2024-10-23,Tron-o-matic 2,NewYork_01,38.62,BIG_DEAL,
2024-10-23,Tron-o-matic 2,NewYork_02,38.62,BIG_DEAL,
2024-10-23,Tron-o-matic 2,Chicago_01,38.62,BIG_DEAL,
2024-10-23,Tron-o-matic 2,Dallas_01,38.62,BIG_DEAL,
2024-10-23,Tron-o-matic 2,Houston_01,38.62,BIG_DEAL,
2024-10-23,Tron-o-matic 2,WashingtonDC_01,38.62,BIG_DEAL,
2024-10-23,Tron-o-matic 2,Atlanta_01,38.62,BIG_DEAL,
2024-10-23,Tron-o-matic 2,Philadelphia_01,38.62,BIG_DEAL,
2024-10-23,Tron-o-matic 2 Pro,Online_Store,80.2,SMALL_DEAL,
2024-10-23,Tron-o-matic 2 Pro,LosAngeles_01,80.2,SMALL_DEAL,
2024-10-23,Tron-o-matic 2 Pro,NewYork_01,80.2,SMALL_DEAL,
2024-10-23,Tron-o-matic 2 Pro,NewYork_02,80.2,SMALL_DEAL,
2024-10-23,Tron-o-matic 2 Pro,Chicago_01,80.2,SMALL_DEAL,
2024-10-23,Tron-o-matic 2 Pro,Dallas_01,80.2,SMALL_DEAL,
2024-10-23,Tron-o-matic 2 Pro,Houston_01,80.2,SMALL_DEAL,
2024-10-23,Tron-o-matic 2 Pro,WashingtonDC_01,80.2,SMALL_DEAL,
2024-10-23,Tron-o-matic 2 Pro,Atlanta_01,80.2,SMALL_DEAL,
2024-10-23,Tron-o-matic 2 Pro,Philadelphia_01,80.2,SMALL_DEAL,
2024-10-23,Tron-o-matic 3,Online_Store,60.0,None,
2024-10-23,Tron-o-matic 3,LosAngeles_01,60.0,None,
2024-10-23,Tron-o-matic 3,NewYork_01,60.0,None,
2024-10-23,Tron-o-matic 3,NewYork_02,60.0,None,
2024-10-23,Tron-o-matic 3,Chicago_01,60.0,None,
2024-10-23,Tron-o-matic 3,Dallas_01,60.0,None,
2024-10-23,Tron-o-matic 3,Houston_01,60.0,None,
2024-10-23,Tron-o-matic 3,WashingtonDC_01,60.0,None,
2024-10-23,Tron-o-matic 3,Atlanta_01,60.0,None,
2024-10-23,Tron-o-matic 3,Philadelphia_01,60.0,None,
2024-10-23,Tron-o-matic 3 Pro,Online_Store,77.08,SMALL_DEAL,
2024-10-23,Tron-o-matic 3 Pro,LosAngeles_01,77.08,SMALL_DEAL,
2024-10-23,Tron-o-matic 3 Pro,NewYork_01,77.08,SMALL_DEAL,
2024-10-23,Tron-o-matic 3 Pro,NewYork_02,77.08,SMALL_DEAL,
2024-10-23,Tron-o-matic 3 Pro,Chicago_01,77.08,SMALL_DEAL,
2024-10-23,Tron-o-matic 3 Pro,Dallas_01,77.08,SMALL_DEAL,
2024-10-23,Tron-o-matic 3 Pro,Houston_01,77.08,SMALL_DEAL,
2024-10-23,Tron-o-matic 3 Pro,WashingtonDC_01,77.08,SMALL_DEAL,
2024-10-23,Tron-o-matic 3 Pro,Atlanta_01,77.08,SMALL_DEAL,
2024-10-23,Tron-o-matic 3 Pro,Philadelphia_01,77.08,SMALL_DEAL,
2024-10-23,Tron-o-matic 4,Online_Store,56.58,BIG_DEAL,
2024-10-23,Tron-o-matic 4,LosAngeles_01,56.58,BIG_DEAL,
2024-10-23,Tron-o-matic 4,NewYork_01,56.58,BIG_DEAL,
2024-10-23,Tron-o-matic 4,NewYork_02,56.58,BIG_DEAL,
2024-10-23,Tron-o-matic 4,Chicago_01,56.58,BIG_DEAL,
2024-10-23,Tron-o-matic 4,Dallas_01,56.58,BIG_DEAL,
2024-10-23,Tron-o-matic 4,Houston_01,56.58,BIG_DEAL,
2024-10-23,Tron-o-matic 4,WashingtonDC_01,56.58,BIG_DEAL,
2024-10-23,Tron-o-matic 4,Atlanta_01,56.58,BIG_DEAL,
2024-10-23,Tron-o-matic 4,Philadelphia_01,56.58,BIG_DEAL,
2024-10-23,Tron-o-matic 4 Pro,Online_Store,79.04,BIG_DEAL,
2024-10-23,Tron-o-matic 4 Pro,LosAngeles_01,79.04,BIG_DEAL,
2024-10-23,Tron-o-matic 4 Pro,NewYork_01,79.04,BIG_DEAL,
2024-10-23,Tron-o-matic 4 Pro,NewYork_02,79.04,BIG_DEAL,
2024-10-23,Tron-o-matic 4 Pro,Chicago_01,79.04,BIG_DEAL,
2024-10-23,Tron-o-matic 4 Pro,Dallas_01,79.04,BIG_DEAL,
2024-10-23,Tron-o-matic 4 Pro,Houston_01,79.04,BIG_DEAL,
2024-10-23,Tron-o-matic 4 Pro,WashingtonDC_01,79.04,BIG_DEAL,
2024-10-23,Tron-o-matic 4 Pro,Atlanta_01,79.04,BIG_DEAL,
2024-10-23,Tron-o-matic 4 Pro,Philadelphia_01,79.04,BIG_DEAL,
2024-10-23,Tron-o-matic 5,Online_Store,80.0,None,
2024-10-23,Tron-o-matic 5,LosAngeles_01,80.0,None,
2024-10-23,Tron-o-matic 5,NewYork_01,80.0,None,
2024-10-23,Tron-o-matic 5,NewYork_02,80.0,None,
2024-10-23,Tron-o-matic 5,Chicago_01,80.0,None,
2024-10-23,Tron-o-matic 5,Dallas_01,80.0,None,
2024-10-23,Tron-o-matic 5,Houston_01,80.0,None,
2024-10-23,Tron-o-matic 5,WashingtonDC_01,80.0,None,
2024-10-23,Tron-o-matic 5,Atlanta_01,80.0,None,
2024-10-23,Tron-o-matic 5,Philadelphia_01,80.0,None,
2024-10-23,Tron-o-matic 5 Pro,Online_Store,110.0,None,
2024-10-23,Tron-o-matic 5 Pro,LosAngeles_01,110.0,None,
2024-10-23,Tron-o-matic 5 Pro,NewYork_01,110.0,None,
2024-10-23,Tron-o-matic 5 Pro,NewYork_02,110.0,None,
2024-10-23,Tron-o-matic 5 Pro,Chicago_01,110.0,None,
2024-10-23,Tron-o-matic 5 Pro,Dallas_01,110.0,None,
2024-10-23,Tron-o-matic 5 Pro,Houston_01,110.0,None,
2024-10-23,Tron-o-matic 5 Pro,WashingtonDC_01,110.0,None,
2024-10-23,Tron-o-matic 5 Pro,Atlanta_01,110.0,None,
2024-10-23,Tron-o-matic 5 Pro,Philadelphia_01,110.0,None,
2024-10-24,Tron-o-matic 1,Online_Store,55.85,SMALL_DEAL,
2024-10-24,Tron-o-matic 1,LosAngeles_01,55.85,SMALL_DEAL,
2024-10-24,Tron-o-matic 1,NewYork_01,55.85,SMALL_DEAL,
2024-10-24,Tron-o-matic 1,NewYork_02,55.85,SMALL_DEAL,
2024-10-24,Tron-o-matic 1,Chicago_01,55.85,SMALL_DEAL,
2024-10-24,Tron-o-matic 1,Dallas_01,55.85,SMALL_DEAL,
2024-10-24,Tron-o-matic 1,Houston_01,55.85,SMALL_DEAL,
2024-10-24,Tron-o-matic 1,WashingtonDC_01,55.85,SMALL_DEAL,
2024-10-24,Tron-o-matic 1,Atlanta_01,55.85,SMALL_DEAL,
2024-10-24,Tron-o-matic 1,Philadelphia_01,55.85,SMALL_DEAL,
2024-10-24,Tron-o-matic 1 Pro,Online_Store,80.0,None,
2024-10-24,Tron-o-matic 1 Pro,LosAngeles_01,80.0,None,
2024-10-24,Tron-o-matic 1 Pro,NewYork_01,80.0,None,
2024-10-24,Tron-o-matic 1 Pro,NewYork_02,80.0,None,
2024-10-24,Tron-o-matic 1 Pro,Chicago_01,80.0,None,
2024-10-24,Tron-o-matic 1 Pro,Dallas_01,80.0,None,
2024-10-24,Tron-o-matic 1 Pro,Houston_01,80.0,None,
2024-10-24,Tron-o-matic 1 Pro,WashingtonDC_01,80.0,None,
2024-10-24,Tron-o-matic 1 Pro,Atlanta_01,80.0,None,
2024-10-24,Tron-o-matic 1 Pro,Philadelphia_01,80.0,None,
2024-10-24,Tron-o-matic 2,Online_Store,42.13,BIG_DEAL,
2024-10-24,Tron-o-matic 2,LosAngeles_01,42.13,BIG_DEAL,
2024-10-24,Tron-o-matic 2,NewYork_01,42.13,BIG_DEAL,
2024-10-24,Tron-o-matic 2,NewYork_02,42.13,BIG_DEAL,
2024-10-24,Tron-o-matic 2,Chicago_01,42.13,BIG_DEAL,
2024-10-24,Tron-o-matic 2,Dallas_01,42.13,BIG_DEAL,
2024-10-24,Tron-o-matic 2,Houston_01,42.13,BIG_DEAL,
2024-10-24,Tron-o-matic 2,WashingtonDC_01,42.13,BIG_DEAL,
2024-10-24,Tron-o-matic 2,Atlanta_01,42.13,BIG_DEAL,
2024-10-24,Tron-o-matic 2,Philadelphia_01,42.13,BIG_DEAL,
2024-10-24,Tron-o-matic 2 Pro,Online_Store,85.0,None,
2024-10-24,Tron-o-matic 2 Pro,LosAngeles_01,85.0,None,
2024-10-24,Tron-o-matic 2 Pro,NewYork_01,85.0,None,
2024-10-24,Tron-o-matic 2 Pro,NewYork_02,85.0,None,
2024-10-24,Tron-o-matic 2 Pro,Chicago_01,85.0,None,
2024-10-24,Tron-o-matic 2 Pro,Dallas_01,85.0,None,
2024-10-24,Tron-o-matic 2 Pro,Houston_01,85.0,None,
2024-10-24,Tron-o-matic 2 Pro,WashingtonDC_01,85.0,None,
2024-10-24,Tron-o-matic 2 Pro,Atlanta_01,85.0,None,
2024-10-24,Tron-o-matic 2 Pro,Philadelphia_01,85.0,None,
2024-10-24,Tron-o-matic 3,Online_Store,60.0,None,
2024-10-24,Tron-o-matic 3,LosAngeles_01,60.0,None,
2024-10-24,Tron-o-matic 3,NewYork_01,60.0,None,
2024-10-24,Tron-o-matic 3,NewYork_02,60.0,None,
2024-10-24,Tron-o-matic 3,Chicago_01,60.0,None,
2024-10-24,Tron-o-matic 3,Dallas_01,60.0,None,
2024-10-24,Tron-o-matic 3,Houston_01,60.0,None,
2024-10-24,Tron-o-matic 3,WashingtonDC_01,60.0,None,
2024-10-24,Tron-o-matic 3,Atlanta_01,60.0,None,
2024-10-24,Tron-o-matic 3,Philadelphia_01,60.0,None,
2024-10-24,Tron-o-matic 3 Pro,Online_Store,90.0,None,
2024-10-24,Tron-o-matic 3 Pro,LosAngeles_01,90.0,None,
2024-10-24,Tron-o-matic 3 Pro,NewYork_01,90.0,None,
2024-10-24,Tron-o-matic 3 Pro,NewYork_02,90.0,None,
2024-10-24,Tron-o-matic 3 Pro,Chicago_01,90.0,None,
2024-10-24,Tron-o-matic 3 Pro,Dallas_01,90.0,None,
2024-10-24,Tron-o-matic 3 Pro,Houston_01,90.0,None,
2024-10-24,Tron-o-matic 3 Pro,WashingtonDC_01,90.0,None,
2024-10-24,Tron-o-matic 3 Pro,Atlanta_01,90.0,None,
2024-10-24,Tron-o-matic 3 Pro,Philadelphia_01,90.0,None,
2024-10-24,Tron-o-matic 4,Online_Store,75.0,None,
2024-10-24,Tron-o-matic 4,LosAngeles_01,75.0,None,
2024-10-24,Tron-o-matic 4,NewYork_01,75.0,None,
2024-10-24,Tron-o-matic 4,NewYork_02,75.0,None,
2024-10-24,Tron-o-matic 4,Chicago_01,75.0,None,
2024-10-24,Tron-o-matic 4,Dallas_01,75.0,None,
2024-10-24,Tron-o-matic 4,Houston_01,75.0,None,
2024-10-24,Tron-o-matic 4,WashingtonDC_01,75.0,None,
2024-10-24,Tron-o-matic 4,Atlanta_01,75.0,None,
2024-10-24,Tron-o-matic 4,Philadelphia_01,75.0,None,
2024-10-24,Tron-o-matic 4 Pro,Online_Store,100.0,None,
2024-10-24,Tron-o-matic 4 Pro,LosAngeles_01,100.0,None,
2024-10-24,Tron-o-matic 4 Pro,NewYork_01,100.0,None,
2024-10-24,Tron-o-matic 4 Pro,NewYork_02,100.0,None,
2024-10-24,Tron-o-matic 4 Pro,Chicago_01,100.0,None,
2024-10-24,Tron-o-matic 4 Pro,Dallas_01,100.0,None,
2024-10-24,Tron-o-matic 4 Pro,Houston_01,100.0,None,
2024-10-24,Tron-o-matic 4 Pro,WashingtonDC_01,100.0,None,
2024-10-24,Tron-o-matic 4 Pro,Atlanta_01,100.0,None,
2024-10-24,Tron-o-matic 4 Pro,Philadelphia_01,100.0,None,
2024-10-24,Tron-o-matic 5,Online_Store,80.0,None,
2024-10-24,Tron-o-matic 5,LosAngeles_01,80.0,None,
2024-10-24,Tron-o-matic 5,NewYork_01,80.0,None,
2024-10-24,Tron-o-matic 5,NewYork_02,80.0,None,
2024-10-24,Tron-o-matic 5,Chicago_01,80.0,None,
2024-10-24,Tron-o-matic 5,Dallas_01,80.0,None,
2024-10-24,Tron-o-matic 5,Houston_01,80.0,None,
2024-10-24,Tron-o-matic 5,WashingtonDC_01,80.0,None,
2024-10-24,Tron-o-matic 5,Atlanta_01,80.0,None,
2024-10-24,Tron-o-matic 5,Philadelphia_01,80.0,None,
2024-10-24,Tron-o-matic 5 Pro,Online_Store,110.0,None,
2024-10-24,Tron-o-matic 5 Pro,LosAngeles_01,110.0,None,
2024-10-24,Tron-o-matic 5 Pro,NewYork_01,110.0,None,
2024-10-24,Tron-o-matic 5 Pro,NewYork_02,110.0,None,
2024-10-24,Tron-o-matic 5 Pro,Chicago_01,110.0,None,
2024-10-24,Tron-o-matic 5 Pro,Dallas_01,110.0,None,
2024-10-24,Tron-o-matic 5 Pro,Houston_01,110.0,None,
2024-10-24,Tron-o-matic 5 Pro,WashingtonDC_01,110.0,None,
2024-10-24,Tron-o-matic 5 Pro,Atlanta_01,110.0,None,
2024-10-24,Tron-o-matic 5 Pro,Philadelphia_01,110.0,None,
2024-10-25,Tron-o-matic 1,Online_Store,44.19,BIG_DEAL,
2024-10-25,Tron-o-matic 1,LosAngeles_01,44.19,BIG_DEAL,
2024-10-25,Tron-o-matic 1,NewYork_01,44.19,BIG_DEAL,
2024-10-25,Tron-o-matic 1,NewYork_02,44.19,BIG_DEAL,
2024-10-25,Tron-o-matic 1,Chicago_01,44.19,BIG_DEAL,
2024-10-25,Tron-o-matic 1,Dallas_01,44.19,BIG_DEAL,
2024-10-25,Tron-o-matic 1,Houston_01,44.19,BIG_DEAL,
2024-10-25,Tron-o-matic 1,WashingtonDC_01,44.19,BIG_DEAL,
2024-10-25,Tron-o-matic 1,Atlanta_01,44.19,BIG_DEAL,
2024-10-25,Tron-o-matic 1,Philadelphia_01,44.19,BIG_DEAL,
2024-10-25,Tron-o-matic 1 Pro,Online_Store,80.0,None,
2024-10-25,Tron-o-matic 1 Pro,LosAngeles_01,80.0,None,
2024-10-25,Tron-o-matic 1 Pro,NewYork_01,80.0,None,
2024-10-25,Tron-o-matic 1 Pro,NewYork_02,80.0,None,
2024-10-25,Tron-o-matic 1 Pro,Chicago_01,80.0,None,
2024-10-25,Tron-o-matic 1 Pro,Dallas_01,80.0,None,
2024-10-25,Tron-o-matic 1 Pro,Houston_01,80.0,None,
2024-10-25,Tron-o-matic 1 Pro,WashingtonDC_01,80.0,None,
2024-10-25,Tron-o-matic 1 Pro,Atlanta_01,80.0,None,
2024-10-25,Tron-o-matic 1 Pro,Philadelphia_01,80.0,None,
2024-10-25,Tron-o-matic 2,Online_Store,55.0,None,
2024-10-25,Tron-o-matic 2,LosAngeles_01,55.0,None,
2024-10-25,Tron-o-matic 2,NewYork_01,55.0,None,
2024-10-25,Tron-o-matic 2,NewYork_02,55.0,None,
2024-10-25,Tron-o-matic 2,Chicago_01,55.0,None,
2024-10-25,Tron-o-matic 2,Dallas_01,55.0,None,
2024-10-25,Tron-o-matic 2,Houston_01,55.0,None,
2024-10-25,Tron-o-matic 2,WashingtonDC_01,55.0,None,
2024-10-25,Tron-o-matic 2,Atlanta_01,55.0,None,
2024-10-25,Tron-o-matic 2,Philadelphia_01,55.0,None,
2024-10-25,Tron-o-matic 2 Pro,Online_Store,64.71,BIG_DEAL,
2024-10-25,Tron-o-matic 2 Pro,LosAngeles_01,64.71,BIG_DEAL,
2024-10-25,Tron-o-matic 2 Pro,NewYork_01,64.71,BIG_DEAL,
2024-10-25,Tron-o-matic 2 Pro,NewYork_02,64.71,BIG_DEAL,
2024-10-25,Tron-o-matic 2 Pro,Chicago_01,64.71,BIG_DEAL,
2024-10-25,Tron-o-matic 2 Pro,Dallas_01,64.71,BIG_DEAL,
2024-10-25,Tron-o-matic 2 Pro,Houston_01,64.71,BIG_DEAL,
2024-10-25,Tron-o-matic 2 Pro,WashingtonDC_01,64.71,BIG_DEAL,
2024-10-25,Tron-o-matic 2 Pro,Atlanta_01,64.71,BIG_DEAL,
2024-10-25,Tron-o-matic 2 Pro,Philadelphia_01,64.71,BIG_DEAL,
2024-10-25,Tron-o-matic 3,Online_Store,60.0,None,
2024-10-25,Tron-o-matic 3,LosAngeles_01,60.0,None,
2024-10-25,Tron-o-matic 3,NewYork_01,60.0,None,
2024-10-25,Tron-o-matic 3,NewYork_02,60.0,None,
2024-10-25,Tron-o-matic 3,Chicago_01,60.0,None,
2024-10-25,Tron-o-matic 3,Dallas_01,60.0,None,
2024-10-25,Tron-o-matic 3,Houston_01,60.0,None,
2024-10-25,Tron-o-matic 3,WashingtonDC_01,60.0,None,
2024-10-25,Tron-o-matic 3,Atlanta_01,60.0,None,
2024-10-25,Tron-o-matic 3,Philadelphia_01,60.0,None,
2024-10-25,Tron-o-matic 3 Pro,Online_Store,63.65,BIG_DEAL,
2024-10-25,Tron-o-matic 3 Pro,LosAngeles_01,63.65,BIG_DEAL,
2024-10-25,Tron-o-matic 3 Pro,NewYork_01,63.65,BIG_DEAL,
2024-10-25,Tron-o-matic 3 Pro,NewYork_02,63.65,BIG_DEAL,
2024-10-25,Tron-o-matic 3 Pro,Chicago_01,63.65,BIG_DEAL,
2024-10-25,Tron-o-matic 3 Pro,Dallas_01,63.65,BIG_DEAL,
2024-10-25,Tron-o-matic 3 Pro,Houston_01,63.65,BIG_DEAL,
2024-10-25,Tron-o-matic 3 Pro,WashingtonDC_01,63.65,BIG_DEAL,
2024-10-25,Tron-o-matic 3 Pro,Atlanta_01,63.65,BIG_DEAL,
2024-10-25,Tron-o-matic 3 Pro,Philadelphia_01,63.65,BIG_DEAL,
2024-10-25,Tron-o-matic 4,Online_Store,75.0,None,
2024-10-25,Tron-o-matic 4,LosAngeles_01,75.0,None,
2024-10-25,Tron-o-matic 4,NewYork_01,75.0,None,
2024-10-25,Tron-o-matic 4,NewYork_02,75.0,None,
2024-10-25,Tron-o-matic 4,Chicago_01,75.0,None,
2024-10-25,Tron-o-matic 4,Dallas_01,75.0,None,
2024-10-25,Tron-o-matic 4,Houston_01,75.0,None,
2024-10-25,Tron-o-matic 4,WashingtonDC_01,75.0,None,
2024-10-25,Tron-o-matic 4,Atlanta_01,75.0,None,
2024-10-25,Tron-o-matic 4,Philadelphia_01,75.0,None,
2024-10-25,Tron-o-matic 4 Pro,Online_Store,78.46,BIG_DEAL,
2024-10-25,Tron-o-matic 4 Pro,LosAngeles_01,78.46,BIG_DEAL,
2024-10-25,Tron-o-matic 4 Pro,NewYork_01,78.46,BIG_DEAL,
2024-10-25,Tron-o-matic 4 Pro,NewYork_02,78.46,BIG_DEAL,
2024-10-25,Tron-o-matic 4 Pro,Chicago_01,78.46,BIG_DEAL,
2024-10-25,Tron-o-matic 4 Pro,Dallas_01,78.46,BIG_DEAL,
2024-10-25,Tron-o-matic 4 Pro,Houston_01,78.46,BIG_DEAL,
2024-10-25,Tron-o-matic 4 Pro,WashingtonDC_01,78.46,BIG_DEAL,
2024-10-25,Tron-o-matic 4 Pro,Atlanta_01,78.46,BIG_DEAL,
2024-10-25,Tron-o-matic 4 Pro,Philadelphia_01,78.46,BIG_DEAL,
2024-10-25,Tron-o-matic 5,Online_Store,69.1,SMALL_DEAL,
2024-10-25,Tron-o-matic 5,LosAngeles_01,69.1,SMALL_DEAL,
2024-10-25,Tron-o-matic 5,NewYork_01,69.1,SMALL_DEAL,
2024-10-25,Tron-o-matic 5,NewYork_02,69.1,SMALL_DEAL,
2024-10-25,Tron-o-matic 5,Chicago_01,69.1,SMALL_DEAL,
2024-10-25,Tron-o-matic 5,Dallas_01,69.1,SMALL_DEAL,
2024-10-25,Tron-o-matic 5,Houston_01,69.1,SMALL_DEAL,
2024-10-25,Tron-o-matic 5,WashingtonDC_01,69.1,SMALL_DEAL,
2024-10-25,Tron-o-matic 5,Atlanta_01,69.1,SMALL_DEAL,
2024-10-25,Tron-o-matic 5,Philadelphia_01,69.1,SMALL_DEAL,
2024-10-25,Tron-o-matic 5 Pro,Online_Store,110.0,None,
2024-10-25,Tron-o-matic 5 Pro,LosAngeles_01,110.0,None,
2024-10-25,Tron-o-matic 5 Pro,NewYork_01,110.0,None,
2024-10-25,Tron-o-matic 5 Pro,NewYork_02,110.0,None,
2024-10-25,Tron-o-matic 5 Pro,Chicago_01,110.0,None,
2024-10-25,Tron-o-matic 5 Pro,Dallas_01,110.0,None,
2024-10-25,Tron-o-matic 5 Pro,Houston_01,110.0,None,
2024-10-25,Tron-o-matic 5 Pro,WashingtonDC_01,110.0,None,
2024-10-25,Tron-o-matic 5 Pro,Atlanta_01,110.0,None,
2024-10-25,Tron-o-matic 5 Pro,Philadelphia_01,110.0,None,
2024-10-26,Tron-o-matic 1,Online_Store,60.0,None,
2024-10-26,Tron-o-matic 1,LosAngeles_01,60.0,None,
2024-10-26,Tron-o-matic 1,NewYork_01,60.0,None,
2024-10-26,Tron-o-matic 1,NewYork_02,60.0,None,
2024-10-26,Tron-o-matic 1,Chicago_01,60.0,None,
2024-10-26,Tron-o-matic 1,Dallas_01,60.0,None,
2024-10-26,Tron-o-matic 1,Houston_01,60.0,None,
2024-10-26,Tron-o-matic 1,WashingtonDC_01,60.0,None,
2024-10-26,Tron-o-matic 1,Atlanta_01,60.0,None,
2024-10-26,Tron-o-matic 1,Philadelphia_01,60.0,None,
2024-10-26,Tron-o-matic 1 Pro,Online_Store,80.0,None,
2024-10-26,Tron-o-matic 1 Pro,LosAngeles_01,80.0,None,
2024-10-26,Tron-o-matic 1 Pro,NewYork_01,80.0,None,
2024-10-26,Tron-o-matic 1 Pro,NewYork_02,80.0,None,
2024-10-26,Tron-o-matic 1 Pro,Chicago_01,80.0,None,
2024-10-26,Tron-o-matic 1 Pro,Dallas_01,80.0,None,
2024-10-26,Tron-o-matic 1 Pro,Houston_01,80.0,None,
2024-10-26,Tron-o-matic 1 Pro,WashingtonDC_01,80.0,None,
2024-10-26,Tron-o-matic 1 Pro,Atlanta_01,80.0,None,
2024-10-26,Tron-o-matic 1 Pro,Philadelphia_01,80.0,None,
2024-10-26,Tron-o-matic 2,Online_Store,38.67,BIG_DEAL,
2024-10-26,Tron-o-matic 2,LosAngeles_01,38.67,BIG_DEAL,
2024-10-26,Tron-o-matic 2,NewYork_01,38.67,BIG_DEAL,
2024-10-26,Tron-o-matic 2,NewYork_02,38.67,BIG_DEAL,
2024-10-26,Tron-o-matic 2,Chicago_01,38.67,BIG_DEAL,
2024-10-26,Tron-o-matic 2,Dallas_01,38.67,BIG_DEAL,
2024-10-26,Tron-o-matic 2,Houston_01,38.67,BIG_DEAL,
2024-10-26,Tron-o-matic 2,WashingtonDC_01,38.67,BIG_DEAL,
2024-10-26,Tron-o-matic 2,Atlanta_01,38.67,BIG_DEAL,
2024-10-26,Tron-o-matic 2,Philadelphia_01,38.67,BIG_DEAL,
2024-10-26,Tron-o-matic 2 Pro,Online_Store,75.05,SMALL_DEAL,
2024-10-26,Tron-o-matic 2 Pro,LosAngeles_01,75.05,SMALL_DEAL,
2024-10-26,Tron-o-matic 2 Pro,NewYork_01,75.05,SMALL_DEAL,
2024-10-26,Tron-o-matic 2 Pro,NewYork_02,75.05,SMALL_DEAL,
2024-10-26,Tron-o-matic 2 Pro,Chicago_01,75.05,SMALL_DEAL,
2024-10-26,Tron-o-matic 2 Pro,Dallas_01,75.05,SMALL_DEAL,
2024-10-26,Tron-o-matic 2 Pro,Houston_01,75.05,SMALL_DEAL,
2024-10-26,Tron-o-matic 2 Pro,WashingtonDC_01,75.05,SMALL_DEAL,
2024-10-26,Tron-o-matic 2 Pro,Atlanta_01,75.05,SMALL_DEAL,
2024-10-26,Tron-o-matic 2 Pro,Philadelphia_01,75.05,SMALL_DEAL,
2024-10-26,Tron-o-matic 3,Online_Store,56.85,SMALL_DEAL,
2024-10-26,Tron-o-matic 3,LosAngeles_01,56.85,SMALL_DEAL,
2024-10-26,Tron-o-matic 3,NewYork_01,56.85,SMALL_DEAL,
2024-10-26,Tron-o-matic 3,NewYork_02,56.85,SMALL_DEAL,
2024-10-26,Tron-o-matic 3,Chicago_01,56.85,SMALL_DEAL,
2024-10-26,Tron-o-matic 3,Dallas_01,56.85,SMALL_DEAL,
2024-10-26,Tron-o-matic 3,Houston_01,56.85,SMALL_DEAL,
2024-10-26,Tron-o-matic 3,WashingtonDC_01,56.85,SMALL_DEAL,
2024-10-26,Tron-o-matic 3,Atlanta_01,56.85,SMALL_DEAL,
2024-10-26,Tron-o-matic 3,Philadelphia_01,56.85,SMALL_DEAL,
2024-10-26,Tron-o-matic 3 Pro,Online_Store,83.22,SMALL_DEAL,
2024-10-26,Tron-o-matic 3 Pro,LosAngeles_01,83.22,SMALL_DEAL,
2024-10-26,Tron-o-matic 3 Pro,NewYork_01,83.22,SMALL_DEAL,
2024-10-26,Tron-o-matic 3 Pro,NewYork_02,83.22,SMALL_DEAL,
2024-10-26,Tron-o-matic 3 Pro,Chicago_01,83.22,SMALL_DEAL,
2024-10-26,Tron-o-matic 3 Pro,Dallas_01,83.22,SMALL_DEAL,
2024-10-26,Tron-o-matic 3 Pro,Houston_01,83.22,SMALL_DEAL,
2024-10-26,Tron-o-matic 3 Pro,WashingtonDC_01,83.22,SMALL_DEAL,
2024-10-26,Tron-o-matic 3 Pro,Atlanta_01,83.22,SMALL_DEAL,
2024-10-26,Tron-o-matic 3 Pro,Philadelphia_01,83.22,SMALL_DEAL,
2024-10-26,Tron-o-matic 4,Online_Store,64.8,SMALL_DEAL,
2024-10-26,Tron-o-matic 4,LosAngeles_01,64.8,SMALL_DEAL,
2024-10-26,Tron-o-matic 4,NewYork_01,64.8,SMALL_DEAL,
2024-10-26,Tron-o-matic 4,NewYork_02,64.8,SMALL_DEAL,
2024-10-26,Tron-o-matic 4,Chicago_01,64.8,SMALL_DEAL,
2024-10-26,Tron-o-matic 4,Dallas_01,64.8,SMALL_DEAL,
2024-10-26,Tron-o-matic 4,Houston_01,64.8,SMALL_DEAL,
2024-10-26,Tron-o-matic 4,WashingtonDC_01,64.8,SMALL_DEAL,
2024-10-26,Tron-o-matic 4,Atlanta_01,64.8,SMALL_DEAL,
2024-10-26,Tron-o-matic 4,Philadelphia_01,64.8,SMALL_DEAL,
2024-10-26,Tron-o-matic 4 Pro,Online_Store,100.0,None,
2024-10-26,Tron-o-matic 4 Pro,LosAngeles_01,100.0,None,
2024-10-26,Tron-o-matic 4 Pro,NewYork_01,100.0,None,
2024-10-26,Tron-o-matic 4 Pro,NewYork_02,100.0,None,
2024-10-26,Tron-o-matic 4 Pro,Chicago_01,100.0,None,
2024-10-26,Tron-o-matic 4 Pro,Dallas_01,100.0,None,
2024-10-26,Tron-o-matic 4 Pro,Houston_01,100.0,None,
2024-10-26,Tron-o-matic 4 Pro,WashingtonDC_01,100.0,None,
2024-10-26,Tron-o-matic 4 Pro,Atlanta_01,100.0,None,
2024-10-26,Tron-o-matic 4 Pro,Philadelphia_01,100.0,None,
2024-10-26,Tron-o-matic 5,Online_Store,80.0,None,
2024-10-26,Tron-o-matic 5,LosAngeles_01,80.0,None,
2024-10-26,Tron-o-matic 5,NewYork_01,80.0,None,
2024-10-26,Tron-o-matic 5,NewYork_02,80.0,None,
2024-10-26,Tron-o-matic 5,Chicago_01,80.0,None,
2024-10-26,Tron-o-matic 5,Dallas_01,80.0,None,
2024-10-26,Tron-o-matic 5,Houston_01,80.0,None,
2024-10-26,Tron-o-matic 5,WashingtonDC_01,80.0,None,
2024-10-26,Tron-o-matic 5,Atlanta_01,80.0,None,
2024-10-26,Tron-o-matic 5,Philadelphia_01,80.0,None,
2024-10-26,Tron-o-matic 5 Pro,Online_Store,110.0,None,
2024-10-26,Tron-o-matic 5 Pro,LosAngeles_01,110.0,None,
2024-10-26,Tron-o-matic 5 Pro,NewYork_01,110.0,None,
2024-10-26,Tron-o-matic 5 Pro,NewYork_02,110.0,None,
2024-10-26,Tron-o-matic 5 Pro,Chicago_01,110.0,None,
2024-10-26,Tron-o-matic 5 Pro,Dallas_01,110.0,None,
2024-10-26,Tron-o-matic 5 Pro,Houston_01,110.0,None,
2024-10-26,Tron-o-matic 5 Pro,WashingtonDC_01,110.0,None,
2024-10-26,Tron-o-matic 5 Pro,Atlanta_01,110.0,None,
2024-10-26,Tron-o-matic 5 Pro,Philadelphia_01,110.0,None,
2024-10-27,Tron-o-matic 1,Online_Store,56.54,SMALL_DEAL,
2024-10-27,Tron-o-matic 1,LosAngeles_01,56.54,SMALL_DEAL,
2024-10-27,Tron-o-matic 1,NewYork_01,56.54,SMALL_DEAL,
2024-10-27,Tron-o-matic 1,NewYork_02,56.54,SMALL_DEAL,
2024-10-27,Tron-o-matic 1,Chicago_01,56.54,SMALL_DEAL,
2024-10-27,Tron-o-matic 1,Dallas_01,56.54,SMALL_DEAL,
2024-10-27,Tron-o-matic 1,Houston_01,56.54,SMALL_DEAL,
2024-10-27,Tron-o-matic 1,WashingtonDC_01,56.54,SMALL_DEAL,
2024-10-27,Tron-o-matic 1,Atlanta_01,56.54,SMALL_DEAL,
2024-10-27,Tron-o-matic 1,Philadelphia_01,56.54,SMALL_DEAL,
2024-10-27,Tron-o-matic 1 Pro,Online_Store,72.97,SMALL_DEAL,
2024-10-27,Tron-o-matic 1 Pro,LosAngeles_01,72.97,SMALL_DEAL,
2024-10-27,Tron-o-matic 1 Pro,NewYork_01,72.97,SMALL_DEAL,
2024-10-27,Tron-o-matic 1 Pro,NewYork_02,72.97,SMALL_DEAL,
2024-10-27,Tron-o-matic 1 Pro,Chicago_01,72.97,SMALL_DEAL,
2024-10-27,Tron-o-matic 1 Pro,Dallas_01,72.97,SMALL_DEAL,
2024-10-27,Tron-o-matic 1 Pro,Houston_01,72.97,SMALL_DEAL,
2024-10-27,Tron-o-matic 1 Pro,WashingtonDC_01,72.97,SMALL_DEAL,
2024-10-27,Tron-o-matic 1 Pro,Atlanta_01,72.97,SMALL_DEAL,
2024-10-27,Tron-o-matic 1 Pro,Philadelphia_01,72.97,SMALL_DEAL,
2024-10-27,Tron-o-matic 2,Online_Store,46.89,SMALL_DEAL,
2024-10-27,Tron-o-matic 2,LosAngeles_01,46.89,SMALL_DEAL,
2024-10-27,Tron-o-matic 2,NewYork_01,46.89,SMALL_DEAL,
2024-10-27,Tron-o-matic 2,NewYork_02,46.89,SMALL_DEAL,
2024-10-27,Tron-o-matic 2,Chicago_01,46.89,SMALL_DEAL,
2024-10-27,Tron-o-matic 2,Dallas_01,46.89,SMALL_DEAL,
2024-10-27,Tron-o-matic 2,Houston_01,46.89,SMALL_DEAL,
2024-10-27,Tron-o-matic 2,WashingtonDC_01,46.89,SMALL_DEAL,
2024-10-27,Tron-o-matic 2,Atlanta_01,46.89,SMALL_DEAL,
2024-10-27,Tron-o-matic 2,Philadelphia_01,46.89,SMALL_DEAL,
2024-10-27,Tron-o-matic 2 Pro,Online_Store,85.0,None,
2024-10-27,Tron-o-matic 2 Pro,LosAngeles_01,85.0,None,
2024-10-27,Tron-o-matic 2 Pro,NewYork_01,85.0,None,
2024-10-27,Tron-o-matic 2 Pro,NewYork_02,85.0,None,
2024-10-27,Tron-o-matic 2 Pro,Chicago_01,85.0,None,
2024-10-27,Tron-o-matic 2 Pro,Dallas_01,85.0,None,
2024-10-27,Tron-o-matic 2 Pro,Houston_01,85.0,None,
2024-10-27,Tron-o-matic 2 Pro,WashingtonDC_01,85.0,None,
2024-10-27,Tron-o-matic 2 Pro,Atlanta_01,85.0,None,
2024-10-27,Tron-o-matic 2 Pro,Philadelphia_01,85.0,None,
2024-10-27,Tron-o-matic 3,Online_Store,51.38,SMALL_DEAL,
2024-10-27,Tron-o-matic 3,LosAngeles_01,51.38,SMALL_DEAL,
2024-10-27,Tron-o-matic 3,NewYork_01,51.38,SMALL_DEAL,
2024-10-27,Tron-o-matic 3,NewYork_02,51.38,SMALL_DEAL,
2024-10-27,Tron-o-matic 3,Chicago_01,51.38,SMALL_DEAL,
2024-10-27,Tron-o-matic 3,Dallas_01,51.38,SMALL_DEAL,
2024-10-27,Tron-o-matic 3,Houston_01,51.38,SMALL_DEAL,
2024-10-27,Tron-o-matic 3,WashingtonDC_01,51.38,SMALL_DEAL,
2024-10-27,Tron-o-matic 3,Atlanta_01,51.38,SMALL_DEAL,
2024-10-27,Tron-o-matic 3,Philadelphia_01,51.38,SMALL_DEAL,
2024-10-27,Tron-o-matic 3 Pro,Online_Store,90.0,None,
2024-10-27,Tron-o-matic 3 Pro,LosAngeles_01,90.0,None,
2024-10-27,Tron-o-matic 3 Pro,NewYork_01,90.0,None,
2024-10-27,Tron-o-matic 3 Pro,NewYork_02,90.0,None,
2024-10-27,Tron-o-matic 3 Pro,Chicago_01,90.0,None,
2024-10-27,Tron-o-matic 3 Pro,Dallas_01,90.0,None,
2024-10-27,Tron-o-matic 3 Pro,Houston_01,90.0,None,
2024-10-27,Tron-o-matic 3 Pro,WashingtonDC_01,90.0,None,
2024-10-27,Tron-o-matic 3 Pro,Atlanta_01,90.0,None,
2024-10-27,Tron-o-matic 3 Pro,Philadelphia_01,90.0,None,
2024-10-27,Tron-o-matic 4,Online_Store,70.99,SMALL_DEAL,
2024-10-27,Tron-o-matic 4,LosAngeles_01,70.99,SMALL_DEAL,
2024-10-27,Tron-o-matic 4,NewYork_01,70.99,SMALL_DEAL,
2024-10-27,Tron-o-matic 4,NewYork_02,70.99,SMALL_DEAL,
2024-10-27,Tron-o-matic 4,Chicago_01,70.99,SMALL_DEAL,
2024-10-27,Tron-o-matic 4,Dallas_01,70.99,SMALL_DEAL,
2024-10-27,Tron-o-matic 4,Houston_01,70.99,SMALL_DEAL,
2024-10-27,Tron-o-matic 4,WashingtonDC_01,70.99,SMALL_DEAL,
2024-10-27,Tron-o-matic 4,Atlanta_01,70.99,SMALL_DEAL,
2024-10-27,Tron-o-matic 4,Philadelphia_01,70.99,SMALL_DEAL,
2024-10-27,Tron-o-matic 4 Pro,Online_Store,94.74,SMALL_DEAL,
2024-10-27,Tron-o-matic 4 Pro,LosAngeles_01,94.74,SMALL_DEAL,
2024-10-27,Tron-o-matic 4 Pro,NewYork_01,94.74,SMALL_DEAL,
2024-10-27,Tron-o-matic 4 Pro,NewYork_02,94.74,SMALL_DEAL,
2024-10-27,Tron-o-matic 4 Pro,Chicago_01,94.74,SMALL_DEAL,
2024-10-27,Tron-o-matic 4 Pro,Dallas_01,94.74,SMALL_DEAL,
2024-10-27,Tron-o-matic 4 Pro,Houston_01,94.74,SMALL_DEAL,
2024-10-27,Tron-o-matic 4 Pro,WashingtonDC_01,94.74,SMALL_DEAL,
2024-10-27,Tron-o-matic 4 Pro,Atlanta_01,94.74,SMALL_DEAL,
2024-10-27,Tron-o-matic 4 Pro,Philadelphia_01,94.74,SMALL_DEAL,
2024-10-27,Tron-o-matic 5,Online_Store,72.92,SMALL_DEAL,
2024-10-27,Tron-o-matic 5,LosAngeles_01,72.92,SMALL_DEAL,
2024-10-27,Tron-o-matic 5,NewYork_01,72.92,SMALL_DEAL,
2024-10-27,Tron-o-matic 5,NewYork_02,72.92,SMALL_DEAL,
2024-10-27,Tron-o-matic 5,Chicago_01,72.92,SMALL_DEAL,
2024-10-27,Tron-o-matic 5,Dallas_01,72.92,SMALL_DEAL,
2024-10-27,Tron-o-matic 5,Houston_01,72.92,SMALL_DEAL,
2024-10-27,Tron-o-matic 5,WashingtonDC_01,72.92,SMALL_DEAL,
2024-10-27,Tron-o-matic 5,Atlanta_01,72.92,SMALL_DEAL,
2024-10-27,Tron-o-matic 5,Philadelphia_01,72.92,SMALL_DEAL,
2024-10-27,Tron-o-matic 5 Pro,Online_Store,110.0,None,
2024-10-27,Tron-o-matic 5 Pro,LosAngeles_01,110.0,None,
2024-10-27,Tron-o-matic 5 Pro,NewYork_01,110.0,None,
2024-10-27,Tron-o-matic 5 Pro,NewYork_02,110.0,None,
2024-10-27,Tron-o-matic 5 Pro,Chicago_01,110.0,None,
2024-10-27,Tron-o-matic 5 Pro,Dallas_01,110.0,None,
2024-10-27,Tron-o-matic 5 Pro,Houston_01,110.0,None,
2024-10-27,Tron-o-matic 5 Pro,WashingtonDC_01,110.0,None,
2024-10-27,Tron-o-matic 5 Pro,Atlanta_01,110.0,None,
2024-10-27,Tron-o-matic 5 Pro,Philadelphia_01,110.0,None,
2024-10-28,Tron-o-matic 1,Online_Store,46.81,BIG_DEAL,
2024-10-28,Tron-o-matic 1,LosAngeles_01,46.81,BIG_DEAL,
2024-10-28,Tron-o-matic 1,NewYork_01,46.81,BIG_DEAL,
2024-10-28,Tron-o-matic 1,NewYork_02,46.81,BIG_DEAL,
2024-10-28,Tron-o-matic 1,Chicago_01,46.81,BIG_DEAL,
2024-10-28,Tron-o-matic 1,Dallas_01,46.81,BIG_DEAL,
2024-10-28,Tron-o-matic 1,Houston_01,46.81,BIG_DEAL,
2024-10-28,Tron-o-matic 1,WashingtonDC_01,46.81,BIG_DEAL,
2024-10-28,Tron-o-matic 1,Atlanta_01,46.81,BIG_DEAL,
2024-10-28,Tron-o-matic 1,Philadelphia_01,46.81,BIG_DEAL,
2024-10-28,Tron-o-matic 1 Pro,Online_Store,80.0,None,
2024-10-28,Tron-o-matic 1 Pro,LosAngeles_01,80.0,None,
2024-10-28,Tron-o-matic 1 Pro,NewYork_01,80.0,None,
2024-10-28,Tron-o-matic 1 Pro,NewYork_02,80.0,None,
2024-10-28,Tron-o-matic 1 Pro,Chicago_01,80.0,None,
2024-10-28,Tron-o-matic 1 Pro,Dallas_01,80.0,None,
2024-10-28,Tron-o-matic 1 Pro,Houston_01,80.0,None,
2024-10-28,Tron-o-matic 1 Pro,WashingtonDC_01,80.0,None,
2024-10-28,Tron-o-matic 1 Pro,Atlanta_01,80.0,None,
2024-10-28,Tron-o-matic 1 Pro,Philadelphia_01,80.0,None,
2024-10-28,Tron-o-matic 2,Online_Store,51.3,SMALL_DEAL,
2024-10-28,Tron-o-matic 2,LosAngeles_01,51.3,SMALL_DEAL,
2024-10-28,Tron-o-matic 2,NewYork_01,51.3,SMALL_DEAL,
2024-10-28,Tron-o-matic 2,NewYork_02,51.3,SMALL_DEAL,
2024-10-28,Tron-o-matic 2,Chicago_01,51.3,SMALL_DEAL,
2024-10-28,Tron-o-matic 2,Dallas_01,51.3,SMALL_DEAL,
2024-10-28,Tron-o-matic 2,Houston_01,51.3,SMALL_DEAL,
2024-10-28,Tron-o-matic 2,WashingtonDC_01,51.3,SMALL_DEAL,
2024-10-28,Tron-o-matic 2,Atlanta_01,51.3,SMALL_DEAL,
2024-10-28,Tron-o-matic 2,Philadelphia_01,51.3,SMALL_DEAL,
2024-10-28,Tron-o-matic 2 Pro,Online_Store,63.79,BIG_DEAL,
2024-10-28,Tron-o-matic 2 Pro,LosAngeles_01,63.79,BIG_DEAL,
2024-10-28,Tron-o-matic 2 Pro,NewYork_01,63.79,BIG_DEAL,
2024-10-28,Tron-o-matic 2 Pro,NewYork_02,63.79,BIG_DEAL,
2024-10-28,Tron-o-matic 2 Pro,Chicago_01,63.79,BIG_DEAL,
2024-10-28,Tron-o-matic 2 Pro,Dallas_01,63.79,BIG_DEAL,
2024-10-28,Tron-o-matic 2 Pro,Houston_01,63.79,BIG_DEAL,
2024-10-28,Tron-o-matic 2 Pro,WashingtonDC_01,63.79,BIG_DEAL,
2024-10-28,Tron-o-matic 2 Pro,Atlanta_01,63.79,BIG_DEAL,
2024-10-28,Tron-o-matic 2 Pro,Philadelphia_01,63.79,BIG_DEAL,
2024-10-28,Tron-o-matic 3,Online_Store,51.21,SMALL_DEAL,
2024-10-28,Tron-o-matic 3,LosAngeles_01,51.21,SMALL_DEAL,
2024-10-28,Tron-o-matic 3,NewYork_01,51.21,SMALL_DEAL,
2024-10-28,Tron-o-matic 3,NewYork_02,51.21,SMALL_DEAL,
2024-10-28,Tron-o-matic 3,Chicago_01,51.21,SMALL_DEAL,
2024-10-28,Tron-o-matic 3,Dallas_01,51.21,SMALL_DEAL,
2024-10-28,Tron-o-matic 3,Houston_01,51.21,SMALL_DEAL,
2024-10-28,Tron-o-matic 3,WashingtonDC_01,51.21,SMALL_DEAL,
2024-10-28,Tron-o-matic 3,Atlanta_01,51.21,SMALL_DEAL,
2024-10-28,Tron-o-matic 3,Philadelphia_01,51.21,SMALL_DEAL,
2024-10-28,Tron-o-matic 3 Pro,Online_Store,81.14,SMALL_DEAL,
2024-10-28,Tron-o-matic 3 Pro,LosAngeles_01,81.14,SMALL_DEAL,
2024-10-28,Tron-o-matic 3 Pro,NewYork_01,81.14,SMALL_DEAL,
2024-10-28,Tron-o-matic 3 Pro,NewYork_02,81.14,SMALL_DEAL,
2024-10-28,Tron-o-matic 3 Pro,Chicago_01,81.14,SMALL_DEAL,
2024-10-28,Tron-o-matic 3 Pro,Dallas_01,81.14,SMALL_DEAL,
2024-10-28,Tron-o-matic 3 Pro,Houston_01,81.14,SMALL_DEAL,
2024-10-28,Tron-o-matic 3 Pro,WashingtonDC_01,81.14,SMALL_DEAL,
2024-10-28,Tron-o-matic 3 Pro,Atlanta_01,81.14,SMALL_DEAL,
2024-10-28,Tron-o-matic 3 Pro,Philadelphia_01,81.14,SMALL_DEAL,
2024-10-28,Tron-o-matic 4,Online_Store,75.0,None,
2024-10-28,Tron-o-matic 4,LosAngeles_01,75.0,None,
2024-10-28,Tron-o-matic 4,NewYork_01,75.0,None,
2024-10-28,Tron-o-matic 4,NewYork_02,75.0,None,
2024-10-28,Tron-o-matic 4,Chicago_01,75.0,None,
2024-10-28,Tron-o-matic 4,Dallas_01,75.0,None,
2024-10-28,Tron-o-matic 4,Houston_01,75.0,None,
2024-10-28,Tron-o-matic 4,WashingtonDC_01,75.0,None,
2024-10-28,Tron-o-matic 4,Atlanta_01,75.0,None,
2024-10-28,Tron-o-matic 4,Philadelphia_01,75.0,None,
2024-10-28,Tron-o-matic 4 Pro,Online_Store,92.2,SMALL_DEAL,
2024-10-28,Tron-o-matic 4 Pro,LosAngeles_01,92.2,SMALL_DEAL,
2024-10-28,Tron-o-matic 4 Pro,NewYork_01,92.2,SMALL_DEAL,
2024-10-28,Tron-o-matic 4 Pro,NewYork_02,92.2,SMALL_DEAL,
2024-10-28,Tron-o-matic 4 Pro,Chicago_01,92.2,SMALL_DEAL,
2024-10-28,Tron-o-matic 4 Pro,Dallas_01,92.2,SMALL_DEAL,
2024-10-28,Tron-o-matic 4 Pro,Houston_01,92.2,SMALL_DEAL,
2024-10-28,Tron-o-matic 4 Pro,WashingtonDC_01,92.2,SMALL_DEAL,
2024-10-28,Tron-o-matic 4 Pro,Atlanta_01,92.2,SMALL_DEAL,
2024-10-28,Tron-o-matic 4 Pro,Philadelphia_01,92.2,SMALL_DEAL,
2024-10-28,Tron-o-matic 5,Online_Store,57.23,BIG_DEAL,
2024-10-28,Tron-o-matic 5,LosAngeles_01,57.23,BIG_DEAL,
2024-10-28,Tron-o-matic 5,NewYork_01,57.23,BIG_DEAL,
2024-10-28,Tron-o-matic 5,NewYork_02,57.23,BIG_DEAL,
2024-10-28,Tron-o-matic 5,Chicago_01,57.23,BIG_DEAL,
2024-10-28,Tron-o-matic 5,Dallas_01,57.23,BIG_DEAL,
2024-10-28,Tron-o-matic 5,Houston_01,57.23,BIG_DEAL,
2024-10-28,Tron-o-matic 5,WashingtonDC_01,57.23,BIG_DEAL,
2024-10-28,Tron-o-matic 5,Atlanta_01,57.23,BIG_DEAL,
2024-10-28,Tron-o-matic 5,Philadelphia_01,57.23,BIG_DEAL,
2024-10-28,Tron-o-matic 5 Pro,Online_Store,95.75,SMALL_DEAL,
2024-10-28,Tron-o-matic 5 Pro,LosAngeles_01,95.75,SMALL_DEAL,
2024-10-28,Tron-o-matic 5 Pro,NewYork_01,95.75,SMALL_DEAL,
2024-10-28,Tron-o-matic 5 Pro,NewYork_02,95.75,SMALL_DEAL,
2024-10-28,Tron-o-matic 5 Pro,Chicago_01,95.75,SMALL_DEAL,
2024-10-28,Tron-o-matic 5 Pro,Dallas_01,95.75,SMALL_DEAL,
2024-10-28,Tron-o-matic 5 Pro,Houston_01,95.75,SMALL_DEAL,
2024-10-28,Tron-o-matic 5 Pro,WashingtonDC_01,95.75,SMALL_DEAL,
2024-10-28,Tron-o-matic 5 Pro,Atlanta_01,95.75,SMALL_DEAL,
2024-10-28,Tron-o-matic 5 Pro,Philadelphia_01,95.75,SMALL_DEAL,
2024-10-29,Tron-o-matic 1,Online_Store,60.0,None,
2024-10-29,Tron-o-matic 1,LosAngeles_01,60.0,None,
2024-10-29,Tron-o-matic 1,NewYork_01,60.0,None,
2024-10-29,Tron-o-matic 1,NewYork_02,60.0,None,
2024-10-29,Tron-o-matic 1,Chicago_01,60.0,None,
2024-10-29,Tron-o-matic 1,Dallas_01,60.0,None,
2024-10-29,Tron-o-matic 1,Houston_01,60.0,None,
2024-10-29,Tron-o-matic 1,WashingtonDC_01,60.0,None,
2024-10-29,Tron-o-matic 1,Atlanta_01,60.0,None,
2024-10-29,Tron-o-matic 1,Philadelphia_01,60.0,None,
2024-10-29,Tron-o-matic 1 Pro,Online_Store,80.0,None,
2024-10-29,Tron-o-matic 1 Pro,LosAngeles_01,80.0,None,
2024-10-29,Tron-o-matic 1 Pro,NewYork_01,80.0,None,
2024-10-29,Tron-o-matic 1 Pro,NewYork_02,80.0,None,
2024-10-29,Tron-o-matic 1 Pro,Chicago_01,80.0,None,
2024-10-29,Tron-o-matic 1 Pro,Dallas_01,80.0,None,
2024-10-29,Tron-o-matic 1 Pro,Houston_01,80.0,None,
2024-10-29,Tron-o-matic 1 Pro,WashingtonDC_01,80.0,None,
2024-10-29,Tron-o-matic 1 Pro,Atlanta_01,80.0,None,
2024-10-29,Tron-o-matic 1 Pro,Philadelphia_01,80.0,None,
2024-10-29,Tron-o-matic 2,Online_Store,38.7,BIG_DEAL,
2024-10-29,Tron-o-matic 2,LosAngeles_01,38.7,BIG_DEAL,
2024-10-29,Tron-o-matic 2,NewYork_01,38.7,BIG_DEAL,
2024-10-29,Tron-o-matic 2,NewYork_02,38.7,BIG_DEAL,
2024-10-29,Tron-o-matic 2,Chicago_01,38.7,BIG_DEAL,
2024-10-29,Tron-o-matic 2,Dallas_01,38.7,BIG_DEAL,
2024-10-29,Tron-o-matic 2,Houston_01,38.7,BIG_DEAL,
2024-10-29,Tron-o-matic 2,WashingtonDC_01,38.7,BIG_DEAL,
2024-10-29,Tron-o-matic 2,Atlanta_01,38.7,BIG_DEAL,
2024-10-29,Tron-o-matic 2,Philadelphia_01,38.7,BIG_DEAL,
2024-10-29,Tron-o-matic 2 Pro,Online_Store,61.31,BIG_DEAL,
2024-10-29,Tron-o-matic 2 Pro,LosAngeles_01,61.31,BIG_DEAL,
2024-10-29,Tron-o-matic 2 Pro,NewYork_01,61.31,BIG_DEAL,
2024-10-29,Tron-o-matic 2 Pro,NewYork_02,61.31,BIG_DEAL,
2024-10-29,Tron-o-matic 2 Pro,Chicago_01,61.31,BIG_DEAL,
2024-10-29,Tron-o-matic 2 Pro,Dallas_01,61.31,BIG_DEAL,
2024-10-29,Tron-o-matic 2 Pro,Houston_01,61.31,BIG_DEAL,
2024-10-29,Tron-o-matic 2 Pro,WashingtonDC_01,61.31,BIG_DEAL,
2024-10-29,Tron-o-matic 2 Pro,Atlanta_01,61.31,BIG_DEAL,
2024-10-29,Tron-o-matic 2 Pro,Philadelphia_01,61.31,BIG_DEAL,
2024-10-29,Tron-o-matic 3,Online_Store,53.53,SMALL_DEAL,
2024-10-29,Tron-o-matic 3,LosAngeles_01,53.53,SMALL_DEAL,
2024-10-29,Tron-o-matic 3,NewYork_01,53.53,SMALL_DEAL,
2024-10-29,Tron-o-matic 3,NewYork_02,53.53,SMALL_DEAL,
2024-10-29,Tron-o-matic 3,Chicago_01,53.53,SMALL_DEAL,
2024-10-29,Tron-o-matic 3,Dallas_01,53.53,SMALL_DEAL,
2024-10-29,Tron-o-matic 3,Houston_01,53.53,SMALL_DEAL,
2024-10-29,Tron-o-matic 3,WashingtonDC_01,53.53,SMALL_DEAL,
2024-10-29,Tron-o-matic 3,Atlanta_01,53.53,SMALL_DEAL,
2024-10-29,Tron-o-matic 3,Philadelphia_01,53.53,SMALL_DEAL,
2024-10-29,Tron-o-matic 3 Pro,Online_Store,90.0,None,
2024-10-29,Tron-o-matic 3 Pro,LosAngeles_01,90.0,None,
2024-10-29,Tron-o-matic 3 Pro,NewYork_01,90.0,None,
2024-10-29,Tron-o-matic 3 Pro,NewYork_02,90.0,None,
2024-10-29,Tron-o-matic 3 Pro,Chicago_01,90.0,None,
2024-10-29,Tron-o-matic 3 Pro,Dallas_01,90.0,None,
2024-10-29,Tron-o-matic 3 Pro,Houston_01,90.0,None,
2024-10-29,Tron-o-matic 3 Pro,WashingtonDC_01,90.0,None,
2024-10-29,Tron-o-matic 3 Pro,Atlanta_01,90.0,None,
2024-10-29,Tron-o-matic 3 Pro,Philadelphia_01,90.0,None,
2024-10-29,Tron-o-matic 4,Online_Store,75.0,None,
2024-10-29,Tron-o-matic 4,LosAngeles_01,75.0,None,
2024-10-29,Tron-o-matic 4,NewYork_01,75.0,None,
2024-10-29,Tron-o-matic 4,NewYork_02,75.0,None,
2024-10-29,Tron-o-matic 4,Chicago_01,75.0,None,
2024-10-29,Tron-o-matic 4,Dallas_01,75.0,None,
2024-10-29,Tron-o-matic 4,Houston_01,75.0,None,
2024-10-29,Tron-o-matic 4,WashingtonDC_01,75.0,None,
2024-10-29,Tron-o-matic 4,Atlanta_01,75.0,None,
2024-10-29,Tron-o-matic 4,Philadelphia_01,75.0,None,
2024-10-29,Tron-o-matic 4 Pro,Online_Store,100.0,None,
2024-10-29,Tron-o-matic 4 Pro,LosAngeles_01,100.0,None,
2024-10-29,Tron-o-matic 4 Pro,NewYork_01,100.0,None,
2024-10-29,Tron-o-matic 4 Pro,NewYork_02,100.0,None,
2024-10-29,Tron-o-matic 4 Pro,Chicago_01,100.0,None,
2024-10-29,Tron-o-matic 4 Pro,Dallas_01,100.0,None,
2024-10-29,Tron-o-matic 4 Pro,Houston_01,100.0,None,
2024-10-29,Tron-o-matic 4 Pro,WashingtonDC_01,100.0,None,
2024-10-29,Tron-o-matic 4 Pro,Atlanta_01,100.0,None,
2024-10-29,Tron-o-matic 4 Pro,Philadelphia_01,100.0,None,
2024-10-29,Tron-o-matic 5,Online_Store,80.0,None,
2024-10-29,Tron-o-matic 5,LosAngeles_01,80.0,None,
2024-10-29,Tron-o-matic 5,NewYork_01,80.0,None,
2024-10-29,Tron-o-matic 5,NewYork_02,80.0,None,
2024-10-29,Tron-o-matic 5,Chicago_01,80.0,None,
2024-10-29,Tron-o-matic 5,Dallas_01,80.0,None,
2024-10-29,Tron-o-matic 5,Houston_01,80.0,None,
2024-10-29,Tron-o-matic 5,WashingtonDC_01,80.0,None,
2024-10-29,Tron-o-matic 5,Atlanta_01,80.0,None,
2024-10-29,Tron-o-matic 5,Philadelphia_01,80.0,None,
2024-10-29,Tron-o-matic 5 Pro,Online_Store,110.0,None,
2024-10-29,Tron-o-matic 5 Pro,LosAngeles_01,110.0,None,
2024-10-29,Tron-o-matic 5 Pro,NewYork_01,110.0,None,
2024-10-29,Tron-o-matic 5 Pro,NewYork_02,110.0,None,
2024-10-29,Tron-o-matic 5 Pro,Chicago_01,110.0,None,
2024-10-29,Tron-o-matic 5 Pro,Dallas_01,110.0,None,
2024-10-29,Tron-o-matic 5 Pro,Houston_01,110.0,None,
2024-10-29,Tron-o-matic 5 Pro,WashingtonDC_01,110.0,None,
2024-10-29,Tron-o-matic 5 Pro,Atlanta_01,110.0,None,
2024-10-29,Tron-o-matic 5 Pro,Philadelphia_01,110.0,None,
2024-10-30,Tron-o-matic 1,Online_Store,60.0,None,
2024-10-30,Tron-o-matic 1,LosAngeles_01,60.0,None,
2024-10-30,Tron-o-matic 1,NewYork_01,60.0,None,
2024-10-30,Tron-o-matic 1,NewYork_02,60.0,None,
2024-10-30,Tron-o-matic 1,Chicago_01,60.0,None,
2024-10-30,Tron-o-matic 1,Dallas_01,60.0,None,
2024-10-30,Tron-o-matic 1,Houston_01,60.0,None,
2024-10-30,Tron-o-matic 1,WashingtonDC_01,60.0,None,
2024-10-30,Tron-o-matic 1,Atlanta_01,60.0,None,
2024-10-30,Tron-o-matic 1,Philadelphia_01,60.0,None,
2024-10-30,Tron-o-matic 1 Pro,Online_Store,63.97,BIG_DEAL,
2024-10-30,Tron-o-matic 1 Pro,LosAngeles_01,63.97,BIG_DEAL,
2024-10-30,Tron-o-matic 1 Pro,NewYork_01,63.97,BIG_DEAL,
2024-10-30,Tron-o-matic 1 Pro,NewYork_02,63.97,BIG_DEAL,
2024-10-30,Tron-o-matic 1 Pro,Chicago_01,63.97,BIG_DEAL,
2024-10-30,Tron-o-matic 1 Pro,Dallas_01,63.97,BIG_DEAL,
2024-10-30,Tron-o-matic 1 Pro,Houston_01,63.97,BIG_DEAL,
2024-10-30,Tron-o-matic 1 Pro,WashingtonDC_01,63.97,BIG_DEAL,
2024-10-30,Tron-o-matic 1 Pro,Atlanta_01,63.97,BIG_DEAL,
2024-10-30,Tron-o-matic 1 Pro,Philadelphia_01,63.97,BIG_DEAL,
2024-10-30,Tron-o-matic 2,Online_Store,52.09,SMALL_DEAL,
2024-10-30,Tron-o-matic 2,LosAngeles_01,52.09,SMALL_DEAL,
2024-10-30,Tron-o-matic 2,NewYork_01,52.09,SMALL_DEAL,
2024-10-30,Tron-o-matic 2,NewYork_02,52.09,SMALL_DEAL,
2024-10-30,Tron-o-matic 2,Chicago_01,52.09,SMALL_DEAL,
2024-10-30,Tron-o-matic 2,Dallas_01,52.09,SMALL_DEAL,
2024-10-30,Tron-o-matic 2,Houston_01,52.09,SMALL_DEAL,
2024-10-30,Tron-o-matic 2,WashingtonDC_01,52.09,SMALL_DEAL,
2024-10-30,Tron-o-matic 2,Atlanta_01,52.09,SMALL_DEAL,
2024-10-30,Tron-o-matic 2,Philadelphia_01,52.09,SMALL_DEAL,
2024-10-30,Tron-o-matic 2 Pro,Online_Store,79.48,SMALL_DEAL,
2024-10-30,Tron-o-matic 2 Pro,LosAngeles_01,79.48,SMALL_DEAL,
2024-10-30,Tron-o-matic 2 Pro,NewYork_01,79.48,SMALL_DEAL,
2024-10-30,Tron-o-matic 2 Pro,NewYork_02,79.48,SMALL_DEAL,
2024-10-30,Tron-o-matic 2 Pro,Chicago_01,79.48,SMALL_DEAL,
2024-10-30,Tron-o-matic 2 Pro,Dallas_01,79.48,SMALL_DEAL,
2024-10-30,Tron-o-matic 2 Pro,Houston_01,79.48,SMALL_DEAL,
2024-10-30,Tron-o-matic 2 Pro,WashingtonDC_01,79.48,SMALL_DEAL,
2024-10-30,Tron-o-matic 2 Pro,Atlanta_01,79.48,SMALL_DEAL,
2024-10-30,Tron-o-matic 2 Pro,Philadelphia_01,79.48,SMALL_DEAL,
2024-10-30,Tron-o-matic 3,Online_Store,42.09,BIG_DEAL,
2024-10-30,Tron-o-matic 3,LosAngeles_01,42.09,BIG_DEAL,
2024-10-30,Tron-o-matic 3,NewYork_01,42.09,BIG_DEAL,
2024-10-30,Tron-o-matic 3,NewYork_02,42.09,BIG_DEAL,
2024-10-30,Tron-o-matic 3,Chicago_01,42.09,BIG_DEAL,
2024-10-30,Tron-o-matic 3,Dallas_01,42.09,BIG_DEAL,
2024-10-30,Tron-o-matic 3,Houston_01,42.09,BIG_DEAL,
2024-10-30,Tron-o-matic 3,WashingtonDC_01,42.09,BIG_DEAL,
2024-10-30,Tron-o-matic 3,Atlanta_01,42.09,BIG_DEAL,
2024-10-30,Tron-o-matic 3,Philadelphia_01,42.09,BIG_DEAL,
2024-10-30,Tron-o-matic 3 Pro,Online_Store,64.2,BIG_DEAL,
2024-10-30,Tron-o-matic 3 Pro,LosAngeles_01,64.2,BIG_DEAL,
2024-10-30,Tron-o-matic 3 Pro,NewYork_01,64.2,BIG_DEAL,
2024-10-30,Tron-o-matic 3 Pro,NewYork_02,64.2,BIG_DEAL,
2024-10-30,Tron-o-matic 3 Pro,Chicago_01,64.2,BIG_DEAL,
2024-10-30,Tron-o-matic 3 Pro,Dallas_01,64.2,BIG_DEAL,
2024-10-30,Tron-o-matic 3 Pro,Houston_01,64.2,BIG_DEAL,
2024-10-30,Tron-o-matic 3 Pro,WashingtonDC_01,64.2,BIG_DEAL,
2024-10-30,Tron-o-matic 3 Pro,Atlanta_01,64.2,BIG_DEAL,
2024-10-30,Tron-o-matic 3 Pro,Philadelphia_01,64.2,BIG_DEAL,
2024-10-30,Tron-o-matic 4,Online_Store,75.0,None,
2024-10-30,Tron-o-matic 4,LosAngeles_01,75.0,None,
2024-10-30,Tron-o-matic 4,NewYork_01,75.0,None,
2024-10-30,Tron-o-matic 4,NewYork_02,75.0,None,
2024-10-30,Tron-o-matic 4,Chicago_01,75.0,None,
2024-10-30,Tron-o-matic 4,Dallas_01,75.0,None,
2024-10-30,Tron-o-matic 4,Houston_01,75.0,None,
2024-10-30,Tron-o-matic 4,WashingtonDC_01,75.0,None,
2024-10-30,Tron-o-matic 4,Atlanta_01,75.0,None,
2024-10-30,Tron-o-matic 4,Philadelphia_01,75.0,None,
2024-10-30,Tron-o-matic 4 Pro,Online_Store,100.0,None,
2024-10-30,Tron-o-matic 4 Pro,LosAngeles_01,100.0,None,
2024-10-30,Tron-o-matic 4 Pro,NewYork_01,100.0,None,
2024-10-30,Tron-o-matic 4 Pro,NewYork_02,100.0,None,
2024-10-30,Tron-o-matic 4 Pro,Chicago_01,100.0,None,
2024-10-30,Tron-o-matic 4 Pro,Dallas_01,100.0,None,
2024-10-30,Tron-o-matic 4 Pro,Houston_01,100.0,None,
2024-10-30,Tron-o-matic 4 Pro,WashingtonDC_01,100.0,None,
2024-10-30,Tron-o-matic 4 Pro,Atlanta_01,100.0,None,
2024-10-30,Tron-o-matic 4 Pro,Philadelphia_01,100.0,None,
2024-10-30,Tron-o-matic 5,Online_Store,57.87,BIG_DEAL,
2024-10-30,Tron-o-matic 5,LosAngeles_01,57.87,BIG_DEAL,
2024-10-30,Tron-o-matic 5,NewYork_01,57.87,BIG_DEAL,
2024-10-30,Tron-o-matic 5,NewYork_02,57.87,BIG_DEAL,
2024-10-30,Tron-o-matic 5,Chicago_01,57.87,BIG_DEAL,
2024-10-30,Tron-o-matic 5,Dallas_01,57.87,BIG_DEAL,
2024-10-30,Tron-o-matic 5,Houston_01,57.87,BIG_DEAL,
2024-10-30,Tron-o-matic 5,WashingtonDC_01,57.87,BIG_DEAL,
2024-10-30,Tron-o-matic 5,Atlanta_01,57.87,BIG_DEAL,
2024-10-30,Tron-o-matic 5,Philadelphia_01,57.87,BIG_DEAL,
2024-10-30,Tron-o-matic 5 Pro,Online_Store,110.0,None,
2024-10-30,Tron-o-matic 5 Pro,LosAngeles_01,110.0,None,
2024-10-30,Tron-o-matic 5 Pro,NewYork_01,110.0,None,
2024-10-30,Tron-o-matic 5 Pro,NewYork_02,110.0,None,
2024-10-30,Tron-o-matic 5 Pro,Chicago_01,110.0,None,
2024-10-30,Tron-o-matic 5 Pro,Dallas_01,110.0,None,
2024-10-30,Tron-o-matic 5 Pro,Houston_01,110.0,None,
2024-10-30,Tron-o-matic 5 Pro,WashingtonDC_01,110.0,None,
2024-10-30,Tron-o-matic 5 Pro,Atlanta_01,110.0,None,
2024-10-30,Tron-o-matic 5 Pro,Philadelphia_01,110.0,None,
2024-10-31,Tron-o-matic 1,Online_Store,60.0,None,
2024-10-31,Tron-o-matic 1,LosAngeles_01,60.0,None,
2024-10-31,Tron-o-matic 1,NewYork_01,60.0,None,
2024-10-31,Tron-o-matic 1,NewYork_02,60.0,None,
2024-10-31,Tron-o-matic 1,Chicago_01,60.0,None,
2024-10-31,Tron-o-matic 1,Dallas_01,60.0,None,
2024-10-31,Tron-o-matic 1,Houston_01,60.0,None,
2024-10-31,Tron-o-matic 1,WashingtonDC_01,60.0,None,
2024-10-31,Tron-o-matic 1,Atlanta_01,60.0,None,
2024-10-31,Tron-o-matic 1,Philadelphia_01,60.0,None,
2024-10-31,Tron-o-matic 1 Pro,Online_Store,70.44,SMALL_DEAL,
2024-10-31,Tron-o-matic 1 Pro,LosAngeles_01,70.44,SMALL_DEAL,
2024-10-31,Tron-o-matic 1 Pro,NewYork_01,70.44,SMALL_DEAL,
2024-10-31,Tron-o-matic 1 Pro,NewYork_02,70.44,SMALL_DEAL,
2024-10-31,Tron-o-matic 1 Pro,Chicago_01,70.44,SMALL_DEAL,
2024-10-31,Tron-o-matic 1 Pro,Dallas_01,70.44,SMALL_DEAL,
2024-10-31,Tron-o-matic 1 Pro,Houston_01,70.44,SMALL_DEAL,
2024-10-31,Tron-o-matic 1 Pro,WashingtonDC_01,70.44,SMALL_DEAL,
2024-10-31,Tron-o-matic 1 Pro,Atlanta_01,70.44,SMALL_DEAL,
2024-10-31,Tron-o-matic 1 Pro,Philadelphia_01,70.44,SMALL_DEAL,
2024-10-31,Tron-o-matic 2,Online_Store,55.0,None,
2024-10-31,Tron-o-matic 2,LosAngeles_01,55.0,None,
2024-10-31,Tron-o-matic 2,NewYork_01,55.0,None,
2024-10-31,Tron-o-matic 2,NewYork_02,55.0,None,
2024-10-31,Tron-o-matic 2,Chicago_01,55.0,None,
2024-10-31,Tron-o-matic 2,Dallas_01,55.0,None,
2024-10-31,Tron-o-matic 2,Houston_01,55.0,None,
2024-10-31,Tron-o-matic 2,WashingtonDC_01,55.0,None,
2024-10-31,Tron-o-matic 2,Atlanta_01,55.0,None,
2024-10-31,Tron-o-matic 2,Philadelphia_01,55.0,None,
2024-10-31,Tron-o-matic 2 Pro,Online_Store,85.0,None,
2024-10-31,Tron-o-matic 2 Pro,LosAngeles_01,85.0,None,
2024-10-31,Tron-o-matic 2 Pro,NewYork_01,85.0,None,
2024-10-31,Tron-o-matic 2 Pro,NewYork_02,85.0,None,
2024-10-31,Tron-o-matic 2 Pro,Chicago_01,85.0,None,
2024-10-31,Tron-o-matic 2 Pro,Dallas_01,85.0,None,
2024-10-31,Tron-o-matic 2 Pro,Houston_01,85.0,None,
2024-10-31,Tron-o-matic 2 Pro,WashingtonDC_01,85.0,None,
2024-10-31,Tron-o-matic 2 Pro,Atlanta_01,85.0,None,
2024-10-31,Tron-o-matic 2 Pro,Philadelphia_01,85.0,None,
2024-10-31,Tron-o-matic 3,Online_Store,54.24,SMALL_DEAL,
2024-10-31,Tron-o-matic 3,LosAngeles_01,54.24,SMALL_DEAL,
2024-10-31,Tron-o-matic 3,NewYork_01,54.24,SMALL_DEAL,
2024-10-31,Tron-o-matic 3,NewYork_02,54.24,SMALL_DEAL,
2024-10-31,Tron-o-matic 3,Chicago_01,54.24,SMALL_DEAL,
2024-10-31,Tron-o-matic 3,Dallas_01,54.24,SMALL_DEAL,
2024-10-31,Tron-o-matic 3,Houston_01,54.24,SMALL_DEAL,
2024-10-31,Tron-o-matic 3,WashingtonDC_01,54.24,SMALL_DEAL,
2024-10-31,Tron-o-matic 3,Atlanta_01,54.24,SMALL_DEAL,
2024-10-31,Tron-o-matic 3,Philadelphia_01,54.24,SMALL_DEAL,
2024-10-31,Tron-o-matic 3 Pro,Online_Store,90.0,None,
2024-10-31,Tron-o-matic 3 Pro,LosAngeles_01,90.0,None,
2024-10-31,Tron-o-matic 3 Pro,NewYork_01,90.0,None,
2024-10-31,Tron-o-matic 3 Pro,NewYork_02,90.0,None,
2024-10-31,Tron-o-matic 3 Pro,Chicago_01,90.0,None,
2024-10-31,Tron-o-matic 3 Pro,Dallas_01,90.0,None,
2024-10-31,Tron-o-matic 3 Pro,Houston_01,90.0,None,
2024-10-31,Tron-o-matic 3 Pro,WashingtonDC_01,90.0,None,
2024-10-31,Tron-o-matic 3 Pro,Atlanta_01,90.0,None,
2024-10-31,Tron-o-matic 3 Pro,Philadelphia_01,90.0,None,
2024-10-31,Tron-o-matic 4,Online_Store,65.75,SMALL_DEAL,
2024-10-31,Tron-o-matic 4,LosAngeles_01,65.75,SMALL_DEAL,
2024-10-31,Tron-o-matic 4,NewYork_01,65.75,SMALL_DEAL,
2024-10-31,Tron-o-matic 4,NewYork_02,65.75,SMALL_DEAL,
2024-10-31,Tron-o-matic 4,Chicago_01,65.75,SMALL_DEAL,
2024-10-31,Tron-o-matic 4,Dallas_01,65.75,SMALL_DEAL,
2024-10-31,Tron-o-matic 4,Houston_01,65.75,SMALL_DEAL,
2024-10-31,Tron-o-matic 4,WashingtonDC_01,65.75,SMALL_DEAL,
2024-10-31,Tron-o-matic 4,Atlanta_01,65.75,SMALL_DEAL,
2024-10-31,Tron-o-matic 4,Philadelphia_01,65.75,SMALL_DEAL,
2024-10-31,Tron-o-matic 4 Pro,Online_Store,85.45,SMALL_DEAL,
2024-10-31,Tron-o-matic 4 Pro,LosAngeles_01,85.45,SMALL_DEAL,
2024-10-31,Tron-o-matic 4 Pro,NewYork_01,85.45,SMALL_DEAL,
2024-10-31,Tron-o-matic 4 Pro,NewYork_02,85.45,SMALL_DEAL,
2024-10-31,Tron-o-matic 4 Pro,Chicago_01,85.45,SMALL_DEAL,
2024-10-31,Tron-o-matic 4 Pro,Dallas_01,85.45,SMALL_DEAL,
2024-10-31,Tron-o-matic 4 Pro,Houston_01,85.45,SMALL_DEAL,
2024-10-31,Tron-o-matic 4 Pro,WashingtonDC_01,85.45,SMALL_DEAL,
2024-10-31,Tron-o-matic 4 Pro,Atlanta_01,85.45,SMALL_DEAL,
2024-10-31,Tron-o-matic 4 Pro,Philadelphia_01,85.45,SMALL_DEAL,
2024-10-31,Tron-o-matic 5,Online_Store,80.0,None,
2024-10-31,Tron-o-matic 5,LosAngeles_01,80.0,None,
2024-10-31,Tron-o-matic 5,NewYork_01,80.0,None,
2024-10-31,Tron-o-matic 5,NewYork_02,80.0,None,
2024-10-31,Tron-o-matic 5,Chicago_01,80.0,None,
2024-10-31,Tron-o-matic 5,Dallas_01,80.0,None,
2024-10-31,Tron-o-matic 5,Houston_01,80.0,None,
2024-10-31,Tron-o-matic 5,WashingtonDC_01,80.0,None,
2024-10-31,Tron-o-matic 5,Atlanta_01,80.0,None,
2024-10-31,Tron-o-matic 5,Philadelphia_01,80.0,None,
2024-10-31,Tron-o-matic 5 Pro,Online_Store,110.0,None,
2024-10-31,Tron-o-matic 5 Pro,LosAngeles_01,110.0,None,
2024-10-31,Tron-o-matic 5 Pro,NewYork_01,110.0,None,
2024-10-31,Tron-o-matic 5 Pro,NewYork_02,110.0,None,
2024-10-31,Tron-o-matic 5 Pro,Chicago_01,110.0,None,
2024-10-31,Tron-o-matic 5 Pro,Dallas_01,110.0,None,
2024-10-31,Tron-o-matic 5 Pro,Houston_01,110.0,None,
2024-10-31,Tron-o-matic 5 Pro,WashingtonDC_01,110.0,None,
2024-10-31,Tron-o-matic 5 Pro,Atlanta_01,110.0,None,
2024-10-31,Tron-o-matic 5 Pro,Philadelphia_01,110.0,None,
2024-11-01,Tron-o-matic 1,Online_Store,52.55,SMALL_DEAL,
2024-11-01,Tron-o-matic 1,LosAngeles_01,52.55,SMALL_DEAL,
2024-11-01,Tron-o-matic 1,NewYork_01,52.55,SMALL_DEAL,
2024-11-01,Tron-o-matic 1,NewYork_02,52.55,SMALL_DEAL,
2024-11-01,Tron-o-matic 1,Chicago_01,52.55,SMALL_DEAL,
2024-11-01,Tron-o-matic 1,Dallas_01,52.55,SMALL_DEAL,
2024-11-01,Tron-o-matic 1,Houston_01,52.55,SMALL_DEAL,
2024-11-01,Tron-o-matic 1,WashingtonDC_01,52.55,SMALL_DEAL,
2024-11-01,Tron-o-matic 1,Atlanta_01,52.55,SMALL_DEAL,
2024-11-01,Tron-o-matic 1,Philadelphia_01,52.55,SMALL_DEAL,
2024-11-01,Tron-o-matic 1 Pro,Online_Store,74.47,SMALL_DEAL,
2024-11-01,Tron-o-matic 1 Pro,LosAngeles_01,74.47,SMALL_DEAL,
2024-11-01,Tron-o-matic 1 Pro,NewYork_01,74.47,SMALL_DEAL,
2024-11-01,Tron-o-matic 1 Pro,NewYork_02,74.47,SMALL_DEAL,
2024-11-01,Tron-o-matic 1 Pro,Chicago_01,74.47,SMALL_DEAL,
2024-11-01,Tron-o-matic 1 Pro,Dallas_01,74.47,SMALL_DEAL,
2024-11-01,Tron-o-matic 1 Pro,Houston_01,74.47,SMALL_DEAL,
2024-11-01,Tron-o-matic 1 Pro,WashingtonDC_01,74.47,SMALL_DEAL,
2024-11-01,Tron-o-matic 1 Pro,Atlanta_01,74.47,SMALL_DEAL,
2024-11-01,Tron-o-matic 1 Pro,Philadelphia_01,74.47,SMALL_DEAL,
2024-11-01,Tron-o-matic 2,Online_Store,49.23,SMALL_DEAL,
2024-11-01,Tron-o-matic 2,LosAngeles_01,49.23,SMALL_DEAL,
2024-11-01,Tron-o-matic 2,NewYork_01,49.23,SMALL_DEAL,
2024-11-01,Tron-o-matic 2,NewYork_02,49.23,SMALL_DEAL,
2024-11-01,Tron-o-matic 2,Chicago_01,49.23,SMALL_DEAL,
2024-11-01,Tron-o-matic 2,Dallas_01,49.23,SMALL_DEAL,
2024-11-01,Tron-o-matic 2,Houston_01,49.23,SMALL_DEAL,
2024-11-01,Tron-o-matic 2,WashingtonDC_01,49.23,SMALL_DEAL,
2024-11-01,Tron-o-matic 2,Atlanta_01,49.23,SMALL_DEAL,
2024-11-01,Tron-o-matic 2,Philadelphia_01,49.23,SMALL_DEAL,
2024-11-01,Tron-o-matic 2 Pro,Online_Store,74.42,SMALL_DEAL,
2024-11-01,Tron-o-matic 2 Pro,LosAngeles_01,74.42,SMALL_DEAL,
2024-11-01,Tron-o-matic 2 Pro,NewYork_01,74.42,SMALL_DEAL,
2024-11-01,Tron-o-matic 2 Pro,NewYork_02,74.42,SMALL_DEAL,
2024-11-01,Tron-o-matic 2 Pro,Chicago_01,74.42,SMALL_DEAL,
2024-11-01,Tron-o-matic 2 Pro,Dallas_01,74.42,SMALL_DEAL,
2024-11-01,Tron-o-matic 2 Pro,Houston_01,74.42,SMALL_DEAL,
2024-11-01,Tron-o-matic 2 Pro,WashingtonDC_01,74.42,SMALL_DEAL,
2024-11-01,Tron-o-matic 2 Pro,Atlanta_01,74.42,SMALL_DEAL,
2024-11-01,Tron-o-matic 2 Pro,Philadelphia_01,74.42,SMALL_DEAL,
2024-11-01,Tron-o-matic 3,Online_Store,51.55,SMALL_DEAL,
2024-11-01,Tron-o-matic 3,LosAngeles_01,51.55,SMALL_DEAL,
2024-11-01,Tron-o-matic 3,NewYork_01,51.55,SMALL_DEAL,
2024-11-01,Tron-o-matic 3,NewYork_02,51.55,SMALL_DEAL,
2024-11-01,Tron-o-matic 3,Chicago_01,51.55,SMALL_DEAL,
2024-11-01,Tron-o-matic 3,Dallas_01,51.55,SMALL_DEAL,
2024-11-01,Tron-o-matic 3,Houston_01,51.55,SMALL_DEAL,
2024-11-01,Tron-o-matic 3,WashingtonDC_01,51.55,SMALL_DEAL,
2024-11-01,Tron-o-matic 3,Atlanta_01,51.55,SMALL_DEAL,
2024-11-01,Tron-o-matic 3,Philadelphia_01,51.55,SMALL_DEAL,
2024-11-01,Tron-o-matic 3 Pro,Online_Store,77.35,SMALL_DEAL,
2024-11-01,Tron-o-matic 3 Pro,LosAngeles_01,77.35,SMALL_DEAL,
2024-11-01,Tron-o-matic 3 Pro,NewYork_01,77.35,SMALL_DEAL,
2024-11-01,Tron-o-matic 3 Pro,NewYork_02,77.35,SMALL_DEAL,
2024-11-01,Tron-o-matic 3 Pro,Chicago_01,77.35,SMALL_DEAL,
2024-11-01,Tron-o-matic 3 Pro,Dallas_01,77.35,SMALL_DEAL,
2024-11-01,Tron-o-matic 3 Pro,Houston_01,77.35,SMALL_DEAL,
2024-11-01,Tron-o-matic 3 Pro,WashingtonDC_01,77.35,SMALL_DEAL,
2024-11-01,Tron-o-matic 3 Pro,Atlanta_01,77.35,SMALL_DEAL,
2024-11-01,Tron-o-matic 3 Pro,Philadelphia_01,77.35,SMALL_DEAL,
2024-11-01,Tron-o-matic 4,Online_Store,75.0,None,
2024-11-01,Tron-o-matic 4,LosAngeles_01,75.0,None,
2024-11-01,Tron-o-matic 4,NewYork_01,75.0,None,
2024-11-01,Tron-o-matic 4,NewYork_02,75.0,None,
2024-11-01,Tron-o-matic 4,Chicago_01,75.0,None,
2024-11-01,Tron-o-matic 4,Dallas_01,75.0,None,
2024-11-01,Tron-o-matic 4,Houston_01,75.0,None,
2024-11-01,Tron-o-matic 4,WashingtonDC_01,75.0,None,
2024-11-01,Tron-o-matic 4,Atlanta_01,75.0,None,
2024-11-01,Tron-o-matic 4,Philadelphia_01,75.0,None,
2024-11-01,Tron-o-matic 4 Pro,Online_Store,100.0,None,
2024-11-01,Tron-o-matic 4 Pro,LosAngeles_01,100.0,None,
2024-11-01,Tron-o-matic 4 Pro,NewYork_01,100.0,None,
2024-11-01,Tron-o-matic 4 Pro,NewYork_02,100.0,None,
2024-11-01,Tron-o-matic 4 Pro,Chicago_01,100.0,None,
2024-11-01,Tron-o-matic 4 Pro,Dallas_01,100.0,None,
2024-11-01,Tron-o-matic 4 Pro,Houston_01,100.0,None,
2024-11-01,Tron-o-matic 4 Pro,WashingtonDC_01,100.0,None,
2024-11-01,Tron-o-matic 4 Pro,Atlanta_01,100.0,None,
2024-11-01,Tron-o-matic 4 Pro,Philadelphia_01,100.0,None,
2024-11-01,Tron-o-matic 5,Online_Store,80.0,None,
2024-11-01,Tron-o-matic 5,LosAngeles_01,80.0,None,
2024-11-01,Tron-o-matic 5,NewYork_01,80.0,None,
2024-11-01,Tron-o-matic 5,NewYork_02,80.0,None,
2024-11-01,Tron-o-matic 5,Chicago_01,80.0,None,
2024-11-01,Tron-o-matic 5,Dallas_01,80.0,None,
2024-11-01,Tron-o-matic 5,Houston_01,80.0,None,
2024-11-01,Tron-o-matic 5,WashingtonDC_01,80.0,None,
2024-11-01,Tron-o-matic 5,Atlanta_01,80.0,None,
2024-11-01,Tron-o-matic 5,Philadelphia_01,80.0,None,
2024-11-01,Tron-o-matic 5 Pro,Online_Store,77.04,BIG_DEAL,
2024-11-01,Tron-o-matic 5 Pro,LosAngeles_01,77.04,BIG_DEAL,
2024-11-01,Tron-o-matic 5 Pro,NewYork_01,77.04,BIG_DEAL,
2024-11-01,Tron-o-matic 5 Pro,NewYork_02,77.04,BIG_DEAL,
2024-11-01,Tron-o-matic 5 Pro,Chicago_01,77.04,BIG_DEAL,
2024-11-01,Tron-o-matic 5 Pro,Dallas_01,77.04,BIG_DEAL,
2024-11-01,Tron-o-matic 5 Pro,Houston_01,77.04,BIG_DEAL,
2024-11-01,Tron-o-matic 5 Pro,WashingtonDC_01,77.04,BIG_DEAL,
2024-11-01,Tron-o-matic 5 Pro,Atlanta_01,77.04,BIG_DEAL,
2024-11-01,Tron-o-matic 5 Pro,Philadelphia_01,77.04,BIG_DEAL,
2024-11-02,Tron-o-matic 1,Online_Store,60.0,None,
2024-11-02,Tron-o-matic 1,LosAngeles_01,60.0,None,
2024-11-02,Tron-o-matic 1,NewYork_01,60.0,None,
2024-11-02,Tron-o-matic 1,NewYork_02,60.0,None,
2024-11-02,Tron-o-matic 1,Chicago_01,60.0,None,
2024-11-02,Tron-o-matic 1,Dallas_01,60.0,None,
2024-11-02,Tron-o-matic 1,Houston_01,60.0,None,
2024-11-02,Tron-o-matic 1,WashingtonDC_01,60.0,None,
2024-11-02,Tron-o-matic 1,Atlanta_01,60.0,None,
2024-11-02,Tron-o-matic 1,Philadelphia_01,60.0,None,
2024-11-02,Tron-o-matic 1 Pro,Online_Store,80.0,None,
2024-11-02,Tron-o-matic 1 Pro,LosAngeles_01,80.0,None,
2024-11-02,Tron-o-matic 1 Pro,NewYork_01,80.0,None,
2024-11-02,Tron-o-matic 1 Pro,NewYork_02,80.0,None,
2024-11-02,Tron-o-matic 1 Pro,Chicago_01,80.0,None,
2024-11-02,Tron-o-matic 1 Pro,Dallas_01,80.0,None,
2024-11-02,Tron-o-matic 1 Pro,Houston_01,80.0,None,
2024-11-02,Tron-o-matic 1 Pro,WashingtonDC_01,80.0,None,
2024-11-02,Tron-o-matic 1 Pro,Atlanta_01,80.0,None,
2024-11-02,Tron-o-matic 1 Pro,Philadelphia_01,80.0,None,
2024-11-02,Tron-o-matic 2,Online_Store,55.0,None,
2024-11-02,Tron-o-matic 2,LosAngeles_01,55.0,None,
2024-11-02,Tron-o-matic 2,NewYork_01,55.0,None,
2024-11-02,Tron-o-matic 2,NewYork_02,55.0,None,
2024-11-02,Tron-o-matic 2,Chicago_01,55.0,None,
2024-11-02,Tron-o-matic 2,Dallas_01,55.0,None,
2024-11-02,Tron-o-matic 2,Houston_01,55.0,None,
2024-11-02,Tron-o-matic 2,WashingtonDC_01,55.0,None,
2024-11-02,Tron-o-matic 2,Atlanta_01,55.0,None,
2024-11-02,Tron-o-matic 2,Philadelphia_01,55.0,None,
2024-11-02,Tron-o-matic 2 Pro,Online_Store,85.0,None,
2024-11-02,Tron-o-matic 2 Pro,LosAngeles_01,85.0,None,
2024-11-02,Tron-o-matic 2 Pro,NewYork_01,85.0,None,
2024-11-02,Tron-o-matic 2 Pro,NewYork_02,85.0,None,
2024-11-02,Tron-o-matic 2 Pro,Chicago_01,85.0,None,
2024-11-02,Tron-o-matic 2 Pro,Dallas_01,85.0,None,
2024-11-02,Tron-o-matic 2 Pro,Houston_01,85.0,None,
2024-11-02,Tron-o-matic 2 Pro,WashingtonDC_01,85.0,None,
2024-11-02,Tron-o-matic 2 Pro,Atlanta_01,85.0,None,
2024-11-02,Tron-o-matic 2 Pro,Philadelphia_01,85.0,None,
2024-11-02,Tron-o-matic 3,Online_Store,60.0,None,
2024-11-02,Tron-o-matic 3,LosAngeles_01,60.0,None,
2024-11-02,Tron-o-matic 3,NewYork_01,60.0,None,
2024-11-02,Tron-o-matic 3,NewYork_02,60.0,None,
2024-11-02,Tron-o-matic 3,Chicago_01,60.0,None,
2024-11-02,Tron-o-matic 3,Dallas_01,60.0,None,
2024-11-02,Tron-o-matic 3,Houston_01,60.0,None,
2024-11-02,Tron-o-matic 3,WashingtonDC_01,60.0,None,
2024-11-02,Tron-o-matic 3,Atlanta_01,60.0,None,
2024-11-02,Tron-o-matic 3,Philadelphia_01,60.0,None,
2024-11-02,Tron-o-matic 3 Pro,Online_Store,90.0,None,
2024-11-02,Tron-o-matic 3 Pro,LosAngeles_01,90.0,None,
2024-11-02,Tron-o-matic 3 Pro,NewYork_01,90.0,None,
2024-11-02,Tron-o-matic 3 Pro,NewYork_02,90.0,None,
2024-11-02,Tron-o-matic 3 Pro,Chicago_01,90.0,None,
2024-11-02,Tron-o-matic 3 Pro,Dallas_01,90.0,None,
2024-11-02,Tron-o-matic 3 Pro,Houston_01,90.0,None,
2024-11-02,Tron-o-matic 3 Pro,WashingtonDC_01,90.0,None,
2024-11-02,Tron-o-matic 3 Pro,Atlanta_01,90.0,None,
2024-11-02,Tron-o-matic 3 Pro,Philadelphia_01,90.0,None,
2024-11-02,Tron-o-matic 4,Online_Store,69.39,SMALL_DEAL,
2024-11-02,Tron-o-matic 4,LosAngeles_01,69.39,SMALL_DEAL,
2024-11-02,Tron-o-matic 4,NewYork_01,69.39,SMALL_DEAL,
2024-11-02,Tron-o-matic 4,NewYork_02,69.39,SMALL_DEAL,
2024-11-02,Tron-o-matic 4,Chicago_01,69.39,SMALL_DEAL,
2024-11-02,Tron-o-matic 4,Dallas_01,69.39,SMALL_DEAL,
2024-11-02,Tron-o-matic 4,Houston_01,69.39,SMALL_DEAL,
2024-11-02,Tron-o-matic 4,WashingtonDC_01,69.39,SMALL_DEAL,
2024-11-02,Tron-o-matic 4,Atlanta_01,69.39,SMALL_DEAL,
2024-11-02,Tron-o-matic 4,Philadelphia_01,69.39,SMALL_DEAL,
2024-11-02,Tron-o-matic 4 Pro,Online_Store,79.68,BIG_DEAL,
2024-11-02,Tron-o-matic 4 Pro,LosAngeles_01,79.68,BIG_DEAL,
2024-11-02,Tron-o-matic 4 Pro,NewYork_01,79.68,BIG_DEAL,
2024-11-02,Tron-o-matic 4 Pro,NewYork_02,79.68,BIG_DEAL,
2024-11-02,Tron-o-matic 4 Pro,Chicago_01,79.68,BIG_DEAL,
2024-11-02,Tron-o-matic 4 Pro,Dallas_01,79.68,BIG_DEAL,
2024-11-02,Tron-o-matic 4 Pro,Houston_01,79.68,BIG_DEAL,
2024-11-02,Tron-o-matic 4 Pro,WashingtonDC_01,79.68,BIG_DEAL,
2024-11-02,Tron-o-matic 4 Pro,Atlanta_01,79.68,BIG_DEAL,
2024-11-02,Tron-o-matic 4 Pro,Philadelphia_01,79.68,BIG_DEAL,
2024-11-02,Tron-o-matic 5,Online_Store,80.0,None,
2024-11-02,Tron-o-matic 5,LosAngeles_01,80.0,None,
2024-11-02,Tron-o-matic 5,NewYork_01,80.0,None,
2024-11-02,Tron-o-matic 5,NewYork_02,80.0,None,
2024-11-02,Tron-o-matic 5,Chicago_01,80.0,None,
2024-11-02,Tron-o-matic 5,Dallas_01,80.0,None,
2024-11-02,Tron-o-matic 5,Houston_01,80.0,None,
2024-11-02,Tron-o-matic 5,WashingtonDC_01,80.0,None,
2024-11-02,Tron-o-matic 5,Atlanta_01,80.0,None,
2024-11-02,Tron-o-matic 5,Philadelphia_01,80.0,None,
2024-11-02,Tron-o-matic 5 Pro,Online_Store,110.0,None,
2024-11-02,Tron-o-matic 5 Pro,LosAngeles_01,110.0,None,
2024-11-02,Tron-o-matic 5 Pro,NewYork_01,110.0,None,
2024-11-02,Tron-o-matic 5 Pro,NewYork_02,110.0,None,
2024-11-02,Tron-o-matic 5 Pro,Chicago_01,110.0,None,
2024-11-02,Tron-o-matic 5 Pro,Dallas_01,110.0,None,
2024-11-02,Tron-o-matic 5 Pro,Houston_01,110.0,None,
2024-11-02,Tron-o-matic 5 Pro,WashingtonDC_01,110.0,None,
2024-11-02,Tron-o-matic 5 Pro,Atlanta_01,110.0,None,
2024-11-02,Tron-o-matic 5 Pro,Philadelphia_01,110.0,None,
2024-11-03,Tron-o-matic 1,Online_Store,60.0,None,
2024-11-03,Tron-o-matic 1,LosAngeles_01,60.0,None,
2024-11-03,Tron-o-matic 1,NewYork_01,60.0,None,
2024-11-03,Tron-o-matic 1,NewYork_02,60.0,None,
2024-11-03,Tron-o-matic 1,Chicago_01,60.0,None,
2024-11-03,Tron-o-matic 1,Dallas_01,60.0,None,
2024-11-03,Tron-o-matic 1,Houston_01,60.0,None,
2024-11-03,Tron-o-matic 1,WashingtonDC_01,60.0,None,
2024-11-03,Tron-o-matic 1,Atlanta_01,60.0,None,
2024-11-03,Tron-o-matic 1,Philadelphia_01,60.0,None,
2024-11-03,Tron-o-matic 1 Pro,Online_Store,80.0,None,
2024-11-03,Tron-o-matic 1 Pro,LosAngeles_01,80.0,None,
2024-11-03,Tron-o-matic 1 Pro,NewYork_01,80.0,None,
2024-11-03,Tron-o-matic 1 Pro,NewYork_02,80.0,None,
2024-11-03,Tron-o-matic 1 Pro,Chicago_01,80.0,None,
2024-11-03,Tron-o-matic 1 Pro,Dallas_01,80.0,None,
2024-11-03,Tron-o-matic 1 Pro,Houston_01,80.0,None,
2024-11-03,Tron-o-matic 1 Pro,WashingtonDC_01,80.0,None,
2024-11-03,Tron-o-matic 1 Pro,Atlanta_01,80.0,None,
2024-11-03,Tron-o-matic 1 Pro,Philadelphia_01,80.0,None,
2024-11-03,Tron-o-matic 2,Online_Store,55.0,None,
2024-11-03,Tron-o-matic 2,LosAngeles_01,55.0,None,
2024-11-03,Tron-o-matic 2,NewYork_01,55.0,None,
2024-11-03,Tron-o-matic 2,NewYork_02,55.0,None,
2024-11-03,Tron-o-matic 2,Chicago_01,55.0,None,
2024-11-03,Tron-o-matic 2,Dallas_01,55.0,None,
2024-11-03,Tron-o-matic 2,Houston_01,55.0,None,
2024-11-03,Tron-o-matic 2,WashingtonDC_01,55.0,None,
2024-11-03,Tron-o-matic 2,Atlanta_01,55.0,None,
2024-11-03,Tron-o-matic 2,Philadelphia_01,55.0,None,
2024-11-03,Tron-o-matic 2 Pro,Online_Store,85.0,None,
2024-11-03,Tron-o-matic 2 Pro,LosAngeles_01,85.0,None,
2024-11-03,Tron-o-matic 2 Pro,NewYork_01,85.0,None,
2024-11-03,Tron-o-matic 2 Pro,NewYork_02,85.0,None,
2024-11-03,Tron-o-matic 2 Pro,Chicago_01,85.0,None,
2024-11-03,Tron-o-matic 2 Pro,Dallas_01,85.0,None,
2024-11-03,Tron-o-matic 2 Pro,Houston_01,85.0,None,
2024-11-03,Tron-o-matic 2 Pro,WashingtonDC_01,85.0,None,
2024-11-03,Tron-o-matic 2 Pro,Atlanta_01,85.0,None,
2024-11-03,Tron-o-matic 2 Pro,Philadelphia_01,85.0,None,
2024-11-03,Tron-o-matic 3,Online_Store,60.0,None,
2024-11-03,Tron-o-matic 3,LosAngeles_01,60.0,None,
2024-11-03,Tron-o-matic 3,NewYork_01,60.0,None,
2024-11-03,Tron-o-matic 3,NewYork_02,60.0,None,
2024-11-03,Tron-o-matic 3,Chicago_01,60.0,None,
2024-11-03,Tron-o-matic 3,Dallas_01,60.0,None,
2024-11-03,Tron-o-matic 3,Houston_01,60.0,None,
2024-11-03,Tron-o-matic 3,WashingtonDC_01,60.0,None,
2024-11-03,Tron-o-matic 3,Atlanta_01,60.0,None,
2024-11-03,Tron-o-matic 3,Philadelphia_01,60.0,None,
2024-11-03,Tron-o-matic 3 Pro,Online_Store,90.0,None,
2024-11-03,Tron-o-matic 3 Pro,LosAngeles_01,90.0,None,
2024-11-03,Tron-o-matic 3 Pro,NewYork_01,90.0,None,
2024-11-03,Tron-o-matic 3 Pro,NewYork_02,90.0,None,
2024-11-03,Tron-o-matic 3 Pro,Chicago_01,90.0,None,
2024-11-03,Tron-o-matic 3 Pro,Dallas_01,90.0,None,
2024-11-03,Tron-o-matic 3 Pro,Houston_01,90.0,None,
2024-11-03,Tron-o-matic 3 Pro,WashingtonDC_01,90.0,None,
2024-11-03,Tron-o-matic 3 Pro,Atlanta_01,90.0,None,
2024-11-03,Tron-o-matic 3 Pro,Philadelphia_01,90.0,None,
2024-11-03,Tron-o-matic 4,Online_Store,55.27,BIG_DEAL,
2024-11-03,Tron-o-matic 4,LosAngeles_01,55.27,BIG_DEAL,
2024-11-03,Tron-o-matic 4,NewYork_01,55.27,BIG_DEAL,
2024-11-03,Tron-o-matic 4,NewYork_02,55.27,BIG_DEAL,
2024-11-03,Tron-o-matic 4,Chicago_01,55.27,BIG_DEAL,
2024-11-03,Tron-o-matic 4,Dallas_01,55.27,BIG_DEAL,
2024-11-03,Tron-o-matic 4,Houston_01,55.27,BIG_DEAL,
2024-11-03,Tron-o-matic 4,WashingtonDC_01,55.27,BIG_DEAL,
2024-11-03,Tron-o-matic 4,Atlanta_01,55.27,BIG_DEAL,
2024-11-03,Tron-o-matic 4,Philadelphia_01,55.27,BIG_DEAL,
2024-11-03,Tron-o-matic 4 Pro,Online_Store,100.0,None,
2024-11-03,Tron-o-matic 4 Pro,LosAngeles_01,100.0,None,
2024-11-03,Tron-o-matic 4 Pro,NewYork_01,100.0,None,
2024-11-03,Tron-o-matic 4 Pro,NewYork_02,100.0,None,
2024-11-03,Tron-o-matic 4 Pro,Chicago_01,100.0,None,
2024-11-03,Tron-o-matic 4 Pro,Dallas_01,100.0,None,
2024-11-03,Tron-o-matic 4 Pro,Houston_01,100.0,None,
2024-11-03,Tron-o-matic 4 Pro,WashingtonDC_01,100.0,None,
2024-11-03,Tron-o-matic 4 Pro,Atlanta_01,100.0,None,
2024-11-03,Tron-o-matic 4 Pro,Philadelphia_01,100.0,None,
2024-11-03,Tron-o-matic 5,Online_Store,71.29,SMALL_DEAL,
2024-11-03,Tron-o-matic 5,LosAngeles_01,71.29,SMALL_DEAL,
2024-11-03,Tron-o-matic 5,NewYork_01,71.29,SMALL_DEAL,
2024-11-03,Tron-o-matic 5,NewYork_02,71.29,SMALL_DEAL,
2024-11-03,Tron-o-matic 5,Chicago_01,71.29,SMALL_DEAL,
2024-11-03,Tron-o-matic 5,Dallas_01,71.29,SMALL_DEAL,
2024-11-03,Tron-o-matic 5,Houston_01,71.29,SMALL_DEAL,
2024-11-03,Tron-o-matic 5,WashingtonDC_01,71.29,SMALL_DEAL,
2024-11-03,Tron-o-matic 5,Atlanta_01,71.29,SMALL_DEAL,
2024-11-03,Tron-o-matic 5,Philadelphia_01,71.29,SMALL_DEAL,
2024-11-03,Tron-o-matic 5 Pro,Online_Store,101.82,SMALL_DEAL,
2024-11-03,Tron-o-matic 5 Pro,LosAngeles_01,101.82,SMALL_DEAL,
2024-11-03,Tron-o-matic 5 Pro,NewYork_01,101.82,SMALL_DEAL,
2024-11-03,Tron-o-matic 5 Pro,NewYork_02,101.82,SMALL_DEAL,
2024-11-03,Tron-o-matic 5 Pro,Chicago_01,101.82,SMALL_DEAL,
2024-11-03,Tron-o-matic 5 Pro,Dallas_01,101.82,SMALL_DEAL,
2024-11-03,Tron-o-matic 5 Pro,Houston_01,101.82,SMALL_DEAL,
2024-11-03,Tron-o-matic 5 Pro,WashingtonDC_01,101.82,SMALL_DEAL,
2024-11-03,Tron-o-matic 5 Pro,Atlanta_01,101.82,SMALL_DEAL,
2024-11-03,Tron-o-matic 5 Pro,Philadelphia_01,101.82,SMALL_DEAL,
2024-11-04,Tron-o-matic 1,Online_Store,60.0,None,
2024-11-04,Tron-o-matic 1,LosAngeles_01,60.0,None,
2024-11-04,Tron-o-matic 1,NewYork_01,60.0,None,
2024-11-04,Tron-o-matic 1,NewYork_02,60.0,None,
2024-11-04,Tron-o-matic 1,Chicago_01,60.0,None,
2024-11-04,Tron-o-matic 1,Dallas_01,60.0,None,
2024-11-04,Tron-o-matic 1,Houston_01,60.0,None,
2024-11-04,Tron-o-matic 1,WashingtonDC_01,60.0,None,
2024-11-04,Tron-o-matic 1,Atlanta_01,60.0,None,
2024-11-04,Tron-o-matic 1,Philadelphia_01,60.0,None,
2024-11-04,Tron-o-matic 1 Pro,Online_Store,80.0,None,
2024-11-04,Tron-o-matic 1 Pro,LosAngeles_01,80.0,None,
2024-11-04,Tron-o-matic 1 Pro,NewYork_01,80.0,None,
2024-11-04,Tron-o-matic 1 Pro,NewYork_02,80.0,None,
2024-11-04,Tron-o-matic 1 Pro,Chicago_01,80.0,None,
2024-11-04,Tron-o-matic 1 Pro,Dallas_01,80.0,None,
2024-11-04,Tron-o-matic 1 Pro,Houston_01,80.0,None,
2024-11-04,Tron-o-matic 1 Pro,WashingtonDC_01,80.0,None,
2024-11-04,Tron-o-matic 1 Pro,Atlanta_01,80.0,None,
2024-11-04,Tron-o-matic 1 Pro,Philadelphia_01,80.0,None,
2024-11-04,Tron-o-matic 2,Online_Store,55.0,None,
2024-11-04,Tron-o-matic 2,LosAngeles_01,55.0,None,
2024-11-04,Tron-o-matic 2,NewYork_01,55.0,None,
2024-11-04,Tron-o-matic 2,NewYork_02,55.0,None,
2024-11-04,Tron-o-matic 2,Chicago_01,55.0,None,
2024-11-04,Tron-o-matic 2,Dallas_01,55.0,None,
2024-11-04,Tron-o-matic 2,Houston_01,55.0,None,
2024-11-04,Tron-o-matic 2,WashingtonDC_01,55.0,None,
2024-11-04,Tron-o-matic 2,Atlanta_01,55.0,None,
2024-11-04,Tron-o-matic 2,Philadelphia_01,55.0,None,
2024-11-04,Tron-o-matic 2 Pro,Online_Store,85.0,None,
2024-11-04,Tron-o-matic 2 Pro,LosAngeles_01,85.0,None,
2024-11-04,Tron-o-matic 2 Pro,NewYork_01,85.0,None,
2024-11-04,Tron-o-matic 2 Pro,NewYork_02,85.0,None,
2024-11-04,Tron-o-matic 2 Pro,Chicago_01,85.0,None,
2024-11-04,Tron-o-matic 2 Pro,Dallas_01,85.0,None,
2024-11-04,Tron-o-matic 2 Pro,Houston_01,85.0,None,
2024-11-04,Tron-o-matic 2 Pro,WashingtonDC_01,85.0,None,
2024-11-04,Tron-o-matic 2 Pro,Atlanta_01,85.0,None,
2024-11-04,Tron-o-matic 2 Pro,Philadelphia_01,85.0,None,
2024-11-04,Tron-o-matic 3,Online_Store,60.0,None,
2024-11-04,Tron-o-matic 3,LosAngeles_01,60.0,None,
2024-11-04,Tron-o-matic 3,NewYork_01,60.0,None,
2024-11-04,Tron-o-matic 3,NewYork_02,60.0,None,
2024-11-04,Tron-o-matic 3,Chicago_01,60.0,None,
2024-11-04,Tron-o-matic 3,Dallas_01,60.0,None,
2024-11-04,Tron-o-matic 3,Houston_01,60.0,None,
2024-11-04,Tron-o-matic 3,WashingtonDC_01,60.0,None,
2024-11-04,Tron-o-matic 3,Atlanta_01,60.0,None,
2024-11-04,Tron-o-matic 3,Philadelphia_01,60.0,None,
2024-11-04,Tron-o-matic 3 Pro,Online_Store,90.0,None,
2024-11-04,Tron-o-matic 3 Pro,LosAngeles_01,90.0,None,
2024-11-04,Tron-o-matic 3 Pro,NewYork_01,90.0,None,
2024-11-04,Tron-o-matic 3 Pro,NewYork_02,90.0,None,
2024-11-04,Tron-o-matic 3 Pro,Chicago_01,90.0,None,
2024-11-04,Tron-o-matic 3 Pro,Dallas_01,90.0,None,
2024-11-04,Tron-o-matic 3 Pro,Houston_01,90.0,None,
2024-11-04,Tron-o-matic 3 Pro,WashingtonDC_01,90.0,None,
2024-11-04,Tron-o-matic 3 Pro,Atlanta_01,90.0,None,
2024-11-04,Tron-o-matic 3 Pro,Philadelphia_01,90.0,None,
2024-11-04,Tron-o-matic 4,Online_Store,75.0,None,
2024-11-04,Tron-o-matic 4,LosAngeles_01,75.0,None,
2024-11-04,Tron-o-matic 4,NewYork_01,75.0,None,
2024-11-04,Tron-o-matic 4,NewYork_02,75.0,None,
2024-11-04,Tron-o-matic 4,Chicago_01,75.0,None,
2024-11-04,Tron-o-matic 4,Dallas_01,75.0,None,
2024-11-04,Tron-o-matic 4,Houston_01,75.0,None,
2024-11-04,Tron-o-matic 4,WashingtonDC_01,75.0,None,
2024-11-04,Tron-o-matic 4,Atlanta_01,75.0,None,
2024-11-04,Tron-o-matic 4,Philadelphia_01,75.0,None,
2024-11-04,Tron-o-matic 4 Pro,Online_Store,75.63,BIG_DEAL,
2024-11-04,Tron-o-matic 4 Pro,LosAngeles_01,75.63,BIG_DEAL,
2024-11-04,Tron-o-matic 4 Pro,NewYork_01,75.63,BIG_DEAL,
2024-11-04,Tron-o-matic 4 Pro,NewYork_02,75.63,BIG_DEAL,
2024-11-04,Tron-o-matic 4 Pro,Chicago_01,75.63,BIG_DEAL,
2024-11-04,Tron-o-matic 4 Pro,Dallas_01,75.63,BIG_DEAL,
2024-11-04,Tron-o-matic 4 Pro,Houston_01,75.63,BIG_DEAL,
2024-11-04,Tron-o-matic 4 Pro,WashingtonDC_01,75.63,BIG_DEAL,
2024-11-04,Tron-o-matic 4 Pro,Atlanta_01,75.63,BIG_DEAL,
2024-11-04,Tron-o-matic 4 Pro,Philadelphia_01,75.63,BIG_DEAL,
2024-11-04,Tron-o-matic 5,Online_Store,80.0,None,
2024-11-04,Tron-o-matic 5,LosAngeles_01,80.0,None,
2024-11-04,Tron-o-matic 5,NewYork_01,80.0,None,
2024-11-04,Tron-o-matic 5,NewYork_02,80.0,None,
2024-11-04,Tron-o-matic 5,Chicago_01,80.0,None,
2024-11-04,Tron-o-matic 5,Dallas_01,80.0,None,
2024-11-04,Tron-o-matic 5,Houston_01,80.0,None,
2024-11-04,Tron-o-matic 5,WashingtonDC_01,80.0,None,
2024-11-04,Tron-o-matic 5,Atlanta_01,80.0,None,
2024-11-04,Tron-o-matic 5,Philadelphia_01,80.0,None,
2024-11-04,Tron-o-matic 5 Pro,Online_Store,87.72,BIG_DEAL,
2024-11-04,Tron-o-matic 5 Pro,LosAngeles_01,87.72,BIG_DEAL,
2024-11-04,Tron-o-matic 5 Pro,NewYork_01,87.72,BIG_DEAL,
2024-11-04,Tron-o-matic 5 Pro,NewYork_02,87.72,BIG_DEAL,
2024-11-04,Tron-o-matic 5 Pro,Chicago_01,87.72,BIG_DEAL,
2024-11-04,Tron-o-matic 5 Pro,Dallas_01,87.72,BIG_DEAL,
2024-11-04,Tron-o-matic 5 Pro,Houston_01,87.72,BIG_DEAL,
2024-11-04,Tron-o-matic 5 Pro,WashingtonDC_01,87.72,BIG_DEAL,
2024-11-04,Tron-o-matic 5 Pro,Atlanta_01,87.72,BIG_DEAL,
2024-11-04,Tron-o-matic 5 Pro,Philadelphia_01,87.72,BIG_DEAL,
2024-11-05,Tron-o-matic 1,Online_Store,60.0,None,
2024-11-05,Tron-o-matic 1,LosAngeles_01,60.0,None,
2024-11-05,Tron-o-matic 1,NewYork_01,60.0,None,
2024-11-05,Tron-o-matic 1,NewYork_02,60.0,None,
2024-11-05,Tron-o-matic 1,Chicago_01,60.0,None,
2024-11-05,Tron-o-matic 1,Dallas_01,60.0,None,
2024-11-05,Tron-o-matic 1,Houston_01,60.0,None,
2024-11-05,Tron-o-matic 1,WashingtonDC_01,60.0,None,
2024-11-05,Tron-o-matic 1,Atlanta_01,60.0,None,
2024-11-05,Tron-o-matic 1,Philadelphia_01,60.0,None,
2024-11-05,Tron-o-matic 1 Pro,Online_Store,80.0,None,
2024-11-05,Tron-o-matic 1 Pro,LosAngeles_01,80.0,None,
2024-11-05,Tron-o-matic 1 Pro,NewYork_01,80.0,None,
2024-11-05,Tron-o-matic 1 Pro,NewYork_02,80.0,None,
2024-11-05,Tron-o-matic 1 Pro,Chicago_01,80.0,None,
2024-11-05,Tron-o-matic 1 Pro,Dallas_01,80.0,None,
2024-11-05,Tron-o-matic 1 Pro,Houston_01,80.0,None,
2024-11-05,Tron-o-matic 1 Pro,WashingtonDC_01,80.0,None,
2024-11-05,Tron-o-matic 1 Pro,Atlanta_01,80.0,None,
2024-11-05,Tron-o-matic 1 Pro,Philadelphia_01,80.0,None,
2024-11-05,Tron-o-matic 2,Online_Store,55.0,None,
2024-11-05,Tron-o-matic 2,LosAngeles_01,55.0,None,
2024-11-05,Tron-o-matic 2,NewYork_01,55.0,None,
2024-11-05,Tron-o-matic 2,NewYork_02,55.0,None,
2024-11-05,Tron-o-matic 2,Chicago_01,55.0,None,
2024-11-05,Tron-o-matic 2,Dallas_01,55.0,None,
2024-11-05,Tron-o-matic 2,Houston_01,55.0,None,
2024-11-05,Tron-o-matic 2,WashingtonDC_01,55.0,None,
2024-11-05,Tron-o-matic 2,Atlanta_01,55.0,None,
2024-11-05,Tron-o-matic 2,Philadelphia_01,55.0,None,
2024-11-05,Tron-o-matic 2 Pro,Online_Store,85.0,None,
2024-11-05,Tron-o-matic 2 Pro,LosAngeles_01,85.0,None,
2024-11-05,Tron-o-matic 2 Pro,NewYork_01,85.0,None,
2024-11-05,Tron-o-matic 2 Pro,NewYork_02,85.0,None,
2024-11-05,Tron-o-matic 2 Pro,Chicago_01,85.0,None,
2024-11-05,Tron-o-matic 2 Pro,Dallas_01,85.0,None,
2024-11-05,Tron-o-matic 2 Pro,Houston_01,85.0,None,
2024-11-05,Tron-o-matic 2 Pro,WashingtonDC_01,85.0,None,
2024-11-05,Tron-o-matic 2 Pro,Atlanta_01,85.0,None,
2024-11-05,Tron-o-matic 2 Pro,Philadelphia_01,85.0,None,
2024-11-05,Tron-o-matic 3,Online_Store,60.0,None,
2024-11-05,Tron-o-matic 3,LosAngeles_01,60.0,None,
2024-11-05,Tron-o-matic 3,NewYork_01,60.0,None,
2024-11-05,Tron-o-matic 3,NewYork_02,60.0,None,
2024-11-05,Tron-o-matic 3,Chicago_01,60.0,None,
2024-11-05,Tron-o-matic 3,Dallas_01,60.0,None,
2024-11-05,Tron-o-matic 3,Houston_01,60.0,None,
2024-11-05,Tron-o-matic 3,WashingtonDC_01,60.0,None,
2024-11-05,Tron-o-matic 3,Atlanta_01,60.0,None,
2024-11-05,Tron-o-matic 3,Philadelphia_01,60.0,None,
2024-11-05,Tron-o-matic 3 Pro,Online_Store,90.0,None,
2024-11-05,Tron-o-matic 3 Pro,LosAngeles_01,90.0,None,
2024-11-05,Tron-o-matic 3 Pro,NewYork_01,90.0,None,
2024-11-05,Tron-o-matic 3 Pro,NewYork_02,90.0,None,
2024-11-05,Tron-o-matic 3 Pro,Chicago_01,90.0,None,
2024-11-05,Tron-o-matic 3 Pro,Dallas_01,90.0,None,
2024-11-05,Tron-o-matic 3 Pro,Houston_01,90.0,None,
2024-11-05,Tron-o-matic 3 Pro,WashingtonDC_01,90.0,None,
2024-11-05,Tron-o-matic 3 Pro,Atlanta_01,90.0,None,
2024-11-05,Tron-o-matic 3 Pro,Philadelphia_01,90.0,None,
2024-11-05,Tron-o-matic 4,Online_Store,75.0,None,
2024-11-05,Tron-o-matic 4,LosAngeles_01,75.0,None,
2024-11-05,Tron-o-matic 4,NewYork_01,75.0,None,
2024-11-05,Tron-o-matic 4,NewYork_02,75.0,None,
2024-11-05,Tron-o-matic 4,Chicago_01,75.0,None,
2024-11-05,Tron-o-matic 4,Dallas_01,75.0,None,
2024-11-05,Tron-o-matic 4,Houston_01,75.0,None,
2024-11-05,Tron-o-matic 4,WashingtonDC_01,75.0,None,
2024-11-05,Tron-o-matic 4,Atlanta_01,75.0,None,
2024-11-05,Tron-o-matic 4,Philadelphia_01,75.0,None,
2024-11-05,Tron-o-matic 4 Pro,Online_Store,87.09,SMALL_DEAL,
2024-11-05,Tron-o-matic 4 Pro,LosAngeles_01,87.09,SMALL_DEAL,
2024-11-05,Tron-o-matic 4 Pro,NewYork_01,87.09,SMALL_DEAL,
2024-11-05,Tron-o-matic 4 Pro,NewYork_02,87.09,SMALL_DEAL,
2024-11-05,Tron-o-matic 4 Pro,Chicago_01,87.09,SMALL_DEAL,
2024-11-05,Tron-o-matic 4 Pro,Dallas_01,87.09,SMALL_DEAL,
2024-11-05,Tron-o-matic 4 Pro,Houston_01,87.09,SMALL_DEAL,
2024-11-05,Tron-o-matic 4 Pro,WashingtonDC_01,87.09,SMALL_DEAL,
2024-11-05,Tron-o-matic 4 Pro,Atlanta_01,87.09,SMALL_DEAL,
2024-11-05,Tron-o-matic 4 Pro,Philadelphia_01,87.09,SMALL_DEAL,
2024-11-05,Tron-o-matic 5,Online_Store,71.1,SMALL_DEAL,
2024-11-05,Tron-o-matic 5,LosAngeles_01,71.1,SMALL_DEAL,
2024-11-05,Tron-o-matic 5,NewYork_01,71.1,SMALL_DEAL,
2024-11-05,Tron-o-matic 5,NewYork_02,71.1,SMALL_DEAL,
2024-11-05,Tron-o-matic 5,Chicago_01,71.1,SMALL_DEAL,
2024-11-05,Tron-o-matic 5,Dallas_01,71.1,SMALL_DEAL,
2024-11-05,Tron-o-matic 5,Houston_01,71.1,SMALL_DEAL,
2024-11-05,Tron-o-matic 5,WashingtonDC_01,71.1,SMALL_DEAL,
2024-11-05,Tron-o-matic 5,Atlanta_01,71.1,SMALL_DEAL,
2024-11-05,Tron-o-matic 5,Philadelphia_01,71.1,SMALL_DEAL,
2024-11-05,Tron-o-matic 5 Pro,Online_Store,99.72,SMALL_DEAL,
2024-11-05,Tron-o-matic 5 Pro,LosAngeles_01,99.72,SMALL_DEAL,
2024-11-05,Tron-o-matic 5 Pro,NewYork_01,99.72,SMALL_DEAL,
2024-11-05,Tron-o-matic 5 Pro,NewYork_02,99.72,SMALL_DEAL,
2024-11-05,Tron-o-matic 5 Pro,Chicago_01,99.72,SMALL_DEAL,
2024-11-05,Tron-o-matic 5 Pro,Dallas_01,99.72,SMALL_DEAL,
2024-11-05,Tron-o-matic 5 Pro,Houston_01,99.72,SMALL_DEAL,
2024-11-05,Tron-o-matic 5 Pro,WashingtonDC_01,99.72,SMALL_DEAL,
2024-11-05,Tron-o-matic 5 Pro,Atlanta_01,99.72,SMALL_DEAL,
2024-11-05,Tron-o-matic 5 Pro,Philadelphia_01,99.72,SMALL_DEAL,
2024-11-06,Tron-o-matic 1,Online_Store,60.0,None,
2024-11-06,Tron-o-matic 1,LosAngeles_01,60.0,None,
2024-11-06,Tron-o-matic 1,NewYork_01,60.0,None,
2024-11-06,Tron-o-matic 1,NewYork_02,60.0,None,
2024-11-06,Tron-o-matic 1,Chicago_01,60.0,None,
2024-11-06,Tron-o-matic 1,Dallas_01,60.0,None,
2024-11-06,Tron-o-matic 1,Houston_01,60.0,None,
2024-11-06,Tron-o-matic 1,WashingtonDC_01,60.0,None,
2024-11-06,Tron-o-matic 1,Atlanta_01,60.0,None,
2024-11-06,Tron-o-matic 1,Philadelphia_01,60.0,None,
2024-11-06,Tron-o-matic 1 Pro,Online_Store,74.55,SMALL_DEAL,
2024-11-06,Tron-o-matic 1 Pro,LosAngeles_01,74.55,SMALL_DEAL,
2024-11-06,Tron-o-matic 1 Pro,NewYork_01,74.55,SMALL_DEAL,
2024-11-06,Tron-o-matic 1 Pro,NewYork_02,74.55,SMALL_DEAL,
2024-11-06,Tron-o-matic 1 Pro,Chicago_01,74.55,SMALL_DEAL,
2024-11-06,Tron-o-matic 1 Pro,Dallas_01,74.55,SMALL_DEAL,
2024-11-06,Tron-o-matic 1 Pro,Houston_01,74.55,SMALL_DEAL,
2024-11-06,Tron-o-matic 1 Pro,WashingtonDC_01,74.55,SMALL_DEAL,
2024-11-06,Tron-o-matic 1 Pro,Atlanta_01,74.55,SMALL_DEAL,
2024-11-06,Tron-o-matic 1 Pro,Philadelphia_01,74.55,SMALL_DEAL,
2024-11-06,Tron-o-matic 2,Online_Store,48.82,SMALL_DEAL,
2024-11-06,Tron-o-matic 2,LosAngeles_01,48.82,SMALL_DEAL,
2024-11-06,Tron-o-matic 2,NewYork_01,48.82,SMALL_DEAL,
2024-11-06,Tron-o-matic 2,NewYork_02,48.82,SMALL_DEAL,
2024-11-06,Tron-o-matic 2,Chicago_01,48.82,SMALL_DEAL,
2024-11-06,Tron-o-matic 2,Dallas_01,48.82,SMALL_DEAL,
2024-11-06,Tron-o-matic 2,Houston_01,48.82,SMALL_DEAL,
2024-11-06,Tron-o-matic 2,WashingtonDC_01,48.82,SMALL_DEAL,
2024-11-06,Tron-o-matic 2,Atlanta_01,48.82,SMALL_DEAL,
2024-11-06,Tron-o-matic 2,Philadelphia_01,48.82,SMALL_DEAL,
2024-11-06,Tron-o-matic 2 Pro,Online_Store,76.95,SMALL_DEAL,
2024-11-06,Tron-o-matic 2 Pro,LosAngeles_01,76.95,SMALL_DEAL,
2024-11-06,Tron-o-matic 2 Pro,NewYork_01,76.95,SMALL_DEAL,
2024-11-06,Tron-o-matic 2 Pro,NewYork_02,76.95,SMALL_DEAL,
2024-11-06,Tron-o-matic 2 Pro,Chicago_01,76.95,SMALL_DEAL,
2024-11-06,Tron-o-matic 2 Pro,Dallas_01,76.95,SMALL_DEAL,
2024-11-06,Tron-o-matic 2 Pro,Houston_01,76.95,SMALL_DEAL,
2024-11-06,Tron-o-matic 2 Pro,WashingtonDC_01,76.95,SMALL_DEAL,
2024-11-06,Tron-o-matic 2 Pro,Atlanta_01,76.95,SMALL_DEAL,
2024-11-06,Tron-o-matic 2 Pro,Philadelphia_01,76.95,SMALL_DEAL,
2024-11-06,Tron-o-matic 3,Online_Store,60.0,None,
2024-11-06,Tron-o-matic 3,LosAngeles_01,60.0,None,
2024-11-06,Tron-o-matic 3,NewYork_01,60.0,None,
2024-11-06,Tron-o-matic 3,NewYork_02,60.0,None,
2024-11-06,Tron-o-matic 3,Chicago_01,60.0,None,
2024-11-06,Tron-o-matic 3,Dallas_01,60.0,None,
2024-11-06,Tron-o-matic 3,Houston_01,60.0,None,
2024-11-06,Tron-o-matic 3,WashingtonDC_01,60.0,None,
2024-11-06,Tron-o-matic 3,Atlanta_01,60.0,None,
2024-11-06,Tron-o-matic 3,Philadelphia_01,60.0,None,
2024-11-06,Tron-o-matic 3 Pro,Online_Store,90.0,None,
2024-11-06,Tron-o-matic 3 Pro,LosAngeles_01,90.0,None,
2024-11-06,Tron-o-matic 3 Pro,NewYork_01,90.0,None,
2024-11-06,Tron-o-matic 3 Pro,NewYork_02,90.0,None,
2024-11-06,Tron-o-matic 3 Pro,Chicago_01,90.0,None,
2024-11-06,Tron-o-matic 3 Pro,Dallas_01,90.0,None,
2024-11-06,Tron-o-matic 3 Pro,Houston_01,90.0,None,
2024-11-06,Tron-o-matic 3 Pro,WashingtonDC_01,90.0,None,
2024-11-06,Tron-o-matic 3 Pro,Atlanta_01,90.0,None,
2024-11-06,Tron-o-matic 3 Pro,Philadelphia_01,90.0,None,
2024-11-06,Tron-o-matic 4,Online_Store,54.61,BIG_DEAL,
2024-11-06,Tron-o-matic 4,LosAngeles_01,54.61,BIG_DEAL,
2024-11-06,Tron-o-matic 4,NewYork_01,54.61,BIG_DEAL,
2024-11-06,Tron-o-matic 4,NewYork_02,54.61,BIG_DEAL,
2024-11-06,Tron-o-matic 4,Chicago_01,54.61,BIG_DEAL,
2024-11-06,Tron-o-matic 4,Dallas_01,54.61,BIG_DEAL,
2024-11-06,Tron-o-matic 4,Houston_01,54.61,BIG_DEAL,
2024-11-06,Tron-o-matic 4,WashingtonDC_01,54.61,BIG_DEAL,
2024-11-06,Tron-o-matic 4,Atlanta_01,54.61,BIG_DEAL,
2024-11-06,Tron-o-matic 4,Philadelphia_01,54.61,BIG_DEAL,
2024-11-06,Tron-o-matic 4 Pro,Online_Store,75.2,BIG_DEAL,
2024-11-06,Tron-o-matic 4 Pro,LosAngeles_01,75.2,BIG_DEAL,
2024-11-06,Tron-o-matic 4 Pro,NewYork_01,75.2,BIG_DEAL,
2024-11-06,Tron-o-matic 4 Pro,NewYork_02,75.2,BIG_DEAL,
2024-11-06,Tron-o-matic 4 Pro,Chicago_01,75.2,BIG_DEAL,
2024-11-06,Tron-o-matic 4 Pro,Dallas_01,75.2,BIG_DEAL,
2024-11-06,Tron-o-matic 4 Pro,Houston_01,75.2,BIG_DEAL,
2024-11-06,Tron-o-matic 4 Pro,WashingtonDC_01,75.2,BIG_DEAL,
2024-11-06,Tron-o-matic 4 Pro,Atlanta_01,75.2,BIG_DEAL,
2024-11-06,Tron-o-matic 4 Pro,Philadelphia_01,75.2,BIG_DEAL,
2024-11-06,Tron-o-matic 5,Online_Store,74.17,SMALL_DEAL,
2024-11-06,Tron-o-matic 5,LosAngeles_01,74.17,SMALL_DEAL,
2024-11-06,Tron-o-matic 5,NewYork_01,74.17,SMALL_DEAL,
2024-11-06,Tron-o-matic 5,NewYork_02,74.17,SMALL_DEAL,
2024-11-06,Tron-o-matic 5,Chicago_01,74.17,SMALL_DEAL,
2024-11-06,Tron-o-matic 5,Dallas_01,74.17,SMALL_DEAL,
2024-11-06,Tron-o-matic 5,Houston_01,74.17,SMALL_DEAL,
2024-11-06,Tron-o-matic 5,WashingtonDC_01,74.17,SMALL_DEAL,
2024-11-06,Tron-o-matic 5,Atlanta_01,74.17,SMALL_DEAL,
2024-11-06,Tron-o-matic 5,Philadelphia_01,74.17,SMALL_DEAL,
2024-11-06,Tron-o-matic 5 Pro,Online_Store,93.87,SMALL_DEAL,
2024-11-06,Tron-o-matic 5 Pro,LosAngeles_01,93.87,SMALL_DEAL,
2024-11-06,Tron-o-matic 5 Pro,NewYork_01,93.87,SMALL_DEAL,
2024-11-06,Tron-o-matic 5 Pro,NewYork_02,93.87,SMALL_DEAL,
2024-11-06,Tron-o-matic 5 Pro,Chicago_01,93.87,SMALL_DEAL,
2024-11-06,Tron-o-matic 5 Pro,Dallas_01,93.87,SMALL_DEAL,
2024-11-06,Tron-o-matic 5 Pro,Houston_01,93.87,SMALL_DEAL,
2024-11-06,Tron-o-matic 5 Pro,WashingtonDC_01,93.87,SMALL_DEAL,
2024-11-06,Tron-o-matic 5 Pro,Atlanta_01,93.87,SMALL_DEAL,
2024-11-06,Tron-o-matic 5 Pro,Philadelphia_01,93.87,SMALL_DEAL,
2024-11-07,Tron-o-matic 1,Online_Store,60.0,None,
2024-11-07,Tron-o-matic 1,LosAngeles_01,60.0,None,
2024-11-07,Tron-o-matic 1,NewYork_01,60.0,None,
2024-11-07,Tron-o-matic 1,NewYork_02,60.0,None,
2024-11-07,Tron-o-matic 1,Chicago_01,60.0,None,
2024-11-07,Tron-o-matic 1,Dallas_01,60.0,None,
2024-11-07,Tron-o-matic 1,Houston_01,60.0,None,
2024-11-07,Tron-o-matic 1,WashingtonDC_01,60.0,None,
2024-11-07,Tron-o-matic 1,Atlanta_01,60.0,None,
2024-11-07,Tron-o-matic 1,Philadelphia_01,60.0,None,
2024-11-07,Tron-o-matic 1 Pro,Online_Store,80.0,None,
2024-11-07,Tron-o-matic 1 Pro,LosAngeles_01,80.0,None,
2024-11-07,Tron-o-matic 1 Pro,NewYork_01,80.0,None,
2024-11-07,Tron-o-matic 1 Pro,NewYork_02,80.0,None,
2024-11-07,Tron-o-matic 1 Pro,Chicago_01,80.0,None,
2024-11-07,Tron-o-matic 1 Pro,Dallas_01,80.0,None,
2024-11-07,Tron-o-matic 1 Pro,Houston_01,80.0,None,
2024-11-07,Tron-o-matic 1 Pro,WashingtonDC_01,80.0,None,
2024-11-07,Tron-o-matic 1 Pro,Atlanta_01,80.0,None,
2024-11-07,Tron-o-matic 1 Pro,Philadelphia_01,80.0,None,
2024-11-07,Tron-o-matic 2,Online_Store,41.52,BIG_DEAL,
2024-11-07,Tron-o-matic 2,LosAngeles_01,41.52,BIG_DEAL,
2024-11-07,Tron-o-matic 2,NewYork_01,41.52,BIG_DEAL,
2024-11-07,Tron-o-matic 2,NewYork_02,41.52,BIG_DEAL,
2024-11-07,Tron-o-matic 2,Chicago_01,41.52,BIG_DEAL,
2024-11-07,Tron-o-matic 2,Dallas_01,41.52,BIG_DEAL,
2024-11-07,Tron-o-matic 2,Houston_01,41.52,BIG_DEAL,
2024-11-07,Tron-o-matic 2,WashingtonDC_01,41.52,BIG_DEAL,
2024-11-07,Tron-o-matic 2,Atlanta_01,41.52,BIG_DEAL,
2024-11-07,Tron-o-matic 2,Philadelphia_01,41.52,BIG_DEAL,
2024-11-07,Tron-o-matic 2 Pro,Online_Store,85.0,None,
2024-11-07,Tron-o-matic 2 Pro,LosAngeles_01,85.0,None,
2024-11-07,Tron-o-matic 2 Pro,NewYork_01,85.0,None,
2024-11-07,Tron-o-matic 2 Pro,NewYork_02,85.0,None,
2024-11-07,Tron-o-matic 2 Pro,Chicago_01,85.0,None,
2024-11-07,Tron-o-matic 2 Pro,Dallas_01,85.0,None,
2024-11-07,Tron-o-matic 2 Pro,Houston_01,85.0,None,
2024-11-07,Tron-o-matic 2 Pro,WashingtonDC_01,85.0,None,
2024-11-07,Tron-o-matic 2 Pro,Atlanta_01,85.0,None,
2024-11-07,Tron-o-matic 2 Pro,Philadelphia_01,85.0,None,
2024-11-07,Tron-o-matic 3,Online_Store,60.0,None,
2024-11-07,Tron-o-matic 3,LosAngeles_01,60.0,None,
2024-11-07,Tron-o-matic 3,NewYork_01,60.0,None,
2024-11-07,Tron-o-matic 3,NewYork_02,60.0,None,
2024-11-07,Tron-o-matic 3,Chicago_01,60.0,None,
2024-11-07,Tron-o-matic 3,Dallas_01,60.0,None,
2024-11-07,Tron-o-matic 3,Houston_01,60.0,None,
2024-11-07,Tron-o-matic 3,WashingtonDC_01,60.0,None,
2024-11-07,Tron-o-matic 3,Atlanta_01,60.0,None,
2024-11-07,Tron-o-matic 3,Philadelphia_01,60.0,None,
2024-11-07,Tron-o-matic 3 Pro,Online_Store,90.0,None,
2024-11-07,Tron-o-matic 3 Pro,LosAngeles_01,90.0,None,
2024-11-07,Tron-o-matic 3 Pro,NewYork_01,90.0,None,
2024-11-07,Tron-o-matic 3 Pro,NewYork_02,90.0,None,
2024-11-07,Tron-o-matic 3 Pro,Chicago_01,90.0,None,
2024-11-07,Tron-o-matic 3 Pro,Dallas_01,90.0,None,
2024-11-07,Tron-o-matic 3 Pro,Houston_01,90.0,None,
2024-11-07,Tron-o-matic 3 Pro,WashingtonDC_01,90.0,None,
2024-11-07,Tron-o-matic 3 Pro,Atlanta_01,90.0,None,
2024-11-07,Tron-o-matic 3 Pro,Philadelphia_01,90.0,None,
2024-11-07,Tron-o-matic 4,Online_Store,59.84,BIG_DEAL,
2024-11-07,Tron-o-matic 4,LosAngeles_01,59.84,BIG_DEAL,
2024-11-07,Tron-o-matic 4,NewYork_01,59.84,BIG_DEAL,
2024-11-07,Tron-o-matic 4,NewYork_02,59.84,BIG_DEAL,
2024-11-07,Tron-o-matic 4,Chicago_01,59.84,BIG_DEAL,
2024-11-07,Tron-o-matic 4,Dallas_01,59.84,BIG_DEAL,
2024-11-07,Tron-o-matic 4,Houston_01,59.84,BIG_DEAL,
2024-11-07,Tron-o-matic 4,WashingtonDC_01,59.84,BIG_DEAL,
2024-11-07,Tron-o-matic 4,Atlanta_01,59.84,BIG_DEAL,
2024-11-07,Tron-o-matic 4,Philadelphia_01,59.84,BIG_DEAL,
2024-11-07,Tron-o-matic 4 Pro,Online_Store,100.0,None,
2024-11-07,Tron-o-matic 4 Pro,LosAngeles_01,100.0,None,
2024-11-07,Tron-o-matic 4 Pro,NewYork_01,100.0,None,
2024-11-07,Tron-o-matic 4 Pro,NewYork_02,100.0,None,
2024-11-07,Tron-o-matic 4 Pro,Chicago_01,100.0,None,
2024-11-07,Tron-o-matic 4 Pro,Dallas_01,100.0,None,
2024-11-07,Tron-o-matic 4 Pro,Houston_01,100.0,None,
2024-11-07,Tron-o-matic 4 Pro,WashingtonDC_01,100.0,None,
2024-11-07,Tron-o-matic 4 Pro,Atlanta_01,100.0,None,
2024-11-07,Tron-o-matic 4 Pro,Philadelphia_01,100.0,None,
2024-11-07,Tron-o-matic 5,Online_Store,80.0,None,
2024-11-07,Tron-o-matic 5,LosAngeles_01,80.0,None,
2024-11-07,Tron-o-matic 5,NewYork_01,80.0,None,
2024-11-07,Tron-o-matic 5,NewYork_02,80.0,None,
2024-11-07,Tron-o-matic 5,Chicago_01,80.0,None,
2024-11-07,Tron-o-matic 5,Dallas_01,80.0,None,
2024-11-07,Tron-o-matic 5,Houston_01,80.0,None,
2024-11-07,Tron-o-matic 5,WashingtonDC_01,80.0,None,
2024-11-07,Tron-o-matic 5,Atlanta_01,80.0,None,
2024-11-07,Tron-o-matic 5,Philadelphia_01,80.0,None,
2024-11-07,Tron-o-matic 5 Pro,Online_Store,79.53,BIG_DEAL,
2024-11-07,Tron-o-matic 5 Pro,LosAngeles_01,79.53,BIG_DEAL,
2024-11-07,Tron-o-matic 5 Pro,NewYork_01,79.53,BIG_DEAL,
2024-11-07,Tron-o-matic 5 Pro,NewYork_02,79.53,BIG_DEAL,
2024-11-07,Tron-o-matic 5 Pro,Chicago_01,79.53,BIG_DEAL,
2024-11-07,Tron-o-matic 5 Pro,Dallas_01,79.53,BIG_DEAL,
2024-11-07,Tron-o-matic 5 Pro,Houston_01,79.53,BIG_DEAL,
2024-11-07,Tron-o-matic 5 Pro,WashingtonDC_01,79.53,BIG_DEAL,
2024-11-07,Tron-o-matic 5 Pro,Atlanta_01,79.53,BIG_DEAL,
2024-11-07,Tron-o-matic 5 Pro,Philadelphia_01,79.53,BIG_DEAL,
2024-11-08,Tron-o-matic 1,Online_Store,47.66,BIG_DEAL,
2024-11-08,Tron-o-matic 1,LosAngeles_01,47.66,BIG_DEAL,
2024-11-08,Tron-o-matic 1,NewYork_01,47.66,BIG_DEAL,
2024-11-08,Tron-o-matic 1,NewYork_02,47.66,BIG_DEAL,
2024-11-08,Tron-o-matic 1,Chicago_01,47.66,BIG_DEAL,
2024-11-08,Tron-o-matic 1,Dallas_01,47.66,BIG_DEAL,
2024-11-08,Tron-o-matic 1,Houston_01,47.66,BIG_DEAL,
2024-11-08,Tron-o-matic 1,WashingtonDC_01,47.66,BIG_DEAL,
2024-11-08,Tron-o-matic 1,Atlanta_01,47.66,BIG_DEAL,
2024-11-08,Tron-o-matic 1,Philadelphia_01,47.66,BIG_DEAL,
2024-11-08,Tron-o-matic 1 Pro,Online_Store,80.0,None,
2024-11-08,Tron-o-matic 1 Pro,LosAngeles_01,80.0,None,
2024-11-08,Tron-o-matic 1 Pro,NewYork_01,80.0,None,
2024-11-08,Tron-o-matic 1 Pro,NewYork_02,80.0,None,
2024-11-08,Tron-o-matic 1 Pro,Chicago_01,80.0,None,
2024-11-08,Tron-o-matic 1 Pro,Dallas_01,80.0,None,
2024-11-08,Tron-o-matic 1 Pro,Houston_01,80.0,None,
2024-11-08,Tron-o-matic 1 Pro,WashingtonDC_01,80.0,None,
2024-11-08,Tron-o-matic 1 Pro,Atlanta_01,80.0,None,
2024-11-08,Tron-o-matic 1 Pro,Philadelphia_01,80.0,None,
2024-11-08,Tron-o-matic 2,Online_Store,43.49,BIG_DEAL,
2024-11-08,Tron-o-matic 2,LosAngeles_01,43.49,BIG_DEAL,
2024-11-08,Tron-o-matic 2,NewYork_01,43.49,BIG_DEAL,
2024-11-08,Tron-o-matic 2,NewYork_02,43.49,BIG_DEAL,
2024-11-08,Tron-o-matic 2,Chicago_01,43.49,BIG_DEAL,
2024-11-08,Tron-o-matic 2,Dallas_01,43.49,BIG_DEAL,
2024-11-08,Tron-o-matic 2,Houston_01,43.49,BIG_DEAL,
2024-11-08,Tron-o-matic 2,WashingtonDC_01,43.49,BIG_DEAL,
2024-11-08,Tron-o-matic 2,Atlanta_01,43.49,BIG_DEAL,
2024-11-08,Tron-o-matic 2,Philadelphia_01,43.49,BIG_DEAL,
2024-11-08,Tron-o-matic 2 Pro,Online_Store,85.0,None,
2024-11-08,Tron-o-matic 2 Pro,LosAngeles_01,85.0,None,
2024-11-08,Tron-o-matic 2 Pro,NewYork_01,85.0,None,
2024-11-08,Tron-o-matic 2 Pro,NewYork_02,85.0,None,
2024-11-08,Tron-o-matic 2 Pro,Chicago_01,85.0,None,
2024-11-08,Tron-o-matic 2 Pro,Dallas_01,85.0,None,
2024-11-08,Tron-o-matic 2 Pro,Houston_01,85.0,None,
2024-11-08,Tron-o-matic 2 Pro,WashingtonDC_01,85.0,None,
2024-11-08,Tron-o-matic 2 Pro,Atlanta_01,85.0,None,
2024-11-08,Tron-o-matic 2 Pro,Philadelphia_01,85.0,None,
2024-11-08,Tron-o-matic 3,Online_Store,60.0,None,
2024-11-08,Tron-o-matic 3,LosAngeles_01,60.0,None,
2024-11-08,Tron-o-matic 3,NewYork_01,60.0,None,
2024-11-08,Tron-o-matic 3,NewYork_02,60.0,None,
2024-11-08,Tron-o-matic 3,Chicago_01,60.0,None,
2024-11-08,Tron-o-matic 3,Dallas_01,60.0,None,
2024-11-08,Tron-o-matic 3,Houston_01,60.0,None,
2024-11-08,Tron-o-matic 3,WashingtonDC_01,60.0,None,
2024-11-08,Tron-o-matic 3,Atlanta_01,60.0,None,
2024-11-08,Tron-o-matic 3,Philadelphia_01,60.0,None,
2024-11-08,Tron-o-matic 3 Pro,Online_Store,80.95,SMALL_DEAL,
2024-11-08,Tron-o-matic 3 Pro,LosAngeles_01,80.95,SMALL_DEAL,
2024-11-08,Tron-o-matic 3 Pro,NewYork_01,80.95,SMALL_DEAL,
2024-11-08,Tron-o-matic 3 Pro,NewYork_02,80.95,SMALL_DEAL,
2024-11-08,Tron-o-matic 3 Pro,Chicago_01,80.95,SMALL_DEAL,
2024-11-08,Tron-o-matic 3 Pro,Dallas_01,80.95,SMALL_DEAL,
2024-11-08,Tron-o-matic 3 Pro,Houston_01,80.95,SMALL_DEAL,
2024-11-08,Tron-o-matic 3 Pro,WashingtonDC_01,80.95,SMALL_DEAL,
2024-11-08,Tron-o-matic 3 Pro,Atlanta_01,80.95,SMALL_DEAL,
2024-11-08,Tron-o-matic 3 Pro,Philadelphia_01,80.95,SMALL_DEAL,
2024-11-08,Tron-o-matic 4,Online_Store,75.0,None,
2024-11-08,Tron-o-matic 4,LosAngeles_01,75.0,None,
2024-11-08,Tron-o-matic 4,NewYork_01,75.0,None,
2024-11-08,Tron-o-matic 4,NewYork_02,75.0,None,
2024-11-08,Tron-o-matic 4,Chicago_01,75.0,None,
2024-11-08,Tron-o-matic 4,Dallas_01,75.0,None,
2024-11-08,Tron-o-matic 4,Houston_01,75.0,None,
2024-11-08,Tron-o-matic 4,WashingtonDC_01,75.0,None,
2024-11-08,Tron-o-matic 4,Atlanta_01,75.0,None,
2024-11-08,Tron-o-matic 4,Philadelphia_01,75.0,None,
2024-11-08,Tron-o-matic 4 Pro,Online_Store,93.43,SMALL_DEAL,
2024-11-08,Tron-o-matic 4 Pro,LosAngeles_01,93.43,SMALL_DEAL,
2024-11-08,Tron-o-matic 4 Pro,NewYork_01,93.43,SMALL_DEAL,
2024-11-08,Tron-o-matic 4 Pro,NewYork_02,93.43,SMALL_DEAL,
2024-11-08,Tron-o-matic 4 Pro,Chicago_01,93.43,SMALL_DEAL,
2024-11-08,Tron-o-matic 4 Pro,Dallas_01,93.43,SMALL_DEAL,
2024-11-08,Tron-o-matic 4 Pro,Houston_01,93.43,SMALL_DEAL,
2024-11-08,Tron-o-matic 4 Pro,WashingtonDC_01,93.43,SMALL_DEAL,
2024-11-08,Tron-o-matic 4 Pro,Atlanta_01,93.43,SMALL_DEAL,
2024-11-08,Tron-o-matic 4 Pro,Philadelphia_01,93.43,SMALL_DEAL,
2024-11-08,Tron-o-matic 5,Online_Store,80.0,None,
2024-11-08,Tron-o-matic 5,LosAngeles_01,80.0,None,
2024-11-08,Tron-o-matic 5,NewYork_01,80.0,None,
2024-11-08,Tron-o-matic 5,NewYork_02,80.0,None,
2024-11-08,Tron-o-matic 5,Chicago_01,80.0,None,
2024-11-08,Tron-o-matic 5,Dallas_01,80.0,None,
2024-11-08,Tron-o-matic 5,Houston_01,80.0,None,
2024-11-08,Tron-o-matic 5,WashingtonDC_01,80.0,None,
2024-11-08,Tron-o-matic 5,Atlanta_01,80.0,None,
2024-11-08,Tron-o-matic 5,Philadelphia_01,80.0,None,
2024-11-08,Tron-o-matic 5 Pro,Online_Store,110.0,None,
2024-11-08,Tron-o-matic 5 Pro,LosAngeles_01,110.0,None,
2024-11-08,Tron-o-matic 5 Pro,NewYork_01,110.0,None,
2024-11-08,Tron-o-matic 5 Pro,NewYork_02,110.0,None,
2024-11-08,Tron-o-matic 5 Pro,Chicago_01,110.0,None,
2024-11-08,Tron-o-matic 5 Pro,Dallas_01,110.0,None,
2024-11-08,Tron-o-matic 5 Pro,Houston_01,110.0,None,
2024-11-08,Tron-o-matic 5 Pro,WashingtonDC_01,110.0,None,
2024-11-08,Tron-o-matic 5 Pro,Atlanta_01,110.0,None,
2024-11-08,Tron-o-matic 5 Pro,Philadelphia_01,110.0,None,
2024-11-09,Tron-o-matic 1,Online_Store,45.05,BIG_DEAL,
2024-11-09,Tron-o-matic 1,LosAngeles_01,45.05,BIG_DEAL,
2024-11-09,Tron-o-matic 1,NewYork_01,45.05,BIG_DEAL,
2024-11-09,Tron-o-matic 1,NewYork_02,45.05,BIG_DEAL,
2024-11-09,Tron-o-matic 1,Chicago_01,45.05,BIG_DEAL,
2024-11-09,Tron-o-matic 1,Dallas_01,45.05,BIG_DEAL,
2024-11-09,Tron-o-matic 1,Houston_01,45.05,BIG_DEAL,
2024-11-09,Tron-o-matic 1,WashingtonDC_01,45.05,BIG_DEAL,
2024-11-09,Tron-o-matic 1,Atlanta_01,45.05,BIG_DEAL,
2024-11-09,Tron-o-matic 1,Philadelphia_01,45.05,BIG_DEAL,
2024-11-09,Tron-o-matic 1 Pro,Online_Store,80.0,None,
2024-11-09,Tron-o-matic 1 Pro,LosAngeles_01,80.0,None,
2024-11-09,Tron-o-matic 1 Pro,NewYork_01,80.0,None,
2024-11-09,Tron-o-matic 1 Pro,NewYork_02,80.0,None,
2024-11-09,Tron-o-matic 1 Pro,Chicago_01,80.0,None,
2024-11-09,Tron-o-matic 1 Pro,Dallas_01,80.0,None,
2024-11-09,Tron-o-matic 1 Pro,Houston_01,80.0,None,
2024-11-09,Tron-o-matic 1 Pro,WashingtonDC_01,80.0,None,
2024-11-09,Tron-o-matic 1 Pro,Atlanta_01,80.0,None,
2024-11-09,Tron-o-matic 1 Pro,Philadelphia_01,80.0,None,
2024-11-09,Tron-o-matic 2,Online_Store,40.2,BIG_DEAL,
2024-11-09,Tron-o-matic 2,LosAngeles_01,40.2,BIG_DEAL,
2024-11-09,Tron-o-matic 2,NewYork_01,40.2,BIG_DEAL,
2024-11-09,Tron-o-matic 2,NewYork_02,40.2,BIG_DEAL,
2024-11-09,Tron-o-matic 2,Chicago_01,40.2,BIG_DEAL,
2024-11-09,Tron-o-matic 2,Dallas_01,40.2,BIG_DEAL,
2024-11-09,Tron-o-matic 2,Houston_01,40.2,BIG_DEAL,
2024-11-09,Tron-o-matic 2,WashingtonDC_01,40.2,BIG_DEAL,
2024-11-09,Tron-o-matic 2,Atlanta_01,40.2,BIG_DEAL,
2024-11-09,Tron-o-matic 2,Philadelphia_01,40.2,BIG_DEAL,
2024-11-09,Tron-o-matic 2 Pro,Online_Store,85.0,None,
2024-11-09,Tron-o-matic 2 Pro,LosAngeles_01,85.0,None,
2024-11-09,Tron-o-matic 2 Pro,NewYork_01,85.0,None,
2024-11-09,Tron-o-matic 2 Pro,NewYork_02,85.0,None,
2024-11-09,Tron-o-matic 2 Pro,Chicago_01,85.0,None,
2024-11-09,Tron-o-matic 2 Pro,Dallas_01,85.0,None,
2024-11-09,Tron-o-matic 2 Pro,Houston_01,85.0,None,
2024-11-09,Tron-o-matic 2 Pro,WashingtonDC_01,85.0,None,
2024-11-09,Tron-o-matic 2 Pro,Atlanta_01,85.0,None,
2024-11-09,Tron-o-matic 2 Pro,Philadelphia_01,85.0,None,
2024-11-09,Tron-o-matic 3,Online_Store,60.0,None,
2024-11-09,Tron-o-matic 3,LosAngeles_01,60.0,None,
2024-11-09,Tron-o-matic 3,NewYork_01,60.0,None,
2024-11-09,Tron-o-matic 3,NewYork_02,60.0,None,
2024-11-09,Tron-o-matic 3,Chicago_01,60.0,None,
2024-11-09,Tron-o-matic 3,Dallas_01,60.0,None,
2024-11-09,Tron-o-matic 3,Houston_01,60.0,None,
2024-11-09,Tron-o-matic 3,WashingtonDC_01,60.0,None,
2024-11-09,Tron-o-matic 3,Atlanta_01,60.0,None,
2024-11-09,Tron-o-matic 3,Philadelphia_01,60.0,None,
2024-11-09,Tron-o-matic 3 Pro,Online_Store,66.0,BIG_DEAL,
2024-11-09,Tron-o-matic 3 Pro,LosAngeles_01,66.0,BIG_DEAL,
2024-11-09,Tron-o-matic 3 Pro,NewYork_01,66.0,BIG_DEAL,
2024-11-09,Tron-o-matic 3 Pro,NewYork_02,66.0,BIG_DEAL,
2024-11-09,Tron-o-matic 3 Pro,Chicago_01,66.0,BIG_DEAL,
2024-11-09,Tron-o-matic 3 Pro,Dallas_01,66.0,BIG_DEAL,
2024-11-09,Tron-o-matic 3 Pro,Houston_01,66.0,BIG_DEAL,
2024-11-09,Tron-o-matic 3 Pro,WashingtonDC_01,66.0,BIG_DEAL,
2024-11-09,Tron-o-matic 3 Pro,Atlanta_01,66.0,BIG_DEAL,
2024-11-09,Tron-o-matic 3 Pro,Philadelphia_01,66.0,BIG_DEAL,
2024-11-09,Tron-o-matic 4,Online_Store,75.0,None,
2024-11-09,Tron-o-matic 4,LosAngeles_01,75.0,None,
2024-11-09,Tron-o-matic 4,NewYork_01,75.0,None,
2024-11-09,Tron-o-matic 4,NewYork_02,75.0,None,
2024-11-09,Tron-o-matic 4,Chicago_01,75.0,None,
2024-11-09,Tron-o-matic 4,Dallas_01,75.0,None,
2024-11-09,Tron-o-matic 4,Houston_01,75.0,None,
2024-11-09,Tron-o-matic 4,WashingtonDC_01,75.0,None,
2024-11-09,Tron-o-matic 4,Atlanta_01,75.0,None,
2024-11-09,Tron-o-matic 4,Philadelphia_01,75.0,None,
2024-11-09,Tron-o-matic 4 Pro,Online_Store,86.28,SMALL_DEAL,
2024-11-09,Tron-o-matic 4 Pro,LosAngeles_01,86.28,SMALL_DEAL,
2024-11-09,Tron-o-matic 4 Pro,NewYork_01,86.28,SMALL_DEAL,
2024-11-09,Tron-o-matic 4 Pro,NewYork_02,86.28,SMALL_DEAL,
2024-11-09,Tron-o-matic 4 Pro,Chicago_01,86.28,SMALL_DEAL,
2024-11-09,Tron-o-matic 4 Pro,Dallas_01,86.28,SMALL_DEAL,
2024-11-09,Tron-o-matic 4 Pro,Houston_01,86.28,SMALL_DEAL,
2024-11-09,Tron-o-matic 4 Pro,WashingtonDC_01,86.28,SMALL_DEAL,
2024-11-09,Tron-o-matic 4 Pro,Atlanta_01,86.28,SMALL_DEAL,
2024-11-09,Tron-o-matic 4 Pro,Philadelphia_01,86.28,SMALL_DEAL,
2024-11-09,Tron-o-matic 5,Online_Store,80.0,None,
2024-11-09,Tron-o-matic 5,LosAngeles_01,80.0,None,
2024-11-09,Tron-o-matic 5,NewYork_01,80.0,None,
2024-11-09,Tron-o-matic 5,NewYork_02,80.0,None,
2024-11-09,Tron-o-matic 5,Chicago_01,80.0,None,
2024-11-09,Tron-o-matic 5,Dallas_01,80.0,None,
2024-11-09,Tron-o-matic 5,Houston_01,80.0,None,
2024-11-09,Tron-o-matic 5,WashingtonDC_01,80.0,None,
2024-11-09,Tron-o-matic 5,Atlanta_01,80.0,None,
2024-11-09,Tron-o-matic 5,Philadelphia_01,80.0,None,
2024-11-09,Tron-o-matic 5 Pro,Online_Store,100.5,SMALL_DEAL,
2024-11-09,Tron-o-matic 5 Pro,LosAngeles_01,100.5,SMALL_DEAL,
2024-11-09,Tron-o-matic 5 Pro,NewYork_01,100.5,SMALL_DEAL,
2024-11-09,Tron-o-matic 5 Pro,NewYork_02,100.5,SMALL_DEAL,
2024-11-09,Tron-o-matic 5 Pro,Chicago_01,100.5,SMALL_DEAL,
2024-11-09,Tron-o-matic 5 Pro,Dallas_01,100.5,SMALL_DEAL,
2024-11-09,Tron-o-matic 5 Pro,Houston_01,100.5,SMALL_DEAL,
2024-11-09,Tron-o-matic 5 Pro,WashingtonDC_01,100.5,SMALL_DEAL,
2024-11-09,Tron-o-matic 5 Pro,Atlanta_01,100.5,SMALL_DEAL,
2024-11-09,Tron-o-matic 5 Pro,Philadelphia_01,100.5,SMALL_DEAL,
2024-11-10,Tron-o-matic 1,Online_Store,60.0,None,
2024-11-10,Tron-o-matic 1,LosAngeles_01,60.0,None,
2024-11-10,Tron-o-matic 1,NewYork_01,60.0,None,
2024-11-10,Tron-o-matic 1,NewYork_02,60.0,None,
2024-11-10,Tron-o-matic 1,Chicago_01,60.0,None,
2024-11-10,Tron-o-matic 1,Dallas_01,60.0,None,
2024-11-10,Tron-o-matic 1,Houston_01,60.0,None,
2024-11-10,Tron-o-matic 1,WashingtonDC_01,60.0,None,
2024-11-10,Tron-o-matic 1,Atlanta_01,60.0,None,
2024-11-10,Tron-o-matic 1,Philadelphia_01,60.0,None,
2024-11-10,Tron-o-matic 1 Pro,Online_Store,72.65,SMALL_DEAL,
2024-11-10,Tron-o-matic 1 Pro,LosAngeles_01,72.65,SMALL_DEAL,
2024-11-10,Tron-o-matic 1 Pro,NewYork_01,72.65,SMALL_DEAL,
2024-11-10,Tron-o-matic 1 Pro,NewYork_02,72.65,SMALL_DEAL,
2024-11-10,Tron-o-matic 1 Pro,Chicago_01,72.65,SMALL_DEAL,
2024-11-10,Tron-o-matic 1 Pro,Dallas_01,72.65,SMALL_DEAL,
2024-11-10,Tron-o-matic 1 Pro,Houston_01,72.65,SMALL_DEAL,
2024-11-10,Tron-o-matic 1 Pro,WashingtonDC_01,72.65,SMALL_DEAL,
2024-11-10,Tron-o-matic 1 Pro,Atlanta_01,72.65,SMALL_DEAL,
2024-11-10,Tron-o-matic 1 Pro,Philadelphia_01,72.65,SMALL_DEAL,
2024-11-10,Tron-o-matic 2,Online_Store,55.0,None,
2024-11-10,Tron-o-matic 2,LosAngeles_01,55.0,None,
2024-11-10,Tron-o-matic 2,NewYork_01,55.0,None,
2024-11-10,Tron-o-matic 2,NewYork_02,55.0,None,
2024-11-10,Tron-o-matic 2,Chicago_01,55.0,None,
2024-11-10,Tron-o-matic 2,Dallas_01,55.0,None,
2024-11-10,Tron-o-matic 2,Houston_01,55.0,None,
2024-11-10,Tron-o-matic 2,WashingtonDC_01,55.0,None,
2024-11-10,Tron-o-matic 2,Atlanta_01,55.0,None,
2024-11-10,Tron-o-matic 2,Philadelphia_01,55.0,None,
2024-11-10,Tron-o-matic 2 Pro,Online_Store,85.0,None,
2024-11-10,Tron-o-matic 2 Pro,LosAngeles_01,85.0,None,
2024-11-10,Tron-o-matic 2 Pro,NewYork_01,85.0,None,
2024-11-10,Tron-o-matic 2 Pro,NewYork_02,85.0,None,
2024-11-10,Tron-o-matic 2 Pro,Chicago_01,85.0,None,
2024-11-10,Tron-o-matic 2 Pro,Dallas_01,85.0,None,
2024-11-10,Tron-o-matic 2 Pro,Houston_01,85.0,None,
2024-11-10,Tron-o-matic 2 Pro,WashingtonDC_01,85.0,None,
2024-11-10,Tron-o-matic 2 Pro,Atlanta_01,85.0,None,
2024-11-10,Tron-o-matic 2 Pro,Philadelphia_01,85.0,None,
2024-11-10,Tron-o-matic 3,Online_Store,60.0,None,
2024-11-10,Tron-o-matic 3,LosAngeles_01,60.0,None,
2024-11-10,Tron-o-matic 3,NewYork_01,60.0,None,
2024-11-10,Tron-o-matic 3,NewYork_02,60.0,None,
2024-11-10,Tron-o-matic 3,Chicago_01,60.0,None,
2024-11-10,Tron-o-matic 3,Dallas_01,60.0,None,
2024-11-10,Tron-o-matic 3,Houston_01,60.0,None,
2024-11-10,Tron-o-matic 3,WashingtonDC_01,60.0,None,
2024-11-10,Tron-o-matic 3,Atlanta_01,60.0,None,
2024-11-10,Tron-o-matic 3,Philadelphia_01,60.0,None,
2024-11-10,Tron-o-matic 3 Pro,Online_Store,90.0,None,
2024-11-10,Tron-o-matic 3 Pro,LosAngeles_01,90.0,None,
2024-11-10,Tron-o-matic 3 Pro,NewYork_01,90.0,None,
2024-11-10,Tron-o-matic 3 Pro,NewYork_02,90.0,None,
2024-11-10,Tron-o-matic 3 Pro,Chicago_01,90.0,None,
2024-11-10,Tron-o-matic 3 Pro,Dallas_01,90.0,None,
2024-11-10,Tron-o-matic 3 Pro,Houston_01,90.0,None,
2024-11-10,Tron-o-matic 3 Pro,WashingtonDC_01,90.0,None,
2024-11-10,Tron-o-matic 3 Pro,Atlanta_01,90.0,None,
2024-11-10,Tron-o-matic 3 Pro,Philadelphia_01,90.0,None,
2024-11-10,Tron-o-matic 4,Online_Store,75.0,None,
2024-11-10,Tron-o-matic 4,LosAngeles_01,75.0,None,
2024-11-10,Tron-o-matic 4,NewYork_01,75.0,None,
2024-11-10,Tron-o-matic 4,NewYork_02,75.0,None,
2024-11-10,Tron-o-matic 4,Chicago_01,75.0,None,
2024-11-10,Tron-o-matic 4,Dallas_01,75.0,None,
2024-11-10,Tron-o-matic 4,Houston_01,75.0,None,
2024-11-10,Tron-o-matic 4,WashingtonDC_01,75.0,None,
2024-11-10,Tron-o-matic 4,Atlanta_01,75.0,None,
2024-11-10,Tron-o-matic 4,Philadelphia_01,75.0,None,
2024-11-10,Tron-o-matic 4 Pro,Online_Store,100.0,None,
2024-11-10,Tron-o-matic 4 Pro,LosAngeles_01,100.0,None,
2024-11-10,Tron-o-matic 4 Pro,NewYork_01,100.0,None,
2024-11-10,Tron-o-matic 4 Pro,NewYork_02,100.0,None,
2024-11-10,Tron-o-matic 4 Pro,Chicago_01,100.0,None,
2024-11-10,Tron-o-matic 4 Pro,Dallas_01,100.0,None,
2024-11-10,Tron-o-matic 4 Pro,Houston_01,100.0,None,
2024-11-10,Tron-o-matic 4 Pro,WashingtonDC_01,100.0,None,
2024-11-10,Tron-o-matic 4 Pro,Atlanta_01,100.0,None,
2024-11-10,Tron-o-matic 4 Pro,Philadelphia_01,100.0,None,
2024-11-10,Tron-o-matic 5,Online_Store,80.0,None,
2024-11-10,Tron-o-matic 5,LosAngeles_01,80.0,None,
2024-11-10,Tron-o-matic 5,NewYork_01,80.0,None,
2024-11-10,Tron-o-matic 5,NewYork_02,80.0,None,
2024-11-10,Tron-o-matic 5,Chicago_01,80.0,None,
2024-11-10,Tron-o-matic 5,Dallas_01,80.0,None,
2024-11-10,Tron-o-matic 5,Houston_01,80.0,None,
2024-11-10,Tron-o-matic 5,WashingtonDC_01,80.0,None,
2024-11-10,Tron-o-matic 5,Atlanta_01,80.0,None,
2024-11-10,Tron-o-matic 5,Philadelphia_01,80.0,None,
2024-11-10,Tron-o-matic 5 Pro,Online_Store,101.15,SMALL_DEAL,
2024-11-10,Tron-o-matic 5 Pro,LosAngeles_01,101.15,SMALL_DEAL,
2024-11-10,Tron-o-matic 5 Pro,NewYork_01,101.15,SMALL_DEAL,
2024-11-10,Tron-o-matic 5 Pro,NewYork_02,101.15,SMALL_DEAL,
2024-11-10,Tron-o-matic 5 Pro,Chicago_01,101.15,SMALL_DEAL,
2024-11-10,Tron-o-matic 5 Pro,Dallas_01,101.15,SMALL_DEAL,
2024-11-10,Tron-o-matic 5 Pro,Houston_01,101.15,SMALL_DEAL,
2024-11-10,Tron-o-matic 5 Pro,WashingtonDC_01,101.15,SMALL_DEAL,
2024-11-10,Tron-o-matic 5 Pro,Atlanta_01,101.15,SMALL_DEAL,
2024-11-10,Tron-o-matic 5 Pro,Philadelphia_01,101.15,SMALL_DEAL,
2024-11-11,Tron-o-matic 1,Online_Store,60.0,None,
2024-11-11,Tron-o-matic 1,LosAngeles_01,60.0,None,
2024-11-11,Tron-o-matic 1,NewYork_01,60.0,None,
2024-11-11,Tron-o-matic 1,NewYork_02,60.0,None,
2024-11-11,Tron-o-matic 1,Chicago_01,60.0,None,
2024-11-11,Tron-o-matic 1,Dallas_01,60.0,None,
2024-11-11,Tron-o-matic 1,Houston_01,60.0,None,
2024-11-11,Tron-o-matic 1,WashingtonDC_01,60.0,None,
2024-11-11,Tron-o-matic 1,Atlanta_01,60.0,None,
2024-11-11,Tron-o-matic 1,Philadelphia_01,60.0,None,
2024-11-11,Tron-o-matic 1 Pro,Online_Store,80.0,None,
2024-11-11,Tron-o-matic 1 Pro,LosAngeles_01,80.0,None,
2024-11-11,Tron-o-matic 1 Pro,NewYork_01,80.0,None,
2024-11-11,Tron-o-matic 1 Pro,NewYork_02,80.0,None,
2024-11-11,Tron-o-matic 1 Pro,Chicago_01,80.0,None,
2024-11-11,Tron-o-matic 1 Pro,Dallas_01,80.0,None,
2024-11-11,Tron-o-matic 1 Pro,Houston_01,80.0,None,
2024-11-11,Tron-o-matic 1 Pro,WashingtonDC_01,80.0,None,
2024-11-11,Tron-o-matic 1 Pro,Atlanta_01,80.0,None,
2024-11-11,Tron-o-matic 1 Pro,Philadelphia_01,80.0,None,
2024-11-11,Tron-o-matic 2,Online_Store,48.12,SMALL_DEAL,
2024-11-11,Tron-o-matic 2,LosAngeles_01,48.12,SMALL_DEAL,
2024-11-11,Tron-o-matic 2,NewYork_01,48.12,SMALL_DEAL,
2024-11-11,Tron-o-matic 2,NewYork_02,48.12,SMALL_DEAL,
2024-11-11,Tron-o-matic 2,Chicago_01,48.12,SMALL_DEAL,
2024-11-11,Tron-o-matic 2,Dallas_01,48.12,SMALL_DEAL,
2024-11-11,Tron-o-matic 2,Houston_01,48.12,SMALL_DEAL,
2024-11-11,Tron-o-matic 2,WashingtonDC_01,48.12,SMALL_DEAL,
2024-11-11,Tron-o-matic 2,Atlanta_01,48.12,SMALL_DEAL,
2024-11-11,Tron-o-matic 2,Philadelphia_01,48.12,SMALL_DEAL,
2024-11-11,Tron-o-matic 2 Pro,Online_Store,85.0,None,
2024-11-11,Tron-o-matic 2 Pro,LosAngeles_01,85.0,None,
2024-11-11,Tron-o-matic 2 Pro,NewYork_01,85.0,None,
2024-11-11,Tron-o-matic 2 Pro,NewYork_02,85.0,None,
2024-11-11,Tron-o-matic 2 Pro,Chicago_01,85.0,None,
2024-11-11,Tron-o-matic 2 Pro,Dallas_01,85.0,None,
2024-11-11,Tron-o-matic 2 Pro,Houston_01,85.0,None,
2024-11-11,Tron-o-matic 2 Pro,WashingtonDC_01,85.0,None,
2024-11-11,Tron-o-matic 2 Pro,Atlanta_01,85.0,None,
2024-11-11,Tron-o-matic 2 Pro,Philadelphia_01,85.0,None,
2024-11-11,Tron-o-matic 3,Online_Store,60.0,None,
2024-11-11,Tron-o-matic 3,LosAngeles_01,60.0,None,
2024-11-11,Tron-o-matic 3,NewYork_01,60.0,None,
2024-11-11,Tron-o-matic 3,NewYork_02,60.0,None,
2024-11-11,Tron-o-matic 3,Chicago_01,60.0,None,
2024-11-11,Tron-o-matic 3,Dallas_01,60.0,None,
2024-11-11,Tron-o-matic 3,Houston_01,60.0,None,
2024-11-11,Tron-o-matic 3,WashingtonDC_01,60.0,None,
2024-11-11,Tron-o-matic 3,Atlanta_01,60.0,None,
2024-11-11,Tron-o-matic 3,Philadelphia_01,60.0,None,
2024-11-11,Tron-o-matic 3 Pro,Online_Store,90.0,None,
2024-11-11,Tron-o-matic 3 Pro,LosAngeles_01,90.0,None,
2024-11-11,Tron-o-matic 3 Pro,NewYork_01,90.0,None,
2024-11-11,Tron-o-matic 3 Pro,NewYork_02,90.0,None,
2024-11-11,Tron-o-matic 3 Pro,Chicago_01,90.0,None,
2024-11-11,Tron-o-matic 3 Pro,Dallas_01,90.0,None,
2024-11-11,Tron-o-matic 3 Pro,Houston_01,90.0,None,
2024-11-11,Tron-o-matic 3 Pro,WashingtonDC_01,90.0,None,
2024-11-11,Tron-o-matic 3 Pro,Atlanta_01,90.0,None,
2024-11-11,Tron-o-matic 3 Pro,Philadelphia_01,90.0,None,
2024-11-11,Tron-o-matic 4,Online_Store,55.42,BIG_DEAL,
2024-11-11,Tron-o-matic 4,LosAngeles_01,55.42,BIG_DEAL,
2024-11-11,Tron-o-matic 4,NewYork_01,55.42,BIG_DEAL,
2024-11-11,Tron-o-matic 4,NewYork_02,55.42,BIG_DEAL,
2024-11-11,Tron-o-matic 4,Chicago_01,55.42,BIG_DEAL,
2024-11-11,Tron-o-matic 4,Dallas_01,55.42,BIG_DEAL,
2024-11-11,Tron-o-matic 4,Houston_01,55.42,BIG_DEAL,
2024-11-11,Tron-o-matic 4,WashingtonDC_01,55.42,BIG_DEAL,
2024-11-11,Tron-o-matic 4,Atlanta_01,55.42,BIG_DEAL,
2024-11-11,Tron-o-matic 4,Philadelphia_01,55.42,BIG_DEAL,
2024-11-11,Tron-o-matic 4 Pro,Online_Store,78.08,BIG_DEAL,
2024-11-11,Tron-o-matic 4 Pro,LosAngeles_01,78.08,BIG_DEAL,
2024-11-11,Tron-o-matic 4 Pro,NewYork_01,78.08,BIG_DEAL,
2024-11-11,Tron-o-matic 4 Pro,NewYork_02,78.08,BIG_DEAL,
2024-11-11,Tron-o-matic 4 Pro,Chicago_01,78.08,BIG_DEAL,
2024-11-11,Tron-o-matic 4 Pro,Dallas_01,78.08,BIG_DEAL,
2024-11-11,Tron-o-matic 4 Pro,Houston_01,78.08,BIG_DEAL,
2024-11-11,Tron-o-matic 4 Pro,WashingtonDC_01,78.08,BIG_DEAL,
2024-11-11,Tron-o-matic 4 Pro,Atlanta_01,78.08,BIG_DEAL,
2024-11-11,Tron-o-matic 4 Pro,Philadelphia_01,78.08,BIG_DEAL,
2024-11-11,Tron-o-matic 5,Online_Store,80.0,None,
2024-11-11,Tron-o-matic 5,LosAngeles_01,80.0,None,
2024-11-11,Tron-o-matic 5,NewYork_01,80.0,None,
2024-11-11,Tron-o-matic 5,NewYork_02,80.0,None,
2024-11-11,Tron-o-matic 5,Chicago_01,80.0,None,
2024-11-11,Tron-o-matic 5,Dallas_01,80.0,None,
2024-11-11,Tron-o-matic 5,Houston_01,80.0,None,
2024-11-11,Tron-o-matic 5,WashingtonDC_01,80.0,None,
2024-11-11,Tron-o-matic 5,Atlanta_01,80.0,None,
2024-11-11,Tron-o-matic 5,Philadelphia_01,80.0,None,
2024-11-11,Tron-o-matic 5 Pro,Online_Store,110.0,None,
2024-11-11,Tron-o-matic 5 Pro,LosAngeles_01,110.0,None,
2024-11-11,Tron-o-matic 5 Pro,NewYork_01,110.0,None,
2024-11-11,Tron-o-matic 5 Pro,NewYork_02,110.0,None,
2024-11-11,Tron-o-matic 5 Pro,Chicago_01,110.0,None,
2024-11-11,Tron-o-matic 5 Pro,Dallas_01,110.0,None,
2024-11-11,Tron-o-matic 5 Pro,Houston_01,110.0,None,
2024-11-11,Tron-o-matic 5 Pro,WashingtonDC_01,110.0,None,
2024-11-11,Tron-o-matic 5 Pro,Atlanta_01,110.0,None,
2024-11-11,Tron-o-matic 5 Pro,Philadelphia_01,110.0,None,
2024-11-12,Tron-o-matic 1,Online_Store,43.51,BIG_DEAL,
2024-11-12,Tron-o-matic 1,LosAngeles_01,43.51,BIG_DEAL,
2024-11-12,Tron-o-matic 1,NewYork_01,43.51,BIG_DEAL,
2024-11-12,Tron-o-matic 1,NewYork_02,43.51,BIG_DEAL,
2024-11-12,Tron-o-matic 1,Chicago_01,43.51,BIG_DEAL,
2024-11-12,Tron-o-matic 1,Dallas_01,43.51,BIG_DEAL,
2024-11-12,Tron-o-matic 1,Houston_01,43.51,BIG_DEAL,
2024-11-12,Tron-o-matic 1,WashingtonDC_01,43.51,BIG_DEAL,
2024-11-12,Tron-o-matic 1,Atlanta_01,43.51,BIG_DEAL,
2024-11-12,Tron-o-matic 1,Philadelphia_01,43.51,BIG_DEAL,
2024-11-12,Tron-o-matic 1 Pro,Online_Store,80.0,None,
2024-11-12,Tron-o-matic 1 Pro,LosAngeles_01,80.0,None,
2024-11-12,Tron-o-matic 1 Pro,NewYork_01,80.0,None,
2024-11-12,Tron-o-matic 1 Pro,NewYork_02,80.0,None,
2024-11-12,Tron-o-matic 1 Pro,Chicago_01,80.0,None,
2024-11-12,Tron-o-matic 1 Pro,Dallas_01,80.0,None,
2024-11-12,Tron-o-matic 1 Pro,Houston_01,80.0,None,
2024-11-12,Tron-o-matic 1 Pro,WashingtonDC_01,80.0,None,
2024-11-12,Tron-o-matic 1 Pro,Atlanta_01,80.0,None,
2024-11-12,Tron-o-matic 1 Pro,Philadelphia_01,80.0,None,
2024-11-12,Tron-o-matic 2,Online_Store,55.0,None,
2024-11-12,Tron-o-matic 2,LosAngeles_01,55.0,None,
2024-11-12,Tron-o-matic 2,NewYork_01,55.0,None,
2024-11-12,Tron-o-matic 2,NewYork_02,55.0,None,
2024-11-12,Tron-o-matic 2,Chicago_01,55.0,None,
2024-11-12,Tron-o-matic 2,Dallas_01,55.0,None,
2024-11-12,Tron-o-matic 2,Houston_01,55.0,None,
2024-11-12,Tron-o-matic 2,WashingtonDC_01,55.0,None,
2024-11-12,Tron-o-matic 2,Atlanta_01,55.0,None,
2024-11-12,Tron-o-matic 2,Philadelphia_01,55.0,None,
2024-11-12,Tron-o-matic 2 Pro,Online_Store,85.0,None,
2024-11-12,Tron-o-matic 2 Pro,LosAngeles_01,85.0,None,
2024-11-12,Tron-o-matic 2 Pro,NewYork_01,85.0,None,
2024-11-12,Tron-o-matic 2 Pro,NewYork_02,85.0,None,
2024-11-12,Tron-o-matic 2 Pro,Chicago_01,85.0,None,
2024-11-12,Tron-o-matic 2 Pro,Dallas_01,85.0,None,
2024-11-12,Tron-o-matic 2 Pro,Houston_01,85.0,None,
2024-11-12,Tron-o-matic 2 Pro,WashingtonDC_01,85.0,None,
2024-11-12,Tron-o-matic 2 Pro,Atlanta_01,85.0,None,
2024-11-12,Tron-o-matic 2 Pro,Philadelphia_01,85.0,None,
2024-11-12,Tron-o-matic 3,Online_Store,60.0,None,
2024-11-12,Tron-o-matic 3,LosAngeles_01,60.0,None,
2024-11-12,Tron-o-matic 3,NewYork_01,60.0,None,
2024-11-12,Tron-o-matic 3,NewYork_02,60.0,None,
2024-11-12,Tron-o-matic 3,Chicago_01,60.0,None,
2024-11-12,Tron-o-matic 3,Dallas_01,60.0,None,
2024-11-12,Tron-o-matic 3,Houston_01,60.0,None,
2024-11-12,Tron-o-matic 3,WashingtonDC_01,60.0,None,
2024-11-12,Tron-o-matic 3,Atlanta_01,60.0,None,
2024-11-12,Tron-o-matic 3,Philadelphia_01,60.0,None,
2024-11-12,Tron-o-matic 3 Pro,Online_Store,64.09,BIG_DEAL,
2024-11-12,Tron-o-matic 3 Pro,LosAngeles_01,64.09,BIG_DEAL,
2024-11-12,Tron-o-matic 3 Pro,NewYork_01,64.09,BIG_DEAL,
2024-11-12,Tron-o-matic 3 Pro,NewYork_02,64.09,BIG_DEAL,
2024-11-12,Tron-o-matic 3 Pro,Chicago_01,64.09,BIG_DEAL,
2024-11-12,Tron-o-matic 3 Pro,Dallas_01,64.09,BIG_DEAL,
2024-11-12,Tron-o-matic 3 Pro,Houston_01,64.09,BIG_DEAL,
2024-11-12,Tron-o-matic 3 Pro,WashingtonDC_01,64.09,BIG_DEAL,
2024-11-12,Tron-o-matic 3 Pro,Atlanta_01,64.09,BIG_DEAL,
2024-11-12,Tron-o-matic 3 Pro,Philadelphia_01,64.09,BIG_DEAL,
2024-11-12,Tron-o-matic 4,Online_Store,75.0,None,
2024-11-12,Tron-o-matic 4,LosAngeles_01,75.0,None,
2024-11-12,Tron-o-matic 4,NewYork_01,75.0,None,
2024-11-12,Tron-o-matic 4,NewYork_02,75.0,None,
2024-11-12,Tron-o-matic 4,Chicago_01,75.0,None,
2024-11-12,Tron-o-matic 4,Dallas_01,75.0,None,
2024-11-12,Tron-o-matic 4,Houston_01,75.0,None,
2024-11-12,Tron-o-matic 4,WashingtonDC_01,75.0,None,
2024-11-12,Tron-o-matic 4,Atlanta_01,75.0,None,
2024-11-12,Tron-o-matic 4,Philadelphia_01,75.0,None,
2024-11-12,Tron-o-matic 4 Pro,Online_Store,100.0,None,
2024-11-12,Tron-o-matic 4 Pro,LosAngeles_01,100.0,None,
2024-11-12,Tron-o-matic 4 Pro,NewYork_01,100.0,None,
2024-11-12,Tron-o-matic 4 Pro,NewYork_02,100.0,None,
2024-11-12,Tron-o-matic 4 Pro,Chicago_01,100.0,None,
2024-11-12,Tron-o-matic 4 Pro,Dallas_01,100.0,None,
2024-11-12,Tron-o-matic 4 Pro,Houston_01,100.0,None,
2024-11-12,Tron-o-matic 4 Pro,WashingtonDC_01,100.0,None,
2024-11-12,Tron-o-matic 4 Pro,Atlanta_01,100.0,None,
2024-11-12,Tron-o-matic 4 Pro,Philadelphia_01,100.0,None,
2024-11-12,Tron-o-matic 5,Online_Store,70.22,SMALL_DEAL,
2024-11-12,Tron-o-matic 5,LosAngeles_01,70.22,SMALL_DEAL,
2024-11-12,Tron-o-matic 5,NewYork_01,70.22,SMALL_DEAL,
2024-11-12,Tron-o-matic 5,NewYork_02,70.22,SMALL_DEAL,
2024-11-12,Tron-o-matic 5,Chicago_01,70.22,SMALL_DEAL,
2024-11-12,Tron-o-matic 5,Dallas_01,70.22,SMALL_DEAL,
2024-11-12,Tron-o-matic 5,Houston_01,70.22,SMALL_DEAL,
2024-11-12,Tron-o-matic 5,WashingtonDC_01,70.22,SMALL_DEAL,
2024-11-12,Tron-o-matic 5,Atlanta_01,70.22,SMALL_DEAL,
2024-11-12,Tron-o-matic 5,Philadelphia_01,70.22,SMALL_DEAL,
2024-11-12,Tron-o-matic 5 Pro,Online_Store,110.0,None,
2024-11-12,Tron-o-matic 5 Pro,LosAngeles_01,110.0,None,
2024-11-12,Tron-o-matic 5 Pro,NewYork_01,110.0,None,
2024-11-12,Tron-o-matic 5 Pro,NewYork_02,110.0,None,
2024-11-12,Tron-o-matic 5 Pro,Chicago_01,110.0,None,
2024-11-12,Tron-o-matic 5 Pro,Dallas_01,110.0,None,
2024-11-12,Tron-o-matic 5 Pro,Houston_01,110.0,None,
2024-11-12,Tron-o-matic 5 Pro,WashingtonDC_01,110.0,None,
2024-11-12,Tron-o-matic 5 Pro,Atlanta_01,110.0,None,
2024-11-12,Tron-o-matic 5 Pro,Philadelphia_01,110.0,None,
2024-11-13,Tron-o-matic 1,Online_Store,56.33,SMALL_DEAL,
2024-11-13,Tron-o-matic 1,LosAngeles_01,56.33,SMALL_DEAL,
2024-11-13,Tron-o-matic 1,NewYork_01,56.33,SMALL_DEAL,
2024-11-13,Tron-o-matic 1,NewYork_02,56.33,SMALL_DEAL,
2024-11-13,Tron-o-matic 1,Chicago_01,56.33,SMALL_DEAL,
2024-11-13,Tron-o-matic 1,Dallas_01,56.33,SMALL_DEAL,
2024-11-13,Tron-o-matic 1,Houston_01,56.33,SMALL_DEAL,
2024-11-13,Tron-o-matic 1,WashingtonDC_01,56.33,SMALL_DEAL,
2024-11-13,Tron-o-matic 1,Atlanta_01,56.33,SMALL_DEAL,
2024-11-13,Tron-o-matic 1,Philadelphia_01,56.33,SMALL_DEAL,
2024-11-13,Tron-o-matic 1 Pro,Online_Store,80.0,None,
2024-11-13,Tron-o-matic 1 Pro,LosAngeles_01,80.0,None,
2024-11-13,Tron-o-matic 1 Pro,NewYork_01,80.0,None,
2024-11-13,Tron-o-matic 1 Pro,NewYork_02,80.0,None,
2024-11-13,Tron-o-matic 1 Pro,Chicago_01,80.0,None,
2024-11-13,Tron-o-matic 1 Pro,Dallas_01,80.0,None,
2024-11-13,Tron-o-matic 1 Pro,Houston_01,80.0,None,
2024-11-13,Tron-o-matic 1 Pro,WashingtonDC_01,80.0,None,
2024-11-13,Tron-o-matic 1 Pro,Atlanta_01,80.0,None,
2024-11-13,Tron-o-matic 1 Pro,Philadelphia_01,80.0,None,
2024-11-13,Tron-o-matic 2,Online_Store,41.79,BIG_DEAL,
2024-11-13,Tron-o-matic 2,LosAngeles_01,41.79,BIG_DEAL,
2024-11-13,Tron-o-matic 2,NewYork_01,41.79,BIG_DEAL,
2024-11-13,Tron-o-matic 2,NewYork_02,41.79,BIG_DEAL,
2024-11-13,Tron-o-matic 2,Chicago_01,41.79,BIG_DEAL,
2024-11-13,Tron-o-matic 2,Dallas_01,41.79,BIG_DEAL,
2024-11-13,Tron-o-matic 2,Houston_01,41.79,BIG_DEAL,
2024-11-13,Tron-o-matic 2,WashingtonDC_01,41.79,BIG_DEAL,
2024-11-13,Tron-o-matic 2,Atlanta_01,41.79,BIG_DEAL,
2024-11-13,Tron-o-matic 2,Philadelphia_01,41.79,BIG_DEAL,
2024-11-13,Tron-o-matic 2 Pro,Online_Store,75.19,SMALL_DEAL,
2024-11-13,Tron-o-matic 2 Pro,LosAngeles_01,75.19,SMALL_DEAL,
2024-11-13,Tron-o-matic 2 Pro,NewYork_01,75.19,SMALL_DEAL,
2024-11-13,Tron-o-matic 2 Pro,NewYork_02,75.19,SMALL_DEAL,
2024-11-13,Tron-o-matic 2 Pro,Chicago_01,75.19,SMALL_DEAL,
2024-11-13,Tron-o-matic 2 Pro,Dallas_01,75.19,SMALL_DEAL,
2024-11-13,Tron-o-matic 2 Pro,Houston_01,75.19,SMALL_DEAL,
2024-11-13,Tron-o-matic 2 Pro,WashingtonDC_01,75.19,SMALL_DEAL,
2024-11-13,Tron-o-matic 2 Pro,Atlanta_01,75.19,SMALL_DEAL,
2024-11-13,Tron-o-matic 2 Pro,Philadelphia_01,75.19,SMALL_DEAL,
2024-11-13,Tron-o-matic 3,Online_Store,60.0,None,
2024-11-13,Tron-o-matic 3,LosAngeles_01,60.0,None,
2024-11-13,Tron-o-matic 3,NewYork_01,60.0,None,
2024-11-13,Tron-o-matic 3,NewYork_02,60.0,None,
2024-11-13,Tron-o-matic 3,Chicago_01,60.0,None,
2024-11-13,Tron-o-matic 3,Dallas_01,60.0,None,
2024-11-13,Tron-o-matic 3,Houston_01,60.0,None,
2024-11-13,Tron-o-matic 3,WashingtonDC_01,60.0,None,
2024-11-13,Tron-o-matic 3,Atlanta_01,60.0,None,
2024-11-13,Tron-o-matic 3,Philadelphia_01,60.0,None,
2024-11-13,Tron-o-matic 3 Pro,Online_Store,90.0,None,
2024-11-13,Tron-o-matic 3 Pro,LosAngeles_01,90.0,None,
2024-11-13,Tron-o-matic 3 Pro,NewYork_01,90.0,None,
2024-11-13,Tron-o-matic 3 Pro,NewYork_02,90.0,None,
2024-11-13,Tron-o-matic 3 Pro,Chicago_01,90.0,None,
2024-11-13,Tron-o-matic 3 Pro,Dallas_01,90.0,None,
2024-11-13,Tron-o-matic 3 Pro,Houston_01,90.0,None,
2024-11-13,Tron-o-matic 3 Pro,WashingtonDC_01,90.0,None,
2024-11-13,Tron-o-matic 3 Pro,Atlanta_01,90.0,None,
2024-11-13,Tron-o-matic 3 Pro,Philadelphia_01,90.0,None,
2024-11-13,Tron-o-matic 4,Online_Store,69.66,SMALL_DEAL,
2024-11-13,Tron-o-matic 4,LosAngeles_01,69.66,SMALL_DEAL,
2024-11-13,Tron-o-matic 4,NewYork_01,69.66,SMALL_DEAL,
2024-11-13,Tron-o-matic 4,NewYork_02,69.66,SMALL_DEAL,
2024-11-13,Tron-o-matic 4,Chicago_01,69.66,SMALL_DEAL,
2024-11-13,Tron-o-matic 4,Dallas_01,69.66,SMALL_DEAL,
2024-11-13,Tron-o-matic 4,Houston_01,69.66,SMALL_DEAL,
2024-11-13,Tron-o-matic 4,WashingtonDC_01,69.66,SMALL_DEAL,
2024-11-13,Tron-o-matic 4,Atlanta_01,69.66,SMALL_DEAL,
2024-11-13,Tron-o-matic 4,Philadelphia_01,69.66,SMALL_DEAL,
2024-11-13,Tron-o-matic 4 Pro,Online_Store,100.0,None,
2024-11-13,Tron-o-matic 4 Pro,LosAngeles_01,100.0,None,
2024-11-13,Tron-o-matic 4 Pro,NewYork_01,100.0,None,
2024-11-13,Tron-o-matic 4 Pro,NewYork_02,100.0,None,
2024-11-13,Tron-o-matic 4 Pro,Chicago_01,100.0,None,
2024-11-13,Tron-o-matic 4 Pro,Dallas_01,100.0,None,
2024-11-13,Tron-o-matic 4 Pro,Houston_01,100.0,None,
2024-11-13,Tron-o-matic 4 Pro,WashingtonDC_01,100.0,None,
2024-11-13,Tron-o-matic 4 Pro,Atlanta_01,100.0,None,
2024-11-13,Tron-o-matic 4 Pro,Philadelphia_01,100.0,None,
2024-11-13,Tron-o-matic 5,Online_Store,73.34,SMALL_DEAL,
2024-11-13,Tron-o-matic 5,LosAngeles_01,73.34,SMALL_DEAL,
2024-11-13,Tron-o-matic 5,NewYork_01,73.34,SMALL_DEAL,
2024-11-13,Tron-o-matic 5,NewYork_02,73.34,SMALL_DEAL,
2024-11-13,Tron-o-matic 5,Chicago_01,73.34,SMALL_DEAL,
2024-11-13,Tron-o-matic 5,Dallas_01,73.34,SMALL_DEAL,
2024-11-13,Tron-o-matic 5,Houston_01,73.34,SMALL_DEAL,
2024-11-13,Tron-o-matic 5,WashingtonDC_01,73.34,SMALL_DEAL,
2024-11-13,Tron-o-matic 5,Atlanta_01,73.34,SMALL_DEAL,
2024-11-13,Tron-o-matic 5,Philadelphia_01,73.34,SMALL_DEAL,
2024-11-13,Tron-o-matic 5 Pro,Online_Store,110.0,None,
2024-11-13,Tron-o-matic 5 Pro,LosAngeles_01,110.0,None,
2024-11-13,Tron-o-matic 5 Pro,NewYork_01,110.0,None,
2024-11-13,Tron-o-matic 5 Pro,NewYork_02,110.0,None,
2024-11-13,Tron-o-matic 5 Pro,Chicago_01,110.0,None,
2024-11-13,Tron-o-matic 5 Pro,Dallas_01,110.0,None,
2024-11-13,Tron-o-matic 5 Pro,Houston_01,110.0,None,
2024-11-13,Tron-o-matic 5 Pro,WashingtonDC_01,110.0,None,
2024-11-13,Tron-o-matic 5 Pro,Atlanta_01,110.0,None,
2024-11-13,Tron-o-matic 5 Pro,Philadelphia_01,110.0,None,
2024-11-14,Tron-o-matic 1,Online_Store,60.0,None,
2024-11-14,Tron-o-matic 1,LosAngeles_01,60.0,None,
2024-11-14,Tron-o-matic 1,NewYork_01,60.0,None,
2024-11-14,Tron-o-matic 1,NewYork_02,60.0,None,
2024-11-14,Tron-o-matic 1,Chicago_01,60.0,None,
2024-11-14,Tron-o-matic 1,Dallas_01,60.0,None,
2024-11-14,Tron-o-matic 1,Houston_01,60.0,None,
2024-11-14,Tron-o-matic 1,WashingtonDC_01,60.0,None,
2024-11-14,Tron-o-matic 1,Atlanta_01,60.0,None,
2024-11-14,Tron-o-matic 1,Philadelphia_01,60.0,None,
2024-11-14,Tron-o-matic 1 Pro,Online_Store,80.0,None,
2024-11-14,Tron-o-matic 1 Pro,LosAngeles_01,80.0,None,
2024-11-14,Tron-o-matic 1 Pro,NewYork_01,80.0,None,
2024-11-14,Tron-o-matic 1 Pro,NewYork_02,80.0,None,
2024-11-14,Tron-o-matic 1 Pro,Chicago_01,80.0,None,
2024-11-14,Tron-o-matic 1 Pro,Dallas_01,80.0,None,
2024-11-14,Tron-o-matic 1 Pro,Houston_01,80.0,None,
2024-11-14,Tron-o-matic 1 Pro,WashingtonDC_01,80.0,None,
2024-11-14,Tron-o-matic 1 Pro,Atlanta_01,80.0,None,
2024-11-14,Tron-o-matic 1 Pro,Philadelphia_01,80.0,None,
2024-11-14,Tron-o-matic 2,Online_Store,48.85,SMALL_DEAL,
2024-11-14,Tron-o-matic 2,LosAngeles_01,48.85,SMALL_DEAL,
2024-11-14,Tron-o-matic 2,NewYork_01,48.85,SMALL_DEAL,
2024-11-14,Tron-o-matic 2,NewYork_02,48.85,SMALL_DEAL,
2024-11-14,Tron-o-matic 2,Chicago_01,48.85,SMALL_DEAL,
2024-11-14,Tron-o-matic 2,Dallas_01,48.85,SMALL_DEAL,
2024-11-14,Tron-o-matic 2,Houston_01,48.85,SMALL_DEAL,
2024-11-14,Tron-o-matic 2,WashingtonDC_01,48.85,SMALL_DEAL,
2024-11-14,Tron-o-matic 2,Atlanta_01,48.85,SMALL_DEAL,
2024-11-14,Tron-o-matic 2,Philadelphia_01,48.85,SMALL_DEAL,
2024-11-14,Tron-o-matic 2 Pro,Online_Store,85.0,None,
2024-11-14,Tron-o-matic 2 Pro,LosAngeles_01,85.0,None,
2024-11-14,Tron-o-matic 2 Pro,NewYork_01,85.0,None,
2024-11-14,Tron-o-matic 2 Pro,NewYork_02,85.0,None,
2024-11-14,Tron-o-matic 2 Pro,Chicago_01,85.0,None,
2024-11-14,Tron-o-matic 2 Pro,Dallas_01,85.0,None,
2024-11-14,Tron-o-matic 2 Pro,Houston_01,85.0,None,
2024-11-14,Tron-o-matic 2 Pro,WashingtonDC_01,85.0,None,
2024-11-14,Tron-o-matic 2 Pro,Atlanta_01,85.0,None,
2024-11-14,Tron-o-matic 2 Pro,Philadelphia_01,85.0,None,
2024-11-14,Tron-o-matic 3,Online_Store,54.95,SMALL_DEAL,
2024-11-14,Tron-o-matic 3,LosAngeles_01,54.95,SMALL_DEAL,
2024-11-14,Tron-o-matic 3,NewYork_01,54.95,SMALL_DEAL,
2024-11-14,Tron-o-matic 3,NewYork_02,54.95,SMALL_DEAL,
2024-11-14,Tron-o-matic 3,Chicago_01,54.95,SMALL_DEAL,
2024-11-14,Tron-o-matic 3,Dallas_01,54.95,SMALL_DEAL,
2024-11-14,Tron-o-matic 3,Houston_01,54.95,SMALL_DEAL,
2024-11-14,Tron-o-matic 3,WashingtonDC_01,54.95,SMALL_DEAL,
2024-11-14,Tron-o-matic 3,Atlanta_01,54.95,SMALL_DEAL,
2024-11-14,Tron-o-matic 3,Philadelphia_01,54.95,SMALL_DEAL,
2024-11-14,Tron-o-matic 3 Pro,Online_Store,90.0,None,
2024-11-14,Tron-o-matic 3 Pro,LosAngeles_01,90.0,None,
2024-11-14,Tron-o-matic 3 Pro,NewYork_01,90.0,None,
2024-11-14,Tron-o-matic 3 Pro,NewYork_02,90.0,None,
2024-11-14,Tron-o-matic 3 Pro,Chicago_01,90.0,None,
2024-11-14,Tron-o-matic 3 Pro,Dallas_01,90.0,None,
2024-11-14,Tron-o-matic 3 Pro,Houston_01,90.0,None,
2024-11-14,Tron-o-matic 3 Pro,WashingtonDC_01,90.0,None,
2024-11-14,Tron-o-matic 3 Pro,Atlanta_01,90.0,None,
2024-11-14,Tron-o-matic 3 Pro,Philadelphia_01,90.0,None,
2024-11-14,Tron-o-matic 4,Online_Store,75.0,None,
2024-11-14,Tron-o-matic 4,LosAngeles_01,75.0,None,
2024-11-14,Tron-o-matic 4,NewYork_01,75.0,None,
2024-11-14,Tron-o-matic 4,NewYork_02,75.0,None,
2024-11-14,Tron-o-matic 4,Chicago_01,75.0,None,
2024-11-14,Tron-o-matic 4,Dallas_01,75.0,None,
2024-11-14,Tron-o-matic 4,Houston_01,75.0,None,
2024-11-14,Tron-o-matic 4,WashingtonDC_01,75.0,None,
2024-11-14,Tron-o-matic 4,Atlanta_01,75.0,None,
2024-11-14,Tron-o-matic 4,Philadelphia_01,75.0,None,
2024-11-14,Tron-o-matic 4 Pro,Online_Store,100.0,None,
2024-11-14,Tron-o-matic 4 Pro,LosAngeles_01,100.0,None,
2024-11-14,Tron-o-matic 4 Pro,NewYork_01,100.0,None,
2024-11-14,Tron-o-matic 4 Pro,NewYork_02,100.0,None,
2024-11-14,Tron-o-matic 4 Pro,Chicago_01,100.0,None,
2024-11-14,Tron-o-matic 4 Pro,Dallas_01,100.0,None,
2024-11-14,Tron-o-matic 4 Pro,Houston_01,100.0,None,
2024-11-14,Tron-o-matic 4 Pro,WashingtonDC_01,100.0,None,
2024-11-14,Tron-o-matic 4 Pro,Atlanta_01,100.0,None,
2024-11-14,Tron-o-matic 4 Pro,Philadelphia_01,100.0,None,
2024-11-14,Tron-o-matic 5,Online_Store,62.1,BIG_DEAL,
2024-11-14,Tron-o-matic 5,LosAngeles_01,62.1,BIG_DEAL,
2024-11-14,Tron-o-matic 5,NewYork_01,62.1,BIG_DEAL,
2024-11-14,Tron-o-matic 5,NewYork_02,62.1,BIG_DEAL,
2024-11-14,Tron-o-matic 5,Chicago_01,62.1,BIG_DEAL,
2024-11-14,Tron-o-matic 5,Dallas_01,62.1,BIG_DEAL,
2024-11-14,Tron-o-matic 5,Houston_01,62.1,BIG_DEAL,
2024-11-14,Tron-o-matic 5,WashingtonDC_01,62.1,BIG_DEAL,
2024-11-14,Tron-o-matic 5,Atlanta_01,62.1,BIG_DEAL,
2024-11-14,Tron-o-matic 5,Philadelphia_01,62.1,BIG_DEAL,
2024-11-14,Tron-o-matic 5 Pro,Online_Store,110.0,None,
2024-11-14,Tron-o-matic 5 Pro,LosAngeles_01,110.0,None,
2024-11-14,Tron-o-matic 5 Pro,NewYork_01,110.0,None,
2024-11-14,Tron-o-matic 5 Pro,NewYork_02,110.0,None,
2024-11-14,Tron-o-matic 5 Pro,Chicago_01,110.0,None,
2024-11-14,Tron-o-matic 5 Pro,Dallas_01,110.0,None,
2024-11-14,Tron-o-matic 5 Pro,Houston_01,110.0,None,
2024-11-14,Tron-o-matic 5 Pro,WashingtonDC_01,110.0,None,
2024-11-14,Tron-o-matic 5 Pro,Atlanta_01,110.0,None,
2024-11-14,Tron-o-matic 5 Pro,Philadelphia_01,110.0,None,
2024-11-15,Tron-o-matic 1,Online_Store,46.65,BIG_DEAL,
2024-11-15,Tron-o-matic 1,LosAngeles_01,46.65,BIG_DEAL,
2024-11-15,Tron-o-matic 1,NewYork_01,46.65,BIG_DEAL,
2024-11-15,Tron-o-matic 1,NewYork_02,46.65,BIG_DEAL,
2024-11-15,Tron-o-matic 1,Chicago_01,46.65,BIG_DEAL,
2024-11-15,Tron-o-matic 1,Dallas_01,46.65,BIG_DEAL,
2024-11-15,Tron-o-matic 1,Houston_01,46.65,BIG_DEAL,
2024-11-15,Tron-o-matic 1,WashingtonDC_01,46.65,BIG_DEAL,
2024-11-15,Tron-o-matic 1,Atlanta_01,46.65,BIG_DEAL,
2024-11-15,Tron-o-matic 1,Philadelphia_01,46.65,BIG_DEAL,
2024-11-15,Tron-o-matic 1 Pro,Online_Store,80.0,None,
2024-11-15,Tron-o-matic 1 Pro,LosAngeles_01,80.0,None,
2024-11-15,Tron-o-matic 1 Pro,NewYork_01,80.0,None,
2024-11-15,Tron-o-matic 1 Pro,NewYork_02,80.0,None,
2024-11-15,Tron-o-matic 1 Pro,Chicago_01,80.0,None,
2024-11-15,Tron-o-matic 1 Pro,Dallas_01,80.0,None,
2024-11-15,Tron-o-matic 1 Pro,Houston_01,80.0,None,
2024-11-15,Tron-o-matic 1 Pro,WashingtonDC_01,80.0,None,
2024-11-15,Tron-o-matic 1 Pro,Atlanta_01,80.0,None,
2024-11-15,Tron-o-matic 1 Pro,Philadelphia_01,80.0,None,
2024-11-15,Tron-o-matic 2,Online_Store,47.31,SMALL_DEAL,
2024-11-15,Tron-o-matic 2,LosAngeles_01,47.31,SMALL_DEAL,
2024-11-15,Tron-o-matic 2,NewYork_01,47.31,SMALL_DEAL,
2024-11-15,Tron-o-matic 2,NewYork_02,47.31,SMALL_DEAL,
2024-11-15,Tron-o-matic 2,Chicago_01,47.31,SMALL_DEAL,
2024-11-15,Tron-o-matic 2,Dallas_01,47.31,SMALL_DEAL,
2024-11-15,Tron-o-matic 2,Houston_01,47.31,SMALL_DEAL,
2024-11-15,Tron-o-matic 2,WashingtonDC_01,47.31,SMALL_DEAL,
2024-11-15,Tron-o-matic 2,Atlanta_01,47.31,SMALL_DEAL,
2024-11-15,Tron-o-matic 2,Philadelphia_01,47.31,SMALL_DEAL,
2024-11-15,Tron-o-matic 2 Pro,Online_Store,85.0,None,
2024-11-15,Tron-o-matic 2 Pro,LosAngeles_01,85.0,None,
2024-11-15,Tron-o-matic 2 Pro,NewYork_01,85.0,None,
2024-11-15,Tron-o-matic 2 Pro,NewYork_02,85.0,None,
2024-11-15,Tron-o-matic 2 Pro,Chicago_01,85.0,None,
2024-11-15,Tron-o-matic 2 Pro,Dallas_01,85.0,None,
2024-11-15,Tron-o-matic 2 Pro,Houston_01,85.0,None,
2024-11-15,Tron-o-matic 2 Pro,WashingtonDC_01,85.0,None,
2024-11-15,Tron-o-matic 2 Pro,Atlanta_01,85.0,None,
2024-11-15,Tron-o-matic 2 Pro,Philadelphia_01,85.0,None,
2024-11-15,Tron-o-matic 3,Online_Store,51.31,SMALL_DEAL,
2024-11-15,Tron-o-matic 3,LosAngeles_01,51.31,SMALL_DEAL,
2024-11-15,Tron-o-matic 3,NewYork_01,51.31,SMALL_DEAL,
2024-11-15,Tron-o-matic 3,NewYork_02,51.31,SMALL_DEAL,
2024-11-15,Tron-o-matic 3,Chicago_01,51.31,SMALL_DEAL,
2024-11-15,Tron-o-matic 3,Dallas_01,51.31,SMALL_DEAL,
2024-11-15,Tron-o-matic 3,Houston_01,51.31,SMALL_DEAL,
2024-11-15,Tron-o-matic 3,WashingtonDC_01,51.31,SMALL_DEAL,
2024-11-15,Tron-o-matic 3,Atlanta_01,51.31,SMALL_DEAL,
2024-11-15,Tron-o-matic 3,Philadelphia_01,51.31,SMALL_DEAL,
2024-11-15,Tron-o-matic 3 Pro,Online_Store,90.0,None,
2024-11-15,Tron-o-matic 3 Pro,LosAngeles_01,90.0,None,
2024-11-15,Tron-o-matic 3 Pro,NewYork_01,90.0,None,
2024-11-15,Tron-o-matic 3 Pro,NewYork_02,90.0,None,
2024-11-15,Tron-o-matic 3 Pro,Chicago_01,90.0,None,
2024-11-15,Tron-o-matic 3 Pro,Dallas_01,90.0,None,
2024-11-15,Tron-o-matic 3 Pro,Houston_01,90.0,None,
2024-11-15,Tron-o-matic 3 Pro,WashingtonDC_01,90.0,None,
2024-11-15,Tron-o-matic 3 Pro,Atlanta_01,90.0,None,
2024-11-15,Tron-o-matic 3 Pro,Philadelphia_01,90.0,None,
2024-11-15,Tron-o-matic 4,Online_Store,75.0,None,
2024-11-15,Tron-o-matic 4,LosAngeles_01,75.0,None,
2024-11-15,Tron-o-matic 4,NewYork_01,75.0,None,
2024-11-15,Tron-o-matic 4,NewYork_02,75.0,None,
2024-11-15,Tron-o-matic 4,Chicago_01,75.0,None,
2024-11-15,Tron-o-matic 4,Dallas_01,75.0,None,
2024-11-15,Tron-o-matic 4,Houston_01,75.0,None,
2024-11-15,Tron-o-matic 4,WashingtonDC_01,75.0,None,
2024-11-15,Tron-o-matic 4,Atlanta_01,75.0,None,
2024-11-15,Tron-o-matic 4,Philadelphia_01,75.0,None,
2024-11-15,Tron-o-matic 4 Pro,Online_Store,100.0,None,
2024-11-15,Tron-o-matic 4 Pro,LosAngeles_01,100.0,None,
2024-11-15,Tron-o-matic 4 Pro,NewYork_01,100.0,None,
2024-11-15,Tron-o-matic 4 Pro,NewYork_02,100.0,None,
2024-11-15,Tron-o-matic 4 Pro,Chicago_01,100.0,None,
2024-11-15,Tron-o-matic 4 Pro,Dallas_01,100.0,None,
2024-11-15,Tron-o-matic 4 Pro,Houston_01,100.0,None,
2024-11-15,Tron-o-matic 4 Pro,WashingtonDC_01,100.0,None,
2024-11-15,Tron-o-matic 4 Pro,Atlanta_01,100.0,None,
2024-11-15,Tron-o-matic 4 Pro,Philadelphia_01,100.0,None,
2024-11-15,Tron-o-matic 5,Online_Store,80.0,None,
2024-11-15,Tron-o-matic 5,LosAngeles_01,80.0,None,
2024-11-15,Tron-o-matic 5,NewYork_01,80.0,None,
2024-11-15,Tron-o-matic 5,NewYork_02,80.0,None,
2024-11-15,Tron-o-matic 5,Chicago_01,80.0,None,
2024-11-15,Tron-o-matic 5,Dallas_01,80.0,None,
2024-11-15,Tron-o-matic 5,Houston_01,80.0,None,
2024-11-15,Tron-o-matic 5,WashingtonDC_01,80.0,None,
2024-11-15,Tron-o-matic 5,Atlanta_01,80.0,None,
2024-11-15,Tron-o-matic 5,Philadelphia_01,80.0,None,
2024-11-15,Tron-o-matic 5 Pro,Online_Store,110.0,None,
2024-11-15,Tron-o-matic 5 Pro,LosAngeles_01,110.0,None,
2024-11-15,Tron-o-matic 5 Pro,NewYork_01,110.0,None,
2024-11-15,Tron-o-matic 5 Pro,NewYork_02,110.0,None,
2024-11-15,Tron-o-matic 5 Pro,Chicago_01,110.0,None,
2024-11-15,Tron-o-matic 5 Pro,Dallas_01,110.0,None,
2024-11-15,Tron-o-matic 5 Pro,Houston_01,110.0,None,
2024-11-15,Tron-o-matic 5 Pro,WashingtonDC_01,110.0,None,
2024-11-15,Tron-o-matic 5 Pro,Atlanta_01,110.0,None,
2024-11-15,Tron-o-matic 5 Pro,Philadelphia_01,110.0,None,
2024-11-16,Tron-o-matic 1,Online_Store,60.0,None,
2024-11-16,Tron-o-matic 1,LosAngeles_01,60.0,None,
2024-11-16,Tron-o-matic 1,NewYork_01,60.0,None,
2024-11-16,Tron-o-matic 1,NewYork_02,60.0,None,
2024-11-16,Tron-o-matic 1,Chicago_01,60.0,None,
2024-11-16,Tron-o-matic 1,Dallas_01,60.0,None,
2024-11-16,Tron-o-matic 1,Houston_01,60.0,None,
2024-11-16,Tron-o-matic 1,WashingtonDC_01,60.0,None,
2024-11-16,Tron-o-matic 1,Atlanta_01,60.0,None,
2024-11-16,Tron-o-matic 1,Philadelphia_01,60.0,None,
2024-11-16,Tron-o-matic 1 Pro,Online_Store,72.97,SMALL_DEAL,
2024-11-16,Tron-o-matic 1 Pro,LosAngeles_01,72.97,SMALL_DEAL,
2024-11-16,Tron-o-matic 1 Pro,NewYork_01,72.97,SMALL_DEAL,
2024-11-16,Tron-o-matic 1 Pro,NewYork_02,72.97,SMALL_DEAL,
2024-11-16,Tron-o-matic 1 Pro,Chicago_01,72.97,SMALL_DEAL,
2024-11-16,Tron-o-matic 1 Pro,Dallas_01,72.97,SMALL_DEAL,
2024-11-16,Tron-o-matic 1 Pro,Houston_01,72.97,SMALL_DEAL,
2024-11-16,Tron-o-matic 1 Pro,WashingtonDC_01,72.97,SMALL_DEAL,
2024-11-16,Tron-o-matic 1 Pro,Atlanta_01,72.97,SMALL_DEAL,
2024-11-16,Tron-o-matic 1 Pro,Philadelphia_01,72.97,SMALL_DEAL,
2024-11-16,Tron-o-matic 2,Online_Store,55.0,None,
2024-11-16,Tron-o-matic 2,LosAngeles_01,55.0,None,
2024-11-16,Tron-o-matic 2,NewYork_01,55.0,None,
2024-11-16,Tron-o-matic 2,NewYork_02,55.0,None,
2024-11-16,Tron-o-matic 2,Chicago_01,55.0,None,
2024-11-16,Tron-o-matic 2,Dallas_01,55.0,None,
2024-11-16,Tron-o-matic 2,Houston_01,55.0,None,
2024-11-16,Tron-o-matic 2,WashingtonDC_01,55.0,None,
2024-11-16,Tron-o-matic 2,Atlanta_01,55.0,None,
2024-11-16,Tron-o-matic 2,Philadelphia_01,55.0,None,
2024-11-16,Tron-o-matic 2 Pro,Online_Store,85.0,None,
2024-11-16,Tron-o-matic 2 Pro,LosAngeles_01,85.0,None,
2024-11-16,Tron-o-matic 2 Pro,NewYork_01,85.0,None,
2024-11-16,Tron-o-matic 2 Pro,NewYork_02,85.0,None,
2024-11-16,Tron-o-matic 2 Pro,Chicago_01,85.0,None,
2024-11-16,Tron-o-matic 2 Pro,Dallas_01,85.0,None,
2024-11-16,Tron-o-matic 2 Pro,Houston_01,85.0,None,
2024-11-16,Tron-o-matic 2 Pro,WashingtonDC_01,85.0,None,
2024-11-16,Tron-o-matic 2 Pro,Atlanta_01,85.0,None,
2024-11-16,Tron-o-matic 2 Pro,Philadelphia_01,85.0,None,
2024-11-16,Tron-o-matic 3,Online_Store,54.49,SMALL_DEAL,
2024-11-16,Tron-o-matic 3,LosAngeles_01,54.49,SMALL_DEAL,
2024-11-16,Tron-o-matic 3,NewYork_01,54.49,SMALL_DEAL,
2024-11-16,Tron-o-matic 3,NewYork_02,54.49,SMALL_DEAL,
2024-11-16,Tron-o-matic 3,Chicago_01,54.49,SMALL_DEAL,
2024-11-16,Tron-o-matic 3,Dallas_01,54.49,SMALL_DEAL,
2024-11-16,Tron-o-matic 3,Houston_01,54.49,SMALL_DEAL,
2024-11-16,Tron-o-matic 3,WashingtonDC_01,54.49,SMALL_DEAL,
2024-11-16,Tron-o-matic 3,Atlanta_01,54.49,SMALL_DEAL,
2024-11-16,Tron-o-matic 3,Philadelphia_01,54.49,SMALL_DEAL,
2024-11-16,Tron-o-matic 3 Pro,Online_Store,90.0,None,
2024-11-16,Tron-o-matic 3 Pro,LosAngeles_01,90.0,None,
2024-11-16,Tron-o-matic 3 Pro,NewYork_01,90.0,None,
2024-11-16,Tron-o-matic 3 Pro,NewYork_02,90.0,None,
2024-11-16,Tron-o-matic 3 Pro,Chicago_01,90.0,None,
2024-11-16,Tron-o-matic 3 Pro,Dallas_01,90.0,None,
2024-11-16,Tron-o-matic 3 Pro,Houston_01,90.0,None,
2024-11-16,Tron-o-matic 3 Pro,WashingtonDC_01,90.0,None,
2024-11-16,Tron-o-matic 3 Pro,Atlanta_01,90.0,None,
2024-11-16,Tron-o-matic 3 Pro,Philadelphia_01,90.0,None,
2024-11-16,Tron-o-matic 4,Online_Store,75.0,None,
2024-11-16,Tron-o-matic 4,LosAngeles_01,75.0,None,
2024-11-16,Tron-o-matic 4,NewYork_01,75.0,None,
2024-11-16,Tron-o-matic 4,NewYork_02,75.0,None,
2024-11-16,Tron-o-matic 4,Chicago_01,75.0,None,
2024-11-16,Tron-o-matic 4,Dallas_01,75.0,None,
2024-11-16,Tron-o-matic 4,Houston_01,75.0,None,
2024-11-16,Tron-o-matic 4,WashingtonDC_01,75.0,None,
2024-11-16,Tron-o-matic 4,Atlanta_01,75.0,None,
2024-11-16,Tron-o-matic 4,Philadelphia_01,75.0,None,
2024-11-16,Tron-o-matic 4 Pro,Online_Store,75.85,BIG_DEAL,
2024-11-16,Tron-o-matic 4 Pro,LosAngeles_01,75.85,BIG_DEAL,
2024-11-16,Tron-o-matic 4 Pro,NewYork_01,75.85,BIG_DEAL,
2024-11-16,Tron-o-matic 4 Pro,NewYork_02,75.85,BIG_DEAL,
2024-11-16,Tron-o-matic 4 Pro,Chicago_01,75.85,BIG_DEAL,
2024-11-16,Tron-o-matic 4 Pro,Dallas_01,75.85,BIG_DEAL,
2024-11-16,Tron-o-matic 4 Pro,Houston_01,75.85,BIG_DEAL,
2024-11-16,Tron-o-matic 4 Pro,WashingtonDC_01,75.85,BIG_DEAL,
2024-11-16,Tron-o-matic 4 Pro,Atlanta_01,75.85,BIG_DEAL,
2024-11-16,Tron-o-matic 4 Pro,Philadelphia_01,75.85,BIG_DEAL,
2024-11-16,Tron-o-matic 5,Online_Store,68.82,SMALL_DEAL,
2024-11-16,Tron-o-matic 5,LosAngeles_01,68.82,SMALL_DEAL,
2024-11-16,Tron-o-matic 5,NewYork_01,68.82,SMALL_DEAL,
2024-11-16,Tron-o-matic 5,NewYork_02,68.82,SMALL_DEAL,
2024-11-16,Tron-o-matic 5,Chicago_01,68.82,SMALL_DEAL,
2024-11-16,Tron-o-matic 5,Dallas_01,68.82,SMALL_DEAL,
2024-11-16,Tron-o-matic 5,Houston_01,68.82,SMALL_DEAL,
2024-11-16,Tron-o-matic 5,WashingtonDC_01,68.82,SMALL_DEAL,
2024-11-16,Tron-o-matic 5,Atlanta_01,68.82,SMALL_DEAL,
2024-11-16,Tron-o-matic 5,Philadelphia_01,68.82,SMALL_DEAL,
2024-11-16,Tron-o-matic 5 Pro,Online_Store,78.81,BIG_DEAL,
2024-11-16,Tron-o-matic 5 Pro,LosAngeles_01,78.81,BIG_DEAL,
2024-11-16,Tron-o-matic 5 Pro,NewYork_01,78.81,BIG_DEAL,
2024-11-16,Tron-o-matic 5 Pro,NewYork_02,78.81,BIG_DEAL,
2024-11-16,Tron-o-matic 5 Pro,Chicago_01,78.81,BIG_DEAL,
2024-11-16,Tron-o-matic 5 Pro,Dallas_01,78.81,BIG_DEAL,
2024-11-16,Tron-o-matic 5 Pro,Houston_01,78.81,BIG_DEAL,
2024-11-16,Tron-o-matic 5 Pro,WashingtonDC_01,78.81,BIG_DEAL,
2024-11-16,Tron-o-matic 5 Pro,Atlanta_01,78.81,BIG_DEAL,
2024-11-16,Tron-o-matic 5 Pro,Philadelphia_01,78.81,BIG_DEAL,
2024-11-17,Tron-o-matic 1,Online_Store,60.0,None,
2024-11-17,Tron-o-matic 1,LosAngeles_01,60.0,None,
2024-11-17,Tron-o-matic 1,NewYork_01,60.0,None,
2024-11-17,Tron-o-matic 1,NewYork_02,60.0,None,
2024-11-17,Tron-o-matic 1,Chicago_01,60.0,None,
2024-11-17,Tron-o-matic 1,Dallas_01,60.0,None,
2024-11-17,Tron-o-matic 1,Houston_01,60.0,None,
2024-11-17,Tron-o-matic 1,WashingtonDC_01,60.0,None,
2024-11-17,Tron-o-matic 1,Atlanta_01,60.0,None,
2024-11-17,Tron-o-matic 1,Philadelphia_01,60.0,None,
2024-11-17,Tron-o-matic 1 Pro,Online_Store,80.0,None,
2024-11-17,Tron-o-matic 1 Pro,LosAngeles_01,80.0,None,
2024-11-17,Tron-o-matic 1 Pro,NewYork_01,80.0,None,
2024-11-17,Tron-o-matic 1 Pro,NewYork_02,80.0,None,
2024-11-17,Tron-o-matic 1 Pro,Chicago_01,80.0,None,
2024-11-17,Tron-o-matic 1 Pro,Dallas_01,80.0,None,
2024-11-17,Tron-o-matic 1 Pro,Houston_01,80.0,None,
2024-11-17,Tron-o-matic 1 Pro,WashingtonDC_01,80.0,None,
2024-11-17,Tron-o-matic 1 Pro,Atlanta_01,80.0,None,
2024-11-17,Tron-o-matic 1 Pro,Philadelphia_01,80.0,None,
2024-11-17,Tron-o-matic 2,Online_Store,55.0,None,
2024-11-17,Tron-o-matic 2,LosAngeles_01,55.0,None,
2024-11-17,Tron-o-matic 2,NewYork_01,55.0,None,
2024-11-17,Tron-o-matic 2,NewYork_02,55.0,None,
2024-11-17,Tron-o-matic 2,Chicago_01,55.0,None,
2024-11-17,Tron-o-matic 2,Dallas_01,55.0,None,
2024-11-17,Tron-o-matic 2,Houston_01,55.0,None,
2024-11-17,Tron-o-matic 2,WashingtonDC_01,55.0,None,
2024-11-17,Tron-o-matic 2,Atlanta_01,55.0,None,
2024-11-17,Tron-o-matic 2,Philadelphia_01,55.0,None,
2024-11-17,Tron-o-matic 2 Pro,Online_Store,76.39,SMALL_DEAL,
2024-11-17,Tron-o-matic 2 Pro,LosAngeles_01,76.39,SMALL_DEAL,
2024-11-17,Tron-o-matic 2 Pro,NewYork_01,76.39,SMALL_DEAL,
2024-11-17,Tron-o-matic 2 Pro,NewYork_02,76.39,SMALL_DEAL,
2024-11-17,Tron-o-matic 2 Pro,Chicago_01,76.39,SMALL_DEAL,
2024-11-17,Tron-o-matic 2 Pro,Dallas_01,76.39,SMALL_DEAL,
2024-11-17,Tron-o-matic 2 Pro,Houston_01,76.39,SMALL_DEAL,
2024-11-17,Tron-o-matic 2 Pro,WashingtonDC_01,76.39,SMALL_DEAL,
2024-11-17,Tron-o-matic 2 Pro,Atlanta_01,76.39,SMALL_DEAL,
2024-11-17,Tron-o-matic 2 Pro,Philadelphia_01,76.39,SMALL_DEAL,
2024-11-17,Tron-o-matic 3,Online_Store,60.0,None,
2024-11-17,Tron-o-matic 3,LosAngeles_01,60.0,None,
2024-11-17,Tron-o-matic 3,NewYork_01,60.0,None,
2024-11-17,Tron-o-matic 3,NewYork_02,60.0,None,
2024-11-17,Tron-o-matic 3,Chicago_01,60.0,None,
2024-11-17,Tron-o-matic 3,Dallas_01,60.0,None,
2024-11-17,Tron-o-matic 3,Houston_01,60.0,None,
2024-11-17,Tron-o-matic 3,WashingtonDC_01,60.0,None,
2024-11-17,Tron-o-matic 3,Atlanta_01,60.0,None,
2024-11-17,Tron-o-matic 3,Philadelphia_01,60.0,None,
2024-11-17,Tron-o-matic 3 Pro,Online_Store,90.0,None,
2024-11-17,Tron-o-matic 3 Pro,LosAngeles_01,90.0,None,
2024-11-17,Tron-o-matic 3 Pro,NewYork_01,90.0,None,
2024-11-17,Tron-o-matic 3 Pro,NewYork_02,90.0,None,
2024-11-17,Tron-o-matic 3 Pro,Chicago_01,90.0,None,
2024-11-17,Tron-o-matic 3 Pro,Dallas_01,90.0,None,
2024-11-17,Tron-o-matic 3 Pro,Houston_01,90.0,None,
2024-11-17,Tron-o-matic 3 Pro,WashingtonDC_01,90.0,None,
2024-11-17,Tron-o-matic 3 Pro,Atlanta_01,90.0,None,
2024-11-17,Tron-o-matic 3 Pro,Philadelphia_01,90.0,None,
2024-11-17,Tron-o-matic 4,Online_Store,75.0,None,
2024-11-17,Tron-o-matic 4,LosAngeles_01,75.0,None,
2024-11-17,Tron-o-matic 4,NewYork_01,75.0,None,
2024-11-17,Tron-o-matic 4,NewYork_02,75.0,None,
2024-11-17,Tron-o-matic 4,Chicago_01,75.0,None,
2024-11-17,Tron-o-matic 4,Dallas_01,75.0,None,
2024-11-17,Tron-o-matic 4,Houston_01,75.0,None,
2024-11-17,Tron-o-matic 4,WashingtonDC_01,75.0,None,
2024-11-17,Tron-o-matic 4,Atlanta_01,75.0,None,
2024-11-17,Tron-o-matic 4,Philadelphia_01,75.0,None,
2024-11-17,Tron-o-matic 4 Pro,Online_Store,87.93,SMALL_DEAL,
2024-11-17,Tron-o-matic 4 Pro,LosAngeles_01,87.93,SMALL_DEAL,
2024-11-17,Tron-o-matic 4 Pro,NewYork_01,87.93,SMALL_DEAL,
2024-11-17,Tron-o-matic 4 Pro,NewYork_02,87.93,SMALL_DEAL,
2024-11-17,Tron-o-matic 4 Pro,Chicago_01,87.93,SMALL_DEAL,
2024-11-17,Tron-o-matic 4 Pro,Dallas_01,87.93,SMALL_DEAL,
2024-11-17,Tron-o-matic 4 Pro,Houston_01,87.93,SMALL_DEAL,
2024-11-17,Tron-o-matic 4 Pro,WashingtonDC_01,87.93,SMALL_DEAL,
2024-11-17,Tron-o-matic 4 Pro,Atlanta_01,87.93,SMALL_DEAL,
2024-11-17,Tron-o-matic 4 Pro,Philadelphia_01,87.93,SMALL_DEAL,
2024-11-17,Tron-o-matic 5,Online_Store,80.0,None,
2024-11-17,Tron-o-matic 5,LosAngeles_01,80.0,None,
2024-11-17,Tron-o-matic 5,NewYork_01,80.0,None,
2024-11-17,Tron-o-matic 5,NewYork_02,80.0,None,
2024-11-17,Tron-o-matic 5,Chicago_01,80.0,None,
2024-11-17,Tron-o-matic 5,Dallas_01,80.0,None,
2024-11-17,Tron-o-matic 5,Houston_01,80.0,None,
2024-11-17,Tron-o-matic 5,WashingtonDC_01,80.0,None,
2024-11-17,Tron-o-matic 5,Atlanta_01,80.0,None,
2024-11-17,Tron-o-matic 5,Philadelphia_01,80.0,None,
2024-11-17,Tron-o-matic 5 Pro,Online_Store,110.0,None,
2024-11-17,Tron-o-matic 5 Pro,LosAngeles_01,110.0,None,
2024-11-17,Tron-o-matic 5 Pro,NewYork_01,110.0,None,
2024-11-17,Tron-o-matic 5 Pro,NewYork_02,110.0,None,
2024-11-17,Tron-o-matic 5 Pro,Chicago_01,110.0,None,
2024-11-17,Tron-o-matic 5 Pro,Dallas_01,110.0,None,
2024-11-17,Tron-o-matic 5 Pro,Houston_01,110.0,None,
2024-11-17,Tron-o-matic 5 Pro,WashingtonDC_01,110.0,None,
2024-11-17,Tron-o-matic 5 Pro,Atlanta_01,110.0,None,
2024-11-17,Tron-o-matic 5 Pro,Philadelphia_01,110.0,None,
2024-11-18,Tron-o-matic 1,Online_Store,60.0,None,
2024-11-18,Tron-o-matic 1,LosAngeles_01,60.0,None,
2024-11-18,Tron-o-matic 1,NewYork_01,60.0,None,
2024-11-18,Tron-o-matic 1,NewYork_02,60.0,None,
2024-11-18,Tron-o-matic 1,Chicago_01,60.0,None,
2024-11-18,Tron-o-matic 1,Dallas_01,60.0,None,
2024-11-18,Tron-o-matic 1,Houston_01,60.0,None,
2024-11-18,Tron-o-matic 1,WashingtonDC_01,60.0,None,
2024-11-18,Tron-o-matic 1,Atlanta_01,60.0,None,
2024-11-18,Tron-o-matic 1,Philadelphia_01,60.0,None,
2024-11-18,Tron-o-matic 1 Pro,Online_Store,80.0,None,
2024-11-18,Tron-o-matic 1 Pro,LosAngeles_01,80.0,None,
2024-11-18,Tron-o-matic 1 Pro,NewYork_01,80.0,None,
2024-11-18,Tron-o-matic 1 Pro,NewYork_02,80.0,None,
2024-11-18,Tron-o-matic 1 Pro,Chicago_01,80.0,None,
2024-11-18,Tron-o-matic 1 Pro,Dallas_01,80.0,None,
2024-11-18,Tron-o-matic 1 Pro,Houston_01,80.0,None,
2024-11-18,Tron-o-matic 1 Pro,WashingtonDC_01,80.0,None,
2024-11-18,Tron-o-matic 1 Pro,Atlanta_01,80.0,None,
2024-11-18,Tron-o-matic 1 Pro,Philadelphia_01,80.0,None,
2024-11-18,Tron-o-matic 2,Online_Store,42.14,BIG_DEAL,
2024-11-18,Tron-o-matic 2,LosAngeles_01,42.14,BIG_DEAL,
2024-11-18,Tron-o-matic 2,NewYork_01,42.14,BIG_DEAL,
2024-11-18,Tron-o-matic 2,NewYork_02,42.14,BIG_DEAL,
2024-11-18,Tron-o-matic 2,Chicago_01,42.14,BIG_DEAL,
2024-11-18,Tron-o-matic 2,Dallas_01,42.14,BIG_DEAL,
2024-11-18,Tron-o-matic 2,Houston_01,42.14,BIG_DEAL,
2024-11-18,Tron-o-matic 2,WashingtonDC_01,42.14,BIG_DEAL,
2024-11-18,Tron-o-matic 2,Atlanta_01,42.14,BIG_DEAL,
2024-11-18,Tron-o-matic 2,Philadelphia_01,42.14,BIG_DEAL,
2024-11-18,Tron-o-matic 2 Pro,Online_Store,77.34,SMALL_DEAL,
2024-11-18,Tron-o-matic 2 Pro,LosAngeles_01,77.34,SMALL_DEAL,
2024-11-18,Tron-o-matic 2 Pro,NewYork_01,77.34,SMALL_DEAL,
2024-11-18,Tron-o-matic 2 Pro,NewYork_02,77.34,SMALL_DEAL,
2024-11-18,Tron-o-matic 2 Pro,Chicago_01,77.34,SMALL_DEAL,
2024-11-18,Tron-o-matic 2 Pro,Dallas_01,77.34,SMALL_DEAL,
2024-11-18,Tron-o-matic 2 Pro,Houston_01,77.34,SMALL_DEAL,
2024-11-18,Tron-o-matic 2 Pro,WashingtonDC_01,77.34,SMALL_DEAL,
2024-11-18,Tron-o-matic 2 Pro,Atlanta_01,77.34,SMALL_DEAL,
2024-11-18,Tron-o-matic 2 Pro,Philadelphia_01,77.34,SMALL_DEAL,
2024-11-18,Tron-o-matic 3,Online_Store,60.0,None,
2024-11-18,Tron-o-matic 3,LosAngeles_01,60.0,None,
2024-11-18,Tron-o-matic 3,NewYork_01,60.0,None,
2024-11-18,Tron-o-matic 3,NewYork_02,60.0,None,
2024-11-18,Tron-o-matic 3,Chicago_01,60.0,None,
2024-11-18,Tron-o-matic 3,Dallas_01,60.0,None,
2024-11-18,Tron-o-matic 3,Houston_01,60.0,None,
2024-11-18,Tron-o-matic 3,WashingtonDC_01,60.0,None,
2024-11-18,Tron-o-matic 3,Atlanta_01,60.0,None,
2024-11-18,Tron-o-matic 3,Philadelphia_01,60.0,None,
2024-11-18,Tron-o-matic 3 Pro,Online_Store,79.68,SMALL_DEAL,
2024-11-18,Tron-o-matic 3 Pro,LosAngeles_01,79.68,SMALL_DEAL,
2024-11-18,Tron-o-matic 3 Pro,NewYork_01,79.68,SMALL_DEAL,
2024-11-18,Tron-o-matic 3 Pro,NewYork_02,79.68,SMALL_DEAL,
2024-11-18,Tron-o-matic 3 Pro,Chicago_01,79.68,SMALL_DEAL,
2024-11-18,Tron-o-matic 3 Pro,Dallas_01,79.68,SMALL_DEAL,
2024-11-18,Tron-o-matic 3 Pro,Houston_01,79.68,SMALL_DEAL,
2024-11-18,Tron-o-matic 3 Pro,WashingtonDC_01,79.68,SMALL_DEAL,
2024-11-18,Tron-o-matic 3 Pro,Atlanta_01,79.68,SMALL_DEAL,
2024-11-18,Tron-o-matic 3 Pro,Philadelphia_01,79.68,SMALL_DEAL,
2024-11-18,Tron-o-matic 4,Online_Store,75.0,None,
2024-11-18,Tron-o-matic 4,LosAngeles_01,75.0,None,
2024-11-18,Tron-o-matic 4,NewYork_01,75.0,None,
2024-11-18,Tron-o-matic 4,NewYork_02,75.0,None,
2024-11-18,Tron-o-matic 4,Chicago_01,75.0,None,
2024-11-18,Tron-o-matic 4,Dallas_01,75.0,None,
2024-11-18,Tron-o-matic 4,Houston_01,75.0,None,
2024-11-18,Tron-o-matic 4,WashingtonDC_01,75.0,None,
2024-11-18,Tron-o-matic 4,Atlanta_01,75.0,None,
2024-11-18,Tron-o-matic 4,Philadelphia_01,75.0,None,
2024-11-18,Tron-o-matic 4 Pro,Online_Store,75.45,BIG_DEAL,
2024-11-18,Tron-o-matic 4 Pro,LosAngeles_01,75.45,BIG_DEAL,
2024-11-18,Tron-o-matic 4 Pro,NewYork_01,75.45,BIG_DEAL,
2024-11-18,Tron-o-matic 4 Pro,NewYork_02,75.45,BIG_DEAL,
2024-11-18,Tron-o-matic 4 Pro,Chicago_01,75.45,BIG_DEAL,
2024-11-18,Tron-o-matic 4 Pro,Dallas_01,75.45,BIG_DEAL,
2024-11-18,Tron-o-matic 4 Pro,Houston_01,75.45,BIG_DEAL,
2024-11-18,Tron-o-matic 4 Pro,WashingtonDC_01,75.45,BIG_DEAL,
2024-11-18,Tron-o-matic 4 Pro,Atlanta_01,75.45,BIG_DEAL,
2024-11-18,Tron-o-matic 4 Pro,Philadelphia_01,75.45,BIG_DEAL,
2024-11-18,Tron-o-matic 5,Online_Store,57.66,BIG_DEAL,
2024-11-18,Tron-o-matic 5,LosAngeles_01,57.66,BIG_DEAL,
2024-11-18,Tron-o-matic 5,NewYork_01,57.66,BIG_DEAL,
2024-11-18,Tron-o-matic 5,NewYork_02,57.66,BIG_DEAL,
2024-11-18,Tron-o-matic 5,Chicago_01,57.66,BIG_DEAL,
2024-11-18,Tron-o-matic 5,Dallas_01,57.66,BIG_DEAL,
2024-11-18,Tron-o-matic 5,Houston_01,57.66,BIG_DEAL,
2024-11-18,Tron-o-matic 5,WashingtonDC_01,57.66,BIG_DEAL,
2024-11-18,Tron-o-matic 5,Atlanta_01,57.66,BIG_DEAL,
2024-11-18,Tron-o-matic 5,Philadelphia_01,57.66,BIG_DEAL,
2024-11-18,Tron-o-matic 5 Pro,Online_Store,110.0,None,
2024-11-18,Tron-o-matic 5 Pro,LosAngeles_01,110.0,None,
2024-11-18,Tron-o-matic 5 Pro,NewYork_01,110.0,None,
2024-11-18,Tron-o-matic 5 Pro,NewYork_02,110.0,None,
2024-11-18,Tron-o-matic 5 Pro,Chicago_01,110.0,None,
2024-11-18,Tron-o-matic 5 Pro,Dallas_01,110.0,None,
2024-11-18,Tron-o-matic 5 Pro,Houston_01,110.0,None,
2024-11-18,Tron-o-matic 5 Pro,WashingtonDC_01,110.0,None,
2024-11-18,Tron-o-matic 5 Pro,Atlanta_01,110.0,None,
2024-11-18,Tron-o-matic 5 Pro,Philadelphia_01,110.0,None,
2024-11-19,Tron-o-matic 1,Online_Store,60.0,None,
2024-11-19,Tron-o-matic 1,LosAngeles_01,60.0,None,
2024-11-19,Tron-o-matic 1,NewYork_01,60.0,None,
2024-11-19,Tron-o-matic 1,NewYork_02,60.0,None,
2024-11-19,Tron-o-matic 1,Chicago_01,60.0,None,
2024-11-19,Tron-o-matic 1,Dallas_01,60.0,None,
2024-11-19,Tron-o-matic 1,Houston_01,60.0,None,
2024-11-19,Tron-o-matic 1,WashingtonDC_01,60.0,None,
2024-11-19,Tron-o-matic 1,Atlanta_01,60.0,None,
2024-11-19,Tron-o-matic 1,Philadelphia_01,60.0,None,
2024-11-19,Tron-o-matic 1 Pro,Online_Store,70.99,SMALL_DEAL,
2024-11-19,Tron-o-matic 1 Pro,LosAngeles_01,70.99,SMALL_DEAL,
2024-11-19,Tron-o-matic 1 Pro,NewYork_01,70.99,SMALL_DEAL,
2024-11-19,Tron-o-matic 1 Pro,NewYork_02,70.99,SMALL_DEAL,
2024-11-19,Tron-o-matic 1 Pro,Chicago_01,70.99,SMALL_DEAL,
2024-11-19,Tron-o-matic 1 Pro,Dallas_01,70.99,SMALL_DEAL,
2024-11-19,Tron-o-matic 1 Pro,Houston_01,70.99,SMALL_DEAL,
2024-11-19,Tron-o-matic 1 Pro,WashingtonDC_01,70.99,SMALL_DEAL,
2024-11-19,Tron-o-matic 1 Pro,Atlanta_01,70.99,SMALL_DEAL,
2024-11-19,Tron-o-matic 1 Pro,Philadelphia_01,70.99,SMALL_DEAL,
2024-11-19,Tron-o-matic 2,Online_Store,47.77,SMALL_DEAL,
2024-11-19,Tron-o-matic 2,LosAngeles_01,47.77,SMALL_DEAL,
2024-11-19,Tron-o-matic 2,NewYork_01,47.77,SMALL_DEAL,
2024-11-19,Tron-o-matic 2,NewYork_02,47.77,SMALL_DEAL,
2024-11-19,Tron-o-matic 2,Chicago_01,47.77,SMALL_DEAL,
2024-11-19,Tron-o-matic 2,Dallas_01,47.77,SMALL_DEAL,
2024-11-19,Tron-o-matic 2,Houston_01,47.77,SMALL_DEAL,
2024-11-19,Tron-o-matic 2,WashingtonDC_01,47.77,SMALL_DEAL,
2024-11-19,Tron-o-matic 2,Atlanta_01,47.77,SMALL_DEAL,
2024-11-19,Tron-o-matic 2,Philadelphia_01,47.77,SMALL_DEAL,
2024-11-19,Tron-o-matic 2 Pro,Online_Store,75.86,SMALL_DEAL,
2024-11-19,Tron-o-matic 2 Pro,LosAngeles_01,75.86,SMALL_DEAL,
2024-11-19,Tron-o-matic 2 Pro,NewYork_01,75.86,SMALL_DEAL,
2024-11-19,Tron-o-matic 2 Pro,NewYork_02,75.86,SMALL_DEAL,
2024-11-19,Tron-o-matic 2 Pro,Chicago_01,75.86,SMALL_DEAL,
2024-11-19,Tron-o-matic 2 Pro,Dallas_01,75.86,SMALL_DEAL,
2024-11-19,Tron-o-matic 2 Pro,Houston_01,75.86,SMALL_DEAL,
2024-11-19,Tron-o-matic 2 Pro,WashingtonDC_01,75.86,SMALL_DEAL,
2024-11-19,Tron-o-matic 2 Pro,Atlanta_01,75.86,SMALL_DEAL,
2024-11-19,Tron-o-matic 2 Pro,Philadelphia_01,75.86,SMALL_DEAL,
2024-11-19,Tron-o-matic 3,Online_Store,60.0,None,
2024-11-19,Tron-o-matic 3,LosAngeles_01,60.0,None,
2024-11-19,Tron-o-matic 3,NewYork_01,60.0,None,
2024-11-19,Tron-o-matic 3,NewYork_02,60.0,None,
2024-11-19,Tron-o-matic 3,Chicago_01,60.0,None,
2024-11-19,Tron-o-matic 3,Dallas_01,60.0,None,
2024-11-19,Tron-o-matic 3,Houston_01,60.0,None,
2024-11-19,Tron-o-matic 3,WashingtonDC_01,60.0,None,
2024-11-19,Tron-o-matic 3,Atlanta_01,60.0,None,
2024-11-19,Tron-o-matic 3,Philadelphia_01,60.0,None,
2024-11-19,Tron-o-matic 3 Pro,Online_Store,90.0,None,
2024-11-19,Tron-o-matic 3 Pro,LosAngeles_01,90.0,None,
2024-11-19,Tron-o-matic 3 Pro,NewYork_01,90.0,None,
2024-11-19,Tron-o-matic 3 Pro,NewYork_02,90.0,None,
2024-11-19,Tron-o-matic 3 Pro,Chicago_01,90.0,None,
2024-11-19,Tron-o-matic 3 Pro,Dallas_01,90.0,None,
2024-11-19,Tron-o-matic 3 Pro,Houston_01,90.0,None,
2024-11-19,Tron-o-matic 3 Pro,WashingtonDC_01,90.0,None,
2024-11-19,Tron-o-matic 3 Pro,Atlanta_01,90.0,None,
2024-11-19,Tron-o-matic 3 Pro,Philadelphia_01,90.0,None,
2024-11-19,Tron-o-matic 4,Online_Store,75.0,None,
2024-11-19,Tron-o-matic 4,LosAngeles_01,75.0,None,
2024-11-19,Tron-o-matic 4,NewYork_01,75.0,None,
2024-11-19,Tron-o-matic 4,NewYork_02,75.0,None,
2024-11-19,Tron-o-matic 4,Chicago_01,75.0,None,
2024-11-19,Tron-o-matic 4,Dallas_01,75.0,None,
2024-11-19,Tron-o-matic 4,Houston_01,75.0,None,
2024-11-19,Tron-o-matic 4,WashingtonDC_01,75.0,None,
2024-11-19,Tron-o-matic 4,Atlanta_01,75.0,None,
2024-11-19,Tron-o-matic 4,Philadelphia_01,75.0,None,
2024-11-19,Tron-o-matic 4 Pro,Online_Store,100.0,None,
2024-11-19,Tron-o-matic 4 Pro,LosAngeles_01,100.0,None,
2024-11-19,Tron-o-matic 4 Pro,NewYork_01,100.0,None,
2024-11-19,Tron-o-matic 4 Pro,NewYork_02,100.0,None,
2024-11-19,Tron-o-matic 4 Pro,Chicago_01,100.0,None,
2024-11-19,Tron-o-matic 4 Pro,Dallas_01,100.0,None,
2024-11-19,Tron-o-matic 4 Pro,Houston_01,100.0,None,
2024-11-19,Tron-o-matic 4 Pro,WashingtonDC_01,100.0,None,
2024-11-19,Tron-o-matic 4 Pro,Atlanta_01,100.0,None,
2024-11-19,Tron-o-matic 4 Pro,Philadelphia_01,100.0,None,
2024-11-19,Tron-o-matic 5,Online_Store,80.0,None,
2024-11-19,Tron-o-matic 5,LosAngeles_01,80.0,None,
2024-11-19,Tron-o-matic 5,NewYork_01,80.0,None,
2024-11-19,Tron-o-matic 5,NewYork_02,80.0,None,
2024-11-19,Tron-o-matic 5,Chicago_01,80.0,None,
2024-11-19,Tron-o-matic 5,Dallas_01,80.0,None,
2024-11-19,Tron-o-matic 5,Houston_01,80.0,None,
2024-11-19,Tron-o-matic 5,WashingtonDC_01,80.0,None,
2024-11-19,Tron-o-matic 5,Atlanta_01,80.0,None,
2024-11-19,Tron-o-matic 5,Philadelphia_01,80.0,None,
2024-11-19,Tron-o-matic 5 Pro,Online_Store,110.0,None,
2024-11-19,Tron-o-matic 5 Pro,LosAngeles_01,110.0,None,
2024-11-19,Tron-o-matic 5 Pro,NewYork_01,110.0,None,
2024-11-19,Tron-o-matic 5 Pro,NewYork_02,110.0,None,
2024-11-19,Tron-o-matic 5 Pro,Chicago_01,110.0,None,
2024-11-19,Tron-o-matic 5 Pro,Dallas_01,110.0,None,
2024-11-19,Tron-o-matic 5 Pro,Houston_01,110.0,None,
2024-11-19,Tron-o-matic 5 Pro,WashingtonDC_01,110.0,None,
2024-11-19,Tron-o-matic 5 Pro,Atlanta_01,110.0,None,
2024-11-19,Tron-o-matic 5 Pro,Philadelphia_01,110.0,None,
2024-11-20,Tron-o-matic 1,Online_Store,60.0,None,
2024-11-20,Tron-o-matic 1,LosAngeles_01,60.0,None,
2024-11-20,Tron-o-matic 1,NewYork_01,60.0,None,
2024-11-20,Tron-o-matic 1,NewYork_02,60.0,None,
2024-11-20,Tron-o-matic 1,Chicago_01,60.0,None,
2024-11-20,Tron-o-matic 1,Dallas_01,60.0,None,
2024-11-20,Tron-o-matic 1,Houston_01,60.0,None,
2024-11-20,Tron-o-matic 1,WashingtonDC_01,60.0,None,
2024-11-20,Tron-o-matic 1,Atlanta_01,60.0,None,
2024-11-20,Tron-o-matic 1,Philadelphia_01,60.0,None,
2024-11-20,Tron-o-matic 1 Pro,Online_Store,80.0,None,
2024-11-20,Tron-o-matic 1 Pro,LosAngeles_01,80.0,None,
2024-11-20,Tron-o-matic 1 Pro,NewYork_01,80.0,None,
2024-11-20,Tron-o-matic 1 Pro,NewYork_02,80.0,None,
2024-11-20,Tron-o-matic 1 Pro,Chicago_01,80.0,None,
2024-11-20,Tron-o-matic 1 Pro,Dallas_01,80.0,None,
2024-11-20,Tron-o-matic 1 Pro,Houston_01,80.0,None,
2024-11-20,Tron-o-matic 1 Pro,WashingtonDC_01,80.0,None,
2024-11-20,Tron-o-matic 1 Pro,Atlanta_01,80.0,None,
2024-11-20,Tron-o-matic 1 Pro,Philadelphia_01,80.0,None,
2024-11-20,Tron-o-matic 2,Online_Store,55.0,None,
2024-11-20,Tron-o-matic 2,LosAngeles_01,55.0,None,
2024-11-20,Tron-o-matic 2,NewYork_01,55.0,None,
2024-11-20,Tron-o-matic 2,NewYork_02,55.0,None,
2024-11-20,Tron-o-matic 2,Chicago_01,55.0,None,
2024-11-20,Tron-o-matic 2,Dallas_01,55.0,None,
2024-11-20,Tron-o-matic 2,Houston_01,55.0,None,
2024-11-20,Tron-o-matic 2,WashingtonDC_01,55.0,None,
2024-11-20,Tron-o-matic 2,Atlanta_01,55.0,None,
2024-11-20,Tron-o-matic 2,Philadelphia_01,55.0,None,
2024-11-20,Tron-o-matic 2 Pro,Online_Store,65.24,BIG_DEAL,
2024-11-20,Tron-o-matic 2 Pro,LosAngeles_01,65.24,BIG_DEAL,
2024-11-20,Tron-o-matic 2 Pro,NewYork_01,65.24,BIG_DEAL,
2024-11-20,Tron-o-matic 2 Pro,NewYork_02,65.24,BIG_DEAL,
2024-11-20,Tron-o-matic 2 Pro,Chicago_01,65.24,BIG_DEAL,
2024-11-20,Tron-o-matic 2 Pro,Dallas_01,65.24,BIG_DEAL,
2024-11-20,Tron-o-matic 2 Pro,Houston_01,65.24,BIG_DEAL,
2024-11-20,Tron-o-matic 2 Pro,WashingtonDC_01,65.24,BIG_DEAL,
2024-11-20,Tron-o-matic 2 Pro,Atlanta_01,65.24,BIG_DEAL,
2024-11-20,Tron-o-matic 2 Pro,Philadelphia_01,65.24,BIG_DEAL,
2024-11-20,Tron-o-matic 3,Online_Store,60.0,None,
2024-11-20,Tron-o-matic 3,LosAngeles_01,60.0,None,
2024-11-20,Tron-o-matic 3,NewYork_01,60.0,None,
2024-11-20,Tron-o-matic 3,NewYork_02,60.0,None,
2024-11-20,Tron-o-matic 3,Chicago_01,60.0,None,
2024-11-20,Tron-o-matic 3,Dallas_01,60.0,None,
2024-11-20,Tron-o-matic 3,Houston_01,60.0,None,
2024-11-20,Tron-o-matic 3,WashingtonDC_01,60.0,None,
2024-11-20,Tron-o-matic 3,Atlanta_01,60.0,None,
2024-11-20,Tron-o-matic 3,Philadelphia_01,60.0,None,
2024-11-20,Tron-o-matic 3 Pro,Online_Store,82.14,SMALL_DEAL,
2024-11-20,Tron-o-matic 3 Pro,LosAngeles_01,82.14,SMALL_DEAL,
2024-11-20,Tron-o-matic 3 Pro,NewYork_01,82.14,SMALL_DEAL,
2024-11-20,Tron-o-matic 3 Pro,NewYork_02,82.14,SMALL_DEAL,
2024-11-20,Tron-o-matic 3 Pro,Chicago_01,82.14,SMALL_DEAL,
2024-11-20,Tron-o-matic 3 Pro,Dallas_01,82.14,SMALL_DEAL,
2024-11-20,Tron-o-matic 3 Pro,Houston_01,82.14,SMALL_DEAL,
2024-11-20,Tron-o-matic 3 Pro,WashingtonDC_01,82.14,SMALL_DEAL,
2024-11-20,Tron-o-matic 3 Pro,Atlanta_01,82.14,SMALL_DEAL,
2024-11-20,Tron-o-matic 3 Pro,Philadelphia_01,82.14,SMALL_DEAL,
2024-11-20,Tron-o-matic 4,Online_Store,75.0,None,
2024-11-20,Tron-o-matic 4,LosAngeles_01,75.0,None,
2024-11-20,Tron-o-matic 4,NewYork_01,75.0,None,
2024-11-20,Tron-o-matic 4,NewYork_02,75.0,None,
2024-11-20,Tron-o-matic 4,Chicago_01,75.0,None,
2024-11-20,Tron-o-matic 4,Dallas_01,75.0,None,
2024-11-20,Tron-o-matic 4,Houston_01,75.0,None,
2024-11-20,Tron-o-matic 4,WashingtonDC_01,75.0,None,
2024-11-20,Tron-o-matic 4,Atlanta_01,75.0,None,
2024-11-20,Tron-o-matic 4,Philadelphia_01,75.0,None,
2024-11-20,Tron-o-matic 4 Pro,Online_Store,70.45,BIG_DEAL,
2024-11-20,Tron-o-matic 4 Pro,LosAngeles_01,70.45,BIG_DEAL,
2024-11-20,Tron-o-matic 4 Pro,NewYork_01,70.45,BIG_DEAL,
2024-11-20,Tron-o-matic 4 Pro,NewYork_02,70.45,BIG_DEAL,
2024-11-20,Tron-o-matic 4 Pro,Chicago_01,70.45,BIG_DEAL,
2024-11-20,Tron-o-matic 4 Pro,Dallas_01,70.45,BIG_DEAL,
2024-11-20,Tron-o-matic 4 Pro,Houston_01,70.45,BIG_DEAL,
2024-11-20,Tron-o-matic 4 Pro,WashingtonDC_01,70.45,BIG_DEAL,
2024-11-20,Tron-o-matic 4 Pro,Atlanta_01,70.45,BIG_DEAL,
2024-11-20,Tron-o-matic 4 Pro,Philadelphia_01,70.45,BIG_DEAL,
2024-11-20,Tron-o-matic 5,Online_Store,70.0,SMALL_DEAL,
2024-11-20,Tron-o-matic 5,LosAngeles_01,70.0,SMALL_DEAL,
2024-11-20,Tron-o-matic 5,NewYork_01,70.0,SMALL_DEAL,
2024-11-20,Tron-o-matic 5,NewYork_02,70.0,SMALL_DEAL,
2024-11-20,Tron-o-matic 5,Chicago_01,70.0,SMALL_DEAL,
2024-11-20,Tron-o-matic 5,Dallas_01,70.0,SMALL_DEAL,
2024-11-20,Tron-o-matic 5,Houston_01,70.0,SMALL_DEAL,
2024-11-20,Tron-o-matic 5,WashingtonDC_01,70.0,SMALL_DEAL,
2024-11-20,Tron-o-matic 5,Atlanta_01,70.0,SMALL_DEAL,
2024-11-20,Tron-o-matic 5,Philadelphia_01,70.0,SMALL_DEAL,
2024-11-20,Tron-o-matic 5 Pro,Online_Store,84.91,BIG_DEAL,
2024-11-20,Tron-o-matic 5 Pro,LosAngeles_01,84.91,BIG_DEAL,
2024-11-20,Tron-o-matic 5 Pro,NewYork_01,84.91,BIG_DEAL,
2024-11-20,Tron-o-matic 5 Pro,NewYork_02,84.91,BIG_DEAL,
2024-11-20,Tron-o-matic 5 Pro,Chicago_01,84.91,BIG_DEAL,
2024-11-20,Tron-o-matic 5 Pro,Dallas_01,84.91,BIG_DEAL,
2024-11-20,Tron-o-matic 5 Pro,Houston_01,84.91,BIG_DEAL,
2024-11-20,Tron-o-matic 5 Pro,WashingtonDC_01,84.91,BIG_DEAL,
2024-11-20,Tron-o-matic 5 Pro,Atlanta_01,84.91,BIG_DEAL,
2024-11-20,Tron-o-matic 5 Pro,Philadelphia_01,84.91,BIG_DEAL,
2024-11-21,Tron-o-matic 1,Online_Store,60.0,None,
2024-11-21,Tron-o-matic 1,LosAngeles_01,60.0,None,
2024-11-21,Tron-o-matic 1,NewYork_01,60.0,None,
2024-11-21,Tron-o-matic 1,NewYork_02,60.0,None,
2024-11-21,Tron-o-matic 1,Chicago_01,60.0,None,
2024-11-21,Tron-o-matic 1,Dallas_01,60.0,None,
2024-11-21,Tron-o-matic 1,Houston_01,60.0,None,
2024-11-21,Tron-o-matic 1,WashingtonDC_01,60.0,None,
2024-11-21,Tron-o-matic 1,Atlanta_01,60.0,None,
2024-11-21,Tron-o-matic 1,Philadelphia_01,60.0,None,
2024-11-21,Tron-o-matic 1 Pro,Online_Store,80.0,None,
2024-11-21,Tron-o-matic 1 Pro,LosAngeles_01,80.0,None,
2024-11-21,Tron-o-matic 1 Pro,NewYork_01,80.0,None,
2024-11-21,Tron-o-matic 1 Pro,NewYork_02,80.0,None,
2024-11-21,Tron-o-matic 1 Pro,Chicago_01,80.0,None,
2024-11-21,Tron-o-matic 1 Pro,Dallas_01,80.0,None,
2024-11-21,Tron-o-matic 1 Pro,Houston_01,80.0,None,
2024-11-21,Tron-o-matic 1 Pro,WashingtonDC_01,80.0,None,
2024-11-21,Tron-o-matic 1 Pro,Atlanta_01,80.0,None,
2024-11-21,Tron-o-matic 1 Pro,Philadelphia_01,80.0,None,
2024-11-21,Tron-o-matic 2,Online_Store,55.0,None,
2024-11-21,Tron-o-matic 2,LosAngeles_01,55.0,None,
2024-11-21,Tron-o-matic 2,NewYork_01,55.0,None,
2024-11-21,Tron-o-matic 2,NewYork_02,55.0,None,
2024-11-21,Tron-o-matic 2,Chicago_01,55.0,None,
2024-11-21,Tron-o-matic 2,Dallas_01,55.0,None,
2024-11-21,Tron-o-matic 2,Houston_01,55.0,None,
2024-11-21,Tron-o-matic 2,WashingtonDC_01,55.0,None,
2024-11-21,Tron-o-matic 2,Atlanta_01,55.0,None,
2024-11-21,Tron-o-matic 2,Philadelphia_01,55.0,None,
2024-11-21,Tron-o-matic 2 Pro,Online_Store,85.0,None,
2024-11-21,Tron-o-matic 2 Pro,LosAngeles_01,85.0,None,
2024-11-21,Tron-o-matic 2 Pro,NewYork_01,85.0,None,
2024-11-21,Tron-o-matic 2 Pro,NewYork_02,85.0,None,
2024-11-21,Tron-o-matic 2 Pro,Chicago_01,85.0,None,
2024-11-21,Tron-o-matic 2 Pro,Dallas_01,85.0,None,
2024-11-21,Tron-o-matic 2 Pro,Houston_01,85.0,None,
2024-11-21,Tron-o-matic 2 Pro,WashingtonDC_01,85.0,None,
2024-11-21,Tron-o-matic 2 Pro,Atlanta_01,85.0,None,
2024-11-21,Tron-o-matic 2 Pro,Philadelphia_01,85.0,None,
2024-11-21,Tron-o-matic 3,Online_Store,47.27,BIG_DEAL,
2024-11-21,Tron-o-matic 3,LosAngeles_01,47.27,BIG_DEAL,
2024-11-21,Tron-o-matic 3,NewYork_01,47.27,BIG_DEAL,
2024-11-21,Tron-o-matic 3,NewYork_02,47.27,BIG_DEAL,
2024-11-21,Tron-o-matic 3,Chicago_01,47.27,BIG_DEAL,
2024-11-21,Tron-o-matic 3,Dallas_01,47.27,BIG_DEAL,
2024-11-21,Tron-o-matic 3,Houston_01,47.27,BIG_DEAL,
2024-11-21,Tron-o-matic 3,WashingtonDC_01,47.27,BIG_DEAL,
2024-11-21,Tron-o-matic 3,Atlanta_01,47.27,BIG_DEAL,
2024-11-21,Tron-o-matic 3,Philadelphia_01,47.27,BIG_DEAL,
2024-11-21,Tron-o-matic 3 Pro,Online_Store,67.73,BIG_DEAL,
2024-11-21,Tron-o-matic 3 Pro,LosAngeles_01,67.73,BIG_DEAL,
2024-11-21,Tron-o-matic 3 Pro,NewYork_01,67.73,BIG_DEAL,
2024-11-21,Tron-o-matic 3 Pro,NewYork_02,67.73,BIG_DEAL,
2024-11-21,Tron-o-matic 3 Pro,Chicago_01,67.73,BIG_DEAL,
2024-11-21,Tron-o-matic 3 Pro,Dallas_01,67.73,BIG_DEAL,
2024-11-21,Tron-o-matic 3 Pro,Houston_01,67.73,BIG_DEAL,
2024-11-21,Tron-o-matic 3 Pro,WashingtonDC_01,67.73,BIG_DEAL,
2024-11-21,Tron-o-matic 3 Pro,Atlanta_01,67.73,BIG_DEAL,
2024-11-21,Tron-o-matic 3 Pro,Philadelphia_01,67.73,BIG_DEAL,
2024-11-21,Tron-o-matic 4,Online_Store,67.75,SMALL_DEAL,
2024-11-21,Tron-o-matic 4,LosAngeles_01,67.75,SMALL_DEAL,
2024-11-21,Tron-o-matic 4,NewYork_01,67.75,SMALL_DEAL,
2024-11-21,Tron-o-matic 4,NewYork_02,67.75,SMALL_DEAL,
2024-11-21,Tron-o-matic 4,Chicago_01,67.75,SMALL_DEAL,
2024-11-21,Tron-o-matic 4,Dallas_01,67.75,SMALL_DEAL,
2024-11-21,Tron-o-matic 4,Houston_01,67.75,SMALL_DEAL,
2024-11-21,Tron-o-matic 4,WashingtonDC_01,67.75,SMALL_DEAL,
2024-11-21,Tron-o-matic 4,Atlanta_01,67.75,SMALL_DEAL,
2024-11-21,Tron-o-matic 4,Philadelphia_01,67.75,SMALL_DEAL,
2024-11-21,Tron-o-matic 4 Pro,Online_Store,100.0,None,
2024-11-21,Tron-o-matic 4 Pro,LosAngeles_01,100.0,None,
2024-11-21,Tron-o-matic 4 Pro,NewYork_01,100.0,None,
2024-11-21,Tron-o-matic 4 Pro,NewYork_02,100.0,None,
2024-11-21,Tron-o-matic 4 Pro,Chicago_01,100.0,None,
2024-11-21,Tron-o-matic 4 Pro,Dallas_01,100.0,None,
2024-11-21,Tron-o-matic 4 Pro,Houston_01,100.0,None,
2024-11-21,Tron-o-matic 4 Pro,WashingtonDC_01,100.0,None,
2024-11-21,Tron-o-matic 4 Pro,Atlanta_01,100.0,None,
2024-11-21,Tron-o-matic 4 Pro,Philadelphia_01,100.0,None,
2024-11-21,Tron-o-matic 5,Online_Store,69.25,SMALL_DEAL,
2024-11-21,Tron-o-matic 5,LosAngeles_01,69.25,SMALL_DEAL,
2024-11-21,Tron-o-matic 5,NewYork_01,69.25,SMALL_DEAL,
2024-11-21,Tron-o-matic 5,NewYork_02,69.25,SMALL_DEAL,
2024-11-21,Tron-o-matic 5,Chicago_01,69.25,SMALL_DEAL,
2024-11-21,Tron-o-matic 5,Dallas_01,69.25,SMALL_DEAL,
2024-11-21,Tron-o-matic 5,Houston_01,69.25,SMALL_DEAL,
2024-11-21,Tron-o-matic 5,WashingtonDC_01,69.25,SMALL_DEAL,
2024-11-21,Tron-o-matic 5,Atlanta_01,69.25,SMALL_DEAL,
2024-11-21,Tron-o-matic 5,Philadelphia_01,69.25,SMALL_DEAL,
2024-11-21,Tron-o-matic 5 Pro,Online_Store,110.0,None,
2024-11-21,Tron-o-matic 5 Pro,LosAngeles_01,110.0,None,
2024-11-21,Tron-o-matic 5 Pro,NewYork_01,110.0,None,
2024-11-21,Tron-o-matic 5 Pro,NewYork_02,110.0,None,
2024-11-21,Tron-o-matic 5 Pro,Chicago_01,110.0,None,
2024-11-21,Tron-o-matic 5 Pro,Dallas_01,110.0,None,
2024-11-21,Tron-o-matic 5 Pro,Houston_01,110.0,None,
2024-11-21,Tron-o-matic 5 Pro,WashingtonDC_01,110.0,None,
2024-11-21,Tron-o-matic 5 Pro,Atlanta_01,110.0,None,
2024-11-21,Tron-o-matic 5 Pro,Philadelphia_01,110.0,None,
2024-11-22,Tron-o-matic 1,Online_Store,55.97,SMALL_DEAL,
2024-11-22,Tron-o-matic 1,LosAngeles_01,55.97,SMALL_DEAL,
2024-11-22,Tron-o-matic 1,NewYork_01,55.97,SMALL_DEAL,
2024-11-22,Tron-o-matic 1,NewYork_02,55.97,SMALL_DEAL,
2024-11-22,Tron-o-matic 1,Chicago_01,55.97,SMALL_DEAL,
2024-11-22,Tron-o-matic 1,Dallas_01,55.97,SMALL_DEAL,
2024-11-22,Tron-o-matic 1,Houston_01,55.97,SMALL_DEAL,
2024-11-22,Tron-o-matic 1,WashingtonDC_01,55.97,SMALL_DEAL,
2024-11-22,Tron-o-matic 1,Atlanta_01,55.97,SMALL_DEAL,
2024-11-22,Tron-o-matic 1,Philadelphia_01,55.97,SMALL_DEAL,
2024-11-22,Tron-o-matic 1 Pro,Online_Store,61.72,BIG_DEAL,
2024-11-22,Tron-o-matic 1 Pro,LosAngeles_01,61.72,BIG_DEAL,
2024-11-22,Tron-o-matic 1 Pro,NewYork_01,61.72,BIG_DEAL,
2024-11-22,Tron-o-matic 1 Pro,NewYork_02,61.72,BIG_DEAL,
2024-11-22,Tron-o-matic 1 Pro,Chicago_01,61.72,BIG_DEAL,
2024-11-22,Tron-o-matic 1 Pro,Dallas_01,61.72,BIG_DEAL,
2024-11-22,Tron-o-matic 1 Pro,Houston_01,61.72,BIG_DEAL,
2024-11-22,Tron-o-matic 1 Pro,WashingtonDC_01,61.72,BIG_DEAL,
2024-11-22,Tron-o-matic 1 Pro,Atlanta_01,61.72,BIG_DEAL,
2024-11-22,Tron-o-matic 1 Pro,Philadelphia_01,61.72,BIG_DEAL,
2024-11-22,Tron-o-matic 2,Online_Store,41.67,BIG_DEAL,
2024-11-22,Tron-o-matic 2,LosAngeles_01,41.67,BIG_DEAL,
2024-11-22,Tron-o-matic 2,NewYork_01,41.67,BIG_DEAL,
2024-11-22,Tron-o-matic 2,NewYork_02,41.67,BIG_DEAL,
2024-11-22,Tron-o-matic 2,Chicago_01,41.67,BIG_DEAL,
2024-11-22,Tron-o-matic 2,Dallas_01,41.67,BIG_DEAL,
2024-11-22,Tron-o-matic 2,Houston_01,41.67,BIG_DEAL,
2024-11-22,Tron-o-matic 2,WashingtonDC_01,41.67,BIG_DEAL,
2024-11-22,Tron-o-matic 2,Atlanta_01,41.67,BIG_DEAL,
2024-11-22,Tron-o-matic 2,Philadelphia_01,41.67,BIG_DEAL,
2024-11-22,Tron-o-matic 2 Pro,Online_Store,62.69,BIG_DEAL,
2024-11-22,Tron-o-matic 2 Pro,LosAngeles_01,62.69,BIG_DEAL,
2024-11-22,Tron-o-matic 2 Pro,NewYork_01,62.69,BIG_DEAL,
2024-11-22,Tron-o-matic 2 Pro,NewYork_02,62.69,BIG_DEAL,
2024-11-22,Tron-o-matic 2 Pro,Chicago_01,62.69,BIG_DEAL,
2024-11-22,Tron-o-matic 2 Pro,Dallas_01,62.69,BIG_DEAL,
2024-11-22,Tron-o-matic 2 Pro,Houston_01,62.69,BIG_DEAL,
2024-11-22,Tron-o-matic 2 Pro,WashingtonDC_01,62.69,BIG_DEAL,
2024-11-22,Tron-o-matic 2 Pro,Atlanta_01,62.69,BIG_DEAL,
2024-11-22,Tron-o-matic 2 Pro,Philadelphia_01,62.69,BIG_DEAL,
2024-11-22,Tron-o-matic 3,Online_Store,60.0,None,
2024-11-22,Tron-o-matic 3,LosAngeles_01,60.0,None,
2024-11-22,Tron-o-matic 3,NewYork_01,60.0,None,
2024-11-22,Tron-o-matic 3,NewYork_02,60.0,None,
2024-11-22,Tron-o-matic 3,Chicago_01,60.0,None,
2024-11-22,Tron-o-matic 3,Dallas_01,60.0,None,
2024-11-22,Tron-o-matic 3,Houston_01,60.0,None,
2024-11-22,Tron-o-matic 3,WashingtonDC_01,60.0,None,
2024-11-22,Tron-o-matic 3,Atlanta_01,60.0,None,
2024-11-22,Tron-o-matic 3,Philadelphia_01,60.0,None,
2024-11-22,Tron-o-matic 3 Pro,Online_Store,84.33,SMALL_DEAL,
2024-11-22,Tron-o-matic 3 Pro,LosAngeles_01,84.33,SMALL_DEAL,
2024-11-22,Tron-o-matic 3 Pro,NewYork_01,84.33,SMALL_DEAL,
2024-11-22,Tron-o-matic 3 Pro,NewYork_02,84.33,SMALL_DEAL,
2024-11-22,Tron-o-matic 3 Pro,Chicago_01,84.33,SMALL_DEAL,
2024-11-22,Tron-o-matic 3 Pro,Dallas_01,84.33,SMALL_DEAL,
2024-11-22,Tron-o-matic 3 Pro,Houston_01,84.33,SMALL_DEAL,
2024-11-22,Tron-o-matic 3 Pro,WashingtonDC_01,84.33,SMALL_DEAL,
2024-11-22,Tron-o-matic 3 Pro,Atlanta_01,84.33,SMALL_DEAL,
2024-11-22,Tron-o-matic 3 Pro,Philadelphia_01,84.33,SMALL_DEAL,
2024-11-22,Tron-o-matic 4,Online_Store,75.0,None,
2024-11-22,Tron-o-matic 4,LosAngeles_01,75.0,None,
2024-11-22,Tron-o-matic 4,NewYork_01,75.0,None,
2024-11-22,Tron-o-matic 4,NewYork_02,75.0,None,
2024-11-22,Tron-o-matic 4,Chicago_01,75.0,None,
2024-11-22,Tron-o-matic 4,Dallas_01,75.0,None,
2024-11-22,Tron-o-matic 4,Houston_01,75.0,None,
2024-11-22,Tron-o-matic 4,WashingtonDC_01,75.0,None,
2024-11-22,Tron-o-matic 4,Atlanta_01,75.0,None,
2024-11-22,Tron-o-matic 4,Philadelphia_01,75.0,None,
2024-11-22,Tron-o-matic 4 Pro,Online_Store,100.0,None,
2024-11-22,Tron-o-matic 4 Pro,LosAngeles_01,100.0,None,
2024-11-22,Tron-o-matic 4 Pro,NewYork_01,100.0,None,
2024-11-22,Tron-o-matic 4 Pro,NewYork_02,100.0,None,
2024-11-22,Tron-o-matic 4 Pro,Chicago_01,100.0,None,
2024-11-22,Tron-o-matic 4 Pro,Dallas_01,100.0,None,
2024-11-22,Tron-o-matic 4 Pro,Houston_01,100.0,None,
2024-11-22,Tron-o-matic 4 Pro,WashingtonDC_01,100.0,None,
2024-11-22,Tron-o-matic 4 Pro,Atlanta_01,100.0,None,
2024-11-22,Tron-o-matic 4 Pro,Philadelphia_01,100.0,None,
2024-11-22,Tron-o-matic 5,Online_Store,61.31,BIG_DEAL,
2024-11-22,Tron-o-matic 5,LosAngeles_01,61.31,BIG_DEAL,
2024-11-22,Tron-o-matic 5,NewYork_01,61.31,BIG_DEAL,
2024-11-22,Tron-o-matic 5,NewYork_02,61.31,BIG_DEAL,
2024-11-22,Tron-o-matic 5,Chicago_01,61.31,BIG_DEAL,
2024-11-22,Tron-o-matic 5,Dallas_01,61.31,BIG_DEAL,
2024-11-22,Tron-o-matic 5,Houston_01,61.31,BIG_DEAL,
2024-11-22,Tron-o-matic 5,WashingtonDC_01,61.31,BIG_DEAL,
2024-11-22,Tron-o-matic 5,Atlanta_01,61.31,BIG_DEAL,
2024-11-22,Tron-o-matic 5,Philadelphia_01,61.31,BIG_DEAL,
2024-11-22,Tron-o-matic 5 Pro,Online_Store,110.0,None,
2024-11-22,Tron-o-matic 5 Pro,LosAngeles_01,110.0,None,
2024-11-22,Tron-o-matic 5 Pro,NewYork_01,110.0,None,
2024-11-22,Tron-o-matic 5 Pro,NewYork_02,110.0,None,
2024-11-22,Tron-o-matic 5 Pro,Chicago_01,110.0,None,
2024-11-22,Tron-o-matic 5 Pro,Dallas_01,110.0,None,
2024-11-22,Tron-o-matic 5 Pro,Houston_01,110.0,None,
2024-11-22,Tron-o-matic 5 Pro,WashingtonDC_01,110.0,None,
2024-11-22,Tron-o-matic 5 Pro,Atlanta_01,110.0,None,
2024-11-22,Tron-o-matic 5 Pro,Philadelphia_01,110.0,None,
2024-11-23,Tron-o-matic 1,Online_Store,60.0,None,
2024-11-23,Tron-o-matic 1,LosAngeles_01,60.0,None,
2024-11-23,Tron-o-matic 1,NewYork_01,60.0,None,
2024-11-23,Tron-o-matic 1,NewYork_02,60.0,None,
2024-11-23,Tron-o-matic 1,Chicago_01,60.0,None,
2024-11-23,Tron-o-matic 1,Dallas_01,60.0,None,
2024-11-23,Tron-o-matic 1,Houston_01,60.0,None,
2024-11-23,Tron-o-matic 1,WashingtonDC_01,60.0,None,
2024-11-23,Tron-o-matic 1,Atlanta_01,60.0,None,
2024-11-23,Tron-o-matic 1,Philadelphia_01,60.0,None,
2024-11-23,Tron-o-matic 1 Pro,Online_Store,80.0,None,
2024-11-23,Tron-o-matic 1 Pro,LosAngeles_01,80.0,None,
2024-11-23,Tron-o-matic 1 Pro,NewYork_01,80.0,None,
2024-11-23,Tron-o-matic 1 Pro,NewYork_02,80.0,None,
2024-11-23,Tron-o-matic 1 Pro,Chicago_01,80.0,None,
2024-11-23,Tron-o-matic 1 Pro,Dallas_01,80.0,None,
2024-11-23,Tron-o-matic 1 Pro,Houston_01,80.0,None,
2024-11-23,Tron-o-matic 1 Pro,WashingtonDC_01,80.0,None,
2024-11-23,Tron-o-matic 1 Pro,Atlanta_01,80.0,None,
2024-11-23,Tron-o-matic 1 Pro,Philadelphia_01,80.0,None,
2024-11-23,Tron-o-matic 2,Online_Store,55.0,None,
2024-11-23,Tron-o-matic 2,LosAngeles_01,55.0,None,
2024-11-23,Tron-o-matic 2,NewYork_01,55.0,None,
2024-11-23,Tron-o-matic 2,NewYork_02,55.0,None,
2024-11-23,Tron-o-matic 2,Chicago_01,55.0,None,
2024-11-23,Tron-o-matic 2,Dallas_01,55.0,None,
2024-11-23,Tron-o-matic 2,Houston_01,55.0,None,
2024-11-23,Tron-o-matic 2,WashingtonDC_01,55.0,None,
2024-11-23,Tron-o-matic 2,Atlanta_01,55.0,None,
2024-11-23,Tron-o-matic 2,Philadelphia_01,55.0,None,
2024-11-23,Tron-o-matic 2 Pro,Online_Store,67.51,BIG_DEAL,
2024-11-23,Tron-o-matic 2 Pro,LosAngeles_01,67.51,BIG_DEAL,
2024-11-23,Tron-o-matic 2 Pro,NewYork_01,67.51,BIG_DEAL,
2024-11-23,Tron-o-matic 2 Pro,NewYork_02,67.51,BIG_DEAL,
2024-11-23,Tron-o-matic 2 Pro,Chicago_01,67.51,BIG_DEAL,
2024-11-23,Tron-o-matic 2 Pro,Dallas_01,67.51,BIG_DEAL,
2024-11-23,Tron-o-matic 2 Pro,Houston_01,67.51,BIG_DEAL,
2024-11-23,Tron-o-matic 2 Pro,WashingtonDC_01,67.51,BIG_DEAL,
2024-11-23,Tron-o-matic 2 Pro,Atlanta_01,67.51,BIG_DEAL,
2024-11-23,Tron-o-matic 2 Pro,Philadelphia_01,67.51,BIG_DEAL,
2024-11-23,Tron-o-matic 3,Online_Store,60.0,None,
2024-11-23,Tron-o-matic 3,LosAngeles_01,60.0,None,
2024-11-23,Tron-o-matic 3,NewYork_01,60.0,None,
2024-11-23,Tron-o-matic 3,NewYork_02,60.0,None,
2024-11-23,Tron-o-matic 3,Chicago_01,60.0,None,
2024-11-23,Tron-o-matic 3,Dallas_01,60.0,None,
2024-11-23,Tron-o-matic 3,Houston_01,60.0,None,
2024-11-23,Tron-o-matic 3,WashingtonDC_01,60.0,None,
2024-11-23,Tron-o-matic 3,Atlanta_01,60.0,None,
2024-11-23,Tron-o-matic 3,Philadelphia_01,60.0,None,
2024-11-23,Tron-o-matic 3 Pro,Online_Store,90.0,None,
2024-11-23,Tron-o-matic 3 Pro,LosAngeles_01,90.0,None,
2024-11-23,Tron-o-matic 3 Pro,NewYork_01,90.0,None,
2024-11-23,Tron-o-matic 3 Pro,NewYork_02,90.0,None,
2024-11-23,Tron-o-matic 3 Pro,Chicago_01,90.0,None,
2024-11-23,Tron-o-matic 3 Pro,Dallas_01,90.0,None,
2024-11-23,Tron-o-matic 3 Pro,Houston_01,90.0,None,
2024-11-23,Tron-o-matic 3 Pro,WashingtonDC_01,90.0,None,
2024-11-23,Tron-o-matic 3 Pro,Atlanta_01,90.0,None,
2024-11-23,Tron-o-matic 3 Pro,Philadelphia_01,90.0,None,
2024-11-23,Tron-o-matic 4,Online_Store,75.0,None,
2024-11-23,Tron-o-matic 4,LosAngeles_01,75.0,None,
2024-11-23,Tron-o-matic 4,NewYork_01,75.0,None,
2024-11-23,Tron-o-matic 4,NewYork_02,75.0,None,
2024-11-23,Tron-o-matic 4,Chicago_01,75.0,None,
2024-11-23,Tron-o-matic 4,Dallas_01,75.0,None,
2024-11-23,Tron-o-matic 4,Houston_01,75.0,None,
2024-11-23,Tron-o-matic 4,WashingtonDC_01,75.0,None,
2024-11-23,Tron-o-matic 4,Atlanta_01,75.0,None,
2024-11-23,Tron-o-matic 4,Philadelphia_01,75.0,None,
2024-11-23,Tron-o-matic 4 Pro,Online_Store,100.0,None,
2024-11-23,Tron-o-matic 4 Pro,LosAngeles_01,100.0,None,
2024-11-23,Tron-o-matic 4 Pro,NewYork_01,100.0,None,
2024-11-23,Tron-o-matic 4 Pro,NewYork_02,100.0,None,
2024-11-23,Tron-o-matic 4 Pro,Chicago_01,100.0,None,
2024-11-23,Tron-o-matic 4 Pro,Dallas_01,100.0,None,
2024-11-23,Tron-o-matic 4 Pro,Houston_01,100.0,None,
2024-11-23,Tron-o-matic 4 Pro,WashingtonDC_01,100.0,None,
2024-11-23,Tron-o-matic 4 Pro,Atlanta_01,100.0,None,
2024-11-23,Tron-o-matic 4 Pro,Philadelphia_01,100.0,None,
2024-11-23,Tron-o-matic 5,Online_Store,80.0,None,
2024-11-23,Tron-o-matic 5,LosAngeles_01,80.0,None,
2024-11-23,Tron-o-matic 5,NewYork_01,80.0,None,
2024-11-23,Tron-o-matic 5,NewYork_02,80.0,None,
2024-11-23,Tron-o-matic 5,Chicago_01,80.0,None,
2024-11-23,Tron-o-matic 5,Dallas_01,80.0,None,
2024-11-23,Tron-o-matic 5,Houston_01,80.0,None,
2024-11-23,Tron-o-matic 5,WashingtonDC_01,80.0,None,
2024-11-23,Tron-o-matic 5,Atlanta_01,80.0,None,
2024-11-23,Tron-o-matic 5,Philadelphia_01,80.0,None,
2024-11-23,Tron-o-matic 5 Pro,Online_Store,99.72,SMALL_DEAL,
2024-11-23,Tron-o-matic 5 Pro,LosAngeles_01,99.72,SMALL_DEAL,
2024-11-23,Tron-o-matic 5 Pro,NewYork_01,99.72,SMALL_DEAL,
2024-11-23,Tron-o-matic 5 Pro,NewYork_02,99.72,SMALL_DEAL,
2024-11-23,Tron-o-matic 5 Pro,Chicago_01,99.72,SMALL_DEAL,
2024-11-23,Tron-o-matic 5 Pro,Dallas_01,99.72,SMALL_DEAL,
2024-11-23,Tron-o-matic 5 Pro,Houston_01,99.72,SMALL_DEAL,
2024-11-23,Tron-o-matic 5 Pro,WashingtonDC_01,99.72,SMALL_DEAL,
2024-11-23,Tron-o-matic 5 Pro,Atlanta_01,99.72,SMALL_DEAL,
2024-11-23,Tron-o-matic 5 Pro,Philadelphia_01,99.72,SMALL_DEAL,
2024-11-24,Tron-o-matic 1,Online_Store,42.44,BIG_DEAL,
2024-11-24,Tron-o-matic 1,LosAngeles_01,42.44,BIG_DEAL,
2024-11-24,Tron-o-matic 1,NewYork_01,42.44,BIG_DEAL,
2024-11-24,Tron-o-matic 1,NewYork_02,42.44,BIG_DEAL,
2024-11-24,Tron-o-matic 1,Chicago_01,42.44,BIG_DEAL,
2024-11-24,Tron-o-matic 1,Dallas_01,42.44,BIG_DEAL,
2024-11-24,Tron-o-matic 1,Houston_01,42.44,BIG_DEAL,
2024-11-24,Tron-o-matic 1,WashingtonDC_01,42.44,BIG_DEAL,
2024-11-24,Tron-o-matic 1,Atlanta_01,42.44,BIG_DEAL,
2024-11-24,Tron-o-matic 1,Philadelphia_01,42.44,BIG_DEAL,
2024-11-24,Tron-o-matic 1 Pro,Online_Store,80.0,None,
2024-11-24,Tron-o-matic 1 Pro,LosAngeles_01,80.0,None,
2024-11-24,Tron-o-matic 1 Pro,NewYork_01,80.0,None,
2024-11-24,Tron-o-matic 1 Pro,NewYork_02,80.0,None,
2024-11-24,Tron-o-matic 1 Pro,Chicago_01,80.0,None,
2024-11-24,Tron-o-matic 1 Pro,Dallas_01,80.0,None,
2024-11-24,Tron-o-matic 1 Pro,Houston_01,80.0,None,
2024-11-24,Tron-o-matic 1 Pro,WashingtonDC_01,80.0,None,
2024-11-24,Tron-o-matic 1 Pro,Atlanta_01,80.0,None,
2024-11-24,Tron-o-matic 1 Pro,Philadelphia_01,80.0,None,
2024-11-24,Tron-o-matic 2,Online_Store,55.0,None,
2024-11-24,Tron-o-matic 2,LosAngeles_01,55.0,None,
2024-11-24,Tron-o-matic 2,NewYork_01,55.0,None,
2024-11-24,Tron-o-matic 2,NewYork_02,55.0,None,
2024-11-24,Tron-o-matic 2,Chicago_01,55.0,None,
2024-11-24,Tron-o-matic 2,Dallas_01,55.0,None,
2024-11-24,Tron-o-matic 2,Houston_01,55.0,None,
2024-11-24,Tron-o-matic 2,WashingtonDC_01,55.0,None,
2024-11-24,Tron-o-matic 2,Atlanta_01,55.0,None,
2024-11-24,Tron-o-matic 2,Philadelphia_01,55.0,None,
2024-11-24,Tron-o-matic 2 Pro,Online_Store,74.82,SMALL_DEAL,
2024-11-24,Tron-o-matic 2 Pro,LosAngeles_01,74.82,SMALL_DEAL,
2024-11-24,Tron-o-matic 2 Pro,NewYork_01,74.82,SMALL_DEAL,
2024-11-24,Tron-o-matic 2 Pro,NewYork_02,74.82,SMALL_DEAL,
2024-11-24,Tron-o-matic 2 Pro,Chicago_01,74.82,SMALL_DEAL,
2024-11-24,Tron-o-matic 2 Pro,Dallas_01,74.82,SMALL_DEAL,
2024-11-24,Tron-o-matic 2 Pro,Houston_01,74.82,SMALL_DEAL,
2024-11-24,Tron-o-matic 2 Pro,WashingtonDC_01,74.82,SMALL_DEAL,
2024-11-24,Tron-o-matic 2 Pro,Atlanta_01,74.82,SMALL_DEAL,
2024-11-24,Tron-o-matic 2 Pro,Philadelphia_01,74.82,SMALL_DEAL,
2024-11-24,Tron-o-matic 3,Online_Store,54.58,SMALL_DEAL,
2024-11-24,Tron-o-matic 3,LosAngeles_01,54.58,SMALL_DEAL,
2024-11-24,Tron-o-matic 3,NewYork_01,54.58,SMALL_DEAL,
2024-11-24,Tron-o-matic 3,NewYork_02,54.58,SMALL_DEAL,
2024-11-24,Tron-o-matic 3,Chicago_01,54.58,SMALL_DEAL,
2024-11-24,Tron-o-matic 3,Dallas_01,54.58,SMALL_DEAL,
2024-11-24,Tron-o-matic 3,Houston_01,54.58,SMALL_DEAL,
2024-11-24,Tron-o-matic 3,WashingtonDC_01,54.58,SMALL_DEAL,
2024-11-24,Tron-o-matic 3,Atlanta_01,54.58,SMALL_DEAL,
2024-11-24,Tron-o-matic 3,Philadelphia_01,54.58,SMALL_DEAL,
2024-11-24,Tron-o-matic 3 Pro,Online_Store,90.0,None,
2024-11-24,Tron-o-matic 3 Pro,LosAngeles_01,90.0,None,
2024-11-24,Tron-o-matic 3 Pro,NewYork_01,90.0,None,
2024-11-24,Tron-o-matic 3 Pro,NewYork_02,90.0,None,
2024-11-24,Tron-o-matic 3 Pro,Chicago_01,90.0,None,
2024-11-24,Tron-o-matic 3 Pro,Dallas_01,90.0,None,
2024-11-24,Tron-o-matic 3 Pro,Houston_01,90.0,None,
2024-11-24,Tron-o-matic 3 Pro,WashingtonDC_01,90.0,None,
2024-11-24,Tron-o-matic 3 Pro,Atlanta_01,90.0,None,
2024-11-24,Tron-o-matic 3 Pro,Philadelphia_01,90.0,None,
2024-11-24,Tron-o-matic 4,Online_Store,75.0,None,
2024-11-24,Tron-o-matic 4,LosAngeles_01,75.0,None,
2024-11-24,Tron-o-matic 4,NewYork_01,75.0,None,
2024-11-24,Tron-o-matic 4,NewYork_02,75.0,None,
2024-11-24,Tron-o-matic 4,Chicago_01,75.0,None,
2024-11-24,Tron-o-matic 4,Dallas_01,75.0,None,
2024-11-24,Tron-o-matic 4,Houston_01,75.0,None,
2024-11-24,Tron-o-matic 4,WashingtonDC_01,75.0,None,
2024-11-24,Tron-o-matic 4,Atlanta_01,75.0,None,
2024-11-24,Tron-o-matic 4,Philadelphia_01,75.0,None,
2024-11-24,Tron-o-matic 4 Pro,Online_Store,100.0,None,
2024-11-24,Tron-o-matic 4 Pro,LosAngeles_01,100.0,None,
2024-11-24,Tron-o-matic 4 Pro,NewYork_01,100.0,None,
2024-11-24,Tron-o-matic 4 Pro,NewYork_02,100.0,None,
2024-11-24,Tron-o-matic 4 Pro,Chicago_01,100.0,None,
2024-11-24,Tron-o-matic 4 Pro,Dallas_01,100.0,None,
2024-11-24,Tron-o-matic 4 Pro,Houston_01,100.0,None,
2024-11-24,Tron-o-matic 4 Pro,WashingtonDC_01,100.0,None,
2024-11-24,Tron-o-matic 4 Pro,Atlanta_01,100.0,None,
2024-11-24,Tron-o-matic 4 Pro,Philadelphia_01,100.0,None,
2024-11-24,Tron-o-matic 5,Online_Store,74.75,SMALL_DEAL,
2024-11-24,Tron-o-matic 5,LosAngeles_01,74.75,SMALL_DEAL,
2024-11-24,Tron-o-matic 5,NewYork_01,74.75,SMALL_DEAL,
2024-11-24,Tron-o-matic 5,NewYork_02,74.75,SMALL_DEAL,
2024-11-24,Tron-o-matic 5,Chicago_01,74.75,SMALL_DEAL,
2024-11-24,Tron-o-matic 5,Dallas_01,74.75,SMALL_DEAL,
2024-11-24,Tron-o-matic 5,Houston_01,74.75,SMALL_DEAL,
2024-11-24,Tron-o-matic 5,WashingtonDC_01,74.75,SMALL_DEAL,
2024-11-24,Tron-o-matic 5,Atlanta_01,74.75,SMALL_DEAL,
2024-11-24,Tron-o-matic 5,Philadelphia_01,74.75,SMALL_DEAL,
2024-11-24,Tron-o-matic 5 Pro,Online_Store,80.52,BIG_DEAL,
2024-11-24,Tron-o-matic 5 Pro,LosAngeles_01,80.52,BIG_DEAL,
2024-11-24,Tron-o-matic 5 Pro,NewYork_01,80.52,BIG_DEAL,
2024-11-24,Tron-o-matic 5 Pro,NewYork_02,80.52,BIG_DEAL,
2024-11-24,Tron-o-matic 5 Pro,Chicago_01,80.52,BIG_DEAL,
2024-11-24,Tron-o-matic 5 Pro,Dallas_01,80.52,BIG_DEAL,
2024-11-24,Tron-o-matic 5 Pro,Houston_01,80.52,BIG_DEAL,
2024-11-24,Tron-o-matic 5 Pro,WashingtonDC_01,80.52,BIG_DEAL,
2024-11-24,Tron-o-matic 5 Pro,Atlanta_01,80.52,BIG_DEAL,
2024-11-24,Tron-o-matic 5 Pro,Philadelphia_01,80.52,BIG_DEAL,
2024-11-25,Tron-o-matic 1,Online_Store,60.0,None,
2024-11-25,Tron-o-matic 1,LosAngeles_01,60.0,None,
2024-11-25,Tron-o-matic 1,NewYork_01,60.0,None,
2024-11-25,Tron-o-matic 1,NewYork_02,60.0,None,
2024-11-25,Tron-o-matic 1,Chicago_01,60.0,None,
2024-11-25,Tron-o-matic 1,Dallas_01,60.0,None,
2024-11-25,Tron-o-matic 1,Houston_01,60.0,None,
2024-11-25,Tron-o-matic 1,WashingtonDC_01,60.0,None,
2024-11-25,Tron-o-matic 1,Atlanta_01,60.0,None,
2024-11-25,Tron-o-matic 1,Philadelphia_01,60.0,None,
2024-11-25,Tron-o-matic 1 Pro,Online_Store,80.0,None,
2024-11-25,Tron-o-matic 1 Pro,LosAngeles_01,80.0,None,
2024-11-25,Tron-o-matic 1 Pro,NewYork_01,80.0,None,
2024-11-25,Tron-o-matic 1 Pro,NewYork_02,80.0,None,
2024-11-25,Tron-o-matic 1 Pro,Chicago_01,80.0,None,
2024-11-25,Tron-o-matic 1 Pro,Dallas_01,80.0,None,
2024-11-25,Tron-o-matic 1 Pro,Houston_01,80.0,None,
2024-11-25,Tron-o-matic 1 Pro,WashingtonDC_01,80.0,None,
2024-11-25,Tron-o-matic 1 Pro,Atlanta_01,80.0,None,
2024-11-25,Tron-o-matic 1 Pro,Philadelphia_01,80.0,None,
2024-11-25,Tron-o-matic 2,Online_Store,55.0,None,
2024-11-25,Tron-o-matic 2,LosAngeles_01,55.0,None,
2024-11-25,Tron-o-matic 2,NewYork_01,55.0,None,
2024-11-25,Tron-o-matic 2,NewYork_02,55.0,None,
2024-11-25,Tron-o-matic 2,Chicago_01,55.0,None,
2024-11-25,Tron-o-matic 2,Dallas_01,55.0,None,
2024-11-25,Tron-o-matic 2,Houston_01,55.0,None,
2024-11-25,Tron-o-matic 2,WashingtonDC_01,55.0,None,
2024-11-25,Tron-o-matic 2,Atlanta_01,55.0,None,
2024-11-25,Tron-o-matic 2,Philadelphia_01,55.0,None,
2024-11-25,Tron-o-matic 2 Pro,Online_Store,66.57,BIG_DEAL,
2024-11-25,Tron-o-matic 2 Pro,LosAngeles_01,66.57,BIG_DEAL,
2024-11-25,Tron-o-matic 2 Pro,NewYork_01,66.57,BIG_DEAL,
2024-11-25,Tron-o-matic 2 Pro,NewYork_02,66.57,BIG_DEAL,
2024-11-25,Tron-o-matic 2 Pro,Chicago_01,66.57,BIG_DEAL,
2024-11-25,Tron-o-matic 2 Pro,Dallas_01,66.57,BIG_DEAL,
2024-11-25,Tron-o-matic 2 Pro,Houston_01,66.57,BIG_DEAL,
2024-11-25,Tron-o-matic 2 Pro,WashingtonDC_01,66.57,BIG_DEAL,
2024-11-25,Tron-o-matic 2 Pro,Atlanta_01,66.57,BIG_DEAL,
2024-11-25,Tron-o-matic 2 Pro,Philadelphia_01,66.57,BIG_DEAL,
2024-11-25,Tron-o-matic 3,Online_Store,60.0,None,
2024-11-25,Tron-o-matic 3,LosAngeles_01,60.0,None,
2024-11-25,Tron-o-matic 3,NewYork_01,60.0,None,
2024-11-25,Tron-o-matic 3,NewYork_02,60.0,None,
2024-11-25,Tron-o-matic 3,Chicago_01,60.0,None,
2024-11-25,Tron-o-matic 3,Dallas_01,60.0,None,
2024-11-25,Tron-o-matic 3,Houston_01,60.0,None,
2024-11-25,Tron-o-matic 3,WashingtonDC_01,60.0,None,
2024-11-25,Tron-o-matic 3,Atlanta_01,60.0,None,
2024-11-25,Tron-o-matic 3,Philadelphia_01,60.0,None,
2024-11-25,Tron-o-matic 3 Pro,Online_Store,90.0,None,
2024-11-25,Tron-o-matic 3 Pro,LosAngeles_01,90.0,None,
2024-11-25,Tron-o-matic 3 Pro,NewYork_01,90.0,None,
2024-11-25,Tron-o-matic 3 Pro,NewYork_02,90.0,None,
2024-11-25,Tron-o-matic 3 Pro,Chicago_01,90.0,None,
2024-11-25,Tron-o-matic 3 Pro,Dallas_01,90.0,None,
2024-11-25,Tron-o-matic 3 Pro,Houston_01,90.0,None,
2024-11-25,Tron-o-matic 3 Pro,WashingtonDC_01,90.0,None,
2024-11-25,Tron-o-matic 3 Pro,Atlanta_01,90.0,None,
2024-11-25,Tron-o-matic 3 Pro,Philadelphia_01,90.0,None,
2024-11-25,Tron-o-matic 4,Online_Store,75.0,None,
2024-11-25,Tron-o-matic 4,LosAngeles_01,75.0,None,
2024-11-25,Tron-o-matic 4,NewYork_01,75.0,None,
2024-11-25,Tron-o-matic 4,NewYork_02,75.0,None,
2024-11-25,Tron-o-matic 4,Chicago_01,75.0,None,
2024-11-25,Tron-o-matic 4,Dallas_01,75.0,None,
2024-11-25,Tron-o-matic 4,Houston_01,75.0,None,
2024-11-25,Tron-o-matic 4,WashingtonDC_01,75.0,None,
2024-11-25,Tron-o-matic 4,Atlanta_01,75.0,None,
2024-11-25,Tron-o-matic 4,Philadelphia_01,75.0,None,
2024-11-25,Tron-o-matic 4 Pro,Online_Store,72.87,BIG_DEAL,
2024-11-25,Tron-o-matic 4 Pro,LosAngeles_01,72.87,BIG_DEAL,
2024-11-25,Tron-o-matic 4 Pro,NewYork_01,72.87,BIG_DEAL,
2024-11-25,Tron-o-matic 4 Pro,NewYork_02,72.87,BIG_DEAL,
2024-11-25,Tron-o-matic 4 Pro,Chicago_01,72.87,BIG_DEAL,
2024-11-25,Tron-o-matic 4 Pro,Dallas_01,72.87,BIG_DEAL,
2024-11-25,Tron-o-matic 4 Pro,Houston_01,72.87,BIG_DEAL,
2024-11-25,Tron-o-matic 4 Pro,WashingtonDC_01,72.87,BIG_DEAL,
2024-11-25,Tron-o-matic 4 Pro,Atlanta_01,72.87,BIG_DEAL,
2024-11-25,Tron-o-matic 4 Pro,Philadelphia_01,72.87,BIG_DEAL,
2024-11-25,Tron-o-matic 5,Online_Store,80.0,None,
2024-11-25,Tron-o-matic 5,LosAngeles_01,80.0,None,
2024-11-25,Tron-o-matic 5,NewYork_01,80.0,None,
2024-11-25,Tron-o-matic 5,NewYork_02,80.0,None,
2024-11-25,Tron-o-matic 5,Chicago_01,80.0,None,
2024-11-25,Tron-o-matic 5,Dallas_01,80.0,None,
2024-11-25,Tron-o-matic 5,Houston_01,80.0,None,
2024-11-25,Tron-o-matic 5,WashingtonDC_01,80.0,None,
2024-11-25,Tron-o-matic 5,Atlanta_01,80.0,None,
2024-11-25,Tron-o-matic 5,Philadelphia_01,80.0,None,
2024-11-25,Tron-o-matic 5 Pro,Online_Store,110.0,None,
2024-11-25,Tron-o-matic 5 Pro,LosAngeles_01,110.0,None,
2024-11-25,Tron-o-matic 5 Pro,NewYork_01,110.0,None,
2024-11-25,Tron-o-matic 5 Pro,NewYork_02,110.0,None,
2024-11-25,Tron-o-matic 5 Pro,Chicago_01,110.0,None,
2024-11-25,Tron-o-matic 5 Pro,Dallas_01,110.0,None,
2024-11-25,Tron-o-matic 5 Pro,Houston_01,110.0,None,
2024-11-25,Tron-o-matic 5 Pro,WashingtonDC_01,110.0,None,
2024-11-25,Tron-o-matic 5 Pro,Atlanta_01,110.0,None,
2024-11-25,Tron-o-matic 5 Pro,Philadelphia_01,110.0,None,
2024-11-26,Tron-o-matic 1,Online_Store,60.0,None,
2024-11-26,Tron-o-matic 1,LosAngeles_01,60.0,None,
2024-11-26,Tron-o-matic 1,NewYork_01,60.0,None,
2024-11-26,Tron-o-matic 1,NewYork_02,60.0,None,
2024-11-26,Tron-o-matic 1,Chicago_01,60.0,None,
2024-11-26,Tron-o-matic 1,Dallas_01,60.0,None,
2024-11-26,Tron-o-matic 1,Houston_01,60.0,None,
2024-11-26,Tron-o-matic 1,WashingtonDC_01,60.0,None,
2024-11-26,Tron-o-matic 1,Atlanta_01,60.0,None,
2024-11-26,Tron-o-matic 1,Philadelphia_01,60.0,None,
2024-11-26,Tron-o-matic 1 Pro,Online_Store,80.0,None,
2024-11-26,Tron-o-matic 1 Pro,LosAngeles_01,80.0,None,
2024-11-26,Tron-o-matic 1 Pro,NewYork_01,80.0,None,
2024-11-26,Tron-o-matic 1 Pro,NewYork_02,80.0,None,
2024-11-26,Tron-o-matic 1 Pro,Chicago_01,80.0,None,
2024-11-26,Tron-o-matic 1 Pro,Dallas_01,80.0,None,
2024-11-26,Tron-o-matic 1 Pro,Houston_01,80.0,None,
2024-11-26,Tron-o-matic 1 Pro,WashingtonDC_01,80.0,None,
2024-11-26,Tron-o-matic 1 Pro,Atlanta_01,80.0,None,
2024-11-26,Tron-o-matic 1 Pro,Philadelphia_01,80.0,None,
2024-11-26,Tron-o-matic 2,Online_Store,55.0,None,
2024-11-26,Tron-o-matic 2,LosAngeles_01,55.0,None,
2024-11-26,Tron-o-matic 2,NewYork_01,55.0,None,
2024-11-26,Tron-o-matic 2,NewYork_02,55.0,None,
2024-11-26,Tron-o-matic 2,Chicago_01,55.0,None,
2024-11-26,Tron-o-matic 2,Dallas_01,55.0,None,
2024-11-26,Tron-o-matic 2,Houston_01,55.0,None,
2024-11-26,Tron-o-matic 2,WashingtonDC_01,55.0,None,
2024-11-26,Tron-o-matic 2,Atlanta_01,55.0,None,
2024-11-26,Tron-o-matic 2,Philadelphia_01,55.0,None,
2024-11-26,Tron-o-matic 2 Pro,Online_Store,78.74,SMALL_DEAL,
2024-11-26,Tron-o-matic 2 Pro,LosAngeles_01,78.74,SMALL_DEAL,
2024-11-26,Tron-o-matic 2 Pro,NewYork_01,78.74,SMALL_DEAL,
2024-11-26,Tron-o-matic 2 Pro,NewYork_02,78.74,SMALL_DEAL,
2024-11-26,Tron-o-matic 2 Pro,Chicago_01,78.74,SMALL_DEAL,
2024-11-26,Tron-o-matic 2 Pro,Dallas_01,78.74,SMALL_DEAL,
2024-11-26,Tron-o-matic 2 Pro,Houston_01,78.74,SMALL_DEAL,
2024-11-26,Tron-o-matic 2 Pro,WashingtonDC_01,78.74,SMALL_DEAL,
2024-11-26,Tron-o-matic 2 Pro,Atlanta_01,78.74,SMALL_DEAL,
2024-11-26,Tron-o-matic 2 Pro,Philadelphia_01,78.74,SMALL_DEAL,
2024-11-26,Tron-o-matic 3,Online_Store,60.0,None,
2024-11-26,Tron-o-matic 3,LosAngeles_01,60.0,None,
2024-11-26,Tron-o-matic 3,NewYork_01,60.0,None,
2024-11-26,Tron-o-matic 3,NewYork_02,60.0,None,
2024-11-26,Tron-o-matic 3,Chicago_01,60.0,None,
2024-11-26,Tron-o-matic 3,Dallas_01,60.0,None,
2024-11-26,Tron-o-matic 3,Houston_01,60.0,None,
2024-11-26,Tron-o-matic 3,WashingtonDC_01,60.0,None,
2024-11-26,Tron-o-matic 3,Atlanta_01,60.0,None,
2024-11-26,Tron-o-matic 3,Philadelphia_01,60.0,None,
2024-11-26,Tron-o-matic 3 Pro,Online_Store,83.46,SMALL_DEAL,
2024-11-26,Tron-o-matic 3 Pro,LosAngeles_01,83.46,SMALL_DEAL,
2024-11-26,Tron-o-matic 3 Pro,NewYork_01,83.46,SMALL_DEAL,
2024-11-26,Tron-o-matic 3 Pro,NewYork_02,83.46,SMALL_DEAL,
2024-11-26,Tron-o-matic 3 Pro,Chicago_01,83.46,SMALL_DEAL,
2024-11-26,Tron-o-matic 3 Pro,Dallas_01,83.46,SMALL_DEAL,
2024-11-26,Tron-o-matic 3 Pro,Houston_01,83.46,SMALL_DEAL,
2024-11-26,Tron-o-matic 3 Pro,WashingtonDC_01,83.46,SMALL_DEAL,
2024-11-26,Tron-o-matic 3 Pro,Atlanta_01,83.46,SMALL_DEAL,
2024-11-26,Tron-o-matic 3 Pro,Philadelphia_01,83.46,SMALL_DEAL,
2024-11-26,Tron-o-matic 4,Online_Store,53.07,BIG_DEAL,
2024-11-26,Tron-o-matic 4,LosAngeles_01,53.07,BIG_DEAL,
2024-11-26,Tron-o-matic 4,NewYork_01,53.07,BIG_DEAL,
2024-11-26,Tron-o-matic 4,NewYork_02,53.07,BIG_DEAL,
2024-11-26,Tron-o-matic 4,Chicago_01,53.07,BIG_DEAL,
2024-11-26,Tron-o-matic 4,Dallas_01,53.07,BIG_DEAL,
2024-11-26,Tron-o-matic 4,Houston_01,53.07,BIG_DEAL,
2024-11-26,Tron-o-matic 4,WashingtonDC_01,53.07,BIG_DEAL,
2024-11-26,Tron-o-matic 4,Atlanta_01,53.07,BIG_DEAL,
2024-11-26,Tron-o-matic 4,Philadelphia_01,53.07,BIG_DEAL,
2024-11-26,Tron-o-matic 4 Pro,Online_Store,100.0,None,
2024-11-26,Tron-o-matic 4 Pro,LosAngeles_01,100.0,None,
2024-11-26,Tron-o-matic 4 Pro,NewYork_01,100.0,None,
2024-11-26,Tron-o-matic 4 Pro,NewYork_02,100.0,None,
2024-11-26,Tron-o-matic 4 Pro,Chicago_01,100.0,None,
2024-11-26,Tron-o-matic 4 Pro,Dallas_01,100.0,None,
2024-11-26,Tron-o-matic 4 Pro,Houston_01,100.0,None,
2024-11-26,Tron-o-matic 4 Pro,WashingtonDC_01,100.0,None,
2024-11-26,Tron-o-matic 4 Pro,Atlanta_01,100.0,None,
2024-11-26,Tron-o-matic 4 Pro,Philadelphia_01,100.0,None,
2024-11-26,Tron-o-matic 5,Online_Store,74.25,SMALL_DEAL,
2024-11-26,Tron-o-matic 5,LosAngeles_01,74.25,SMALL_DEAL,
2024-11-26,Tron-o-matic 5,NewYork_01,74.25,SMALL_DEAL,
2024-11-26,Tron-o-matic 5,NewYork_02,74.25,SMALL_DEAL,
2024-11-26,Tron-o-matic 5,Chicago_01,74.25,SMALL_DEAL,
2024-11-26,Tron-o-matic 5,Dallas_01,74.25,SMALL_DEAL,
2024-11-26,Tron-o-matic 5,Houston_01,74.25,SMALL_DEAL,
2024-11-26,Tron-o-matic 5,WashingtonDC_01,74.25,SMALL_DEAL,
2024-11-26,Tron-o-matic 5,Atlanta_01,74.25,SMALL_DEAL,
2024-11-26,Tron-o-matic 5,Philadelphia_01,74.25,SMALL_DEAL,
2024-11-26,Tron-o-matic 5 Pro,Online_Store,110.0,None,
2024-11-26,Tron-o-matic 5 Pro,LosAngeles_01,110.0,None,
2024-11-26,Tron-o-matic 5 Pro,NewYork_01,110.0,None,
2024-11-26,Tron-o-matic 5 Pro,NewYork_02,110.0,None,
2024-11-26,Tron-o-matic 5 Pro,Chicago_01,110.0,None,
2024-11-26,Tron-o-matic 5 Pro,Dallas_01,110.0,None,
2024-11-26,Tron-o-matic 5 Pro,Houston_01,110.0,None,
2024-11-26,Tron-o-matic 5 Pro,WashingtonDC_01,110.0,None,
2024-11-26,Tron-o-matic 5 Pro,Atlanta_01,110.0,None,
2024-11-26,Tron-o-matic 5 Pro,Philadelphia_01,110.0,None,
2024-11-27,Tron-o-matic 1,Online_Store,53.51,SMALL_DEAL,
2024-11-27,Tron-o-matic 1,LosAngeles_01,53.51,SMALL_DEAL,
2024-11-27,Tron-o-matic 1,NewYork_01,53.51,SMALL_DEAL,
2024-11-27,Tron-o-matic 1,NewYork_02,53.51,SMALL_DEAL,
2024-11-27,Tron-o-matic 1,Chicago_01,53.51,SMALL_DEAL,
2024-11-27,Tron-o-matic 1,Dallas_01,53.51,SMALL_DEAL,
2024-11-27,Tron-o-matic 1,Houston_01,53.51,SMALL_DEAL,
2024-11-27,Tron-o-matic 1,WashingtonDC_01,53.51,SMALL_DEAL,
2024-11-27,Tron-o-matic 1,Atlanta_01,53.51,SMALL_DEAL,
2024-11-27,Tron-o-matic 1,Philadelphia_01,53.51,SMALL_DEAL,
2024-11-27,Tron-o-matic 1 Pro,Online_Store,80.0,None,
2024-11-27,Tron-o-matic 1 Pro,LosAngeles_01,80.0,None,
2024-11-27,Tron-o-matic 1 Pro,NewYork_01,80.0,None,
2024-11-27,Tron-o-matic 1 Pro,NewYork_02,80.0,None,
2024-11-27,Tron-o-matic 1 Pro,Chicago_01,80.0,None,
2024-11-27,Tron-o-matic 1 Pro,Dallas_01,80.0,None,
2024-11-27,Tron-o-matic 1 Pro,Houston_01,80.0,None,
2024-11-27,Tron-o-matic 1 Pro,WashingtonDC_01,80.0,None,
2024-11-27,Tron-o-matic 1 Pro,Atlanta_01,80.0,None,
2024-11-27,Tron-o-matic 1 Pro,Philadelphia_01,80.0,None,
2024-11-27,Tron-o-matic 2,Online_Store,49.51,SMALL_DEAL,
2024-11-27,Tron-o-matic 2,LosAngeles_01,49.51,SMALL_DEAL,
2024-11-27,Tron-o-matic 2,NewYork_01,49.51,SMALL_DEAL,
2024-11-27,Tron-o-matic 2,NewYork_02,49.51,SMALL_DEAL,
2024-11-27,Tron-o-matic 2,Chicago_01,49.51,SMALL_DEAL,
2024-11-27,Tron-o-matic 2,Dallas_01,49.51,SMALL_DEAL,
2024-11-27,Tron-o-matic 2,Houston_01,49.51,SMALL_DEAL,
2024-11-27,Tron-o-matic 2,WashingtonDC_01,49.51,SMALL_DEAL,
2024-11-27,Tron-o-matic 2,Atlanta_01,49.51,SMALL_DEAL,
2024-11-27,Tron-o-matic 2,Philadelphia_01,49.51,SMALL_DEAL,
2024-11-27,Tron-o-matic 2 Pro,Online_Store,85.0,None,
2024-11-27,Tron-o-matic 2 Pro,LosAngeles_01,85.0,None,
2024-11-27,Tron-o-matic 2 Pro,NewYork_01,85.0,None,
2024-11-27,Tron-o-matic 2 Pro,NewYork_02,85.0,None,
2024-11-27,Tron-o-matic 2 Pro,Chicago_01,85.0,None,
2024-11-27,Tron-o-matic 2 Pro,Dallas_01,85.0,None,
2024-11-27,Tron-o-matic 2 Pro,Houston_01,85.0,None,
2024-11-27,Tron-o-matic 2 Pro,WashingtonDC_01,85.0,None,
2024-11-27,Tron-o-matic 2 Pro,Atlanta_01,85.0,None,
2024-11-27,Tron-o-matic 2 Pro,Philadelphia_01,85.0,None,
2024-11-27,Tron-o-matic 3,Online_Store,54.4,SMALL_DEAL,
2024-11-27,Tron-o-matic 3,LosAngeles_01,54.4,SMALL_DEAL,
2024-11-27,Tron-o-matic 3,NewYork_01,54.4,SMALL_DEAL,
2024-11-27,Tron-o-matic 3,NewYork_02,54.4,SMALL_DEAL,
2024-11-27,Tron-o-matic 3,Chicago_01,54.4,SMALL_DEAL,
2024-11-27,Tron-o-matic 3,Dallas_01,54.4,SMALL_DEAL,
2024-11-27,Tron-o-matic 3,Houston_01,54.4,SMALL_DEAL,
2024-11-27,Tron-o-matic 3,WashingtonDC_01,54.4,SMALL_DEAL,
2024-11-27,Tron-o-matic 3,Atlanta_01,54.4,SMALL_DEAL,
2024-11-27,Tron-o-matic 3,Philadelphia_01,54.4,SMALL_DEAL,
2024-11-27,Tron-o-matic 3 Pro,Online_Store,67.3,BIG_DEAL,
2024-11-27,Tron-o-matic 3 Pro,LosAngeles_01,67.3,BIG_DEAL,
2024-11-27,Tron-o-matic 3 Pro,NewYork_01,67.3,BIG_DEAL,
2024-11-27,Tron-o-matic 3 Pro,NewYork_02,67.3,BIG_DEAL,
2024-11-27,Tron-o-matic 3 Pro,Chicago_01,67.3,BIG_DEAL,
2024-11-27,Tron-o-matic 3 Pro,Dallas_01,67.3,BIG_DEAL,
2024-11-27,Tron-o-matic 3 Pro,Houston_01,67.3,BIG_DEAL,
2024-11-27,Tron-o-matic 3 Pro,WashingtonDC_01,67.3,BIG_DEAL,
2024-11-27,Tron-o-matic 3 Pro,Atlanta_01,67.3,BIG_DEAL,
2024-11-27,Tron-o-matic 3 Pro,Philadelphia_01,67.3,BIG_DEAL,
2024-11-27,Tron-o-matic 4,Online_Store,75.0,None,
2024-11-27,Tron-o-matic 4,LosAngeles_01,75.0,None,
2024-11-27,Tron-o-matic 4,NewYork_01,75.0,None,
2024-11-27,Tron-o-matic 4,NewYork_02,75.0,None,
2024-11-27,Tron-o-matic 4,Chicago_01,75.0,None,
2024-11-27,Tron-o-matic 4,Dallas_01,75.0,None,
2024-11-27,Tron-o-matic 4,Houston_01,75.0,None,
2024-11-27,Tron-o-matic 4,WashingtonDC_01,75.0,None,
2024-11-27,Tron-o-matic 4,Atlanta_01,75.0,None,
2024-11-27,Tron-o-matic 4,Philadelphia_01,75.0,None,
2024-11-27,Tron-o-matic 4 Pro,Online_Store,100.0,None,
2024-11-27,Tron-o-matic 4 Pro,LosAngeles_01,100.0,None,
2024-11-27,Tron-o-matic 4 Pro,NewYork_01,100.0,None,
2024-11-27,Tron-o-matic 4 Pro,NewYork_02,100.0,None,
2024-11-27,Tron-o-matic 4 Pro,Chicago_01,100.0,None,
2024-11-27,Tron-o-matic 4 Pro,Dallas_01,100.0,None,
2024-11-27,Tron-o-matic 4 Pro,Houston_01,100.0,None,
2024-11-27,Tron-o-matic 4 Pro,WashingtonDC_01,100.0,None,
2024-11-27,Tron-o-matic 4 Pro,Atlanta_01,100.0,None,
2024-11-27,Tron-o-matic 4 Pro,Philadelphia_01,100.0,None,
2024-11-27,Tron-o-matic 5,Online_Store,69.48,SMALL_DEAL,
2024-11-27,Tron-o-matic 5,LosAngeles_01,69.48,SMALL_DEAL,
2024-11-27,Tron-o-matic 5,NewYork_01,69.48,SMALL_DEAL,
2024-11-27,Tron-o-matic 5,NewYork_02,69.48,SMALL_DEAL,
2024-11-27,Tron-o-matic 5,Chicago_01,69.48,SMALL_DEAL,
2024-11-27,Tron-o-matic 5,Dallas_01,69.48,SMALL_DEAL,
2024-11-27,Tron-o-matic 5,Houston_01,69.48,SMALL_DEAL,
2024-11-27,Tron-o-matic 5,WashingtonDC_01,69.48,SMALL_DEAL,
2024-11-27,Tron-o-matic 5,Atlanta_01,69.48,SMALL_DEAL,
2024-11-27,Tron-o-matic 5,Philadelphia_01,69.48,SMALL_DEAL,
2024-11-27,Tron-o-matic 5 Pro,Online_Store,78.62,BIG_DEAL,
2024-11-27,Tron-o-matic 5 Pro,LosAngeles_01,78.62,BIG_DEAL,
2024-11-27,Tron-o-matic 5 Pro,NewYork_01,78.62,BIG_DEAL,
2024-11-27,Tron-o-matic 5 Pro,NewYork_02,78.62,BIG_DEAL,
2024-11-27,Tron-o-matic 5 Pro,Chicago_01,78.62,BIG_DEAL,
2024-11-27,Tron-o-matic 5 Pro,Dallas_01,78.62,BIG_DEAL,
2024-11-27,Tron-o-matic 5 Pro,Houston_01,78.62,BIG_DEAL,
2024-11-27,Tron-o-matic 5 Pro,WashingtonDC_01,78.62,BIG_DEAL,
2024-11-27,Tron-o-matic 5 Pro,Atlanta_01,78.62,BIG_DEAL,
2024-11-27,Tron-o-matic 5 Pro,Philadelphia_01,78.62,BIG_DEAL,
2024-11-28,Tron-o-matic 1,Online_Store,51.33,SMALL_DEAL,
2024-11-28,Tron-o-matic 1,LosAngeles_01,51.33,SMALL_DEAL,
2024-11-28,Tron-o-matic 1,NewYork_01,51.33,SMALL_DEAL,
2024-11-28,Tron-o-matic 1,NewYork_02,51.33,SMALL_DEAL,
2024-11-28,Tron-o-matic 1,Chicago_01,51.33,SMALL_DEAL,
2024-11-28,Tron-o-matic 1,Dallas_01,51.33,SMALL_DEAL,
2024-11-28,Tron-o-matic 1,Houston_01,51.33,SMALL_DEAL,
2024-11-28,Tron-o-matic 1,WashingtonDC_01,51.33,SMALL_DEAL,
2024-11-28,Tron-o-matic 1,Atlanta_01,51.33,SMALL_DEAL,
2024-11-28,Tron-o-matic 1,Philadelphia_01,51.33,SMALL_DEAL,
2024-11-28,Tron-o-matic 1 Pro,Online_Store,73.86,SMALL_DEAL,
2024-11-28,Tron-o-matic 1 Pro,LosAngeles_01,73.86,SMALL_DEAL,
2024-11-28,Tron-o-matic 1 Pro,NewYork_01,73.86,SMALL_DEAL,
2024-11-28,Tron-o-matic 1 Pro,NewYork_02,73.86,SMALL_DEAL,
2024-11-28,Tron-o-matic 1 Pro,Chicago_01,73.86,SMALL_DEAL,
2024-11-28,Tron-o-matic 1 Pro,Dallas_01,73.86,SMALL_DEAL,
2024-11-28,Tron-o-matic 1 Pro,Houston_01,73.86,SMALL_DEAL,
2024-11-28,Tron-o-matic 1 Pro,WashingtonDC_01,73.86,SMALL_DEAL,
2024-11-28,Tron-o-matic 1 Pro,Atlanta_01,73.86,SMALL_DEAL,
2024-11-28,Tron-o-matic 1 Pro,Philadelphia_01,73.86,SMALL_DEAL,
2024-11-28,Tron-o-matic 2,Online_Store,42.87,BIG_DEAL,
2024-11-28,Tron-o-matic 2,LosAngeles_01,42.87,BIG_DEAL,
2024-11-28,Tron-o-matic 2,NewYork_01,42.87,BIG_DEAL,
2024-11-28,Tron-o-matic 2,NewYork_02,42.87,BIG_DEAL,
2024-11-28,Tron-o-matic 2,Chicago_01,42.87,BIG_DEAL,
2024-11-28,Tron-o-matic 2,Dallas_01,42.87,BIG_DEAL,
2024-11-28,Tron-o-matic 2,Houston_01,42.87,BIG_DEAL,
2024-11-28,Tron-o-matic 2,WashingtonDC_01,42.87,BIG_DEAL,
2024-11-28,Tron-o-matic 2,Atlanta_01,42.87,BIG_DEAL,
2024-11-28,Tron-o-matic 2,Philadelphia_01,42.87,BIG_DEAL,
2024-11-28,Tron-o-matic 2 Pro,Online_Store,85.0,None,
2024-11-28,Tron-o-matic 2 Pro,LosAngeles_01,85.0,None,
2024-11-28,Tron-o-matic 2 Pro,NewYork_01,85.0,None,
2024-11-28,Tron-o-matic 2 Pro,NewYork_02,85.0,None,
2024-11-28,Tron-o-matic 2 Pro,Chicago_01,85.0,None,
2024-11-28,Tron-o-matic 2 Pro,Dallas_01,85.0,None,
2024-11-28,Tron-o-matic 2 Pro,Houston_01,85.0,None,
2024-11-28,Tron-o-matic 2 Pro,WashingtonDC_01,85.0,None,
2024-11-28,Tron-o-matic 2 Pro,Atlanta_01,85.0,None,
2024-11-28,Tron-o-matic 2 Pro,Philadelphia_01,85.0,None,
2024-11-28,Tron-o-matic 3,Online_Store,51.72,SMALL_DEAL,
2024-11-28,Tron-o-matic 3,LosAngeles_01,51.72,SMALL_DEAL,
2024-11-28,Tron-o-matic 3,NewYork_01,51.72,SMALL_DEAL,
2024-11-28,Tron-o-matic 3,NewYork_02,51.72,SMALL_DEAL,
2024-11-28,Tron-o-matic 3,Chicago_01,51.72,SMALL_DEAL,
2024-11-28,Tron-o-matic 3,Dallas_01,51.72,SMALL_DEAL,
2024-11-28,Tron-o-matic 3,Houston_01,51.72,SMALL_DEAL,
2024-11-28,Tron-o-matic 3,WashingtonDC_01,51.72,SMALL_DEAL,
2024-11-28,Tron-o-matic 3,Atlanta_01,51.72,SMALL_DEAL,
2024-11-28,Tron-o-matic 3,Philadelphia_01,51.72,SMALL_DEAL,
2024-11-28,Tron-o-matic 3 Pro,Online_Store,90.0,None,
2024-11-28,Tron-o-matic 3 Pro,LosAngeles_01,90.0,None,
2024-11-28,Tron-o-matic 3 Pro,NewYork_01,90.0,None,
2024-11-28,Tron-o-matic 3 Pro,NewYork_02,90.0,None,
2024-11-28,Tron-o-matic 3 Pro,Chicago_01,90.0,None,
2024-11-28,Tron-o-matic 3 Pro,Dallas_01,90.0,None,
2024-11-28,Tron-o-matic 3 Pro,Houston_01,90.0,None,
2024-11-28,Tron-o-matic 3 Pro,WashingtonDC_01,90.0,None,
2024-11-28,Tron-o-matic 3 Pro,Atlanta_01,90.0,None,
2024-11-28,Tron-o-matic 3 Pro,Philadelphia_01,90.0,None,
2024-11-28,Tron-o-matic 4,Online_Store,75.0,None,
2024-11-28,Tron-o-matic 4,LosAngeles_01,75.0,None,
2024-11-28,Tron-o-matic 4,NewYork_01,75.0,None,
2024-11-28,Tron-o-matic 4,NewYork_02,75.0,None,
2024-11-28,Tron-o-matic 4,Chicago_01,75.0,None,
2024-11-28,Tron-o-matic 4,Dallas_01,75.0,None,
2024-11-28,Tron-o-matic 4,Houston_01,75.0,None,
2024-11-28,Tron-o-matic 4,WashingtonDC_01,75.0,None,
2024-11-28,Tron-o-matic 4,Atlanta_01,75.0,None,
2024-11-28,Tron-o-matic 4,Philadelphia_01,75.0,None,
2024-11-28,Tron-o-matic 4 Pro,Online_Store,100.0,None,
2024-11-28,Tron-o-matic 4 Pro,LosAngeles_01,100.0,None,
2024-11-28,Tron-o-matic 4 Pro,NewYork_01,100.0,None,
2024-11-28,Tron-o-matic 4 Pro,NewYork_02,100.0,None,
2024-11-28,Tron-o-matic 4 Pro,Chicago_01,100.0,None,
2024-11-28,Tron-o-matic 4 Pro,Dallas_01,100.0,None,
2024-11-28,Tron-o-matic 4 Pro,Houston_01,100.0,None,
2024-11-28,Tron-o-matic 4 Pro,WashingtonDC_01,100.0,None,
2024-11-28,Tron-o-matic 4 Pro,Atlanta_01,100.0,None,
2024-11-28,Tron-o-matic 4 Pro,Philadelphia_01,100.0,None,
2024-11-28,Tron-o-matic 5,Online_Store,73.03,SMALL_DEAL,
2024-11-28,Tron-o-matic 5,LosAngeles_01,73.03,SMALL_DEAL,
2024-11-28,Tron-o-matic 5,NewYork_01,73.03,SMALL_DEAL,
2024-11-28,Tron-o-matic 5,NewYork_02,73.03,SMALL_DEAL,
2024-11-28,Tron-o-matic 5,Chicago_01,73.03,SMALL_DEAL,
2024-11-28,Tron-o-matic 5,Dallas_01,73.03,SMALL_DEAL,
2024-11-28,Tron-o-matic 5,Houston_01,73.03,SMALL_DEAL,
2024-11-28,Tron-o-matic 5,WashingtonDC_01,73.03,SMALL_DEAL,
2024-11-28,Tron-o-matic 5,Atlanta_01,73.03,SMALL_DEAL,
2024-11-28,Tron-o-matic 5,Philadelphia_01,73.03,SMALL_DEAL,
2024-11-28,Tron-o-matic 5 Pro,Online_Store,110.0,None,
2024-11-28,Tron-o-matic 5 Pro,LosAngeles_01,110.0,None,
2024-11-28,Tron-o-matic 5 Pro,NewYork_01,110.0,None,
2024-11-28,Tron-o-matic 5 Pro,NewYork_02,110.0,None,
2024-11-28,Tron-o-matic 5 Pro,Chicago_01,110.0,None,
2024-11-28,Tron-o-matic 5 Pro,Dallas_01,110.0,None,
2024-11-28,Tron-o-matic 5 Pro,Houston_01,110.0,None,
2024-11-28,Tron-o-matic 5 Pro,WashingtonDC_01,110.0,None,
2024-11-28,Tron-o-matic 5 Pro,Atlanta_01,110.0,None,
2024-11-28,Tron-o-matic 5 Pro,Philadelphia_01,110.0,None,
2024-11-29,Tron-o-matic 1,Online_Store,42.0,Black Friday,
2024-11-29,Tron-o-matic 1,LosAngeles_01,42.0,Black Friday,
2024-11-29,Tron-o-matic 1,NewYork_01,42.0,Black Friday,
2024-11-29,Tron-o-matic 1,NewYork_02,42.0,Black Friday,
2024-11-29,Tron-o-matic 1,Chicago_01,42.0,Black Friday,
2024-11-29,Tron-o-matic 1,Dallas_01,42.0,Black Friday,
2024-11-29,Tron-o-matic 1,Houston_01,42.0,Black Friday,
2024-11-29,Tron-o-matic 1,WashingtonDC_01,42.0,Black Friday,
2024-11-29,Tron-o-matic 1,Atlanta_01,42.0,Black Friday,
2024-11-29,Tron-o-matic 1,Philadelphia_01,42.0,Black Friday,
2024-11-29,Tron-o-matic 1 Pro,Online_Store,56.0,Black Friday,
2024-11-29,Tron-o-matic 1 Pro,LosAngeles_01,56.0,Black Friday,
2024-11-29,Tron-o-matic 1 Pro,NewYork_01,56.0,Black Friday,
2024-11-29,Tron-o-matic 1 Pro,NewYork_02,56.0,Black Friday,
2024-11-29,Tron-o-matic 1 Pro,Chicago_01,56.0,Black Friday,
2024-11-29,Tron-o-matic 1 Pro,Dallas_01,56.0,Black Friday,
2024-11-29,Tron-o-matic 1 Pro,Houston_01,56.0,Black Friday,
2024-11-29,Tron-o-matic 1 Pro,WashingtonDC_01,56.0,Black Friday,
2024-11-29,Tron-o-matic 1 Pro,Atlanta_01,56.0,Black Friday,
2024-11-29,Tron-o-matic 1 Pro,Philadelphia_01,56.0,Black Friday,
2024-11-29,Tron-o-matic 2,Online_Store,38.5,Black Friday,
2024-11-29,Tron-o-matic 2,LosAngeles_01,38.5,Black Friday,
2024-11-29,Tron-o-matic 2,NewYork_01,38.5,Black Friday,
2024-11-29,Tron-o-matic 2,NewYork_02,38.5,Black Friday,
2024-11-29,Tron-o-matic 2,Chicago_01,38.5,Black Friday,
2024-11-29,Tron-o-matic 2,Dallas_01,38.5,Black Friday,
2024-11-29,Tron-o-matic 2,Houston_01,38.5,Black Friday,
2024-11-29,Tron-o-matic 2,WashingtonDC_01,38.5,Black Friday,
2024-11-29,Tron-o-matic 2,Atlanta_01,38.5,Black Friday,
2024-11-29,Tron-o-matic 2,Philadelphia_01,38.5,Black Friday,
2024-11-29,Tron-o-matic 2 Pro,Online_Store,59.5,Black Friday,
2024-11-29,Tron-o-matic 2 Pro,LosAngeles_01,59.5,Black Friday,
2024-11-29,Tron-o-matic 2 Pro,NewYork_01,59.5,Black Friday,
2024-11-29,Tron-o-matic 2 Pro,NewYork_02,59.5,Black Friday,
2024-11-29,Tron-o-matic 2 Pro,Chicago_01,59.5,Black Friday,
2024-11-29,Tron-o-matic 2 Pro,Dallas_01,59.5,Black Friday,
2024-11-29,Tron-o-matic 2 Pro,Houston_01,59.5,Black Friday,
2024-11-29,Tron-o-matic 2 Pro,WashingtonDC_01,59.5,Black Friday,
2024-11-29,Tron-o-matic 2 Pro,Atlanta_01,59.5,Black Friday,
2024-11-29,Tron-o-matic 2 Pro,Philadelphia_01,59.5,Black Friday,
2024-11-29,Tron-o-matic 3,Online_Store,42.0,Black Friday,
2024-11-29,Tron-o-matic 3,LosAngeles_01,42.0,Black Friday,
2024-11-29,Tron-o-matic 3,NewYork_01,42.0,Black Friday,
2024-11-29,Tron-o-matic 3,NewYork_02,42.0,Black Friday,
2024-11-29,Tron-o-matic 3,Chicago_01,42.0,Black Friday,
2024-11-29,Tron-o-matic 3,Dallas_01,42.0,Black Friday,
2024-11-29,Tron-o-matic 3,Houston_01,42.0,Black Friday,
2024-11-29,Tron-o-matic 3,WashingtonDC_01,42.0,Black Friday,
2024-11-29,Tron-o-matic 3,Atlanta_01,42.0,Black Friday,
2024-11-29,Tron-o-matic 3,Philadelphia_01,42.0,Black Friday,
2024-11-29,Tron-o-matic 3 Pro,Online_Store,63.0,Black Friday,
2024-11-29,Tron-o-matic 3 Pro,LosAngeles_01,63.0,Black Friday,
2024-11-29,Tron-o-matic 3 Pro,NewYork_01,63.0,Black Friday,
2024-11-29,Tron-o-matic 3 Pro,NewYork_02,63.0,Black Friday,
2024-11-29,Tron-o-matic 3 Pro,Chicago_01,63.0,Black Friday,
2024-11-29,Tron-o-matic 3 Pro,Dallas_01,63.0,Black Friday,
2024-11-29,Tron-o-matic 3 Pro,Houston_01,63.0,Black Friday,
2024-11-29,Tron-o-matic 3 Pro,WashingtonDC_01,63.0,Black Friday,
2024-11-29,Tron-o-matic 3 Pro,Atlanta_01,63.0,Black Friday,
2024-11-29,Tron-o-matic 3 Pro,Philadelphia_01,63.0,Black Friday,
2024-11-29,Tron-o-matic 4,Online_Store,52.5,Black Friday,
2024-11-29,Tron-o-matic 4,LosAngeles_01,52.5,Black Friday,
2024-11-29,Tron-o-matic 4,NewYork_01,52.5,Black Friday,
2024-11-29,Tron-o-matic 4,NewYork_02,52.5,Black Friday,
2024-11-29,Tron-o-matic 4,Chicago_01,52.5,Black Friday,
2024-11-29,Tron-o-matic 4,Dallas_01,52.5,Black Friday,
2024-11-29,Tron-o-matic 4,Houston_01,52.5,Black Friday,
2024-11-29,Tron-o-matic 4,WashingtonDC_01,52.5,Black Friday,
2024-11-29,Tron-o-matic 4,Atlanta_01,52.5,Black Friday,
2024-11-29,Tron-o-matic 4,Philadelphia_01,52.5,Black Friday,
2024-11-29,Tron-o-matic 4 Pro,Online_Store,70.0,Black Friday,
2024-11-29,Tron-o-matic 4 Pro,LosAngeles_01,70.0,Black Friday,
2024-11-29,Tron-o-matic 4 Pro,NewYork_01,70.0,Black Friday,
2024-11-29,Tron-o-matic 4 Pro,NewYork_02,70.0,Black Friday,
2024-11-29,Tron-o-matic 4 Pro,Chicago_01,70.0,Black Friday,
2024-11-29,Tron-o-matic 4 Pro,Dallas_01,70.0,Black Friday,
2024-11-29,Tron-o-matic 4 Pro,Houston_01,70.0,Black Friday,
2024-11-29,Tron-o-matic 4 Pro,WashingtonDC_01,70.0,Black Friday,
2024-11-29,Tron-o-matic 4 Pro,Atlanta_01,70.0,Black Friday,
2024-11-29,Tron-o-matic 4 Pro,Philadelphia_01,70.0,Black Friday,
2024-11-29,Tron-o-matic 5,Online_Store,56.0,Black Friday,
2024-11-29,Tron-o-matic 5,LosAngeles_01,56.0,Black Friday,
2024-11-29,Tron-o-matic 5,NewYork_01,56.0,Black Friday,
2024-11-29,Tron-o-matic 5,NewYork_02,56.0,Black Friday,
2024-11-29,Tron-o-matic 5,Chicago_01,56.0,Black Friday,
2024-11-29,Tron-o-matic 5,Dallas_01,56.0,Black Friday,
2024-11-29,Tron-o-matic 5,Houston_01,56.0,Black Friday,
2024-11-29,Tron-o-matic 5,WashingtonDC_01,56.0,Black Friday,
2024-11-29,Tron-o-matic 5,Atlanta_01,56.0,Black Friday,
2024-11-29,Tron-o-matic 5,Philadelphia_01,56.0,Black Friday,
2024-11-29,Tron-o-matic 5 Pro,Online_Store,77.0,Black Friday,
2024-11-29,Tron-o-matic 5 Pro,LosAngeles_01,77.0,Black Friday,
2024-11-29,Tron-o-matic 5 Pro,NewYork_01,77.0,Black Friday,
2024-11-29,Tron-o-matic 5 Pro,NewYork_02,77.0,Black Friday,
2024-11-29,Tron-o-matic 5 Pro,Chicago_01,77.0,Black Friday,
2024-11-29,Tron-o-matic 5 Pro,Dallas_01,77.0,Black Friday,
2024-11-29,Tron-o-matic 5 Pro,Houston_01,77.0,Black Friday,
2024-11-29,Tron-o-matic 5 Pro,WashingtonDC_01,77.0,Black Friday,
2024-11-29,Tron-o-matic 5 Pro,Atlanta_01,77.0,Black Friday,
2024-11-29,Tron-o-matic 5 Pro,Philadelphia_01,77.0,Black Friday,
2024-11-30,Tron-o-matic 1,Online_Store,60.0,None,
2024-11-30,Tron-o-matic 1,LosAngeles_01,60.0,None,
2024-11-30,Tron-o-matic 1,NewYork_01,60.0,None,
2024-11-30,Tron-o-matic 1,NewYork_02,60.0,None,
2024-11-30,Tron-o-matic 1,Chicago_01,60.0,None,
2024-11-30,Tron-o-matic 1,Dallas_01,60.0,None,
2024-11-30,Tron-o-matic 1,Houston_01,60.0,None,
2024-11-30,Tron-o-matic 1,WashingtonDC_01,60.0,None,
2024-11-30,Tron-o-matic 1,Atlanta_01,60.0,None,
2024-11-30,Tron-o-matic 1,Philadelphia_01,60.0,None,
2024-11-30,Tron-o-matic 1 Pro,Online_Store,80.0,None,
2024-11-30,Tron-o-matic 1 Pro,LosAngeles_01,80.0,None,
2024-11-30,Tron-o-matic 1 Pro,NewYork_01,80.0,None,
2024-11-30,Tron-o-matic 1 Pro,NewYork_02,80.0,None,
2024-11-30,Tron-o-matic 1 Pro,Chicago_01,80.0,None,
2024-11-30,Tron-o-matic 1 Pro,Dallas_01,80.0,None,
2024-11-30,Tron-o-matic 1 Pro,Houston_01,80.0,None,
2024-11-30,Tron-o-matic 1 Pro,WashingtonDC_01,80.0,None,
2024-11-30,Tron-o-matic 1 Pro,Atlanta_01,80.0,None,
2024-11-30,Tron-o-matic 1 Pro,Philadelphia_01,80.0,None,
2024-11-30,Tron-o-matic 2,Online_Store,55.0,None,
2024-11-30,Tron-o-matic 2,LosAngeles_01,55.0,None,
2024-11-30,Tron-o-matic 2,NewYork_01,55.0,None,
2024-11-30,Tron-o-matic 2,NewYork_02,55.0,None,
2024-11-30,Tron-o-matic 2,Chicago_01,55.0,None,
2024-11-30,Tron-o-matic 2,Dallas_01,55.0,None,
2024-11-30,Tron-o-matic 2,Houston_01,55.0,None,
2024-11-30,Tron-o-matic 2,WashingtonDC_01,55.0,None,
2024-11-30,Tron-o-matic 2,Atlanta_01,55.0,None,
2024-11-30,Tron-o-matic 2,Philadelphia_01,55.0,None,
2024-11-30,Tron-o-matic 2 Pro,Online_Store,79.01,SMALL_DEAL,
2024-11-30,Tron-o-matic 2 Pro,LosAngeles_01,79.01,SMALL_DEAL,
2024-11-30,Tron-o-matic 2 Pro,NewYork_01,79.01,SMALL_DEAL,
2024-11-30,Tron-o-matic 2 Pro,NewYork_02,79.01,SMALL_DEAL,
2024-11-30,Tron-o-matic 2 Pro,Chicago_01,79.01,SMALL_DEAL,
2024-11-30,Tron-o-matic 2 Pro,Dallas_01,79.01,SMALL_DEAL,
2024-11-30,Tron-o-matic 2 Pro,Houston_01,79.01,SMALL_DEAL,
2024-11-30,Tron-o-matic 2 Pro,WashingtonDC_01,79.01,SMALL_DEAL,
2024-11-30,Tron-o-matic 2 Pro,Atlanta_01,79.01,SMALL_DEAL,
2024-11-30,Tron-o-matic 2 Pro,Philadelphia_01,79.01,SMALL_DEAL,
2024-11-30,Tron-o-matic 3,Online_Store,45.31,BIG_DEAL,
2024-11-30,Tron-o-matic 3,LosAngeles_01,45.31,BIG_DEAL,
2024-11-30,Tron-o-matic 3,NewYork_01,45.31,BIG_DEAL,
2024-11-30,Tron-o-matic 3,NewYork_02,45.31,BIG_DEAL,
2024-11-30,Tron-o-matic 3,Chicago_01,45.31,BIG_DEAL,
2024-11-30,Tron-o-matic 3,Dallas_01,45.31,BIG_DEAL,
2024-11-30,Tron-o-matic 3,Houston_01,45.31,BIG_DEAL,
2024-11-30,Tron-o-matic 3,WashingtonDC_01,45.31,BIG_DEAL,
2024-11-30,Tron-o-matic 3,Atlanta_01,45.31,BIG_DEAL,
2024-11-30,Tron-o-matic 3,Philadelphia_01,45.31,BIG_DEAL,
2024-11-30,Tron-o-matic 3 Pro,Online_Store,90.0,None,
2024-11-30,Tron-o-matic 3 Pro,LosAngeles_01,90.0,None,
2024-11-30,Tron-o-matic 3 Pro,NewYork_01,90.0,None,
2024-11-30,Tron-o-matic 3 Pro,NewYork_02,90.0,None,
2024-11-30,Tron-o-matic 3 Pro,Chicago_01,90.0,None,
2024-11-30,Tron-o-matic 3 Pro,Dallas_01,90.0,None,
2024-11-30,Tron-o-matic 3 Pro,Houston_01,90.0,None,
2024-11-30,Tron-o-matic 3 Pro,WashingtonDC_01,90.0,None,
2024-11-30,Tron-o-matic 3 Pro,Atlanta_01,90.0,None,
2024-11-30,Tron-o-matic 3 Pro,Philadelphia_01,90.0,None,
2024-11-30,Tron-o-matic 4,Online_Store,75.0,None,
2024-11-30,Tron-o-matic 4,LosAngeles_01,75.0,None,
2024-11-30,Tron-o-matic 4,NewYork_01,75.0,None,
2024-11-30,Tron-o-matic 4,NewYork_02,75.0,None,
2024-11-30,Tron-o-matic 4,Chicago_01,75.0,None,
2024-11-30,Tron-o-matic 4,Dallas_01,75.0,None,
2024-11-30,Tron-o-matic 4,Houston_01,75.0,None,
2024-11-30,Tron-o-matic 4,WashingtonDC_01,75.0,None,
2024-11-30,Tron-o-matic 4,Atlanta_01,75.0,None,
2024-11-30,Tron-o-matic 4,Philadelphia_01,75.0,None,
2024-11-30,Tron-o-matic 4 Pro,Online_Store,100.0,None,
2024-11-30,Tron-o-matic 4 Pro,LosAngeles_01,100.0,None,
2024-11-30,Tron-o-matic 4 Pro,NewYork_01,100.0,None,
2024-11-30,Tron-o-matic 4 Pro,NewYork_02,100.0,None,
2024-11-30,Tron-o-matic 4 Pro,Chicago_01,100.0,None,
2024-11-30,Tron-o-matic 4 Pro,Dallas_01,100.0,None,
2024-11-30,Tron-o-matic 4 Pro,Houston_01,100.0,None,
2024-11-30,Tron-o-matic 4 Pro,WashingtonDC_01,100.0,None,
2024-11-30,Tron-o-matic 4 Pro,Atlanta_01,100.0,None,
2024-11-30,Tron-o-matic 4 Pro,Philadelphia_01,100.0,None,
2024-11-30,Tron-o-matic 5,Online_Store,80.0,None,
2024-11-30,Tron-o-matic 5,LosAngeles_01,80.0,None,
2024-11-30,Tron-o-matic 5,NewYork_01,80.0,None,
2024-11-30,Tron-o-matic 5,NewYork_02,80.0,None,
2024-11-30,Tron-o-matic 5,Chicago_01,80.0,None,
2024-11-30,Tron-o-matic 5,Dallas_01,80.0,None,
2024-11-30,Tron-o-matic 5,Houston_01,80.0,None,
2024-11-30,Tron-o-matic 5,WashingtonDC_01,80.0,None,
2024-11-30,Tron-o-matic 5,Atlanta_01,80.0,None,
2024-11-30,Tron-o-matic 5,Philadelphia_01,80.0,None,
2024-11-30,Tron-o-matic 5 Pro,Online_Store,110.0,None,
2024-11-30,Tron-o-matic 5 Pro,LosAngeles_01,110.0,None,
2024-11-30,Tron-o-matic 5 Pro,NewYork_01,110.0,None,
2024-11-30,Tron-o-matic 5 Pro,NewYork_02,110.0,None,
2024-11-30,Tron-o-matic 5 Pro,Chicago_01,110.0,None,
2024-11-30,Tron-o-matic 5 Pro,Dallas_01,110.0,None,
2024-11-30,Tron-o-matic 5 Pro,Houston_01,110.0,None,
2024-11-30,Tron-o-matic 5 Pro,WashingtonDC_01,110.0,None,
2024-11-30,Tron-o-matic 5 Pro,Atlanta_01,110.0,None,
2024-11-30,Tron-o-matic 5 Pro,Philadelphia_01,110.0,None,
2024-12-01,Tron-o-matic 1,Online_Store,45.04,BIG_DEAL,
2024-12-01,Tron-o-matic 1,LosAngeles_01,45.04,BIG_DEAL,
2024-12-01,Tron-o-matic 1,NewYork_01,45.04,BIG_DEAL,
2024-12-01,Tron-o-matic 1,NewYork_02,45.04,BIG_DEAL,
2024-12-01,Tron-o-matic 1,Chicago_01,45.04,BIG_DEAL,
2024-12-01,Tron-o-matic 1,Dallas_01,45.04,BIG_DEAL,
2024-12-01,Tron-o-matic 1,Houston_01,45.04,BIG_DEAL,
2024-12-01,Tron-o-matic 1,WashingtonDC_01,45.04,BIG_DEAL,
2024-12-01,Tron-o-matic 1,Atlanta_01,45.04,BIG_DEAL,
2024-12-01,Tron-o-matic 1,Philadelphia_01,45.04,BIG_DEAL,
2024-12-01,Tron-o-matic 1 Pro,Online_Store,80.0,None,
2024-12-01,Tron-o-matic 1 Pro,LosAngeles_01,80.0,None,
2024-12-01,Tron-o-matic 1 Pro,NewYork_01,80.0,None,
2024-12-01,Tron-o-matic 1 Pro,NewYork_02,80.0,None,
2024-12-01,Tron-o-matic 1 Pro,Chicago_01,80.0,None,
2024-12-01,Tron-o-matic 1 Pro,Dallas_01,80.0,None,
2024-12-01,Tron-o-matic 1 Pro,Houston_01,80.0,None,
2024-12-01,Tron-o-matic 1 Pro,WashingtonDC_01,80.0,None,
2024-12-01,Tron-o-matic 1 Pro,Atlanta_01,80.0,None,
2024-12-01,Tron-o-matic 1 Pro,Philadelphia_01,80.0,None,
2024-12-01,Tron-o-matic 2,Online_Store,49.77,SMALL_DEAL,
2024-12-01,Tron-o-matic 2,LosAngeles_01,49.77,SMALL_DEAL,
2024-12-01,Tron-o-matic 2,NewYork_01,49.77,SMALL_DEAL,
2024-12-01,Tron-o-matic 2,NewYork_02,49.77,SMALL_DEAL,
2024-12-01,Tron-o-matic 2,Chicago_01,49.77,SMALL_DEAL,
2024-12-01,Tron-o-matic 2,Dallas_01,49.77,SMALL_DEAL,
2024-12-01,Tron-o-matic 2,Houston_01,49.77,SMALL_DEAL,
2024-12-01,Tron-o-matic 2,WashingtonDC_01,49.77,SMALL_DEAL,
2024-12-01,Tron-o-matic 2,Atlanta_01,49.77,SMALL_DEAL,
2024-12-01,Tron-o-matic 2,Philadelphia_01,49.77,SMALL_DEAL,
2024-12-01,Tron-o-matic 2 Pro,Online_Store,67.4,BIG_DEAL,
2024-12-01,Tron-o-matic 2 Pro,LosAngeles_01,67.4,BIG_DEAL,
2024-12-01,Tron-o-matic 2 Pro,NewYork_01,67.4,BIG_DEAL,
2024-12-01,Tron-o-matic 2 Pro,NewYork_02,67.4,BIG_DEAL,
2024-12-01,Tron-o-matic 2 Pro,Chicago_01,67.4,BIG_DEAL,
2024-12-01,Tron-o-matic 2 Pro,Dallas_01,67.4,BIG_DEAL,
2024-12-01,Tron-o-matic 2 Pro,Houston_01,67.4,BIG_DEAL,
2024-12-01,Tron-o-matic 2 Pro,WashingtonDC_01,67.4,BIG_DEAL,
2024-12-01,Tron-o-matic 2 Pro,Atlanta_01,67.4,BIG_DEAL,
2024-12-01,Tron-o-matic 2 Pro,Philadelphia_01,67.4,BIG_DEAL,
2024-12-01,Tron-o-matic 3,Online_Store,44.28,BIG_DEAL,
2024-12-01,Tron-o-matic 3,LosAngeles_01,44.28,BIG_DEAL,
2024-12-01,Tron-o-matic 3,NewYork_01,44.28,BIG_DEAL,
2024-12-01,Tron-o-matic 3,NewYork_02,44.28,BIG_DEAL,
2024-12-01,Tron-o-matic 3,Chicago_01,44.28,BIG_DEAL,
2024-12-01,Tron-o-matic 3,Dallas_01,44.28,BIG_DEAL,
2024-12-01,Tron-o-matic 3,Houston_01,44.28,BIG_DEAL,
2024-12-01,Tron-o-matic 3,WashingtonDC_01,44.28,BIG_DEAL,
2024-12-01,Tron-o-matic 3,Atlanta_01,44.28,BIG_DEAL,
2024-12-01,Tron-o-matic 3,Philadelphia_01,44.28,BIG_DEAL,
2024-12-01,Tron-o-matic 3 Pro,Online_Store,67.39,BIG_DEAL,
2024-12-01,Tron-o-matic 3 Pro,LosAngeles_01,67.39,BIG_DEAL,
2024-12-01,Tron-o-matic 3 Pro,NewYork_01,67.39,BIG_DEAL,
2024-12-01,Tron-o-matic 3 Pro,NewYork_02,67.39,BIG_DEAL,
2024-12-01,Tron-o-matic 3 Pro,Chicago_01,67.39,BIG_DEAL,
2024-12-01,Tron-o-matic 3 Pro,Dallas_01,67.39,BIG_DEAL,
2024-12-01,Tron-o-matic 3 Pro,Houston_01,67.39,BIG_DEAL,
2024-12-01,Tron-o-matic 3 Pro,WashingtonDC_01,67.39,BIG_DEAL,
2024-12-01,Tron-o-matic 3 Pro,Atlanta_01,67.39,BIG_DEAL,
2024-12-01,Tron-o-matic 3 Pro,Philadelphia_01,67.39,BIG_DEAL,
2024-12-01,Tron-o-matic 4,Online_Store,66.4,SMALL_DEAL,
2024-12-01,Tron-o-matic 4,LosAngeles_01,66.4,SMALL_DEAL,
2024-12-01,Tron-o-matic 4,NewYork_01,66.4,SMALL_DEAL,
2024-12-01,Tron-o-matic 4,NewYork_02,66.4,SMALL_DEAL,
2024-12-01,Tron-o-matic 4,Chicago_01,66.4,SMALL_DEAL,
2024-12-01,Tron-o-matic 4,Dallas_01,66.4,SMALL_DEAL,
2024-12-01,Tron-o-matic 4,Houston_01,66.4,SMALL_DEAL,
2024-12-01,Tron-o-matic 4,WashingtonDC_01,66.4,SMALL_DEAL,
2024-12-01,Tron-o-matic 4,Atlanta_01,66.4,SMALL_DEAL,
2024-12-01,Tron-o-matic 4,Philadelphia_01,66.4,SMALL_DEAL,
2024-12-01,Tron-o-matic 4 Pro,Online_Store,100.0,None,
2024-12-01,Tron-o-matic 4 Pro,LosAngeles_01,100.0,None,
2024-12-01,Tron-o-matic 4 Pro,NewYork_01,100.0,None,
2024-12-01,Tron-o-matic 4 Pro,NewYork_02,100.0,None,
2024-12-01,Tron-o-matic 4 Pro,Chicago_01,100.0,None,
2024-12-01,Tron-o-matic 4 Pro,Dallas_01,100.0,None,
2024-12-01,Tron-o-matic 4 Pro,Houston_01,100.0,None,
2024-12-01,Tron-o-matic 4 Pro,WashingtonDC_01,100.0,None,
2024-12-01,Tron-o-matic 4 Pro,Atlanta_01,100.0,None,
2024-12-01,Tron-o-matic 4 Pro,Philadelphia_01,100.0,None,
2024-12-01,Tron-o-matic 5,Online_Store,80.0,None,
2024-12-01,Tron-o-matic 5,LosAngeles_01,80.0,None,
2024-12-01,Tron-o-matic 5,NewYork_01,80.0,None,
2024-12-01,Tron-o-matic 5,NewYork_02,80.0,None,
2024-12-01,Tron-o-matic 5,Chicago_01,80.0,None,
2024-12-01,Tron-o-matic 5,Dallas_01,80.0,None,
2024-12-01,Tron-o-matic 5,Houston_01,80.0,None,
2024-12-01,Tron-o-matic 5,WashingtonDC_01,80.0,None,
2024-12-01,Tron-o-matic 5,Atlanta_01,80.0,None,
2024-12-01,Tron-o-matic 5,Philadelphia_01,80.0,None,
2024-12-01,Tron-o-matic 5 Pro,Online_Store,97.73,SMALL_DEAL,
2024-12-01,Tron-o-matic 5 Pro,LosAngeles_01,97.73,SMALL_DEAL,
2024-12-01,Tron-o-matic 5 Pro,NewYork_01,97.73,SMALL_DEAL,
2024-12-01,Tron-o-matic 5 Pro,NewYork_02,97.73,SMALL_DEAL,
2024-12-01,Tron-o-matic 5 Pro,Chicago_01,97.73,SMALL_DEAL,
2024-12-01,Tron-o-matic 5 Pro,Dallas_01,97.73,SMALL_DEAL,
2024-12-01,Tron-o-matic 5 Pro,Houston_01,97.73,SMALL_DEAL,
2024-12-01,Tron-o-matic 5 Pro,WashingtonDC_01,97.73,SMALL_DEAL,
2024-12-01,Tron-o-matic 5 Pro,Atlanta_01,97.73,SMALL_DEAL,
2024-12-01,Tron-o-matic 5 Pro,Philadelphia_01,97.73,SMALL_DEAL,
2024-12-02,Tron-o-matic 1,Online_Store,60.0,None,
2024-12-02,Tron-o-matic 1,LosAngeles_01,60.0,None,
2024-12-02,Tron-o-matic 1,NewYork_01,60.0,None,
2024-12-02,Tron-o-matic 1,NewYork_02,60.0,None,
2024-12-02,Tron-o-matic 1,Chicago_01,60.0,None,
2024-12-02,Tron-o-matic 1,Dallas_01,60.0,None,
2024-12-02,Tron-o-matic 1,Houston_01,60.0,None,
2024-12-02,Tron-o-matic 1,WashingtonDC_01,60.0,None,
2024-12-02,Tron-o-matic 1,Atlanta_01,60.0,None,
2024-12-02,Tron-o-matic 1,Philadelphia_01,60.0,None,
2024-12-02,Tron-o-matic 1 Pro,Online_Store,80.0,None,
2024-12-02,Tron-o-matic 1 Pro,LosAngeles_01,80.0,None,
2024-12-02,Tron-o-matic 1 Pro,NewYork_01,80.0,None,
2024-12-02,Tron-o-matic 1 Pro,NewYork_02,80.0,None,
2024-12-02,Tron-o-matic 1 Pro,Chicago_01,80.0,None,
2024-12-02,Tron-o-matic 1 Pro,Dallas_01,80.0,None,
2024-12-02,Tron-o-matic 1 Pro,Houston_01,80.0,None,
2024-12-02,Tron-o-matic 1 Pro,WashingtonDC_01,80.0,None,
2024-12-02,Tron-o-matic 1 Pro,Atlanta_01,80.0,None,
2024-12-02,Tron-o-matic 1 Pro,Philadelphia_01,80.0,None,
2024-12-02,Tron-o-matic 2,Online_Store,55.0,None,
2024-12-02,Tron-o-matic 2,LosAngeles_01,55.0,None,
2024-12-02,Tron-o-matic 2,NewYork_01,55.0,None,
2024-12-02,Tron-o-matic 2,NewYork_02,55.0,None,
2024-12-02,Tron-o-matic 2,Chicago_01,55.0,None,
2024-12-02,Tron-o-matic 2,Dallas_01,55.0,None,
2024-12-02,Tron-o-matic 2,Houston_01,55.0,None,
2024-12-02,Tron-o-matic 2,WashingtonDC_01,55.0,None,
2024-12-02,Tron-o-matic 2,Atlanta_01,55.0,None,
2024-12-02,Tron-o-matic 2,Philadelphia_01,55.0,None,
2024-12-02,Tron-o-matic 2 Pro,Online_Store,85.0,None,
2024-12-02,Tron-o-matic 2 Pro,LosAngeles_01,85.0,None,
2024-12-02,Tron-o-matic 2 Pro,NewYork_01,85.0,None,
2024-12-02,Tron-o-matic 2 Pro,NewYork_02,85.0,None,
2024-12-02,Tron-o-matic 2 Pro,Chicago_01,85.0,None,
2024-12-02,Tron-o-matic 2 Pro,Dallas_01,85.0,None,
2024-12-02,Tron-o-matic 2 Pro,Houston_01,85.0,None,
2024-12-02,Tron-o-matic 2 Pro,WashingtonDC_01,85.0,None,
2024-12-02,Tron-o-matic 2 Pro,Atlanta_01,85.0,None,
2024-12-02,Tron-o-matic 2 Pro,Philadelphia_01,85.0,None,
2024-12-02,Tron-o-matic 3,Online_Store,60.0,None,
2024-12-02,Tron-o-matic 3,LosAngeles_01,60.0,None,
2024-12-02,Tron-o-matic 3,NewYork_01,60.0,None,
2024-12-02,Tron-o-matic 3,NewYork_02,60.0,None,
2024-12-02,Tron-o-matic 3,Chicago_01,60.0,None,
2024-12-02,Tron-o-matic 3,Dallas_01,60.0,None,
2024-12-02,Tron-o-matic 3,Houston_01,60.0,None,
2024-12-02,Tron-o-matic 3,WashingtonDC_01,60.0,None,
2024-12-02,Tron-o-matic 3,Atlanta_01,60.0,None,
2024-12-02,Tron-o-matic 3,Philadelphia_01,60.0,None,
2024-12-02,Tron-o-matic 3 Pro,Online_Store,90.0,None,
2024-12-02,Tron-o-matic 3 Pro,LosAngeles_01,90.0,None,
2024-12-02,Tron-o-matic 3 Pro,NewYork_01,90.0,None,
2024-12-02,Tron-o-matic 3 Pro,NewYork_02,90.0,None,
2024-12-02,Tron-o-matic 3 Pro,Chicago_01,90.0,None,
2024-12-02,Tron-o-matic 3 Pro,Dallas_01,90.0,None,
2024-12-02,Tron-o-matic 3 Pro,Houston_01,90.0,None,
2024-12-02,Tron-o-matic 3 Pro,WashingtonDC_01,90.0,None,
2024-12-02,Tron-o-matic 3 Pro,Atlanta_01,90.0,None,
2024-12-02,Tron-o-matic 3 Pro,Philadelphia_01,90.0,None,
2024-12-02,Tron-o-matic 4,Online_Store,75.0,None,
2024-12-02,Tron-o-matic 4,LosAngeles_01,75.0,None,
2024-12-02,Tron-o-matic 4,NewYork_01,75.0,None,
2024-12-02,Tron-o-matic 4,NewYork_02,75.0,None,
2024-12-02,Tron-o-matic 4,Chicago_01,75.0,None,
2024-12-02,Tron-o-matic 4,Dallas_01,75.0,None,
2024-12-02,Tron-o-matic 4,Houston_01,75.0,None,
2024-12-02,Tron-o-matic 4,WashingtonDC_01,75.0,None,
2024-12-02,Tron-o-matic 4,Atlanta_01,75.0,None,
2024-12-02,Tron-o-matic 4,Philadelphia_01,75.0,None,
2024-12-02,Tron-o-matic 4 Pro,Online_Store,100.0,None,
2024-12-02,Tron-o-matic 4 Pro,LosAngeles_01,100.0,None,
2024-12-02,Tron-o-matic 4 Pro,NewYork_01,100.0,None,
2024-12-02,Tron-o-matic 4 Pro,NewYork_02,100.0,None,
2024-12-02,Tron-o-matic 4 Pro,Chicago_01,100.0,None,
2024-12-02,Tron-o-matic 4 Pro,Dallas_01,100.0,None,
2024-12-02,Tron-o-matic 4 Pro,Houston_01,100.0,None,
2024-12-02,Tron-o-matic 4 Pro,WashingtonDC_01,100.0,None,
2024-12-02,Tron-o-matic 4 Pro,Atlanta_01,100.0,None,
2024-12-02,Tron-o-matic 4 Pro,Philadelphia_01,100.0,None,
2024-12-02,Tron-o-matic 5,Online_Store,60.54,BIG_DEAL,
2024-12-02,Tron-o-matic 5,LosAngeles_01,60.54,BIG_DEAL,
2024-12-02,Tron-o-matic 5,NewYork_01,60.54,BIG_DEAL,
2024-12-02,Tron-o-matic 5,NewYork_02,60.54,BIG_DEAL,
2024-12-02,Tron-o-matic 5,Chicago_01,60.54,BIG_DEAL,
2024-12-02,Tron-o-matic 5,Dallas_01,60.54,BIG_DEAL,
2024-12-02,Tron-o-matic 5,Houston_01,60.54,BIG_DEAL,
2024-12-02,Tron-o-matic 5,WashingtonDC_01,60.54,BIG_DEAL,
2024-12-02,Tron-o-matic 5,Atlanta_01,60.54,BIG_DEAL,
2024-12-02,Tron-o-matic 5,Philadelphia_01,60.54,BIG_DEAL,
2024-12-02,Tron-o-matic 5 Pro,Online_Store,110.0,None,
2024-12-02,Tron-o-matic 5 Pro,LosAngeles_01,110.0,None,
2024-12-02,Tron-o-matic 5 Pro,NewYork_01,110.0,None,
2024-12-02,Tron-o-matic 5 Pro,NewYork_02,110.0,None,
2024-12-02,Tron-o-matic 5 Pro,Chicago_01,110.0,None,
2024-12-02,Tron-o-matic 5 Pro,Dallas_01,110.0,None,
2024-12-02,Tron-o-matic 5 Pro,Houston_01,110.0,None,
2024-12-02,Tron-o-matic 5 Pro,WashingtonDC_01,110.0,None,
2024-12-02,Tron-o-matic 5 Pro,Atlanta_01,110.0,None,
2024-12-02,Tron-o-matic 5 Pro,Philadelphia_01,110.0,None,
2024-12-03,Tron-o-matic 1,Online_Store,60.0,None,
2024-12-03,Tron-o-matic 1,LosAngeles_01,60.0,None,
2024-12-03,Tron-o-matic 1,NewYork_01,60.0,None,
2024-12-03,Tron-o-matic 1,NewYork_02,60.0,None,
2024-12-03,Tron-o-matic 1,Chicago_01,60.0,None,
2024-12-03,Tron-o-matic 1,Dallas_01,60.0,None,
2024-12-03,Tron-o-matic 1,Houston_01,60.0,None,
2024-12-03,Tron-o-matic 1,WashingtonDC_01,60.0,None,
2024-12-03,Tron-o-matic 1,Atlanta_01,60.0,None,
2024-12-03,Tron-o-matic 1,Philadelphia_01,60.0,None,
2024-12-03,Tron-o-matic 1 Pro,Online_Store,80.0,None,
2024-12-03,Tron-o-matic 1 Pro,LosAngeles_01,80.0,None,
2024-12-03,Tron-o-matic 1 Pro,NewYork_01,80.0,None,
2024-12-03,Tron-o-matic 1 Pro,NewYork_02,80.0,None,
2024-12-03,Tron-o-matic 1 Pro,Chicago_01,80.0,None,
2024-12-03,Tron-o-matic 1 Pro,Dallas_01,80.0,None,
2024-12-03,Tron-o-matic 1 Pro,Houston_01,80.0,None,
2024-12-03,Tron-o-matic 1 Pro,WashingtonDC_01,80.0,None,
2024-12-03,Tron-o-matic 1 Pro,Atlanta_01,80.0,None,
2024-12-03,Tron-o-matic 1 Pro,Philadelphia_01,80.0,None,
2024-12-03,Tron-o-matic 2,Online_Store,48.52,SMALL_DEAL,
2024-12-03,Tron-o-matic 2,LosAngeles_01,48.52,SMALL_DEAL,
2024-12-03,Tron-o-matic 2,NewYork_01,48.52,SMALL_DEAL,
2024-12-03,Tron-o-matic 2,NewYork_02,48.52,SMALL_DEAL,
2024-12-03,Tron-o-matic 2,Chicago_01,48.52,SMALL_DEAL,
2024-12-03,Tron-o-matic 2,Dallas_01,48.52,SMALL_DEAL,
2024-12-03,Tron-o-matic 2,Houston_01,48.52,SMALL_DEAL,
2024-12-03,Tron-o-matic 2,WashingtonDC_01,48.52,SMALL_DEAL,
2024-12-03,Tron-o-matic 2,Atlanta_01,48.52,SMALL_DEAL,
2024-12-03,Tron-o-matic 2,Philadelphia_01,48.52,SMALL_DEAL,
2024-12-03,Tron-o-matic 2 Pro,Online_Store,85.0,None,
2024-12-03,Tron-o-matic 2 Pro,LosAngeles_01,85.0,None,
2024-12-03,Tron-o-matic 2 Pro,NewYork_01,85.0,None,
2024-12-03,Tron-o-matic 2 Pro,NewYork_02,85.0,None,
2024-12-03,Tron-o-matic 2 Pro,Chicago_01,85.0,None,
2024-12-03,Tron-o-matic 2 Pro,Dallas_01,85.0,None,
2024-12-03,Tron-o-matic 2 Pro,Houston_01,85.0,None,
2024-12-03,Tron-o-matic 2 Pro,WashingtonDC_01,85.0,None,
2024-12-03,Tron-o-matic 2 Pro,Atlanta_01,85.0,None,
2024-12-03,Tron-o-matic 2 Pro,Philadelphia_01,85.0,None,
2024-12-03,Tron-o-matic 3,Online_Store,42.61,BIG_DEAL,
2024-12-03,Tron-o-matic 3,LosAngeles_01,42.61,BIG_DEAL,
2024-12-03,Tron-o-matic 3,NewYork_01,42.61,BIG_DEAL,
2024-12-03,Tron-o-matic 3,NewYork_02,42.61,BIG_DEAL,
2024-12-03,Tron-o-matic 3,Chicago_01,42.61,BIG_DEAL,
2024-12-03,Tron-o-matic 3,Dallas_01,42.61,BIG_DEAL,
2024-12-03,Tron-o-matic 3,Houston_01,42.61,BIG_DEAL,
2024-12-03,Tron-o-matic 3,WashingtonDC_01,42.61,BIG_DEAL,
2024-12-03,Tron-o-matic 3,Atlanta_01,42.61,BIG_DEAL,
2024-12-03,Tron-o-matic 3,Philadelphia_01,42.61,BIG_DEAL,
2024-12-03,Tron-o-matic 3 Pro,Online_Store,90.0,None,
2024-12-03,Tron-o-matic 3 Pro,LosAngeles_01,90.0,None,
2024-12-03,Tron-o-matic 3 Pro,NewYork_01,90.0,None,
2024-12-03,Tron-o-matic 3 Pro,NewYork_02,90.0,None,
2024-12-03,Tron-o-matic 3 Pro,Chicago_01,90.0,None,
2024-12-03,Tron-o-matic 3 Pro,Dallas_01,90.0,None,
2024-12-03,Tron-o-matic 3 Pro,Houston_01,90.0,None,
2024-12-03,Tron-o-matic 3 Pro,WashingtonDC_01,90.0,None,
2024-12-03,Tron-o-matic 3 Pro,Atlanta_01,90.0,None,
2024-12-03,Tron-o-matic 3 Pro,Philadelphia_01,90.0,None,
2024-12-03,Tron-o-matic 4,Online_Store,68.05,SMALL_DEAL,
2024-12-03,Tron-o-matic 4,LosAngeles_01,68.05,SMALL_DEAL,
2024-12-03,Tron-o-matic 4,NewYork_01,68.05,SMALL_DEAL,
2024-12-03,Tron-o-matic 4,NewYork_02,68.05,SMALL_DEAL,
2024-12-03,Tron-o-matic 4,Chicago_01,68.05,SMALL_DEAL,
2024-12-03,Tron-o-matic 4,Dallas_01,68.05,SMALL_DEAL,
2024-12-03,Tron-o-matic 4,Houston_01,68.05,SMALL_DEAL,
2024-12-03,Tron-o-matic 4,WashingtonDC_01,68.05,SMALL_DEAL,
2024-12-03,Tron-o-matic 4,Atlanta_01,68.05,SMALL_DEAL,
2024-12-03,Tron-o-matic 4,Philadelphia_01,68.05,SMALL_DEAL,
2024-12-03,Tron-o-matic 4 Pro,Online_Store,90.4,SMALL_DEAL,
2024-12-03,Tron-o-matic 4 Pro,LosAngeles_01,90.4,SMALL_DEAL,
2024-12-03,Tron-o-matic 4 Pro,NewYork_01,90.4,SMALL_DEAL,
2024-12-03,Tron-o-matic 4 Pro,NewYork_02,90.4,SMALL_DEAL,
2024-12-03,Tron-o-matic 4 Pro,Chicago_01,90.4,SMALL_DEAL,
2024-12-03,Tron-o-matic 4 Pro,Dallas_01,90.4,SMALL_DEAL,
2024-12-03,Tron-o-matic 4 Pro,Houston_01,90.4,SMALL_DEAL,
2024-12-03,Tron-o-matic 4 Pro,WashingtonDC_01,90.4,SMALL_DEAL,
2024-12-03,Tron-o-matic 4 Pro,Atlanta_01,90.4,SMALL_DEAL,
2024-12-03,Tron-o-matic 4 Pro,Philadelphia_01,90.4,SMALL_DEAL,
2024-12-03,Tron-o-matic 5,Online_Store,57.7,BIG_DEAL,
2024-12-03,Tron-o-matic 5,LosAngeles_01,57.7,BIG_DEAL,
2024-12-03,Tron-o-matic 5,NewYork_01,57.7,BIG_DEAL,
2024-12-03,Tron-o-matic 5,NewYork_02,57.7,BIG_DEAL,
2024-12-03,Tron-o-matic 5,Chicago_01,57.7,BIG_DEAL,
2024-12-03,Tron-o-matic 5,Dallas_01,57.7,BIG_DEAL,
2024-12-03,Tron-o-matic 5,Houston_01,57.7,BIG_DEAL,
2024-12-03,Tron-o-matic 5,WashingtonDC_01,57.7,BIG_DEAL,
2024-12-03,Tron-o-matic 5,Atlanta_01,57.7,BIG_DEAL,
2024-12-03,Tron-o-matic 5,Philadelphia_01,57.7,BIG_DEAL,
2024-12-03,Tron-o-matic 5 Pro,Online_Store,110.0,None,
2024-12-03,Tron-o-matic 5 Pro,LosAngeles_01,110.0,None,
2024-12-03,Tron-o-matic 5 Pro,NewYork_01,110.0,None,
2024-12-03,Tron-o-matic 5 Pro,NewYork_02,110.0,None,
2024-12-03,Tron-o-matic 5 Pro,Chicago_01,110.0,None,
2024-12-03,Tron-o-matic 5 Pro,Dallas_01,110.0,None,
2024-12-03,Tron-o-matic 5 Pro,Houston_01,110.0,None,
2024-12-03,Tron-o-matic 5 Pro,WashingtonDC_01,110.0,None,
2024-12-03,Tron-o-matic 5 Pro,Atlanta_01,110.0,None,
2024-12-03,Tron-o-matic 5 Pro,Philadelphia_01,110.0,None,
2024-12-04,Tron-o-matic 1,Online_Store,60.0,None,
2024-12-04,Tron-o-matic 1,LosAngeles_01,60.0,None,
2024-12-04,Tron-o-matic 1,NewYork_01,60.0,None,
2024-12-04,Tron-o-matic 1,NewYork_02,60.0,None,
2024-12-04,Tron-o-matic 1,Chicago_01,60.0,None,
2024-12-04,Tron-o-matic 1,Dallas_01,60.0,None,
2024-12-04,Tron-o-matic 1,Houston_01,60.0,None,
2024-12-04,Tron-o-matic 1,WashingtonDC_01,60.0,None,
2024-12-04,Tron-o-matic 1,Atlanta_01,60.0,None,
2024-12-04,Tron-o-matic 1,Philadelphia_01,60.0,None,
2024-12-04,Tron-o-matic 1 Pro,Online_Store,80.0,None,
2024-12-04,Tron-o-matic 1 Pro,LosAngeles_01,80.0,None,
2024-12-04,Tron-o-matic 1 Pro,NewYork_01,80.0,None,
2024-12-04,Tron-o-matic 1 Pro,NewYork_02,80.0,None,
2024-12-04,Tron-o-matic 1 Pro,Chicago_01,80.0,None,
2024-12-04,Tron-o-matic 1 Pro,Dallas_01,80.0,None,
2024-12-04,Tron-o-matic 1 Pro,Houston_01,80.0,None,
2024-12-04,Tron-o-matic 1 Pro,WashingtonDC_01,80.0,None,
2024-12-04,Tron-o-matic 1 Pro,Atlanta_01,80.0,None,
2024-12-04,Tron-o-matic 1 Pro,Philadelphia_01,80.0,None,
2024-12-04,Tron-o-matic 2,Online_Store,55.0,None,
2024-12-04,Tron-o-matic 2,LosAngeles_01,55.0,None,
2024-12-04,Tron-o-matic 2,NewYork_01,55.0,None,
2024-12-04,Tron-o-matic 2,NewYork_02,55.0,None,
2024-12-04,Tron-o-matic 2,Chicago_01,55.0,None,
2024-12-04,Tron-o-matic 2,Dallas_01,55.0,None,
2024-12-04,Tron-o-matic 2,Houston_01,55.0,None,
2024-12-04,Tron-o-matic 2,WashingtonDC_01,55.0,None,
2024-12-04,Tron-o-matic 2,Atlanta_01,55.0,None,
2024-12-04,Tron-o-matic 2,Philadelphia_01,55.0,None,
2024-12-04,Tron-o-matic 2 Pro,Online_Store,85.0,None,
2024-12-04,Tron-o-matic 2 Pro,LosAngeles_01,85.0,None,
2024-12-04,Tron-o-matic 2 Pro,NewYork_01,85.0,None,
2024-12-04,Tron-o-matic 2 Pro,NewYork_02,85.0,None,
2024-12-04,Tron-o-matic 2 Pro,Chicago_01,85.0,None,
2024-12-04,Tron-o-matic 2 Pro,Dallas_01,85.0,None,
2024-12-04,Tron-o-matic 2 Pro,Houston_01,85.0,None,
2024-12-04,Tron-o-matic 2 Pro,WashingtonDC_01,85.0,None,
2024-12-04,Tron-o-matic 2 Pro,Atlanta_01,85.0,None,
2024-12-04,Tron-o-matic 2 Pro,Philadelphia_01,85.0,None,
2024-12-04,Tron-o-matic 3,Online_Store,51.31,SMALL_DEAL,
2024-12-04,Tron-o-matic 3,LosAngeles_01,51.31,SMALL_DEAL,
2024-12-04,Tron-o-matic 3,NewYork_01,51.31,SMALL_DEAL,
2024-12-04,Tron-o-matic 3,NewYork_02,51.31,SMALL_DEAL,
2024-12-04,Tron-o-matic 3,Chicago_01,51.31,SMALL_DEAL,
2024-12-04,Tron-o-matic 3,Dallas_01,51.31,SMALL_DEAL,
2024-12-04,Tron-o-matic 3,Houston_01,51.31,SMALL_DEAL,
2024-12-04,Tron-o-matic 3,WashingtonDC_01,51.31,SMALL_DEAL,
2024-12-04,Tron-o-matic 3,Atlanta_01,51.31,SMALL_DEAL,
2024-12-04,Tron-o-matic 3,Philadelphia_01,51.31,SMALL_DEAL,
2024-12-04,Tron-o-matic 3 Pro,Online_Store,71.28,BIG_DEAL,
2024-12-04,Tron-o-matic 3 Pro,LosAngeles_01,71.28,BIG_DEAL,
2024-12-04,Tron-o-matic 3 Pro,NewYork_01,71.28,BIG_DEAL,
2024-12-04,Tron-o-matic 3 Pro,NewYork_02,71.28,BIG_DEAL,
2024-12-04,Tron-o-matic 3 Pro,Chicago_01,71.28,BIG_DEAL,
2024-12-04,Tron-o-matic 3 Pro,Dallas_01,71.28,BIG_DEAL,
2024-12-04,Tron-o-matic 3 Pro,Houston_01,71.28,BIG_DEAL,
2024-12-04,Tron-o-matic 3 Pro,WashingtonDC_01,71.28,BIG_DEAL,
2024-12-04,Tron-o-matic 3 Pro,Atlanta_01,71.28,BIG_DEAL,
2024-12-04,Tron-o-matic 3 Pro,Philadelphia_01,71.28,BIG_DEAL,
2024-12-04,Tron-o-matic 4,Online_Store,75.0,None,
2024-12-04,Tron-o-matic 4,LosAngeles_01,75.0,None,
2024-12-04,Tron-o-matic 4,NewYork_01,75.0,None,
2024-12-04,Tron-o-matic 4,NewYork_02,75.0,None,
2024-12-04,Tron-o-matic 4,Chicago_01,75.0,None,
2024-12-04,Tron-o-matic 4,Dallas_01,75.0,None,
2024-12-04,Tron-o-matic 4,Houston_01,75.0,None,
2024-12-04,Tron-o-matic 4,WashingtonDC_01,75.0,None,
2024-12-04,Tron-o-matic 4,Atlanta_01,75.0,None,
2024-12-04,Tron-o-matic 4,Philadelphia_01,75.0,None,
2024-12-04,Tron-o-matic 4 Pro,Online_Store,100.0,None,
2024-12-04,Tron-o-matic 4 Pro,LosAngeles_01,100.0,None,
2024-12-04,Tron-o-matic 4 Pro,NewYork_01,100.0,None,
2024-12-04,Tron-o-matic 4 Pro,NewYork_02,100.0,None,
2024-12-04,Tron-o-matic 4 Pro,Chicago_01,100.0,None,
2024-12-04,Tron-o-matic 4 Pro,Dallas_01,100.0,None,
2024-12-04,Tron-o-matic 4 Pro,Houston_01,100.0,None,
2024-12-04,Tron-o-matic 4 Pro,WashingtonDC_01,100.0,None,
2024-12-04,Tron-o-matic 4 Pro,Atlanta_01,100.0,None,
2024-12-04,Tron-o-matic 4 Pro,Philadelphia_01,100.0,None,
2024-12-04,Tron-o-matic 5,Online_Store,80.0,None,
2024-12-04,Tron-o-matic 5,LosAngeles_01,80.0,None,
2024-12-04,Tron-o-matic 5,NewYork_01,80.0,None,
2024-12-04,Tron-o-matic 5,NewYork_02,80.0,None,
2024-12-04,Tron-o-matic 5,Chicago_01,80.0,None,
2024-12-04,Tron-o-matic 5,Dallas_01,80.0,None,
2024-12-04,Tron-o-matic 5,Houston_01,80.0,None,
2024-12-04,Tron-o-matic 5,WashingtonDC_01,80.0,None,
2024-12-04,Tron-o-matic 5,Atlanta_01,80.0,None,
2024-12-04,Tron-o-matic 5,Philadelphia_01,80.0,None,
2024-12-04,Tron-o-matic 5 Pro,Online_Store,110.0,None,
2024-12-04,Tron-o-matic 5 Pro,LosAngeles_01,110.0,None,
2024-12-04,Tron-o-matic 5 Pro,NewYork_01,110.0,None,
2024-12-04,Tron-o-matic 5 Pro,NewYork_02,110.0,None,
2024-12-04,Tron-o-matic 5 Pro,Chicago_01,110.0,None,
2024-12-04,Tron-o-matic 5 Pro,Dallas_01,110.0,None,
2024-12-04,Tron-o-matic 5 Pro,Houston_01,110.0,None,
2024-12-04,Tron-o-matic 5 Pro,WashingtonDC_01,110.0,None,
2024-12-04,Tron-o-matic 5 Pro,Atlanta_01,110.0,None,
2024-12-04,Tron-o-matic 5 Pro,Philadelphia_01,110.0,None,
2024-12-05,Tron-o-matic 1,Online_Store,60.0,None,
2024-12-05,Tron-o-matic 1,LosAngeles_01,60.0,None,
2024-12-05,Tron-o-matic 1,NewYork_01,60.0,None,
2024-12-05,Tron-o-matic 1,NewYork_02,60.0,None,
2024-12-05,Tron-o-matic 1,Chicago_01,60.0,None,
2024-12-05,Tron-o-matic 1,Dallas_01,60.0,None,
2024-12-05,Tron-o-matic 1,Houston_01,60.0,None,
2024-12-05,Tron-o-matic 1,WashingtonDC_01,60.0,None,
2024-12-05,Tron-o-matic 1,Atlanta_01,60.0,None,
2024-12-05,Tron-o-matic 1,Philadelphia_01,60.0,None,
2024-12-05,Tron-o-matic 1 Pro,Online_Store,68.53,SMALL_DEAL,
2024-12-05,Tron-o-matic 1 Pro,LosAngeles_01,68.53,SMALL_DEAL,
2024-12-05,Tron-o-matic 1 Pro,NewYork_01,68.53,SMALL_DEAL,
2024-12-05,Tron-o-matic 1 Pro,NewYork_02,68.53,SMALL_DEAL,
2024-12-05,Tron-o-matic 1 Pro,Chicago_01,68.53,SMALL_DEAL,
2024-12-05,Tron-o-matic 1 Pro,Dallas_01,68.53,SMALL_DEAL,
2024-12-05,Tron-o-matic 1 Pro,Houston_01,68.53,SMALL_DEAL,
2024-12-05,Tron-o-matic 1 Pro,WashingtonDC_01,68.53,SMALL_DEAL,
2024-12-05,Tron-o-matic 1 Pro,Atlanta_01,68.53,SMALL_DEAL,
2024-12-05,Tron-o-matic 1 Pro,Philadelphia_01,68.53,SMALL_DEAL,
2024-12-05,Tron-o-matic 2,Online_Store,55.0,None,
2024-12-05,Tron-o-matic 2,LosAngeles_01,55.0,None,
2024-12-05,Tron-o-matic 2,NewYork_01,55.0,None,
2024-12-05,Tron-o-matic 2,NewYork_02,55.0,None,
2024-12-05,Tron-o-matic 2,Chicago_01,55.0,None,
2024-12-05,Tron-o-matic 2,Dallas_01,55.0,None,
2024-12-05,Tron-o-matic 2,Houston_01,55.0,None,
2024-12-05,Tron-o-matic 2,WashingtonDC_01,55.0,None,
2024-12-05,Tron-o-matic 2,Atlanta_01,55.0,None,
2024-12-05,Tron-o-matic 2,Philadelphia_01,55.0,None,
2024-12-05,Tron-o-matic 2 Pro,Online_Store,85.0,None,
2024-12-05,Tron-o-matic 2 Pro,LosAngeles_01,85.0,None,
2024-12-05,Tron-o-matic 2 Pro,NewYork_01,85.0,None,
2024-12-05,Tron-o-matic 2 Pro,NewYork_02,85.0,None,
2024-12-05,Tron-o-matic 2 Pro,Chicago_01,85.0,None,
2024-12-05,Tron-o-matic 2 Pro,Dallas_01,85.0,None,
2024-12-05,Tron-o-matic 2 Pro,Houston_01,85.0,None,
2024-12-05,Tron-o-matic 2 Pro,WashingtonDC_01,85.0,None,
2024-12-05,Tron-o-matic 2 Pro,Atlanta_01,85.0,None,
2024-12-05,Tron-o-matic 2 Pro,Philadelphia_01,85.0,None,
2024-12-05,Tron-o-matic 3,Online_Store,60.0,None,
2024-12-05,Tron-o-matic 3,LosAngeles_01,60.0,None,
2024-12-05,Tron-o-matic 3,NewYork_01,60.0,None,
2024-12-05,Tron-o-matic 3,NewYork_02,60.0,None,
2024-12-05,Tron-o-matic 3,Chicago_01,60.0,None,
2024-12-05,Tron-o-matic 3,Dallas_01,60.0,None,
2024-12-05,Tron-o-matic 3,Houston_01,60.0,None,
2024-12-05,Tron-o-matic 3,WashingtonDC_01,60.0,None,
2024-12-05,Tron-o-matic 3,Atlanta_01,60.0,None,
2024-12-05,Tron-o-matic 3,Philadelphia_01,60.0,None,
2024-12-05,Tron-o-matic 3 Pro,Online_Store,90.0,None,
2024-12-05,Tron-o-matic 3 Pro,LosAngeles_01,90.0,None,
2024-12-05,Tron-o-matic 3 Pro,NewYork_01,90.0,None,
2024-12-05,Tron-o-matic 3 Pro,NewYork_02,90.0,None,
2024-12-05,Tron-o-matic 3 Pro,Chicago_01,90.0,None,
2024-12-05,Tron-o-matic 3 Pro,Dallas_01,90.0,None,
2024-12-05,Tron-o-matic 3 Pro,Houston_01,90.0,None,
2024-12-05,Tron-o-matic 3 Pro,WashingtonDC_01,90.0,None,
2024-12-05,Tron-o-matic 3 Pro,Atlanta_01,90.0,None,
2024-12-05,Tron-o-matic 3 Pro,Philadelphia_01,90.0,None,
2024-12-05,Tron-o-matic 4,Online_Store,75.0,None,
2024-12-05,Tron-o-matic 4,LosAngeles_01,75.0,None,
2024-12-05,Tron-o-matic 4,NewYork_01,75.0,None,
2024-12-05,Tron-o-matic 4,NewYork_02,75.0,None,
2024-12-05,Tron-o-matic 4,Chicago_01,75.0,None,
2024-12-05,Tron-o-matic 4,Dallas_01,75.0,None,
2024-12-05,Tron-o-matic 4,Houston_01,75.0,None,
2024-12-05,Tron-o-matic 4,WashingtonDC_01,75.0,None,
2024-12-05,Tron-o-matic 4,Atlanta_01,75.0,None,
2024-12-05,Tron-o-matic 4,Philadelphia_01,75.0,None,
2024-12-05,Tron-o-matic 4 Pro,Online_Store,100.0,None,
2024-12-05,Tron-o-matic 4 Pro,LosAngeles_01,100.0,None,
2024-12-05,Tron-o-matic 4 Pro,NewYork_01,100.0,None,
2024-12-05,Tron-o-matic 4 Pro,NewYork_02,100.0,None,
2024-12-05,Tron-o-matic 4 Pro,Chicago_01,100.0,None,
2024-12-05,Tron-o-matic 4 Pro,Dallas_01,100.0,None,
2024-12-05,Tron-o-matic 4 Pro,Houston_01,100.0,None,
2024-12-05,Tron-o-matic 4 Pro,WashingtonDC_01,100.0,None,
2024-12-05,Tron-o-matic 4 Pro,Atlanta_01,100.0,None,
2024-12-05,Tron-o-matic 4 Pro,Philadelphia_01,100.0,None,
2024-12-05,Tron-o-matic 5,Online_Store,80.0,None,
2024-12-05,Tron-o-matic 5,LosAngeles_01,80.0,None,
2024-12-05,Tron-o-matic 5,NewYork_01,80.0,None,
2024-12-05,Tron-o-matic 5,NewYork_02,80.0,None,
2024-12-05,Tron-o-matic 5,Chicago_01,80.0,None,
2024-12-05,Tron-o-matic 5,Dallas_01,80.0,None,
2024-12-05,Tron-o-matic 5,Houston_01,80.0,None,
2024-12-05,Tron-o-matic 5,WashingtonDC_01,80.0,None,
2024-12-05,Tron-o-matic 5,Atlanta_01,80.0,None,
2024-12-05,Tron-o-matic 5,Philadelphia_01,80.0,None,
2024-12-05,Tron-o-matic 5 Pro,Online_Store,110.0,None,
2024-12-05,Tron-o-matic 5 Pro,LosAngeles_01,110.0,None,
2024-12-05,Tron-o-matic 5 Pro,NewYork_01,110.0,None,
2024-12-05,Tron-o-matic 5 Pro,NewYork_02,110.0,None,
2024-12-05,Tron-o-matic 5 Pro,Chicago_01,110.0,None,
2024-12-05,Tron-o-matic 5 Pro,Dallas_01,110.0,None,
2024-12-05,Tron-o-matic 5 Pro,Houston_01,110.0,None,
2024-12-05,Tron-o-matic 5 Pro,WashingtonDC_01,110.0,None,
2024-12-05,Tron-o-matic 5 Pro,Atlanta_01,110.0,None,
2024-12-05,Tron-o-matic 5 Pro,Philadelphia_01,110.0,None,
2024-12-06,Tron-o-matic 1,Online_Store,60.0,None,
2024-12-06,Tron-o-matic 1,LosAngeles_01,60.0,None,
2024-12-06,Tron-o-matic 1,NewYork_01,60.0,None,
2024-12-06,Tron-o-matic 1,NewYork_02,60.0,None,
2024-12-06,Tron-o-matic 1,Chicago_01,60.0,None,
2024-12-06,Tron-o-matic 1,Dallas_01,60.0,None,
2024-12-06,Tron-o-matic 1,Houston_01,60.0,None,
2024-12-06,Tron-o-matic 1,WashingtonDC_01,60.0,None,
2024-12-06,Tron-o-matic 1,Atlanta_01,60.0,None,
2024-12-06,Tron-o-matic 1,Philadelphia_01,60.0,None,
2024-12-06,Tron-o-matic 1 Pro,Online_Store,62.11,BIG_DEAL,
2024-12-06,Tron-o-matic 1 Pro,LosAngeles_01,62.11,BIG_DEAL,
2024-12-06,Tron-o-matic 1 Pro,NewYork_01,62.11,BIG_DEAL,
2024-12-06,Tron-o-matic 1 Pro,NewYork_02,62.11,BIG_DEAL,
2024-12-06,Tron-o-matic 1 Pro,Chicago_01,62.11,BIG_DEAL,
2024-12-06,Tron-o-matic 1 Pro,Dallas_01,62.11,BIG_DEAL,
2024-12-06,Tron-o-matic 1 Pro,Houston_01,62.11,BIG_DEAL,
2024-12-06,Tron-o-matic 1 Pro,WashingtonDC_01,62.11,BIG_DEAL,
2024-12-06,Tron-o-matic 1 Pro,Atlanta_01,62.11,BIG_DEAL,
2024-12-06,Tron-o-matic 1 Pro,Philadelphia_01,62.11,BIG_DEAL,
2024-12-06,Tron-o-matic 2,Online_Store,49.91,SMALL_DEAL,
2024-12-06,Tron-o-matic 2,LosAngeles_01,49.91,SMALL_DEAL,
2024-12-06,Tron-o-matic 2,NewYork_01,49.91,SMALL_DEAL,
2024-12-06,Tron-o-matic 2,NewYork_02,49.91,SMALL_DEAL,
2024-12-06,Tron-o-matic 2,Chicago_01,49.91,SMALL_DEAL,
2024-12-06,Tron-o-matic 2,Dallas_01,49.91,SMALL_DEAL,
2024-12-06,Tron-o-matic 2,Houston_01,49.91,SMALL_DEAL,
2024-12-06,Tron-o-matic 2,WashingtonDC_01,49.91,SMALL_DEAL,
2024-12-06,Tron-o-matic 2,Atlanta_01,49.91,SMALL_DEAL,
2024-12-06,Tron-o-matic 2,Philadelphia_01,49.91,SMALL_DEAL,
2024-12-06,Tron-o-matic 2 Pro,Online_Store,85.0,None,
2024-12-06,Tron-o-matic 2 Pro,LosAngeles_01,85.0,None,
2024-12-06,Tron-o-matic 2 Pro,NewYork_01,85.0,None,
2024-12-06,Tron-o-matic 2 Pro,NewYork_02,85.0,None,
2024-12-06,Tron-o-matic 2 Pro,Chicago_01,85.0,None,
2024-12-06,Tron-o-matic 2 Pro,Dallas_01,85.0,None,
2024-12-06,Tron-o-matic 2 Pro,Houston_01,85.0,None,
2024-12-06,Tron-o-matic 2 Pro,WashingtonDC_01,85.0,None,
2024-12-06,Tron-o-matic 2 Pro,Atlanta_01,85.0,None,
2024-12-06,Tron-o-matic 2 Pro,Philadelphia_01,85.0,None,
2024-12-06,Tron-o-matic 3,Online_Store,56.15,SMALL_DEAL,
2024-12-06,Tron-o-matic 3,LosAngeles_01,56.15,SMALL_DEAL,
2024-12-06,Tron-o-matic 3,NewYork_01,56.15,SMALL_DEAL,
2024-12-06,Tron-o-matic 3,NewYork_02,56.15,SMALL_DEAL,
2024-12-06,Tron-o-matic 3,Chicago_01,56.15,SMALL_DEAL,
2024-12-06,Tron-o-matic 3,Dallas_01,56.15,SMALL_DEAL,
2024-12-06,Tron-o-matic 3,Houston_01,56.15,SMALL_DEAL,
2024-12-06,Tron-o-matic 3,WashingtonDC_01,56.15,SMALL_DEAL,
2024-12-06,Tron-o-matic 3,Atlanta_01,56.15,SMALL_DEAL,
2024-12-06,Tron-o-matic 3,Philadelphia_01,56.15,SMALL_DEAL,
2024-12-06,Tron-o-matic 3 Pro,Online_Store,90.0,None,
2024-12-06,Tron-o-matic 3 Pro,LosAngeles_01,90.0,None,
2024-12-06,Tron-o-matic 3 Pro,NewYork_01,90.0,None,
2024-12-06,Tron-o-matic 3 Pro,NewYork_02,90.0,None,
2024-12-06,Tron-o-matic 3 Pro,Chicago_01,90.0,None,
2024-12-06,Tron-o-matic 3 Pro,Dallas_01,90.0,None,
2024-12-06,Tron-o-matic 3 Pro,Houston_01,90.0,None,
2024-12-06,Tron-o-matic 3 Pro,WashingtonDC_01,90.0,None,
2024-12-06,Tron-o-matic 3 Pro,Atlanta_01,90.0,None,
2024-12-06,Tron-o-matic 3 Pro,Philadelphia_01,90.0,None,
2024-12-06,Tron-o-matic 4,Online_Store,75.0,None,
2024-12-06,Tron-o-matic 4,LosAngeles_01,75.0,None,
2024-12-06,Tron-o-matic 4,NewYork_01,75.0,None,
2024-12-06,Tron-o-matic 4,NewYork_02,75.0,None,
2024-12-06,Tron-o-matic 4,Chicago_01,75.0,None,
2024-12-06,Tron-o-matic 4,Dallas_01,75.0,None,
2024-12-06,Tron-o-matic 4,Houston_01,75.0,None,
2024-12-06,Tron-o-matic 4,WashingtonDC_01,75.0,None,
2024-12-06,Tron-o-matic 4,Atlanta_01,75.0,None,
2024-12-06,Tron-o-matic 4,Philadelphia_01,75.0,None,
2024-12-06,Tron-o-matic 4 Pro,Online_Store,100.0,None,
2024-12-06,Tron-o-matic 4 Pro,LosAngeles_01,100.0,None,
2024-12-06,Tron-o-matic 4 Pro,NewYork_01,100.0,None,
2024-12-06,Tron-o-matic 4 Pro,NewYork_02,100.0,None,
2024-12-06,Tron-o-matic 4 Pro,Chicago_01,100.0,None,
2024-12-06,Tron-o-matic 4 Pro,Dallas_01,100.0,None,
2024-12-06,Tron-o-matic 4 Pro,Houston_01,100.0,None,
2024-12-06,Tron-o-matic 4 Pro,WashingtonDC_01,100.0,None,
2024-12-06,Tron-o-matic 4 Pro,Atlanta_01,100.0,None,
2024-12-06,Tron-o-matic 4 Pro,Philadelphia_01,100.0,None,
2024-12-06,Tron-o-matic 5,Online_Store,80.0,None,
2024-12-06,Tron-o-matic 5,LosAngeles_01,80.0,None,
2024-12-06,Tron-o-matic 5,NewYork_01,80.0,None,
2024-12-06,Tron-o-matic 5,NewYork_02,80.0,None,
2024-12-06,Tron-o-matic 5,Chicago_01,80.0,None,
2024-12-06,Tron-o-matic 5,Dallas_01,80.0,None,
2024-12-06,Tron-o-matic 5,Houston_01,80.0,None,
2024-12-06,Tron-o-matic 5,WashingtonDC_01,80.0,None,
2024-12-06,Tron-o-matic 5,Atlanta_01,80.0,None,
2024-12-06,Tron-o-matic 5,Philadelphia_01,80.0,None,
2024-12-06,Tron-o-matic 5 Pro,Online_Store,82.88,BIG_DEAL,
2024-12-06,Tron-o-matic 5 Pro,LosAngeles_01,82.88,BIG_DEAL,
2024-12-06,Tron-o-matic 5 Pro,NewYork_01,82.88,BIG_DEAL,
2024-12-06,Tron-o-matic 5 Pro,NewYork_02,82.88,BIG_DEAL,
2024-12-06,Tron-o-matic 5 Pro,Chicago_01,82.88,BIG_DEAL,
2024-12-06,Tron-o-matic 5 Pro,Dallas_01,82.88,BIG_DEAL,
2024-12-06,Tron-o-matic 5 Pro,Houston_01,82.88,BIG_DEAL,
2024-12-06,Tron-o-matic 5 Pro,WashingtonDC_01,82.88,BIG_DEAL,
2024-12-06,Tron-o-matic 5 Pro,Atlanta_01,82.88,BIG_DEAL,
2024-12-06,Tron-o-matic 5 Pro,Philadelphia_01,82.88,BIG_DEAL,
2024-12-07,Tron-o-matic 1,Online_Store,60.0,None,
2024-12-07,Tron-o-matic 1,LosAngeles_01,60.0,None,
2024-12-07,Tron-o-matic 1,NewYork_01,60.0,None,
2024-12-07,Tron-o-matic 1,NewYork_02,60.0,None,
2024-12-07,Tron-o-matic 1,Chicago_01,60.0,None,
2024-12-07,Tron-o-matic 1,Dallas_01,60.0,None,
2024-12-07,Tron-o-matic 1,Houston_01,60.0,None,
2024-12-07,Tron-o-matic 1,WashingtonDC_01,60.0,None,
2024-12-07,Tron-o-matic 1,Atlanta_01,60.0,None,
2024-12-07,Tron-o-matic 1,Philadelphia_01,60.0,None,
2024-12-07,Tron-o-matic 1 Pro,Online_Store,80.0,None,
2024-12-07,Tron-o-matic 1 Pro,LosAngeles_01,80.0,None,
2024-12-07,Tron-o-matic 1 Pro,NewYork_01,80.0,None,
2024-12-07,Tron-o-matic 1 Pro,NewYork_02,80.0,None,
2024-12-07,Tron-o-matic 1 Pro,Chicago_01,80.0,None,
2024-12-07,Tron-o-matic 1 Pro,Dallas_01,80.0,None,
2024-12-07,Tron-o-matic 1 Pro,Houston_01,80.0,None,
2024-12-07,Tron-o-matic 1 Pro,WashingtonDC_01,80.0,None,
2024-12-07,Tron-o-matic 1 Pro,Atlanta_01,80.0,None,
2024-12-07,Tron-o-matic 1 Pro,Philadelphia_01,80.0,None,
2024-12-07,Tron-o-matic 2,Online_Store,51.49,SMALL_DEAL,
2024-12-07,Tron-o-matic 2,LosAngeles_01,51.49,SMALL_DEAL,
2024-12-07,Tron-o-matic 2,NewYork_01,51.49,SMALL_DEAL,
2024-12-07,Tron-o-matic 2,NewYork_02,51.49,SMALL_DEAL,
2024-12-07,Tron-o-matic 2,Chicago_01,51.49,SMALL_DEAL,
2024-12-07,Tron-o-matic 2,Dallas_01,51.49,SMALL_DEAL,
2024-12-07,Tron-o-matic 2,Houston_01,51.49,SMALL_DEAL,
2024-12-07,Tron-o-matic 2,WashingtonDC_01,51.49,SMALL_DEAL,
2024-12-07,Tron-o-matic 2,Atlanta_01,51.49,SMALL_DEAL,
2024-12-07,Tron-o-matic 2,Philadelphia_01,51.49,SMALL_DEAL,
2024-12-07,Tron-o-matic 2 Pro,Online_Store,74.93,SMALL_DEAL,
2024-12-07,Tron-o-matic 2 Pro,LosAngeles_01,74.93,SMALL_DEAL,
2024-12-07,Tron-o-matic 2 Pro,NewYork_01,74.93,SMALL_DEAL,
2024-12-07,Tron-o-matic 2 Pro,NewYork_02,74.93,SMALL_DEAL,
2024-12-07,Tron-o-matic 2 Pro,Chicago_01,74.93,SMALL_DEAL,
2024-12-07,Tron-o-matic 2 Pro,Dallas_01,74.93,SMALL_DEAL,
2024-12-07,Tron-o-matic 2 Pro,Houston_01,74.93,SMALL_DEAL,
2024-12-07,Tron-o-matic 2 Pro,WashingtonDC_01,74.93,SMALL_DEAL,
2024-12-07,Tron-o-matic 2 Pro,Atlanta_01,74.93,SMALL_DEAL,
2024-12-07,Tron-o-matic 2 Pro,Philadelphia_01,74.93,SMALL_DEAL,
2024-12-07,Tron-o-matic 3,Online_Store,51.48,SMALL_DEAL,
2024-12-07,Tron-o-matic 3,LosAngeles_01,51.48,SMALL_DEAL,
2024-12-07,Tron-o-matic 3,NewYork_01,51.48,SMALL_DEAL,
2024-12-07,Tron-o-matic 3,NewYork_02,51.48,SMALL_DEAL,
2024-12-07,Tron-o-matic 3,Chicago_01,51.48,SMALL_DEAL,
2024-12-07,Tron-o-matic 3,Dallas_01,51.48,SMALL_DEAL,
2024-12-07,Tron-o-matic 3,Houston_01,51.48,SMALL_DEAL,
2024-12-07,Tron-o-matic 3,WashingtonDC_01,51.48,SMALL_DEAL,
2024-12-07,Tron-o-matic 3,Atlanta_01,51.48,SMALL_DEAL,
2024-12-07,Tron-o-matic 3,Philadelphia_01,51.48,SMALL_DEAL,
2024-12-07,Tron-o-matic 3 Pro,Online_Store,85.02,SMALL_DEAL,
2024-12-07,Tron-o-matic 3 Pro,LosAngeles_01,85.02,SMALL_DEAL,
2024-12-07,Tron-o-matic 3 Pro,NewYork_01,85.02,SMALL_DEAL,
2024-12-07,Tron-o-matic 3 Pro,NewYork_02,85.02,SMALL_DEAL,
2024-12-07,Tron-o-matic 3 Pro,Chicago_01,85.02,SMALL_DEAL,
2024-12-07,Tron-o-matic 3 Pro,Dallas_01,85.02,SMALL_DEAL,
2024-12-07,Tron-o-matic 3 Pro,Houston_01,85.02,SMALL_DEAL,
2024-12-07,Tron-o-matic 3 Pro,WashingtonDC_01,85.02,SMALL_DEAL,
2024-12-07,Tron-o-matic 3 Pro,Atlanta_01,85.02,SMALL_DEAL,
2024-12-07,Tron-o-matic 3 Pro,Philadelphia_01,85.02,SMALL_DEAL,
2024-12-07,Tron-o-matic 4,Online_Store,75.0,None,
2024-12-07,Tron-o-matic 4,LosAngeles_01,75.0,None,
2024-12-07,Tron-o-matic 4,NewYork_01,75.0,None,
2024-12-07,Tron-o-matic 4,NewYork_02,75.0,None,
2024-12-07,Tron-o-matic 4,Chicago_01,75.0,None,
2024-12-07,Tron-o-matic 4,Dallas_01,75.0,None,
2024-12-07,Tron-o-matic 4,Houston_01,75.0,None,
2024-12-07,Tron-o-matic 4,WashingtonDC_01,75.0,None,
2024-12-07,Tron-o-matic 4,Atlanta_01,75.0,None,
2024-12-07,Tron-o-matic 4,Philadelphia_01,75.0,None,
2024-12-07,Tron-o-matic 4 Pro,Online_Store,85.22,SMALL_DEAL,
2024-12-07,Tron-o-matic 4 Pro,LosAngeles_01,85.22,SMALL_DEAL,
2024-12-07,Tron-o-matic 4 Pro,NewYork_01,85.22,SMALL_DEAL,
2024-12-07,Tron-o-matic 4 Pro,NewYork_02,85.22,SMALL_DEAL,
2024-12-07,Tron-o-matic 4 Pro,Chicago_01,85.22,SMALL_DEAL,
2024-12-07,Tron-o-matic 4 Pro,Dallas_01,85.22,SMALL_DEAL,
2024-12-07,Tron-o-matic 4 Pro,Houston_01,85.22,SMALL_DEAL,
2024-12-07,Tron-o-matic 4 Pro,WashingtonDC_01,85.22,SMALL_DEAL,
2024-12-07,Tron-o-matic 4 Pro,Atlanta_01,85.22,SMALL_DEAL,
2024-12-07,Tron-o-matic 4 Pro,Philadelphia_01,85.22,SMALL_DEAL,
2024-12-07,Tron-o-matic 5,Online_Store,80.0,None,
2024-12-07,Tron-o-matic 5,LosAngeles_01,80.0,None,
2024-12-07,Tron-o-matic 5,NewYork_01,80.0,None,
2024-12-07,Tron-o-matic 5,NewYork_02,80.0,None,
2024-12-07,Tron-o-matic 5,Chicago_01,80.0,None,
2024-12-07,Tron-o-matic 5,Dallas_01,80.0,None,
2024-12-07,Tron-o-matic 5,Houston_01,80.0,None,
2024-12-07,Tron-o-matic 5,WashingtonDC_01,80.0,None,
2024-12-07,Tron-o-matic 5,Atlanta_01,80.0,None,
2024-12-07,Tron-o-matic 5,Philadelphia_01,80.0,None,
2024-12-07,Tron-o-matic 5 Pro,Online_Store,110.0,None,
2024-12-07,Tron-o-matic 5 Pro,LosAngeles_01,110.0,None,
2024-12-07,Tron-o-matic 5 Pro,NewYork_01,110.0,None,
2024-12-07,Tron-o-matic 5 Pro,NewYork_02,110.0,None,
2024-12-07,Tron-o-matic 5 Pro,Chicago_01,110.0,None,
2024-12-07,Tron-o-matic 5 Pro,Dallas_01,110.0,None,
2024-12-07,Tron-o-matic 5 Pro,Houston_01,110.0,None,
2024-12-07,Tron-o-matic 5 Pro,WashingtonDC_01,110.0,None,
2024-12-07,Tron-o-matic 5 Pro,Atlanta_01,110.0,None,
2024-12-07,Tron-o-matic 5 Pro,Philadelphia_01,110.0,None,
2024-12-08,Tron-o-matic 1,Online_Store,60.0,None,
2024-12-08,Tron-o-matic 1,LosAngeles_01,60.0,None,
2024-12-08,Tron-o-matic 1,NewYork_01,60.0,None,
2024-12-08,Tron-o-matic 1,NewYork_02,60.0,None,
2024-12-08,Tron-o-matic 1,Chicago_01,60.0,None,
2024-12-08,Tron-o-matic 1,Dallas_01,60.0,None,
2024-12-08,Tron-o-matic 1,Houston_01,60.0,None,
2024-12-08,Tron-o-matic 1,WashingtonDC_01,60.0,None,
2024-12-08,Tron-o-matic 1,Atlanta_01,60.0,None,
2024-12-08,Tron-o-matic 1,Philadelphia_01,60.0,None,
2024-12-08,Tron-o-matic 1 Pro,Online_Store,73.61,SMALL_DEAL,
2024-12-08,Tron-o-matic 1 Pro,LosAngeles_01,73.61,SMALL_DEAL,
2024-12-08,Tron-o-matic 1 Pro,NewYork_01,73.61,SMALL_DEAL,
2024-12-08,Tron-o-matic 1 Pro,NewYork_02,73.61,SMALL_DEAL,
2024-12-08,Tron-o-matic 1 Pro,Chicago_01,73.61,SMALL_DEAL,
2024-12-08,Tron-o-matic 1 Pro,Dallas_01,73.61,SMALL_DEAL,
2024-12-08,Tron-o-matic 1 Pro,Houston_01,73.61,SMALL_DEAL,
2024-12-08,Tron-o-matic 1 Pro,WashingtonDC_01,73.61,SMALL_DEAL,
2024-12-08,Tron-o-matic 1 Pro,Atlanta_01,73.61,SMALL_DEAL,
2024-12-08,Tron-o-matic 1 Pro,Philadelphia_01,73.61,SMALL_DEAL,
2024-12-08,Tron-o-matic 2,Online_Store,55.0,None,
2024-12-08,Tron-o-matic 2,LosAngeles_01,55.0,None,
2024-12-08,Tron-o-matic 2,NewYork_01,55.0,None,
2024-12-08,Tron-o-matic 2,NewYork_02,55.0,None,
2024-12-08,Tron-o-matic 2,Chicago_01,55.0,None,
2024-12-08,Tron-o-matic 2,Dallas_01,55.0,None,
2024-12-08,Tron-o-matic 2,Houston_01,55.0,None,
2024-12-08,Tron-o-matic 2,WashingtonDC_01,55.0,None,
2024-12-08,Tron-o-matic 2,Atlanta_01,55.0,None,
2024-12-08,Tron-o-matic 2,Philadelphia_01,55.0,None,
2024-12-08,Tron-o-matic 2 Pro,Online_Store,85.0,None,
2024-12-08,Tron-o-matic 2 Pro,LosAngeles_01,85.0,None,
2024-12-08,Tron-o-matic 2 Pro,NewYork_01,85.0,None,
2024-12-08,Tron-o-matic 2 Pro,NewYork_02,85.0,None,
2024-12-08,Tron-o-matic 2 Pro,Chicago_01,85.0,None,
2024-12-08,Tron-o-matic 2 Pro,Dallas_01,85.0,None,
2024-12-08,Tron-o-matic 2 Pro,Houston_01,85.0,None,
2024-12-08,Tron-o-matic 2 Pro,WashingtonDC_01,85.0,None,
2024-12-08,Tron-o-matic 2 Pro,Atlanta_01,85.0,None,
2024-12-08,Tron-o-matic 2 Pro,Philadelphia_01,85.0,None,
2024-12-08,Tron-o-matic 3,Online_Store,60.0,None,
2024-12-08,Tron-o-matic 3,LosAngeles_01,60.0,None,
2024-12-08,Tron-o-matic 3,NewYork_01,60.0,None,
2024-12-08,Tron-o-matic 3,NewYork_02,60.0,None,
2024-12-08,Tron-o-matic 3,Chicago_01,60.0,None,
2024-12-08,Tron-o-matic 3,Dallas_01,60.0,None,
2024-12-08,Tron-o-matic 3,Houston_01,60.0,None,
2024-12-08,Tron-o-matic 3,WashingtonDC_01,60.0,None,
2024-12-08,Tron-o-matic 3,Atlanta_01,60.0,None,
2024-12-08,Tron-o-matic 3,Philadelphia_01,60.0,None,
2024-12-08,Tron-o-matic 3 Pro,Online_Store,63.5,BIG_DEAL,
2024-12-08,Tron-o-matic 3 Pro,LosAngeles_01,63.5,BIG_DEAL,
2024-12-08,Tron-o-matic 3 Pro,NewYork_01,63.5,BIG_DEAL,
2024-12-08,Tron-o-matic 3 Pro,NewYork_02,63.5,BIG_DEAL,
2024-12-08,Tron-o-matic 3 Pro,Chicago_01,63.5,BIG_DEAL,
2024-12-08,Tron-o-matic 3 Pro,Dallas_01,63.5,BIG_DEAL,
2024-12-08,Tron-o-matic 3 Pro,Houston_01,63.5,BIG_DEAL,
2024-12-08,Tron-o-matic 3 Pro,WashingtonDC_01,63.5,BIG_DEAL,
2024-12-08,Tron-o-matic 3 Pro,Atlanta_01,63.5,BIG_DEAL,
2024-12-08,Tron-o-matic 3 Pro,Philadelphia_01,63.5,BIG_DEAL,
2024-12-08,Tron-o-matic 4,Online_Store,55.66,BIG_DEAL,
2024-12-08,Tron-o-matic 4,LosAngeles_01,55.66,BIG_DEAL,
2024-12-08,Tron-o-matic 4,NewYork_01,55.66,BIG_DEAL,
2024-12-08,Tron-o-matic 4,NewYork_02,55.66,BIG_DEAL,
2024-12-08,Tron-o-matic 4,Chicago_01,55.66,BIG_DEAL,
2024-12-08,Tron-o-matic 4,Dallas_01,55.66,BIG_DEAL,
2024-12-08,Tron-o-matic 4,Houston_01,55.66,BIG_DEAL,
2024-12-08,Tron-o-matic 4,WashingtonDC_01,55.66,BIG_DEAL,
2024-12-08,Tron-o-matic 4,Atlanta_01,55.66,BIG_DEAL,
2024-12-08,Tron-o-matic 4,Philadelphia_01,55.66,BIG_DEAL,
2024-12-08,Tron-o-matic 4 Pro,Online_Store,90.8,SMALL_DEAL,
2024-12-08,Tron-o-matic 4 Pro,LosAngeles_01,90.8,SMALL_DEAL,
2024-12-08,Tron-o-matic 4 Pro,NewYork_01,90.8,SMALL_DEAL,
2024-12-08,Tron-o-matic 4 Pro,NewYork_02,90.8,SMALL_DEAL,
2024-12-08,Tron-o-matic 4 Pro,Chicago_01,90.8,SMALL_DEAL,
2024-12-08,Tron-o-matic 4 Pro,Dallas_01,90.8,SMALL_DEAL,
2024-12-08,Tron-o-matic 4 Pro,Houston_01,90.8,SMALL_DEAL,
2024-12-08,Tron-o-matic 4 Pro,WashingtonDC_01,90.8,SMALL_DEAL,
2024-12-08,Tron-o-matic 4 Pro,Atlanta_01,90.8,SMALL_DEAL,
2024-12-08,Tron-o-matic 4 Pro,Philadelphia_01,90.8,SMALL_DEAL,
2024-12-08,Tron-o-matic 5,Online_Store,80.0,None,
2024-12-08,Tron-o-matic 5,LosAngeles_01,80.0,None,
2024-12-08,Tron-o-matic 5,NewYork_01,80.0,None,
2024-12-08,Tron-o-matic 5,NewYork_02,80.0,None,
2024-12-08,Tron-o-matic 5,Chicago_01,80.0,None,
2024-12-08,Tron-o-matic 5,Dallas_01,80.0,None,
2024-12-08,Tron-o-matic 5,Houston_01,80.0,None,
2024-12-08,Tron-o-matic 5,WashingtonDC_01,80.0,None,
2024-12-08,Tron-o-matic 5,Atlanta_01,80.0,None,
2024-12-08,Tron-o-matic 5,Philadelphia_01,80.0,None,
2024-12-08,Tron-o-matic 5 Pro,Online_Store,110.0,None,
2024-12-08,Tron-o-matic 5 Pro,LosAngeles_01,110.0,None,
2024-12-08,Tron-o-matic 5 Pro,NewYork_01,110.0,None,
2024-12-08,Tron-o-matic 5 Pro,NewYork_02,110.0,None,
2024-12-08,Tron-o-matic 5 Pro,Chicago_01,110.0,None,
2024-12-08,Tron-o-matic 5 Pro,Dallas_01,110.0,None,
2024-12-08,Tron-o-matic 5 Pro,Houston_01,110.0,None,
2024-12-08,Tron-o-matic 5 Pro,WashingtonDC_01,110.0,None,
2024-12-08,Tron-o-matic 5 Pro,Atlanta_01,110.0,None,
2024-12-08,Tron-o-matic 5 Pro,Philadelphia_01,110.0,None,
2024-12-09,Tron-o-matic 1,Online_Store,60.0,None,
2024-12-09,Tron-o-matic 1,LosAngeles_01,60.0,None,
2024-12-09,Tron-o-matic 1,NewYork_01,60.0,None,
2024-12-09,Tron-o-matic 1,NewYork_02,60.0,None,
2024-12-09,Tron-o-matic 1,Chicago_01,60.0,None,
2024-12-09,Tron-o-matic 1,Dallas_01,60.0,None,
2024-12-09,Tron-o-matic 1,Houston_01,60.0,None,
2024-12-09,Tron-o-matic 1,WashingtonDC_01,60.0,None,
2024-12-09,Tron-o-matic 1,Atlanta_01,60.0,None,
2024-12-09,Tron-o-matic 1,Philadelphia_01,60.0,None,
2024-12-09,Tron-o-matic 1 Pro,Online_Store,80.0,None,
2024-12-09,Tron-o-matic 1 Pro,LosAngeles_01,80.0,None,
2024-12-09,Tron-o-matic 1 Pro,NewYork_01,80.0,None,
2024-12-09,Tron-o-matic 1 Pro,NewYork_02,80.0,None,
2024-12-09,Tron-o-matic 1 Pro,Chicago_01,80.0,None,
2024-12-09,Tron-o-matic 1 Pro,Dallas_01,80.0,None,
2024-12-09,Tron-o-matic 1 Pro,Houston_01,80.0,None,
2024-12-09,Tron-o-matic 1 Pro,WashingtonDC_01,80.0,None,
2024-12-09,Tron-o-matic 1 Pro,Atlanta_01,80.0,None,
2024-12-09,Tron-o-matic 1 Pro,Philadelphia_01,80.0,None,
2024-12-09,Tron-o-matic 2,Online_Store,55.0,None,
2024-12-09,Tron-o-matic 2,LosAngeles_01,55.0,None,
2024-12-09,Tron-o-matic 2,NewYork_01,55.0,None,
2024-12-09,Tron-o-matic 2,NewYork_02,55.0,None,
2024-12-09,Tron-o-matic 2,Chicago_01,55.0,None,
2024-12-09,Tron-o-matic 2,Dallas_01,55.0,None,
2024-12-09,Tron-o-matic 2,Houston_01,55.0,None,
2024-12-09,Tron-o-matic 2,WashingtonDC_01,55.0,None,
2024-12-09,Tron-o-matic 2,Atlanta_01,55.0,None,
2024-12-09,Tron-o-matic 2,Philadelphia_01,55.0,None,
2024-12-09,Tron-o-matic 2 Pro,Online_Store,66.26,BIG_DEAL,
2024-12-09,Tron-o-matic 2 Pro,LosAngeles_01,66.26,BIG_DEAL,
2024-12-09,Tron-o-matic 2 Pro,NewYork_01,66.26,BIG_DEAL,
2024-12-09,Tron-o-matic 2 Pro,NewYork_02,66.26,BIG_DEAL,
2024-12-09,Tron-o-matic 2 Pro,Chicago_01,66.26,BIG_DEAL,
2024-12-09,Tron-o-matic 2 Pro,Dallas_01,66.26,BIG_DEAL,
2024-12-09,Tron-o-matic 2 Pro,Houston_01,66.26,BIG_DEAL,
2024-12-09,Tron-o-matic 2 Pro,WashingtonDC_01,66.26,BIG_DEAL,
2024-12-09,Tron-o-matic 2 Pro,Atlanta_01,66.26,BIG_DEAL,
2024-12-09,Tron-o-matic 2 Pro,Philadelphia_01,66.26,BIG_DEAL,
2024-12-09,Tron-o-matic 3,Online_Store,60.0,None,
2024-12-09,Tron-o-matic 3,LosAngeles_01,60.0,None,
2024-12-09,Tron-o-matic 3,NewYork_01,60.0,None,
2024-12-09,Tron-o-matic 3,NewYork_02,60.0,None,
2024-12-09,Tron-o-matic 3,Chicago_01,60.0,None,
2024-12-09,Tron-o-matic 3,Dallas_01,60.0,None,
2024-12-09,Tron-o-matic 3,Houston_01,60.0,None,
2024-12-09,Tron-o-matic 3,WashingtonDC_01,60.0,None,
2024-12-09,Tron-o-matic 3,Atlanta_01,60.0,None,
2024-12-09,Tron-o-matic 3,Philadelphia_01,60.0,None,
2024-12-09,Tron-o-matic 3 Pro,Online_Store,90.0,None,
2024-12-09,Tron-o-matic 3 Pro,LosAngeles_01,90.0,None,
2024-12-09,Tron-o-matic 3 Pro,NewYork_01,90.0,None,
2024-12-09,Tron-o-matic 3 Pro,NewYork_02,90.0,None,
2024-12-09,Tron-o-matic 3 Pro,Chicago_01,90.0,None,
2024-12-09,Tron-o-matic 3 Pro,Dallas_01,90.0,None,
2024-12-09,Tron-o-matic 3 Pro,Houston_01,90.0,None,
2024-12-09,Tron-o-matic 3 Pro,WashingtonDC_01,90.0,None,
2024-12-09,Tron-o-matic 3 Pro,Atlanta_01,90.0,None,
2024-12-09,Tron-o-matic 3 Pro,Philadelphia_01,90.0,None,
2024-12-09,Tron-o-matic 4,Online_Store,75.0,None,
2024-12-09,Tron-o-matic 4,LosAngeles_01,75.0,None,
2024-12-09,Tron-o-matic 4,NewYork_01,75.0,None,
2024-12-09,Tron-o-matic 4,NewYork_02,75.0,None,
2024-12-09,Tron-o-matic 4,Chicago_01,75.0,None,
2024-12-09,Tron-o-matic 4,Dallas_01,75.0,None,
2024-12-09,Tron-o-matic 4,Houston_01,75.0,None,
2024-12-09,Tron-o-matic 4,WashingtonDC_01,75.0,None,
2024-12-09,Tron-o-matic 4,Atlanta_01,75.0,None,
2024-12-09,Tron-o-matic 4,Philadelphia_01,75.0,None,
2024-12-09,Tron-o-matic 4 Pro,Online_Store,73.11,BIG_DEAL,
2024-12-09,Tron-o-matic 4 Pro,LosAngeles_01,73.11,BIG_DEAL,
2024-12-09,Tron-o-matic 4 Pro,NewYork_01,73.11,BIG_DEAL,
2024-12-09,Tron-o-matic 4 Pro,NewYork_02,73.11,BIG_DEAL,
2024-12-09,Tron-o-matic 4 Pro,Chicago_01,73.11,BIG_DEAL,
2024-12-09,Tron-o-matic 4 Pro,Dallas_01,73.11,BIG_DEAL,
2024-12-09,Tron-o-matic 4 Pro,Houston_01,73.11,BIG_DEAL,
2024-12-09,Tron-o-matic 4 Pro,WashingtonDC_01,73.11,BIG_DEAL,
2024-12-09,Tron-o-matic 4 Pro,Atlanta_01,73.11,BIG_DEAL,
2024-12-09,Tron-o-matic 4 Pro,Philadelphia_01,73.11,BIG_DEAL,
2024-12-09,Tron-o-matic 5,Online_Store,80.0,None,
2024-12-09,Tron-o-matic 5,LosAngeles_01,80.0,None,
2024-12-09,Tron-o-matic 5,NewYork_01,80.0,None,
2024-12-09,Tron-o-matic 5,NewYork_02,80.0,None,
2024-12-09,Tron-o-matic 5,Chicago_01,80.0,None,
2024-12-09,Tron-o-matic 5,Dallas_01,80.0,None,
2024-12-09,Tron-o-matic 5,Houston_01,80.0,None,
2024-12-09,Tron-o-matic 5,WashingtonDC_01,80.0,None,
2024-12-09,Tron-o-matic 5,Atlanta_01,80.0,None,
2024-12-09,Tron-o-matic 5,Philadelphia_01,80.0,None,
2024-12-09,Tron-o-matic 5 Pro,Online_Store,110.0,None,
2024-12-09,Tron-o-matic 5 Pro,LosAngeles_01,110.0,None,
2024-12-09,Tron-o-matic 5 Pro,NewYork_01,110.0,None,
2024-12-09,Tron-o-matic 5 Pro,NewYork_02,110.0,None,
2024-12-09,Tron-o-matic 5 Pro,Chicago_01,110.0,None,
2024-12-09,Tron-o-matic 5 Pro,Dallas_01,110.0,None,
2024-12-09,Tron-o-matic 5 Pro,Houston_01,110.0,None,
2024-12-09,Tron-o-matic 5 Pro,WashingtonDC_01,110.0,None,
2024-12-09,Tron-o-matic 5 Pro,Atlanta_01,110.0,None,
2024-12-09,Tron-o-matic 5 Pro,Philadelphia_01,110.0,None,
2024-12-10,Tron-o-matic 1,Online_Store,60.0,None,
2024-12-10,Tron-o-matic 1,LosAngeles_01,60.0,None,
2024-12-10,Tron-o-matic 1,NewYork_01,60.0,None,
2024-12-10,Tron-o-matic 1,NewYork_02,60.0,None,
2024-12-10,Tron-o-matic 1,Chicago_01,60.0,None,
2024-12-10,Tron-o-matic 1,Dallas_01,60.0,None,
2024-12-10,Tron-o-matic 1,Houston_01,60.0,None,
2024-12-10,Tron-o-matic 1,WashingtonDC_01,60.0,None,
2024-12-10,Tron-o-matic 1,Atlanta_01,60.0,None,
2024-12-10,Tron-o-matic 1,Philadelphia_01,60.0,None,
2024-12-10,Tron-o-matic 1 Pro,Online_Store,80.0,None,
2024-12-10,Tron-o-matic 1 Pro,LosAngeles_01,80.0,None,
2024-12-10,Tron-o-matic 1 Pro,NewYork_01,80.0,None,
2024-12-10,Tron-o-matic 1 Pro,NewYork_02,80.0,None,
2024-12-10,Tron-o-matic 1 Pro,Chicago_01,80.0,None,
2024-12-10,Tron-o-matic 1 Pro,Dallas_01,80.0,None,
2024-12-10,Tron-o-matic 1 Pro,Houston_01,80.0,None,
2024-12-10,Tron-o-matic 1 Pro,WashingtonDC_01,80.0,None,
2024-12-10,Tron-o-matic 1 Pro,Atlanta_01,80.0,None,
2024-12-10,Tron-o-matic 1 Pro,Philadelphia_01,80.0,None,
2024-12-10,Tron-o-matic 2,Online_Store,39.24,BIG_DEAL,
2024-12-10,Tron-o-matic 2,LosAngeles_01,39.24,BIG_DEAL,
2024-12-10,Tron-o-matic 2,NewYork_01,39.24,BIG_DEAL,
2024-12-10,Tron-o-matic 2,NewYork_02,39.24,BIG_DEAL,
2024-12-10,Tron-o-matic 2,Chicago_01,39.24,BIG_DEAL,
2024-12-10,Tron-o-matic 2,Dallas_01,39.24,BIG_DEAL,
2024-12-10,Tron-o-matic 2,Houston_01,39.24,BIG_DEAL,
2024-12-10,Tron-o-matic 2,WashingtonDC_01,39.24,BIG_DEAL,
2024-12-10,Tron-o-matic 2,Atlanta_01,39.24,BIG_DEAL,
2024-12-10,Tron-o-matic 2,Philadelphia_01,39.24,BIG_DEAL,
2024-12-10,Tron-o-matic 2 Pro,Online_Store,85.0,None,
2024-12-10,Tron-o-matic 2 Pro,LosAngeles_01,85.0,None,
2024-12-10,Tron-o-matic 2 Pro,NewYork_01,85.0,None,
2024-12-10,Tron-o-matic 2 Pro,NewYork_02,85.0,None,
2024-12-10,Tron-o-matic 2 Pro,Chicago_01,85.0,None,
2024-12-10,Tron-o-matic 2 Pro,Dallas_01,85.0,None,
2024-12-10,Tron-o-matic 2 Pro,Houston_01,85.0,None,
2024-12-10,Tron-o-matic 2 Pro,WashingtonDC_01,85.0,None,
2024-12-10,Tron-o-matic 2 Pro,Atlanta_01,85.0,None,
2024-12-10,Tron-o-matic 2 Pro,Philadelphia_01,85.0,None,
2024-12-10,Tron-o-matic 3,Online_Store,60.0,None,
2024-12-10,Tron-o-matic 3,LosAngeles_01,60.0,None,
2024-12-10,Tron-o-matic 3,NewYork_01,60.0,None,
2024-12-10,Tron-o-matic 3,NewYork_02,60.0,None,
2024-12-10,Tron-o-matic 3,Chicago_01,60.0,None,
2024-12-10,Tron-o-matic 3,Dallas_01,60.0,None,
2024-12-10,Tron-o-matic 3,Houston_01,60.0,None,
2024-12-10,Tron-o-matic 3,WashingtonDC_01,60.0,None,
2024-12-10,Tron-o-matic 3,Atlanta_01,60.0,None,
2024-12-10,Tron-o-matic 3,Philadelphia_01,60.0,None,
2024-12-10,Tron-o-matic 3 Pro,Online_Store,69.9,BIG_DEAL,
2024-12-10,Tron-o-matic 3 Pro,LosAngeles_01,69.9,BIG_DEAL,
2024-12-10,Tron-o-matic 3 Pro,NewYork_01,69.9,BIG_DEAL,
2024-12-10,Tron-o-matic 3 Pro,NewYork_02,69.9,BIG_DEAL,
2024-12-10,Tron-o-matic 3 Pro,Chicago_01,69.9,BIG_DEAL,
2024-12-10,Tron-o-matic 3 Pro,Dallas_01,69.9,BIG_DEAL,
2024-12-10,Tron-o-matic 3 Pro,Houston_01,69.9,BIG_DEAL,
2024-12-10,Tron-o-matic 3 Pro,WashingtonDC_01,69.9,BIG_DEAL,
2024-12-10,Tron-o-matic 3 Pro,Atlanta_01,69.9,BIG_DEAL,
2024-12-10,Tron-o-matic 3 Pro,Philadelphia_01,69.9,BIG_DEAL,
2024-12-10,Tron-o-matic 4,Online_Store,69.99,SMALL_DEAL,
2024-12-10,Tron-o-matic 4,LosAngeles_01,69.99,SMALL_DEAL,
2024-12-10,Tron-o-matic 4,NewYork_01,69.99,SMALL_DEAL,
2024-12-10,Tron-o-matic 4,NewYork_02,69.99,SMALL_DEAL,
2024-12-10,Tron-o-matic 4,Chicago_01,69.99,SMALL_DEAL,
2024-12-10,Tron-o-matic 4,Dallas_01,69.99,SMALL_DEAL,
2024-12-10,Tron-o-matic 4,Houston_01,69.99,SMALL_DEAL,
2024-12-10,Tron-o-matic 4,WashingtonDC_01,69.99,SMALL_DEAL,
2024-12-10,Tron-o-matic 4,Atlanta_01,69.99,SMALL_DEAL,
2024-12-10,Tron-o-matic 4,Philadelphia_01,69.99,SMALL_DEAL,
2024-12-10,Tron-o-matic 4 Pro,Online_Store,100.0,None,
2024-12-10,Tron-o-matic 4 Pro,LosAngeles_01,100.0,None,
2024-12-10,Tron-o-matic 4 Pro,NewYork_01,100.0,None,
2024-12-10,Tron-o-matic 4 Pro,NewYork_02,100.0,None,
2024-12-10,Tron-o-matic 4 Pro,Chicago_01,100.0,None,
2024-12-10,Tron-o-matic 4 Pro,Dallas_01,100.0,None,
2024-12-10,Tron-o-matic 4 Pro,Houston_01,100.0,None,
2024-12-10,Tron-o-matic 4 Pro,WashingtonDC_01,100.0,None,
2024-12-10,Tron-o-matic 4 Pro,Atlanta_01,100.0,None,
2024-12-10,Tron-o-matic 4 Pro,Philadelphia_01,100.0,None,
2024-12-10,Tron-o-matic 5,Online_Store,80.0,None,
2024-12-10,Tron-o-matic 5,LosAngeles_01,80.0,None,
2024-12-10,Tron-o-matic 5,NewYork_01,80.0,None,
2024-12-10,Tron-o-matic 5,NewYork_02,80.0,None,
2024-12-10,Tron-o-matic 5,Chicago_01,80.0,None,
2024-12-10,Tron-o-matic 5,Dallas_01,80.0,None,
2024-12-10,Tron-o-matic 5,Houston_01,80.0,None,
2024-12-10,Tron-o-matic 5,WashingtonDC_01,80.0,None,
2024-12-10,Tron-o-matic 5,Atlanta_01,80.0,None,
2024-12-10,Tron-o-matic 5,Philadelphia_01,80.0,None,
2024-12-10,Tron-o-matic 5 Pro,Online_Store,110.0,None,
2024-12-10,Tron-o-matic 5 Pro,LosAngeles_01,110.0,None,
2024-12-10,Tron-o-matic 5 Pro,NewYork_01,110.0,None,
2024-12-10,Tron-o-matic 5 Pro,NewYork_02,110.0,None,
2024-12-10,Tron-o-matic 5 Pro,Chicago_01,110.0,None,
2024-12-10,Tron-o-matic 5 Pro,Dallas_01,110.0,None,
2024-12-10,Tron-o-matic 5 Pro,Houston_01,110.0,None,
2024-12-10,Tron-o-matic 5 Pro,WashingtonDC_01,110.0,None,
2024-12-10,Tron-o-matic 5 Pro,Atlanta_01,110.0,None,
2024-12-10,Tron-o-matic 5 Pro,Philadelphia_01,110.0,None,
2024-12-11,Tron-o-matic 1,Online_Store,60.0,None,
2024-12-11,Tron-o-matic 1,LosAngeles_01,60.0,None,
2024-12-11,Tron-o-matic 1,NewYork_01,60.0,None,
2024-12-11,Tron-o-matic 1,NewYork_02,60.0,None,
2024-12-11,Tron-o-matic 1,Chicago_01,60.0,None,
2024-12-11,Tron-o-matic 1,Dallas_01,60.0,None,
2024-12-11,Tron-o-matic 1,Houston_01,60.0,None,
2024-12-11,Tron-o-matic 1,WashingtonDC_01,60.0,None,
2024-12-11,Tron-o-matic 1,Atlanta_01,60.0,None,
2024-12-11,Tron-o-matic 1,Philadelphia_01,60.0,None,
2024-12-11,Tron-o-matic 1 Pro,Online_Store,80.0,None,
2024-12-11,Tron-o-matic 1 Pro,LosAngeles_01,80.0,None,
2024-12-11,Tron-o-matic 1 Pro,NewYork_01,80.0,None,
2024-12-11,Tron-o-matic 1 Pro,NewYork_02,80.0,None,
2024-12-11,Tron-o-matic 1 Pro,Chicago_01,80.0,None,
2024-12-11,Tron-o-matic 1 Pro,Dallas_01,80.0,None,
2024-12-11,Tron-o-matic 1 Pro,Houston_01,80.0,None,
2024-12-11,Tron-o-matic 1 Pro,WashingtonDC_01,80.0,None,
2024-12-11,Tron-o-matic 1 Pro,Atlanta_01,80.0,None,
2024-12-11,Tron-o-matic 1 Pro,Philadelphia_01,80.0,None,
2024-12-11,Tron-o-matic 2,Online_Store,55.0,None,
2024-12-11,Tron-o-matic 2,LosAngeles_01,55.0,None,
2024-12-11,Tron-o-matic 2,NewYork_01,55.0,None,
2024-12-11,Tron-o-matic 2,NewYork_02,55.0,None,
2024-12-11,Tron-o-matic 2,Chicago_01,55.0,None,
2024-12-11,Tron-o-matic 2,Dallas_01,55.0,None,
2024-12-11,Tron-o-matic 2,Houston_01,55.0,None,
2024-12-11,Tron-o-matic 2,WashingtonDC_01,55.0,None,
2024-12-11,Tron-o-matic 2,Atlanta_01,55.0,None,
2024-12-11,Tron-o-matic 2,Philadelphia_01,55.0,None,
2024-12-11,Tron-o-matic 2 Pro,Online_Store,66.55,BIG_DEAL,
2024-12-11,Tron-o-matic 2 Pro,LosAngeles_01,66.55,BIG_DEAL,
2024-12-11,Tron-o-matic 2 Pro,NewYork_01,66.55,BIG_DEAL,
2024-12-11,Tron-o-matic 2 Pro,NewYork_02,66.55,BIG_DEAL,
2024-12-11,Tron-o-matic 2 Pro,Chicago_01,66.55,BIG_DEAL,
2024-12-11,Tron-o-matic 2 Pro,Dallas_01,66.55,BIG_DEAL,
2024-12-11,Tron-o-matic 2 Pro,Houston_01,66.55,BIG_DEAL,
2024-12-11,Tron-o-matic 2 Pro,WashingtonDC_01,66.55,BIG_DEAL,
2024-12-11,Tron-o-matic 2 Pro,Atlanta_01,66.55,BIG_DEAL,
2024-12-11,Tron-o-matic 2 Pro,Philadelphia_01,66.55,BIG_DEAL,
2024-12-11,Tron-o-matic 3,Online_Store,60.0,None,
2024-12-11,Tron-o-matic 3,LosAngeles_01,60.0,None,
2024-12-11,Tron-o-matic 3,NewYork_01,60.0,None,
2024-12-11,Tron-o-matic 3,NewYork_02,60.0,None,
2024-12-11,Tron-o-matic 3,Chicago_01,60.0,None,
2024-12-11,Tron-o-matic 3,Dallas_01,60.0,None,
2024-12-11,Tron-o-matic 3,Houston_01,60.0,None,
2024-12-11,Tron-o-matic 3,WashingtonDC_01,60.0,None,
2024-12-11,Tron-o-matic 3,Atlanta_01,60.0,None,
2024-12-11,Tron-o-matic 3,Philadelphia_01,60.0,None,
2024-12-11,Tron-o-matic 3 Pro,Online_Store,90.0,None,
2024-12-11,Tron-o-matic 3 Pro,LosAngeles_01,90.0,None,
2024-12-11,Tron-o-matic 3 Pro,NewYork_01,90.0,None,
2024-12-11,Tron-o-matic 3 Pro,NewYork_02,90.0,None,
2024-12-11,Tron-o-matic 3 Pro,Chicago_01,90.0,None,
2024-12-11,Tron-o-matic 3 Pro,Dallas_01,90.0,None,
2024-12-11,Tron-o-matic 3 Pro,Houston_01,90.0,None,
2024-12-11,Tron-o-matic 3 Pro,WashingtonDC_01,90.0,None,
2024-12-11,Tron-o-matic 3 Pro,Atlanta_01,90.0,None,
2024-12-11,Tron-o-matic 3 Pro,Philadelphia_01,90.0,None,
2024-12-11,Tron-o-matic 4,Online_Store,55.0,BIG_DEAL,
2024-12-11,Tron-o-matic 4,LosAngeles_01,55.0,BIG_DEAL,
2024-12-11,Tron-o-matic 4,NewYork_01,55.0,BIG_DEAL,
2024-12-11,Tron-o-matic 4,NewYork_02,55.0,BIG_DEAL,
2024-12-11,Tron-o-matic 4,Chicago_01,55.0,BIG_DEAL,
2024-12-11,Tron-o-matic 4,Dallas_01,55.0,BIG_DEAL,
2024-12-11,Tron-o-matic 4,Houston_01,55.0,BIG_DEAL,
2024-12-11,Tron-o-matic 4,WashingtonDC_01,55.0,BIG_DEAL,
2024-12-11,Tron-o-matic 4,Atlanta_01,55.0,BIG_DEAL,
2024-12-11,Tron-o-matic 4,Philadelphia_01,55.0,BIG_DEAL,
2024-12-11,Tron-o-matic 4 Pro,Online_Store,100.0,None,
2024-12-11,Tron-o-matic 4 Pro,LosAngeles_01,100.0,None,
2024-12-11,Tron-o-matic 4 Pro,NewYork_01,100.0,None,
2024-12-11,Tron-o-matic 4 Pro,NewYork_02,100.0,None,
2024-12-11,Tron-o-matic 4 Pro,Chicago_01,100.0,None,
2024-12-11,Tron-o-matic 4 Pro,Dallas_01,100.0,None,
2024-12-11,Tron-o-matic 4 Pro,Houston_01,100.0,None,
2024-12-11,Tron-o-matic 4 Pro,WashingtonDC_01,100.0,None,
2024-12-11,Tron-o-matic 4 Pro,Atlanta_01,100.0,None,
2024-12-11,Tron-o-matic 4 Pro,Philadelphia_01,100.0,None,
2024-12-11,Tron-o-matic 5,Online_Store,61.43,BIG_DEAL,
2024-12-11,Tron-o-matic 5,LosAngeles_01,61.43,BIG_DEAL,
2024-12-11,Tron-o-matic 5,NewYork_01,61.43,BIG_DEAL,
2024-12-11,Tron-o-matic 5,NewYork_02,61.43,BIG_DEAL,
2024-12-11,Tron-o-matic 5,Chicago_01,61.43,BIG_DEAL,
2024-12-11,Tron-o-matic 5,Dallas_01,61.43,BIG_DEAL,
2024-12-11,Tron-o-matic 5,Houston_01,61.43,BIG_DEAL,
2024-12-11,Tron-o-matic 5,WashingtonDC_01,61.43,BIG_DEAL,
2024-12-11,Tron-o-matic 5,Atlanta_01,61.43,BIG_DEAL,
2024-12-11,Tron-o-matic 5,Philadelphia_01,61.43,BIG_DEAL,
2024-12-11,Tron-o-matic 5 Pro,Online_Store,110.0,None,
2024-12-11,Tron-o-matic 5 Pro,LosAngeles_01,110.0,None,
2024-12-11,Tron-o-matic 5 Pro,NewYork_01,110.0,None,
2024-12-11,Tron-o-matic 5 Pro,NewYork_02,110.0,None,
2024-12-11,Tron-o-matic 5 Pro,Chicago_01,110.0,None,
2024-12-11,Tron-o-matic 5 Pro,Dallas_01,110.0,None,
2024-12-11,Tron-o-matic 5 Pro,Houston_01,110.0,None,
2024-12-11,Tron-o-matic 5 Pro,WashingtonDC_01,110.0,None,
2024-12-11,Tron-o-matic 5 Pro,Atlanta_01,110.0,None,
2024-12-11,Tron-o-matic 5 Pro,Philadelphia_01,110.0,None,
2024-12-12,Tron-o-matic 1,Online_Store,60.0,None,
2024-12-12,Tron-o-matic 1,LosAngeles_01,60.0,None,
2024-12-12,Tron-o-matic 1,NewYork_01,60.0,None,
2024-12-12,Tron-o-matic 1,NewYork_02,60.0,None,
2024-12-12,Tron-o-matic 1,Chicago_01,60.0,None,
2024-12-12,Tron-o-matic 1,Dallas_01,60.0,None,
2024-12-12,Tron-o-matic 1,Houston_01,60.0,None,
2024-12-12,Tron-o-matic 1,WashingtonDC_01,60.0,None,
2024-12-12,Tron-o-matic 1,Atlanta_01,60.0,None,
2024-12-12,Tron-o-matic 1,Philadelphia_01,60.0,None,
2024-12-12,Tron-o-matic 1 Pro,Online_Store,80.0,None,
2024-12-12,Tron-o-matic 1 Pro,LosAngeles_01,80.0,None,
2024-12-12,Tron-o-matic 1 Pro,NewYork_01,80.0,None,
2024-12-12,Tron-o-matic 1 Pro,NewYork_02,80.0,None,
2024-12-12,Tron-o-matic 1 Pro,Chicago_01,80.0,None,
2024-12-12,Tron-o-matic 1 Pro,Dallas_01,80.0,None,
2024-12-12,Tron-o-matic 1 Pro,Houston_01,80.0,None,
2024-12-12,Tron-o-matic 1 Pro,WashingtonDC_01,80.0,None,
2024-12-12,Tron-o-matic 1 Pro,Atlanta_01,80.0,None,
2024-12-12,Tron-o-matic 1 Pro,Philadelphia_01,80.0,None,
2024-12-12,Tron-o-matic 2,Online_Store,50.67,SMALL_DEAL,
2024-12-12,Tron-o-matic 2,LosAngeles_01,50.67,SMALL_DEAL,
2024-12-12,Tron-o-matic 2,NewYork_01,50.67,SMALL_DEAL,
2024-12-12,Tron-o-matic 2,NewYork_02,50.67,SMALL_DEAL,
2024-12-12,Tron-o-matic 2,Chicago_01,50.67,SMALL_DEAL,
2024-12-12,Tron-o-matic 2,Dallas_01,50.67,SMALL_DEAL,
2024-12-12,Tron-o-matic 2,Houston_01,50.67,SMALL_DEAL,
2024-12-12,Tron-o-matic 2,WashingtonDC_01,50.67,SMALL_DEAL,
2024-12-12,Tron-o-matic 2,Atlanta_01,50.67,SMALL_DEAL,
2024-12-12,Tron-o-matic 2,Philadelphia_01,50.67,SMALL_DEAL,
2024-12-12,Tron-o-matic 2 Pro,Online_Store,85.0,None,
2024-12-12,Tron-o-matic 2 Pro,LosAngeles_01,85.0,None,
2024-12-12,Tron-o-matic 2 Pro,NewYork_01,85.0,None,
2024-12-12,Tron-o-matic 2 Pro,NewYork_02,85.0,None,
2024-12-12,Tron-o-matic 2 Pro,Chicago_01,85.0,None,
2024-12-12,Tron-o-matic 2 Pro,Dallas_01,85.0,None,
2024-12-12,Tron-o-matic 2 Pro,Houston_01,85.0,None,
2024-12-12,Tron-o-matic 2 Pro,WashingtonDC_01,85.0,None,
2024-12-12,Tron-o-matic 2 Pro,Atlanta_01,85.0,None,
2024-12-12,Tron-o-matic 2 Pro,Philadelphia_01,85.0,None,
2024-12-12,Tron-o-matic 3,Online_Store,60.0,None,
2024-12-12,Tron-o-matic 3,LosAngeles_01,60.0,None,
2024-12-12,Tron-o-matic 3,NewYork_01,60.0,None,
2024-12-12,Tron-o-matic 3,NewYork_02,60.0,None,
2024-12-12,Tron-o-matic 3,Chicago_01,60.0,None,
2024-12-12,Tron-o-matic 3,Dallas_01,60.0,None,
2024-12-12,Tron-o-matic 3,Houston_01,60.0,None,
2024-12-12,Tron-o-matic 3,WashingtonDC_01,60.0,None,
2024-12-12,Tron-o-matic 3,Atlanta_01,60.0,None,
2024-12-12,Tron-o-matic 3,Philadelphia_01,60.0,None,
2024-12-12,Tron-o-matic 3 Pro,Online_Store,90.0,None,
2024-12-12,Tron-o-matic 3 Pro,LosAngeles_01,90.0,None,
2024-12-12,Tron-o-matic 3 Pro,NewYork_01,90.0,None,
2024-12-12,Tron-o-matic 3 Pro,NewYork_02,90.0,None,
2024-12-12,Tron-o-matic 3 Pro,Chicago_01,90.0,None,
2024-12-12,Tron-o-matic 3 Pro,Dallas_01,90.0,None,
2024-12-12,Tron-o-matic 3 Pro,Houston_01,90.0,None,
2024-12-12,Tron-o-matic 3 Pro,WashingtonDC_01,90.0,None,
2024-12-12,Tron-o-matic 3 Pro,Atlanta_01,90.0,None,
2024-12-12,Tron-o-matic 3 Pro,Philadelphia_01,90.0,None,
2024-12-12,Tron-o-matic 4,Online_Store,75.0,None,
2024-12-12,Tron-o-matic 4,LosAngeles_01,75.0,None,
2024-12-12,Tron-o-matic 4,NewYork_01,75.0,None,
2024-12-12,Tron-o-matic 4,NewYork_02,75.0,None,
2024-12-12,Tron-o-matic 4,Chicago_01,75.0,None,
2024-12-12,Tron-o-matic 4,Dallas_01,75.0,None,
2024-12-12,Tron-o-matic 4,Houston_01,75.0,None,
2024-12-12,Tron-o-matic 4,WashingtonDC_01,75.0,None,
2024-12-12,Tron-o-matic 4,Atlanta_01,75.0,None,
2024-12-12,Tron-o-matic 4,Philadelphia_01,75.0,None,
2024-12-12,Tron-o-matic 4 Pro,Online_Store,76.53,BIG_DEAL,
2024-12-12,Tron-o-matic 4 Pro,LosAngeles_01,76.53,BIG_DEAL,
2024-12-12,Tron-o-matic 4 Pro,NewYork_01,76.53,BIG_DEAL,
2024-12-12,Tron-o-matic 4 Pro,NewYork_02,76.53,BIG_DEAL,
2024-12-12,Tron-o-matic 4 Pro,Chicago_01,76.53,BIG_DEAL,
2024-12-12,Tron-o-matic 4 Pro,Dallas_01,76.53,BIG_DEAL,
2024-12-12,Tron-o-matic 4 Pro,Houston_01,76.53,BIG_DEAL,
2024-12-12,Tron-o-matic 4 Pro,WashingtonDC_01,76.53,BIG_DEAL,
2024-12-12,Tron-o-matic 4 Pro,Atlanta_01,76.53,BIG_DEAL,
2024-12-12,Tron-o-matic 4 Pro,Philadelphia_01,76.53,BIG_DEAL,
2024-12-12,Tron-o-matic 5,Online_Store,61.91,BIG_DEAL,
2024-12-12,Tron-o-matic 5,LosAngeles_01,61.91,BIG_DEAL,
2024-12-12,Tron-o-matic 5,NewYork_01,61.91,BIG_DEAL,
2024-12-12,Tron-o-matic 5,NewYork_02,61.91,BIG_DEAL,
2024-12-12,Tron-o-matic 5,Chicago_01,61.91,BIG_DEAL,
2024-12-12,Tron-o-matic 5,Dallas_01,61.91,BIG_DEAL,
2024-12-12,Tron-o-matic 5,Houston_01,61.91,BIG_DEAL,
2024-12-12,Tron-o-matic 5,WashingtonDC_01,61.91,BIG_DEAL,
2024-12-12,Tron-o-matic 5,Atlanta_01,61.91,BIG_DEAL,
2024-12-12,Tron-o-matic 5,Philadelphia_01,61.91,BIG_DEAL,
2024-12-12,Tron-o-matic 5 Pro,Online_Store,110.0,None,
2024-12-12,Tron-o-matic 5 Pro,LosAngeles_01,110.0,None,
2024-12-12,Tron-o-matic 5 Pro,NewYork_01,110.0,None,
2024-12-12,Tron-o-matic 5 Pro,NewYork_02,110.0,None,
2024-12-12,Tron-o-matic 5 Pro,Chicago_01,110.0,None,
2024-12-12,Tron-o-matic 5 Pro,Dallas_01,110.0,None,
2024-12-12,Tron-o-matic 5 Pro,Houston_01,110.0,None,
2024-12-12,Tron-o-matic 5 Pro,WashingtonDC_01,110.0,None,
2024-12-12,Tron-o-matic 5 Pro,Atlanta_01,110.0,None,
2024-12-12,Tron-o-matic 5 Pro,Philadelphia_01,110.0,None,
2024-12-13,Tron-o-matic 1,Online_Store,46.51,BIG_DEAL,
2024-12-13,Tron-o-matic 1,LosAngeles_01,46.51,BIG_DEAL,
2024-12-13,Tron-o-matic 1,NewYork_01,46.51,BIG_DEAL,
2024-12-13,Tron-o-matic 1,NewYork_02,46.51,BIG_DEAL,
2024-12-13,Tron-o-matic 1,Chicago_01,46.51,BIG_DEAL,
2024-12-13,Tron-o-matic 1,Dallas_01,46.51,BIG_DEAL,
2024-12-13,Tron-o-matic 1,Houston_01,46.51,BIG_DEAL,
2024-12-13,Tron-o-matic 1,WashingtonDC_01,46.51,BIG_DEAL,
2024-12-13,Tron-o-matic 1,Atlanta_01,46.51,BIG_DEAL,
2024-12-13,Tron-o-matic 1,Philadelphia_01,46.51,BIG_DEAL,
2024-12-13,Tron-o-matic 1 Pro,Online_Store,80.0,None,
2024-12-13,Tron-o-matic 1 Pro,LosAngeles_01,80.0,None,
2024-12-13,Tron-o-matic 1 Pro,NewYork_01,80.0,None,
2024-12-13,Tron-o-matic 1 Pro,NewYork_02,80.0,None,
2024-12-13,Tron-o-matic 1 Pro,Chicago_01,80.0,None,
2024-12-13,Tron-o-matic 1 Pro,Dallas_01,80.0,None,
2024-12-13,Tron-o-matic 1 Pro,Houston_01,80.0,None,
2024-12-13,Tron-o-matic 1 Pro,WashingtonDC_01,80.0,None,
2024-12-13,Tron-o-matic 1 Pro,Atlanta_01,80.0,None,
2024-12-13,Tron-o-matic 1 Pro,Philadelphia_01,80.0,None,
2024-12-13,Tron-o-matic 2,Online_Store,55.0,None,
2024-12-13,Tron-o-matic 2,LosAngeles_01,55.0,None,
2024-12-13,Tron-o-matic 2,NewYork_01,55.0,None,
2024-12-13,Tron-o-matic 2,NewYork_02,55.0,None,
2024-12-13,Tron-o-matic 2,Chicago_01,55.0,None,
2024-12-13,Tron-o-matic 2,Dallas_01,55.0,None,
2024-12-13,Tron-o-matic 2,Houston_01,55.0,None,
2024-12-13,Tron-o-matic 2,WashingtonDC_01,55.0,None,
2024-12-13,Tron-o-matic 2,Atlanta_01,55.0,None,
2024-12-13,Tron-o-matic 2,Philadelphia_01,55.0,None,
2024-12-13,Tron-o-matic 2 Pro,Online_Store,85.0,None,
2024-12-13,Tron-o-matic 2 Pro,LosAngeles_01,85.0,None,
2024-12-13,Tron-o-matic 2 Pro,NewYork_01,85.0,None,
2024-12-13,Tron-o-matic 2 Pro,NewYork_02,85.0,None,
2024-12-13,Tron-o-matic 2 Pro,Chicago_01,85.0,None,
2024-12-13,Tron-o-matic 2 Pro,Dallas_01,85.0,None,
2024-12-13,Tron-o-matic 2 Pro,Houston_01,85.0,None,
2024-12-13,Tron-o-matic 2 Pro,WashingtonDC_01,85.0,None,
2024-12-13,Tron-o-matic 2 Pro,Atlanta_01,85.0,None,
2024-12-13,Tron-o-matic 2 Pro,Philadelphia_01,85.0,None,
2024-12-13,Tron-o-matic 3,Online_Store,55.01,SMALL_DEAL,
2024-12-13,Tron-o-matic 3,LosAngeles_01,55.01,SMALL_DEAL,
2024-12-13,Tron-o-matic 3,NewYork_01,55.01,SMALL_DEAL,
2024-12-13,Tron-o-matic 3,NewYork_02,55.01,SMALL_DEAL,
2024-12-13,Tron-o-matic 3,Chicago_01,55.01,SMALL_DEAL,
2024-12-13,Tron-o-matic 3,Dallas_01,55.01,SMALL_DEAL,
2024-12-13,Tron-o-matic 3,Houston_01,55.01,SMALL_DEAL,
2024-12-13,Tron-o-matic 3,WashingtonDC_01,55.01,SMALL_DEAL,
2024-12-13,Tron-o-matic 3,Atlanta_01,55.01,SMALL_DEAL,
2024-12-13,Tron-o-matic 3,Philadelphia_01,55.01,SMALL_DEAL,
2024-12-13,Tron-o-matic 3 Pro,Online_Store,79.5,SMALL_DEAL,
2024-12-13,Tron-o-matic 3 Pro,LosAngeles_01,79.5,SMALL_DEAL,
2024-12-13,Tron-o-matic 3 Pro,NewYork_01,79.5,SMALL_DEAL,
2024-12-13,Tron-o-matic 3 Pro,NewYork_02,79.5,SMALL_DEAL,
2024-12-13,Tron-o-matic 3 Pro,Chicago_01,79.5,SMALL_DEAL,
2024-12-13,Tron-o-matic 3 Pro,Dallas_01,79.5,SMALL_DEAL,
2024-12-13,Tron-o-matic 3 Pro,Houston_01,79.5,SMALL_DEAL,
2024-12-13,Tron-o-matic 3 Pro,WashingtonDC_01,79.5,SMALL_DEAL,
2024-12-13,Tron-o-matic 3 Pro,Atlanta_01,79.5,SMALL_DEAL,
2024-12-13,Tron-o-matic 3 Pro,Philadelphia_01,79.5,SMALL_DEAL,
2024-12-13,Tron-o-matic 4,Online_Store,75.0,None,
2024-12-13,Tron-o-matic 4,LosAngeles_01,75.0,None,
2024-12-13,Tron-o-matic 4,NewYork_01,75.0,None,
2024-12-13,Tron-o-matic 4,NewYork_02,75.0,None,
2024-12-13,Tron-o-matic 4,Chicago_01,75.0,None,
2024-12-13,Tron-o-matic 4,Dallas_01,75.0,None,
2024-12-13,Tron-o-matic 4,Houston_01,75.0,None,
2024-12-13,Tron-o-matic 4,WashingtonDC_01,75.0,None,
2024-12-13,Tron-o-matic 4,Atlanta_01,75.0,None,
2024-12-13,Tron-o-matic 4,Philadelphia_01,75.0,None,
2024-12-13,Tron-o-matic 4 Pro,Online_Store,100.0,None,
2024-12-13,Tron-o-matic 4 Pro,LosAngeles_01,100.0,None,
2024-12-13,Tron-o-matic 4 Pro,NewYork_01,100.0,None,
2024-12-13,Tron-o-matic 4 Pro,NewYork_02,100.0,None,
2024-12-13,Tron-o-matic 4 Pro,Chicago_01,100.0,None,
2024-12-13,Tron-o-matic 4 Pro,Dallas_01,100.0,None,
2024-12-13,Tron-o-matic 4 Pro,Houston_01,100.0,None,
2024-12-13,Tron-o-matic 4 Pro,WashingtonDC_01,100.0,None,
2024-12-13,Tron-o-matic 4 Pro,Atlanta_01,100.0,None,
2024-12-13,Tron-o-matic 4 Pro,Philadelphia_01,100.0,None,
2024-12-13,Tron-o-matic 5,Online_Store,80.0,None,
2024-12-13,Tron-o-matic 5,LosAngeles_01,80.0,None,
2024-12-13,Tron-o-matic 5,NewYork_01,80.0,None,
2024-12-13,Tron-o-matic 5,NewYork_02,80.0,None,
2024-12-13,Tron-o-matic 5,Chicago_01,80.0,None,
2024-12-13,Tron-o-matic 5,Dallas_01,80.0,None,
2024-12-13,Tron-o-matic 5,Houston_01,80.0,None,
2024-12-13,Tron-o-matic 5,WashingtonDC_01,80.0,None,
2024-12-13,Tron-o-matic 5,Atlanta_01,80.0,None,
2024-12-13,Tron-o-matic 5,Philadelphia_01,80.0,None,
2024-12-13,Tron-o-matic 5 Pro,Online_Store,95.88,SMALL_DEAL,
2024-12-13,Tron-o-matic 5 Pro,LosAngeles_01,95.88,SMALL_DEAL,
2024-12-13,Tron-o-matic 5 Pro,NewYork_01,95.88,SMALL_DEAL,
2024-12-13,Tron-o-matic 5 Pro,NewYork_02,95.88,SMALL_DEAL,
2024-12-13,Tron-o-matic 5 Pro,Chicago_01,95.88,SMALL_DEAL,
2024-12-13,Tron-o-matic 5 Pro,Dallas_01,95.88,SMALL_DEAL,
2024-12-13,Tron-o-matic 5 Pro,Houston_01,95.88,SMALL_DEAL,
2024-12-13,Tron-o-matic 5 Pro,WashingtonDC_01,95.88,SMALL_DEAL,
2024-12-13,Tron-o-matic 5 Pro,Atlanta_01,95.88,SMALL_DEAL,
2024-12-13,Tron-o-matic 5 Pro,Philadelphia_01,95.88,SMALL_DEAL,
2024-12-14,Tron-o-matic 1,Online_Store,51.53,SMALL_DEAL,
2024-12-14,Tron-o-matic 1,LosAngeles_01,51.53,SMALL_DEAL,
2024-12-14,Tron-o-matic 1,NewYork_01,51.53,SMALL_DEAL,
2024-12-14,Tron-o-matic 1,NewYork_02,51.53,SMALL_DEAL,
2024-12-14,Tron-o-matic 1,Chicago_01,51.53,SMALL_DEAL,
2024-12-14,Tron-o-matic 1,Dallas_01,51.53,SMALL_DEAL,
2024-12-14,Tron-o-matic 1,Houston_01,51.53,SMALL_DEAL,
2024-12-14,Tron-o-matic 1,WashingtonDC_01,51.53,SMALL_DEAL,
2024-12-14,Tron-o-matic 1,Atlanta_01,51.53,SMALL_DEAL,
2024-12-14,Tron-o-matic 1,Philadelphia_01,51.53,SMALL_DEAL,
2024-12-14,Tron-o-matic 1 Pro,Online_Store,69.59,SMALL_DEAL,
2024-12-14,Tron-o-matic 1 Pro,LosAngeles_01,69.59,SMALL_DEAL,
2024-12-14,Tron-o-matic 1 Pro,NewYork_01,69.59,SMALL_DEAL,
2024-12-14,Tron-o-matic 1 Pro,NewYork_02,69.59,SMALL_DEAL,
2024-12-14,Tron-o-matic 1 Pro,Chicago_01,69.59,SMALL_DEAL,
2024-12-14,Tron-o-matic 1 Pro,Dallas_01,69.59,SMALL_DEAL,
2024-12-14,Tron-o-matic 1 Pro,Houston_01,69.59,SMALL_DEAL,
2024-12-14,Tron-o-matic 1 Pro,WashingtonDC_01,69.59,SMALL_DEAL,
2024-12-14,Tron-o-matic 1 Pro,Atlanta_01,69.59,SMALL_DEAL,
2024-12-14,Tron-o-matic 1 Pro,Philadelphia_01,69.59,SMALL_DEAL,
2024-12-14,Tron-o-matic 2,Online_Store,55.0,None,
2024-12-14,Tron-o-matic 2,LosAngeles_01,55.0,None,
2024-12-14,Tron-o-matic 2,NewYork_01,55.0,None,
2024-12-14,Tron-o-matic 2,NewYork_02,55.0,None,
2024-12-14,Tron-o-matic 2,Chicago_01,55.0,None,
2024-12-14,Tron-o-matic 2,Dallas_01,55.0,None,
2024-12-14,Tron-o-matic 2,Houston_01,55.0,None,
2024-12-14,Tron-o-matic 2,WashingtonDC_01,55.0,None,
2024-12-14,Tron-o-matic 2,Atlanta_01,55.0,None,
2024-12-14,Tron-o-matic 2,Philadelphia_01,55.0,None,
2024-12-14,Tron-o-matic 2 Pro,Online_Store,85.0,None,
2024-12-14,Tron-o-matic 2 Pro,LosAngeles_01,85.0,None,
2024-12-14,Tron-o-matic 2 Pro,NewYork_01,85.0,None,
2024-12-14,Tron-o-matic 2 Pro,NewYork_02,85.0,None,
2024-12-14,Tron-o-matic 2 Pro,Chicago_01,85.0,None,
2024-12-14,Tron-o-matic 2 Pro,Dallas_01,85.0,None,
2024-12-14,Tron-o-matic 2 Pro,Houston_01,85.0,None,
2024-12-14,Tron-o-matic 2 Pro,WashingtonDC_01,85.0,None,
2024-12-14,Tron-o-matic 2 Pro,Atlanta_01,85.0,None,
2024-12-14,Tron-o-matic 2 Pro,Philadelphia_01,85.0,None,
2024-12-14,Tron-o-matic 3,Online_Store,60.0,None,
2024-12-14,Tron-o-matic 3,LosAngeles_01,60.0,None,
2024-12-14,Tron-o-matic 3,NewYork_01,60.0,None,
2024-12-14,Tron-o-matic 3,NewYork_02,60.0,None,
2024-12-14,Tron-o-matic 3,Chicago_01,60.0,None,
2024-12-14,Tron-o-matic 3,Dallas_01,60.0,None,
2024-12-14,Tron-o-matic 3,Houston_01,60.0,None,
2024-12-14,Tron-o-matic 3,WashingtonDC_01,60.0,None,
2024-12-14,Tron-o-matic 3,Atlanta_01,60.0,None,
2024-12-14,Tron-o-matic 3,Philadelphia_01,60.0,None,
2024-12-14,Tron-o-matic 3 Pro,Online_Store,90.0,None,
2024-12-14,Tron-o-matic 3 Pro,LosAngeles_01,90.0,None,
2024-12-14,Tron-o-matic 3 Pro,NewYork_01,90.0,None,
2024-12-14,Tron-o-matic 3 Pro,NewYork_02,90.0,None,
2024-12-14,Tron-o-matic 3 Pro,Chicago_01,90.0,None,
2024-12-14,Tron-o-matic 3 Pro,Dallas_01,90.0,None,
2024-12-14,Tron-o-matic 3 Pro,Houston_01,90.0,None,
2024-12-14,Tron-o-matic 3 Pro,WashingtonDC_01,90.0,None,
2024-12-14,Tron-o-matic 3 Pro,Atlanta_01,90.0,None,
2024-12-14,Tron-o-matic 3 Pro,Philadelphia_01,90.0,None,
2024-12-14,Tron-o-matic 4,Online_Store,64.8,SMALL_DEAL,
2024-12-14,Tron-o-matic 4,LosAngeles_01,64.8,SMALL_DEAL,
2024-12-14,Tron-o-matic 4,NewYork_01,64.8,SMALL_DEAL,
2024-12-14,Tron-o-matic 4,NewYork_02,64.8,SMALL_DEAL,
2024-12-14,Tron-o-matic 4,Chicago_01,64.8,SMALL_DEAL,
2024-12-14,Tron-o-matic 4,Dallas_01,64.8,SMALL_DEAL,
2024-12-14,Tron-o-matic 4,Houston_01,64.8,SMALL_DEAL,
2024-12-14,Tron-o-matic 4,WashingtonDC_01,64.8,SMALL_DEAL,
2024-12-14,Tron-o-matic 4,Atlanta_01,64.8,SMALL_DEAL,
2024-12-14,Tron-o-matic 4,Philadelphia_01,64.8,SMALL_DEAL,
2024-12-14,Tron-o-matic 4 Pro,Online_Store,91.47,SMALL_DEAL,
2024-12-14,Tron-o-matic 4 Pro,LosAngeles_01,91.47,SMALL_DEAL,
2024-12-14,Tron-o-matic 4 Pro,NewYork_01,91.47,SMALL_DEAL,
2024-12-14,Tron-o-matic 4 Pro,NewYork_02,91.47,SMALL_DEAL,
2024-12-14,Tron-o-matic 4 Pro,Chicago_01,91.47,SMALL_DEAL,
2024-12-14,Tron-o-matic 4 Pro,Dallas_01,91.47,SMALL_DEAL,
2024-12-14,Tron-o-matic 4 Pro,Houston_01,91.47,SMALL_DEAL,
2024-12-14,Tron-o-matic 4 Pro,WashingtonDC_01,91.47,SMALL_DEAL,
2024-12-14,Tron-o-matic 4 Pro,Atlanta_01,91.47,SMALL_DEAL,
2024-12-14,Tron-o-matic 4 Pro,Philadelphia_01,91.47,SMALL_DEAL,
2024-12-14,Tron-o-matic 5,Online_Store,80.0,None,
2024-12-14,Tron-o-matic 5,LosAngeles_01,80.0,None,
2024-12-14,Tron-o-matic 5,NewYork_01,80.0,None,
2024-12-14,Tron-o-matic 5,NewYork_02,80.0,None,
2024-12-14,Tron-o-matic 5,Chicago_01,80.0,None,
2024-12-14,Tron-o-matic 5,Dallas_01,80.0,None,
2024-12-14,Tron-o-matic 5,Houston_01,80.0,None,
2024-12-14,Tron-o-matic 5,WashingtonDC_01,80.0,None,
2024-12-14,Tron-o-matic 5,Atlanta_01,80.0,None,
2024-12-14,Tron-o-matic 5,Philadelphia_01,80.0,None,
2024-12-14,Tron-o-matic 5 Pro,Online_Store,110.0,None,
2024-12-14,Tron-o-matic 5 Pro,LosAngeles_01,110.0,None,
2024-12-14,Tron-o-matic 5 Pro,NewYork_01,110.0,None,
2024-12-14,Tron-o-matic 5 Pro,NewYork_02,110.0,None,
2024-12-14,Tron-o-matic 5 Pro,Chicago_01,110.0,None,
2024-12-14,Tron-o-matic 5 Pro,Dallas_01,110.0,None,
2024-12-14,Tron-o-matic 5 Pro,Houston_01,110.0,None,
2024-12-14,Tron-o-matic 5 Pro,WashingtonDC_01,110.0,None,
2024-12-14,Tron-o-matic 5 Pro,Atlanta_01,110.0,None,
2024-12-14,Tron-o-matic 5 Pro,Philadelphia_01,110.0,None,
2024-12-15,Tron-o-matic 1,Online_Store,60.0,None,
2024-12-15,Tron-o-matic 1,LosAngeles_01,60.0,None,
2024-12-15,Tron-o-matic 1,NewYork_01,60.0,None,
2024-12-15,Tron-o-matic 1,NewYork_02,60.0,None,
2024-12-15,Tron-o-matic 1,Chicago_01,60.0,None,
2024-12-15,Tron-o-matic 1,Dallas_01,60.0,None,
2024-12-15,Tron-o-matic 1,Houston_01,60.0,None,
2024-12-15,Tron-o-matic 1,WashingtonDC_01,60.0,None,
2024-12-15,Tron-o-matic 1,Atlanta_01,60.0,None,
2024-12-15,Tron-o-matic 1,Philadelphia_01,60.0,None,
2024-12-15,Tron-o-matic 1 Pro,Online_Store,62.23,BIG_DEAL,
2024-12-15,Tron-o-matic 1 Pro,LosAngeles_01,62.23,BIG_DEAL,
2024-12-15,Tron-o-matic 1 Pro,NewYork_01,62.23,BIG_DEAL,
2024-12-15,Tron-o-matic 1 Pro,NewYork_02,62.23,BIG_DEAL,
2024-12-15,Tron-o-matic 1 Pro,Chicago_01,62.23,BIG_DEAL,
2024-12-15,Tron-o-matic 1 Pro,Dallas_01,62.23,BIG_DEAL,
2024-12-15,Tron-o-matic 1 Pro,Houston_01,62.23,BIG_DEAL,
2024-12-15,Tron-o-matic 1 Pro,WashingtonDC_01,62.23,BIG_DEAL,
2024-12-15,Tron-o-matic 1 Pro,Atlanta_01,62.23,BIG_DEAL,
2024-12-15,Tron-o-matic 1 Pro,Philadelphia_01,62.23,BIG_DEAL,
2024-12-15,Tron-o-matic 2,Online_Store,55.0,None,
2024-12-15,Tron-o-matic 2,LosAngeles_01,55.0,None,
2024-12-15,Tron-o-matic 2,NewYork_01,55.0,None,
2024-12-15,Tron-o-matic 2,NewYork_02,55.0,None,
2024-12-15,Tron-o-matic 2,Chicago_01,55.0,None,
2024-12-15,Tron-o-matic 2,Dallas_01,55.0,None,
2024-12-15,Tron-o-matic 2,Houston_01,55.0,None,
2024-12-15,Tron-o-matic 2,WashingtonDC_01,55.0,None,
2024-12-15,Tron-o-matic 2,Atlanta_01,55.0,None,
2024-12-15,Tron-o-matic 2,Philadelphia_01,55.0,None,
2024-12-15,Tron-o-matic 2 Pro,Online_Store,78.36,SMALL_DEAL,
2024-12-15,Tron-o-matic 2 Pro,LosAngeles_01,78.36,SMALL_DEAL,
2024-12-15,Tron-o-matic 2 Pro,NewYork_01,78.36,SMALL_DEAL,
2024-12-15,Tron-o-matic 2 Pro,NewYork_02,78.36,SMALL_DEAL,
2024-12-15,Tron-o-matic 2 Pro,Chicago_01,78.36,SMALL_DEAL,
2024-12-15,Tron-o-matic 2 Pro,Dallas_01,78.36,SMALL_DEAL,
2024-12-15,Tron-o-matic 2 Pro,Houston_01,78.36,SMALL_DEAL,
2024-12-15,Tron-o-matic 2 Pro,WashingtonDC_01,78.36,SMALL_DEAL,
2024-12-15,Tron-o-matic 2 Pro,Atlanta_01,78.36,SMALL_DEAL,
2024-12-15,Tron-o-matic 2 Pro,Philadelphia_01,78.36,SMALL_DEAL,
2024-12-15,Tron-o-matic 3,Online_Store,51.72,SMALL_DEAL,
2024-12-15,Tron-o-matic 3,LosAngeles_01,51.72,SMALL_DEAL,
2024-12-15,Tron-o-matic 3,NewYork_01,51.72,SMALL_DEAL,
2024-12-15,Tron-o-matic 3,NewYork_02,51.72,SMALL_DEAL,
2024-12-15,Tron-o-matic 3,Chicago_01,51.72,SMALL_DEAL,
2024-12-15,Tron-o-matic 3,Dallas_01,51.72,SMALL_DEAL,
2024-12-15,Tron-o-matic 3,Houston_01,51.72,SMALL_DEAL,
2024-12-15,Tron-o-matic 3,WashingtonDC_01,51.72,SMALL_DEAL,
2024-12-15,Tron-o-matic 3,Atlanta_01,51.72,SMALL_DEAL,
2024-12-15,Tron-o-matic 3,Philadelphia_01,51.72,SMALL_DEAL,
2024-12-15,Tron-o-matic 3 Pro,Online_Store,63.87,BIG_DEAL,
2024-12-15,Tron-o-matic 3 Pro,LosAngeles_01,63.87,BIG_DEAL,
2024-12-15,Tron-o-matic 3 Pro,NewYork_01,63.87,BIG_DEAL,
2024-12-15,Tron-o-matic 3 Pro,NewYork_02,63.87,BIG_DEAL,
2024-12-15,Tron-o-matic 3 Pro,Chicago_01,63.87,BIG_DEAL,
2024-12-15,Tron-o-matic 3 Pro,Dallas_01,63.87,BIG_DEAL,
2024-12-15,Tron-o-matic 3 Pro,Houston_01,63.87,BIG_DEAL,
2024-12-15,Tron-o-matic 3 Pro,WashingtonDC_01,63.87,BIG_DEAL,
2024-12-15,Tron-o-matic 3 Pro,Atlanta_01,63.87,BIG_DEAL,
2024-12-15,Tron-o-matic 3 Pro,Philadelphia_01,63.87,BIG_DEAL,
2024-12-15,Tron-o-matic 4,Online_Store,55.23,BIG_DEAL,
2024-12-15,Tron-o-matic 4,LosAngeles_01,55.23,BIG_DEAL,
2024-12-15,Tron-o-matic 4,NewYork_01,55.23,BIG_DEAL,
2024-12-15,Tron-o-matic 4,NewYork_02,55.23,BIG_DEAL,
2024-12-15,Tron-o-matic 4,Chicago_01,55.23,BIG_DEAL,
2024-12-15,Tron-o-matic 4,Dallas_01,55.23,BIG_DEAL,
2024-12-15,Tron-o-matic 4,Houston_01,55.23,BIG_DEAL,
2024-12-15,Tron-o-matic 4,WashingtonDC_01,55.23,BIG_DEAL,
2024-12-15,Tron-o-matic 4,Atlanta_01,55.23,BIG_DEAL,
2024-12-15,Tron-o-matic 4,Philadelphia_01,55.23,BIG_DEAL,
2024-12-15,Tron-o-matic 4 Pro,Online_Store,100.0,None,
2024-12-15,Tron-o-matic 4 Pro,LosAngeles_01,100.0,None,
2024-12-15,Tron-o-matic 4 Pro,NewYork_01,100.0,None,
2024-12-15,Tron-o-matic 4 Pro,NewYork_02,100.0,None,
2024-12-15,Tron-o-matic 4 Pro,Chicago_01,100.0,None,
2024-12-15,Tron-o-matic 4 Pro,Dallas_01,100.0,None,
2024-12-15,Tron-o-matic 4 Pro,Houston_01,100.0,None,
2024-12-15,Tron-o-matic 4 Pro,WashingtonDC_01,100.0,None,
2024-12-15,Tron-o-matic 4 Pro,Atlanta_01,100.0,None,
2024-12-15,Tron-o-matic 4 Pro,Philadelphia_01,100.0,None,
2024-12-15,Tron-o-matic 5,Online_Store,74.7,SMALL_DEAL,
2024-12-15,Tron-o-matic 5,LosAngeles_01,74.7,SMALL_DEAL,
2024-12-15,Tron-o-matic 5,NewYork_01,74.7,SMALL_DEAL,
2024-12-15,Tron-o-matic 5,NewYork_02,74.7,SMALL_DEAL,
2024-12-15,Tron-o-matic 5,Chicago_01,74.7,SMALL_DEAL,
2024-12-15,Tron-o-matic 5,Dallas_01,74.7,SMALL_DEAL,
2024-12-15,Tron-o-matic 5,Houston_01,74.7,SMALL_DEAL,
2024-12-15,Tron-o-matic 5,WashingtonDC_01,74.7,SMALL_DEAL,
2024-12-15,Tron-o-matic 5,Atlanta_01,74.7,SMALL_DEAL,
2024-12-15,Tron-o-matic 5,Philadelphia_01,74.7,SMALL_DEAL,
2024-12-15,Tron-o-matic 5 Pro,Online_Store,110.0,None,
2024-12-15,Tron-o-matic 5 Pro,LosAngeles_01,110.0,None,
2024-12-15,Tron-o-matic 5 Pro,NewYork_01,110.0,None,
2024-12-15,Tron-o-matic 5 Pro,NewYork_02,110.0,None,
2024-12-15,Tron-o-matic 5 Pro,Chicago_01,110.0,None,
2024-12-15,Tron-o-matic 5 Pro,Dallas_01,110.0,None,
2024-12-15,Tron-o-matic 5 Pro,Houston_01,110.0,None,
2024-12-15,Tron-o-matic 5 Pro,WashingtonDC_01,110.0,None,
2024-12-15,Tron-o-matic 5 Pro,Atlanta_01,110.0,None,
2024-12-15,Tron-o-matic 5 Pro,Philadelphia_01,110.0,None,
2024-12-16,Tron-o-matic 1,Online_Store,55.9,SMALL_DEAL,
2024-12-16,Tron-o-matic 1,LosAngeles_01,55.9,SMALL_DEAL,
2024-12-16,Tron-o-matic 1,NewYork_01,55.9,SMALL_DEAL,
2024-12-16,Tron-o-matic 1,NewYork_02,55.9,SMALL_DEAL,
2024-12-16,Tron-o-matic 1,Chicago_01,55.9,SMALL_DEAL,
2024-12-16,Tron-o-matic 1,Dallas_01,55.9,SMALL_DEAL,
2024-12-16,Tron-o-matic 1,Houston_01,55.9,SMALL_DEAL,
2024-12-16,Tron-o-matic 1,WashingtonDC_01,55.9,SMALL_DEAL,
2024-12-16,Tron-o-matic 1,Atlanta_01,55.9,SMALL_DEAL,
2024-12-16,Tron-o-matic 1,Philadelphia_01,55.9,SMALL_DEAL,
2024-12-16,Tron-o-matic 1 Pro,Online_Store,73.91,SMALL_DEAL,
2024-12-16,Tron-o-matic 1 Pro,LosAngeles_01,73.91,SMALL_DEAL,
2024-12-16,Tron-o-matic 1 Pro,NewYork_01,73.91,SMALL_DEAL,
2024-12-16,Tron-o-matic 1 Pro,NewYork_02,73.91,SMALL_DEAL,
2024-12-16,Tron-o-matic 1 Pro,Chicago_01,73.91,SMALL_DEAL,
2024-12-16,Tron-o-matic 1 Pro,Dallas_01,73.91,SMALL_DEAL,
2024-12-16,Tron-o-matic 1 Pro,Houston_01,73.91,SMALL_DEAL,
2024-12-16,Tron-o-matic 1 Pro,WashingtonDC_01,73.91,SMALL_DEAL,
2024-12-16,Tron-o-matic 1 Pro,Atlanta_01,73.91,SMALL_DEAL,
2024-12-16,Tron-o-matic 1 Pro,Philadelphia_01,73.91,SMALL_DEAL,
2024-12-16,Tron-o-matic 2,Online_Store,47.75,SMALL_DEAL,
2024-12-16,Tron-o-matic 2,LosAngeles_01,47.75,SMALL_DEAL,
2024-12-16,Tron-o-matic 2,NewYork_01,47.75,SMALL_DEAL,
2024-12-16,Tron-o-matic 2,NewYork_02,47.75,SMALL_DEAL,
2024-12-16,Tron-o-matic 2,Chicago_01,47.75,SMALL_DEAL,
2024-12-16,Tron-o-matic 2,Dallas_01,47.75,SMALL_DEAL,
2024-12-16,Tron-o-matic 2,Houston_01,47.75,SMALL_DEAL,
2024-12-16,Tron-o-matic 2,WashingtonDC_01,47.75,SMALL_DEAL,
2024-12-16,Tron-o-matic 2,Atlanta_01,47.75,SMALL_DEAL,
2024-12-16,Tron-o-matic 2,Philadelphia_01,47.75,SMALL_DEAL,
2024-12-16,Tron-o-matic 2 Pro,Online_Store,80.51,SMALL_DEAL,
2024-12-16,Tron-o-matic 2 Pro,LosAngeles_01,80.51,SMALL_DEAL,
2024-12-16,Tron-o-matic 2 Pro,NewYork_01,80.51,SMALL_DEAL,
2024-12-16,Tron-o-matic 2 Pro,NewYork_02,80.51,SMALL_DEAL,
2024-12-16,Tron-o-matic 2 Pro,Chicago_01,80.51,SMALL_DEAL,
2024-12-16,Tron-o-matic 2 Pro,Dallas_01,80.51,SMALL_DEAL,
2024-12-16,Tron-o-matic 2 Pro,Houston_01,80.51,SMALL_DEAL,
2024-12-16,Tron-o-matic 2 Pro,WashingtonDC_01,80.51,SMALL_DEAL,
2024-12-16,Tron-o-matic 2 Pro,Atlanta_01,80.51,SMALL_DEAL,
2024-12-16,Tron-o-matic 2 Pro,Philadelphia_01,80.51,SMALL_DEAL,
2024-12-16,Tron-o-matic 3,Online_Store,53.42,SMALL_DEAL,
2024-12-16,Tron-o-matic 3,LosAngeles_01,53.42,SMALL_DEAL,
2024-12-16,Tron-o-matic 3,NewYork_01,53.42,SMALL_DEAL,
2024-12-16,Tron-o-matic 3,NewYork_02,53.42,SMALL_DEAL,
2024-12-16,Tron-o-matic 3,Chicago_01,53.42,SMALL_DEAL,
2024-12-16,Tron-o-matic 3,Dallas_01,53.42,SMALL_DEAL,
2024-12-16,Tron-o-matic 3,Houston_01,53.42,SMALL_DEAL,
2024-12-16,Tron-o-matic 3,WashingtonDC_01,53.42,SMALL_DEAL,
2024-12-16,Tron-o-matic 3,Atlanta_01,53.42,SMALL_DEAL,
2024-12-16,Tron-o-matic 3,Philadelphia_01,53.42,SMALL_DEAL,
2024-12-16,Tron-o-matic 3 Pro,Online_Store,84.86,SMALL_DEAL,
2024-12-16,Tron-o-matic 3 Pro,LosAngeles_01,84.86,SMALL_DEAL,
2024-12-16,Tron-o-matic 3 Pro,NewYork_01,84.86,SMALL_DEAL,
2024-12-16,Tron-o-matic 3 Pro,NewYork_02,84.86,SMALL_DEAL,
2024-12-16,Tron-o-matic 3 Pro,Chicago_01,84.86,SMALL_DEAL,
2024-12-16,Tron-o-matic 3 Pro,Dallas_01,84.86,SMALL_DEAL,
2024-12-16,Tron-o-matic 3 Pro,Houston_01,84.86,SMALL_DEAL,
2024-12-16,Tron-o-matic 3 Pro,WashingtonDC_01,84.86,SMALL_DEAL,
2024-12-16,Tron-o-matic 3 Pro,Atlanta_01,84.86,SMALL_DEAL,
2024-12-16,Tron-o-matic 3 Pro,Philadelphia_01,84.86,SMALL_DEAL,
2024-12-16,Tron-o-matic 4,Online_Store,75.0,None,
2024-12-16,Tron-o-matic 4,LosAngeles_01,75.0,None,
2024-12-16,Tron-o-matic 4,NewYork_01,75.0,None,
2024-12-16,Tron-o-matic 4,NewYork_02,75.0,None,
2024-12-16,Tron-o-matic 4,Chicago_01,75.0,None,
2024-12-16,Tron-o-matic 4,Dallas_01,75.0,None,
2024-12-16,Tron-o-matic 4,Houston_01,75.0,None,
2024-12-16,Tron-o-matic 4,WashingtonDC_01,75.0,None,
2024-12-16,Tron-o-matic 4,Atlanta_01,75.0,None,
2024-12-16,Tron-o-matic 4,Philadelphia_01,75.0,None,
2024-12-16,Tron-o-matic 4 Pro,Online_Store,100.0,None,
2024-12-16,Tron-o-matic 4 Pro,LosAngeles_01,100.0,None,
2024-12-16,Tron-o-matic 4 Pro,NewYork_01,100.0,None,
2024-12-16,Tron-o-matic 4 Pro,NewYork_02,100.0,None,
2024-12-16,Tron-o-matic 4 Pro,Chicago_01,100.0,None,
2024-12-16,Tron-o-matic 4 Pro,Dallas_01,100.0,None,
2024-12-16,Tron-o-matic 4 Pro,Houston_01,100.0,None,
2024-12-16,Tron-o-matic 4 Pro,WashingtonDC_01,100.0,None,
2024-12-16,Tron-o-matic 4 Pro,Atlanta_01,100.0,None,
2024-12-16,Tron-o-matic 4 Pro,Philadelphia_01,100.0,None,
2024-12-16,Tron-o-matic 5,Online_Store,80.0,None,
2024-12-16,Tron-o-matic 5,LosAngeles_01,80.0,None,
2024-12-16,Tron-o-matic 5,NewYork_01,80.0,None,
2024-12-16,Tron-o-matic 5,NewYork_02,80.0,None,
2024-12-16,Tron-o-matic 5,Chicago_01,80.0,None,
2024-12-16,Tron-o-matic 5,Dallas_01,80.0,None,
2024-12-16,Tron-o-matic 5,Houston_01,80.0,None,
2024-12-16,Tron-o-matic 5,WashingtonDC_01,80.0,None,
2024-12-16,Tron-o-matic 5,Atlanta_01,80.0,None,
2024-12-16,Tron-o-matic 5,Philadelphia_01,80.0,None,
2024-12-16,Tron-o-matic 5 Pro,Online_Store,102.48,SMALL_DEAL,
2024-12-16,Tron-o-matic 5 Pro,LosAngeles_01,102.48,SMALL_DEAL,
2024-12-16,Tron-o-matic 5 Pro,NewYork_01,102.48,SMALL_DEAL,
2024-12-16,Tron-o-matic 5 Pro,NewYork_02,102.48,SMALL_DEAL,
2024-12-16,Tron-o-matic 5 Pro,Chicago_01,102.48,SMALL_DEAL,
2024-12-16,Tron-o-matic 5 Pro,Dallas_01,102.48,SMALL_DEAL,
2024-12-16,Tron-o-matic 5 Pro,Houston_01,102.48,SMALL_DEAL,
2024-12-16,Tron-o-matic 5 Pro,WashingtonDC_01,102.48,SMALL_DEAL,
2024-12-16,Tron-o-matic 5 Pro,Atlanta_01,102.48,SMALL_DEAL,
2024-12-16,Tron-o-matic 5 Pro,Philadelphia_01,102.48,SMALL_DEAL,
2024-12-17,Tron-o-matic 1,Online_Store,60.0,None,
2024-12-17,Tron-o-matic 1,LosAngeles_01,60.0,None,
2024-12-17,Tron-o-matic 1,NewYork_01,60.0,None,
2024-12-17,Tron-o-matic 1,NewYork_02,60.0,None,
2024-12-17,Tron-o-matic 1,Chicago_01,60.0,None,
2024-12-17,Tron-o-matic 1,Dallas_01,60.0,None,
2024-12-17,Tron-o-matic 1,Houston_01,60.0,None,
2024-12-17,Tron-o-matic 1,WashingtonDC_01,60.0,None,
2024-12-17,Tron-o-matic 1,Atlanta_01,60.0,None,
2024-12-17,Tron-o-matic 1,Philadelphia_01,60.0,None,
2024-12-17,Tron-o-matic 1 Pro,Online_Store,80.0,None,
2024-12-17,Tron-o-matic 1 Pro,LosAngeles_01,80.0,None,
2024-12-17,Tron-o-matic 1 Pro,NewYork_01,80.0,None,
2024-12-17,Tron-o-matic 1 Pro,NewYork_02,80.0,None,
2024-12-17,Tron-o-matic 1 Pro,Chicago_01,80.0,None,
2024-12-17,Tron-o-matic 1 Pro,Dallas_01,80.0,None,
2024-12-17,Tron-o-matic 1 Pro,Houston_01,80.0,None,
2024-12-17,Tron-o-matic 1 Pro,WashingtonDC_01,80.0,None,
2024-12-17,Tron-o-matic 1 Pro,Atlanta_01,80.0,None,
2024-12-17,Tron-o-matic 1 Pro,Philadelphia_01,80.0,None,
2024-12-17,Tron-o-matic 2,Online_Store,41.66,BIG_DEAL,
2024-12-17,Tron-o-matic 2,LosAngeles_01,41.66,BIG_DEAL,
2024-12-17,Tron-o-matic 2,NewYork_01,41.66,BIG_DEAL,
2024-12-17,Tron-o-matic 2,NewYork_02,41.66,BIG_DEAL,
2024-12-17,Tron-o-matic 2,Chicago_01,41.66,BIG_DEAL,
2024-12-17,Tron-o-matic 2,Dallas_01,41.66,BIG_DEAL,
2024-12-17,Tron-o-matic 2,Houston_01,41.66,BIG_DEAL,
2024-12-17,Tron-o-matic 2,WashingtonDC_01,41.66,BIG_DEAL,
2024-12-17,Tron-o-matic 2,Atlanta_01,41.66,BIG_DEAL,
2024-12-17,Tron-o-matic 2,Philadelphia_01,41.66,BIG_DEAL,
2024-12-17,Tron-o-matic 2 Pro,Online_Store,72.51,SMALL_DEAL,
2024-12-17,Tron-o-matic 2 Pro,LosAngeles_01,72.51,SMALL_DEAL,
2024-12-17,Tron-o-matic 2 Pro,NewYork_01,72.51,SMALL_DEAL,
2024-12-17,Tron-o-matic 2 Pro,NewYork_02,72.51,SMALL_DEAL,
2024-12-17,Tron-o-matic 2 Pro,Chicago_01,72.51,SMALL_DEAL,
2024-12-17,Tron-o-matic 2 Pro,Dallas_01,72.51,SMALL_DEAL,
2024-12-17,Tron-o-matic 2 Pro,Houston_01,72.51,SMALL_DEAL,
2024-12-17,Tron-o-matic 2 Pro,WashingtonDC_01,72.51,SMALL_DEAL,
2024-12-17,Tron-o-matic 2 Pro,Atlanta_01,72.51,SMALL_DEAL,
2024-12-17,Tron-o-matic 2 Pro,Philadelphia_01,72.51,SMALL_DEAL,
2024-12-17,Tron-o-matic 3,Online_Store,60.0,None,
2024-12-17,Tron-o-matic 3,LosAngeles_01,60.0,None,
2024-12-17,Tron-o-matic 3,NewYork_01,60.0,None,
2024-12-17,Tron-o-matic 3,NewYork_02,60.0,None,
2024-12-17,Tron-o-matic 3,Chicago_01,60.0,None,
2024-12-17,Tron-o-matic 3,Dallas_01,60.0,None,
2024-12-17,Tron-o-matic 3,Houston_01,60.0,None,
2024-12-17,Tron-o-matic 3,WashingtonDC_01,60.0,None,
2024-12-17,Tron-o-matic 3,Atlanta_01,60.0,None,
2024-12-17,Tron-o-matic 3,Philadelphia_01,60.0,None,
2024-12-17,Tron-o-matic 3 Pro,Online_Store,90.0,None,
2024-12-17,Tron-o-matic 3 Pro,LosAngeles_01,90.0,None,
2024-12-17,Tron-o-matic 3 Pro,NewYork_01,90.0,None,
2024-12-17,Tron-o-matic 3 Pro,NewYork_02,90.0,None,
2024-12-17,Tron-o-matic 3 Pro,Chicago_01,90.0,None,
2024-12-17,Tron-o-matic 3 Pro,Dallas_01,90.0,None,
2024-12-17,Tron-o-matic 3 Pro,Houston_01,90.0,None,
2024-12-17,Tron-o-matic 3 Pro,WashingtonDC_01,90.0,None,
2024-12-17,Tron-o-matic 3 Pro,Atlanta_01,90.0,None,
2024-12-17,Tron-o-matic 3 Pro,Philadelphia_01,90.0,None,
2024-12-17,Tron-o-matic 4,Online_Store,75.0,None,
2024-12-17,Tron-o-matic 4,LosAngeles_01,75.0,None,
2024-12-17,Tron-o-matic 4,NewYork_01,75.0,None,
2024-12-17,Tron-o-matic 4,NewYork_02,75.0,None,
2024-12-17,Tron-o-matic 4,Chicago_01,75.0,None,
2024-12-17,Tron-o-matic 4,Dallas_01,75.0,None,
2024-12-17,Tron-o-matic 4,Houston_01,75.0,None,
2024-12-17,Tron-o-matic 4,WashingtonDC_01,75.0,None,
2024-12-17,Tron-o-matic 4,Atlanta_01,75.0,None,
2024-12-17,Tron-o-matic 4,Philadelphia_01,75.0,None,
2024-12-17,Tron-o-matic 4 Pro,Online_Store,100.0,None,
2024-12-17,Tron-o-matic 4 Pro,LosAngeles_01,100.0,None,
2024-12-17,Tron-o-matic 4 Pro,NewYork_01,100.0,None,
2024-12-17,Tron-o-matic 4 Pro,NewYork_02,100.0,None,
2024-12-17,Tron-o-matic 4 Pro,Chicago_01,100.0,None,
2024-12-17,Tron-o-matic 4 Pro,Dallas_01,100.0,None,
2024-12-17,Tron-o-matic 4 Pro,Houston_01,100.0,None,
2024-12-17,Tron-o-matic 4 Pro,WashingtonDC_01,100.0,None,
2024-12-17,Tron-o-matic 4 Pro,Atlanta_01,100.0,None,
2024-12-17,Tron-o-matic 4 Pro,Philadelphia_01,100.0,None,
2024-12-17,Tron-o-matic 5,Online_Store,80.0,None,
2024-12-17,Tron-o-matic 5,LosAngeles_01,80.0,None,
2024-12-17,Tron-o-matic 5,NewYork_01,80.0,None,
2024-12-17,Tron-o-matic 5,NewYork_02,80.0,None,
2024-12-17,Tron-o-matic 5,Chicago_01,80.0,None,
2024-12-17,Tron-o-matic 5,Dallas_01,80.0,None,
2024-12-17,Tron-o-matic 5,Houston_01,80.0,None,
2024-12-17,Tron-o-matic 5,WashingtonDC_01,80.0,None,
2024-12-17,Tron-o-matic 5,Atlanta_01,80.0,None,
2024-12-17,Tron-o-matic 5,Philadelphia_01,80.0,None,
2024-12-17,Tron-o-matic 5 Pro,Online_Store,110.0,None,
2024-12-17,Tron-o-matic 5 Pro,LosAngeles_01,110.0,None,
2024-12-17,Tron-o-matic 5 Pro,NewYork_01,110.0,None,
2024-12-17,Tron-o-matic 5 Pro,NewYork_02,110.0,None,
2024-12-17,Tron-o-matic 5 Pro,Chicago_01,110.0,None,
2024-12-17,Tron-o-matic 5 Pro,Dallas_01,110.0,None,
2024-12-17,Tron-o-matic 5 Pro,Houston_01,110.0,None,
2024-12-17,Tron-o-matic 5 Pro,WashingtonDC_01,110.0,None,
2024-12-17,Tron-o-matic 5 Pro,Atlanta_01,110.0,None,
2024-12-17,Tron-o-matic 5 Pro,Philadelphia_01,110.0,None,
2024-12-18,Tron-o-matic 1,Online_Store,60.0,None,
2024-12-18,Tron-o-matic 1,LosAngeles_01,60.0,None,
2024-12-18,Tron-o-matic 1,NewYork_01,60.0,None,
2024-12-18,Tron-o-matic 1,NewYork_02,60.0,None,
2024-12-18,Tron-o-matic 1,Chicago_01,60.0,None,
2024-12-18,Tron-o-matic 1,Dallas_01,60.0,None,
2024-12-18,Tron-o-matic 1,Houston_01,60.0,None,
2024-12-18,Tron-o-matic 1,WashingtonDC_01,60.0,None,
2024-12-18,Tron-o-matic 1,Atlanta_01,60.0,None,
2024-12-18,Tron-o-matic 1,Philadelphia_01,60.0,None,
2024-12-18,Tron-o-matic 1 Pro,Online_Store,80.0,None,
2024-12-18,Tron-o-matic 1 Pro,LosAngeles_01,80.0,None,
2024-12-18,Tron-o-matic 1 Pro,NewYork_01,80.0,None,
2024-12-18,Tron-o-matic 1 Pro,NewYork_02,80.0,None,
2024-12-18,Tron-o-matic 1 Pro,Chicago_01,80.0,None,
2024-12-18,Tron-o-matic 1 Pro,Dallas_01,80.0,None,
2024-12-18,Tron-o-matic 1 Pro,Houston_01,80.0,None,
2024-12-18,Tron-o-matic 1 Pro,WashingtonDC_01,80.0,None,
2024-12-18,Tron-o-matic 1 Pro,Atlanta_01,80.0,None,
2024-12-18,Tron-o-matic 1 Pro,Philadelphia_01,80.0,None,
2024-12-18,Tron-o-matic 2,Online_Store,55.0,None,
2024-12-18,Tron-o-matic 2,LosAngeles_01,55.0,None,
2024-12-18,Tron-o-matic 2,NewYork_01,55.0,None,
2024-12-18,Tron-o-matic 2,NewYork_02,55.0,None,
2024-12-18,Tron-o-matic 2,Chicago_01,55.0,None,
2024-12-18,Tron-o-matic 2,Dallas_01,55.0,None,
2024-12-18,Tron-o-matic 2,Houston_01,55.0,None,
2024-12-18,Tron-o-matic 2,WashingtonDC_01,55.0,None,
2024-12-18,Tron-o-matic 2,Atlanta_01,55.0,None,
2024-12-18,Tron-o-matic 2,Philadelphia_01,55.0,None,
2024-12-18,Tron-o-matic 2 Pro,Online_Store,85.0,None,
2024-12-18,Tron-o-matic 2 Pro,LosAngeles_01,85.0,None,
2024-12-18,Tron-o-matic 2 Pro,NewYork_01,85.0,None,
2024-12-18,Tron-o-matic 2 Pro,NewYork_02,85.0,None,
2024-12-18,Tron-o-matic 2 Pro,Chicago_01,85.0,None,
2024-12-18,Tron-o-matic 2 Pro,Dallas_01,85.0,None,
2024-12-18,Tron-o-matic 2 Pro,Houston_01,85.0,None,
2024-12-18,Tron-o-matic 2 Pro,WashingtonDC_01,85.0,None,
2024-12-18,Tron-o-matic 2 Pro,Atlanta_01,85.0,None,
2024-12-18,Tron-o-matic 2 Pro,Philadelphia_01,85.0,None,
2024-12-18,Tron-o-matic 3,Online_Store,45.73,BIG_DEAL,
2024-12-18,Tron-o-matic 3,LosAngeles_01,45.73,BIG_DEAL,
2024-12-18,Tron-o-matic 3,NewYork_01,45.73,BIG_DEAL,
2024-12-18,Tron-o-matic 3,NewYork_02,45.73,BIG_DEAL,
2024-12-18,Tron-o-matic 3,Chicago_01,45.73,BIG_DEAL,
2024-12-18,Tron-o-matic 3,Dallas_01,45.73,BIG_DEAL,
2024-12-18,Tron-o-matic 3,Houston_01,45.73,BIG_DEAL,
2024-12-18,Tron-o-matic 3,WashingtonDC_01,45.73,BIG_DEAL,
2024-12-18,Tron-o-matic 3,Atlanta_01,45.73,BIG_DEAL,
2024-12-18,Tron-o-matic 3,Philadelphia_01,45.73,BIG_DEAL,
2024-12-18,Tron-o-matic 3 Pro,Online_Store,84.36,SMALL_DEAL,
2024-12-18,Tron-o-matic 3 Pro,LosAngeles_01,84.36,SMALL_DEAL,
2024-12-18,Tron-o-matic 3 Pro,NewYork_01,84.36,SMALL_DEAL,
2024-12-18,Tron-o-matic 3 Pro,NewYork_02,84.36,SMALL_DEAL,
2024-12-18,Tron-o-matic 3 Pro,Chicago_01,84.36,SMALL_DEAL,
2024-12-18,Tron-o-matic 3 Pro,Dallas_01,84.36,SMALL_DEAL,
2024-12-18,Tron-o-matic 3 Pro,Houston_01,84.36,SMALL_DEAL,
2024-12-18,Tron-o-matic 3 Pro,WashingtonDC_01,84.36,SMALL_DEAL,
2024-12-18,Tron-o-matic 3 Pro,Atlanta_01,84.36,SMALL_DEAL,
2024-12-18,Tron-o-matic 3 Pro,Philadelphia_01,84.36,SMALL_DEAL,
2024-12-18,Tron-o-matic 4,Online_Store,75.0,None,
2024-12-18,Tron-o-matic 4,LosAngeles_01,75.0,None,
2024-12-18,Tron-o-matic 4,NewYork_01,75.0,None,
2024-12-18,Tron-o-matic 4,NewYork_02,75.0,None,
2024-12-18,Tron-o-matic 4,Chicago_01,75.0,None,
2024-12-18,Tron-o-matic 4,Dallas_01,75.0,None,
2024-12-18,Tron-o-matic 4,Houston_01,75.0,None,
2024-12-18,Tron-o-matic 4,WashingtonDC_01,75.0,None,
2024-12-18,Tron-o-matic 4,Atlanta_01,75.0,None,
2024-12-18,Tron-o-matic 4,Philadelphia_01,75.0,None,
2024-12-18,Tron-o-matic 4 Pro,Online_Store,100.0,None,
2024-12-18,Tron-o-matic 4 Pro,LosAngeles_01,100.0,None,
2024-12-18,Tron-o-matic 4 Pro,NewYork_01,100.0,None,
2024-12-18,Tron-o-matic 4 Pro,NewYork_02,100.0,None,
2024-12-18,Tron-o-matic 4 Pro,Chicago_01,100.0,None,
2024-12-18,Tron-o-matic 4 Pro,Dallas_01,100.0,None,
2024-12-18,Tron-o-matic 4 Pro,Houston_01,100.0,None,
2024-12-18,Tron-o-matic 4 Pro,WashingtonDC_01,100.0,None,
2024-12-18,Tron-o-matic 4 Pro,Atlanta_01,100.0,None,
2024-12-18,Tron-o-matic 4 Pro,Philadelphia_01,100.0,None,
2024-12-18,Tron-o-matic 5,Online_Store,80.0,None,
2024-12-18,Tron-o-matic 5,LosAngeles_01,80.0,None,
2024-12-18,Tron-o-matic 5,NewYork_01,80.0,None,
2024-12-18,Tron-o-matic 5,NewYork_02,80.0,None,
2024-12-18,Tron-o-matic 5,Chicago_01,80.0,None,
2024-12-18,Tron-o-matic 5,Dallas_01,80.0,None,
2024-12-18,Tron-o-matic 5,Houston_01,80.0,None,
2024-12-18,Tron-o-matic 5,WashingtonDC_01,80.0,None,
2024-12-18,Tron-o-matic 5,Atlanta_01,80.0,None,
2024-12-18,Tron-o-matic 5,Philadelphia_01,80.0,None,
2024-12-18,Tron-o-matic 5 Pro,Online_Store,110.0,None,
2024-12-18,Tron-o-matic 5 Pro,LosAngeles_01,110.0,None,
2024-12-18,Tron-o-matic 5 Pro,NewYork_01,110.0,None,
2024-12-18,Tron-o-matic 5 Pro,NewYork_02,110.0,None,
2024-12-18,Tron-o-matic 5 Pro,Chicago_01,110.0,None,
2024-12-18,Tron-o-matic 5 Pro,Dallas_01,110.0,None,
2024-12-18,Tron-o-matic 5 Pro,Houston_01,110.0,None,
2024-12-18,Tron-o-matic 5 Pro,WashingtonDC_01,110.0,None,
2024-12-18,Tron-o-matic 5 Pro,Atlanta_01,110.0,None,
2024-12-18,Tron-o-matic 5 Pro,Philadelphia_01,110.0,None,
2024-12-19,Tron-o-matic 1,Online_Store,60.0,None,
2024-12-19,Tron-o-matic 1,LosAngeles_01,60.0,None,
2024-12-19,Tron-o-matic 1,NewYork_01,60.0,None,
2024-12-19,Tron-o-matic 1,NewYork_02,60.0,None,
2024-12-19,Tron-o-matic 1,Chicago_01,60.0,None,
2024-12-19,Tron-o-matic 1,Dallas_01,60.0,None,
2024-12-19,Tron-o-matic 1,Houston_01,60.0,None,
2024-12-19,Tron-o-matic 1,WashingtonDC_01,60.0,None,
2024-12-19,Tron-o-matic 1,Atlanta_01,60.0,None,
2024-12-19,Tron-o-matic 1,Philadelphia_01,60.0,None,
2024-12-19,Tron-o-matic 1 Pro,Online_Store,57.13,BIG_DEAL,
2024-12-19,Tron-o-matic 1 Pro,LosAngeles_01,57.13,BIG_DEAL,
2024-12-19,Tron-o-matic 1 Pro,NewYork_01,57.13,BIG_DEAL,
2024-12-19,Tron-o-matic 1 Pro,NewYork_02,57.13,BIG_DEAL,
2024-12-19,Tron-o-matic 1 Pro,Chicago_01,57.13,BIG_DEAL,
2024-12-19,Tron-o-matic 1 Pro,Dallas_01,57.13,BIG_DEAL,
2024-12-19,Tron-o-matic 1 Pro,Houston_01,57.13,BIG_DEAL,
2024-12-19,Tron-o-matic 1 Pro,WashingtonDC_01,57.13,BIG_DEAL,
2024-12-19,Tron-o-matic 1 Pro,Atlanta_01,57.13,BIG_DEAL,
2024-12-19,Tron-o-matic 1 Pro,Philadelphia_01,57.13,BIG_DEAL,
2024-12-19,Tron-o-matic 2,Online_Store,49.21,SMALL_DEAL,
2024-12-19,Tron-o-matic 2,LosAngeles_01,49.21,SMALL_DEAL,
2024-12-19,Tron-o-matic 2,NewYork_01,49.21,SMALL_DEAL,
2024-12-19,Tron-o-matic 2,NewYork_02,49.21,SMALL_DEAL,
2024-12-19,Tron-o-matic 2,Chicago_01,49.21,SMALL_DEAL,
2024-12-19,Tron-o-matic 2,Dallas_01,49.21,SMALL_DEAL,
2024-12-19,Tron-o-matic 2,Houston_01,49.21,SMALL_DEAL,
2024-12-19,Tron-o-matic 2,WashingtonDC_01,49.21,SMALL_DEAL,
2024-12-19,Tron-o-matic 2,Atlanta_01,49.21,SMALL_DEAL,
2024-12-19,Tron-o-matic 2,Philadelphia_01,49.21,SMALL_DEAL,
2024-12-19,Tron-o-matic 2 Pro,Online_Store,61.85,BIG_DEAL,
2024-12-19,Tron-o-matic 2 Pro,LosAngeles_01,61.85,BIG_DEAL,
2024-12-19,Tron-o-matic 2 Pro,NewYork_01,61.85,BIG_DEAL,
2024-12-19,Tron-o-matic 2 Pro,NewYork_02,61.85,BIG_DEAL,
2024-12-19,Tron-o-matic 2 Pro,Chicago_01,61.85,BIG_DEAL,
2024-12-19,Tron-o-matic 2 Pro,Dallas_01,61.85,BIG_DEAL,
2024-12-19,Tron-o-matic 2 Pro,Houston_01,61.85,BIG_DEAL,
2024-12-19,Tron-o-matic 2 Pro,WashingtonDC_01,61.85,BIG_DEAL,
2024-12-19,Tron-o-matic 2 Pro,Atlanta_01,61.85,BIG_DEAL,
2024-12-19,Tron-o-matic 2 Pro,Philadelphia_01,61.85,BIG_DEAL,
2024-12-19,Tron-o-matic 3,Online_Store,46.79,BIG_DEAL,
2024-12-19,Tron-o-matic 3,LosAngeles_01,46.79,BIG_DEAL,
2024-12-19,Tron-o-matic 3,NewYork_01,46.79,BIG_DEAL,
2024-12-19,Tron-o-matic 3,NewYork_02,46.79,BIG_DEAL,
2024-12-19,Tron-o-matic 3,Chicago_01,46.79,BIG_DEAL,
2024-12-19,Tron-o-matic 3,Dallas_01,46.79,BIG_DEAL,
2024-12-19,Tron-o-matic 3,Houston_01,46.79,BIG_DEAL,
2024-12-19,Tron-o-matic 3,WashingtonDC_01,46.79,BIG_DEAL,
2024-12-19,Tron-o-matic 3,Atlanta_01,46.79,BIG_DEAL,
2024-12-19,Tron-o-matic 3,Philadelphia_01,46.79,BIG_DEAL,
2024-12-19,Tron-o-matic 3 Pro,Online_Store,77.87,SMALL_DEAL,
2024-12-19,Tron-o-matic 3 Pro,LosAngeles_01,77.87,SMALL_DEAL,
2024-12-19,Tron-o-matic 3 Pro,NewYork_01,77.87,SMALL_DEAL,
2024-12-19,Tron-o-matic 3 Pro,NewYork_02,77.87,SMALL_DEAL,
2024-12-19,Tron-o-matic 3 Pro,Chicago_01,77.87,SMALL_DEAL,
2024-12-19,Tron-o-matic 3 Pro,Dallas_01,77.87,SMALL_DEAL,
2024-12-19,Tron-o-matic 3 Pro,Houston_01,77.87,SMALL_DEAL,
2024-12-19,Tron-o-matic 3 Pro,WashingtonDC_01,77.87,SMALL_DEAL,
2024-12-19,Tron-o-matic 3 Pro,Atlanta_01,77.87,SMALL_DEAL,
2024-12-19,Tron-o-matic 3 Pro,Philadelphia_01,77.87,SMALL_DEAL,
2024-12-19,Tron-o-matic 4,Online_Store,70.21,SMALL_DEAL,
2024-12-19,Tron-o-matic 4,LosAngeles_01,70.21,SMALL_DEAL,
2024-12-19,Tron-o-matic 4,NewYork_01,70.21,SMALL_DEAL,
2024-12-19,Tron-o-matic 4,NewYork_02,70.21,SMALL_DEAL,
2024-12-19,Tron-o-matic 4,Chicago_01,70.21,SMALL_DEAL,
2024-12-19,Tron-o-matic 4,Dallas_01,70.21,SMALL_DEAL,
2024-12-19,Tron-o-matic 4,Houston_01,70.21,SMALL_DEAL,
2024-12-19,Tron-o-matic 4,WashingtonDC_01,70.21,SMALL_DEAL,
2024-12-19,Tron-o-matic 4,Atlanta_01,70.21,SMALL_DEAL,
2024-12-19,Tron-o-matic 4,Philadelphia_01,70.21,SMALL_DEAL,
2024-12-19,Tron-o-matic 4 Pro,Online_Store,94.71,SMALL_DEAL,
2024-12-19,Tron-o-matic 4 Pro,LosAngeles_01,94.71,SMALL_DEAL,
2024-12-19,Tron-o-matic 4 Pro,NewYork_01,94.71,SMALL_DEAL,
2024-12-19,Tron-o-matic 4 Pro,NewYork_02,94.71,SMALL_DEAL,
2024-12-19,Tron-o-matic 4 Pro,Chicago_01,94.71,SMALL_DEAL,
2024-12-19,Tron-o-matic 4 Pro,Dallas_01,94.71,SMALL_DEAL,
2024-12-19,Tron-o-matic 4 Pro,Houston_01,94.71,SMALL_DEAL,
2024-12-19,Tron-o-matic 4 Pro,WashingtonDC_01,94.71,SMALL_DEAL,
2024-12-19,Tron-o-matic 4 Pro,Atlanta_01,94.71,SMALL_DEAL,
2024-12-19,Tron-o-matic 4 Pro,Philadelphia_01,94.71,SMALL_DEAL,
2024-12-19,Tron-o-matic 5,Online_Store,80.0,None,
2024-12-19,Tron-o-matic 5,LosAngeles_01,80.0,None,
2024-12-19,Tron-o-matic 5,NewYork_01,80.0,None,
2024-12-19,Tron-o-matic 5,NewYork_02,80.0,None,
2024-12-19,Tron-o-matic 5,Chicago_01,80.0,None,
2024-12-19,Tron-o-matic 5,Dallas_01,80.0,None,
2024-12-19,Tron-o-matic 5,Houston_01,80.0,None,
2024-12-19,Tron-o-matic 5,WashingtonDC_01,80.0,None,
2024-12-19,Tron-o-matic 5,Atlanta_01,80.0,None,
2024-12-19,Tron-o-matic 5,Philadelphia_01,80.0,None,
2024-12-19,Tron-o-matic 5 Pro,Online_Store,98.61,SMALL_DEAL,
2024-12-19,Tron-o-matic 5 Pro,LosAngeles_01,98.61,SMALL_DEAL,
2024-12-19,Tron-o-matic 5 Pro,NewYork_01,98.61,SMALL_DEAL,
2024-12-19,Tron-o-matic 5 Pro,NewYork_02,98.61,SMALL_DEAL,
2024-12-19,Tron-o-matic 5 Pro,Chicago_01,98.61,SMALL_DEAL,
2024-12-19,Tron-o-matic 5 Pro,Dallas_01,98.61,SMALL_DEAL,
2024-12-19,Tron-o-matic 5 Pro,Houston_01,98.61,SMALL_DEAL,
2024-12-19,Tron-o-matic 5 Pro,WashingtonDC_01,98.61,SMALL_DEAL,
2024-12-19,Tron-o-matic 5 Pro,Atlanta_01,98.61,SMALL_DEAL,
2024-12-19,Tron-o-matic 5 Pro,Philadelphia_01,98.61,SMALL_DEAL,
2024-12-20,Tron-o-matic 1,Online_Store,52.53,SMALL_DEAL,
2024-12-20,Tron-o-matic 1,LosAngeles_01,52.53,SMALL_DEAL,
2024-12-20,Tron-o-matic 1,NewYork_01,52.53,SMALL_DEAL,
2024-12-20,Tron-o-matic 1,NewYork_02,52.53,SMALL_DEAL,
2024-12-20,Tron-o-matic 1,Chicago_01,52.53,SMALL_DEAL,
2024-12-20,Tron-o-matic 1,Dallas_01,52.53,SMALL_DEAL,
2024-12-20,Tron-o-matic 1,Houston_01,52.53,SMALL_DEAL,
2024-12-20,Tron-o-matic 1,WashingtonDC_01,52.53,SMALL_DEAL,
2024-12-20,Tron-o-matic 1,Atlanta_01,52.53,SMALL_DEAL,
2024-12-20,Tron-o-matic 1,Philadelphia_01,52.53,SMALL_DEAL,
2024-12-20,Tron-o-matic 1 Pro,Online_Store,72.35,SMALL_DEAL,
2024-12-20,Tron-o-matic 1 Pro,LosAngeles_01,72.35,SMALL_DEAL,
2024-12-20,Tron-o-matic 1 Pro,NewYork_01,72.35,SMALL_DEAL,
2024-12-20,Tron-o-matic 1 Pro,NewYork_02,72.35,SMALL_DEAL,
2024-12-20,Tron-o-matic 1 Pro,Chicago_01,72.35,SMALL_DEAL,
2024-12-20,Tron-o-matic 1 Pro,Dallas_01,72.35,SMALL_DEAL,
2024-12-20,Tron-o-matic 1 Pro,Houston_01,72.35,SMALL_DEAL,
2024-12-20,Tron-o-matic 1 Pro,WashingtonDC_01,72.35,SMALL_DEAL,
2024-12-20,Tron-o-matic 1 Pro,Atlanta_01,72.35,SMALL_DEAL,
2024-12-20,Tron-o-matic 1 Pro,Philadelphia_01,72.35,SMALL_DEAL,
2024-12-20,Tron-o-matic 2,Online_Store,55.0,None,
2024-12-20,Tron-o-matic 2,LosAngeles_01,55.0,None,
2024-12-20,Tron-o-matic 2,NewYork_01,55.0,None,
2024-12-20,Tron-o-matic 2,NewYork_02,55.0,None,
2024-12-20,Tron-o-matic 2,Chicago_01,55.0,None,
2024-12-20,Tron-o-matic 2,Dallas_01,55.0,None,
2024-12-20,Tron-o-matic 2,Houston_01,55.0,None,
2024-12-20,Tron-o-matic 2,WashingtonDC_01,55.0,None,
2024-12-20,Tron-o-matic 2,Atlanta_01,55.0,None,
2024-12-20,Tron-o-matic 2,Philadelphia_01,55.0,None,
2024-12-20,Tron-o-matic 2 Pro,Online_Store,79.1,SMALL_DEAL,
2024-12-20,Tron-o-matic 2 Pro,LosAngeles_01,79.1,SMALL_DEAL,
2024-12-20,Tron-o-matic 2 Pro,NewYork_01,79.1,SMALL_DEAL,
2024-12-20,Tron-o-matic 2 Pro,NewYork_02,79.1,SMALL_DEAL,
2024-12-20,Tron-o-matic 2 Pro,Chicago_01,79.1,SMALL_DEAL,
2024-12-20,Tron-o-matic 2 Pro,Dallas_01,79.1,SMALL_DEAL,
2024-12-20,Tron-o-matic 2 Pro,Houston_01,79.1,SMALL_DEAL,
2024-12-20,Tron-o-matic 2 Pro,WashingtonDC_01,79.1,SMALL_DEAL,
2024-12-20,Tron-o-matic 2 Pro,Atlanta_01,79.1,SMALL_DEAL,
2024-12-20,Tron-o-matic 2 Pro,Philadelphia_01,79.1,SMALL_DEAL,
2024-12-20,Tron-o-matic 3,Online_Store,60.0,None,
2024-12-20,Tron-o-matic 3,LosAngeles_01,60.0,None,
2024-12-20,Tron-o-matic 3,NewYork_01,60.0,None,
2024-12-20,Tron-o-matic 3,NewYork_02,60.0,None,
2024-12-20,Tron-o-matic 3,Chicago_01,60.0,None,
2024-12-20,Tron-o-matic 3,Dallas_01,60.0,None,
2024-12-20,Tron-o-matic 3,Houston_01,60.0,None,
2024-12-20,Tron-o-matic 3,WashingtonDC_01,60.0,None,
2024-12-20,Tron-o-matic 3,Atlanta_01,60.0,None,
2024-12-20,Tron-o-matic 3,Philadelphia_01,60.0,None,
2024-12-20,Tron-o-matic 3 Pro,Online_Store,90.0,None,
2024-12-20,Tron-o-matic 3 Pro,LosAngeles_01,90.0,None,
2024-12-20,Tron-o-matic 3 Pro,NewYork_01,90.0,None,
2024-12-20,Tron-o-matic 3 Pro,NewYork_02,90.0,None,
2024-12-20,Tron-o-matic 3 Pro,Chicago_01,90.0,None,
2024-12-20,Tron-o-matic 3 Pro,Dallas_01,90.0,None,
2024-12-20,Tron-o-matic 3 Pro,Houston_01,90.0,None,
2024-12-20,Tron-o-matic 3 Pro,WashingtonDC_01,90.0,None,
2024-12-20,Tron-o-matic 3 Pro,Atlanta_01,90.0,None,
2024-12-20,Tron-o-matic 3 Pro,Philadelphia_01,90.0,None,
2024-12-20,Tron-o-matic 4,Online_Store,75.0,None,
2024-12-20,Tron-o-matic 4,LosAngeles_01,75.0,None,
2024-12-20,Tron-o-matic 4,NewYork_01,75.0,None,
2024-12-20,Tron-o-matic 4,NewYork_02,75.0,None,
2024-12-20,Tron-o-matic 4,Chicago_01,75.0,None,
2024-12-20,Tron-o-matic 4,Dallas_01,75.0,None,
2024-12-20,Tron-o-matic 4,Houston_01,75.0,None,
2024-12-20,Tron-o-matic 4,WashingtonDC_01,75.0,None,
2024-12-20,Tron-o-matic 4,Atlanta_01,75.0,None,
2024-12-20,Tron-o-matic 4,Philadelphia_01,75.0,None,
2024-12-20,Tron-o-matic 4 Pro,Online_Store,100.0,None,
2024-12-20,Tron-o-matic 4 Pro,LosAngeles_01,100.0,None,
2024-12-20,Tron-o-matic 4 Pro,NewYork_01,100.0,None,
2024-12-20,Tron-o-matic 4 Pro,NewYork_02,100.0,None,
2024-12-20,Tron-o-matic 4 Pro,Chicago_01,100.0,None,
2024-12-20,Tron-o-matic 4 Pro,Dallas_01,100.0,None,
2024-12-20,Tron-o-matic 4 Pro,Houston_01,100.0,None,
2024-12-20,Tron-o-matic 4 Pro,WashingtonDC_01,100.0,None,
2024-12-20,Tron-o-matic 4 Pro,Atlanta_01,100.0,None,
2024-12-20,Tron-o-matic 4 Pro,Philadelphia_01,100.0,None,
2024-12-20,Tron-o-matic 5,Online_Store,61.83,BIG_DEAL,
2024-12-20,Tron-o-matic 5,LosAngeles_01,61.83,BIG_DEAL,
2024-12-20,Tron-o-matic 5,NewYork_01,61.83,BIG_DEAL,
2024-12-20,Tron-o-matic 5,NewYork_02,61.83,BIG_DEAL,
2024-12-20,Tron-o-matic 5,Chicago_01,61.83,BIG_DEAL,
2024-12-20,Tron-o-matic 5,Dallas_01,61.83,BIG_DEAL,
2024-12-20,Tron-o-matic 5,Houston_01,61.83,BIG_DEAL,
2024-12-20,Tron-o-matic 5,WashingtonDC_01,61.83,BIG_DEAL,
2024-12-20,Tron-o-matic 5,Atlanta_01,61.83,BIG_DEAL,
2024-12-20,Tron-o-matic 5,Philadelphia_01,61.83,BIG_DEAL,
2024-12-20,Tron-o-matic 5 Pro,Online_Store,110.0,None,
2024-12-20,Tron-o-matic 5 Pro,LosAngeles_01,110.0,None,
2024-12-20,Tron-o-matic 5 Pro,NewYork_01,110.0,None,
2024-12-20,Tron-o-matic 5 Pro,NewYork_02,110.0,None,
2024-12-20,Tron-o-matic 5 Pro,Chicago_01,110.0,None,
2024-12-20,Tron-o-matic 5 Pro,Dallas_01,110.0,None,
2024-12-20,Tron-o-matic 5 Pro,Houston_01,110.0,None,
2024-12-20,Tron-o-matic 5 Pro,WashingtonDC_01,110.0,None,
2024-12-20,Tron-o-matic 5 Pro,Atlanta_01,110.0,None,
2024-12-20,Tron-o-matic 5 Pro,Philadelphia_01,110.0,None,
2024-12-21,Tron-o-matic 1,Online_Store,53.88,SMALL_DEAL,
2024-12-21,Tron-o-matic 1,LosAngeles_01,53.88,SMALL_DEAL,
2024-12-21,Tron-o-matic 1,NewYork_01,53.88,SMALL_DEAL,
2024-12-21,Tron-o-matic 1,NewYork_02,53.88,SMALL_DEAL,
2024-12-21,Tron-o-matic 1,Chicago_01,53.88,SMALL_DEAL,
2024-12-21,Tron-o-matic 1,Dallas_01,53.88,SMALL_DEAL,
2024-12-21,Tron-o-matic 1,Houston_01,53.88,SMALL_DEAL,
2024-12-21,Tron-o-matic 1,WashingtonDC_01,53.88,SMALL_DEAL,
2024-12-21,Tron-o-matic 1,Atlanta_01,53.88,SMALL_DEAL,
2024-12-21,Tron-o-matic 1,Philadelphia_01,53.88,SMALL_DEAL,
2024-12-21,Tron-o-matic 1 Pro,Online_Store,80.0,None,
2024-12-21,Tron-o-matic 1 Pro,LosAngeles_01,80.0,None,
2024-12-21,Tron-o-matic 1 Pro,NewYork_01,80.0,None,
2024-12-21,Tron-o-matic 1 Pro,NewYork_02,80.0,None,
2024-12-21,Tron-o-matic 1 Pro,Chicago_01,80.0,None,
2024-12-21,Tron-o-matic 1 Pro,Dallas_01,80.0,None,
2024-12-21,Tron-o-matic 1 Pro,Houston_01,80.0,None,
2024-12-21,Tron-o-matic 1 Pro,WashingtonDC_01,80.0,None,
2024-12-21,Tron-o-matic 1 Pro,Atlanta_01,80.0,None,
2024-12-21,Tron-o-matic 1 Pro,Philadelphia_01,80.0,None,
2024-12-21,Tron-o-matic 2,Online_Store,38.61,BIG_DEAL,
2024-12-21,Tron-o-matic 2,LosAngeles_01,38.61,BIG_DEAL,
2024-12-21,Tron-o-matic 2,NewYork_01,38.61,BIG_DEAL,
2024-12-21,Tron-o-matic 2,NewYork_02,38.61,BIG_DEAL,
2024-12-21,Tron-o-matic 2,Chicago_01,38.61,BIG_DEAL,
2024-12-21,Tron-o-matic 2,Dallas_01,38.61,BIG_DEAL,
2024-12-21,Tron-o-matic 2,Houston_01,38.61,BIG_DEAL,
2024-12-21,Tron-o-matic 2,WashingtonDC_01,38.61,BIG_DEAL,
2024-12-21,Tron-o-matic 2,Atlanta_01,38.61,BIG_DEAL,
2024-12-21,Tron-o-matic 2,Philadelphia_01,38.61,BIG_DEAL,
2024-12-21,Tron-o-matic 2 Pro,Online_Store,85.0,None,
2024-12-21,Tron-o-matic 2 Pro,LosAngeles_01,85.0,None,
2024-12-21,Tron-o-matic 2 Pro,NewYork_01,85.0,None,
2024-12-21,Tron-o-matic 2 Pro,NewYork_02,85.0,None,
2024-12-21,Tron-o-matic 2 Pro,Chicago_01,85.0,None,
2024-12-21,Tron-o-matic 2 Pro,Dallas_01,85.0,None,
2024-12-21,Tron-o-matic 2 Pro,Houston_01,85.0,None,
2024-12-21,Tron-o-matic 2 Pro,WashingtonDC_01,85.0,None,
2024-12-21,Tron-o-matic 2 Pro,Atlanta_01,85.0,None,
2024-12-21,Tron-o-matic 2 Pro,Philadelphia_01,85.0,None,
2024-12-21,Tron-o-matic 3,Online_Store,60.0,None,
2024-12-21,Tron-o-matic 3,LosAngeles_01,60.0,None,
2024-12-21,Tron-o-matic 3,NewYork_01,60.0,None,
2024-12-21,Tron-o-matic 3,NewYork_02,60.0,None,
2024-12-21,Tron-o-matic 3,Chicago_01,60.0,None,
2024-12-21,Tron-o-matic 3,Dallas_01,60.0,None,
2024-12-21,Tron-o-matic 3,Houston_01,60.0,None,
2024-12-21,Tron-o-matic 3,WashingtonDC_01,60.0,None,
2024-12-21,Tron-o-matic 3,Atlanta_01,60.0,None,
2024-12-21,Tron-o-matic 3,Philadelphia_01,60.0,None,
2024-12-21,Tron-o-matic 3 Pro,Online_Store,77.08,SMALL_DEAL,
2024-12-21,Tron-o-matic 3 Pro,LosAngeles_01,77.08,SMALL_DEAL,
2024-12-21,Tron-o-matic 3 Pro,NewYork_01,77.08,SMALL_DEAL,
2024-12-21,Tron-o-matic 3 Pro,NewYork_02,77.08,SMALL_DEAL,
2024-12-21,Tron-o-matic 3 Pro,Chicago_01,77.08,SMALL_DEAL,
2024-12-21,Tron-o-matic 3 Pro,Dallas_01,77.08,SMALL_DEAL,
2024-12-21,Tron-o-matic 3 Pro,Houston_01,77.08,SMALL_DEAL,
2024-12-21,Tron-o-matic 3 Pro,WashingtonDC_01,77.08,SMALL_DEAL,
2024-12-21,Tron-o-matic 3 Pro,Atlanta_01,77.08,SMALL_DEAL,
2024-12-21,Tron-o-matic 3 Pro,Philadelphia_01,77.08,SMALL_DEAL,
2024-12-21,Tron-o-matic 4,Online_Store,75.0,None,
2024-12-21,Tron-o-matic 4,LosAngeles_01,75.0,None,
2024-12-21,Tron-o-matic 4,NewYork_01,75.0,None,
2024-12-21,Tron-o-matic 4,NewYork_02,75.0,None,
2024-12-21,Tron-o-matic 4,Chicago_01,75.0,None,
2024-12-21,Tron-o-matic 4,Dallas_01,75.0,None,
2024-12-21,Tron-o-matic 4,Houston_01,75.0,None,
2024-12-21,Tron-o-matic 4,WashingtonDC_01,75.0,None,
2024-12-21,Tron-o-matic 4,Atlanta_01,75.0,None,
2024-12-21,Tron-o-matic 4,Philadelphia_01,75.0,None,
2024-12-21,Tron-o-matic 4 Pro,Online_Store,77.03,BIG_DEAL,
2024-12-21,Tron-o-matic 4 Pro,LosAngeles_01,77.03,BIG_DEAL,
2024-12-21,Tron-o-matic 4 Pro,NewYork_01,77.03,BIG_DEAL,
2024-12-21,Tron-o-matic 4 Pro,NewYork_02,77.03,BIG_DEAL,
2024-12-21,Tron-o-matic 4 Pro,Chicago_01,77.03,BIG_DEAL,
2024-12-21,Tron-o-matic 4 Pro,Dallas_01,77.03,BIG_DEAL,
2024-12-21,Tron-o-matic 4 Pro,Houston_01,77.03,BIG_DEAL,
2024-12-21,Tron-o-matic 4 Pro,WashingtonDC_01,77.03,BIG_DEAL,
2024-12-21,Tron-o-matic 4 Pro,Atlanta_01,77.03,BIG_DEAL,
2024-12-21,Tron-o-matic 4 Pro,Philadelphia_01,77.03,BIG_DEAL,
2024-12-21,Tron-o-matic 5,Online_Store,60.53,BIG_DEAL,
2024-12-21,Tron-o-matic 5,LosAngeles_01,60.53,BIG_DEAL,
2024-12-21,Tron-o-matic 5,NewYork_01,60.53,BIG_DEAL,
2024-12-21,Tron-o-matic 5,NewYork_02,60.53,BIG_DEAL,
2024-12-21,Tron-o-matic 5,Chicago_01,60.53,BIG_DEAL,
2024-12-21,Tron-o-matic 5,Dallas_01,60.53,BIG_DEAL,
2024-12-21,Tron-o-matic 5,Houston_01,60.53,BIG_DEAL,
2024-12-21,Tron-o-matic 5,WashingtonDC_01,60.53,BIG_DEAL,
2024-12-21,Tron-o-matic 5,Atlanta_01,60.53,BIG_DEAL,
2024-12-21,Tron-o-matic 5,Philadelphia_01,60.53,BIG_DEAL,
2024-12-21,Tron-o-matic 5 Pro,Online_Store,101.94,SMALL_DEAL,
2024-12-21,Tron-o-matic 5 Pro,LosAngeles_01,101.94,SMALL_DEAL,
2024-12-21,Tron-o-matic 5 Pro,NewYork_01,101.94,SMALL_DEAL,
2024-12-21,Tron-o-matic 5 Pro,NewYork_02,101.94,SMALL_DEAL,
2024-12-21,Tron-o-matic 5 Pro,Chicago_01,101.94,SMALL_DEAL,
2024-12-21,Tron-o-matic 5 Pro,Dallas_01,101.94,SMALL_DEAL,
2024-12-21,Tron-o-matic 5 Pro,Houston_01,101.94,SMALL_DEAL,
2024-12-21,Tron-o-matic 5 Pro,WashingtonDC_01,101.94,SMALL_DEAL,
2024-12-21,Tron-o-matic 5 Pro,Atlanta_01,101.94,SMALL_DEAL,
2024-12-21,Tron-o-matic 5 Pro,Philadelphia_01,101.94,SMALL_DEAL,
2024-12-22,Tron-o-matic 1,Online_Store,60.0,None,
2024-12-22,Tron-o-matic 1,LosAngeles_01,60.0,None,
2024-12-22,Tron-o-matic 1,NewYork_01,60.0,None,
2024-12-22,Tron-o-matic 1,NewYork_02,60.0,None,
2024-12-22,Tron-o-matic 1,Chicago_01,60.0,None,
2024-12-22,Tron-o-matic 1,Dallas_01,60.0,None,
2024-12-22,Tron-o-matic 1,Houston_01,60.0,None,
2024-12-22,Tron-o-matic 1,WashingtonDC_01,60.0,None,
2024-12-22,Tron-o-matic 1,Atlanta_01,60.0,None,
2024-12-22,Tron-o-matic 1,Philadelphia_01,60.0,None,
2024-12-22,Tron-o-matic 1 Pro,Online_Store,80.0,None,
2024-12-22,Tron-o-matic 1 Pro,LosAngeles_01,80.0,None,
2024-12-22,Tron-o-matic 1 Pro,NewYork_01,80.0,None,
2024-12-22,Tron-o-matic 1 Pro,NewYork_02,80.0,None,
2024-12-22,Tron-o-matic 1 Pro,Chicago_01,80.0,None,
2024-12-22,Tron-o-matic 1 Pro,Dallas_01,80.0,None,
2024-12-22,Tron-o-matic 1 Pro,Houston_01,80.0,None,
2024-12-22,Tron-o-matic 1 Pro,WashingtonDC_01,80.0,None,
2024-12-22,Tron-o-matic 1 Pro,Atlanta_01,80.0,None,
2024-12-22,Tron-o-matic 1 Pro,Philadelphia_01,80.0,None,
2024-12-22,Tron-o-matic 2,Online_Store,55.0,None,
2024-12-22,Tron-o-matic 2,LosAngeles_01,55.0,None,
2024-12-22,Tron-o-matic 2,NewYork_01,55.0,None,
2024-12-22,Tron-o-matic 2,NewYork_02,55.0,None,
2024-12-22,Tron-o-matic 2,Chicago_01,55.0,None,
2024-12-22,Tron-o-matic 2,Dallas_01,55.0,None,
2024-12-22,Tron-o-matic 2,Houston_01,55.0,None,
2024-12-22,Tron-o-matic 2,WashingtonDC_01,55.0,None,
2024-12-22,Tron-o-matic 2,Atlanta_01,55.0,None,
2024-12-22,Tron-o-matic 2,Philadelphia_01,55.0,None,
2024-12-22,Tron-o-matic 2 Pro,Online_Store,85.0,None,
2024-12-22,Tron-o-matic 2 Pro,LosAngeles_01,85.0,None,
2024-12-22,Tron-o-matic 2 Pro,NewYork_01,85.0,None,
2024-12-22,Tron-o-matic 2 Pro,NewYork_02,85.0,None,
2024-12-22,Tron-o-matic 2 Pro,Chicago_01,85.0,None,
2024-12-22,Tron-o-matic 2 Pro,Dallas_01,85.0,None,
2024-12-22,Tron-o-matic 2 Pro,Houston_01,85.0,None,
2024-12-22,Tron-o-matic 2 Pro,WashingtonDC_01,85.0,None,
2024-12-22,Tron-o-matic 2 Pro,Atlanta_01,85.0,None,
2024-12-22,Tron-o-matic 2 Pro,Philadelphia_01,85.0,None,
2024-12-22,Tron-o-matic 3,Online_Store,60.0,None,
2024-12-22,Tron-o-matic 3,LosAngeles_01,60.0,None,
2024-12-22,Tron-o-matic 3,NewYork_01,60.0,None,
2024-12-22,Tron-o-matic 3,NewYork_02,60.0,None,
2024-12-22,Tron-o-matic 3,Chicago_01,60.0,None,
2024-12-22,Tron-o-matic 3,Dallas_01,60.0,None,
2024-12-22,Tron-o-matic 3,Houston_01,60.0,None,
2024-12-22,Tron-o-matic 3,WashingtonDC_01,60.0,None,
2024-12-22,Tron-o-matic 3,Atlanta_01,60.0,None,
2024-12-22,Tron-o-matic 3,Philadelphia_01,60.0,None,
2024-12-22,Tron-o-matic 3 Pro,Online_Store,63.06,BIG_DEAL,
2024-12-22,Tron-o-matic 3 Pro,LosAngeles_01,63.06,BIG_DEAL,
2024-12-22,Tron-o-matic 3 Pro,NewYork_01,63.06,BIG_DEAL,
2024-12-22,Tron-o-matic 3 Pro,NewYork_02,63.06,BIG_DEAL,
2024-12-22,Tron-o-matic 3 Pro,Chicago_01,63.06,BIG_DEAL,
2024-12-22,Tron-o-matic 3 Pro,Dallas_01,63.06,BIG_DEAL,
2024-12-22,Tron-o-matic 3 Pro,Houston_01,63.06,BIG_DEAL,
2024-12-22,Tron-o-matic 3 Pro,WashingtonDC_01,63.06,BIG_DEAL,
2024-12-22,Tron-o-matic 3 Pro,Atlanta_01,63.06,BIG_DEAL,
2024-12-22,Tron-o-matic 3 Pro,Philadelphia_01,63.06,BIG_DEAL,
2024-12-22,Tron-o-matic 4,Online_Store,75.0,None,
2024-12-22,Tron-o-matic 4,LosAngeles_01,75.0,None,
2024-12-22,Tron-o-matic 4,NewYork_01,75.0,None,
2024-12-22,Tron-o-matic 4,NewYork_02,75.0,None,
2024-12-22,Tron-o-matic 4,Chicago_01,75.0,None,
2024-12-22,Tron-o-matic 4,Dallas_01,75.0,None,
2024-12-22,Tron-o-matic 4,Houston_01,75.0,None,
2024-12-22,Tron-o-matic 4,WashingtonDC_01,75.0,None,
2024-12-22,Tron-o-matic 4,Atlanta_01,75.0,None,
2024-12-22,Tron-o-matic 4,Philadelphia_01,75.0,None,
2024-12-22,Tron-o-matic 4 Pro,Online_Store,100.0,None,
2024-12-22,Tron-o-matic 4 Pro,LosAngeles_01,100.0,None,
2024-12-22,Tron-o-matic 4 Pro,NewYork_01,100.0,None,
2024-12-22,Tron-o-matic 4 Pro,NewYork_02,100.0,None,
2024-12-22,Tron-o-matic 4 Pro,Chicago_01,100.0,None,
2024-12-22,Tron-o-matic 4 Pro,Dallas_01,100.0,None,
2024-12-22,Tron-o-matic 4 Pro,Houston_01,100.0,None,
2024-12-22,Tron-o-matic 4 Pro,WashingtonDC_01,100.0,None,
2024-12-22,Tron-o-matic 4 Pro,Atlanta_01,100.0,None,
2024-12-22,Tron-o-matic 4 Pro,Philadelphia_01,100.0,None,
2024-12-22,Tron-o-matic 5,Online_Store,68.04,SMALL_DEAL,
2024-12-22,Tron-o-matic 5,LosAngeles_01,68.04,SMALL_DEAL,
2024-12-22,Tron-o-matic 5,NewYork_01,68.04,SMALL_DEAL,
2024-12-22,Tron-o-matic 5,NewYork_02,68.04,SMALL_DEAL,
2024-12-22,Tron-o-matic 5,Chicago_01,68.04,SMALL_DEAL,
2024-12-22,Tron-o-matic 5,Dallas_01,68.04,SMALL_DEAL,
2024-12-22,Tron-o-matic 5,Houston_01,68.04,SMALL_DEAL,
2024-12-22,Tron-o-matic 5,WashingtonDC_01,68.04,SMALL_DEAL,
2024-12-22,Tron-o-matic 5,Atlanta_01,68.04,SMALL_DEAL,
2024-12-22,Tron-o-matic 5,Philadelphia_01,68.04,SMALL_DEAL,
2024-12-22,Tron-o-matic 5 Pro,Online_Store,100.75,SMALL_DEAL,
2024-12-22,Tron-o-matic 5 Pro,LosAngeles_01,100.75,SMALL_DEAL,
2024-12-22,Tron-o-matic 5 Pro,NewYork_01,100.75,SMALL_DEAL,
2024-12-22,Tron-o-matic 5 Pro,NewYork_02,100.75,SMALL_DEAL,
2024-12-22,Tron-o-matic 5 Pro,Chicago_01,100.75,SMALL_DEAL,
2024-12-22,Tron-o-matic 5 Pro,Dallas_01,100.75,SMALL_DEAL,
2024-12-22,Tron-o-matic 5 Pro,Houston_01,100.75,SMALL_DEAL,
2024-12-22,Tron-o-matic 5 Pro,WashingtonDC_01,100.75,SMALL_DEAL,
2024-12-22,Tron-o-matic 5 Pro,Atlanta_01,100.75,SMALL_DEAL,
2024-12-22,Tron-o-matic 5 Pro,Philadelphia_01,100.75,SMALL_DEAL,
2024-12-23,Tron-o-matic 1,Online_Store,55.03,SMALL_DEAL,
2024-12-23,Tron-o-matic 1,LosAngeles_01,55.03,SMALL_DEAL,
2024-12-23,Tron-o-matic 1,NewYork_01,55.03,SMALL_DEAL,
2024-12-23,Tron-o-matic 1,NewYork_02,55.03,SMALL_DEAL,
2024-12-23,Tron-o-matic 1,Chicago_01,55.03,SMALL_DEAL,
2024-12-23,Tron-o-matic 1,Dallas_01,55.03,SMALL_DEAL,
2024-12-23,Tron-o-matic 1,Houston_01,55.03,SMALL_DEAL,
2024-12-23,Tron-o-matic 1,WashingtonDC_01,55.03,SMALL_DEAL,
2024-12-23,Tron-o-matic 1,Atlanta_01,55.03,SMALL_DEAL,
2024-12-23,Tron-o-matic 1,Philadelphia_01,55.03,SMALL_DEAL,
2024-12-23,Tron-o-matic 1 Pro,Online_Store,80.0,None,
2024-12-23,Tron-o-matic 1 Pro,LosAngeles_01,80.0,None,
2024-12-23,Tron-o-matic 1 Pro,NewYork_01,80.0,None,
2024-12-23,Tron-o-matic 1 Pro,NewYork_02,80.0,None,
2024-12-23,Tron-o-matic 1 Pro,Chicago_01,80.0,None,
2024-12-23,Tron-o-matic 1 Pro,Dallas_01,80.0,None,
2024-12-23,Tron-o-matic 1 Pro,Houston_01,80.0,None,
2024-12-23,Tron-o-matic 1 Pro,WashingtonDC_01,80.0,None,
2024-12-23,Tron-o-matic 1 Pro,Atlanta_01,80.0,None,
2024-12-23,Tron-o-matic 1 Pro,Philadelphia_01,80.0,None,
2024-12-23,Tron-o-matic 2,Online_Store,55.0,None,
2024-12-23,Tron-o-matic 2,LosAngeles_01,55.0,None,
2024-12-23,Tron-o-matic 2,NewYork_01,55.0,None,
2024-12-23,Tron-o-matic 2,NewYork_02,55.0,None,
2024-12-23,Tron-o-matic 2,Chicago_01,55.0,None,
2024-12-23,Tron-o-matic 2,Dallas_01,55.0,None,
2024-12-23,Tron-o-matic 2,Houston_01,55.0,None,
2024-12-23,Tron-o-matic 2,WashingtonDC_01,55.0,None,
2024-12-23,Tron-o-matic 2,Atlanta_01,55.0,None,
2024-12-23,Tron-o-matic 2,Philadelphia_01,55.0,None,
2024-12-23,Tron-o-matic 2 Pro,Online_Store,66.74,BIG_DEAL,
2024-12-23,Tron-o-matic 2 Pro,LosAngeles_01,66.74,BIG_DEAL,
2024-12-23,Tron-o-matic 2 Pro,NewYork_01,66.74,BIG_DEAL,
2024-12-23,Tron-o-matic 2 Pro,NewYork_02,66.74,BIG_DEAL,
2024-12-23,Tron-o-matic 2 Pro,Chicago_01,66.74,BIG_DEAL,
2024-12-23,Tron-o-matic 2 Pro,Dallas_01,66.74,BIG_DEAL,
2024-12-23,Tron-o-matic 2 Pro,Houston_01,66.74,BIG_DEAL,
2024-12-23,Tron-o-matic 2 Pro,WashingtonDC_01,66.74,BIG_DEAL,
2024-12-23,Tron-o-matic 2 Pro,Atlanta_01,66.74,BIG_DEAL,
2024-12-23,Tron-o-matic 2 Pro,Philadelphia_01,66.74,BIG_DEAL,
2024-12-23,Tron-o-matic 3,Online_Store,60.0,None,
2024-12-23,Tron-o-matic 3,LosAngeles_01,60.0,None,
2024-12-23,Tron-o-matic 3,NewYork_01,60.0,None,
2024-12-23,Tron-o-matic 3,NewYork_02,60.0,None,
2024-12-23,Tron-o-matic 3,Chicago_01,60.0,None,
2024-12-23,Tron-o-matic 3,Dallas_01,60.0,None,
2024-12-23,Tron-o-matic 3,Houston_01,60.0,None,
2024-12-23,Tron-o-matic 3,WashingtonDC_01,60.0,None,
2024-12-23,Tron-o-matic 3,Atlanta_01,60.0,None,
2024-12-23,Tron-o-matic 3,Philadelphia_01,60.0,None,
2024-12-23,Tron-o-matic 3 Pro,Online_Store,77.05,SMALL_DEAL,
2024-12-23,Tron-o-matic 3 Pro,LosAngeles_01,77.05,SMALL_DEAL,
2024-12-23,Tron-o-matic 3 Pro,NewYork_01,77.05,SMALL_DEAL,
2024-12-23,Tron-o-matic 3 Pro,NewYork_02,77.05,SMALL_DEAL,
2024-12-23,Tron-o-matic 3 Pro,Chicago_01,77.05,SMALL_DEAL,
2024-12-23,Tron-o-matic 3 Pro,Dallas_01,77.05,SMALL_DEAL,
2024-12-23,Tron-o-matic 3 Pro,Houston_01,77.05,SMALL_DEAL,
2024-12-23,Tron-o-matic 3 Pro,WashingtonDC_01,77.05,SMALL_DEAL,
2024-12-23,Tron-o-matic 3 Pro,Atlanta_01,77.05,SMALL_DEAL,
2024-12-23,Tron-o-matic 3 Pro,Philadelphia_01,77.05,SMALL_DEAL,
2024-12-23,Tron-o-matic 4,Online_Store,75.0,None,
2024-12-23,Tron-o-matic 4,LosAngeles_01,75.0,None,
2024-12-23,Tron-o-matic 4,NewYork_01,75.0,None,
2024-12-23,Tron-o-matic 4,NewYork_02,75.0,None,
2024-12-23,Tron-o-matic 4,Chicago_01,75.0,None,
2024-12-23,Tron-o-matic 4,Dallas_01,75.0,None,
2024-12-23,Tron-o-matic 4,Houston_01,75.0,None,
2024-12-23,Tron-o-matic 4,WashingtonDC_01,75.0,None,
2024-12-23,Tron-o-matic 4,Atlanta_01,75.0,None,
2024-12-23,Tron-o-matic 4,Philadelphia_01,75.0,None,
2024-12-23,Tron-o-matic 4 Pro,Online_Store,94.22,SMALL_DEAL,
2024-12-23,Tron-o-matic 4 Pro,LosAngeles_01,94.22,SMALL_DEAL,
2024-12-23,Tron-o-matic 4 Pro,NewYork_01,94.22,SMALL_DEAL,
2024-12-23,Tron-o-matic 4 Pro,NewYork_02,94.22,SMALL_DEAL,
2024-12-23,Tron-o-matic 4 Pro,Chicago_01,94.22,SMALL_DEAL,
2024-12-23,Tron-o-matic 4 Pro,Dallas_01,94.22,SMALL_DEAL,
2024-12-23,Tron-o-matic 4 Pro,Houston_01,94.22,SMALL_DEAL,
2024-12-23,Tron-o-matic 4 Pro,WashingtonDC_01,94.22,SMALL_DEAL,
2024-12-23,Tron-o-matic 4 Pro,Atlanta_01,94.22,SMALL_DEAL,
2024-12-23,Tron-o-matic 4 Pro,Philadelphia_01,94.22,SMALL_DEAL,
2024-12-23,Tron-o-matic 5,Online_Store,75.67,SMALL_DEAL,
2024-12-23,Tron-o-matic 5,LosAngeles_01,75.67,SMALL_DEAL,
2024-12-23,Tron-o-matic 5,NewYork_01,75.67,SMALL_DEAL,
2024-12-23,Tron-o-matic 5,NewYork_02,75.67,SMALL_DEAL,
2024-12-23,Tron-o-matic 5,Chicago_01,75.67,SMALL_DEAL,
2024-12-23,Tron-o-matic 5,Dallas_01,75.67,SMALL_DEAL,
2024-12-23,Tron-o-matic 5,Houston_01,75.67,SMALL_DEAL,
2024-12-23,Tron-o-matic 5,WashingtonDC_01,75.67,SMALL_DEAL,
2024-12-23,Tron-o-matic 5,Atlanta_01,75.67,SMALL_DEAL,
2024-12-23,Tron-o-matic 5,Philadelphia_01,75.67,SMALL_DEAL,
2024-12-23,Tron-o-matic 5 Pro,Online_Store,98.28,SMALL_DEAL,
2024-12-23,Tron-o-matic 5 Pro,LosAngeles_01,98.28,SMALL_DEAL,
2024-12-23,Tron-o-matic 5 Pro,NewYork_01,98.28,SMALL_DEAL,
2024-12-23,Tron-o-matic 5 Pro,NewYork_02,98.28,SMALL_DEAL,
2024-12-23,Tron-o-matic 5 Pro,Chicago_01,98.28,SMALL_DEAL,
2024-12-23,Tron-o-matic 5 Pro,Dallas_01,98.28,SMALL_DEAL,
2024-12-23,Tron-o-matic 5 Pro,Houston_01,98.28,SMALL_DEAL,
2024-12-23,Tron-o-matic 5 Pro,WashingtonDC_01,98.28,SMALL_DEAL,
2024-12-23,Tron-o-matic 5 Pro,Atlanta_01,98.28,SMALL_DEAL,
2024-12-23,Tron-o-matic 5 Pro,Philadelphia_01,98.28,SMALL_DEAL,
2024-12-24,Tron-o-matic 1,Online_Store,60.0,None,
2024-12-24,Tron-o-matic 1,LosAngeles_01,60.0,None,
2024-12-24,Tron-o-matic 1,NewYork_01,60.0,None,
2024-12-24,Tron-o-matic 1,NewYork_02,60.0,None,
2024-12-24,Tron-o-matic 1,Chicago_01,60.0,None,
2024-12-24,Tron-o-matic 1,Dallas_01,60.0,None,
2024-12-24,Tron-o-matic 1,Houston_01,60.0,None,
2024-12-24,Tron-o-matic 1,WashingtonDC_01,60.0,None,
2024-12-24,Tron-o-matic 1,Atlanta_01,60.0,None,
2024-12-24,Tron-o-matic 1,Philadelphia_01,60.0,None,
2024-12-24,Tron-o-matic 1 Pro,Online_Store,80.0,None,
2024-12-24,Tron-o-matic 1 Pro,LosAngeles_01,80.0,None,
2024-12-24,Tron-o-matic 1 Pro,NewYork_01,80.0,None,
2024-12-24,Tron-o-matic 1 Pro,NewYork_02,80.0,None,
2024-12-24,Tron-o-matic 1 Pro,Chicago_01,80.0,None,
2024-12-24,Tron-o-matic 1 Pro,Dallas_01,80.0,None,
2024-12-24,Tron-o-matic 1 Pro,Houston_01,80.0,None,
2024-12-24,Tron-o-matic 1 Pro,WashingtonDC_01,80.0,None,
2024-12-24,Tron-o-matic 1 Pro,Atlanta_01,80.0,None,
2024-12-24,Tron-o-matic 1 Pro,Philadelphia_01,80.0,None,
2024-12-24,Tron-o-matic 2,Online_Store,55.0,None,
2024-12-24,Tron-o-matic 2,LosAngeles_01,55.0,None,
2024-12-24,Tron-o-matic 2,NewYork_01,55.0,None,
2024-12-24,Tron-o-matic 2,NewYork_02,55.0,None,
2024-12-24,Tron-o-matic 2,Chicago_01,55.0,None,
2024-12-24,Tron-o-matic 2,Dallas_01,55.0,None,
2024-12-24,Tron-o-matic 2,Houston_01,55.0,None,
2024-12-24,Tron-o-matic 2,WashingtonDC_01,55.0,None,
2024-12-24,Tron-o-matic 2,Atlanta_01,55.0,None,
2024-12-24,Tron-o-matic 2,Philadelphia_01,55.0,None,
2024-12-24,Tron-o-matic 2 Pro,Online_Store,85.0,None,
2024-12-24,Tron-o-matic 2 Pro,LosAngeles_01,85.0,None,
2024-12-24,Tron-o-matic 2 Pro,NewYork_01,85.0,None,
2024-12-24,Tron-o-matic 2 Pro,NewYork_02,85.0,None,
2024-12-24,Tron-o-matic 2 Pro,Chicago_01,85.0,None,
2024-12-24,Tron-o-matic 2 Pro,Dallas_01,85.0,None,
2024-12-24,Tron-o-matic 2 Pro,Houston_01,85.0,None,
2024-12-24,Tron-o-matic 2 Pro,WashingtonDC_01,85.0,None,
2024-12-24,Tron-o-matic 2 Pro,Atlanta_01,85.0,None,
2024-12-24,Tron-o-matic 2 Pro,Philadelphia_01,85.0,None,
2024-12-24,Tron-o-matic 3,Online_Store,60.0,None,
2024-12-24,Tron-o-matic 3,LosAngeles_01,60.0,None,
2024-12-24,Tron-o-matic 3,NewYork_01,60.0,None,
2024-12-24,Tron-o-matic 3,NewYork_02,60.0,None,
2024-12-24,Tron-o-matic 3,Chicago_01,60.0,None,
2024-12-24,Tron-o-matic 3,Dallas_01,60.0,None,
2024-12-24,Tron-o-matic 3,Houston_01,60.0,None,
2024-12-24,Tron-o-matic 3,WashingtonDC_01,60.0,None,
2024-12-24,Tron-o-matic 3,Atlanta_01,60.0,None,
2024-12-24,Tron-o-matic 3,Philadelphia_01,60.0,None,
2024-12-24,Tron-o-matic 3 Pro,Online_Store,90.0,None,
2024-12-24,Tron-o-matic 3 Pro,LosAngeles_01,90.0,None,
2024-12-24,Tron-o-matic 3 Pro,NewYork_01,90.0,None,
2024-12-24,Tron-o-matic 3 Pro,NewYork_02,90.0,None,
2024-12-24,Tron-o-matic 3 Pro,Chicago_01,90.0,None,
2024-12-24,Tron-o-matic 3 Pro,Dallas_01,90.0,None,
2024-12-24,Tron-o-matic 3 Pro,Houston_01,90.0,None,
2024-12-24,Tron-o-matic 3 Pro,WashingtonDC_01,90.0,None,
2024-12-24,Tron-o-matic 3 Pro,Atlanta_01,90.0,None,
2024-12-24,Tron-o-matic 3 Pro,Philadelphia_01,90.0,None,
2024-12-24,Tron-o-matic 4,Online_Store,75.0,None,
2024-12-24,Tron-o-matic 4,LosAngeles_01,75.0,None,
2024-12-24,Tron-o-matic 4,NewYork_01,75.0,None,
2024-12-24,Tron-o-matic 4,NewYork_02,75.0,None,
2024-12-24,Tron-o-matic 4,Chicago_01,75.0,None,
2024-12-24,Tron-o-matic 4,Dallas_01,75.0,None,
2024-12-24,Tron-o-matic 4,Houston_01,75.0,None,
2024-12-24,Tron-o-matic 4,WashingtonDC_01,75.0,None,
2024-12-24,Tron-o-matic 4,Atlanta_01,75.0,None,
2024-12-24,Tron-o-matic 4,Philadelphia_01,75.0,None,
2024-12-24,Tron-o-matic 4 Pro,Online_Store,100.0,None,
2024-12-24,Tron-o-matic 4 Pro,LosAngeles_01,100.0,None,
2024-12-24,Tron-o-matic 4 Pro,NewYork_01,100.0,None,
2024-12-24,Tron-o-matic 4 Pro,NewYork_02,100.0,None,
2024-12-24,Tron-o-matic 4 Pro,Chicago_01,100.0,None,
2024-12-24,Tron-o-matic 4 Pro,Dallas_01,100.0,None,
2024-12-24,Tron-o-matic 4 Pro,Houston_01,100.0,None,
2024-12-24,Tron-o-matic 4 Pro,WashingtonDC_01,100.0,None,
2024-12-24,Tron-o-matic 4 Pro,Atlanta_01,100.0,None,
2024-12-24,Tron-o-matic 4 Pro,Philadelphia_01,100.0,None,
2024-12-24,Tron-o-matic 5,Online_Store,80.0,None,
2024-12-24,Tron-o-matic 5,LosAngeles_01,80.0,None,
2024-12-24,Tron-o-matic 5,NewYork_01,80.0,None,
2024-12-24,Tron-o-matic 5,NewYork_02,80.0,None,
2024-12-24,Tron-o-matic 5,Chicago_01,80.0,None,
2024-12-24,Tron-o-matic 5,Dallas_01,80.0,None,
2024-12-24,Tron-o-matic 5,Houston_01,80.0,None,
2024-12-24,Tron-o-matic 5,WashingtonDC_01,80.0,None,
2024-12-24,Tron-o-matic 5,Atlanta_01,80.0,None,
2024-12-24,Tron-o-matic 5,Philadelphia_01,80.0,None,
2024-12-24,Tron-o-matic 5 Pro,Online_Store,99.31,SMALL_DEAL,
2024-12-24,Tron-o-matic 5 Pro,LosAngeles_01,99.31,SMALL_DEAL,
2024-12-24,Tron-o-matic 5 Pro,NewYork_01,99.31,SMALL_DEAL,
2024-12-24,Tron-o-matic 5 Pro,NewYork_02,99.31,SMALL_DEAL,
2024-12-24,Tron-o-matic 5 Pro,Chicago_01,99.31,SMALL_DEAL,
2024-12-24,Tron-o-matic 5 Pro,Dallas_01,99.31,SMALL_DEAL,
2024-12-24,Tron-o-matic 5 Pro,Houston_01,99.31,SMALL_DEAL,
2024-12-24,Tron-o-matic 5 Pro,WashingtonDC_01,99.31,SMALL_DEAL,
2024-12-24,Tron-o-matic 5 Pro,Atlanta_01,99.31,SMALL_DEAL,
2024-12-24,Tron-o-matic 5 Pro,Philadelphia_01,99.31,SMALL_DEAL,
2024-12-25,Tron-o-matic 1,Online_Store,60.0,None,
2024-12-25,Tron-o-matic 1,LosAngeles_01,60.0,None,
2024-12-25,Tron-o-matic 1,NewYork_01,60.0,None,
2024-12-25,Tron-o-matic 1,NewYork_02,60.0,None,
2024-12-25,Tron-o-matic 1,Chicago_01,60.0,None,
2024-12-25,Tron-o-matic 1,Dallas_01,60.0,None,
2024-12-25,Tron-o-matic 1,Houston_01,60.0,None,
2024-12-25,Tron-o-matic 1,WashingtonDC_01,60.0,None,
2024-12-25,Tron-o-matic 1,Atlanta_01,60.0,None,
2024-12-25,Tron-o-matic 1,Philadelphia_01,60.0,None,
2024-12-25,Tron-o-matic 1 Pro,Online_Store,80.0,None,
2024-12-25,Tron-o-matic 1 Pro,LosAngeles_01,80.0,None,
2024-12-25,Tron-o-matic 1 Pro,NewYork_01,80.0,None,
2024-12-25,Tron-o-matic 1 Pro,NewYork_02,80.0,None,
2024-12-25,Tron-o-matic 1 Pro,Chicago_01,80.0,None,
2024-12-25,Tron-o-matic 1 Pro,Dallas_01,80.0,None,
2024-12-25,Tron-o-matic 1 Pro,Houston_01,80.0,None,
2024-12-25,Tron-o-matic 1 Pro,WashingtonDC_01,80.0,None,
2024-12-25,Tron-o-matic 1 Pro,Atlanta_01,80.0,None,
2024-12-25,Tron-o-matic 1 Pro,Philadelphia_01,80.0,None,
2024-12-25,Tron-o-matic 2,Online_Store,55.0,None,
2024-12-25,Tron-o-matic 2,LosAngeles_01,55.0,None,
2024-12-25,Tron-o-matic 2,NewYork_01,55.0,None,
2024-12-25,Tron-o-matic 2,NewYork_02,55.0,None,
2024-12-25,Tron-o-matic 2,Chicago_01,55.0,None,
2024-12-25,Tron-o-matic 2,Dallas_01,55.0,None,
2024-12-25,Tron-o-matic 2,Houston_01,55.0,None,
2024-12-25,Tron-o-matic 2,WashingtonDC_01,55.0,None,
2024-12-25,Tron-o-matic 2,Atlanta_01,55.0,None,
2024-12-25,Tron-o-matic 2,Philadelphia_01,55.0,None,
2024-12-25,Tron-o-matic 2 Pro,Online_Store,85.0,None,
2024-12-25,Tron-o-matic 2 Pro,LosAngeles_01,85.0,None,
2024-12-25,Tron-o-matic 2 Pro,NewYork_01,85.0,None,
2024-12-25,Tron-o-matic 2 Pro,NewYork_02,85.0,None,
2024-12-25,Tron-o-matic 2 Pro,Chicago_01,85.0,None,
2024-12-25,Tron-o-matic 2 Pro,Dallas_01,85.0,None,
2024-12-25,Tron-o-matic 2 Pro,Houston_01,85.0,None,
2024-12-25,Tron-o-matic 2 Pro,WashingtonDC_01,85.0,None,
2024-12-25,Tron-o-matic 2 Pro,Atlanta_01,85.0,None,
2024-12-25,Tron-o-matic 2 Pro,Philadelphia_01,85.0,None,
2024-12-25,Tron-o-matic 3,Online_Store,51.71,SMALL_DEAL,
2024-12-25,Tron-o-matic 3,LosAngeles_01,51.71,SMALL_DEAL,
2024-12-25,Tron-o-matic 3,NewYork_01,51.71,SMALL_DEAL,
2024-12-25,Tron-o-matic 3,NewYork_02,51.71,SMALL_DEAL,
2024-12-25,Tron-o-matic 3,Chicago_01,51.71,SMALL_DEAL,
2024-12-25,Tron-o-matic 3,Dallas_01,51.71,SMALL_DEAL,
2024-12-25,Tron-o-matic 3,Houston_01,51.71,SMALL_DEAL,
2024-12-25,Tron-o-matic 3,WashingtonDC_01,51.71,SMALL_DEAL,
2024-12-25,Tron-o-matic 3,Atlanta_01,51.71,SMALL_DEAL,
2024-12-25,Tron-o-matic 3,Philadelphia_01,51.71,SMALL_DEAL,
2024-12-25,Tron-o-matic 3 Pro,Online_Store,90.0,None,
2024-12-25,Tron-o-matic 3 Pro,LosAngeles_01,90.0,None,
2024-12-25,Tron-o-matic 3 Pro,NewYork_01,90.0,None,
2024-12-25,Tron-o-matic 3 Pro,NewYork_02,90.0,None,
2024-12-25,Tron-o-matic 3 Pro,Chicago_01,90.0,None,
2024-12-25,Tron-o-matic 3 Pro,Dallas_01,90.0,None,
2024-12-25,Tron-o-matic 3 Pro,Houston_01,90.0,None,
2024-12-25,Tron-o-matic 3 Pro,WashingtonDC_01,90.0,None,
2024-12-25,Tron-o-matic 3 Pro,Atlanta_01,90.0,None,
2024-12-25,Tron-o-matic 3 Pro,Philadelphia_01,90.0,None,
2024-12-25,Tron-o-matic 4,Online_Store,75.0,None,
2024-12-25,Tron-o-matic 4,LosAngeles_01,75.0,None,
2024-12-25,Tron-o-matic 4,NewYork_01,75.0,None,
2024-12-25,Tron-o-matic 4,NewYork_02,75.0,None,
2024-12-25,Tron-o-matic 4,Chicago_01,75.0,None,
2024-12-25,Tron-o-matic 4,Dallas_01,75.0,None,
2024-12-25,Tron-o-matic 4,Houston_01,75.0,None,
2024-12-25,Tron-o-matic 4,WashingtonDC_01,75.0,None,
2024-12-25,Tron-o-matic 4,Atlanta_01,75.0,None,
2024-12-25,Tron-o-matic 4,Philadelphia_01,75.0,None,
2024-12-25,Tron-o-matic 4 Pro,Online_Store,100.0,None,
2024-12-25,Tron-o-matic 4 Pro,LosAngeles_01,100.0,None,
2024-12-25,Tron-o-matic 4 Pro,NewYork_01,100.0,None,
2024-12-25,Tron-o-matic 4 Pro,NewYork_02,100.0,None,
2024-12-25,Tron-o-matic 4 Pro,Chicago_01,100.0,None,
2024-12-25,Tron-o-matic 4 Pro,Dallas_01,100.0,None,
2024-12-25,Tron-o-matic 4 Pro,Houston_01,100.0,None,
2024-12-25,Tron-o-matic 4 Pro,WashingtonDC_01,100.0,None,
2024-12-25,Tron-o-matic 4 Pro,Atlanta_01,100.0,None,
2024-12-25,Tron-o-matic 4 Pro,Philadelphia_01,100.0,None,
2024-12-25,Tron-o-matic 5,Online_Store,80.0,None,
2024-12-25,Tron-o-matic 5,LosAngeles_01,80.0,None,
2024-12-25,Tron-o-matic 5,NewYork_01,80.0,None,
2024-12-25,Tron-o-matic 5,NewYork_02,80.0,None,
2024-12-25,Tron-o-matic 5,Chicago_01,80.0,None,
2024-12-25,Tron-o-matic 5,Dallas_01,80.0,None,
2024-12-25,Tron-o-matic 5,Houston_01,80.0,None,
2024-12-25,Tron-o-matic 5,WashingtonDC_01,80.0,None,
2024-12-25,Tron-o-matic 5,Atlanta_01,80.0,None,
2024-12-25,Tron-o-matic 5,Philadelphia_01,80.0,None,
2024-12-25,Tron-o-matic 5 Pro,Online_Store,102.95,SMALL_DEAL,
2024-12-25,Tron-o-matic 5 Pro,LosAngeles_01,102.95,SMALL_DEAL,
2024-12-25,Tron-o-matic 5 Pro,NewYork_01,102.95,SMALL_DEAL,
2024-12-25,Tron-o-matic 5 Pro,NewYork_02,102.95,SMALL_DEAL,
2024-12-25,Tron-o-matic 5 Pro,Chicago_01,102.95,SMALL_DEAL,
2024-12-25,Tron-o-matic 5 Pro,Dallas_01,102.95,SMALL_DEAL,
2024-12-25,Tron-o-matic 5 Pro,Houston_01,102.95,SMALL_DEAL,
2024-12-25,Tron-o-matic 5 Pro,WashingtonDC_01,102.95,SMALL_DEAL,
2024-12-25,Tron-o-matic 5 Pro,Atlanta_01,102.95,SMALL_DEAL,
2024-12-25,Tron-o-matic 5 Pro,Philadelphia_01,102.95,SMALL_DEAL,
2024-12-26,Tron-o-matic 1,Online_Store,51.62,SMALL_DEAL,
2024-12-26,Tron-o-matic 1,LosAngeles_01,51.62,SMALL_DEAL,
2024-12-26,Tron-o-matic 1,NewYork_01,51.62,SMALL_DEAL,
2024-12-26,Tron-o-matic 1,NewYork_02,51.62,SMALL_DEAL,
2024-12-26,Tron-o-matic 1,Chicago_01,51.62,SMALL_DEAL,
2024-12-26,Tron-o-matic 1,Dallas_01,51.62,SMALL_DEAL,
2024-12-26,Tron-o-matic 1,Houston_01,51.62,SMALL_DEAL,
2024-12-26,Tron-o-matic 1,WashingtonDC_01,51.62,SMALL_DEAL,
2024-12-26,Tron-o-matic 1,Atlanta_01,51.62,SMALL_DEAL,
2024-12-26,Tron-o-matic 1,Philadelphia_01,51.62,SMALL_DEAL,
2024-12-26,Tron-o-matic 1 Pro,Online_Store,80.0,None,
2024-12-26,Tron-o-matic 1 Pro,LosAngeles_01,80.0,None,
2024-12-26,Tron-o-matic 1 Pro,NewYork_01,80.0,None,
2024-12-26,Tron-o-matic 1 Pro,NewYork_02,80.0,None,
2024-12-26,Tron-o-matic 1 Pro,Chicago_01,80.0,None,
2024-12-26,Tron-o-matic 1 Pro,Dallas_01,80.0,None,
2024-12-26,Tron-o-matic 1 Pro,Houston_01,80.0,None,
2024-12-26,Tron-o-matic 1 Pro,WashingtonDC_01,80.0,None,
2024-12-26,Tron-o-matic 1 Pro,Atlanta_01,80.0,None,
2024-12-26,Tron-o-matic 1 Pro,Philadelphia_01,80.0,None,
2024-12-26,Tron-o-matic 2,Online_Store,49.77,SMALL_DEAL,
2024-12-26,Tron-o-matic 2,LosAngeles_01,49.77,SMALL_DEAL,
2024-12-26,Tron-o-matic 2,NewYork_01,49.77,SMALL_DEAL,
2024-12-26,Tron-o-matic 2,NewYork_02,49.77,SMALL_DEAL,
2024-12-26,Tron-o-matic 2,Chicago_01,49.77,SMALL_DEAL,
2024-12-26,Tron-o-matic 2,Dallas_01,49.77,SMALL_DEAL,
2024-12-26,Tron-o-matic 2,Houston_01,49.77,SMALL_DEAL,
2024-12-26,Tron-o-matic 2,WashingtonDC_01,49.77,SMALL_DEAL,
2024-12-26,Tron-o-matic 2,Atlanta_01,49.77,SMALL_DEAL,
2024-12-26,Tron-o-matic 2,Philadelphia_01,49.77,SMALL_DEAL,
2024-12-26,Tron-o-matic 2 Pro,Online_Store,85.0,None,
2024-12-26,Tron-o-matic 2 Pro,LosAngeles_01,85.0,None,
2024-12-26,Tron-o-matic 2 Pro,NewYork_01,85.0,None,
2024-12-26,Tron-o-matic 2 Pro,NewYork_02,85.0,None,
2024-12-26,Tron-o-matic 2 Pro,Chicago_01,85.0,None,
2024-12-26,Tron-o-matic 2 Pro,Dallas_01,85.0,None,
2024-12-26,Tron-o-matic 2 Pro,Houston_01,85.0,None,
2024-12-26,Tron-o-matic 2 Pro,WashingtonDC_01,85.0,None,
2024-12-26,Tron-o-matic 2 Pro,Atlanta_01,85.0,None,
2024-12-26,Tron-o-matic 2 Pro,Philadelphia_01,85.0,None,
2024-12-26,Tron-o-matic 3,Online_Store,60.0,None,
2024-12-26,Tron-o-matic 3,LosAngeles_01,60.0,None,
2024-12-26,Tron-o-matic 3,NewYork_01,60.0,None,
2024-12-26,Tron-o-matic 3,NewYork_02,60.0,None,
2024-12-26,Tron-o-matic 3,Chicago_01,60.0,None,
2024-12-26,Tron-o-matic 3,Dallas_01,60.0,None,
2024-12-26,Tron-o-matic 3,Houston_01,60.0,None,
2024-12-26,Tron-o-matic 3,WashingtonDC_01,60.0,None,
2024-12-26,Tron-o-matic 3,Atlanta_01,60.0,None,
2024-12-26,Tron-o-matic 3,Philadelphia_01,60.0,None,
2024-12-26,Tron-o-matic 3 Pro,Online_Store,90.0,None,
2024-12-26,Tron-o-matic 3 Pro,LosAngeles_01,90.0,None,
2024-12-26,Tron-o-matic 3 Pro,NewYork_01,90.0,None,
2024-12-26,Tron-o-matic 3 Pro,NewYork_02,90.0,None,
2024-12-26,Tron-o-matic 3 Pro,Chicago_01,90.0,None,
2024-12-26,Tron-o-matic 3 Pro,Dallas_01,90.0,None,
2024-12-26,Tron-o-matic 3 Pro,Houston_01,90.0,None,
2024-12-26,Tron-o-matic 3 Pro,WashingtonDC_01,90.0,None,
2024-12-26,Tron-o-matic 3 Pro,Atlanta_01,90.0,None,
2024-12-26,Tron-o-matic 3 Pro,Philadelphia_01,90.0,None,
2024-12-26,Tron-o-matic 4,Online_Store,64.73,SMALL_DEAL,
2024-12-26,Tron-o-matic 4,LosAngeles_01,64.73,SMALL_DEAL,
2024-12-26,Tron-o-matic 4,NewYork_01,64.73,SMALL_DEAL,
2024-12-26,Tron-o-matic 4,NewYork_02,64.73,SMALL_DEAL,
2024-12-26,Tron-o-matic 4,Chicago_01,64.73,SMALL_DEAL,
2024-12-26,Tron-o-matic 4,Dallas_01,64.73,SMALL_DEAL,
2024-12-26,Tron-o-matic 4,Houston_01,64.73,SMALL_DEAL,
2024-12-26,Tron-o-matic 4,WashingtonDC_01,64.73,SMALL_DEAL,
2024-12-26,Tron-o-matic 4,Atlanta_01,64.73,SMALL_DEAL,
2024-12-26,Tron-o-matic 4,Philadelphia_01,64.73,SMALL_DEAL,
2024-12-26,Tron-o-matic 4 Pro,Online_Store,75.22,BIG_DEAL,
2024-12-26,Tron-o-matic 4 Pro,LosAngeles_01,75.22,BIG_DEAL,
2024-12-26,Tron-o-matic 4 Pro,NewYork_01,75.22,BIG_DEAL,
2024-12-26,Tron-o-matic 4 Pro,NewYork_02,75.22,BIG_DEAL,
2024-12-26,Tron-o-matic 4 Pro,Chicago_01,75.22,BIG_DEAL,
2024-12-26,Tron-o-matic 4 Pro,Dallas_01,75.22,BIG_DEAL,
2024-12-26,Tron-o-matic 4 Pro,Houston_01,75.22,BIG_DEAL,
2024-12-26,Tron-o-matic 4 Pro,WashingtonDC_01,75.22,BIG_DEAL,
2024-12-26,Tron-o-matic 4 Pro,Atlanta_01,75.22,BIG_DEAL,
2024-12-26,Tron-o-matic 4 Pro,Philadelphia_01,75.22,BIG_DEAL,
2024-12-26,Tron-o-matic 5,Online_Store,80.0,None,
2024-12-26,Tron-o-matic 5,LosAngeles_01,80.0,None,
2024-12-26,Tron-o-matic 5,NewYork_01,80.0,None,
2024-12-26,Tron-o-matic 5,NewYork_02,80.0,None,
2024-12-26,Tron-o-matic 5,Chicago_01,80.0,None,
2024-12-26,Tron-o-matic 5,Dallas_01,80.0,None,
2024-12-26,Tron-o-matic 5,Houston_01,80.0,None,
2024-12-26,Tron-o-matic 5,WashingtonDC_01,80.0,None,
2024-12-26,Tron-o-matic 5,Atlanta_01,80.0,None,
2024-12-26,Tron-o-matic 5,Philadelphia_01,80.0,None,
2024-12-26,Tron-o-matic 5 Pro,Online_Store,110.0,None,
2024-12-26,Tron-o-matic 5 Pro,LosAngeles_01,110.0,None,
2024-12-26,Tron-o-matic 5 Pro,NewYork_01,110.0,None,
2024-12-26,Tron-o-matic 5 Pro,NewYork_02,110.0,None,
2024-12-26,Tron-o-matic 5 Pro,Chicago_01,110.0,None,
2024-12-26,Tron-o-matic 5 Pro,Dallas_01,110.0,None,
2024-12-26,Tron-o-matic 5 Pro,Houston_01,110.0,None,
2024-12-26,Tron-o-matic 5 Pro,WashingtonDC_01,110.0,None,
2024-12-26,Tron-o-matic 5 Pro,Atlanta_01,110.0,None,
2024-12-26,Tron-o-matic 5 Pro,Philadelphia_01,110.0,None,
2024-12-27,Tron-o-matic 1,Online_Store,45.18,BIG_DEAL,
2024-12-27,Tron-o-matic 1,LosAngeles_01,45.18,BIG_DEAL,
2024-12-27,Tron-o-matic 1,NewYork_01,45.18,BIG_DEAL,
2024-12-27,Tron-o-matic 1,NewYork_02,45.18,BIG_DEAL,
2024-12-27,Tron-o-matic 1,Chicago_01,45.18,BIG_DEAL,
2024-12-27,Tron-o-matic 1,Dallas_01,45.18,BIG_DEAL,
2024-12-27,Tron-o-matic 1,Houston_01,45.18,BIG_DEAL,
2024-12-27,Tron-o-matic 1,WashingtonDC_01,45.18,BIG_DEAL,
2024-12-27,Tron-o-matic 1,Atlanta_01,45.18,BIG_DEAL,
2024-12-27,Tron-o-matic 1,Philadelphia_01,45.18,BIG_DEAL,
2024-12-27,Tron-o-matic 1 Pro,Online_Store,80.0,None,
2024-12-27,Tron-o-matic 1 Pro,LosAngeles_01,80.0,None,
2024-12-27,Tron-o-matic 1 Pro,NewYork_01,80.0,None,
2024-12-27,Tron-o-matic 1 Pro,NewYork_02,80.0,None,
2024-12-27,Tron-o-matic 1 Pro,Chicago_01,80.0,None,
2024-12-27,Tron-o-matic 1 Pro,Dallas_01,80.0,None,
2024-12-27,Tron-o-matic 1 Pro,Houston_01,80.0,None,
2024-12-27,Tron-o-matic 1 Pro,WashingtonDC_01,80.0,None,
2024-12-27,Tron-o-matic 1 Pro,Atlanta_01,80.0,None,
2024-12-27,Tron-o-matic 1 Pro,Philadelphia_01,80.0,None,
2024-12-27,Tron-o-matic 2,Online_Store,47.92,SMALL_DEAL,
2024-12-27,Tron-o-matic 2,LosAngeles_01,47.92,SMALL_DEAL,
2024-12-27,Tron-o-matic 2,NewYork_01,47.92,SMALL_DEAL,
2024-12-27,Tron-o-matic 2,NewYork_02,47.92,SMALL_DEAL,
2024-12-27,Tron-o-matic 2,Chicago_01,47.92,SMALL_DEAL,
2024-12-27,Tron-o-matic 2,Dallas_01,47.92,SMALL_DEAL,
2024-12-27,Tron-o-matic 2,Houston_01,47.92,SMALL_DEAL,
2024-12-27,Tron-o-matic 2,WashingtonDC_01,47.92,SMALL_DEAL,
2024-12-27,Tron-o-matic 2,Atlanta_01,47.92,SMALL_DEAL,
2024-12-27,Tron-o-matic 2,Philadelphia_01,47.92,SMALL_DEAL,
2024-12-27,Tron-o-matic 2 Pro,Online_Store,85.0,None,
2024-12-27,Tron-o-matic 2 Pro,LosAngeles_01,85.0,None,
2024-12-27,Tron-o-matic 2 Pro,NewYork_01,85.0,None,
2024-12-27,Tron-o-matic 2 Pro,NewYork_02,85.0,None,
2024-12-27,Tron-o-matic 2 Pro,Chicago_01,85.0,None,
2024-12-27,Tron-o-matic 2 Pro,Dallas_01,85.0,None,
2024-12-27,Tron-o-matic 2 Pro,Houston_01,85.0,None,
2024-12-27,Tron-o-matic 2 Pro,WashingtonDC_01,85.0,None,
2024-12-27,Tron-o-matic 2 Pro,Atlanta_01,85.0,None,
2024-12-27,Tron-o-matic 2 Pro,Philadelphia_01,85.0,None,
2024-12-27,Tron-o-matic 3,Online_Store,60.0,None,
2024-12-27,Tron-o-matic 3,LosAngeles_01,60.0,None,
2024-12-27,Tron-o-matic 3,NewYork_01,60.0,None,
2024-12-27,Tron-o-matic 3,NewYork_02,60.0,None,
2024-12-27,Tron-o-matic 3,Chicago_01,60.0,None,
2024-12-27,Tron-o-matic 3,Dallas_01,60.0,None,
2024-12-27,Tron-o-matic 3,Houston_01,60.0,None,
2024-12-27,Tron-o-matic 3,WashingtonDC_01,60.0,None,
2024-12-27,Tron-o-matic 3,Atlanta_01,60.0,None,
2024-12-27,Tron-o-matic 3,Philadelphia_01,60.0,None,
2024-12-27,Tron-o-matic 3 Pro,Online_Store,90.0,None,
2024-12-27,Tron-o-matic 3 Pro,LosAngeles_01,90.0,None,
2024-12-27,Tron-o-matic 3 Pro,NewYork_01,90.0,None,
2024-12-27,Tron-o-matic 3 Pro,NewYork_02,90.0,None,
2024-12-27,Tron-o-matic 3 Pro,Chicago_01,90.0,None,
2024-12-27,Tron-o-matic 3 Pro,Dallas_01,90.0,None,
2024-12-27,Tron-o-matic 3 Pro,Houston_01,90.0,None,
2024-12-27,Tron-o-matic 3 Pro,WashingtonDC_01,90.0,None,
2024-12-27,Tron-o-matic 3 Pro,Atlanta_01,90.0,None,
2024-12-27,Tron-o-matic 3 Pro,Philadelphia_01,90.0,None,
2024-12-27,Tron-o-matic 4,Online_Store,75.0,None,
2024-12-27,Tron-o-matic 4,LosAngeles_01,75.0,None,
2024-12-27,Tron-o-matic 4,NewYork_01,75.0,None,
2024-12-27,Tron-o-matic 4,NewYork_02,75.0,None,
2024-12-27,Tron-o-matic 4,Chicago_01,75.0,None,
2024-12-27,Tron-o-matic 4,Dallas_01,75.0,None,
2024-12-27,Tron-o-matic 4,Houston_01,75.0,None,
2024-12-27,Tron-o-matic 4,WashingtonDC_01,75.0,None,
2024-12-27,Tron-o-matic 4,Atlanta_01,75.0,None,
2024-12-27,Tron-o-matic 4,Philadelphia_01,75.0,None,
2024-12-27,Tron-o-matic 4 Pro,Online_Store,77.56,BIG_DEAL,
2024-12-27,Tron-o-matic 4 Pro,LosAngeles_01,77.56,BIG_DEAL,
2024-12-27,Tron-o-matic 4 Pro,NewYork_01,77.56,BIG_DEAL,
2024-12-27,Tron-o-matic 4 Pro,NewYork_02,77.56,BIG_DEAL,
2024-12-27,Tron-o-matic 4 Pro,Chicago_01,77.56,BIG_DEAL,
2024-12-27,Tron-o-matic 4 Pro,Dallas_01,77.56,BIG_DEAL,
2024-12-27,Tron-o-matic 4 Pro,Houston_01,77.56,BIG_DEAL,
2024-12-27,Tron-o-matic 4 Pro,WashingtonDC_01,77.56,BIG_DEAL,
2024-12-27,Tron-o-matic 4 Pro,Atlanta_01,77.56,BIG_DEAL,
2024-12-27,Tron-o-matic 4 Pro,Philadelphia_01,77.56,BIG_DEAL,
2024-12-27,Tron-o-matic 5,Online_Store,80.0,None,
2024-12-27,Tron-o-matic 5,LosAngeles_01,80.0,None,
2024-12-27,Tron-o-matic 5,NewYork_01,80.0,None,
2024-12-27,Tron-o-matic 5,NewYork_02,80.0,None,
2024-12-27,Tron-o-matic 5,Chicago_01,80.0,None,
2024-12-27,Tron-o-matic 5,Dallas_01,80.0,None,
2024-12-27,Tron-o-matic 5,Houston_01,80.0,None,
2024-12-27,Tron-o-matic 5,WashingtonDC_01,80.0,None,
2024-12-27,Tron-o-matic 5,Atlanta_01,80.0,None,
2024-12-27,Tron-o-matic 5,Philadelphia_01,80.0,None,
2024-12-27,Tron-o-matic 5 Pro,Online_Store,83.81,BIG_DEAL,
2024-12-27,Tron-o-matic 5 Pro,LosAngeles_01,83.81,BIG_DEAL,
2024-12-27,Tron-o-matic 5 Pro,NewYork_01,83.81,BIG_DEAL,
2024-12-27,Tron-o-matic 5 Pro,NewYork_02,83.81,BIG_DEAL,
2024-12-27,Tron-o-matic 5 Pro,Chicago_01,83.81,BIG_DEAL,
2024-12-27,Tron-o-matic 5 Pro,Dallas_01,83.81,BIG_DEAL,
2024-12-27,Tron-o-matic 5 Pro,Houston_01,83.81,BIG_DEAL,
2024-12-27,Tron-o-matic 5 Pro,WashingtonDC_01,83.81,BIG_DEAL,
2024-12-27,Tron-o-matic 5 Pro,Atlanta_01,83.81,BIG_DEAL,
2024-12-27,Tron-o-matic 5 Pro,Philadelphia_01,83.81,BIG_DEAL,
2024-12-28,Tron-o-matic 1,Online_Store,53.99,SMALL_DEAL,
2024-12-28,Tron-o-matic 1,LosAngeles_01,53.99,SMALL_DEAL,
2024-12-28,Tron-o-matic 1,NewYork_01,53.99,SMALL_DEAL,
2024-12-28,Tron-o-matic 1,NewYork_02,53.99,SMALL_DEAL,
2024-12-28,Tron-o-matic 1,Chicago_01,53.99,SMALL_DEAL,
2024-12-28,Tron-o-matic 1,Dallas_01,53.99,SMALL_DEAL,
2024-12-28,Tron-o-matic 1,Houston_01,53.99,SMALL_DEAL,
2024-12-28,Tron-o-matic 1,WashingtonDC_01,53.99,SMALL_DEAL,
2024-12-28,Tron-o-matic 1,Atlanta_01,53.99,SMALL_DEAL,
2024-12-28,Tron-o-matic 1,Philadelphia_01,53.99,SMALL_DEAL,
2024-12-28,Tron-o-matic 1 Pro,Online_Store,80.0,None,
2024-12-28,Tron-o-matic 1 Pro,LosAngeles_01,80.0,None,
2024-12-28,Tron-o-matic 1 Pro,NewYork_01,80.0,None,
2024-12-28,Tron-o-matic 1 Pro,NewYork_02,80.0,None,
2024-12-28,Tron-o-matic 1 Pro,Chicago_01,80.0,None,
2024-12-28,Tron-o-matic 1 Pro,Dallas_01,80.0,None,
2024-12-28,Tron-o-matic 1 Pro,Houston_01,80.0,None,
2024-12-28,Tron-o-matic 1 Pro,WashingtonDC_01,80.0,None,
2024-12-28,Tron-o-matic 1 Pro,Atlanta_01,80.0,None,
2024-12-28,Tron-o-matic 1 Pro,Philadelphia_01,80.0,None,
2024-12-28,Tron-o-matic 2,Online_Store,52.21,SMALL_DEAL,
2024-12-28,Tron-o-matic 2,LosAngeles_01,52.21,SMALL_DEAL,
2024-12-28,Tron-o-matic 2,NewYork_01,52.21,SMALL_DEAL,
2024-12-28,Tron-o-matic 2,NewYork_02,52.21,SMALL_DEAL,
2024-12-28,Tron-o-matic 2,Chicago_01,52.21,SMALL_DEAL,
2024-12-28,Tron-o-matic 2,Dallas_01,52.21,SMALL_DEAL,
2024-12-28,Tron-o-matic 2,Houston_01,52.21,SMALL_DEAL,
2024-12-28,Tron-o-matic 2,WashingtonDC_01,52.21,SMALL_DEAL,
2024-12-28,Tron-o-matic 2,Atlanta_01,52.21,SMALL_DEAL,
2024-12-28,Tron-o-matic 2,Philadelphia_01,52.21,SMALL_DEAL,
2024-12-28,Tron-o-matic 2 Pro,Online_Store,85.0,None,
2024-12-28,Tron-o-matic 2 Pro,LosAngeles_01,85.0,None,
2024-12-28,Tron-o-matic 2 Pro,NewYork_01,85.0,None,
2024-12-28,Tron-o-matic 2 Pro,NewYork_02,85.0,None,
2024-12-28,Tron-o-matic 2 Pro,Chicago_01,85.0,None,
2024-12-28,Tron-o-matic 2 Pro,Dallas_01,85.0,None,
2024-12-28,Tron-o-matic 2 Pro,Houston_01,85.0,None,
2024-12-28,Tron-o-matic 2 Pro,WashingtonDC_01,85.0,None,
2024-12-28,Tron-o-matic 2 Pro,Atlanta_01,85.0,None,
2024-12-28,Tron-o-matic 2 Pro,Philadelphia_01,85.0,None,
2024-12-28,Tron-o-matic 3,Online_Store,60.0,None,
2024-12-28,Tron-o-matic 3,LosAngeles_01,60.0,None,
2024-12-28,Tron-o-matic 3,NewYork_01,60.0,None,
2024-12-28,Tron-o-matic 3,NewYork_02,60.0,None,
2024-12-28,Tron-o-matic 3,Chicago_01,60.0,None,
2024-12-28,Tron-o-matic 3,Dallas_01,60.0,None,
2024-12-28,Tron-o-matic 3,Houston_01,60.0,None,
2024-12-28,Tron-o-matic 3,WashingtonDC_01,60.0,None,
2024-12-28,Tron-o-matic 3,Atlanta_01,60.0,None,
2024-12-28,Tron-o-matic 3,Philadelphia_01,60.0,None,
2024-12-28,Tron-o-matic 3 Pro,Online_Store,90.0,None,
2024-12-28,Tron-o-matic 3 Pro,LosAngeles_01,90.0,None,
2024-12-28,Tron-o-matic 3 Pro,NewYork_01,90.0,None,
2024-12-28,Tron-o-matic 3 Pro,NewYork_02,90.0,None,
2024-12-28,Tron-o-matic 3 Pro,Chicago_01,90.0,None,
2024-12-28,Tron-o-matic 3 Pro,Dallas_01,90.0,None,
2024-12-28,Tron-o-matic 3 Pro,Houston_01,90.0,None,
2024-12-28,Tron-o-matic 3 Pro,WashingtonDC_01,90.0,None,
2024-12-28,Tron-o-matic 3 Pro,Atlanta_01,90.0,None,
2024-12-28,Tron-o-matic 3 Pro,Philadelphia_01,90.0,None,
2024-12-28,Tron-o-matic 4,Online_Store,75.0,None,
2024-12-28,Tron-o-matic 4,LosAngeles_01,75.0,None,
2024-12-28,Tron-o-matic 4,NewYork_01,75.0,None,
2024-12-28,Tron-o-matic 4,NewYork_02,75.0,None,
2024-12-28,Tron-o-matic 4,Chicago_01,75.0,None,
2024-12-28,Tron-o-matic 4,Dallas_01,75.0,None,
2024-12-28,Tron-o-matic 4,Houston_01,75.0,None,
2024-12-28,Tron-o-matic 4,WashingtonDC_01,75.0,None,
2024-12-28,Tron-o-matic 4,Atlanta_01,75.0,None,
2024-12-28,Tron-o-matic 4,Philadelphia_01,75.0,None,
2024-12-28,Tron-o-matic 4 Pro,Online_Store,100.0,None,
2024-12-28,Tron-o-matic 4 Pro,LosAngeles_01,100.0,None,
2024-12-28,Tron-o-matic 4 Pro,NewYork_01,100.0,None,
2024-12-28,Tron-o-matic 4 Pro,NewYork_02,100.0,None,
2024-12-28,Tron-o-matic 4 Pro,Chicago_01,100.0,None,
2024-12-28,Tron-o-matic 4 Pro,Dallas_01,100.0,None,
2024-12-28,Tron-o-matic 4 Pro,Houston_01,100.0,None,
2024-12-28,Tron-o-matic 4 Pro,WashingtonDC_01,100.0,None,
2024-12-28,Tron-o-matic 4 Pro,Atlanta_01,100.0,None,
2024-12-28,Tron-o-matic 4 Pro,Philadelphia_01,100.0,None,
2024-12-28,Tron-o-matic 5,Online_Store,72.05,SMALL_DEAL,
2024-12-28,Tron-o-matic 5,LosAngeles_01,72.05,SMALL_DEAL,
2024-12-28,Tron-o-matic 5,NewYork_01,72.05,SMALL_DEAL,
2024-12-28,Tron-o-matic 5,NewYork_02,72.05,SMALL_DEAL,
2024-12-28,Tron-o-matic 5,Chicago_01,72.05,SMALL_DEAL,
2024-12-28,Tron-o-matic 5,Dallas_01,72.05,SMALL_DEAL,
2024-12-28,Tron-o-matic 5,Houston_01,72.05,SMALL_DEAL,
2024-12-28,Tron-o-matic 5,WashingtonDC_01,72.05,SMALL_DEAL,
2024-12-28,Tron-o-matic 5,Atlanta_01,72.05,SMALL_DEAL,
2024-12-28,Tron-o-matic 5,Philadelphia_01,72.05,SMALL_DEAL,
2024-12-28,Tron-o-matic 5 Pro,Online_Store,110.0,None,
2024-12-28,Tron-o-matic 5 Pro,LosAngeles_01,110.0,None,
2024-12-28,Tron-o-matic 5 Pro,NewYork_01,110.0,None,
2024-12-28,Tron-o-matic 5 Pro,NewYork_02,110.0,None,
2024-12-28,Tron-o-matic 5 Pro,Chicago_01,110.0,None,
2024-12-28,Tron-o-matic 5 Pro,Dallas_01,110.0,None,
2024-12-28,Tron-o-matic 5 Pro,Houston_01,110.0,None,
2024-12-28,Tron-o-matic 5 Pro,WashingtonDC_01,110.0,None,
2024-12-28,Tron-o-matic 5 Pro,Atlanta_01,110.0,None,
2024-12-28,Tron-o-matic 5 Pro,Philadelphia_01,110.0,None,
2024-12-29,Tron-o-matic 1,Online_Store,60.0,None,
2024-12-29,Tron-o-matic 1,LosAngeles_01,60.0,None,
2024-12-29,Tron-o-matic 1,NewYork_01,60.0,None,
2024-12-29,Tron-o-matic 1,NewYork_02,60.0,None,
2024-12-29,Tron-o-matic 1,Chicago_01,60.0,None,
2024-12-29,Tron-o-matic 1,Dallas_01,60.0,None,
2024-12-29,Tron-o-matic 1,Houston_01,60.0,None,
2024-12-29,Tron-o-matic 1,WashingtonDC_01,60.0,None,
2024-12-29,Tron-o-matic 1,Atlanta_01,60.0,None,
2024-12-29,Tron-o-matic 1,Philadelphia_01,60.0,None,
2024-12-29,Tron-o-matic 1 Pro,Online_Store,69.39,SMALL_DEAL,
2024-12-29,Tron-o-matic 1 Pro,LosAngeles_01,69.39,SMALL_DEAL,
2024-12-29,Tron-o-matic 1 Pro,NewYork_01,69.39,SMALL_DEAL,
2024-12-29,Tron-o-matic 1 Pro,NewYork_02,69.39,SMALL_DEAL,
2024-12-29,Tron-o-matic 1 Pro,Chicago_01,69.39,SMALL_DEAL,
2024-12-29,Tron-o-matic 1 Pro,Dallas_01,69.39,SMALL_DEAL,
2024-12-29,Tron-o-matic 1 Pro,Houston_01,69.39,SMALL_DEAL,
2024-12-29,Tron-o-matic 1 Pro,WashingtonDC_01,69.39,SMALL_DEAL,
2024-12-29,Tron-o-matic 1 Pro,Atlanta_01,69.39,SMALL_DEAL,
2024-12-29,Tron-o-matic 1 Pro,Philadelphia_01,69.39,SMALL_DEAL,
2024-12-29,Tron-o-matic 2,Online_Store,47.58,SMALL_DEAL,
2024-12-29,Tron-o-matic 2,LosAngeles_01,47.58,SMALL_DEAL,
2024-12-29,Tron-o-matic 2,NewYork_01,47.58,SMALL_DEAL,
2024-12-29,Tron-o-matic 2,NewYork_02,47.58,SMALL_DEAL,
2024-12-29,Tron-o-matic 2,Chicago_01,47.58,SMALL_DEAL,
2024-12-29,Tron-o-matic 2,Dallas_01,47.58,SMALL_DEAL,
2024-12-29,Tron-o-matic 2,Houston_01,47.58,SMALL_DEAL,
2024-12-29,Tron-o-matic 2,WashingtonDC_01,47.58,SMALL_DEAL,
2024-12-29,Tron-o-matic 2,Atlanta_01,47.58,SMALL_DEAL,
2024-12-29,Tron-o-matic 2,Philadelphia_01,47.58,SMALL_DEAL,
2024-12-29,Tron-o-matic 2 Pro,Online_Store,85.0,None,
2024-12-29,Tron-o-matic 2 Pro,LosAngeles_01,85.0,None,
2024-12-29,Tron-o-matic 2 Pro,NewYork_01,85.0,None,
2024-12-29,Tron-o-matic 2 Pro,NewYork_02,85.0,None,
2024-12-29,Tron-o-matic 2 Pro,Chicago_01,85.0,None,
2024-12-29,Tron-o-matic 2 Pro,Dallas_01,85.0,None,
2024-12-29,Tron-o-matic 2 Pro,Houston_01,85.0,None,
2024-12-29,Tron-o-matic 2 Pro,WashingtonDC_01,85.0,None,
2024-12-29,Tron-o-matic 2 Pro,Atlanta_01,85.0,None,
2024-12-29,Tron-o-matic 2 Pro,Philadelphia_01,85.0,None,
2024-12-29,Tron-o-matic 3,Online_Store,60.0,None,
2024-12-29,Tron-o-matic 3,LosAngeles_01,60.0,None,
2024-12-29,Tron-o-matic 3,NewYork_01,60.0,None,
2024-12-29,Tron-o-matic 3,NewYork_02,60.0,None,
2024-12-29,Tron-o-matic 3,Chicago_01,60.0,None,
2024-12-29,Tron-o-matic 3,Dallas_01,60.0,None,
2024-12-29,Tron-o-matic 3,Houston_01,60.0,None,
2024-12-29,Tron-o-matic 3,WashingtonDC_01,60.0,None,
2024-12-29,Tron-o-matic 3,Atlanta_01,60.0,None,
2024-12-29,Tron-o-matic 3,Philadelphia_01,60.0,None,
2024-12-29,Tron-o-matic 3 Pro,Online_Store,81.7,SMALL_DEAL,
2024-12-29,Tron-o-matic 3 Pro,LosAngeles_01,81.7,SMALL_DEAL,
2024-12-29,Tron-o-matic 3 Pro,NewYork_01,81.7,SMALL_DEAL,
2024-12-29,Tron-o-matic 3 Pro,NewYork_02,81.7,SMALL_DEAL,
2024-12-29,Tron-o-matic 3 Pro,Chicago_01,81.7,SMALL_DEAL,
2024-12-29,Tron-o-matic 3 Pro,Dallas_01,81.7,SMALL_DEAL,
2024-12-29,Tron-o-matic 3 Pro,Houston_01,81.7,SMALL_DEAL,
2024-12-29,Tron-o-matic 3 Pro,WashingtonDC_01,81.7,SMALL_DEAL,
2024-12-29,Tron-o-matic 3 Pro,Atlanta_01,81.7,SMALL_DEAL,
2024-12-29,Tron-o-matic 3 Pro,Philadelphia_01,81.7,SMALL_DEAL,
2024-12-29,Tron-o-matic 4,Online_Store,64.71,SMALL_DEAL,
2024-12-29,Tron-o-matic 4,LosAngeles_01,64.71,SMALL_DEAL,
2024-12-29,Tron-o-matic 4,NewYork_01,64.71,SMALL_DEAL,
2024-12-29,Tron-o-matic 4,NewYork_02,64.71,SMALL_DEAL,
2024-12-29,Tron-o-matic 4,Chicago_01,64.71,SMALL_DEAL,
2024-12-29,Tron-o-matic 4,Dallas_01,64.71,SMALL_DEAL,
2024-12-29,Tron-o-matic 4,Houston_01,64.71,SMALL_DEAL,
2024-12-29,Tron-o-matic 4,WashingtonDC_01,64.71,SMALL_DEAL,
2024-12-29,Tron-o-matic 4,Atlanta_01,64.71,SMALL_DEAL,
2024-12-29,Tron-o-matic 4,Philadelphia_01,64.71,SMALL_DEAL,
2024-12-29,Tron-o-matic 4 Pro,Online_Store,73.35,BIG_DEAL,
2024-12-29,Tron-o-matic 4 Pro,LosAngeles_01,73.35,BIG_DEAL,
2024-12-29,Tron-o-matic 4 Pro,NewYork_01,73.35,BIG_DEAL,
2024-12-29,Tron-o-matic 4 Pro,NewYork_02,73.35,BIG_DEAL,
2024-12-29,Tron-o-matic 4 Pro,Chicago_01,73.35,BIG_DEAL,
2024-12-29,Tron-o-matic 4 Pro,Dallas_01,73.35,BIG_DEAL,
2024-12-29,Tron-o-matic 4 Pro,Houston_01,73.35,BIG_DEAL,
2024-12-29,Tron-o-matic 4 Pro,WashingtonDC_01,73.35,BIG_DEAL,
2024-12-29,Tron-o-matic 4 Pro,Atlanta_01,73.35,BIG_DEAL,
2024-12-29,Tron-o-matic 4 Pro,Philadelphia_01,73.35,BIG_DEAL,
2024-12-29,Tron-o-matic 5,Online_Store,80.0,None,
2024-12-29,Tron-o-matic 5,LosAngeles_01,80.0,None,
2024-12-29,Tron-o-matic 5,NewYork_01,80.0,None,
2024-12-29,Tron-o-matic 5,NewYork_02,80.0,None,
2024-12-29,Tron-o-matic 5,Chicago_01,80.0,None,
2024-12-29,Tron-o-matic 5,Dallas_01,80.0,None,
2024-12-29,Tron-o-matic 5,Houston_01,80.0,None,
2024-12-29,Tron-o-matic 5,WashingtonDC_01,80.0,None,
2024-12-29,Tron-o-matic 5,Atlanta_01,80.0,None,
2024-12-29,Tron-o-matic 5,Philadelphia_01,80.0,None,
2024-12-29,Tron-o-matic 5 Pro,Online_Store,110.0,None,
2024-12-29,Tron-o-matic 5 Pro,LosAngeles_01,110.0,None,
2024-12-29,Tron-o-matic 5 Pro,NewYork_01,110.0,None,
2024-12-29,Tron-o-matic 5 Pro,NewYork_02,110.0,None,
2024-12-29,Tron-o-matic 5 Pro,Chicago_01,110.0,None,
2024-12-29,Tron-o-matic 5 Pro,Dallas_01,110.0,None,
2024-12-29,Tron-o-matic 5 Pro,Houston_01,110.0,None,
2024-12-29,Tron-o-matic 5 Pro,WashingtonDC_01,110.0,None,
2024-12-29,Tron-o-matic 5 Pro,Atlanta_01,110.0,None,
2024-12-29,Tron-o-matic 5 Pro,Philadelphia_01,110.0,None,
2024-12-30,Tron-o-matic 1,Online_Store,60.0,None,
2024-12-30,Tron-o-matic 1,LosAngeles_01,60.0,None,
2024-12-30,Tron-o-matic 1,NewYork_01,60.0,None,
2024-12-30,Tron-o-matic 1,NewYork_02,60.0,None,
2024-12-30,Tron-o-matic 1,Chicago_01,60.0,None,
2024-12-30,Tron-o-matic 1,Dallas_01,60.0,None,
2024-12-30,Tron-o-matic 1,Houston_01,60.0,None,
2024-12-30,Tron-o-matic 1,WashingtonDC_01,60.0,None,
2024-12-30,Tron-o-matic 1,Atlanta_01,60.0,None,
2024-12-30,Tron-o-matic 1,Philadelphia_01,60.0,None,
2024-12-30,Tron-o-matic 1 Pro,Online_Store,80.0,None,
2024-12-30,Tron-o-matic 1 Pro,LosAngeles_01,80.0,None,
2024-12-30,Tron-o-matic 1 Pro,NewYork_01,80.0,None,
2024-12-30,Tron-o-matic 1 Pro,NewYork_02,80.0,None,
2024-12-30,Tron-o-matic 1 Pro,Chicago_01,80.0,None,
2024-12-30,Tron-o-matic 1 Pro,Dallas_01,80.0,None,
2024-12-30,Tron-o-matic 1 Pro,Houston_01,80.0,None,
2024-12-30,Tron-o-matic 1 Pro,WashingtonDC_01,80.0,None,
2024-12-30,Tron-o-matic 1 Pro,Atlanta_01,80.0,None,
2024-12-30,Tron-o-matic 1 Pro,Philadelphia_01,80.0,None,
2024-12-30,Tron-o-matic 2,Online_Store,55.0,None,
2024-12-30,Tron-o-matic 2,LosAngeles_01,55.0,None,
2024-12-30,Tron-o-matic 2,NewYork_01,55.0,None,
2024-12-30,Tron-o-matic 2,NewYork_02,55.0,None,
2024-12-30,Tron-o-matic 2,Chicago_01,55.0,None,
2024-12-30,Tron-o-matic 2,Dallas_01,55.0,None,
2024-12-30,Tron-o-matic 2,Houston_01,55.0,None,
2024-12-30,Tron-o-matic 2,WashingtonDC_01,55.0,None,
2024-12-30,Tron-o-matic 2,Atlanta_01,55.0,None,
2024-12-30,Tron-o-matic 2,Philadelphia_01,55.0,None,
2024-12-30,Tron-o-matic 2 Pro,Online_Store,85.0,None,
2024-12-30,Tron-o-matic 2 Pro,LosAngeles_01,85.0,None,
2024-12-30,Tron-o-matic 2 Pro,NewYork_01,85.0,None,
2024-12-30,Tron-o-matic 2 Pro,NewYork_02,85.0,None,
2024-12-30,Tron-o-matic 2 Pro,Chicago_01,85.0,None,
2024-12-30,Tron-o-matic 2 Pro,Dallas_01,85.0,None,
2024-12-30,Tron-o-matic 2 Pro,Houston_01,85.0,None,
2024-12-30,Tron-o-matic 2 Pro,WashingtonDC_01,85.0,None,
2024-12-30,Tron-o-matic 2 Pro,Atlanta_01,85.0,None,
2024-12-30,Tron-o-matic 2 Pro,Philadelphia_01,85.0,None,
2024-12-30,Tron-o-matic 3,Online_Store,46.6,BIG_DEAL,
2024-12-30,Tron-o-matic 3,LosAngeles_01,46.6,BIG_DEAL,
2024-12-30,Tron-o-matic 3,NewYork_01,46.6,BIG_DEAL,
2024-12-30,Tron-o-matic 3,NewYork_02,46.6,BIG_DEAL,
2024-12-30,Tron-o-matic 3,Chicago_01,46.6,BIG_DEAL,
2024-12-30,Tron-o-matic 3,Dallas_01,46.6,BIG_DEAL,
2024-12-30,Tron-o-matic 3,Houston_01,46.6,BIG_DEAL,
2024-12-30,Tron-o-matic 3,WashingtonDC_01,46.6,BIG_DEAL,
2024-12-30,Tron-o-matic 3,Atlanta_01,46.6,BIG_DEAL,
2024-12-30,Tron-o-matic 3,Philadelphia_01,46.6,BIG_DEAL,
2024-12-30,Tron-o-matic 3 Pro,Online_Store,90.0,None,
2024-12-30,Tron-o-matic 3 Pro,LosAngeles_01,90.0,None,
2024-12-30,Tron-o-matic 3 Pro,NewYork_01,90.0,None,
2024-12-30,Tron-o-matic 3 Pro,NewYork_02,90.0,None,
2024-12-30,Tron-o-matic 3 Pro,Chicago_01,90.0,None,
2024-12-30,Tron-o-matic 3 Pro,Dallas_01,90.0,None,
2024-12-30,Tron-o-matic 3 Pro,Houston_01,90.0,None,
2024-12-30,Tron-o-matic 3 Pro,WashingtonDC_01,90.0,None,
2024-12-30,Tron-o-matic 3 Pro,Atlanta_01,90.0,None,
2024-12-30,Tron-o-matic 3 Pro,Philadelphia_01,90.0,None,
2024-12-30,Tron-o-matic 4,Online_Store,54.61,BIG_DEAL,
2024-12-30,Tron-o-matic 4,LosAngeles_01,54.61,BIG_DEAL,
2024-12-30,Tron-o-matic 4,NewYork_01,54.61,BIG_DEAL,
2024-12-30,Tron-o-matic 4,NewYork_02,54.61,BIG_DEAL,
2024-12-30,Tron-o-matic 4,Chicago_01,54.61,BIG_DEAL,
2024-12-30,Tron-o-matic 4,Dallas_01,54.61,BIG_DEAL,
2024-12-30,Tron-o-matic 4,Houston_01,54.61,BIG_DEAL,
2024-12-30,Tron-o-matic 4,WashingtonDC_01,54.61,BIG_DEAL,
2024-12-30,Tron-o-matic 4,Atlanta_01,54.61,BIG_DEAL,
2024-12-30,Tron-o-matic 4,Philadelphia_01,54.61,BIG_DEAL,
2024-12-30,Tron-o-matic 4 Pro,Online_Store,85.97,SMALL_DEAL,
2024-12-30,Tron-o-matic 4 Pro,LosAngeles_01,85.97,SMALL_DEAL,
2024-12-30,Tron-o-matic 4 Pro,NewYork_01,85.97,SMALL_DEAL,
2024-12-30,Tron-o-matic 4 Pro,NewYork_02,85.97,SMALL_DEAL,
2024-12-30,Tron-o-matic 4 Pro,Chicago_01,85.97,SMALL_DEAL,
2024-12-30,Tron-o-matic 4 Pro,Dallas_01,85.97,SMALL_DEAL,
2024-12-30,Tron-o-matic 4 Pro,Houston_01,85.97,SMALL_DEAL,
2024-12-30,Tron-o-matic 4 Pro,WashingtonDC_01,85.97,SMALL_DEAL,
2024-12-30,Tron-o-matic 4 Pro,Atlanta_01,85.97,SMALL_DEAL,
2024-12-30,Tron-o-matic 4 Pro,Philadelphia_01,85.97,SMALL_DEAL,
2024-12-30,Tron-o-matic 5,Online_Store,80.0,None,
2024-12-30,Tron-o-matic 5,LosAngeles_01,80.0,None,
2024-12-30,Tron-o-matic 5,NewYork_01,80.0,None,
2024-12-30,Tron-o-matic 5,NewYork_02,80.0,None,
2024-12-30,Tron-o-matic 5,Chicago_01,80.0,None,
2024-12-30,Tron-o-matic 5,Dallas_01,80.0,None,
2024-12-30,Tron-o-matic 5,Houston_01,80.0,None,
2024-12-30,Tron-o-matic 5,WashingtonDC_01,80.0,None,
2024-12-30,Tron-o-matic 5,Atlanta_01,80.0,None,
2024-12-30,Tron-o-matic 5,Philadelphia_01,80.0,None,
2024-12-30,Tron-o-matic 5 Pro,Online_Store,77.37,BIG_DEAL,
2024-12-30,Tron-o-matic 5 Pro,LosAngeles_01,77.37,BIG_DEAL,
2024-12-30,Tron-o-matic 5 Pro,NewYork_01,77.37,BIG_DEAL,
2024-12-30,Tron-o-matic 5 Pro,NewYork_02,77.37,BIG_DEAL,
2024-12-30,Tron-o-matic 5 Pro,Chicago_01,77.37,BIG_DEAL,
2024-12-30,Tron-o-matic 5 Pro,Dallas_01,77.37,BIG_DEAL,
2024-12-30,Tron-o-matic 5 Pro,Houston_01,77.37,BIG_DEAL,
2024-12-30,Tron-o-matic 5 Pro,WashingtonDC_01,77.37,BIG_DEAL,
2024-12-30,Tron-o-matic 5 Pro,Atlanta_01,77.37,BIG_DEAL,
2024-12-30,Tron-o-matic 5 Pro,Philadelphia_01,77.37,BIG_DEAL,
2024-12-31,Tron-o-matic 1,Online_Store,60.0,None,
2024-12-31,Tron-o-matic 1,LosAngeles_01,60.0,None,
2024-12-31,Tron-o-matic 1,NewYork_01,60.0,None,
2024-12-31,Tron-o-matic 1,NewYork_02,60.0,None,
2024-12-31,Tron-o-matic 1,Chicago_01,60.0,None,
2024-12-31,Tron-o-matic 1,Dallas_01,60.0,None,
2024-12-31,Tron-o-matic 1,Houston_01,60.0,None,
2024-12-31,Tron-o-matic 1,WashingtonDC_01,60.0,None,
2024-12-31,Tron-o-matic 1,Atlanta_01,60.0,None,
2024-12-31,Tron-o-matic 1,Philadelphia_01,60.0,None,
2024-12-31,Tron-o-matic 1 Pro,Online_Store,58.55,BIG_DEAL,
2024-12-31,Tron-o-matic 1 Pro,LosAngeles_01,58.55,BIG_DEAL,
2024-12-31,Tron-o-matic 1 Pro,NewYork_01,58.55,BIG_DEAL,
2024-12-31,Tron-o-matic 1 Pro,NewYork_02,58.55,BIG_DEAL,
2024-12-31,Tron-o-matic 1 Pro,Chicago_01,58.55,BIG_DEAL,
2024-12-31,Tron-o-matic 1 Pro,Dallas_01,58.55,BIG_DEAL,
2024-12-31,Tron-o-matic 1 Pro,Houston_01,58.55,BIG_DEAL,
2024-12-31,Tron-o-matic 1 Pro,WashingtonDC_01,58.55,BIG_DEAL,
2024-12-31,Tron-o-matic 1 Pro,Atlanta_01,58.55,BIG_DEAL,
2024-12-31,Tron-o-matic 1 Pro,Philadelphia_01,58.55,BIG_DEAL,
2024-12-31,Tron-o-matic 2,Online_Store,55.0,None,
2024-12-31,Tron-o-matic 2,LosAngeles_01,55.0,None,
2024-12-31,Tron-o-matic 2,NewYork_01,55.0,None,
2024-12-31,Tron-o-matic 2,NewYork_02,55.0,None,
2024-12-31,Tron-o-matic 2,Chicago_01,55.0,None,
2024-12-31,Tron-o-matic 2,Dallas_01,55.0,None,
2024-12-31,Tron-o-matic 2,Houston_01,55.0,None,
2024-12-31,Tron-o-matic 2,WashingtonDC_01,55.0,None,
2024-12-31,Tron-o-matic 2,Atlanta_01,55.0,None,
2024-12-31,Tron-o-matic 2,Philadelphia_01,55.0,None,
2024-12-31,Tron-o-matic 2 Pro,Online_Store,74.06,SMALL_DEAL,
2024-12-31,Tron-o-matic 2 Pro,LosAngeles_01,74.06,SMALL_DEAL,
2024-12-31,Tron-o-matic 2 Pro,NewYork_01,74.06,SMALL_DEAL,
2024-12-31,Tron-o-matic 2 Pro,NewYork_02,74.06,SMALL_DEAL,
2024-12-31,Tron-o-matic 2 Pro,Chicago_01,74.06,SMALL_DEAL,
2024-12-31,Tron-o-matic 2 Pro,Dallas_01,74.06,SMALL_DEAL,
2024-12-31,Tron-o-matic 2 Pro,Houston_01,74.06,SMALL_DEAL,
2024-12-31,Tron-o-matic 2 Pro,WashingtonDC_01,74.06,SMALL_DEAL,
2024-12-31,Tron-o-matic 2 Pro,Atlanta_01,74.06,SMALL_DEAL,
2024-12-31,Tron-o-matic 2 Pro,Philadelphia_01,74.06,SMALL_DEAL,
2024-12-31,Tron-o-matic 3,Online_Store,60.0,None,
2024-12-31,Tron-o-matic 3,LosAngeles_01,60.0,None,
2024-12-31,Tron-o-matic 3,NewYork_01,60.0,None,
2024-12-31,Tron-o-matic 3,NewYork_02,60.0,None,
2024-12-31,Tron-o-matic 3,Chicago_01,60.0,None,
2024-12-31,Tron-o-matic 3,Dallas_01,60.0,None,
2024-12-31,Tron-o-matic 3,Houston_01,60.0,None,
2024-12-31,Tron-o-matic 3,WashingtonDC_01,60.0,None,
2024-12-31,Tron-o-matic 3,Atlanta_01,60.0,None,
2024-12-31,Tron-o-matic 3,Philadelphia_01,60.0,None,
2024-12-31,Tron-o-matic 3 Pro,Online_Store,82.2,SMALL_DEAL,
2024-12-31,Tron-o-matic 3 Pro,LosAngeles_01,82.2,SMALL_DEAL,
2024-12-31,Tron-o-matic 3 Pro,NewYork_01,82.2,SMALL_DEAL,
2024-12-31,Tron-o-matic 3 Pro,NewYork_02,82.2,SMALL_DEAL,
2024-12-31,Tron-o-matic 3 Pro,Chicago_01,82.2,SMALL_DEAL,
2024-12-31,Tron-o-matic 3 Pro,Dallas_01,82.2,SMALL_DEAL,
2024-12-31,Tron-o-matic 3 Pro,Houston_01,82.2,SMALL_DEAL,
2024-12-31,Tron-o-matic 3 Pro,WashingtonDC_01,82.2,SMALL_DEAL,
2024-12-31,Tron-o-matic 3 Pro,Atlanta_01,82.2,SMALL_DEAL,
2024-12-31,Tron-o-matic 3 Pro,Philadelphia_01,82.2,SMALL_DEAL,
2024-12-31,Tron-o-matic 4,Online_Store,67.39,SMALL_DEAL,
2024-12-31,Tron-o-matic 4,LosAngeles_01,67.39,SMALL_DEAL,
2024-12-31,Tron-o-matic 4,NewYork_01,67.39,SMALL_DEAL,
2024-12-31,Tron-o-matic 4,NewYork_02,67.39,SMALL_DEAL,
2024-12-31,Tron-o-matic 4,Chicago_01,67.39,SMALL_DEAL,
2024-12-31,Tron-o-matic 4,Dallas_01,67.39,SMALL_DEAL,
2024-12-31,Tron-o-matic 4,Houston_01,67.39,SMALL_DEAL,
2024-12-31,Tron-o-matic 4,WashingtonDC_01,67.39,SMALL_DEAL,
2024-12-31,Tron-o-matic 4,Atlanta_01,67.39,SMALL_DEAL,
2024-12-31,Tron-o-matic 4,Philadelphia_01,67.39,SMALL_DEAL,
2024-12-31,Tron-o-matic 4 Pro,Online_Store,91.76,SMALL_DEAL,
2024-12-31,Tron-o-matic 4 Pro,LosAngeles_01,91.76,SMALL_DEAL,
2024-12-31,Tron-o-matic 4 Pro,NewYork_01,91.76,SMALL_DEAL,
2024-12-31,Tron-o-matic 4 Pro,NewYork_02,91.76,SMALL_DEAL,
2024-12-31,Tron-o-matic 4 Pro,Chicago_01,91.76,SMALL_DEAL,
2024-12-31,Tron-o-matic 4 Pro,Dallas_01,91.76,SMALL_DEAL,
2024-12-31,Tron-o-matic 4 Pro,Houston_01,91.76,SMALL_DEAL,
2024-12-31,Tron-o-matic 4 Pro,WashingtonDC_01,91.76,SMALL_DEAL,
2024-12-31,Tron-o-matic 4 Pro,Atlanta_01,91.76,SMALL_DEAL,
2024-12-31,Tron-o-matic 4 Pro,Philadelphia_01,91.76,SMALL_DEAL,
2024-12-31,Tron-o-matic 5,Online_Store,73.99,SMALL_DEAL,
2024-12-31,Tron-o-matic 5,LosAngeles_01,73.99,SMALL_DEAL,
2024-12-31,Tron-o-matic 5,NewYork_01,73.99,SMALL_DEAL,
2024-12-31,Tron-o-matic 5,NewYork_02,73.99,SMALL_DEAL,
2024-12-31,Tron-o-matic 5,Chicago_01,73.99,SMALL_DEAL,
2024-12-31,Tron-o-matic 5,Dallas_01,73.99,SMALL_DEAL,
2024-12-31,Tron-o-matic 5,Houston_01,73.99,SMALL_DEAL,
2024-12-31,Tron-o-matic 5,WashingtonDC_01,73.99,SMALL_DEAL,
2024-12-31,Tron-o-matic 5,Atlanta_01,73.99,SMALL_DEAL,
2024-12-31,Tron-o-matic 5,Philadelphia_01,73.99,SMALL_DEAL,
2024-12-31,Tron-o-matic 5 Pro,Online_Store,110.0,None,
2024-12-31,Tron-o-matic 5 Pro,LosAngeles_01,110.0,None,
2024-12-31,Tron-o-matic 5 Pro,NewYork_01,110.0,None,
2024-12-31,Tron-o-matic 5 Pro,NewYork_02,110.0,None,
2024-12-31,Tron-o-matic 5 Pro,Chicago_01,110.0,None,
2024-12-31,Tron-o-matic 5 Pro,Dallas_01,110.0,None,
2024-12-31,Tron-o-matic 5 Pro,Houston_01,110.0,None,
2024-12-31,Tron-o-matic 5 Pro,WashingtonDC_01,110.0,None,
2024-12-31,Tron-o-matic 5 Pro,Atlanta_01,110.0,None,
2024-12-31,Tron-o-matic 5 Pro,Philadelphia_01,110.0,None,
