Product_ID,Store_ID,Date,p10,p50,p90,mean
Tron-o-matic 1 Pro,LosAngeles_01,2024-10-01,ERROR,ERROR,ERROR,ERROR
Tron-o-matic 1 Pro,LosAngeles_01,2024-10-02,ERROR,ERROR,ERROR,ERROR
Tron-o-matic 1 Pro,LosAngeles_01,2024-10-03,ERROR,ERROR,ERROR,ERROR
Tron-o-matic 1 Pro,LosAngeles_01,2024-10-04,ERROR,ERROR,ERROR,ERROR
Tron-o-matic 1 Pro,LosAngeles_01,2024-10-05,ERROR,ERROR,ERROR,ERROR
Tron-o-matic 1 Pro,LosAngeles_01,2024-10-06,ERROR,ERROR,ERROR,ERROR
Tron-o-matic 1 Pro,LosAngeles_01,2024-10-07,ERROR,ERROR,ERROR,ERROR
Tron-o-matic 1 Pro,LosAngeles_01,2024-10-08,ERROR,ERROR,ERROR,ERROR
Tron-o-matic 1 Pro,LosAngeles_01,2024-10-09,ERROR,ERROR,ERROR,ERROR
Tron-o-matic 1 Pro,LosAngeles_01,2024-10-10,ERROR,ERROR,ERROR,ERROR
Tron-o-matic 1 Pro,LosAngeles_01,2024-10-11,ERROR,ERROR,ERROR,ERROR
Tron-o-matic 1 Pro,LosAngeles_01,2024-10-12,ERROR,ERROR,ERROR,ERROR
Tron-o-matic 1 Pro,LosAngeles_01,2024-10-13,ERROR,ERROR,ERROR,ERROR
Tron-o-matic 1 Pro,LosAngeles_01,2024-10-14,ERROR,ERROR,ERROR,ERROR
Tron-o-matic 1 Pro,LosAngeles_01,2024-10-15,ERROR,ERROR,ERROR,ERROR
Tron-o-matic 1 Pro,LosAngeles_01,2024-10-16,ERROR,ERROR,ERROR,ERROR
Tron-o-matic 1 Pro,LosAngeles_01,2024-10-17,ERROR,ERROR,ERROR,ERROR
Tron-o-matic 1 Pro,LosAngeles_01,2024-10-18,ERROR,ERROR,ERROR,ERROR
Tron-o-matic 1 Pro,LosAngeles_01,2024-10-19,ERROR,ERROR,ERROR,ERROR
Tron-o-matic 1 Pro,LosAngeles_01,2024-10-20,ERROR,ERROR,ERROR,ERROR
Tron-o-matic 1 Pro,LosAngeles_01,2024-10-21,ERROR,ERROR,ERROR,ERROR
Tron-o-matic 1 Pro,LosAngeles_01,2024-10-22,ERROR,ERROR,ERROR,ERROR
Tron-o-matic 1 Pro,LosAngeles_01,2024-10-23,ERROR,ERROR,ERROR,ERROR
Tron-o-matic 1 Pro,LosAngeles_01,2024-10-24,ERROR,ERROR,ERROR,ERROR
Tron-o-matic 1 Pro,LosAngeles_01,2024-10-25,ERROR,ERROR,ERROR,ERROR
Tron-o-matic 1 Pro,LosAngeles_01,2024-10-26,ERROR,ERROR,ERROR,ERROR
Tron-o-matic 1 Pro,LosAngeles_01,2024-10-27,ERROR,ERROR,ERROR,ERROR
Tron-o-matic 1 Pro,LosAngeles_01,2024-10-28,ERROR,ERROR,ERROR,ERROR
Tron-o-matic 1 Pro,LosAngeles_01,2024-10-29,ERROR,ERROR,ERROR,ERROR
Tron-o-matic 1 Pro,LosAngeles_01,2024-10-30,ERROR,ERROR,ERROR,ERROR
Tron-o-matic 1 Pro,LosAngeles_01,2024-10-31,ERROR,ERROR,ERROR,ERROR
Tron-o-matic 1 Pro,LosAngeles_01,2024-11-01,ERROR,ERROR,ERROR,ERROR
Tron-o-matic 1 Pro,LosAngeles_01,2024-11-02,ERROR,ERROR,ERROR,ERROR
Tron-o-matic 1 Pro,LosAngeles_01,2024-11-03,ERROR,ERROR,ERROR,ERROR
Tron-o-matic 1 Pro,LosAngeles_01,2024-11-04,ERROR,ERROR,ERROR,ERROR
Tron-o-matic 1 Pro,LosAngeles_01,2024-11-05,ERROR,ERROR,ERROR,ERROR
Tron-o-matic 1 Pro,LosAngeles_01,2024-11-06,ERROR,ERROR,ERROR,ERROR
Tron-o-matic 1 Pro,LosAngeles_01,2024-11-07,ERROR,ERROR,ERROR,ERROR
Tron-o-matic 1 Pro,LosAngeles_01,2024-11-08,ERROR,ERROR,ERROR,ERROR
Tron-o-matic 1 Pro,LosAngeles_01,2024-11-09,ERROR,ERROR,ERROR,ERROR
Tron-o-matic 1 Pro,LosAngeles_01,2024-11-10,ERROR,ERROR,ERROR,ERROR
Tron-o-matic 1 Pro,LosAngeles_01,2024-11-11,ERROR,ERROR,ERROR,ERROR
Tron-o-matic 1 Pro,LosAngeles_01,2024-11-12,ERROR,ERROR,ERROR,ERROR
Tron-o-matic 1 Pro,LosAngeles_01,2024-11-13,ERROR,ERROR,ERROR,ERROR
Tron-o-matic 1 Pro,LosAngeles_01,2024-11-14,ERROR,ERROR,ERROR,ERROR
Tron-o-matic 1 Pro,LosAngeles_01,2024-11-15,ERROR,ERROR,ERROR,ERROR
Tron-o-matic 1 Pro,LosAngeles_01,2024-11-16,ERROR,ERROR,ERROR,ERROR
Tron-o-matic 1 Pro,LosAngeles_01,2024-11-17,ERROR,ERROR,ERROR,ERROR
Tron-o-matic 1 Pro,LosAngeles_01,2024-11-18,ERROR,ERROR,ERROR,ERROR
Tron-o-matic 1 Pro,LosAngeles_01,2024-11-19,ERROR,ERROR,ERROR,ERROR
Tron-o-matic 1 Pro,LosAngeles_01,2024-11-20,ERROR,ERROR,ERROR,ERROR
Tron-o-matic 1 Pro,LosAngeles_01,2024-11-21,ERROR,ERROR,ERROR,ERROR
Tron-o-matic 1 Pro,LosAngeles_01,2024-11-22,ERROR,ERROR,ERROR,ERROR
Tron-o-matic 1 Pro,LosAngeles_01,2024-11-23,ERROR,ERROR,ERROR,ERROR
Tron-o-matic 1 Pro,LosAngeles_01,2024-11-24,ERROR,ERROR,ERROR,ERROR
Tron-o-matic 1 Pro,LosAngeles_01,2024-11-25,ERROR,ERROR,ERROR,ERROR
Tron-o-matic 1 Pro,LosAngeles_01,2024-11-26,ERROR,ERROR,ERROR,ERROR
Tron-o-matic 1 Pro,LosAngeles_01,2024-11-27,ERROR,ERROR,ERROR,ERROR
Tron-o-matic 1 Pro,LosAngeles_01,2024-11-28,ERROR,ERROR,ERROR,ERROR
Tron-o-matic 1 Pro,LosAngeles_01,2024-11-29,ERROR,ERROR,ERROR,ERROR
Tron-o-matic 1 Pro,LosAngeles_01,2024-11-30,ERROR,ERROR,ERROR,ERROR
Tron-o-matic 1 Pro,LosAngeles_01,2024-12-01,ERROR,ERROR,ERROR,ERROR
Tron-o-matic 1 Pro,LosAngeles_01,2024-12-02,ERROR,ERROR,ERROR,ERROR
Tron-o-matic 1 Pro,LosAngeles_01,2024-12-03,ERROR,ERROR,ERROR,ERROR
Tron-o-matic 1 Pro,LosAngeles_01,2024-12-04,ERROR,ERROR,ERROR,ERROR
Tron-o-matic 1 Pro,LosAngeles_01,2024-12-05,ERROR,ERROR,ERROR,ERROR
Tron-o-matic 1 Pro,LosAngeles_01,2024-12-06,ERROR,ERROR,ERROR,ERROR
Tron-o-matic 1 Pro,LosAngeles_01,2024-12-07,ERROR,ERROR,ERROR,ERROR
Tron-o-matic 1 Pro,LosAngeles_01,2024-12-08,ERROR,ERROR,ERROR,ERROR
Tron-o-matic 1 Pro,LosAngeles_01,2024-12-09,ERROR,ERROR,ERROR,ERROR
Tron-o-matic 1 Pro,LosAngeles_01,2024-12-10,ERROR,ERROR,ERROR,ERROR
Tron-o-matic 1 Pro,LosAngeles_01,2024-12-11,ERROR,ERROR,ERROR,ERROR
Tron-o-matic 1 Pro,LosAngeles_01,2024-12-12,ERROR,ERROR,ERROR,ERROR
Tron-o-matic 1 Pro,LosAngeles_01,2024-12-13,ERROR,ERROR,ERROR,ERROR
Tron-o-matic 1 Pro,LosAngeles_01,2024-12-14,ERROR,ERROR,ERROR,ERROR
Tron-o-matic 1 Pro,LosAngeles_01,2024-12-15,ERROR,ERROR,ERROR,ERROR
Tron-o-matic 1 Pro,LosAngeles_01,2024-12-16,ERROR,ERROR,ERROR,ERROR
Tron-o-matic 1 Pro,LosAngeles_01,2024-12-17,ERROR,ERROR,ERROR,ERROR
Tron-o-matic 1 Pro,LosAngeles_01,2024-12-18,ERROR,ERROR,ERROR,ERROR
Tron-o-matic 1 Pro,LosAngeles_01,2024-12-19,ERROR,ERROR,ERROR,ERROR
Tron-o-matic 1 Pro,LosAngeles_01,2024-12-20,ERROR,ERROR,ERROR,ERROR
Tron-o-matic 1 Pro,LosAngeles_01,2024-12-21,ERROR,ERROR,ERROR,ERROR
Tron-o-matic 1 Pro,LosAngeles_01,2024-12-22,ERROR,ERROR,ERROR,ERROR
Tron-o-matic 1 Pro,LosAngeles_01,2024-12-23,ERROR,ERROR,ERROR,ERROR
Tron-o-matic 1 Pro,LosAngeles_01,2024-12-24,ERROR,ERROR,ERROR,ERROR
Tron-o-matic 1 Pro,LosAngeles_01,2024-12-25,ERROR,ERROR,ERROR,ERROR
Tron-o-matic 1 Pro,LosAngeles_01,2024-12-26,ERROR,ERROR,ERROR,ERROR
Tron-o-matic 1 Pro,LosAngeles_01,2024-12-27,ERROR,ERROR,ERROR,ERROR
Tron-o-matic 1 Pro,LosAngeles_01,2024-12-28,ERROR,ERROR,ERROR,ERROR
Tron-o-matic 1 Pro,LosAngeles_01,2024-12-29,ERROR,ERROR,ERROR,ERROR
Tron-o-matic 1 Pro,LosAngeles_01,2024-12-30,ERROR,ERROR,ERROR,ERROR
Tron-o-matic 1 Pro,LosAngeles_01,2024-12-31,ERROR,ERROR,ERROR,ERROR
Tron-o-matic 1 Pro,WashingtonDC_01,2024-10-01,ERROR,ERROR,ERROR,ERROR
Tron-o-matic 1 Pro,WashingtonDC_01,2024-10-02,ERROR,ERROR,ERROR,ERROR
Tron-o-matic 1 Pro,WashingtonDC_01,2024-10-03,ERROR,ERROR,ERROR,ERROR
Tron-o-matic 1 Pro,WashingtonDC_01,2024-10-04,ERROR,ERROR,ERROR,ERROR
Tron-o-matic 1 Pro,WashingtonDC_01,2024-10-05,ERROR,ERROR,ERROR,ERROR
Tron-o-matic 1 Pro,WashingtonDC_01,2024-10-06,ERROR,ERROR,ERROR,ERROR
Tron-o-matic 1 Pro,WashingtonDC_01,2024-10-07,ERROR,ERROR,ERROR,ERROR
Tron-o-matic 1 Pro,WashingtonDC_01,2024-10-08,ERROR,ERROR,ERROR,ERROR
Tron-o-matic 1 Pro,WashingtonDC_01,2024-10-09,ERROR,ERROR,ERROR,ERROR
Tron-o-matic 1 Pro,WashingtonDC_01,2024-10-10,ERROR,ERROR,ERROR,ERROR
Tron-o-matic 1 Pro,WashingtonDC_01,2024-10-11,ERROR,ERROR,ERROR,ERROR
Tron-o-matic 1 Pro,WashingtonDC_01,2024-10-12,ERROR,ERROR,ERROR,ERROR
Tron-o-matic 1 Pro,WashingtonDC_01,2024-10-13,ERROR,ERROR,ERROR,ERROR
Tron-o-matic 1 Pro,WashingtonDC_01,2024-10-14,ERROR,ERROR,ERROR,ERROR
Tron-o-matic 1 Pro,WashingtonDC_01,2024-10-15,ERROR,ERROR,ERROR,ERROR
Tron-o-matic 1 Pro,WashingtonDC_01,2024-10-16,ERROR,ERROR,ERROR,ERROR
Tron-o-matic 1 Pro,WashingtonDC_01,2024-10-17,ERROR,ERROR,ERROR,ERROR
Tron-o-matic 1 Pro,WashingtonDC_01,2024-10-18,ERROR,ERROR,ERROR,ERROR
Tron-o-matic 1 Pro,WashingtonDC_01,2024-10-19,ERROR,ERROR,ERROR,ERROR
Tron-o-matic 1 Pro,WashingtonDC_01,2024-10-20,ERROR,ERROR,ERROR,ERROR
Tron-o-matic 1 Pro,WashingtonDC_01,2024-10-21,ERROR,ERROR,ERROR,ERROR
Tron-o-matic 1 Pro,WashingtonDC_01,2024-10-22,ERROR,ERROR,ERROR,ERROR
Tron-o-matic 1 Pro,WashingtonDC_01,2024-10-23,ERROR,ERROR,ERROR,ERROR
Tron-o-matic 1 Pro,WashingtonDC_01,2024-10-24,ERROR,ERROR,ERROR,ERROR
Tron-o-matic 1 Pro,WashingtonDC_01,2024-10-25,ERROR,ERROR,ERROR,ERROR
Tron-o-matic 1 Pro,WashingtonDC_01,2024-10-26,ERROR,ERROR,ERROR,ERROR
Tron-o-matic 1 Pro,WashingtonDC_01,2024-10-27,ERROR,ERROR,ERROR,ERROR
Tron-o-matic 1 Pro,WashingtonDC_01,2024-10-28,ERROR,ERROR,ERROR,ERROR
Tron-o-matic 1 Pro,WashingtonDC_01,2024-10-29,ERROR,ERROR,ERROR,ERROR
Tron-o-matic 1 Pro,WashingtonDC_01,2024-10-30,ERROR,ERROR,ERROR,ERROR
Tron-o-matic 1 Pro,WashingtonDC_01,2024-10-31,ERROR,ERROR,ERROR,ERROR
Tron-o-matic 1 Pro,WashingtonDC_01,2024-11-01,ERROR,ERROR,ERROR,ERROR
Tron-o-matic 1 Pro,WashingtonDC_01,2024-11-02,ERROR,ERROR,ERROR,ERROR
Tron-o-matic 1 Pro,WashingtonDC_01,2024-11-03,ERROR,ERROR,ERROR,ERROR
Tron-o-matic 1 Pro,WashingtonDC_01,2024-11-04,ERROR,ERROR,ERROR,ERROR
Tron-o-matic 1 Pro,WashingtonDC_01,2024-11-05,ERROR,ERROR,ERROR,ERROR
Tron-o-matic 1 Pro,WashingtonDC_01,2024-11-06,ERROR,ERROR,ERROR,ERROR
Tron-o-matic 1 Pro,WashingtonDC_01,2024-11-07,ERROR,ERROR,ERROR,ERROR
Tron-o-matic 1 Pro,WashingtonDC_01,2024-11-08,ERROR,ERROR,ERROR,ERROR
Tron-o-matic 1 Pro,WashingtonDC_01,2024-11-09,ERROR,ERROR,ERROR,ERROR
Tron-o-matic 1 Pro,WashingtonDC_01,2024-11-10,ERROR,ERROR,ERROR,ERROR
Tron-o-matic 1 Pro,WashingtonDC_01,2024-11-11,ERROR,ERROR,ERROR,ERROR
Tron-o-matic 1 Pro,WashingtonDC_01,2024-11-12,ERROR,ERROR,ERROR,ERROR
Tron-o-matic 1 Pro,WashingtonDC_01,2024-11-13,ERROR,ERROR,ERROR,ERROR
Tron-o-matic 1 Pro,WashingtonDC_01,2024-11-14,ERROR,ERROR,ERROR,ERROR
Tron-o-matic 1 Pro,WashingtonDC_01,2024-11-15,ERROR,ERROR,ERROR,ERROR
Tron-o-matic 1 Pro,WashingtonDC_01,2024-11-16,ERROR,ERROR,ERROR,ERROR
Tron-o-matic 1 Pro,WashingtonDC_01,2024-11-17,ERROR,ERROR,ERROR,ERROR
Tron-o-matic 1 Pro,WashingtonDC_01,2024-11-18,ERROR,ERROR,ERROR,ERROR
Tron-o-matic 1 Pro,WashingtonDC_01,2024-11-19,ERROR,ERROR,ERROR,ERROR
Tron-o-matic 1 Pro,WashingtonDC_01,2024-11-20,ERROR,ERROR,ERROR,ERROR
Tron-o-matic 1 Pro,WashingtonDC_01,2024-11-21,ERROR,ERROR,ERROR,ERROR
Tron-o-matic 1 Pro,WashingtonDC_01,2024-11-22,ERROR,ERROR,ERROR,ERROR
Tron-o-matic 1 Pro,WashingtonDC_01,2024-11-23,ERROR,ERROR,ERROR,ERROR
Tron-o-matic 1 Pro,WashingtonDC_01,2024-11-24,ERROR,ERROR,ERROR,ERROR
Tron-o-matic 1 Pro,WashingtonDC_01,2024-11-25,ERROR,ERROR,ERROR,ERROR
Tron-o-matic 1 Pro,WashingtonDC_01,2024-11-26,ERROR,ERROR,ERROR,ERROR
Tron-o-matic 1 Pro,WashingtonDC_01,2024-11-27,ERROR,ERROR,ERROR,ERROR
Tron-o-matic 1 Pro,WashingtonDC_01,2024-11-28,ERROR,ERROR,ERROR,ERROR
Tron-o-matic 1 Pro,WashingtonDC_01,2024-11-29,ERROR,ERROR,ERROR,ERROR
Tron-o-matic 1 Pro,WashingtonDC_01,2024-11-30,ERROR,ERROR,ERROR,ERROR
Tron-o-matic 1 Pro,WashingtonDC_01,2024-12-01,ERROR,ERROR,ERROR,ERROR
Tron-o-matic 1 Pro,WashingtonDC_01,2024-12-02,ERROR,ERROR,ERROR,ERROR
Tron-o-matic 1 Pro,WashingtonDC_01,2024-12-03,ERROR,ERROR,ERROR,ERROR
Tron-o-matic 1 Pro,WashingtonDC_01,2024-12-04,ERROR,ERROR,ERROR,ERROR
Tron-o-matic 1 Pro,WashingtonDC_01,2024-12-05,ERROR,ERROR,ERROR,ERROR
Tron-o-matic 1 Pro,WashingtonDC_01,2024-12-06,ERROR,ERROR,ERROR,ERROR
Tron-o-matic 1 Pro,WashingtonDC_01,2024-12-07,ERROR,ERROR,ERROR,ERROR
Tron-o-matic 1 Pro,WashingtonDC_01,2024-12-08,ERROR,ERROR,ERROR,ERROR
Tron-o-matic 1 Pro,WashingtonDC_01,2024-12-09,ERROR,ERROR,ERROR,ERROR
Tron-o-matic 1 Pro,WashingtonDC_01,2024-12-10,ERROR,ERROR,ERROR,ERROR
Tron-o-matic 1 Pro,WashingtonDC_01,2024-12-11,ERROR,ERROR,ERROR,ERROR
Tron-o-matic 1 Pro,WashingtonDC_01,2024-12-12,ERROR,ERROR,ERROR,ERROR
Tron-o-matic 1 Pro,WashingtonDC_01,2024-12-13,ERROR,ERROR,ERROR,ERROR
Tron-o-matic 1 Pro,WashingtonDC_01,2024-12-14,ERROR,ERROR,ERROR,ERROR
Tron-o-matic 1 Pro,WashingtonDC_01,2024-12-15,ERROR,ERROR,ERROR,ERROR
Tron-o-matic 1 Pro,WashingtonDC_01,2024-12-16,ERROR,ERROR,ERROR,ERROR
Tron-o-matic 1 Pro,WashingtonDC_01,2024-12-17,ERROR,ERROR,ERROR,ERROR
Tron-o-matic 1 Pro,WashingtonDC_01,2024-12-18,ERROR,ERROR,ERROR,ERROR
Tron-o-matic 1 Pro,WashingtonDC_01,2024-12-19,ERROR,ERROR,ERROR,ERROR
Tron-o-matic 1 Pro,WashingtonDC_01,2024-12-20,ERROR,ERROR,ERROR,ERROR
Tron-o-matic 1 Pro,WashingtonDC_01,2024-12-21,ERROR,ERROR,ERROR,ERROR
Tron-o-matic 1 Pro,WashingtonDC_01,2024-12-22,ERROR,ERROR,ERROR,ERROR
Tron-o-matic 1 Pro,WashingtonDC_01,2024-12-23,ERROR,ERROR,ERROR,ERROR
Tron-o-matic 1 Pro,WashingtonDC_01,2024-12-24,ERROR,ERROR,ERROR,ERROR
Tron-o-matic 1 Pro,WashingtonDC_01,2024-12-25,ERROR,ERROR,ERROR,ERROR
Tron-o-matic 1 Pro,WashingtonDC_01,2024-12-26,ERROR,ERROR,ERROR,ERROR
Tron-o-matic 1 Pro,WashingtonDC_01,2024-12-27,ERROR,ERROR,ERROR,ERROR
Tron-o-matic 1 Pro,WashingtonDC_01,2024-12-28,ERROR,ERROR,ERROR,ERROR
Tron-o-matic 1 Pro,WashingtonDC_01,2024-12-29,ERROR,ERROR,ERROR,ERROR
Tron-o-matic 1 Pro,WashingtonDC_01,2024-12-30,ERROR,ERROR,ERROR,ERROR
Tron-o-matic 1 Pro,WashingtonDC_01,2024-12-31,ERROR,ERROR,ERROR,ERROR
Tron-o-matic 1 Pro,NewYork_01,2024-10-01,ERROR,ERROR,ERROR,ERROR
Tron-o-matic 1 Pro,NewYork_01,2024-10-02,ERROR,ERROR,ERROR,ERROR
Tron-o-matic 1 Pro,NewYork_01,2024-10-03,ERROR,ERROR,ERROR,ERROR
Tron-o-matic 1 Pro,NewYork_01,2024-10-04,ERROR,ERROR,ERROR,ERROR
Tron-o-matic 1 Pro,NewYork_01,2024-10-05,ERROR,ERROR,ERROR,ERROR
Tron-o-matic 1 Pro,NewYork_01,2024-10-06,ERROR,ERROR,ERROR,ERROR
Tron-o-matic 1 Pro,NewYork_01,2024-10-07,ERROR,ERROR,ERROR,ERROR
Tron-o-matic 1 Pro,NewYork_01,2024-10-08,ERROR,ERROR,ERROR,ERROR
Tron-o-matic 1 Pro,NewYork_01,2024-10-09,ERROR,ERROR,ERROR,ERROR
Tron-o-matic 1 Pro,NewYork_01,2024-10-10,ERROR,ERROR,ERROR,ERROR
Tron-o-matic 1 Pro,NewYork_01,2024-10-11,ERROR,ERROR,ERROR,ERROR
Tron-o-matic 1 Pro,NewYork_01,2024-10-12,ERROR,ERROR,ERROR,ERROR
Tron-o-matic 1 Pro,NewYork_01,2024-10-13,ERROR,ERROR,ERROR,ERROR
Tron-o-matic 1 Pro,NewYork_01,2024-10-14,ERROR,ERROR,ERROR,ERROR
Tron-o-matic 1 Pro,NewYork_01,2024-10-15,ERROR,ERROR,ERROR,ERROR
Tron-o-matic 1 Pro,NewYork_01,2024-10-16,ERROR,ERROR,ERROR,ERROR
Tron-o-matic 1 Pro,NewYork_01,2024-10-17,ERROR,ERROR,ERROR,ERROR
Tron-o-matic 1 Pro,NewYork_01,2024-10-18,ERROR,ERROR,ERROR,ERROR
Tron-o-matic 1 Pro,NewYork_01,2024-10-19,ERROR,ERROR,ERROR,ERROR
Tron-o-matic 1 Pro,NewYork_01,2024-10-20,ERROR,ERROR,ERROR,ERROR
Tron-o-matic 1 Pro,NewYork_01,2024-10-21,ERROR,ERROR,ERROR,ERROR
Tron-o-matic 1 Pro,NewYork_01,2024-10-22,ERROR,ERROR,ERROR,ERROR
Tron-o-matic 1 Pro,NewYork_01,2024-10-23,ERROR,ERROR,ERROR,ERROR
Tron-o-matic 1 Pro,NewYork_01,2024-10-24,ERROR,ERROR,ERROR,ERROR
Tron-o-matic 1 Pro,NewYork_01,2024-10-25,ERROR,ERROR,ERROR,ERROR
Tron-o-matic 1 Pro,NewYork_01,2024-10-26,ERROR,ERROR,ERROR,ERROR
Tron-o-matic 1 Pro,NewYork_01,2024-10-27,ERROR,ERROR,ERROR,ERROR
Tron-o-matic 1 Pro,NewYork_01,2024-10-28,ERROR,ERROR,ERROR,ERROR
Tron-o-matic 1 Pro,NewYork_01,2024-10-29,ERROR,ERROR,ERROR,ERROR
Tron-o-matic 1 Pro,NewYork_01,2024-10-30,ERROR,ERROR,ERROR,ERROR
Tron-o-matic 1 Pro,NewYork_01,2024-10-31,ERROR,ERROR,ERROR,ERROR
Tron-o-matic 1 Pro,NewYork_01,2024-11-01,ERROR,ERROR,ERROR,ERROR
Tron-o-matic 1 Pro,NewYork_01,2024-11-02,ERROR,ERROR,ERROR,ERROR
Tron-o-matic 1 Pro,NewYork_01,2024-11-03,ERROR,ERROR,ERROR,ERROR
Tron-o-matic 1 Pro,NewYork_01,2024-11-04,ERROR,ERROR,ERROR,ERROR
Tron-o-matic 1 Pro,NewYork_01,2024-11-05,ERROR,ERROR,ERROR,ERROR
Tron-o-matic 1 Pro,NewYork_01,2024-11-06,ERROR,ERROR,ERROR,ERROR
Tron-o-matic 1 Pro,NewYork_01,2024-11-07,ERROR,ERROR,ERROR,ERROR
Tron-o-matic 1 Pro,NewYork_01,2024-11-08,ERROR,ERROR,ERROR,ERROR
Tron-o-matic 1 Pro,NewYork_01,2024-11-09,ERROR,ERROR,ERROR,ERROR
Tron-o-matic 1 Pro,NewYork_01,2024-11-10,ERROR,ERROR,ERROR,ERROR
Tron-o-matic 1 Pro,NewYork_01,2024-11-11,ERROR,ERROR,ERROR,ERROR
Tron-o-matic 1 Pro,NewYork_01,2024-11-12,ERROR,ERROR,ERROR,ERROR
Tron-o-matic 1 Pro,NewYork_01,2024-11-13,ERROR,ERROR,ERROR,ERROR
Tron-o-matic 1 Pro,NewYork_01,2024-11-14,ERROR,ERROR,ERROR,ERROR
Tron-o-matic 1 Pro,NewYork_01,2024-11-15,ERROR,ERROR,ERROR,ERROR
Tron-o-matic 1 Pro,NewYork_01,2024-11-16,ERROR,ERROR,ERROR,ERROR
Tron-o-matic 1 Pro,NewYork_01,2024-11-17,ERROR,ERROR,ERROR,ERROR
Tron-o-matic 1 Pro,NewYork_01,2024-11-18,ERROR,ERROR,ERROR,ERROR
Tron-o-matic 1 Pro,NewYork_01,2024-11-19,ERROR,ERROR,ERROR,ERROR
Tron-o-matic 1 Pro,NewYork_01,2024-11-20,ERROR,ERROR,ERROR,ERROR
Tron-o-matic 1 Pro,NewYork_01,2024-11-21,ERROR,ERROR,ERROR,ERROR
Tron-o-matic 1 Pro,NewYork_01,2024-11-22,ERROR,ERROR,ERROR,ERROR
Tron-o-matic 1 Pro,NewYork_01,2024-11-23,ERROR,ERROR,ERROR,ERROR
Tron-o-matic 1 Pro,NewYork_01,2024-11-24,ERROR,ERROR,ERROR,ERROR
Tron-o-matic 1 Pro,NewYork_01,2024-11-25,ERROR,ERROR,ERROR,ERROR
Tron-o-matic 1 Pro,NewYork_01,2024-11-26,ERROR,ERROR,ERROR,ERROR
Tron-o-matic 1 Pro,NewYork_01,2024-11-27,ERROR,ERROR,ERROR,ERROR
Tron-o-matic 1 Pro,NewYork_01,2024-11-28,ERROR,ERROR,ERROR,ERROR
Tron-o-matic 1 Pro,NewYork_01,2024-11-29,ERROR,ERROR,ERROR,ERROR
Tron-o-matic 1 Pro,NewYork_01,2024-11-30,ERROR,ERROR,ERROR,ERROR
Tron-o-matic 1 Pro,NewYork_01,2024-12-01,ERROR,ERROR,ERROR,ERROR
Tron-o-matic 1 Pro,NewYork_01,2024-12-02,ERROR,ERROR,ERROR,ERROR
Tron-o-matic 1 Pro,NewYork_01,2024-12-03,ERROR,ERROR,ERROR,ERROR
Tron-o-matic 1 Pro,NewYork_01,2024-12-04,ERROR,ERROR,ERROR,ERROR
Tron-o-matic 1 Pro,NewYork_01,2024-12-05,ERROR,ERROR,ERROR,ERROR
Tron-o-matic 1 Pro,NewYork_01,2024-12-06,ERROR,ERROR,ERROR,ERROR
Tron-o-matic 1 Pro,NewYork_01,2024-12-07,ERROR,ERROR,ERROR,ERROR
Tron-o-matic 1 Pro,NewYork_01,2024-12-08,ERROR,ERROR,ERROR,ERROR
Tron-o-matic 1 Pro,NewYork_01,2024-12-09,ERROR,ERROR,ERROR,ERROR
Tron-o-matic 1 Pro,NewYork_01,2024-12-10,ERROR,ERROR,ERROR,ERROR
Tron-o-matic 1 Pro,NewYork_01,2024-12-11,ERROR,ERROR,ERROR,ERROR
Tron-o-matic 1 Pro,NewYork_01,2024-12-12,ERROR,ERROR,ERROR,ERROR
Tron-o-matic 1 Pro,NewYork_01,2024-12-13,ERROR,ERROR,ERROR,ERROR
Tron-o-matic 1 Pro,NewYork_01,2024-12-14,ERROR,ERROR,ERROR,ERROR
Tron-o-matic 1 Pro,NewYork_01,2024-12-15,ERROR,ERROR,ERROR,ERROR
Tron-o-matic 1 Pro,NewYork_01,2024-12-16,ERROR,ERROR,ERROR,ERROR
Tron-o-matic 1 Pro,NewYork_01,2024-12-17,ERROR,ERROR,ERROR,ERROR
Tron-o-matic 1 Pro,NewYork_01,2024-12-18,ERROR,ERROR,ERROR,ERROR
Tron-o-matic 1 Pro,NewYork_01,2024-12-19,ERROR,ERROR,ERROR,ERROR
Tron-o-matic 1 Pro,NewYork_01,2024-12-20,ERROR,ERROR,ERROR,ERROR
Tron-o-matic 1 Pro,NewYork_01,2024-12-21,ERROR,ERROR,ERROR,ERROR
Tron-o-matic 1 Pro,NewYork_01,2024-12-22,ERROR,ERROR,ERROR,ERROR
Tron-o-matic 1 Pro,NewYork_01,2024-12-23,ERROR,ERROR,ERROR,ERROR
Tron-o-matic 1 Pro,NewYork_01,2024-12-24,ERROR,ERROR,ERROR,ERROR
Tron-o-matic 1 Pro,NewYork_01,2024-12-25,ERROR,ERROR,ERROR,ERROR
Tron-o-matic 1 Pro,NewYork_01,2024-12-26,ERROR,ERROR,ERROR,ERROR
Tron-o-matic 1 Pro,NewYork_01,2024-12-27,ERROR,ERROR,ERROR,ERROR
Tron-o-matic 1 Pro,NewYork_01,2024-12-28,ERROR,ERROR,ERROR,ERROR
Tron-o-matic 1 Pro,NewYork_01,2024-12-29,ERROR,ERROR,ERROR,ERROR
Tron-o-matic 1 Pro,NewYork_01,2024-12-30,ERROR,ERROR,ERROR,ERROR
Tron-o-matic 1 Pro,NewYork_01,2024-12-31,ERROR,ERROR,ERROR,ERROR
Tron-o-matic 1 Pro,Houston_01,2024-10-01,ERROR,ERROR,ERROR,ERROR
Tron-o-matic 1 Pro,Houston_01,2024-10-02,ERROR,ERROR,ERROR,ERROR
Tron-o-matic 1 Pro,Houston_01,2024-10-03,ERROR,ERROR,ERROR,ERROR
Tron-o-matic 1 Pro,Houston_01,2024-10-04,ERROR,ERROR,ERROR,ERROR
Tron-o-matic 1 Pro,Houston_01,2024-10-05,ERROR,ERROR,ERROR,ERROR
Tron-o-matic 1 Pro,Houston_01,2024-10-06,ERROR,ERROR,ERROR,ERROR
Tron-o-matic 1 Pro,Houston_01,2024-10-07,ERROR,ERROR,ERROR,ERROR
Tron-o-matic 1 Pro,Houston_01,2024-10-08,ERROR,ERROR,ERROR,ERROR
Tron-o-matic 1 Pro,Houston_01,2024-10-09,ERROR,ERROR,ERROR,ERROR
Tron-o-matic 1 Pro,Houston_01,2024-10-10,ERROR,ERROR,ERROR,ERROR
Tron-o-matic 1 Pro,Houston_01,2024-10-11,ERROR,ERROR,ERROR,ERROR
Tron-o-matic 1 Pro,Houston_01,2024-10-12,ERROR,ERROR,ERROR,ERROR
Tron-o-matic 1 Pro,Houston_01,2024-10-13,ERROR,ERROR,ERROR,ERROR
Tron-o-matic 1 Pro,Houston_01,2024-10-14,ERROR,ERROR,ERROR,ERROR
Tron-o-matic 1 Pro,Houston_01,2024-10-15,ERROR,ERROR,ERROR,ERROR
Tron-o-matic 1 Pro,Houston_01,2024-10-16,ERROR,ERROR,ERROR,ERROR
Tron-o-matic 1 Pro,Houston_01,2024-10-17,ERROR,ERROR,ERROR,ERROR
Tron-o-matic 1 Pro,Houston_01,2024-10-18,ERROR,ERROR,ERROR,ERROR
Tron-o-matic 1 Pro,Houston_01,2024-10-19,ERROR,ERROR,ERROR,ERROR
Tron-o-matic 1 Pro,Houston_01,2024-10-20,ERROR,ERROR,ERROR,ERROR
Tron-o-matic 1 Pro,Houston_01,2024-10-21,ERROR,ERROR,ERROR,ERROR
Tron-o-matic 1 Pro,Houston_01,2024-10-22,ERROR,ERROR,ERROR,ERROR
Tron-o-matic 1 Pro,Houston_01,2024-10-23,ERROR,ERROR,ERROR,ERROR
Tron-o-matic 1 Pro,Houston_01,2024-10-24,ERROR,ERROR,ERROR,ERROR
Tron-o-matic 1 Pro,Houston_01,2024-10-25,ERROR,ERROR,ERROR,ERROR
Tron-o-matic 1 Pro,Houston_01,2024-10-26,ERROR,ERROR,ERROR,ERROR
Tron-o-matic 1 Pro,Houston_01,2024-10-27,ERROR,ERROR,ERROR,ERROR
Tron-o-matic 1 Pro,Houston_01,2024-10-28,ERROR,ERROR,ERROR,ERROR
Tron-o-matic 1 Pro,Houston_01,2024-10-29,ERROR,ERROR,ERROR,ERROR
Tron-o-matic 1 Pro,Houston_01,2024-10-30,ERROR,ERROR,ERROR,ERROR
Tron-o-matic 1 Pro,Houston_01,2024-10-31,ERROR,ERROR,ERROR,ERROR
Tron-o-matic 1 Pro,Houston_01,2024-11-01,ERROR,ERROR,ERROR,ERROR
Tron-o-matic 1 Pro,Houston_01,2024-11-02,ERROR,ERROR,ERROR,ERROR
Tron-o-matic 1 Pro,Houston_01,2024-11-03,ERROR,ERROR,ERROR,ERROR
Tron-o-matic 1 Pro,Houston_01,2024-11-04,ERROR,ERROR,ERROR,ERROR
Tron-o-matic 1 Pro,Houston_01,2024-11-05,ERROR,ERROR,ERROR,ERROR
Tron-o-matic 1 Pro,Houston_01,2024-11-06,ERROR,ERROR,ERROR,ERROR
Tron-o-matic 1 Pro,Houston_01,2024-11-07,ERROR,ERROR,ERROR,ERROR
Tron-o-matic 1 Pro,Houston_01,2024-11-08,ERROR,ERROR,ERROR,ERROR
Tron-o-matic 1 Pro,Houston_01,2024-11-09,ERROR,ERROR,ERROR,ERROR
Tron-o-matic 1 Pro,Houston_01,2024-11-10,ERROR,ERROR,ERROR,ERROR
Tron-o-matic 1 Pro,Houston_01,2024-11-11,ERROR,ERROR,ERROR,ERROR
Tron-o-matic 1 Pro,Houston_01,2024-11-12,ERROR,ERROR,ERROR,ERROR
Tron-o-matic 1 Pro,Houston_01,2024-11-13,ERROR,ERROR,ERROR,ERROR
Tron-o-matic 1 Pro,Houston_01,2024-11-14,ERROR,ERROR,ERROR,ERROR
Tron-o-matic 1 Pro,Houston_01,2024-11-15,ERROR,ERROR,ERROR,ERROR
Tron-o-matic 1 Pro,Houston_01,2024-11-16,ERROR,ERROR,ERROR,ERROR
Tron-o-matic 1 Pro,Houston_01,2024-11-17,ERROR,ERROR,ERROR,ERROR
Tron-o-matic 1 Pro,Houston_01,2024-11-18,ERROR,ERROR,ERROR,ERROR
Tron-o-matic 1 Pro,Houston_01,2024-11-19,ERROR,ERROR,ERROR,ERROR
Tron-o-matic 1 Pro,Houston_01,2024-11-20,ERROR,ERROR,ERROR,ERROR
Tron-o-matic 1 Pro,Houston_01,2024-11-21,ERROR,ERROR,ERROR,ERROR
Tron-o-matic 1 Pro,Houston_01,2024-11-22,ERROR,ERROR,ERROR,ERROR
Tron-o-matic 1 Pro,Houston_01,2024-11-23,ERROR,ERROR,ERROR,ERROR
Tron-o-matic 1 Pro,Houston_01,2024-11-24,ERROR,ERROR,ERROR,ERROR
Tron-o-matic 1 Pro,Houston_01,2024-11-25,ERROR,ERROR,ERROR,ERROR
Tron-o-matic 1 Pro,Houston_01,2024-11-26,ERROR,ERROR,ERROR,ERROR
Tron-o-matic 1 Pro,Houston_01,2024-11-27,ERROR,ERROR,ERROR,ERROR
Tron-o-matic 1 Pro,Houston_01,2024-11-28,ERROR,ERROR,ERROR,ERROR
Tron-o-matic 1 Pro,Houston_01,2024-11-29,ERROR,ERROR,ERROR,ERROR
Tron-o-matic 1 Pro,Houston_01,2024-11-30,ERROR,ERROR,ERROR,ERROR
Tron-o-matic 1 Pro,Houston_01,2024-12-01,ERROR,ERROR,ERROR,ERROR
Tron-o-matic 1 Pro,Houston_01,2024-12-02,ERROR,ERROR,ERROR,ERROR
Tron-o-matic 1 Pro,Houston_01,2024-12-03,ERROR,ERROR,ERROR,ERROR
Tron-o-matic 1 Pro,Houston_01,2024-12-04,ERROR,ERROR,ERROR,ERROR
Tron-o-matic 1 Pro,Houston_01,2024-12-05,ERROR,ERROR,ERROR,ERROR
Tron-o-matic 1 Pro,Houston_01,2024-12-06,ERROR,ERROR,ERROR,ERROR
Tron-o-matic 1 Pro,Houston_01,2024-12-07,ERROR,ERROR,ERROR,ERROR
Tron-o-matic 1 Pro,Houston_01,2024-12-08,ERROR,ERROR,ERROR,ERROR
Tron-o-matic 1 Pro,Houston_01,2024-12-09,ERROR,ERROR,ERROR,ERROR
Tron-o-matic 1 Pro,Houston_01,2024-12-10,ERROR,ERROR,ERROR,ERROR
Tron-o-matic 1 Pro,Houston_01,2024-12-11,ERROR,ERROR,ERROR,ERROR
Tron-o-matic 1 Pro,Houston_01,2024-12-12,ERROR,ERROR,ERROR,ERROR
Tron-o-matic 1 Pro,Houston_01,2024-12-13,ERROR,ERROR,ERROR,ERROR
Tron-o-matic 1 Pro,Houston_01,2024-12-14,ERROR,ERROR,ERROR,ERROR
Tron-o-matic 1 Pro,Houston_01,2024-12-15,ERROR,ERROR,ERROR,ERROR
Tron-o-matic 1 Pro,Houston_01,2024-12-16,ERROR,ERROR,ERROR,ERROR
Tron-o-matic 1 Pro,Houston_01,2024-12-17,ERROR,ERROR,ERROR,ERROR
Tron-o-matic 1 Pro,Houston_01,2024-12-18,ERROR,ERROR,ERROR,ERROR
Tron-o-matic 1 Pro,Houston_01,2024-12-19,ERROR,ERROR,ERROR,ERROR
Tron-o-matic 1 Pro,Houston_01,2024-12-20,ERROR,ERROR,ERROR,ERROR
Tron-o-matic 1 Pro,Houston_01,2024-12-21,ERROR,ERROR,ERROR,ERROR
Tron-o-matic 1 Pro,Houston_01,2024-12-22,ERROR,ERROR,ERROR,ERROR
Tron-o-matic 1 Pro,Houston_01,2024-12-23,ERROR,ERROR,ERROR,ERROR
Tron-o-matic 1 Pro,Houston_01,2024-12-24,ERROR,ERROR,ERROR,ERROR
Tron-o-matic 1 Pro,Houston_01,2024-12-25,ERROR,ERROR,ERROR,ERROR
Tron-o-matic 1 Pro,Houston_01,2024-12-26,ERROR,ERROR,ERROR,ERROR
Tron-o-matic 1 Pro,Houston_01,2024-12-27,ERROR,ERROR,ERROR,ERROR
Tron-o-matic 1 Pro,Houston_01,2024-12-28,ERROR,ERROR,ERROR,ERROR
Tron-o-matic 1 Pro,Houston_01,2024-12-29,ERROR,ERROR,ERROR,ERROR
Tron-o-matic 1 Pro,Houston_01,2024-12-30,ERROR,ERROR,ERROR,ERROR
Tron-o-matic 1 Pro,Houston_01,2024-12-31,ERROR,ERROR,ERROR,ERROR
Tron-o-matic 1 Pro,NewYork_02,2024-10-01,ERROR,ERROR,ERROR,ERROR
Tron-o-matic 1 Pro,NewYork_02,2024-10-02,ERROR,ERROR,ERROR,ERROR
Tron-o-matic 1 Pro,NewYork_02,2024-10-03,ERROR,ERROR,ERROR,ERROR
Tron-o-matic 1 Pro,NewYork_02,2024-10-04,ERROR,ERROR,ERROR,ERROR
Tron-o-matic 1 Pro,NewYork_02,2024-10-05,ERROR,ERROR,ERROR,ERROR
Tron-o-matic 1 Pro,NewYork_02,2024-10-06,ERROR,ERROR,ERROR,ERROR
Tron-o-matic 1 Pro,NewYork_02,2024-10-07,ERROR,ERROR,ERROR,ERROR
Tron-o-matic 1 Pro,NewYork_02,2024-10-08,ERROR,ERROR,ERROR,ERROR
Tron-o-matic 1 Pro,NewYork_02,2024-10-09,ERROR,ERROR,ERROR,ERROR
Tron-o-matic 1 Pro,NewYork_02,2024-10-10,ERROR,ERROR,ERROR,ERROR
Tron-o-matic 1 Pro,NewYork_02,2024-10-11,ERROR,ERROR,ERROR,ERROR
Tron-o-matic 1 Pro,NewYork_02,2024-10-12,ERROR,ERROR,ERROR,ERROR
Tron-o-matic 1 Pro,NewYork_02,2024-10-13,ERROR,ERROR,ERROR,ERROR
Tron-o-matic 1 Pro,NewYork_02,2024-10-14,ERROR,ERROR,ERROR,ERROR
Tron-o-matic 1 Pro,NewYork_02,2024-10-15,ERROR,ERROR,ERROR,ERROR
Tron-o-matic 1 Pro,NewYork_02,2024-10-16,ERROR,ERROR,ERROR,ERROR
Tron-o-matic 1 Pro,NewYork_02,2024-10-17,ERROR,ERROR,ERROR,ERROR
Tron-o-matic 1 Pro,NewYork_02,2024-10-18,ERROR,ERROR,ERROR,ERROR
Tron-o-matic 1 Pro,NewYork_02,2024-10-19,ERROR,ERROR,ERROR,ERROR
Tron-o-matic 1 Pro,NewYork_02,2024-10-20,ERROR,ERROR,ERROR,ERROR
Tron-o-matic 1 Pro,NewYork_02,2024-10-21,ERROR,ERROR,ERROR,ERROR
Tron-o-matic 1 Pro,NewYork_02,2024-10-22,ERROR,ERROR,ERROR,ERROR
Tron-o-matic 1 Pro,NewYork_02,2024-10-23,ERROR,ERROR,ERROR,ERROR
Tron-o-matic 1 Pro,NewYork_02,2024-10-24,ERROR,ERROR,ERROR,ERROR
Tron-o-matic 1 Pro,NewYork_02,2024-10-25,ERROR,ERROR,ERROR,ERROR
Tron-o-matic 1 Pro,NewYork_02,2024-10-26,ERROR,ERROR,ERROR,ERROR
Tron-o-matic 1 Pro,NewYork_02,2024-10-27,ERROR,ERROR,ERROR,ERROR
Tron-o-matic 1 Pro,NewYork_02,2024-10-28,ERROR,ERROR,ERROR,ERROR
Tron-o-matic 1 Pro,NewYork_02,2024-10-29,ERROR,ERROR,ERROR,ERROR
Tron-o-matic 1 Pro,NewYork_02,2024-10-30,ERROR,ERROR,ERROR,ERROR
Tron-o-matic 1 Pro,NewYork_02,2024-10-31,ERROR,ERROR,ERROR,ERROR
Tron-o-matic 1 Pro,NewYork_02,2024-11-01,ERROR,ERROR,ERROR,ERROR
Tron-o-matic 1 Pro,NewYork_02,2024-11-02,ERROR,ERROR,ERROR,ERROR
Tron-o-matic 1 Pro,NewYork_02,2024-11-03,ERROR,ERROR,ERROR,ERROR
Tron-o-matic 1 Pro,NewYork_02,2024-11-04,ERROR,ERROR,ERROR,ERROR
Tron-o-matic 1 Pro,NewYork_02,2024-11-05,ERROR,ERROR,ERROR,ERROR
Tron-o-matic 1 Pro,NewYork_02,2024-11-06,ERROR,ERROR,ERROR,ERROR
Tron-o-matic 1 Pro,NewYork_02,2024-11-07,ERROR,ERROR,ERROR,ERROR
Tron-o-matic 1 Pro,NewYork_02,2024-11-08,ERROR,ERROR,ERROR,ERROR
Tron-o-matic 1 Pro,NewYork_02,2024-11-09,ERROR,ERROR,ERROR,ERROR
Tron-o-matic 1 Pro,NewYork_02,2024-11-10,ERROR,ERROR,ERROR,ERROR
Tron-o-matic 1 Pro,NewYork_02,2024-11-11,ERROR,ERROR,ERROR,ERROR
Tron-o-matic 1 Pro,NewYork_02,2024-11-12,ERROR,ERROR,ERROR,ERROR
Tron-o-matic 1 Pro,NewYork_02,2024-11-13,ERROR,ERROR,ERROR,ERROR
Tron-o-matic 1 Pro,NewYork_02,2024-11-14,ERROR,ERROR,ERROR,ERROR
Tron-o-matic 1 Pro,NewYork_02,2024-11-15,ERROR,ERROR,ERROR,ERROR
Tron-o-matic 1 Pro,NewYork_02,2024-11-16,ERROR,ERROR,ERROR,ERROR
Tron-o-matic 1 Pro,NewYork_02,2024-11-17,ERROR,ERROR,ERROR,ERROR
Tron-o-matic 1 Pro,NewYork_02,2024-11-18,ERROR,ERROR,ERROR,ERROR
Tron-o-matic 1 Pro,NewYork_02,2024-11-19,ERROR,ERROR,ERROR,ERROR
Tron-o-matic 1 Pro,NewYork_02,2024-11-20,ERROR,ERROR,ERROR,ERROR
Tron-o-matic 1 Pro,NewYork_02,2024-11-21,ERROR,ERROR,ERROR,ERROR
Tron-o-matic 1 Pro,NewYork_02,2024-11-22,ERROR,ERROR,ERROR,ERROR
Tron-o-matic 1 Pro,NewYork_02,2024-11-23,ERROR,ERROR,ERROR,ERROR
Tron-o-matic 1 Pro,NewYork_02,2024-11-24,ERROR,ERROR,ERROR,ERROR
Tron-o-matic 1 Pro,NewYork_02,2024-11-25,ERROR,ERROR,ERROR,ERROR
Tron-o-matic 1 Pro,NewYork_02,2024-11-26,ERROR,ERROR,ERROR,ERROR
Tron-o-matic 1 Pro,NewYork_02,2024-11-27,ERROR,ERROR,ERROR,ERROR
Tron-o-matic 1 Pro,NewYork_02,2024-11-28,ERROR,ERROR,ERROR,ERROR
Tron-o-matic 1 Pro,NewYork_02,2024-11-29,ERROR,ERROR,ERROR,ERROR
Tron-o-matic 1 Pro,NewYork_02,2024-11-30,ERROR,ERROR,ERROR,ERROR
Tron-o-matic 1 Pro,NewYork_02,2024-12-01,ERROR,ERROR,ERROR,ERROR
Tron-o-matic 1 Pro,NewYork_02,2024-12-02,ERROR,ERROR,ERROR,ERROR
Tron-o-matic 1 Pro,NewYork_02,2024-12-03,ERROR,ERROR,ERROR,ERROR
Tron-o-matic 1 Pro,NewYork_02,2024-12-04,ERROR,ERROR,ERROR,ERROR
Tron-o-matic 1 Pro,NewYork_02,2024-12-05,ERROR,ERROR,ERROR,ERROR
Tron-o-matic 1 Pro,NewYork_02,2024-12-06,ERROR,ERROR,ERROR,ERROR
Tron-o-matic 1 Pro,NewYork_02,2024-12-07,ERROR,ERROR,ERROR,ERROR
Tron-o-matic 1 Pro,NewYork_02,2024-12-08,ERROR,ERROR,ERROR,ERROR
Tron-o-matic 1 Pro,NewYork_02,2024-12-09,ERROR,ERROR,ERROR,ERROR
Tron-o-matic 1 Pro,NewYork_02,2024-12-10,ERROR,ERROR,ERROR,ERROR
Tron-o-matic 1 Pro,NewYork_02,2024-12-11,ERROR,ERROR,ERROR,ERROR
Tron-o-matic 1 Pro,NewYork_02,2024-12-12,ERROR,ERROR,ERROR,ERROR
Tron-o-matic 1 Pro,NewYork_02,2024-12-13,ERROR,ERROR,ERROR,ERROR
Tron-o-matic 1 Pro,NewYork_02,2024-12-14,ERROR,ERROR,ERROR,ERROR
Tron-o-matic 1 Pro,NewYork_02,2024-12-15,ERROR,ERROR,ERROR,ERROR
Tron-o-matic 1 Pro,NewYork_02,2024-12-16,ERROR,ERROR,ERROR,ERROR
Tron-o-matic 1 Pro,NewYork_02,2024-12-17,ERROR,ERROR,ERROR,ERROR
Tron-o-matic 1 Pro,NewYork_02,2024-12-18,ERROR,ERROR,ERROR,ERROR
Tron-o-matic 1 Pro,NewYork_02,2024-12-19,ERROR,ERROR,ERROR,ERROR
Tron-o-matic 1 Pro,NewYork_02,2024-12-20,ERROR,ERROR,ERROR,ERROR
Tron-o-matic 1 Pro,NewYork_02,2024-12-21,ERROR,ERROR,ERROR,ERROR
Tron-o-matic 1 Pro,NewYork_02,2024-12-22,ERROR,ERROR,ERROR,ERROR
Tron-o-matic 1 Pro,NewYork_02,2024-12-23,ERROR,ERROR,ERROR,ERROR
Tron-o-matic 1 Pro,NewYork_02,2024-12-24,ERROR,ERROR,ERROR,ERROR
Tron-o-matic 1 Pro,NewYork_02,2024-12-25,ERROR,ERROR,ERROR,ERROR
Tron-o-matic 1 Pro,NewYork_02,2024-12-26,ERROR,ERROR,ERROR,ERROR
Tron-o-matic 1 Pro,NewYork_02,2024-12-27,ERROR,ERROR,ERROR,ERROR
Tron-o-matic 1 Pro,NewYork_02,2024-12-28,ERROR,ERROR,ERROR,ERROR
Tron-o-matic 1 Pro,NewYork_02,2024-12-29,ERROR,ERROR,ERROR,ERROR
Tron-o-matic 1 Pro,NewYork_02,2024-12-30,ERROR,ERROR,ERROR,ERROR
Tron-o-matic 1 Pro,NewYork_02,2024-12-31,ERROR,ERROR,ERROR,ERROR
Tron-o-matic 1 Pro,Dallas_01,2024-10-01,ERROR,ERROR,ERROR,ERROR
Tron-o-matic 1 Pro,Dallas_01,2024-10-02,ERROR,ERROR,ERROR,ERROR
Tron-o-matic 1 Pro,Dallas_01,2024-10-03,ERROR,ERROR,ERROR,ERROR
Tron-o-matic 1 Pro,Dallas_01,2024-10-04,ERROR,ERROR,ERROR,ERROR
Tron-o-matic 1 Pro,Dallas_01,2024-10-05,ERROR,ERROR,ERROR,ERROR
Tron-o-matic 1 Pro,Dallas_01,2024-10-06,ERROR,ERROR,ERROR,ERROR
Tron-o-matic 1 Pro,Dallas_01,2024-10-07,ERROR,ERROR,ERROR,ERROR
Tron-o-matic 1 Pro,Dallas_01,2024-10-08,ERROR,ERROR,ERROR,ERROR
Tron-o-matic 1 Pro,Dallas_01,2024-10-09,ERROR,ERROR,ERROR,ERROR
Tron-o-matic 1 Pro,Dallas_01,2024-10-10,ERROR,ERROR,ERROR,ERROR
Tron-o-matic 1 Pro,Dallas_01,2024-10-11,ERROR,ERROR,ERROR,ERROR
Tron-o-matic 1 Pro,Dallas_01,2024-10-12,ERROR,ERROR,ERROR,ERROR
Tron-o-matic 1 Pro,Dallas_01,2024-10-13,ERROR,ERROR,ERROR,ERROR
Tron-o-matic 1 Pro,Dallas_01,2024-10-14,ERROR,ERROR,ERROR,ERROR
Tron-o-matic 1 Pro,Dallas_01,2024-10-15,ERROR,ERROR,ERROR,ERROR
Tron-o-matic 1 Pro,Dallas_01,2024-10-16,ERROR,ERROR,ERROR,ERROR
Tron-o-matic 1 Pro,Dallas_01,2024-10-17,ERROR,ERROR,ERROR,ERROR
Tron-o-matic 1 Pro,Dallas_01,2024-10-18,ERROR,ERROR,ERROR,ERROR
Tron-o-matic 1 Pro,Dallas_01,2024-10-19,ERROR,ERROR,ERROR,ERROR
Tron-o-matic 1 Pro,Dallas_01,2024-10-20,ERROR,ERROR,ERROR,ERROR
Tron-o-matic 1 Pro,Dallas_01,2024-10-21,ERROR,ERROR,ERROR,ERROR
Tron-o-matic 1 Pro,Dallas_01,2024-10-22,ERROR,ERROR,ERROR,ERROR
Tron-o-matic 1 Pro,Dallas_01,2024-10-23,ERROR,ERROR,ERROR,ERROR
Tron-o-matic 1 Pro,Dallas_01,2024-10-24,ERROR,ERROR,ERROR,ERROR
Tron-o-matic 1 Pro,Dallas_01,2024-10-25,ERROR,ERROR,ERROR,ERROR
Tron-o-matic 1 Pro,Dallas_01,2024-10-26,ERROR,ERROR,ERROR,ERROR
Tron-o-matic 1 Pro,Dallas_01,2024-10-27,ERROR,ERROR,ERROR,ERROR
Tron-o-matic 1 Pro,Dallas_01,2024-10-28,ERROR,ERROR,ERROR,ERROR
Tron-o-matic 1 Pro,Dallas_01,2024-10-29,ERROR,ERROR,ERROR,ERROR
Tron-o-matic 1 Pro,Dallas_01,2024-10-30,ERROR,ERROR,ERROR,ERROR
Tron-o-matic 1 Pro,Dallas_01,2024-10-31,ERROR,ERROR,ERROR,ERROR
Tron-o-matic 1 Pro,Dallas_01,2024-11-01,ERROR,ERROR,ERROR,ERROR
Tron-o-matic 1 Pro,Dallas_01,2024-11-02,ERROR,ERROR,ERROR,ERROR
Tron-o-matic 1 Pro,Dallas_01,2024-11-03,ERROR,ERROR,ERROR,ERROR
Tron-o-matic 1 Pro,Dallas_01,2024-11-04,ERROR,ERROR,ERROR,ERROR
Tron-o-matic 1 Pro,Dallas_01,2024-11-05,ERROR,ERROR,ERROR,ERROR
Tron-o-matic 1 Pro,Dallas_01,2024-11-06,ERROR,ERROR,ERROR,ERROR
Tron-o-matic 1 Pro,Dallas_01,2024-11-07,ERROR,ERROR,ERROR,ERROR
Tron-o-matic 1 Pro,Dallas_01,2024-11-08,ERROR,ERROR,ERROR,ERROR
Tron-o-matic 1 Pro,Dallas_01,2024-11-09,ERROR,ERROR,ERROR,ERROR
Tron-o-matic 1 Pro,Dallas_01,2024-11-10,ERROR,ERROR,ERROR,ERROR
Tron-o-matic 1 Pro,Dallas_01,2024-11-11,ERROR,ERROR,ERROR,ERROR
Tron-o-matic 1 Pro,Dallas_01,2024-11-12,ERROR,ERROR,ERROR,ERROR
Tron-o-matic 1 Pro,Dallas_01,2024-11-13,ERROR,ERROR,ERROR,ERROR
Tron-o-matic 1 Pro,Dallas_01,2024-11-14,ERROR,ERROR,ERROR,ERROR
Tron-o-matic 1 Pro,Dallas_01,2024-11-15,ERROR,ERROR,ERROR,ERROR
Tron-o-matic 1 Pro,Dallas_01,2024-11-16,ERROR,ERROR,ERROR,ERROR
Tron-o-matic 1 Pro,Dallas_01,2024-11-17,ERROR,ERROR,ERROR,ERROR
Tron-o-matic 1 Pro,Dallas_01,2024-11-18,ERROR,ERROR,ERROR,ERROR
Tron-o-matic 1 Pro,Dallas_01,2024-11-19,ERROR,ERROR,ERROR,ERROR
Tron-o-matic 1 Pro,Dallas_01,2024-11-20,ERROR,ERROR,ERROR,ERROR
Tron-o-matic 1 Pro,Dallas_01,2024-11-21,ERROR,ERROR,ERROR,ERROR
Tron-o-matic 1 Pro,Dallas_01,2024-11-22,ERROR,ERROR,ERROR,ERROR
Tron-o-matic 1 Pro,Dallas_01,2024-11-23,ERROR,ERROR,ERROR,ERROR
Tron-o-matic 1 Pro,Dallas_01,2024-11-24,ERROR,ERROR,ERROR,ERROR
Tron-o-matic 1 Pro,Dallas_01,2024-11-25,ERROR,ERROR,ERROR,ERROR
Tron-o-matic 1 Pro,Dallas_01,2024-11-26,ERROR,ERROR,ERROR,ERROR
Tron-o-matic 1 Pro,Dallas_01,2024-11-27,ERROR,ERROR,ERROR,ERROR
Tron-o-matic 1 Pro,Dallas_01,2024-11-28,ERROR,ERROR,ERROR,ERROR
Tron-o-matic 1 Pro,Dallas_01,2024-11-29,ERROR,ERROR,ERROR,ERROR
Tron-o-matic 1 Pro,Dallas_01,2024-11-30,ERROR,ERROR,ERROR,ERROR
Tron-o-matic 1 Pro,Dallas_01,2024-12-01,ERROR,ERROR,ERROR,ERROR
Tron-o-matic 1 Pro,Dallas_01,2024-12-02,ERROR,ERROR,ERROR,ERROR
Tron-o-matic 1 Pro,Dallas_01,2024-12-03,ERROR,ERROR,ERROR,ERROR
Tron-o-matic 1 Pro,Dallas_01,2024-12-04,ERROR,ERROR,ERROR,ERROR
Tron-o-matic 1 Pro,Dallas_01,2024-12-05,ERROR,ERROR,ERROR,ERROR
Tron-o-matic 1 Pro,Dallas_01,2024-12-06,ERROR,ERROR,ERROR,ERROR
Tron-o-matic 1 Pro,Dallas_01,2024-12-07,ERROR,ERROR,ERROR,ERROR
Tron-o-matic 1 Pro,Dallas_01,2024-12-08,ERROR,ERROR,ERROR,ERROR
Tron-o-matic 1 Pro,Dallas_01,2024-12-09,ERROR,ERROR,ERROR,ERROR
Tron-o-matic 1 Pro,Dallas_01,2024-12-10,ERROR,ERROR,ERROR,ERROR
Tron-o-matic 1 Pro,Dallas_01,2024-12-11,ERROR,ERROR,ERROR,ERROR
Tron-o-matic 1 Pro,Dallas_01,2024-12-12,ERROR,ERROR,ERROR,ERROR
Tron-o-matic 1 Pro,Dallas_01,2024-12-13,ERROR,ERROR,ERROR,ERROR
Tron-o-matic 1 Pro,Dallas_01,2024-12-14,ERROR,ERROR,ERROR,ERROR
Tron-o-matic 1 Pro,Dallas_01,2024-12-15,ERROR,ERROR,ERROR,ERROR
Tron-o-matic 1 Pro,Dallas_01,2024-12-16,ERROR,ERROR,ERROR,ERROR
Tron-o-matic 1 Pro,Dallas_01,2024-12-17,ERROR,ERROR,ERROR,ERROR
Tron-o-matic 1 Pro,Dallas_01,2024-12-18,ERROR,ERROR,ERROR,ERROR
Tron-o-matic 1 Pro,Dallas_01,2024-12-19,ERROR,ERROR,ERROR,ERROR
Tron-o-matic 1 Pro,Dallas_01,2024-12-20,ERROR,ERROR,ERROR,ERROR
Tron-o-matic 1 Pro,Dallas_01,2024-12-21,ERROR,ERROR,ERROR,ERROR
Tron-o-matic 1 Pro,Dallas_01,2024-12-22,ERROR,ERROR,ERROR,ERROR
Tron-o-matic 1 Pro,Dallas_01,2024-12-23,ERROR,ERROR,ERROR,ERROR
Tron-o-matic 1 Pro,Dallas_01,2024-12-24,ERROR,ERROR,ERROR,ERROR
Tron-o-matic 1 Pro,Dallas_01,2024-12-25,ERROR,ERROR,ERROR,ERROR
Tron-o-matic 1 Pro,Dallas_01,2024-12-26,ERROR,ERROR,ERROR,ERROR
Tron-o-matic 1 Pro,Dallas_01,2024-12-27,ERROR,ERROR,ERROR,ERROR
Tron-o-matic 1 Pro,Dallas_01,2024-12-28,ERROR,ERROR,ERROR,ERROR
Tron-o-matic 1 Pro,Dallas_01,2024-12-29,ERROR,ERROR,ERROR,ERROR
Tron-o-matic 1 Pro,Dallas_01,2024-12-30,ERROR,ERROR,ERROR,ERROR
Tron-o-matic 1 Pro,Dallas_01,2024-12-31,ERROR,ERROR,ERROR,ERROR
Tron-o-matic 1 Pro,Atlanta_01,2024-10-01,ERROR,ERROR,ERROR,ERROR
Tron-o-matic 1 Pro,Atlanta_01,2024-10-02,ERROR,ERROR,ERROR,ERROR
Tron-o-matic 1 Pro,Atlanta_01,2024-10-03,ERROR,ERROR,ERROR,ERROR
Tron-o-matic 1 Pro,Atlanta_01,2024-10-04,ERROR,ERROR,ERROR,ERROR
Tron-o-matic 1 Pro,Atlanta_01,2024-10-05,ERROR,ERROR,ERROR,ERROR
Tron-o-matic 1 Pro,Atlanta_01,2024-10-06,ERROR,ERROR,ERROR,ERROR
Tron-o-matic 1 Pro,Atlanta_01,2024-10-07,ERROR,ERROR,ERROR,ERROR
Tron-o-matic 1 Pro,Atlanta_01,2024-10-08,ERROR,ERROR,ERROR,ERROR
Tron-o-matic 1 Pro,Atlanta_01,2024-10-09,ERROR,ERROR,ERROR,ERROR
Tron-o-matic 1 Pro,Atlanta_01,2024-10-10,ERROR,ERROR,ERROR,ERROR
Tron-o-matic 1 Pro,Atlanta_01,2024-10-11,ERROR,ERROR,ERROR,ERROR
Tron-o-matic 1 Pro,Atlanta_01,2024-10-12,ERROR,ERROR,ERROR,ERROR
Tron-o-matic 1 Pro,Atlanta_01,2024-10-13,ERROR,ERROR,ERROR,ERROR
Tron-o-matic 1 Pro,Atlanta_01,2024-10-14,ERROR,ERROR,ERROR,ERROR
Tron-o-matic 1 Pro,Atlanta_01,2024-10-15,ERROR,ERROR,ERROR,ERROR
Tron-o-matic 1 Pro,Atlanta_01,2024-10-16,ERROR,ERROR,ERROR,ERROR
Tron-o-matic 1 Pro,Atlanta_01,2024-10-17,ERROR,ERROR,ERROR,ERROR
Tron-o-matic 1 Pro,Atlanta_01,2024-10-18,ERROR,ERROR,ERROR,ERROR
Tron-o-matic 1 Pro,Atlanta_01,2024-10-19,ERROR,ERROR,ERROR,ERROR
Tron-o-matic 1 Pro,Atlanta_01,2024-10-20,ERROR,ERROR,ERROR,ERROR
Tron-o-matic 1 Pro,Atlanta_01,2024-10-21,ERROR,ERROR,ERROR,ERROR
Tron-o-matic 1 Pro,Atlanta_01,2024-10-22,ERROR,ERROR,ERROR,ERROR
Tron-o-matic 1 Pro,Atlanta_01,2024-10-23,ERROR,ERROR,ERROR,ERROR
Tron-o-matic 1 Pro,Atlanta_01,2024-10-24,ERROR,ERROR,ERROR,ERROR
Tron-o-matic 1 Pro,Atlanta_01,2024-10-25,ERROR,ERROR,ERROR,ERROR
Tron-o-matic 1 Pro,Atlanta_01,2024-10-26,ERROR,ERROR,ERROR,ERROR
Tron-o-matic 1 Pro,Atlanta_01,2024-10-27,ERROR,ERROR,ERROR,ERROR
Tron-o-matic 1 Pro,Atlanta_01,2024-10-28,ERROR,ERROR,ERROR,ERROR
Tron-o-matic 1 Pro,Atlanta_01,2024-10-29,ERROR,ERROR,ERROR,ERROR
Tron-o-matic 1 Pro,Atlanta_01,2024-10-30,ERROR,ERROR,ERROR,ERROR
Tron-o-matic 1 Pro,Atlanta_01,2024-10-31,ERROR,ERROR,ERROR,ERROR
Tron-o-matic 1 Pro,Atlanta_01,2024-11-01,ERROR,ERROR,ERROR,ERROR
Tron-o-matic 1 Pro,Atlanta_01,2024-11-02,ERROR,ERROR,ERROR,ERROR
Tron-o-matic 1 Pro,Atlanta_01,2024-11-03,ERROR,ERROR,ERROR,ERROR
Tron-o-matic 1 Pro,Atlanta_01,2024-11-04,ERROR,ERROR,ERROR,ERROR
Tron-o-matic 1 Pro,Atlanta_01,2024-11-05,ERROR,ERROR,ERROR,ERROR
Tron-o-matic 1 Pro,Atlanta_01,2024-11-06,ERROR,ERROR,ERROR,ERROR
Tron-o-matic 1 Pro,Atlanta_01,2024-11-07,ERROR,ERROR,ERROR,ERROR
Tron-o-matic 1 Pro,Atlanta_01,2024-11-08,ERROR,ERROR,ERROR,ERROR
Tron-o-matic 1 Pro,Atlanta_01,2024-11-09,ERROR,ERROR,ERROR,ERROR
Tron-o-matic 1 Pro,Atlanta_01,2024-11-10,ERROR,ERROR,ERROR,ERROR
Tron-o-matic 1 Pro,Atlanta_01,2024-11-11,ERROR,ERROR,ERROR,ERROR
Tron-o-matic 1 Pro,Atlanta_01,2024-11-12,ERROR,ERROR,ERROR,ERROR
Tron-o-matic 1 Pro,Atlanta_01,2024-11-13,ERROR,ERROR,ERROR,ERROR
Tron-o-matic 1 Pro,Atlanta_01,2024-11-14,ERROR,ERROR,ERROR,ERROR
Tron-o-matic 1 Pro,Atlanta_01,2024-11-15,ERROR,ERROR,ERROR,ERROR
Tron-o-matic 1 Pro,Atlanta_01,2024-11-16,ERROR,ERROR,ERROR,ERROR
Tron-o-matic 1 Pro,Atlanta_01,2024-11-17,ERROR,ERROR,ERROR,ERROR
Tron-o-matic 1 Pro,Atlanta_01,2024-11-18,ERROR,ERROR,ERROR,ERROR
Tron-o-matic 1 Pro,Atlanta_01,2024-11-19,ERROR,ERROR,ERROR,ERROR
Tron-o-matic 1 Pro,Atlanta_01,2024-11-20,ERROR,ERROR,ERROR,ERROR
Tron-o-matic 1 Pro,Atlanta_01,2024-11-21,ERROR,ERROR,ERROR,ERROR
Tron-o-matic 1 Pro,Atlanta_01,2024-11-22,ERROR,ERROR,ERROR,ERROR
Tron-o-matic 1 Pro,Atlanta_01,2024-11-23,ERROR,ERROR,ERROR,ERROR
Tron-o-matic 1 Pro,Atlanta_01,2024-11-24,ERROR,ERROR,ERROR,ERROR
Tron-o-matic 1 Pro,Atlanta_01,2024-11-25,ERROR,ERROR,ERROR,ERROR
Tron-o-matic 1 Pro,Atlanta_01,2024-11-26,ERROR,ERROR,ERROR,ERROR
Tron-o-matic 1 Pro,Atlanta_01,2024-11-27,ERROR,ERROR,ERROR,ERROR
Tron-o-matic 1 Pro,Atlanta_01,2024-11-28,ERROR,ERROR,ERROR,ERROR
Tron-o-matic 1 Pro,Atlanta_01,2024-11-29,ERROR,ERROR,ERROR,ERROR
Tron-o-matic 1 Pro,Atlanta_01,2024-11-30,ERROR,ERROR,ERROR,ERROR
Tron-o-matic 1 Pro,Atlanta_01,2024-12-01,ERROR,ERROR,ERROR,ERROR
Tron-o-matic 1 Pro,Atlanta_01,2024-12-02,ERROR,ERROR,ERROR,ERROR
Tron-o-matic 1 Pro,Atlanta_01,2024-12-03,ERROR,ERROR,ERROR,ERROR
Tron-o-matic 1 Pro,Atlanta_01,2024-12-04,ERROR,ERROR,ERROR,ERROR
Tron-o-matic 1 Pro,Atlanta_01,2024-12-05,ERROR,ERROR,ERROR,ERROR
Tron-o-matic 1 Pro,Atlanta_01,2024-12-06,ERROR,ERROR,ERROR,ERROR
Tron-o-matic 1 Pro,Atlanta_01,2024-12-07,ERROR,ERROR,ERROR,ERROR
Tron-o-matic 1 Pro,Atlanta_01,2024-12-08,ERROR,ERROR,ERROR,ERROR
Tron-o-matic 1 Pro,Atlanta_01,2024-12-09,ERROR,ERROR,ERROR,ERROR
Tron-o-matic 1 Pro,Atlanta_01,2024-12-10,ERROR,ERROR,ERROR,ERROR
Tron-o-matic 1 Pro,Atlanta_01,2024-12-11,ERROR,ERROR,ERROR,ERROR
Tron-o-matic 1 Pro,Atlanta_01,2024-12-12,ERROR,ERROR,ERROR,ERROR
Tron-o-matic 1 Pro,Atlanta_01,2024-12-13,ERROR,ERROR,ERROR,ERROR
Tron-o-matic 1 Pro,Atlanta_01,2024-12-14,ERROR,ERROR,ERROR,ERROR
Tron-o-matic 1 Pro,Atlanta_01,2024-12-15,ERROR,ERROR,ERROR,ERROR
Tron-o-matic 1 Pro,Atlanta_01,2024-12-16,ERROR,ERROR,ERROR,ERROR
Tron-o-matic 1 Pro,Atlanta_01,2024-12-17,ERROR,ERROR,ERROR,ERROR
Tron-o-matic 1 Pro,Atlanta_01,2024-12-18,ERROR,ERROR,ERROR,ERROR
Tron-o-matic 1 Pro,Atlanta_01,2024-12-19,ERROR,ERROR,ERROR,ERROR
Tron-o-matic 1 Pro,Atlanta_01,2024-12-20,ERROR,ERROR,ERROR,ERROR
Tron-o-matic 1 Pro,Atlanta_01,2024-12-21,ERROR,ERROR,ERROR,ERROR
Tron-o-matic 1 Pro,Atlanta_01,2024-12-22,ERROR,ERROR,ERROR,ERROR
Tron-o-matic 1 Pro,Atlanta_01,2024-12-23,ERROR,ERROR,ERROR,ERROR
Tron-o-matic 1 Pro,Atlanta_01,2024-12-24,ERROR,ERROR,ERROR,ERROR
Tron-o-matic 1 Pro,Atlanta_01,2024-12-25,ERROR,ERROR,ERROR,ERROR
Tron-o-matic 1 Pro,Atlanta_01,2024-12-26,ERROR,ERROR,ERROR,ERROR
Tron-o-matic 1 Pro,Atlanta_01,2024-12-27,ERROR,ERROR,ERROR,ERROR
Tron-o-matic 1 Pro,Atlanta_01,2024-12-28,ERROR,ERROR,ERROR,ERROR
Tron-o-matic 1 Pro,Atlanta_01,2024-12-29,ERROR,ERROR,ERROR,ERROR
Tron-o-matic 1 Pro,Atlanta_01,2024-12-30,ERROR,ERROR,ERROR,ERROR
Tron-o-matic 1 Pro,Atlanta_01,2024-12-31,ERROR,ERROR,ERROR,ERROR
Tron-o-matic 1 Pro,Chicago_01,2024-10-01,ERROR,ERROR,ERROR,ERROR
Tron-o-matic 1 Pro,Chicago_01,2024-10-02,ERROR,ERROR,ERROR,ERROR
Tron-o-matic 1 Pro,Chicago_01,2024-10-03,ERROR,ERROR,ERROR,ERROR
Tron-o-matic 1 Pro,Chicago_01,2024-10-04,ERROR,ERROR,ERROR,ERROR
Tron-o-matic 1 Pro,Chicago_01,2024-10-05,ERROR,ERROR,ERROR,ERROR
Tron-o-matic 1 Pro,Chicago_01,2024-10-06,ERROR,ERROR,ERROR,ERROR
Tron-o-matic 1 Pro,Chicago_01,2024-10-07,ERROR,ERROR,ERROR,ERROR
Tron-o-matic 1 Pro,Chicago_01,2024-10-08,ERROR,ERROR,ERROR,ERROR
Tron-o-matic 1 Pro,Chicago_01,2024-10-09,ERROR,ERROR,ERROR,ERROR
Tron-o-matic 1 Pro,Chicago_01,2024-10-10,ERROR,ERROR,ERROR,ERROR
Tron-o-matic 1 Pro,Chicago_01,2024-10-11,ERROR,ERROR,ERROR,ERROR
Tron-o-matic 1 Pro,Chicago_01,2024-10-12,ERROR,ERROR,ERROR,ERROR
Tron-o-matic 1 Pro,Chicago_01,2024-10-13,ERROR,ERROR,ERROR,ERROR
Tron-o-matic 1 Pro,Chicago_01,2024-10-14,ERROR,ERROR,ERROR,ERROR
Tron-o-matic 1 Pro,Chicago_01,2024-10-15,ERROR,ERROR,ERROR,ERROR
Tron-o-matic 1 Pro,Chicago_01,2024-10-16,ERROR,ERROR,ERROR,ERROR
Tron-o-matic 1 Pro,Chicago_01,2024-10-17,ERROR,ERROR,ERROR,ERROR
Tron-o-matic 1 Pro,Chicago_01,2024-10-18,ERROR,ERROR,ERROR,ERROR
Tron-o-matic 1 Pro,Chicago_01,2024-10-19,ERROR,ERROR,ERROR,ERROR
Tron-o-matic 1 Pro,Chicago_01,2024-10-20,ERROR,ERROR,ERROR,ERROR
Tron-o-matic 1 Pro,Chicago_01,2024-10-21,ERROR,ERROR,ERROR,ERROR
Tron-o-matic 1 Pro,Chicago_01,2024-10-22,ERROR,ERROR,ERROR,ERROR
Tron-o-matic 1 Pro,Chicago_01,2024-10-23,ERROR,ERROR,ERROR,ERROR
Tron-o-matic 1 Pro,Chicago_01,2024-10-24,ERROR,ERROR,ERROR,ERROR
Tron-o-matic 1 Pro,Chicago_01,2024-10-25,ERROR,ERROR,ERROR,ERROR
Tron-o-matic 1 Pro,Chicago_01,2024-10-26,ERROR,ERROR,ERROR,ERROR
Tron-o-matic 1 Pro,Chicago_01,2024-10-27,ERROR,ERROR,ERROR,ERROR
Tron-o-matic 1 Pro,Chicago_01,2024-10-28,ERROR,ERROR,ERROR,ERROR
Tron-o-matic 1 Pro,Chicago_01,2024-10-29,ERROR,ERROR,ERROR,ERROR
Tron-o-matic 1 Pro,Chicago_01,2024-10-30,ERROR,ERROR,ERROR,ERROR
Tron-o-matic 1 Pro,Chicago_01,2024-10-31,ERROR,ERROR,ERROR,ERROR
Tron-o-matic 1 Pro,Chicago_01,2024-11-01,ERROR,ERROR,ERROR,ERROR
Tron-o-matic 1 Pro,Chicago_01,2024-11-02,ERROR,ERROR,ERROR,ERROR
Tron-o-matic 1 Pro,Chicago_01,2024-11-03,ERROR,ERROR,ERROR,ERROR
Tron-o-matic 1 Pro,Chicago_01,2024-11-04,ERROR,ERROR,ERROR,ERROR
Tron-o-matic 1 Pro,Chicago_01,2024-11-05,ERROR,ERROR,ERROR,ERROR
Tron-o-matic 1 Pro,Chicago_01,2024-11-06,ERROR,ERROR,ERROR,ERROR
Tron-o-matic 1 Pro,Chicago_01,2024-11-07,ERROR,ERROR,ERROR,ERROR
Tron-o-matic 1 Pro,Chicago_01,2024-11-08,ERROR,ERROR,ERROR,ERROR
Tron-o-matic 1 Pro,Chicago_01,2024-11-09,ERROR,ERROR,ERROR,ERROR
Tron-o-matic 1 Pro,Chicago_01,2024-11-10,ERROR,ERROR,ERROR,ERROR
Tron-o-matic 1 Pro,Chicago_01,2024-11-11,ERROR,ERROR,ERROR,ERROR
Tron-o-matic 1 Pro,Chicago_01,2024-11-12,ERROR,ERROR,ERROR,ERROR
Tron-o-matic 1 Pro,Chicago_01,2024-11-13,ERROR,ERROR,ERROR,ERROR
Tron-o-matic 1 Pro,Chicago_01,2024-11-14,ERROR,ERROR,ERROR,ERROR
Tron-o-matic 1 Pro,Chicago_01,2024-11-15,ERROR,ERROR,ERROR,ERROR
Tron-o-matic 1 Pro,Chicago_01,2024-11-16,ERROR,ERROR,ERROR,ERROR
Tron-o-matic 1 Pro,Chicago_01,2024-11-17,ERROR,ERROR,ERROR,ERROR
Tron-o-matic 1 Pro,Chicago_01,2024-11-18,ERROR,ERROR,ERROR,ERROR
Tron-o-matic 1 Pro,Chicago_01,2024-11-19,ERROR,ERROR,ERROR,ERROR
Tron-o-matic 1 Pro,Chicago_01,2024-11-20,ERROR,ERROR,ERROR,ERROR
Tron-o-matic 1 Pro,Chicago_01,2024-11-21,ERROR,ERROR,ERROR,ERROR
Tron-o-matic 1 Pro,Chicago_01,2024-11-22,ERROR,ERROR,ERROR,ERROR
Tron-o-matic 1 Pro,Chicago_01,2024-11-23,ERROR,ERROR,ERROR,ERROR
Tron-o-matic 1 Pro,Chicago_01,2024-11-24,ERROR,ERROR,ERROR,ERROR
Tron-o-matic 1 Pro,Chicago_01,2024-11-25,ERROR,ERROR,ERROR,ERROR
Tron-o-matic 1 Pro,Chicago_01,2024-11-26,ERROR,ERROR,ERROR,ERROR
Tron-o-matic 1 Pro,Chicago_01,2024-11-27,ERROR,ERROR,ERROR,ERROR
Tron-o-matic 1 Pro,Chicago_01,2024-11-28,ERROR,ERROR,ERROR,ERROR
Tron-o-matic 1 Pro,Chicago_01,2024-11-29,ERROR,ERROR,ERROR,ERROR
Tron-o-matic 1 Pro,Chicago_01,2024-11-30,ERROR,ERROR,ERROR,ERROR
Tron-o-matic 1 Pro,Chicago_01,2024-12-01,ERROR,ERROR,ERROR,ERROR
Tron-o-matic 1 Pro,Chicago_01,2024-12-02,ERROR,ERROR,ERROR,ERROR
Tron-o-matic 1 Pro,Chicago_01,2024-12-03,ERROR,ERROR,ERROR,ERROR
Tron-o-matic 1 Pro,Chicago_01,2024-12-04,ERROR,ERROR,ERROR,ERROR
Tron-o-matic 1 Pro,Chicago_01,2024-12-05,ERROR,ERROR,ERROR,ERROR
Tron-o-matic 1 Pro,Chicago_01,2024-12-06,ERROR,ERROR,ERROR,ERROR
Tron-o-matic 1 Pro,Chicago_01,2024-12-07,ERROR,ERROR,ERROR,ERROR
Tron-o-matic 1 Pro,Chicago_01,2024-12-08,ERROR,ERROR,ERROR,ERROR
Tron-o-matic 1 Pro,Chicago_01,2024-12-09,ERROR,ERROR,ERROR,ERROR
Tron-o-matic 1 Pro,Chicago_01,2024-12-10,ERROR,ERROR,ERROR,ERROR
Tron-o-matic 1 Pro,Chicago_01,2024-12-11,ERROR,ERROR,ERROR,ERROR
Tron-o-matic 1 Pro,Chicago_01,2024-12-12,ERROR,ERROR,ERROR,ERROR
Tron-o-matic 1 Pro,Chicago_01,2024-12-13,ERROR,ERROR,ERROR,ERROR
Tron-o-matic 1 Pro,Chicago_01,2024-12-14,ERROR,ERROR,ERROR,ERROR
Tron-o-matic 1 Pro,Chicago_01,2024-12-15,ERROR,ERROR,ERROR,ERROR
Tron-o-matic 1 Pro,Chicago_01,2024-12-16,ERROR,ERROR,ERROR,ERROR
Tron-o-matic 1 Pro,Chicago_01,2024-12-17,ERROR,ERROR,ERROR,ERROR
Tron-o-matic 1 Pro,Chicago_01,2024-12-18,ERROR,ERROR,ERROR,ERROR
Tron-o-matic 1 Pro,Chicago_01,2024-12-19,ERROR,ERROR,ERROR,ERROR
Tron-o-matic 1 Pro,Chicago_01,2024-12-20,ERROR,ERROR,ERROR,ERROR
Tron-o-matic 1 Pro,Chicago_01,2024-12-21,ERROR,ERROR,ERROR,ERROR
Tron-o-matic 1 Pro,Chicago_01,2024-12-22,ERROR,ERROR,ERROR,ERROR
Tron-o-matic 1 Pro,Chicago_01,2024-12-23,ERROR,ERROR,ERROR,ERROR
Tron-o-matic 1 Pro,Chicago_01,2024-12-24,ERROR,ERROR,ERROR,ERROR
Tron-o-matic 1 Pro,Chicago_01,2024-12-25,ERROR,ERROR,ERROR,ERROR
Tron-o-matic 1 Pro,Chicago_01,2024-12-26,ERROR,ERROR,ERROR,ERROR
Tron-o-matic 1 Pro,Chicago_01,2024-12-27,ERROR,ERROR,ERROR,ERROR
Tron-o-matic 1 Pro,Chicago_01,2024-12-28,ERROR,ERROR,ERROR,ERROR
Tron-o-matic 1 Pro,Chicago_01,2024-12-29,ERROR,ERROR,ERROR,ERROR
Tron-o-matic 1 Pro,Chicago_01,2024-12-30,ERROR,ERROR,ERROR,ERROR
Tron-o-matic 1 Pro,Chicago_01,2024-12-31,ERROR,ERROR,ERROR,ERROR
Tron-o-matic 1 Pro,Philadelphia_01,2024-10-01,ERROR,ERROR,ERROR,ERROR
Tron-o-matic 1 Pro,Philadelphia_01,2024-10-02,ERROR,ERROR,ERROR,ERROR
Tron-o-matic 1 Pro,Philadelphia_01,2024-10-03,ERROR,ERROR,ERROR,ERROR
Tron-o-matic 1 Pro,Philadelphia_01,2024-10-04,ERROR,ERROR,ERROR,ERROR
Tron-o-matic 1 Pro,Philadelphia_01,2024-10-05,ERROR,ERROR,ERROR,ERROR
Tron-o-matic 1 Pro,Philadelphia_01,2024-10-06,ERROR,ERROR,ERROR,ERROR
Tron-o-matic 1 Pro,Philadelphia_01,2024-10-07,ERROR,ERROR,ERROR,ERROR
Tron-o-matic 1 Pro,Philadelphia_01,2024-10-08,ERROR,ERROR,ERROR,ERROR
Tron-o-matic 1 Pro,Philadelphia_01,2024-10-09,ERROR,ERROR,ERROR,ERROR
Tron-o-matic 1 Pro,Philadelphia_01,2024-10-10,ERROR,ERROR,ERROR,ERROR
Tron-o-matic 1 Pro,Philadelphia_01,2024-10-11,ERROR,ERROR,ERROR,ERROR
Tron-o-matic 1 Pro,Philadelphia_01,2024-10-12,ERROR,ERROR,ERROR,ERROR
Tron-o-matic 1 Pro,Philadelphia_01,2024-10-13,ERROR,ERROR,ERROR,ERROR
Tron-o-matic 1 Pro,Philadelphia_01,2024-10-14,ERROR,ERROR,ERROR,ERROR
Tron-o-matic 1 Pro,Philadelphia_01,2024-10-15,ERROR,ERROR,ERROR,ERROR
Tron-o-matic 1 Pro,Philadelphia_01,2024-10-16,ERROR,ERROR,ERROR,ERROR
Tron-o-matic 1 Pro,Philadelphia_01,2024-10-17,ERROR,ERROR,ERROR,ERROR
Tron-o-matic 1 Pro,Philadelphia_01,2024-10-18,ERROR,ERROR,ERROR,ERROR
Tron-o-matic 1 Pro,Philadelphia_01,2024-10-19,ERROR,ERROR,ERROR,ERROR
Tron-o-matic 1 Pro,Philadelphia_01,2024-10-20,ERROR,ERROR,ERROR,ERROR
Tron-o-matic 1 Pro,Philadelphia_01,2024-10-21,ERROR,ERROR,ERROR,ERROR
Tron-o-matic 1 Pro,Philadelphia_01,2024-10-22,ERROR,ERROR,ERROR,ERROR
Tron-o-matic 1 Pro,Philadelphia_01,2024-10-23,ERROR,ERROR,ERROR,ERROR
Tron-o-matic 1 Pro,Philadelphia_01,2024-10-24,ERROR,ERROR,ERROR,ERROR
Tron-o-matic 1 Pro,Philadelphia_01,2024-10-25,ERROR,ERROR,ERROR,ERROR
Tron-o-matic 1 Pro,Philadelphia_01,2024-10-26,ERROR,ERROR,ERROR,ERROR
Tron-o-matic 1 Pro,Philadelphia_01,2024-10-27,ERROR,ERROR,ERROR,ERROR
Tron-o-matic 1 Pro,Philadelphia_01,2024-10-28,ERROR,ERROR,ERROR,ERROR
Tron-o-matic 1 Pro,Philadelphia_01,2024-10-29,ERROR,ERROR,ERROR,ERROR
Tron-o-matic 1 Pro,Philadelphia_01,2024-10-30,ERROR,ERROR,ERROR,ERROR
Tron-o-matic 1 Pro,Philadelphia_01,2024-10-31,ERROR,ERROR,ERROR,ERROR
Tron-o-matic 1 Pro,Philadelphia_01,2024-11-01,ERROR,ERROR,ERROR,ERROR
Tron-o-matic 1 Pro,Philadelphia_01,2024-11-02,ERROR,ERROR,ERROR,ERROR
Tron-o-matic 1 Pro,Philadelphia_01,2024-11-03,ERROR,ERROR,ERROR,ERROR
Tron-o-matic 1 Pro,Philadelphia_01,2024-11-04,ERROR,ERROR,ERROR,ERROR
Tron-o-matic 1 Pro,Philadelphia_01,2024-11-05,ERROR,ERROR,ERROR,ERROR
Tron-o-matic 1 Pro,Philadelphia_01,2024-11-06,ERROR,ERROR,ERROR,ERROR
Tron-o-matic 1 Pro,Philadelphia_01,2024-11-07,ERROR,ERROR,ERROR,ERROR
Tron-o-matic 1 Pro,Philadelphia_01,2024-11-08,ERROR,ERROR,ERROR,ERROR
Tron-o-matic 1 Pro,Philadelphia_01,2024-11-09,ERROR,ERROR,ERROR,ERROR
Tron-o-matic 1 Pro,Philadelphia_01,2024-11-10,ERROR,ERROR,ERROR,ERROR
Tron-o-matic 1 Pro,Philadelphia_01,2024-11-11,ERROR,ERROR,ERROR,ERROR
Tron-o-matic 1 Pro,Philadelphia_01,2024-11-12,ERROR,ERROR,ERROR,ERROR
Tron-o-matic 1 Pro,Philadelphia_01,2024-11-13,ERROR,ERROR,ERROR,ERROR
Tron-o-matic 1 Pro,Philadelphia_01,2024-11-14,ERROR,ERROR,ERROR,ERROR
Tron-o-matic 1 Pro,Philadelphia_01,2024-11-15,ERROR,ERROR,ERROR,ERROR
Tron-o-matic 1 Pro,Philadelphia_01,2024-11-16,ERROR,ERROR,ERROR,ERROR
Tron-o-matic 1 Pro,Philadelphia_01,2024-11-17,ERROR,ERROR,ERROR,ERROR
Tron-o-matic 1 Pro,Philadelphia_01,2024-11-18,ERROR,ERROR,ERROR,ERROR
Tron-o-matic 1 Pro,Philadelphia_01,2024-11-19,ERROR,ERROR,ERROR,ERROR
Tron-o-matic 1 Pro,Philadelphia_01,2024-11-20,ERROR,ERROR,ERROR,ERROR
Tron-o-matic 1 Pro,Philadelphia_01,2024-11-21,ERROR,ERROR,ERROR,ERROR
Tron-o-matic 1 Pro,Philadelphia_01,2024-11-22,ERROR,ERROR,ERROR,ERROR
Tron-o-matic 1 Pro,Philadelphia_01,2024-11-23,ERROR,ERROR,ERROR,ERROR
Tron-o-matic 1 Pro,Philadelphia_01,2024-11-24,ERROR,ERROR,ERROR,ERROR
Tron-o-matic 1 Pro,Philadelphia_01,2024-11-25,ERROR,ERROR,ERROR,ERROR
Tron-o-matic 1 Pro,Philadelphia_01,2024-11-26,ERROR,ERROR,ERROR,ERROR
Tron-o-matic 1 Pro,Philadelphia_01,2024-11-27,ERROR,ERROR,ERROR,ERROR
Tron-o-matic 1 Pro,Philadelphia_01,2024-11-28,ERROR,ERROR,ERROR,ERROR
Tron-o-matic 1 Pro,Philadelphia_01,2024-11-29,ERROR,ERROR,ERROR,ERROR
Tron-o-matic 1 Pro,Philadelphia_01,2024-11-30,ERROR,ERROR,ERROR,ERROR
Tron-o-matic 1 Pro,Philadelphia_01,2024-12-01,ERROR,ERROR,ERROR,ERROR
Tron-o-matic 1 Pro,Philadelphia_01,2024-12-02,ERROR,ERROR,ERROR,ERROR
Tron-o-matic 1 Pro,Philadelphia_01,2024-12-03,ERROR,ERROR,ERROR,ERROR
Tron-o-matic 1 Pro,Philadelphia_01,2024-12-04,ERROR,ERROR,ERROR,ERROR
Tron-o-matic 1 Pro,Philadelphia_01,2024-12-05,ERROR,ERROR,ERROR,ERROR
Tron-o-matic 1 Pro,Philadelphia_01,2024-12-06,ERROR,ERROR,ERROR,ERROR
Tron-o-matic 1 Pro,Philadelphia_01,2024-12-07,ERROR,ERROR,ERROR,ERROR
Tron-o-matic 1 Pro,Philadelphia_01,2024-12-08,ERROR,ERROR,ERROR,ERROR
Tron-o-matic 1 Pro,Philadelphia_01,2024-12-09,ERROR,ERROR,ERROR,ERROR
Tron-o-matic 1 Pro,Philadelphia_01,2024-12-10,ERROR,ERROR,ERROR,ERROR
Tron-o-matic 1 Pro,Philadelphia_01,2024-12-11,ERROR,ERROR,ERROR,ERROR
Tron-o-matic 1 Pro,Philadelphia_01,2024-12-12,ERROR,ERROR,ERROR,ERROR
Tron-o-matic 1 Pro,Philadelphia_01,2024-12-13,ERROR,ERROR,ERROR,ERROR
Tron-o-matic 1 Pro,Philadelphia_01,2024-12-14,ERROR,ERROR,ERROR,ERROR
Tron-o-matic 1 Pro,Philadelphia_01,2024-12-15,ERROR,ERROR,ERROR,ERROR
Tron-o-matic 1 Pro,Philadelphia_01,2024-12-16,ERROR,ERROR,ERROR,ERROR
Tron-o-matic 1 Pro,Philadelphia_01,2024-12-17,ERROR,ERROR,ERROR,ERROR
Tron-o-matic 1 Pro,Philadelphia_01,2024-12-18,ERROR,ERROR,ERROR,ERROR
Tron-o-matic 1 Pro,Philadelphia_01,2024-12-19,ERROR,ERROR,ERROR,ERROR
Tron-o-matic 1 Pro,Philadelphia_01,2024-12-20,ERROR,ERROR,ERROR,ERROR
Tron-o-matic 1 Pro,Philadelphia_01,2024-12-21,ERROR,ERROR,ERROR,ERROR
Tron-o-matic 1 Pro,Philadelphia_01,2024-12-22,ERROR,ERROR,ERROR,ERROR
Tron-o-matic 1 Pro,Philadelphia_01,2024-12-23,ERROR,ERROR,ERROR,ERROR
Tron-o-matic 1 Pro,Philadelphia_01,2024-12-24,ERROR,ERROR,ERROR,ERROR
Tron-o-matic 1 Pro,Philadelphia_01,2024-12-25,ERROR,ERROR,ERROR,ERROR
Tron-o-matic 1 Pro,Philadelphia_01,2024-12-26,ERROR,ERROR,ERROR,ERROR
Tron-o-matic 1 Pro,Philadelphia_01,2024-12-27,ERROR,ERROR,ERROR,ERROR
Tron-o-matic 1 Pro,Philadelphia_01,2024-12-28,ERROR,ERROR,ERROR,ERROR
Tron-o-matic 1 Pro,Philadelphia_01,2024-12-29,ERROR,ERROR,ERROR,ERROR
Tron-o-matic 1 Pro,Philadelphia_01,2024-12-30,ERROR,ERROR,ERROR,ERROR
Tron-o-matic 1 Pro,Philadelphia_01,2024-12-31,ERROR,ERROR,ERROR,ERROR
Tron-o-matic 1 Pro,Online_Store,2024-10-01,ERROR,ERROR,ERROR,ERROR
Tron-o-matic 1 Pro,Online_Store,2024-10-02,ERROR,ERROR,ERROR,ERROR
Tron-o-matic 1 Pro,Online_Store,2024-10-03,ERROR,ERROR,ERROR,ERROR
Tron-o-matic 1 Pro,Online_Store,2024-10-04,ERROR,ERROR,ERROR,ERROR
Tron-o-matic 1 Pro,Online_Store,2024-10-05,ERROR,ERROR,ERROR,ERROR
Tron-o-matic 1 Pro,Online_Store,2024-10-06,ERROR,ERROR,ERROR,ERROR
Tron-o-matic 1 Pro,Online_Store,2024-10-07,ERROR,ERROR,ERROR,ERROR
Tron-o-matic 1 Pro,Online_Store,2024-10-08,ERROR,ERROR,ERROR,ERROR
Tron-o-matic 1 Pro,Online_Store,2024-10-09,ERROR,ERROR,ERROR,ERROR
Tron-o-matic 1 Pro,Online_Store,2024-10-10,ERROR,ERROR,ERROR,ERROR
Tron-o-matic 1 Pro,Online_Store,2024-10-11,ERROR,ERROR,ERROR,ERROR
Tron-o-matic 1 Pro,Online_Store,2024-10-12,ERROR,ERROR,ERROR,ERROR
Tron-o-matic 1 Pro,Online_Store,2024-10-13,ERROR,ERROR,ERROR,ERROR
Tron-o-matic 1 Pro,Online_Store,2024-10-14,ERROR,ERROR,ERROR,ERROR
Tron-o-matic 1 Pro,Online_Store,2024-10-15,ERROR,ERROR,ERROR,ERROR
Tron-o-matic 1 Pro,Online_Store,2024-10-16,ERROR,ERROR,ERROR,ERROR
Tron-o-matic 1 Pro,Online_Store,2024-10-17,ERROR,ERROR,ERROR,ERROR
Tron-o-matic 1 Pro,Online_Store,2024-10-18,ERROR,ERROR,ERROR,ERROR
Tron-o-matic 1 Pro,Online_Store,2024-10-19,ERROR,ERROR,ERROR,ERROR
Tron-o-matic 1 Pro,Online_Store,2024-10-20,ERROR,ERROR,ERROR,ERROR
Tron-o-matic 1 Pro,Online_Store,2024-10-21,ERROR,ERROR,ERROR,ERROR
Tron-o-matic 1 Pro,Online_Store,2024-10-22,ERROR,ERROR,ERROR,ERROR
Tron-o-matic 1 Pro,Online_Store,2024-10-23,ERROR,ERROR,ERROR,ERROR
Tron-o-matic 1 Pro,Online_Store,2024-10-24,ERROR,ERROR,ERROR,ERROR
Tron-o-matic 1 Pro,Online_Store,2024-10-25,ERROR,ERROR,ERROR,ERROR
Tron-o-matic 1 Pro,Online_Store,2024-10-26,ERROR,ERROR,ERROR,ERROR
Tron-o-matic 1 Pro,Online_Store,2024-10-27,ERROR,ERROR,ERROR,ERROR
Tron-o-matic 1 Pro,Online_Store,2024-10-28,ERROR,ERROR,ERROR,ERROR
Tron-o-matic 1 Pro,Online_Store,2024-10-29,ERROR,ERROR,ERROR,ERROR
Tron-o-matic 1 Pro,Online_Store,2024-10-30,ERROR,ERROR,ERROR,ERROR
Tron-o-matic 1 Pro,Online_Store,2024-10-31,ERROR,ERROR,ERROR,ERROR
Tron-o-matic 1 Pro,Online_Store,2024-11-01,ERROR,ERROR,ERROR,ERROR
Tron-o-matic 1 Pro,Online_Store,2024-11-02,ERROR,ERROR,ERROR,ERROR
Tron-o-matic 1 Pro,Online_Store,2024-11-03,ERROR,ERROR,ERROR,ERROR
Tron-o-matic 1 Pro,Online_Store,2024-11-04,ERROR,ERROR,ERROR,ERROR
Tron-o-matic 1 Pro,Online_Store,2024-11-05,ERROR,ERROR,ERROR,ERROR
Tron-o-matic 1 Pro,Online_Store,2024-11-06,ERROR,ERROR,ERROR,ERROR
Tron-o-matic 1 Pro,Online_Store,2024-11-07,ERROR,ERROR,ERROR,ERROR
Tron-o-matic 1 Pro,Online_Store,2024-11-08,ERROR,ERROR,ERROR,ERROR
Tron-o-matic 1 Pro,Online_Store,2024-11-09,ERROR,ERROR,ERROR,ERROR
Tron-o-matic 1 Pro,Online_Store,2024-11-10,ERROR,ERROR,ERROR,ERROR
Tron-o-matic 1 Pro,Online_Store,2024-11-11,ERROR,ERROR,ERROR,ERROR
Tron-o-matic 1 Pro,Online_Store,2024-11-12,ERROR,ERROR,ERROR,ERROR
Tron-o-matic 1 Pro,Online_Store,2024-11-13,ERROR,ERROR,ERROR,ERROR
Tron-o-matic 1 Pro,Online_Store,2024-11-14,ERROR,ERROR,ERROR,ERROR
Tron-o-matic 1 Pro,Online_Store,2024-11-15,ERROR,ERROR,ERROR,ERROR
Tron-o-matic 1 Pro,Online_Store,2024-11-16,ERROR,ERROR,ERROR,ERROR
Tron-o-matic 1 Pro,Online_Store,2024-11-17,ERROR,ERROR,ERROR,ERROR
Tron-o-matic 1 Pro,Online_Store,2024-11-18,ERROR,ERROR,ERROR,ERROR
Tron-o-matic 1 Pro,Online_Store,2024-11-19,ERROR,ERROR,ERROR,ERROR
Tron-o-matic 1 Pro,Online_Store,2024-11-20,ERROR,ERROR,ERROR,ERROR
Tron-o-matic 1 Pro,Online_Store,2024-11-21,ERROR,ERROR,ERROR,ERROR
Tron-o-matic 1 Pro,Online_Store,2024-11-22,ERROR,ERROR,ERROR,ERROR
Tron-o-matic 1 Pro,Online_Store,2024-11-23,ERROR,ERROR,ERROR,ERROR
Tron-o-matic 1 Pro,Online_Store,2024-11-24,ERROR,ERROR,ERROR,ERROR
Tron-o-matic 1 Pro,Online_Store,2024-11-25,ERROR,ERROR,ERROR,ERROR
Tron-o-matic 1 Pro,Online_Store,2024-11-26,ERROR,ERROR,ERROR,ERROR
Tron-o-matic 1 Pro,Online_Store,2024-11-27,ERROR,ERROR,ERROR,ERROR
Tron-o-matic 1 Pro,Online_Store,2024-11-28,ERROR,ERROR,ERROR,ERROR
Tron-o-matic 1 Pro,Online_Store,2024-11-29,ERROR,ERROR,ERROR,ERROR
Tron-o-matic 1 Pro,Online_Store,2024-11-30,ERROR,ERROR,ERROR,ERROR
Tron-o-matic 1 Pro,Online_Store,2024-12-01,ERROR,ERROR,ERROR,ERROR
Tron-o-matic 1 Pro,Online_Store,2024-12-02,ERROR,ERROR,ERROR,ERROR
Tron-o-matic 1 Pro,Online_Store,2024-12-03,ERROR,ERROR,ERROR,ERROR
Tron-o-matic 1 Pro,Online_Store,2024-12-04,ERROR,ERROR,ERROR,ERROR
Tron-o-matic 1 Pro,Online_Store,2024-12-05,ERROR,ERROR,ERROR,ERROR
Tron-o-matic 1 Pro,Online_Store,2024-12-06,ERROR,ERROR,ERROR,ERROR
Tron-o-matic 1 Pro,Online_Store,2024-12-07,ERROR,ERROR,ERROR,ERROR
Tron-o-matic 1 Pro,Online_Store,2024-12-08,ERROR,ERROR,ERROR,ERROR
Tron-o-matic 1 Pro,Online_Store,2024-12-09,ERROR,ERROR,ERROR,ERROR
Tron-o-matic 1 Pro,Online_Store,2024-12-10,ERROR,ERROR,ERROR,ERROR
Tron-o-matic 1 Pro,Online_Store,2024-12-11,ERROR,ERROR,ERROR,ERROR
Tron-o-matic 1 Pro,Online_Store,2024-12-12,ERROR,ERROR,ERROR,ERROR
Tron-o-matic 1 Pro,Online_Store,2024-12-13,ERROR,ERROR,ERROR,ERROR
Tron-o-matic 1 Pro,Online_Store,2024-12-14,ERROR,ERROR,ERROR,ERROR
Tron-o-matic 1 Pro,Online_Store,2024-12-15,ERROR,ERROR,ERROR,ERROR
Tron-o-matic 1 Pro,Online_Store,2024-12-16,ERROR,ERROR,ERROR,ERROR
Tron-o-matic 1 Pro,Online_Store,2024-12-17,ERROR,ERROR,ERROR,ERROR
Tron-o-matic 1 Pro,Online_Store,2024-12-18,ERROR,ERROR,ERROR,ERROR
Tron-o-matic 1 Pro,Online_Store,2024-12-19,ERROR,ERROR,ERROR,ERROR
Tron-o-matic 1 Pro,Online_Store,2024-12-20,ERROR,ERROR,ERROR,ERROR
Tron-o-matic 1 Pro,Online_Store,2024-12-21,ERROR,ERROR,ERROR,ERROR
Tron-o-matic 1 Pro,Online_Store,2024-12-22,ERROR,ERROR,ERROR,ERROR
Tron-o-matic 1 Pro,Online_Store,2024-12-23,ERROR,ERROR,ERROR,ERROR
Tron-o-matic 1 Pro,Online_Store,2024-12-24,ERROR,ERROR,ERROR,ERROR
Tron-o-matic 1 Pro,Online_Store,2024-12-25,ERROR,ERROR,ERROR,ERROR
Tron-o-matic 1 Pro,Online_Store,2024-12-26,ERROR,ERROR,ERROR,ERROR
Tron-o-matic 1 Pro,Online_Store,2024-12-27,ERROR,ERROR,ERROR,ERROR
Tron-o-matic 1 Pro,Online_Store,2024-12-28,ERROR,ERROR,ERROR,ERROR
Tron-o-matic 1 Pro,Online_Store,2024-12-29,ERROR,ERROR,ERROR,ERROR
Tron-o-matic 1 Pro,Online_Store,2024-12-30,ERROR,ERROR,ERROR,ERROR
Tron-o-matic 1 Pro,Online_Store,2024-12-31,ERROR,ERROR,ERROR,ERROR
Tron-o-matic 1,Atlanta_01,2024-10-01,ERROR,ERROR,ERROR,ERROR
Tron-o-matic 1,Atlanta_01,2024-10-02,ERROR,ERROR,ERROR,ERROR
Tron-o-matic 1,Atlanta_01,2024-10-03,ERROR,ERROR,ERROR,ERROR
Tron-o-matic 1,Atlanta_01,2024-10-04,ERROR,ERROR,ERROR,ERROR
Tron-o-matic 1,Atlanta_01,2024-10-05,ERROR,ERROR,ERROR,ERROR
Tron-o-matic 1,Atlanta_01,2024-10-06,ERROR,ERROR,ERROR,ERROR
Tron-o-matic 1,Atlanta_01,2024-10-07,ERROR,ERROR,ERROR,ERROR
Tron-o-matic 1,Atlanta_01,2024-10-08,ERROR,ERROR,ERROR,ERROR
Tron-o-matic 1,Atlanta_01,2024-10-09,ERROR,ERROR,ERROR,ERROR
Tron-o-matic 1,Atlanta_01,2024-10-10,ERROR,ERROR,ERROR,ERROR
Tron-o-matic 1,Atlanta_01,2024-10-11,ERROR,ERROR,ERROR,ERROR
Tron-o-matic 1,Atlanta_01,2024-10-12,ERROR,ERROR,ERROR,ERROR
Tron-o-matic 1,Atlanta_01,2024-10-13,ERROR,ERROR,ERROR,ERROR
Tron-o-matic 1,Atlanta_01,2024-10-14,ERROR,ERROR,ERROR,ERROR
Tron-o-matic 1,Atlanta_01,2024-10-15,ERROR,ERROR,ERROR,ERROR
Tron-o-matic 1,Atlanta_01,2024-10-16,ERROR,ERROR,ERROR,ERROR
Tron-o-matic 1,Atlanta_01,2024-10-17,ERROR,ERROR,ERROR,ERROR
Tron-o-matic 1,Atlanta_01,2024-10-18,ERROR,ERROR,ERROR,ERROR
Tron-o-matic 1,Atlanta_01,2024-10-19,ERROR,ERROR,ERROR,ERROR
Tron-o-matic 1,Atlanta_01,2024-10-20,ERROR,ERROR,ERROR,ERROR
Tron-o-matic 1,Atlanta_01,2024-10-21,ERROR,ERROR,ERROR,ERROR
Tron-o-matic 1,Atlanta_01,2024-10-22,ERROR,ERROR,ERROR,ERROR
Tron-o-matic 1,Atlanta_01,2024-10-23,ERROR,ERROR,ERROR,ERROR
Tron-o-matic 1,Atlanta_01,2024-10-24,ERROR,ERROR,ERROR,ERROR
Tron-o-matic 1,Atlanta_01,2024-10-25,ERROR,ERROR,ERROR,ERROR
Tron-o-matic 1,Atlanta_01,2024-10-26,ERROR,ERROR,ERROR,ERROR
Tron-o-matic 1,Atlanta_01,2024-10-27,ERROR,ERROR,ERROR,ERROR
Tron-o-matic 1,Atlanta_01,2024-10-28,ERROR,ERROR,ERROR,ERROR
Tron-o-matic 1,Atlanta_01,2024-10-29,ERROR,ERROR,ERROR,ERROR
Tron-o-matic 1,Atlanta_01,2024-10-30,ERROR,ERROR,ERROR,ERROR
Tron-o-matic 1,Atlanta_01,2024-10-31,ERROR,ERROR,ERROR,ERROR
Tron-o-matic 1,Atlanta_01,2024-11-01,ERROR,ERROR,ERROR,ERROR
Tron-o-matic 1,Atlanta_01,2024-11-02,ERROR,ERROR,ERROR,ERROR
Tron-o-matic 1,Atlanta_01,2024-11-03,ERROR,ERROR,ERROR,ERROR
Tron-o-matic 1,Atlanta_01,2024-11-04,ERROR,ERROR,ERROR,ERROR
Tron-o-matic 1,Atlanta_01,2024-11-05,ERROR,ERROR,ERROR,ERROR
Tron-o-matic 1,Atlanta_01,2024-11-06,ERROR,ERROR,ERROR,ERROR
Tron-o-matic 1,Atlanta_01,2024-11-07,ERROR,ERROR,ERROR,ERROR
Tron-o-matic 1,Atlanta_01,2024-11-08,ERROR,ERROR,ERROR,ERROR
Tron-o-matic 1,Atlanta_01,2024-11-09,ERROR,ERROR,ERROR,ERROR
Tron-o-matic 1,Atlanta_01,2024-11-10,ERROR,ERROR,ERROR,ERROR
Tron-o-matic 1,Atlanta_01,2024-11-11,ERROR,ERROR,ERROR,ERROR
Tron-o-matic 1,Atlanta_01,2024-11-12,ERROR,ERROR,ERROR,ERROR
Tron-o-matic 1,Atlanta_01,2024-11-13,ERROR,ERROR,ERROR,ERROR
Tron-o-matic 1,Atlanta_01,2024-11-14,ERROR,ERROR,ERROR,ERROR
Tron-o-matic 1,Atlanta_01,2024-11-15,ERROR,ERROR,ERROR,ERROR
Tron-o-matic 1,Atlanta_01,2024-11-16,ERROR,ERROR,ERROR,ERROR
Tron-o-matic 1,Atlanta_01,2024-11-17,ERROR,ERROR,ERROR,ERROR
Tron-o-matic 1,Atlanta_01,2024-11-18,ERROR,ERROR,ERROR,ERROR
Tron-o-matic 1,Atlanta_01,2024-11-19,ERROR,ERROR,ERROR,ERROR
Tron-o-matic 1,Atlanta_01,2024-11-20,ERROR,ERROR,ERROR,ERROR
Tron-o-matic 1,Atlanta_01,2024-11-21,ERROR,ERROR,ERROR,ERROR
Tron-o-matic 1,Atlanta_01,2024-11-22,ERROR,ERROR,ERROR,ERROR
Tron-o-matic 1,Atlanta_01,2024-11-23,ERROR,ERROR,ERROR,ERROR
Tron-o-matic 1,Atlanta_01,2024-11-24,ERROR,ERROR,ERROR,ERROR
Tron-o-matic 1,Atlanta_01,2024-11-25,ERROR,ERROR,ERROR,ERROR
Tron-o-matic 1,Atlanta_01,2024-11-26,ERROR,ERROR,ERROR,ERROR
Tron-o-matic 1,Atlanta_01,2024-11-27,ERROR,ERROR,ERROR,ERROR
Tron-o-matic 1,Atlanta_01,2024-11-28,ERROR,ERROR,ERROR,ERROR
Tron-o-matic 1,Atlanta_01,2024-11-29,ERROR,ERROR,ERROR,ERROR
Tron-o-matic 1,Atlanta_01,2024-11-30,ERROR,ERROR,ERROR,ERROR
Tron-o-matic 1,Atlanta_01,2024-12-01,ERROR,ERROR,ERROR,ERROR
Tron-o-matic 1,Atlanta_01,2024-12-02,ERROR,ERROR,ERROR,ERROR
Tron-o-matic 1,Atlanta_01,2024-12-03,ERROR,ERROR,ERROR,ERROR
Tron-o-matic 1,Atlanta_01,2024-12-04,ERROR,ERROR,ERROR,ERROR
Tron-o-matic 1,Atlanta_01,2024-12-05,ERROR,ERROR,ERROR,ERROR
Tron-o-matic 1,Atlanta_01,2024-12-06,ERROR,ERROR,ERROR,ERROR
Tron-o-matic 1,Atlanta_01,2024-12-07,ERROR,ERROR,ERROR,ERROR
Tron-o-matic 1,Atlanta_01,2024-12-08,ERROR,ERROR,ERROR,ERROR
Tron-o-matic 1,Atlanta_01,2024-12-09,ERROR,ERROR,ERROR,ERROR
Tron-o-matic 1,Atlanta_01,2024-12-10,ERROR,ERROR,ERROR,ERROR
Tron-o-matic 1,Atlanta_01,2024-12-11,ERROR,ERROR,ERROR,ERROR
Tron-o-matic 1,Atlanta_01,2024-12-12,ERROR,ERROR,ERROR,ERROR
Tron-o-matic 1,Atlanta_01,2024-12-13,ERROR,ERROR,ERROR,ERROR
Tron-o-matic 1,Atlanta_01,2024-12-14,ERROR,ERROR,ERROR,ERROR
Tron-o-matic 1,Atlanta_01,2024-12-15,ERROR,ERROR,ERROR,ERROR
Tron-o-matic 1,Atlanta_01,2024-12-16,ERROR,ERROR,ERROR,ERROR
Tron-o-matic 1,Atlanta_01,2024-12-17,ERROR,ERROR,ERROR,ERROR
Tron-o-matic 1,Atlanta_01,2024-12-18,ERROR,ERROR,ERROR,ERROR
Tron-o-matic 1,Atlanta_01,2024-12-19,ERROR,ERROR,ERROR,ERROR
Tron-o-matic 1,Atlanta_01,2024-12-20,ERROR,ERROR,ERROR,ERROR
Tron-o-matic 1,Atlanta_01,2024-12-21,ERROR,ERROR,ERROR,ERROR
Tron-o-matic 1,Atlanta_01,2024-12-22,ERROR,ERROR,ERROR,ERROR
Tron-o-matic 1,Atlanta_01,2024-12-23,ERROR,ERROR,ERROR,ERROR
Tron-o-matic 1,Atlanta_01,2024-12-24,ERROR,ERROR,ERROR,ERROR
Tron-o-matic 1,Atlanta_01,2024-12-25,ERROR,ERROR,ERROR,ERROR
Tron-o-matic 1,Atlanta_01,2024-12-26,ERROR,ERROR,ERROR,ERROR
Tron-o-matic 1,Atlanta_01,2024-12-27,ERROR,ERROR,ERROR,ERROR
Tron-o-matic 1,Atlanta_01,2024-12-28,ERROR,ERROR,ERROR,ERROR
Tron-o-matic 1,Atlanta_01,2024-12-29,ERROR,ERROR,ERROR,ERROR
Tron-o-matic 1,Atlanta_01,2024-12-30,ERROR,ERROR,ERROR,ERROR
Tron-o-matic 1,Atlanta_01,2024-12-31,ERROR,ERROR,ERROR,ERROR
Tron-o-matic 1,NewYork_01,2024-10-01,ERROR,ERROR,ERROR,ERROR
Tron-o-matic 1,NewYork_01,2024-10-02,ERROR,ERROR,ERROR,ERROR
Tron-o-matic 1,NewYork_01,2024-10-03,ERROR,ERROR,ERROR,ERROR
Tron-o-matic 1,NewYork_01,2024-10-04,ERROR,ERROR,ERROR,ERROR
Tron-o-matic 1,NewYork_01,2024-10-05,ERROR,ERROR,ERROR,ERROR
Tron-o-matic 1,NewYork_01,2024-10-06,ERROR,ERROR,ERROR,ERROR
Tron-o-matic 1,NewYork_01,2024-10-07,ERROR,ERROR,ERROR,ERROR
Tron-o-matic 1,NewYork_01,2024-10-08,ERROR,ERROR,ERROR,ERROR
Tron-o-matic 1,NewYork_01,2024-10-09,ERROR,ERROR,ERROR,ERROR
Tron-o-matic 1,NewYork_01,2024-10-10,ERROR,ERROR,ERROR,ERROR
Tron-o-matic 1,NewYork_01,2024-10-11,ERROR,ERROR,ERROR,ERROR
Tron-o-matic 1,NewYork_01,2024-10-12,ERROR,ERROR,ERROR,ERROR
Tron-o-matic 1,NewYork_01,2024-10-13,ERROR,ERROR,ERROR,ERROR
Tron-o-matic 1,NewYork_01,2024-10-14,ERROR,ERROR,ERROR,ERROR
Tron-o-matic 1,NewYork_01,2024-10-15,ERROR,ERROR,ERROR,ERROR
Tron-o-matic 1,NewYork_01,2024-10-16,ERROR,ERROR,ERROR,ERROR
Tron-o-matic 1,NewYork_01,2024-10-17,ERROR,ERROR,ERROR,ERROR
Tron-o-matic 1,NewYork_01,2024-10-18,ERROR,ERROR,ERROR,ERROR
Tron-o-matic 1,NewYork_01,2024-10-19,ERROR,ERROR,ERROR,ERROR
Tron-o-matic 1,NewYork_01,2024-10-20,ERROR,ERROR,ERROR,ERROR
Tron-o-matic 1,NewYork_01,2024-10-21,ERROR,ERROR,ERROR,ERROR
Tron-o-matic 1,NewYork_01,2024-10-22,ERROR,ERROR,ERROR,ERROR
Tron-o-matic 1,NewYork_01,2024-10-23,ERROR,ERROR,ERROR,ERROR
Tron-o-matic 1,NewYork_01,2024-10-24,ERROR,ERROR,ERROR,ERROR
Tron-o-matic 1,NewYork_01,2024-10-25,ERROR,ERROR,ERROR,ERROR
Tron-o-matic 1,NewYork_01,2024-10-26,ERROR,ERROR,ERROR,ERROR
Tron-o-matic 1,NewYork_01,2024-10-27,ERROR,ERROR,ERROR,ERROR
Tron-o-matic 1,NewYork_01,2024-10-28,ERROR,ERROR,ERROR,ERROR
Tron-o-matic 1,NewYork_01,2024-10-29,ERROR,ERROR,ERROR,ERROR
Tron-o-matic 1,NewYork_01,2024-10-30,ERROR,ERROR,ERROR,ERROR
Tron-o-matic 1,NewYork_01,2024-10-31,ERROR,ERROR,ERROR,ERROR
Tron-o-matic 1,NewYork_01,2024-11-01,ERROR,ERROR,ERROR,ERROR
Tron-o-matic 1,NewYork_01,2024-11-02,ERROR,ERROR,ERROR,ERROR
Tron-o-matic 1,NewYork_01,2024-11-03,ERROR,ERROR,ERROR,ERROR
Tron-o-matic 1,NewYork_01,2024-11-04,ERROR,ERROR,ERROR,ERROR
Tron-o-matic 1,NewYork_01,2024-11-05,ERROR,ERROR,ERROR,ERROR
Tron-o-matic 1,NewYork_01,2024-11-06,ERROR,ERROR,ERROR,ERROR
Tron-o-matic 1,NewYork_01,2024-11-07,ERROR,ERROR,ERROR,ERROR
Tron-o-matic 1,NewYork_01,2024-11-08,ERROR,ERROR,ERROR,ERROR
Tron-o-matic 1,NewYork_01,2024-11-09,ERROR,ERROR,ERROR,ERROR
Tron-o-matic 1,NewYork_01,2024-11-10,ERROR,ERROR,ERROR,ERROR
Tron-o-matic 1,NewYork_01,2024-11-11,ERROR,ERROR,ERROR,ERROR
Tron-o-matic 1,NewYork_01,2024-11-12,ERROR,ERROR,ERROR,ERROR
Tron-o-matic 1,NewYork_01,2024-11-13,ERROR,ERROR,ERROR,ERROR
Tron-o-matic 1,NewYork_01,2024-11-14,ERROR,ERROR,ERROR,ERROR
Tron-o-matic 1,NewYork_01,2024-11-15,ERROR,ERROR,ERROR,ERROR
Tron-o-matic 1,NewYork_01,2024-11-16,ERROR,ERROR,ERROR,ERROR
Tron-o-matic 1,NewYork_01,2024-11-17,ERROR,ERROR,ERROR,ERROR
Tron-o-matic 1,NewYork_01,2024-11-18,ERROR,ERROR,ERROR,ERROR
Tron-o-matic 1,NewYork_01,2024-11-19,ERROR,ERROR,ERROR,ERROR
Tron-o-matic 1,NewYork_01,2024-11-20,ERROR,ERROR,ERROR,ERROR
Tron-o-matic 1,NewYork_01,2024-11-21,ERROR,ERROR,ERROR,ERROR
Tron-o-matic 1,NewYork_01,2024-11-22,ERROR,ERROR,ERROR,ERROR
Tron-o-matic 1,NewYork_01,2024-11-23,ERROR,ERROR,ERROR,ERROR
Tron-o-matic 1,NewYork_01,2024-11-24,ERROR,ERROR,ERROR,ERROR
Tron-o-matic 1,NewYork_01,2024-11-25,ERROR,ERROR,ERROR,ERROR
Tron-o-matic 1,NewYork_01,2024-11-26,ERROR,ERROR,ERROR,ERROR
Tron-o-matic 1,NewYork_01,2024-11-27,ERROR,ERROR,ERROR,ERROR
Tron-o-matic 1,NewYork_01,2024-11-28,ERROR,ERROR,ERROR,ERROR
Tron-o-matic 1,NewYork_01,2024-11-29,ERROR,ERROR,ERROR,ERROR
Tron-o-matic 1,NewYork_01,2024-11-30,ERROR,ERROR,ERROR,ERROR
Tron-o-matic 1,NewYork_01,2024-12-01,ERROR,ERROR,ERROR,ERROR
Tron-o-matic 1,NewYork_01,2024-12-02,ERROR,ERROR,ERROR,ERROR
Tron-o-matic 1,NewYork_01,2024-12-03,ERROR,ERROR,ERROR,ERROR
Tron-o-matic 1,NewYork_01,2024-12-04,ERROR,ERROR,ERROR,ERROR
Tron-o-matic 1,NewYork_01,2024-12-05,ERROR,ERROR,ERROR,ERROR
Tron-o-matic 1,NewYork_01,2024-12-06,ERROR,ERROR,ERROR,ERROR
Tron-o-matic 1,NewYork_01,2024-12-07,ERROR,ERROR,ERROR,ERROR
Tron-o-matic 1,NewYork_01,2024-12-08,ERROR,ERROR,ERROR,ERROR
Tron-o-matic 1,NewYork_01,2024-12-09,ERROR,ERROR,ERROR,ERROR
Tron-o-matic 1,NewYork_01,2024-12-10,ERROR,ERROR,ERROR,ERROR
Tron-o-matic 1,NewYork_01,2024-12-11,ERROR,ERROR,ERROR,ERROR
Tron-o-matic 1,NewYork_01,2024-12-12,ERROR,ERROR,ERROR,ERROR
Tron-o-matic 1,NewYork_01,2024-12-13,ERROR,ERROR,ERROR,ERROR
Tron-o-matic 1,NewYork_01,2024-12-14,ERROR,ERROR,ERROR,ERROR
Tron-o-matic 1,NewYork_01,2024-12-15,ERROR,ERROR,ERROR,ERROR
Tron-o-matic 1,NewYork_01,2024-12-16,ERROR,ERROR,ERROR,ERROR
Tron-o-matic 1,NewYork_01,2024-12-17,ERROR,ERROR,ERROR,ERROR
Tron-o-matic 1,NewYork_01,2024-12-18,ERROR,ERROR,ERROR,ERROR
Tron-o-matic 1,NewYork_01,2024-12-19,ERROR,ERROR,ERROR,ERROR
Tron-o-matic 1,NewYork_01,2024-12-20,ERROR,ERROR,ERROR,ERROR
Tron-o-matic 1,NewYork_01,2024-12-21,ERROR,ERROR,ERROR,ERROR
Tron-o-matic 1,NewYork_01,2024-12-22,ERROR,ERROR,ERROR,ERROR
Tron-o-matic 1,NewYork_01,2024-12-23,ERROR,ERROR,ERROR,ERROR
Tron-o-matic 1,NewYork_01,2024-12-24,ERROR,ERROR,ERROR,ERROR
Tron-o-matic 1,NewYork_01,2024-12-25,ERROR,ERROR,ERROR,ERROR
Tron-o-matic 1,NewYork_01,2024-12-26,ERROR,ERROR,ERROR,ERROR
Tron-o-matic 1,NewYork_01,2024-12-27,ERROR,ERROR,ERROR,ERROR
Tron-o-matic 1,NewYork_01,2024-12-28,ERROR,ERROR,ERROR,ERROR
Tron-o-matic 1,NewYork_01,2024-12-29,ERROR,ERROR,ERROR,ERROR
Tron-o-matic 1,NewYork_01,2024-12-30,ERROR,ERROR,ERROR,ERROR
Tron-o-matic 1,NewYork_01,2024-12-31,ERROR,ERROR,ERROR,ERROR
Tron-o-matic 1,LosAngeles_01,2024-10-01,ERROR,ERROR,ERROR,ERROR
Tron-o-matic 1,LosAngeles_01,2024-10-02,ERROR,ERROR,ERROR,ERROR
Tron-o-matic 1,LosAngeles_01,2024-10-03,ERROR,ERROR,ERROR,ERROR
Tron-o-matic 1,LosAngeles_01,2024-10-04,ERROR,ERROR,ERROR,ERROR
Tron-o-matic 1,LosAngeles_01,2024-10-05,ERROR,ERROR,ERROR,ERROR
Tron-o-matic 1,LosAngeles_01,2024-10-06,ERROR,ERROR,ERROR,ERROR
Tron-o-matic 1,LosAngeles_01,2024-10-07,ERROR,ERROR,ERROR,ERROR
Tron-o-matic 1,LosAngeles_01,2024-10-08,ERROR,ERROR,ERROR,ERROR
Tron-o-matic 1,LosAngeles_01,2024-10-09,ERROR,ERROR,ERROR,ERROR
Tron-o-matic 1,LosAngeles_01,2024-10-10,ERROR,ERROR,ERROR,ERROR
Tron-o-matic 1,LosAngeles_01,2024-10-11,ERROR,ERROR,ERROR,ERROR
Tron-o-matic 1,LosAngeles_01,2024-10-12,ERROR,ERROR,ERROR,ERROR
Tron-o-matic 1,LosAngeles_01,2024-10-13,ERROR,ERROR,ERROR,ERROR
Tron-o-matic 1,LosAngeles_01,2024-10-14,ERROR,ERROR,ERROR,ERROR
Tron-o-matic 1,LosAngeles_01,2024-10-15,ERROR,ERROR,ERROR,ERROR
Tron-o-matic 1,LosAngeles_01,2024-10-16,ERROR,ERROR,ERROR,ERROR
Tron-o-matic 1,LosAngeles_01,2024-10-17,ERROR,ERROR,ERROR,ERROR
Tron-o-matic 1,LosAngeles_01,2024-10-18,ERROR,ERROR,ERROR,ERROR
Tron-o-matic 1,LosAngeles_01,2024-10-19,ERROR,ERROR,ERROR,ERROR
Tron-o-matic 1,LosAngeles_01,2024-10-20,ERROR,ERROR,ERROR,ERROR
Tron-o-matic 1,LosAngeles_01,2024-10-21,ERROR,ERROR,ERROR,ERROR
Tron-o-matic 1,LosAngeles_01,2024-10-22,ERROR,ERROR,ERROR,ERROR
Tron-o-matic 1,LosAngeles_01,2024-10-23,ERROR,ERROR,ERROR,ERROR
Tron-o-matic 1,LosAngeles_01,2024-10-24,ERROR,ERROR,ERROR,ERROR
Tron-o-matic 1,LosAngeles_01,2024-10-25,ERROR,ERROR,ERROR,ERROR
Tron-o-matic 1,LosAngeles_01,2024-10-26,ERROR,ERROR,ERROR,ERROR
Tron-o-matic 1,LosAngeles_01,2024-10-27,ERROR,ERROR,ERROR,ERROR
Tron-o-matic 1,LosAngeles_01,2024-10-28,ERROR,ERROR,ERROR,ERROR
Tron-o-matic 1,LosAngeles_01,2024-10-29,ERROR,ERROR,ERROR,ERROR
Tron-o-matic 1,LosAngeles_01,2024-10-30,ERROR,ERROR,ERROR,ERROR
Tron-o-matic 1,LosAngeles_01,2024-10-31,ERROR,ERROR,ERROR,ERROR
Tron-o-matic 1,LosAngeles_01,2024-11-01,ERROR,ERROR,ERROR,ERROR
Tron-o-matic 1,LosAngeles_01,2024-11-02,ERROR,ERROR,ERROR,ERROR
Tron-o-matic 1,LosAngeles_01,2024-11-03,ERROR,ERROR,ERROR,ERROR
Tron-o-matic 1,LosAngeles_01,2024-11-04,ERROR,ERROR,ERROR,ERROR
Tron-o-matic 1,LosAngeles_01,2024-11-05,ERROR,ERROR,ERROR,ERROR
Tron-o-matic 1,LosAngeles_01,2024-11-06,ERROR,ERROR,ERROR,ERROR
Tron-o-matic 1,LosAngeles_01,2024-11-07,ERROR,ERROR,ERROR,ERROR
Tron-o-matic 1,LosAngeles_01,2024-11-08,ERROR,ERROR,ERROR,ERROR
Tron-o-matic 1,LosAngeles_01,2024-11-09,ERROR,ERROR,ERROR,ERROR
Tron-o-matic 1,LosAngeles_01,2024-11-10,ERROR,ERROR,ERROR,ERROR
Tron-o-matic 1,LosAngeles_01,2024-11-11,ERROR,ERROR,ERROR,ERROR
Tron-o-matic 1,LosAngeles_01,2024-11-12,ERROR,ERROR,ERROR,ERROR
Tron-o-matic 1,LosAngeles_01,2024-11-13,ERROR,ERROR,ERROR,ERROR
Tron-o-matic 1,LosAngeles_01,2024-11-14,ERROR,ERROR,ERROR,ERROR
Tron-o-matic 1,LosAngeles_01,2024-11-15,ERROR,ERROR,ERROR,ERROR
Tron-o-matic 1,LosAngeles_01,2024-11-16,ERROR,ERROR,ERROR,ERROR
Tron-o-matic 1,LosAngeles_01,2024-11-17,ERROR,ERROR,ERROR,ERROR
Tron-o-matic 1,LosAngeles_01,2024-11-18,ERROR,ERROR,ERROR,ERROR
Tron-o-matic 1,LosAngeles_01,2024-11-19,ERROR,ERROR,ERROR,ERROR
Tron-o-matic 1,LosAngeles_01,2024-11-20,ERROR,ERROR,ERROR,ERROR
Tron-o-matic 1,LosAngeles_01,2024-11-21,ERROR,ERROR,ERROR,ERROR
Tron-o-matic 1,LosAngeles_01,2024-11-22,ERROR,ERROR,ERROR,ERROR
Tron-o-matic 1,LosAngeles_01,2024-11-23,ERROR,ERROR,ERROR,ERROR
Tron-o-matic 1,LosAngeles_01,2024-11-24,ERROR,ERROR,ERROR,ERROR
Tron-o-matic 1,LosAngeles_01,2024-11-25,ERROR,ERROR,ERROR,ERROR
Tron-o-matic 1,LosAngeles_01,2024-11-26,ERROR,ERROR,ERROR,ERROR
Tron-o-matic 1,LosAngeles_01,2024-11-27,ERROR,ERROR,ERROR,ERROR
Tron-o-matic 1,LosAngeles_01,2024-11-28,ERROR,ERROR,ERROR,ERROR
Tron-o-matic 1,LosAngeles_01,2024-11-29,ERROR,ERROR,ERROR,ERROR
Tron-o-matic 1,LosAngeles_01,2024-11-30,ERROR,ERROR,ERROR,ERROR
Tron-o-matic 1,LosAngeles_01,2024-12-01,ERROR,ERROR,ERROR,ERROR
Tron-o-matic 1,LosAngeles_01,2024-12-02,ERROR,ERROR,ERROR,ERROR
Tron-o-matic 1,LosAngeles_01,2024-12-03,ERROR,ERROR,ERROR,ERROR
Tron-o-matic 1,LosAngeles_01,2024-12-04,ERROR,ERROR,ERROR,ERROR
Tron-o-matic 1,LosAngeles_01,2024-12-05,ERROR,ERROR,ERROR,ERROR
Tron-o-matic 1,LosAngeles_01,2024-12-06,ERROR,ERROR,ERROR,ERROR
Tron-o-matic 1,LosAngeles_01,2024-12-07,ERROR,ERROR,ERROR,ERROR
Tron-o-matic 1,LosAngeles_01,2024-12-08,ERROR,ERROR,ERROR,ERROR
Tron-o-matic 1,LosAngeles_01,2024-12-09,ERROR,ERROR,ERROR,ERROR
Tron-o-matic 1,LosAngeles_01,2024-12-10,ERROR,ERROR,ERROR,ERROR
Tron-o-matic 1,LosAngeles_01,2024-12-11,ERROR,ERROR,ERROR,ERROR
Tron-o-matic 1,LosAngeles_01,2024-12-12,ERROR,ERROR,ERROR,ERROR
Tron-o-matic 1,LosAngeles_01,2024-12-13,ERROR,ERROR,ERROR,ERROR
Tron-o-matic 1,LosAngeles_01,2024-12-14,ERROR,ERROR,ERROR,ERROR
Tron-o-matic 1,LosAngeles_01,2024-12-15,ERROR,ERROR,ERROR,ERROR
Tron-o-matic 1,LosAngeles_01,2024-12-16,ERROR,ERROR,ERROR,ERROR
Tron-o-matic 1,LosAngeles_01,2024-12-17,ERROR,ERROR,ERROR,ERROR
Tron-o-matic 1,LosAngeles_01,2024-12-18,ERROR,ERROR,ERROR,ERROR
Tron-o-matic 1,LosAngeles_01,2024-12-19,ERROR,ERROR,ERROR,ERROR
Tron-o-matic 1,LosAngeles_01,2024-12-20,ERROR,ERROR,ERROR,ERROR
Tron-o-matic 1,LosAngeles_01,2024-12-21,ERROR,ERROR,ERROR,ERROR
Tron-o-matic 1,LosAngeles_01,2024-12-22,ERROR,ERROR,ERROR,ERROR
Tron-o-matic 1,LosAngeles_01,2024-12-23,ERROR,ERROR,ERROR,ERROR
Tron-o-matic 1,LosAngeles_01,2024-12-24,ERROR,ERROR,ERROR,ERROR
Tron-o-matic 1,LosAngeles_01,2024-12-25,ERROR,ERROR,ERROR,ERROR
Tron-o-matic 1,LosAngeles_01,2024-12-26,ERROR,ERROR,ERROR,ERROR
Tron-o-matic 1,LosAngeles_01,2024-12-27,ERROR,ERROR,ERROR,ERROR
Tron-o-matic 1,LosAngeles_01,2024-12-28,ERROR,ERROR,ERROR,ERROR
Tron-o-matic 1,LosAngeles_01,2024-12-29,ERROR,ERROR,ERROR,ERROR
Tron-o-matic 1,LosAngeles_01,2024-12-30,ERROR,ERROR,ERROR,ERROR
Tron-o-matic 1,LosAngeles_01,2024-12-31,ERROR,ERROR,ERROR,ERROR
Tron-o-matic 1,Dallas_01,2024-10-01,ERROR,ERROR,ERROR,ERROR
Tron-o-matic 1,Dallas_01,2024-10-02,ERROR,ERROR,ERROR,ERROR
Tron-o-matic 1,Dallas_01,2024-10-03,ERROR,ERROR,ERROR,ERROR
Tron-o-matic 1,Dallas_01,2024-10-04,ERROR,ERROR,ERROR,ERROR
Tron-o-matic 1,Dallas_01,2024-10-05,ERROR,ERROR,ERROR,ERROR
Tron-o-matic 1,Dallas_01,2024-10-06,ERROR,ERROR,ERROR,ERROR
Tron-o-matic 1,Dallas_01,2024-10-07,ERROR,ERROR,ERROR,ERROR
Tron-o-matic 1,Dallas_01,2024-10-08,ERROR,ERROR,ERROR,ERROR
Tron-o-matic 1,Dallas_01,2024-10-09,ERROR,ERROR,ERROR,ERROR
Tron-o-matic 1,Dallas_01,2024-10-10,ERROR,ERROR,ERROR,ERROR
Tron-o-matic 1,Dallas_01,2024-10-11,ERROR,ERROR,ERROR,ERROR
Tron-o-matic 1,Dallas_01,2024-10-12,ERROR,ERROR,ERROR,ERROR
Tron-o-matic 1,Dallas_01,2024-10-13,ERROR,ERROR,ERROR,ERROR
Tron-o-matic 1,Dallas_01,2024-10-14,ERROR,ERROR,ERROR,ERROR
Tron-o-matic 1,Dallas_01,2024-10-15,ERROR,ERROR,ERROR,ERROR
Tron-o-matic 1,Dallas_01,2024-10-16,ERROR,ERROR,ERROR,ERROR
Tron-o-matic 1,Dallas_01,2024-10-17,ERROR,ERROR,ERROR,ERROR
Tron-o-matic 1,Dallas_01,2024-10-18,ERROR,ERROR,ERROR,ERROR
Tron-o-matic 1,Dallas_01,2024-10-19,ERROR,ERROR,ERROR,ERROR
Tron-o-matic 1,Dallas_01,2024-10-20,ERROR,ERROR,ERROR,ERROR
Tron-o-matic 1,Dallas_01,2024-10-21,ERROR,ERROR,ERROR,ERROR
Tron-o-matic 1,Dallas_01,2024-10-22,ERROR,ERROR,ERROR,ERROR
Tron-o-matic 1,Dallas_01,2024-10-23,ERROR,ERROR,ERROR,ERROR
Tron-o-matic 1,Dallas_01,2024-10-24,ERROR,ERROR,ERROR,ERROR
Tron-o-matic 1,Dallas_01,2024-10-25,ERROR,ERROR,ERROR,ERROR
Tron-o-matic 1,Dallas_01,2024-10-26,ERROR,ERROR,ERROR,ERROR
Tron-o-matic 1,Dallas_01,2024-10-27,ERROR,ERROR,ERROR,ERROR
Tron-o-matic 1,Dallas_01,2024-10-28,ERROR,ERROR,ERROR,ERROR
Tron-o-matic 1,Dallas_01,2024-10-29,ERROR,ERROR,ERROR,ERROR
Tron-o-matic 1,Dallas_01,2024-10-30,ERROR,ERROR,ERROR,ERROR
Tron-o-matic 1,Dallas_01,2024-10-31,ERROR,ERROR,ERROR,ERROR
Tron-o-matic 1,Dallas_01,2024-11-01,ERROR,ERROR,ERROR,ERROR
Tron-o-matic 1,Dallas_01,2024-11-02,ERROR,ERROR,ERROR,ERROR
Tron-o-matic 1,Dallas_01,2024-11-03,ERROR,ERROR,ERROR,ERROR
Tron-o-matic 1,Dallas_01,2024-11-04,ERROR,ERROR,ERROR,ERROR
Tron-o-matic 1,Dallas_01,2024-11-05,ERROR,ERROR,ERROR,ERROR
Tron-o-matic 1,Dallas_01,2024-11-06,ERROR,ERROR,ERROR,ERROR
Tron-o-matic 1,Dallas_01,2024-11-07,ERROR,ERROR,ERROR,ERROR
Tron-o-matic 1,Dallas_01,2024-11-08,ERROR,ERROR,ERROR,ERROR
Tron-o-matic 1,Dallas_01,2024-11-09,ERROR,ERROR,ERROR,ERROR
Tron-o-matic 1,Dallas_01,2024-11-10,ERROR,ERROR,ERROR,ERROR
Tron-o-matic 1,Dallas_01,2024-11-11,ERROR,ERROR,ERROR,ERROR
Tron-o-matic 1,Dallas_01,2024-11-12,ERROR,ERROR,ERROR,ERROR
Tron-o-matic 1,Dallas_01,2024-11-13,ERROR,ERROR,ERROR,ERROR
Tron-o-matic 1,Dallas_01,2024-11-14,ERROR,ERROR,ERROR,ERROR
Tron-o-matic 1,Dallas_01,2024-11-15,ERROR,ERROR,ERROR,ERROR
Tron-o-matic 1,Dallas_01,2024-11-16,ERROR,ERROR,ERROR,ERROR
Tron-o-matic 1,Dallas_01,2024-11-17,ERROR,ERROR,ERROR,ERROR
Tron-o-matic 1,Dallas_01,2024-11-18,ERROR,ERROR,ERROR,ERROR
Tron-o-matic 1,Dallas_01,2024-11-19,ERROR,ERROR,ERROR,ERROR
Tron-o-matic 1,Dallas_01,2024-11-20,ERROR,ERROR,ERROR,ERROR
Tron-o-matic 1,Dallas_01,2024-11-21,ERROR,ERROR,ERROR,ERROR
Tron-o-matic 1,Dallas_01,2024-11-22,ERROR,ERROR,ERROR,ERROR
Tron-o-matic 1,Dallas_01,2024-11-23,ERROR,ERROR,ERROR,ERROR
Tron-o-matic 1,Dallas_01,2024-11-24,ERROR,ERROR,ERROR,ERROR
Tron-o-matic 1,Dallas_01,2024-11-25,ERROR,ERROR,ERROR,ERROR
Tron-o-matic 1,Dallas_01,2024-11-26,ERROR,ERROR,ERROR,ERROR
Tron-o-matic 1,Dallas_01,2024-11-27,ERROR,ERROR,ERROR,ERROR
Tron-o-matic 1,Dallas_01,2024-11-28,ERROR,ERROR,ERROR,ERROR
Tron-o-matic 1,Dallas_01,2024-11-29,ERROR,ERROR,ERROR,ERROR
Tron-o-matic 1,Dallas_01,2024-11-30,ERROR,ERROR,ERROR,ERROR
Tron-o-matic 1,Dallas_01,2024-12-01,ERROR,ERROR,ERROR,ERROR
Tron-o-matic 1,Dallas_01,2024-12-02,ERROR,ERROR,ERROR,ERROR
Tron-o-matic 1,Dallas_01,2024-12-03,ERROR,ERROR,ERROR,ERROR
Tron-o-matic 1,Dallas_01,2024-12-04,ERROR,ERROR,ERROR,ERROR
Tron-o-matic 1,Dallas_01,2024-12-05,ERROR,ERROR,ERROR,ERROR
Tron-o-matic 1,Dallas_01,2024-12-06,ERROR,ERROR,ERROR,ERROR
Tron-o-matic 1,Dallas_01,2024-12-07,ERROR,ERROR,ERROR,ERROR
Tron-o-matic 1,Dallas_01,2024-12-08,ERROR,ERROR,ERROR,ERROR
Tron-o-matic 1,Dallas_01,2024-12-09,ERROR,ERROR,ERROR,ERROR
Tron-o-matic 1,Dallas_01,2024-12-10,ERROR,ERROR,ERROR,ERROR
Tron-o-matic 1,Dallas_01,2024-12-11,ERROR,ERROR,ERROR,ERROR
Tron-o-matic 1,Dallas_01,2024-12-12,ERROR,ERROR,ERROR,ERROR
Tron-o-matic 1,Dallas_01,2024-12-13,ERROR,ERROR,ERROR,ERROR
Tron-o-matic 1,Dallas_01,2024-12-14,ERROR,ERROR,ERROR,ERROR
Tron-o-matic 1,Dallas_01,2024-12-15,ERROR,ERROR,ERROR,ERROR
Tron-o-matic 1,Dallas_01,2024-12-16,ERROR,ERROR,ERROR,ERROR
Tron-o-matic 1,Dallas_01,2024-12-17,ERROR,ERROR,ERROR,ERROR
Tron-o-matic 1,Dallas_01,2024-12-18,ERROR,ERROR,ERROR,ERROR
Tron-o-matic 1,Dallas_01,2024-12-19,ERROR,ERROR,ERROR,ERROR
Tron-o-matic 1,Dallas_01,2024-12-20,ERROR,ERROR,ERROR,ERROR
Tron-o-matic 1,Dallas_01,2024-12-21,ERROR,ERROR,ERROR,ERROR
Tron-o-matic 1,Dallas_01,2024-12-22,ERROR,ERROR,ERROR,ERROR
Tron-o-matic 1,Dallas_01,2024-12-23,ERROR,ERROR,ERROR,ERROR
Tron-o-matic 1,Dallas_01,2024-12-24,ERROR,ERROR,ERROR,ERROR
Tron-o-matic 1,Dallas_01,2024-12-25,ERROR,ERROR,ERROR,ERROR
Tron-o-matic 1,Dallas_01,2024-12-26,ERROR,ERROR,ERROR,ERROR
Tron-o-matic 1,Dallas_01,2024-12-27,ERROR,ERROR,ERROR,ERROR
Tron-o-matic 1,Dallas_01,2024-12-28,ERROR,ERROR,ERROR,ERROR
Tron-o-matic 1,Dallas_01,2024-12-29,ERROR,ERROR,ERROR,ERROR
Tron-o-matic 1,Dallas_01,2024-12-30,ERROR,ERROR,ERROR,ERROR
Tron-o-matic 1,Dallas_01,2024-12-31,ERROR,ERROR,ERROR,ERROR
Tron-o-matic 1,Houston_01,2024-10-01,ERROR,ERROR,ERROR,ERROR
Tron-o-matic 1,Houston_01,2024-10-02,ERROR,ERROR,ERROR,ERROR
Tron-o-matic 1,Houston_01,2024-10-03,ERROR,ERROR,ERROR,ERROR
Tron-o-matic 1,Houston_01,2024-10-04,ERROR,ERROR,ERROR,ERROR
Tron-o-matic 1,Houston_01,2024-10-05,ERROR,ERROR,ERROR,ERROR
Tron-o-matic 1,Houston_01,2024-10-06,ERROR,ERROR,ERROR,ERROR
Tron-o-matic 1,Houston_01,2024-10-07,ERROR,ERROR,ERROR,ERROR
Tron-o-matic 1,Houston_01,2024-10-08,ERROR,ERROR,ERROR,ERROR
Tron-o-matic 1,Houston_01,2024-10-09,ERROR,ERROR,ERROR,ERROR
Tron-o-matic 1,Houston_01,2024-10-10,ERROR,ERROR,ERROR,ERROR
Tron-o-matic 1,Houston_01,2024-10-11,ERROR,ERROR,ERROR,ERROR
Tron-o-matic 1,Houston_01,2024-10-12,ERROR,ERROR,ERROR,ERROR
Tron-o-matic 1,Houston_01,2024-10-13,ERROR,ERROR,ERROR,ERROR
Tron-o-matic 1,Houston_01,2024-10-14,ERROR,ERROR,ERROR,ERROR
Tron-o-matic 1,Houston_01,2024-10-15,ERROR,ERROR,ERROR,ERROR
Tron-o-matic 1,Houston_01,2024-10-16,ERROR,ERROR,ERROR,ERROR
Tron-o-matic 1,Houston_01,2024-10-17,ERROR,ERROR,ERROR,ERROR
Tron-o-matic 1,Houston_01,2024-10-18,ERROR,ERROR,ERROR,ERROR
Tron-o-matic 1,Houston_01,2024-10-19,ERROR,ERROR,ERROR,ERROR
Tron-o-matic 1,Houston_01,2024-10-20,ERROR,ERROR,ERROR,ERROR
Tron-o-matic 1,Houston_01,2024-10-21,ERROR,ERROR,ERROR,ERROR
Tron-o-matic 1,Houston_01,2024-10-22,ERROR,ERROR,ERROR,ERROR
Tron-o-matic 1,Houston_01,2024-10-23,ERROR,ERROR,ERROR,ERROR
Tron-o-matic 1,Houston_01,2024-10-24,ERROR,ERROR,ERROR,ERROR
Tron-o-matic 1,Houston_01,2024-10-25,ERROR,ERROR,ERROR,ERROR
Tron-o-matic 1,Houston_01,2024-10-26,ERROR,ERROR,ERROR,ERROR
Tron-o-matic 1,Houston_01,2024-10-27,ERROR,ERROR,ERROR,ERROR
Tron-o-matic 1,Houston_01,2024-10-28,ERROR,ERROR,ERROR,ERROR
Tron-o-matic 1,Houston_01,2024-10-29,ERROR,ERROR,ERROR,ERROR
Tron-o-matic 1,Houston_01,2024-10-30,ERROR,ERROR,ERROR,ERROR
Tron-o-matic 1,Houston_01,2024-10-31,ERROR,ERROR,ERROR,ERROR
Tron-o-matic 1,Houston_01,2024-11-01,ERROR,ERROR,ERROR,ERROR
Tron-o-matic 1,Houston_01,2024-11-02,ERROR,ERROR,ERROR,ERROR
Tron-o-matic 1,Houston_01,2024-11-03,ERROR,ERROR,ERROR,ERROR
Tron-o-matic 1,Houston_01,2024-11-04,ERROR,ERROR,ERROR,ERROR
Tron-o-matic 1,Houston_01,2024-11-05,ERROR,ERROR,ERROR,ERROR
Tron-o-matic 1,Houston_01,2024-11-06,ERROR,ERROR,ERROR,ERROR
Tron-o-matic 1,Houston_01,2024-11-07,ERROR,ERROR,ERROR,ERROR
Tron-o-matic 1,Houston_01,2024-11-08,ERROR,ERROR,ERROR,ERROR
Tron-o-matic 1,Houston_01,2024-11-09,ERROR,ERROR,ERROR,ERROR
Tron-o-matic 1,Houston_01,2024-11-10,ERROR,ERROR,ERROR,ERROR
Tron-o-matic 1,Houston_01,2024-11-11,ERROR,ERROR,ERROR,ERROR
Tron-o-matic 1,Houston_01,2024-11-12,ERROR,ERROR,ERROR,ERROR
Tron-o-matic 1,Houston_01,2024-11-13,ERROR,ERROR,ERROR,ERROR
Tron-o-matic 1,Houston_01,2024-11-14,ERROR,ERROR,ERROR,ERROR
Tron-o-matic 1,Houston_01,2024-11-15,ERROR,ERROR,ERROR,ERROR
Tron-o-matic 1,Houston_01,2024-11-16,ERROR,ERROR,ERROR,ERROR
Tron-o-matic 1,Houston_01,2024-11-17,ERROR,ERROR,ERROR,ERROR
Tron-o-matic 1,Houston_01,2024-11-18,ERROR,ERROR,ERROR,ERROR
Tron-o-matic 1,Houston_01,2024-11-19,ERROR,ERROR,ERROR,ERROR
Tron-o-matic 1,Houston_01,2024-11-20,ERROR,ERROR,ERROR,ERROR
Tron-o-matic 1,Houston_01,2024-11-21,ERROR,ERROR,ERROR,ERROR
Tron-o-matic 1,Houston_01,2024-11-22,ERROR,ERROR,ERROR,ERROR
Tron-o-matic 1,Houston_01,2024-11-23,ERROR,ERROR,ERROR,ERROR
Tron-o-matic 1,Houston_01,2024-11-24,ERROR,ERROR,ERROR,ERROR
Tron-o-matic 1,Houston_01,2024-11-25,ERROR,ERROR,ERROR,ERROR
Tron-o-matic 1,Houston_01,2024-11-26,ERROR,ERROR,ERROR,ERROR
Tron-o-matic 1,Houston_01,2024-11-27,ERROR,ERROR,ERROR,ERROR
Tron-o-matic 1,Houston_01,2024-11-28,ERROR,ERROR,ERROR,ERROR
Tron-o-matic 1,Houston_01,2024-11-29,ERROR,ERROR,ERROR,ERROR
Tron-o-matic 1,Houston_01,2024-11-30,ERROR,ERROR,ERROR,ERROR
Tron-o-matic 1,Houston_01,2024-12-01,ERROR,ERROR,ERROR,ERROR
Tron-o-matic 1,Houston_01,2024-12-02,ERROR,ERROR,ERROR,ERROR
Tron-o-matic 1,Houston_01,2024-12-03,ERROR,ERROR,ERROR,ERROR
Tron-o-matic 1,Houston_01,2024-12-04,ERROR,ERROR,ERROR,ERROR
Tron-o-matic 1,Houston_01,2024-12-05,ERROR,ERROR,ERROR,ERROR
Tron-o-matic 1,Houston_01,2024-12-06,ERROR,ERROR,ERROR,ERROR
Tron-o-matic 1,Houston_01,2024-12-07,ERROR,ERROR,ERROR,ERROR
Tron-o-matic 1,Houston_01,2024-12-08,ERROR,ERROR,ERROR,ERROR
Tron-o-matic 1,Houston_01,2024-12-09,ERROR,ERROR,ERROR,ERROR
Tron-o-matic 1,Houston_01,2024-12-10,ERROR,ERROR,ERROR,ERROR
Tron-o-matic 1,Houston_01,2024-12-11,ERROR,ERROR,ERROR,ERROR
Tron-o-matic 1,Houston_01,2024-12-12,ERROR,ERROR,ERROR,ERROR
Tron-o-matic 1,Houston_01,2024-12-13,ERROR,ERROR,ERROR,ERROR
Tron-o-matic 1,Houston_01,2024-12-14,ERROR,ERROR,ERROR,ERROR
Tron-o-matic 1,Houston_01,2024-12-15,ERROR,ERROR,ERROR,ERROR
Tron-o-matic 1,Houston_01,2024-12-16,ERROR,ERROR,ERROR,ERROR
Tron-o-matic 1,Houston_01,2024-12-17,ERROR,ERROR,ERROR,ERROR
Tron-o-matic 1,Houston_01,2024-12-18,ERROR,ERROR,ERROR,ERROR
Tron-o-matic 1,Houston_01,2024-12-19,ERROR,ERROR,ERROR,ERROR
Tron-o-matic 1,Houston_01,2024-12-20,ERROR,ERROR,ERROR,ERROR
Tron-o-matic 1,Houston_01,2024-12-21,ERROR,ERROR,ERROR,ERROR
Tron-o-matic 1,Houston_01,2024-12-22,ERROR,ERROR,ERROR,ERROR
Tron-o-matic 1,Houston_01,2024-12-23,ERROR,ERROR,ERROR,ERROR
Tron-o-matic 1,Houston_01,2024-12-24,ERROR,ERROR,ERROR,ERROR
Tron-o-matic 1,Houston_01,2024-12-25,ERROR,ERROR,ERROR,ERROR
Tron-o-matic 1,Houston_01,2024-12-26,ERROR,ERROR,ERROR,ERROR
Tron-o-matic 1,Houston_01,2024-12-27,ERROR,ERROR,ERROR,ERROR
Tron-o-matic 1,Houston_01,2024-12-28,ERROR,ERROR,ERROR,ERROR
Tron-o-matic 1,Houston_01,2024-12-29,ERROR,ERROR,ERROR,ERROR
Tron-o-matic 1,Houston_01,2024-12-30,ERROR,ERROR,ERROR,ERROR
Tron-o-matic 1,Houston_01,2024-12-31,ERROR,ERROR,ERROR,ERROR
Tron-o-matic 1,Chicago_01,2024-10-01,ERROR,ERROR,ERROR,ERROR
Tron-o-matic 1,Chicago_01,2024-10-02,ERROR,ERROR,ERROR,ERROR
Tron-o-matic 1,Chicago_01,2024-10-03,ERROR,ERROR,ERROR,ERROR
Tron-o-matic 1,Chicago_01,2024-10-04,ERROR,ERROR,ERROR,ERROR
Tron-o-matic 1,Chicago_01,2024-10-05,ERROR,ERROR,ERROR,ERROR
Tron-o-matic 1,Chicago_01,2024-10-06,ERROR,ERROR,ERROR,ERROR
Tron-o-matic 1,Chicago_01,2024-10-07,ERROR,ERROR,ERROR,ERROR
Tron-o-matic 1,Chicago_01,2024-10-08,ERROR,ERROR,ERROR,ERROR
Tron-o-matic 1,Chicago_01,2024-10-09,ERROR,ERROR,ERROR,ERROR
Tron-o-matic 1,Chicago_01,2024-10-10,ERROR,ERROR,ERROR,ERROR
Tron-o-matic 1,Chicago_01,2024-10-11,ERROR,ERROR,ERROR,ERROR
Tron-o-matic 1,Chicago_01,2024-10-12,ERROR,ERROR,ERROR,ERROR
Tron-o-matic 1,Chicago_01,2024-10-13,ERROR,ERROR,ERROR,ERROR
Tron-o-matic 1,Chicago_01,2024-10-14,ERROR,ERROR,ERROR,ERROR
Tron-o-matic 1,Chicago_01,2024-10-15,ERROR,ERROR,ERROR,ERROR
Tron-o-matic 1,Chicago_01,2024-10-16,ERROR,ERROR,ERROR,ERROR
Tron-o-matic 1,Chicago_01,2024-10-17,ERROR,ERROR,ERROR,ERROR
Tron-o-matic 1,Chicago_01,2024-10-18,ERROR,ERROR,ERROR,ERROR
Tron-o-matic 1,Chicago_01,2024-10-19,ERROR,ERROR,ERROR,ERROR
Tron-o-matic 1,Chicago_01,2024-10-20,ERROR,ERROR,ERROR,ERROR
Tron-o-matic 1,Chicago_01,2024-10-21,ERROR,ERROR,ERROR,ERROR
Tron-o-matic 1,Chicago_01,2024-10-22,ERROR,ERROR,ERROR,ERROR
Tron-o-matic 1,Chicago_01,2024-10-23,ERROR,ERROR,ERROR,ERROR
Tron-o-matic 1,Chicago_01,2024-10-24,ERROR,ERROR,ERROR,ERROR
Tron-o-matic 1,Chicago_01,2024-10-25,ERROR,ERROR,ERROR,ERROR
Tron-o-matic 1,Chicago_01,2024-10-26,ERROR,ERROR,ERROR,ERROR
Tron-o-matic 1,Chicago_01,2024-10-27,ERROR,ERROR,ERROR,ERROR
Tron-o-matic 1,Chicago_01,2024-10-28,ERROR,ERROR,ERROR,ERROR
Tron-o-matic 1,Chicago_01,2024-10-29,ERROR,ERROR,ERROR,ERROR
Tron-o-matic 1,Chicago_01,2024-10-30,ERROR,ERROR,ERROR,ERROR
Tron-o-matic 1,Chicago_01,2024-10-31,ERROR,ERROR,ERROR,ERROR
Tron-o-matic 1,Chicago_01,2024-11-01,ERROR,ERROR,ERROR,ERROR
Tron-o-matic 1,Chicago_01,2024-11-02,ERROR,ERROR,ERROR,ERROR
Tron-o-matic 1,Chicago_01,2024-11-03,ERROR,ERROR,ERROR,ERROR
Tron-o-matic 1,Chicago_01,2024-11-04,ERROR,ERROR,ERROR,ERROR
Tron-o-matic 1,Chicago_01,2024-11-05,ERROR,ERROR,ERROR,ERROR
Tron-o-matic 1,Chicago_01,2024-11-06,ERROR,ERROR,ERROR,ERROR
Tron-o-matic 1,Chicago_01,2024-11-07,ERROR,ERROR,ERROR,ERROR
Tron-o-matic 1,Chicago_01,2024-11-08,ERROR,ERROR,ERROR,ERROR
Tron-o-matic 1,Chicago_01,2024-11-09,ERROR,ERROR,ERROR,ERROR
Tron-o-matic 1,Chicago_01,2024-11-10,ERROR,ERROR,ERROR,ERROR
Tron-o-matic 1,Chicago_01,2024-11-11,ERROR,ERROR,ERROR,ERROR
Tron-o-matic 1,Chicago_01,2024-11-12,ERROR,ERROR,ERROR,ERROR
Tron-o-matic 1,Chicago_01,2024-11-13,ERROR,ERROR,ERROR,ERROR
Tron-o-matic 1,Chicago_01,2024-11-14,ERROR,ERROR,ERROR,ERROR
Tron-o-matic 1,Chicago_01,2024-11-15,ERROR,ERROR,ERROR,ERROR
Tron-o-matic 1,Chicago_01,2024-11-16,ERROR,ERROR,ERROR,ERROR
Tron-o-matic 1,Chicago_01,2024-11-17,ERROR,ERROR,ERROR,ERROR
Tron-o-matic 1,Chicago_01,2024-11-18,ERROR,ERROR,ERROR,ERROR
Tron-o-matic 1,Chicago_01,2024-11-19,ERROR,ERROR,ERROR,ERROR
Tron-o-matic 1,Chicago_01,2024-11-20,ERROR,ERROR,ERROR,ERROR
Tron-o-matic 1,Chicago_01,2024-11-21,ERROR,ERROR,ERROR,ERROR
Tron-o-matic 1,Chicago_01,2024-11-22,ERROR,ERROR,ERROR,ERROR
Tron-o-matic 1,Chicago_01,2024-11-23,ERROR,ERROR,ERROR,ERROR
Tron-o-matic 1,Chicago_01,2024-11-24,ERROR,ERROR,ERROR,ERROR
Tron-o-matic 1,Chicago_01,2024-11-25,ERROR,ERROR,ERROR,ERROR
Tron-o-matic 1,Chicago_01,2024-11-26,ERROR,ERROR,ERROR,ERROR
Tron-o-matic 1,Chicago_01,2024-11-27,ERROR,ERROR,ERROR,ERROR
Tron-o-matic 1,Chicago_01,2024-11-28,ERROR,ERROR,ERROR,ERROR
Tron-o-matic 1,Chicago_01,2024-11-29,ERROR,ERROR,ERROR,ERROR
Tron-o-matic 1,Chicago_01,2024-11-30,ERROR,ERROR,ERROR,ERROR
Tron-o-matic 1,Chicago_01,2024-12-01,ERROR,ERROR,ERROR,ERROR
Tron-o-matic 1,Chicago_01,2024-12-02,ERROR,ERROR,ERROR,ERROR
Tron-o-matic 1,Chicago_01,2024-12-03,ERROR,ERROR,ERROR,ERROR
Tron-o-matic 1,Chicago_01,2024-12-04,ERROR,ERROR,ERROR,ERROR
Tron-o-matic 1,Chicago_01,2024-12-05,ERROR,ERROR,ERROR,ERROR
Tron-o-matic 1,Chicago_01,2024-12-06,ERROR,ERROR,ERROR,ERROR
Tron-o-matic 1,Chicago_01,2024-12-07,ERROR,ERROR,ERROR,ERROR
Tron-o-matic 1,Chicago_01,2024-12-08,ERROR,ERROR,ERROR,ERROR
Tron-o-matic 1,Chicago_01,2024-12-09,ERROR,ERROR,ERROR,ERROR
Tron-o-matic 1,Chicago_01,2024-12-10,ERROR,ERROR,ERROR,ERROR
Tron-o-matic 1,Chicago_01,2024-12-11,ERROR,ERROR,ERROR,ERROR
Tron-o-matic 1,Chicago_01,2024-12-12,ERROR,ERROR,ERROR,ERROR
Tron-o-matic 1,Chicago_01,2024-12-13,ERROR,ERROR,ERROR,ERROR
Tron-o-matic 1,Chicago_01,2024-12-14,ERROR,ERROR,ERROR,ERROR
Tron-o-matic 1,Chicago_01,2024-12-15,ERROR,ERROR,ERROR,ERROR
Tron-o-matic 1,Chicago_01,2024-12-16,ERROR,ERROR,ERROR,ERROR
Tron-o-matic 1,Chicago_01,2024-12-17,ERROR,ERROR,ERROR,ERROR
Tron-o-matic 1,Chicago_01,2024-12-18,ERROR,ERROR,ERROR,ERROR
Tron-o-matic 1,Chicago_01,2024-12-19,ERROR,ERROR,ERROR,ERROR
Tron-o-matic 1,Chicago_01,2024-12-20,ERROR,ERROR,ERROR,ERROR
Tron-o-matic 1,Chicago_01,2024-12-21,ERROR,ERROR,ERROR,ERROR
Tron-o-matic 1,Chicago_01,2024-12-22,ERROR,ERROR,ERROR,ERROR
Tron-o-matic 1,Chicago_01,2024-12-23,ERROR,ERROR,ERROR,ERROR
Tron-o-matic 1,Chicago_01,2024-12-24,ERROR,ERROR,ERROR,ERROR
Tron-o-matic 1,Chicago_01,2024-12-25,ERROR,ERROR,ERROR,ERROR
Tron-o-matic 1,Chicago_01,2024-12-26,ERROR,ERROR,ERROR,ERROR
Tron-o-matic 1,Chicago_01,2024-12-27,ERROR,ERROR,ERROR,ERROR
Tron-o-matic 1,Chicago_01,2024-12-28,ERROR,ERROR,ERROR,ERROR
Tron-o-matic 1,Chicago_01,2024-12-29,ERROR,ERROR,ERROR,ERROR
Tron-o-matic 1,Chicago_01,2024-12-30,ERROR,ERROR,ERROR,ERROR
Tron-o-matic 1,Chicago_01,2024-12-31,ERROR,ERROR,ERROR,ERROR
Tron-o-matic 1,NewYork_02,2024-10-01,ERROR,ERROR,ERROR,ERROR
Tron-o-matic 1,NewYork_02,2024-10-02,ERROR,ERROR,ERROR,ERROR
Tron-o-matic 1,NewYork_02,2024-10-03,ERROR,ERROR,ERROR,ERROR
Tron-o-matic 1,NewYork_02,2024-10-04,ERROR,ERROR,ERROR,ERROR
Tron-o-matic 1,NewYork_02,2024-10-05,ERROR,ERROR,ERROR,ERROR
Tron-o-matic 1,NewYork_02,2024-10-06,ERROR,ERROR,ERROR,ERROR
Tron-o-matic 1,NewYork_02,2024-10-07,ERROR,ERROR,ERROR,ERROR
Tron-o-matic 1,NewYork_02,2024-10-08,ERROR,ERROR,ERROR,ERROR
Tron-o-matic 1,NewYork_02,2024-10-09,ERROR,ERROR,ERROR,ERROR
Tron-o-matic 1,NewYork_02,2024-10-10,ERROR,ERROR,ERROR,ERROR
Tron-o-matic 1,NewYork_02,2024-10-11,ERROR,ERROR,ERROR,ERROR
Tron-o-matic 1,NewYork_02,2024-10-12,ERROR,ERROR,ERROR,ERROR
Tron-o-matic 1,NewYork_02,2024-10-13,ERROR,ERROR,ERROR,ERROR
Tron-o-matic 1,NewYork_02,2024-10-14,ERROR,ERROR,ERROR,ERROR
Tron-o-matic 1,NewYork_02,2024-10-15,ERROR,ERROR,ERROR,ERROR
Tron-o-matic 1,NewYork_02,2024-10-16,ERROR,ERROR,ERROR,ERROR
Tron-o-matic 1,NewYork_02,2024-10-17,ERROR,ERROR,ERROR,ERROR
Tron-o-matic 1,NewYork_02,2024-10-18,ERROR,ERROR,ERROR,ERROR
Tron-o-matic 1,NewYork_02,2024-10-19,ERROR,ERROR,ERROR,ERROR
Tron-o-matic 1,NewYork_02,2024-10-20,ERROR,ERROR,ERROR,ERROR
Tron-o-matic 1,NewYork_02,2024-10-21,ERROR,ERROR,ERROR,ERROR
Tron-o-matic 1,NewYork_02,2024-10-22,ERROR,ERROR,ERROR,ERROR
Tron-o-matic 1,NewYork_02,2024-10-23,ERROR,ERROR,ERROR,ERROR
Tron-o-matic 1,NewYork_02,2024-10-24,ERROR,ERROR,ERROR,ERROR
Tron-o-matic 1,NewYork_02,2024-10-25,ERROR,ERROR,ERROR,ERROR
Tron-o-matic 1,NewYork_02,2024-10-26,ERROR,ERROR,ERROR,ERROR
Tron-o-matic 1,NewYork_02,2024-10-27,ERROR,ERROR,ERROR,ERROR
Tron-o-matic 1,NewYork_02,2024-10-28,ERROR,ERROR,ERROR,ERROR
Tron-o-matic 1,NewYork_02,2024-10-29,ERROR,ERROR,ERROR,ERROR
Tron-o-matic 1,NewYork_02,2024-10-30,ERROR,ERROR,ERROR,ERROR
Tron-o-matic 1,NewYork_02,2024-10-31,ERROR,ERROR,ERROR,ERROR
Tron-o-matic 1,NewYork_02,2024-11-01,ERROR,ERROR,ERROR,ERROR
Tron-o-matic 1,NewYork_02,2024-11-02,ERROR,ERROR,ERROR,ERROR
Tron-o-matic 1,NewYork_02,2024-11-03,ERROR,ERROR,ERROR,ERROR
Tron-o-matic 1,NewYork_02,2024-11-04,ERROR,ERROR,ERROR,ERROR
Tron-o-matic 1,NewYork_02,2024-11-05,ERROR,ERROR,ERROR,ERROR
Tron-o-matic 1,NewYork_02,2024-11-06,ERROR,ERROR,ERROR,ERROR
Tron-o-matic 1,NewYork_02,2024-11-07,ERROR,ERROR,ERROR,ERROR
Tron-o-matic 1,NewYork_02,2024-11-08,ERROR,ERROR,ERROR,ERROR
Tron-o-matic 1,NewYork_02,2024-11-09,ERROR,ERROR,ERROR,ERROR
Tron-o-matic 1,NewYork_02,2024-11-10,ERROR,ERROR,ERROR,ERROR
Tron-o-matic 1,NewYork_02,2024-11-11,ERROR,ERROR,ERROR,ERROR
Tron-o-matic 1,NewYork_02,2024-11-12,ERROR,ERROR,ERROR,ERROR
Tron-o-matic 1,NewYork_02,2024-11-13,ERROR,ERROR,ERROR,ERROR
Tron-o-matic 1,NewYork_02,2024-11-14,ERROR,ERROR,ERROR,ERROR
Tron-o-matic 1,NewYork_02,2024-11-15,ERROR,ERROR,ERROR,ERROR
Tron-o-matic 1,NewYork_02,2024-11-16,ERROR,ERROR,ERROR,ERROR
Tron-o-matic 1,NewYork_02,2024-11-17,ERROR,ERROR,ERROR,ERROR
Tron-o-matic 1,NewYork_02,2024-11-18,ERROR,ERROR,ERROR,ERROR
Tron-o-matic 1,NewYork_02,2024-11-19,ERROR,ERROR,ERROR,ERROR
Tron-o-matic 1,NewYork_02,2024-11-20,ERROR,ERROR,ERROR,ERROR
Tron-o-matic 1,NewYork_02,2024-11-21,ERROR,ERROR,ERROR,ERROR
Tron-o-matic 1,NewYork_02,2024-11-22,ERROR,ERROR,ERROR,ERROR
Tron-o-matic 1,NewYork_02,2024-11-23,ERROR,ERROR,ERROR,ERROR
Tron-o-matic 1,NewYork_02,2024-11-24,ERROR,ERROR,ERROR,ERROR
Tron-o-matic 1,NewYork_02,2024-11-25,ERROR,ERROR,ERROR,ERROR
Tron-o-matic 1,NewYork_02,2024-11-26,ERROR,ERROR,ERROR,ERROR
Tron-o-matic 1,NewYork_02,2024-11-27,ERROR,ERROR,ERROR,ERROR
Tron-o-matic 1,NewYork_02,2024-11-28,ERROR,ERROR,ERROR,ERROR
Tron-o-matic 1,NewYork_02,2024-11-29,ERROR,ERROR,ERROR,ERROR
Tron-o-matic 1,NewYork_02,2024-11-30,ERROR,ERROR,ERROR,ERROR
Tron-o-matic 1,NewYork_02,2024-12-01,ERROR,ERROR,ERROR,ERROR
Tron-o-matic 1,NewYork_02,2024-12-02,ERROR,ERROR,ERROR,ERROR
Tron-o-matic 1,NewYork_02,2024-12-03,ERROR,ERROR,ERROR,ERROR
Tron-o-matic 1,NewYork_02,2024-12-04,ERROR,ERROR,ERROR,ERROR
Tron-o-matic 1,NewYork_02,2024-12-05,ERROR,ERROR,ERROR,ERROR
Tron-o-matic 1,NewYork_02,2024-12-06,ERROR,ERROR,ERROR,ERROR
Tron-o-matic 1,NewYork_02,2024-12-07,ERROR,ERROR,ERROR,ERROR
Tron-o-matic 1,NewYork_02,2024-12-08,ERROR,ERROR,ERROR,ERROR
Tron-o-matic 1,NewYork_02,2024-12-09,ERROR,ERROR,ERROR,ERROR
Tron-o-matic 1,NewYork_02,2024-12-10,ERROR,ERROR,ERROR,ERROR
Tron-o-matic 1,NewYork_02,2024-12-11,ERROR,ERROR,ERROR,ERROR
Tron-o-matic 1,NewYork_02,2024-12-12,ERROR,ERROR,ERROR,ERROR
Tron-o-matic 1,NewYork_02,2024-12-13,ERROR,ERROR,ERROR,ERROR
Tron-o-matic 1,NewYork_02,2024-12-14,ERROR,ERROR,ERROR,ERROR
Tron-o-matic 1,NewYork_02,2024-12-15,ERROR,ERROR,ERROR,ERROR
Tron-o-matic 1,NewYork_02,2024-12-16,ERROR,ERROR,ERROR,ERROR
Tron-o-matic 1,NewYork_02,2024-12-17,ERROR,ERROR,ERROR,ERROR
Tron-o-matic 1,NewYork_02,2024-12-18,ERROR,ERROR,ERROR,ERROR
Tron-o-matic 1,NewYork_02,2024-12-19,ERROR,ERROR,ERROR,ERROR
Tron-o-matic 1,NewYork_02,2024-12-20,ERROR,ERROR,ERROR,ERROR
Tron-o-matic 1,NewYork_02,2024-12-21,ERROR,ERROR,ERROR,ERROR
Tron-o-matic 1,NewYork_02,2024-12-22,ERROR,ERROR,ERROR,ERROR
Tron-o-matic 1,NewYork_02,2024-12-23,ERROR,ERROR,ERROR,ERROR
Tron-o-matic 1,NewYork_02,2024-12-24,ERROR,ERROR,ERROR,ERROR
Tron-o-matic 1,NewYork_02,2024-12-25,ERROR,ERROR,ERROR,ERROR
Tron-o-matic 1,NewYork_02,2024-12-26,ERROR,ERROR,ERROR,ERROR
Tron-o-matic 1,NewYork_02,2024-12-27,ERROR,ERROR,ERROR,ERROR
Tron-o-matic 1,NewYork_02,2024-12-28,ERROR,ERROR,ERROR,ERROR
Tron-o-matic 1,NewYork_02,2024-12-29,ERROR,ERROR,ERROR,ERROR
Tron-o-matic 1,NewYork_02,2024-12-30,ERROR,ERROR,ERROR,ERROR
Tron-o-matic 1,NewYork_02,2024-12-31,ERROR,ERROR,ERROR,ERROR
Tron-o-matic 1,Online_Store,2024-10-01,ERROR,ERROR,ERROR,ERROR
Tron-o-matic 1,Online_Store,2024-10-02,ERROR,ERROR,ERROR,ERROR
Tron-o-matic 1,Online_Store,2024-10-03,ERROR,ERROR,ERROR,ERROR
Tron-o-matic 1,Online_Store,2024-10-04,ERROR,ERROR,ERROR,ERROR
Tron-o-matic 1,Online_Store,2024-10-05,ERROR,ERROR,ERROR,ERROR
Tron-o-matic 1,Online_Store,2024-10-06,ERROR,ERROR,ERROR,ERROR
Tron-o-matic 1,Online_Store,2024-10-07,ERROR,ERROR,ERROR,ERROR
Tron-o-matic 1,Online_Store,2024-10-08,ERROR,ERROR,ERROR,ERROR
Tron-o-matic 1,Online_Store,2024-10-09,ERROR,ERROR,ERROR,ERROR
Tron-o-matic 1,Online_Store,2024-10-10,ERROR,ERROR,ERROR,ERROR
Tron-o-matic 1,Online_Store,2024-10-11,ERROR,ERROR,ERROR,ERROR
Tron-o-matic 1,Online_Store,2024-10-12,ERROR,ERROR,ERROR,ERROR
Tron-o-matic 1,Online_Store,2024-10-13,ERROR,ERROR,ERROR,ERROR
Tron-o-matic 1,Online_Store,2024-10-14,ERROR,ERROR,ERROR,ERROR
Tron-o-matic 1,Online_Store,2024-10-15,ERROR,ERROR,ERROR,ERROR
Tron-o-matic 1,Online_Store,2024-10-16,ERROR,ERROR,ERROR,ERROR
Tron-o-matic 1,Online_Store,2024-10-17,ERROR,ERROR,ERROR,ERROR
Tron-o-matic 1,Online_Store,2024-10-18,ERROR,ERROR,ERROR,ERROR
Tron-o-matic 1,Online_Store,2024-10-19,ERROR,ERROR,ERROR,ERROR
Tron-o-matic 1,Online_Store,2024-10-20,ERROR,ERROR,ERROR,ERROR
Tron-o-matic 1,Online_Store,2024-10-21,ERROR,ERROR,ERROR,ERROR
Tron-o-matic 1,Online_Store,2024-10-22,ERROR,ERROR,ERROR,ERROR
Tron-o-matic 1,Online_Store,2024-10-23,ERROR,ERROR,ERROR,ERROR
Tron-o-matic 1,Online_Store,2024-10-24,ERROR,ERROR,ERROR,ERROR
Tron-o-matic 1,Online_Store,2024-10-25,ERROR,ERROR,ERROR,ERROR
Tron-o-matic 1,Online_Store,2024-10-26,ERROR,ERROR,ERROR,ERROR
Tron-o-matic 1,Online_Store,2024-10-27,ERROR,ERROR,ERROR,ERROR
Tron-o-matic 1,Online_Store,2024-10-28,ERROR,ERROR,ERROR,ERROR
Tron-o-matic 1,Online_Store,2024-10-29,ERROR,ERROR,ERROR,ERROR
Tron-o-matic 1,Online_Store,2024-10-30,ERROR,ERROR,ERROR,ERROR
Tron-o-matic 1,Online_Store,2024-10-31,ERROR,ERROR,ERROR,ERROR
Tron-o-matic 1,Online_Store,2024-11-01,ERROR,ERROR,ERROR,ERROR
Tron-o-matic 1,Online_Store,2024-11-02,ERROR,ERROR,ERROR,ERROR
Tron-o-matic 1,Online_Store,2024-11-03,ERROR,ERROR,ERROR,ERROR
Tron-o-matic 1,Online_Store,2024-11-04,ERROR,ERROR,ERROR,ERROR
Tron-o-matic 1,Online_Store,2024-11-05,ERROR,ERROR,ERROR,ERROR
Tron-o-matic 1,Online_Store,2024-11-06,ERROR,ERROR,ERROR,ERROR
Tron-o-matic 1,Online_Store,2024-11-07,ERROR,ERROR,ERROR,ERROR
Tron-o-matic 1,Online_Store,2024-11-08,ERROR,ERROR,ERROR,ERROR
Tron-o-matic 1,Online_Store,2024-11-09,ERROR,ERROR,ERROR,ERROR
Tron-o-matic 1,Online_Store,2024-11-10,ERROR,ERROR,ERROR,ERROR
Tron-o-matic 1,Online_Store,2024-11-11,ERROR,ERROR,ERROR,ERROR
Tron-o-matic 1,Online_Store,2024-11-12,ERROR,ERROR,ERROR,ERROR
Tron-o-matic 1,Online_Store,2024-11-13,ERROR,ERROR,ERROR,ERROR
Tron-o-matic 1,Online_Store,2024-11-14,ERROR,ERROR,ERROR,ERROR
Tron-o-matic 1,Online_Store,2024-11-15,ERROR,ERROR,ERROR,ERROR
Tron-o-matic 1,Online_Store,2024-11-16,ERROR,ERROR,ERROR,ERROR
Tron-o-matic 1,Online_Store,2024-11-17,ERROR,ERROR,ERROR,ERROR
Tron-o-matic 1,Online_Store,2024-11-18,ERROR,ERROR,ERROR,ERROR
Tron-o-matic 1,Online_Store,2024-11-19,ERROR,ERROR,ERROR,ERROR
Tron-o-matic 1,Online_Store,2024-11-20,ERROR,ERROR,ERROR,ERROR
Tron-o-matic 1,Online_Store,2024-11-21,ERROR,ERROR,ERROR,ERROR
Tron-o-matic 1,Online_Store,2024-11-22,ERROR,ERROR,ERROR,ERROR
Tron-o-matic 1,Online_Store,2024-11-23,ERROR,ERROR,ERROR,ERROR
Tron-o-matic 1,Online_Store,2024-11-24,ERROR,ERROR,ERROR,ERROR
Tron-o-matic 1,Online_Store,2024-11-25,ERROR,ERROR,ERROR,ERROR
Tron-o-matic 1,Online_Store,2024-11-26,ERROR,ERROR,ERROR,ERROR
Tron-o-matic 1,Online_Store,2024-11-27,ERROR,ERROR,ERROR,ERROR
Tron-o-matic 1,Online_Store,2024-11-28,ERROR,ERROR,ERROR,ERROR
Tron-o-matic 1,Online_Store,2024-11-29,ERROR,ERROR,ERROR,ERROR
Tron-o-matic 1,Online_Store,2024-11-30,ERROR,ERROR,ERROR,ERROR
Tron-o-matic 1,Online_Store,2024-12-01,ERROR,ERROR,ERROR,ERROR
Tron-o-matic 1,Online_Store,2024-12-02,ERROR,ERROR,ERROR,ERROR
Tron-o-matic 1,Online_Store,2024-12-03,ERROR,ERROR,ERROR,ERROR
Tron-o-matic 1,Online_Store,2024-12-04,ERROR,ERROR,ERROR,ERROR
Tron-o-matic 1,Online_Store,2024-12-05,ERROR,ERROR,ERROR,ERROR
Tron-o-matic 1,Online_Store,2024-12-06,ERROR,ERROR,ERROR,ERROR
Tron-o-matic 1,Online_Store,2024-12-07,ERROR,ERROR,ERROR,ERROR
Tron-o-matic 1,Online_Store,2024-12-08,ERROR,ERROR,ERROR,ERROR
Tron-o-matic 1,Online_Store,2024-12-09,ERROR,ERROR,ERROR,ERROR
Tron-o-matic 1,Online_Store,2024-12-10,ERROR,ERROR,ERROR,ERROR
Tron-o-matic 1,Online_Store,2024-12-11,ERROR,ERROR,ERROR,ERROR
Tron-o-matic 1,Online_Store,2024-12-12,ERROR,ERROR,ERROR,ERROR
Tron-o-matic 1,Online_Store,2024-12-13,ERROR,ERROR,ERROR,ERROR
Tron-o-matic 1,Online_Store,2024-12-14,ERROR,ERROR,ERROR,ERROR
Tron-o-matic 1,Online_Store,2024-12-15,ERROR,ERROR,ERROR,ERROR
Tron-o-matic 1,Online_Store,2024-12-16,ERROR,ERROR,ERROR,ERROR
Tron-o-matic 1,Online_Store,2024-12-17,ERROR,ERROR,ERROR,ERROR
Tron-o-matic 1,Online_Store,2024-12-18,ERROR,ERROR,ERROR,ERROR
Tron-o-matic 1,Online_Store,2024-12-19,ERROR,ERROR,ERROR,ERROR
Tron-o-matic 1,Online_Store,2024-12-20,ERROR,ERROR,ERROR,ERROR
Tron-o-matic 1,Online_Store,2024-12-21,ERROR,ERROR,ERROR,ERROR
Tron-o-matic 1,Online_Store,2024-12-22,ERROR,ERROR,ERROR,ERROR
Tron-o-matic 1,Online_Store,2024-12-23,ERROR,ERROR,ERROR,ERROR
Tron-o-matic 1,Online_Store,2024-12-24,ERROR,ERROR,ERROR,ERROR
Tron-o-matic 1,Online_Store,2024-12-25,ERROR,ERROR,ERROR,ERROR
Tron-o-matic 1,Online_Store,2024-12-26,ERROR,ERROR,ERROR,ERROR
Tron-o-matic 1,Online_Store,2024-12-27,ERROR,ERROR,ERROR,ERROR
Tron-o-matic 1,Online_Store,2024-12-28,ERROR,ERROR,ERROR,ERROR
Tron-o-matic 1,Online_Store,2024-12-29,ERROR,ERROR,ERROR,ERROR
Tron-o-matic 1,Online_Store,2024-12-30,ERROR,ERROR,ERROR,ERROR
Tron-o-matic 1,Online_Store,2024-12-31,ERROR,ERROR,ERROR,ERROR
Tron-o-matic 1,WashingtonDC_01,2024-10-01,ERROR,ERROR,ERROR,ERROR
Tron-o-matic 1,WashingtonDC_01,2024-10-02,ERROR,ERROR,ERROR,ERROR
Tron-o-matic 1,WashingtonDC_01,2024-10-03,ERROR,ERROR,ERROR,ERROR
Tron-o-matic 1,WashingtonDC_01,2024-10-04,ERROR,ERROR,ERROR,ERROR
Tron-o-matic 1,WashingtonDC_01,2024-10-05,ERROR,ERROR,ERROR,ERROR
Tron-o-matic 1,WashingtonDC_01,2024-10-06,ERROR,ERROR,ERROR,ERROR
Tron-o-matic 1,WashingtonDC_01,2024-10-07,ERROR,ERROR,ERROR,ERROR
Tron-o-matic 1,WashingtonDC_01,2024-10-08,ERROR,ERROR,ERROR,ERROR
Tron-o-matic 1,WashingtonDC_01,2024-10-09,ERROR,ERROR,ERROR,ERROR
Tron-o-matic 1,WashingtonDC_01,2024-10-10,ERROR,ERROR,ERROR,ERROR
Tron-o-matic 1,WashingtonDC_01,2024-10-11,ERROR,ERROR,ERROR,ERROR
Tron-o-matic 1,WashingtonDC_01,2024-10-12,ERROR,ERROR,ERROR,ERROR
Tron-o-matic 1,WashingtonDC_01,2024-10-13,ERROR,ERROR,ERROR,ERROR
Tron-o-matic 1,WashingtonDC_01,2024-10-14,ERROR,ERROR,ERROR,ERROR
Tron-o-matic 1,WashingtonDC_01,2024-10-15,ERROR,ERROR,ERROR,ERROR
Tron-o-matic 1,WashingtonDC_01,2024-10-16,ERROR,ERROR,ERROR,ERROR
Tron-o-matic 1,WashingtonDC_01,2024-10-17,ERROR,ERROR,ERROR,ERROR
Tron-o-matic 1,WashingtonDC_01,2024-10-18,ERROR,ERROR,ERROR,ERROR
Tron-o-matic 1,WashingtonDC_01,2024-10-19,ERROR,ERROR,ERROR,ERROR
Tron-o-matic 1,WashingtonDC_01,2024-10-20,ERROR,ERROR,ERROR,ERROR
Tron-o-matic 1,WashingtonDC_01,2024-10-21,ERROR,ERROR,ERROR,ERROR
Tron-o-matic 1,WashingtonDC_01,2024-10-22,ERROR,ERROR,ERROR,ERROR
Tron-o-matic 1,WashingtonDC_01,2024-10-23,ERROR,ERROR,ERROR,ERROR
Tron-o-matic 1,WashingtonDC_01,2024-10-24,ERROR,ERROR,ERROR,ERROR
Tron-o-matic 1,WashingtonDC_01,2024-10-25,ERROR,ERROR,ERROR,ERROR
Tron-o-matic 1,WashingtonDC_01,2024-10-26,ERROR,ERROR,ERROR,ERROR
Tron-o-matic 1,WashingtonDC_01,2024-10-27,ERROR,ERROR,ERROR,ERROR
Tron-o-matic 1,WashingtonDC_01,2024-10-28,ERROR,ERROR,ERROR,ERROR
Tron-o-matic 1,WashingtonDC_01,2024-10-29,ERROR,ERROR,ERROR,ERROR
Tron-o-matic 1,WashingtonDC_01,2024-10-30,ERROR,ERROR,ERROR,ERROR
Tron-o-matic 1,WashingtonDC_01,2024-10-31,ERROR,ERROR,ERROR,ERROR
Tron-o-matic 1,WashingtonDC_01,2024-11-01,ERROR,ERROR,ERROR,ERROR
Tron-o-matic 1,WashingtonDC_01,2024-11-02,ERROR,ERROR,ERROR,ERROR
Tron-o-matic 1,WashingtonDC_01,2024-11-03,ERROR,ERROR,ERROR,ERROR
Tron-o-matic 1,WashingtonDC_01,2024-11-04,ERROR,ERROR,ERROR,ERROR
Tron-o-matic 1,WashingtonDC_01,2024-11-05,ERROR,ERROR,ERROR,ERROR
Tron-o-matic 1,WashingtonDC_01,2024-11-06,ERROR,ERROR,ERROR,ERROR
Tron-o-matic 1,WashingtonDC_01,2024-11-07,ERROR,ERROR,ERROR,ERROR
Tron-o-matic 1,WashingtonDC_01,2024-11-08,ERROR,ERROR,ERROR,ERROR
Tron-o-matic 1,WashingtonDC_01,2024-11-09,ERROR,ERROR,ERROR,ERROR
Tron-o-matic 1,WashingtonDC_01,2024-11-10,ERROR,ERROR,ERROR,ERROR
Tron-o-matic 1,WashingtonDC_01,2024-11-11,ERROR,ERROR,ERROR,ERROR
Tron-o-matic 1,WashingtonDC_01,2024-11-12,ERROR,ERROR,ERROR,ERROR
Tron-o-matic 1,WashingtonDC_01,2024-11-13,ERROR,ERROR,ERROR,ERROR
Tron-o-matic 1,WashingtonDC_01,2024-11-14,ERROR,ERROR,ERROR,ERROR
Tron-o-matic 1,WashingtonDC_01,2024-11-15,ERROR,ERROR,ERROR,ERROR
Tron-o-matic 1,WashingtonDC_01,2024-11-16,ERROR,ERROR,ERROR,ERROR
Tron-o-matic 1,WashingtonDC_01,2024-11-17,ERROR,ERROR,ERROR,ERROR
Tron-o-matic 1,WashingtonDC_01,2024-11-18,ERROR,ERROR,ERROR,ERROR
Tron-o-matic 1,WashingtonDC_01,2024-11-19,ERROR,ERROR,ERROR,ERROR
Tron-o-matic 1,WashingtonDC_01,2024-11-20,ERROR,ERROR,ERROR,ERROR
Tron-o-matic 1,WashingtonDC_01,2024-11-21,ERROR,ERROR,ERROR,ERROR
Tron-o-matic 1,WashingtonDC_01,2024-11-22,ERROR,ERROR,ERROR,ERROR
Tron-o-matic 1,WashingtonDC_01,2024-11-23,ERROR,ERROR,ERROR,ERROR
Tron-o-matic 1,WashingtonDC_01,2024-11-24,ERROR,ERROR,ERROR,ERROR
Tron-o-matic 1,WashingtonDC_01,2024-11-25,ERROR,ERROR,ERROR,ERROR
Tron-o-matic 1,WashingtonDC_01,2024-11-26,ERROR,ERROR,ERROR,ERROR
Tron-o-matic 1,WashingtonDC_01,2024-11-27,ERROR,ERROR,ERROR,ERROR
Tron-o-matic 1,WashingtonDC_01,2024-11-28,ERROR,ERROR,ERROR,ERROR
Tron-o-matic 1,WashingtonDC_01,2024-11-29,ERROR,ERROR,ERROR,ERROR
Tron-o-matic 1,WashingtonDC_01,2024-11-30,ERROR,ERROR,ERROR,ERROR
Tron-o-matic 1,WashingtonDC_01,2024-12-01,ERROR,ERROR,ERROR,ERROR
Tron-o-matic 1,WashingtonDC_01,2024-12-02,ERROR,ERROR,ERROR,ERROR
Tron-o-matic 1,WashingtonDC_01,2024-12-03,ERROR,ERROR,ERROR,ERROR
Tron-o-matic 1,WashingtonDC_01,2024-12-04,ERROR,ERROR,ERROR,ERROR
Tron-o-matic 1,WashingtonDC_01,2024-12-05,ERROR,ERROR,ERROR,ERROR
Tron-o-matic 1,WashingtonDC_01,2024-12-06,ERROR,ERROR,ERROR,ERROR
Tron-o-matic 1,WashingtonDC_01,2024-12-07,ERROR,ERROR,ERROR,ERROR
Tron-o-matic 1,WashingtonDC_01,2024-12-08,ERROR,ERROR,ERROR,ERROR
Tron-o-matic 1,WashingtonDC_01,2024-12-09,ERROR,ERROR,ERROR,ERROR
Tron-o-matic 1,WashingtonDC_01,2024-12-10,ERROR,ERROR,ERROR,ERROR
Tron-o-matic 1,WashingtonDC_01,2024-12-11,ERROR,ERROR,ERROR,ERROR
Tron-o-matic 1,WashingtonDC_01,2024-12-12,ERROR,ERROR,ERROR,ERROR
Tron-o-matic 1,WashingtonDC_01,2024-12-13,ERROR,ERROR,ERROR,ERROR
Tron-o-matic 1,WashingtonDC_01,2024-12-14,ERROR,ERROR,ERROR,ERROR
Tron-o-matic 1,WashingtonDC_01,2024-12-15,ERROR,ERROR,ERROR,ERROR
Tron-o-matic 1,WashingtonDC_01,2024-12-16,ERROR,ERROR,ERROR,ERROR
Tron-o-matic 1,WashingtonDC_01,2024-12-17,ERROR,ERROR,ERROR,ERROR
Tron-o-matic 1,WashingtonDC_01,2024-12-18,ERROR,ERROR,ERROR,ERROR
Tron-o-matic 1,WashingtonDC_01,2024-12-19,ERROR,ERROR,ERROR,ERROR
Tron-o-matic 1,WashingtonDC_01,2024-12-20,ERROR,ERROR,ERROR,ERROR
Tron-o-matic 1,WashingtonDC_01,2024-12-21,ERROR,ERROR,ERROR,ERROR
Tron-o-matic 1,WashingtonDC_01,2024-12-22,ERROR,ERROR,ERROR,ERROR
Tron-o-matic 1,WashingtonDC_01,2024-12-23,ERROR,ERROR,ERROR,ERROR
Tron-o-matic 1,WashingtonDC_01,2024-12-24,ERROR,ERROR,ERROR,ERROR
Tron-o-matic 1,WashingtonDC_01,2024-12-25,ERROR,ERROR,ERROR,ERROR
Tron-o-matic 1,WashingtonDC_01,2024-12-26,ERROR,ERROR,ERROR,ERROR
Tron-o-matic 1,WashingtonDC_01,2024-12-27,ERROR,ERROR,ERROR,ERROR
Tron-o-matic 1,WashingtonDC_01,2024-12-28,ERROR,ERROR,ERROR,ERROR
Tron-o-matic 1,WashingtonDC_01,2024-12-29,ERROR,ERROR,ERROR,ERROR
Tron-o-matic 1,WashingtonDC_01,2024-12-30,ERROR,ERROR,ERROR,ERROR
Tron-o-matic 1,WashingtonDC_01,2024-12-31,ERROR,ERROR,ERROR,ERROR
Tron-o-matic 1,Philadelphia_01,2024-10-01,ERROR,ERROR,ERROR,ERROR
Tron-o-matic 1,Philadelphia_01,2024-10-02,ERROR,ERROR,ERROR,ERROR
Tron-o-matic 1,Philadelphia_01,2024-10-03,ERROR,ERROR,ERROR,ERROR
Tron-o-matic 1,Philadelphia_01,2024-10-04,ERROR,ERROR,ERROR,ERROR
Tron-o-matic 1,Philadelphia_01,2024-10-05,ERROR,ERROR,ERROR,ERROR
Tron-o-matic 1,Philadelphia_01,2024-10-06,ERROR,ERROR,ERROR,ERROR
Tron-o-matic 1,Philadelphia_01,2024-10-07,ERROR,ERROR,ERROR,ERROR
Tron-o-matic 1,Philadelphia_01,2024-10-08,ERROR,ERROR,ERROR,ERROR
Tron-o-matic 1,Philadelphia_01,2024-10-09,ERROR,ERROR,ERROR,ERROR
Tron-o-matic 1,Philadelphia_01,2024-10-10,ERROR,ERROR,ERROR,ERROR
Tron-o-matic 1,Philadelphia_01,2024-10-11,ERROR,ERROR,ERROR,ERROR
Tron-o-matic 1,Philadelphia_01,2024-10-12,ERROR,ERROR,ERROR,ERROR
Tron-o-matic 1,Philadelphia_01,2024-10-13,ERROR,ERROR,ERROR,ERROR
Tron-o-matic 1,Philadelphia_01,2024-10-14,ERROR,ERROR,ERROR,ERROR
Tron-o-matic 1,Philadelphia_01,2024-10-15,ERROR,ERROR,ERROR,ERROR
Tron-o-matic 1,Philadelphia_01,2024-10-16,ERROR,ERROR,ERROR,ERROR
Tron-o-matic 1,Philadelphia_01,2024-10-17,ERROR,ERROR,ERROR,ERROR
Tron-o-matic 1,Philadelphia_01,2024-10-18,ERROR,ERROR,ERROR,ERROR
Tron-o-matic 1,Philadelphia_01,2024-10-19,ERROR,ERROR,ERROR,ERROR
Tron-o-matic 1,Philadelphia_01,2024-10-20,ERROR,ERROR,ERROR,ERROR
Tron-o-matic 1,Philadelphia_01,2024-10-21,ERROR,ERROR,ERROR,ERROR
Tron-o-matic 1,Philadelphia_01,2024-10-22,ERROR,ERROR,ERROR,ERROR
Tron-o-matic 1,Philadelphia_01,2024-10-23,ERROR,ERROR,ERROR,ERROR
Tron-o-matic 1,Philadelphia_01,2024-10-24,ERROR,ERROR,ERROR,ERROR
Tron-o-matic 1,Philadelphia_01,2024-10-25,ERROR,ERROR,ERROR,ERROR
Tron-o-matic 1,Philadelphia_01,2024-10-26,ERROR,ERROR,ERROR,ERROR
Tron-o-matic 1,Philadelphia_01,2024-10-27,ERROR,ERROR,ERROR,ERROR
Tron-o-matic 1,Philadelphia_01,2024-10-28,ERROR,ERROR,ERROR,ERROR
Tron-o-matic 1,Philadelphia_01,2024-10-29,ERROR,ERROR,ERROR,ERROR
Tron-o-matic 1,Philadelphia_01,2024-10-30,ERROR,ERROR,ERROR,ERROR
Tron-o-matic 1,Philadelphia_01,2024-10-31,ERROR,ERROR,ERROR,ERROR
Tron-o-matic 1,Philadelphia_01,2024-11-01,ERROR,ERROR,ERROR,ERROR
Tron-o-matic 1,Philadelphia_01,2024-11-02,ERROR,ERROR,ERROR,ERROR
Tron-o-matic 1,Philadelphia_01,2024-11-03,ERROR,ERROR,ERROR,ERROR
Tron-o-matic 1,Philadelphia_01,2024-11-04,ERROR,ERROR,ERROR,ERROR
Tron-o-matic 1,Philadelphia_01,2024-11-05,ERROR,ERROR,ERROR,ERROR
Tron-o-matic 1,Philadelphia_01,2024-11-06,ERROR,ERROR,ERROR,ERROR
Tron-o-matic 1,Philadelphia_01,2024-11-07,ERROR,ERROR,ERROR,ERROR
Tron-o-matic 1,Philadelphia_01,2024-11-08,ERROR,ERROR,ERROR,ERROR
Tron-o-matic 1,Philadelphia_01,2024-11-09,ERROR,ERROR,ERROR,ERROR
Tron-o-matic 1,Philadelphia_01,2024-11-10,ERROR,ERROR,ERROR,ERROR
Tron-o-matic 1,Philadelphia_01,2024-11-11,ERROR,ERROR,ERROR,ERROR
Tron-o-matic 1,Philadelphia_01,2024-11-12,ERROR,ERROR,ERROR,ERROR
Tron-o-matic 1,Philadelphia_01,2024-11-13,ERROR,ERROR,ERROR,ERROR
Tron-o-matic 1,Philadelphia_01,2024-11-14,ERROR,ERROR,ERROR,ERROR
Tron-o-matic 1,Philadelphia_01,2024-11-15,ERROR,ERROR,ERROR,ERROR
Tron-o-matic 1,Philadelphia_01,2024-11-16,ERROR,ERROR,ERROR,ERROR
Tron-o-matic 1,Philadelphia_01,2024-11-17,ERROR,ERROR,ERROR,ERROR
Tron-o-matic 1,Philadelphia_01,2024-11-18,ERROR,ERROR,ERROR,ERROR
Tron-o-matic 1,Philadelphia_01,2024-11-19,ERROR,ERROR,ERROR,ERROR
Tron-o-matic 1,Philadelphia_01,2024-11-20,ERROR,ERROR,ERROR,ERROR
Tron-o-matic 1,Philadelphia_01,2024-11-21,ERROR,ERROR,ERROR,ERROR
Tron-o-matic 1,Philadelphia_01,2024-11-22,ERROR,ERROR,ERROR,ERROR
Tron-o-matic 1,Philadelphia_01,2024-11-23,ERROR,ERROR,ERROR,ERROR
Tron-o-matic 1,Philadelphia_01,2024-11-24,ERROR,ERROR,ERROR,ERROR
Tron-o-matic 1,Philadelphia_01,2024-11-25,ERROR,ERROR,ERROR,ERROR
Tron-o-matic 1,Philadelphia_01,2024-11-26,ERROR,ERROR,ERROR,ERROR
Tron-o-matic 1,Philadelphia_01,2024-11-27,ERROR,ERROR,ERROR,ERROR
Tron-o-matic 1,Philadelphia_01,2024-11-28,ERROR,ERROR,ERROR,ERROR
Tron-o-matic 1,Philadelphia_01,2024-11-29,ERROR,ERROR,ERROR,ERROR
Tron-o-matic 1,Philadelphia_01,2024-11-30,ERROR,ERROR,ERROR,ERROR
Tron-o-matic 1,Philadelphia_01,2024-12-01,ERROR,ERROR,ERROR,ERROR
Tron-o-matic 1,Philadelphia_01,2024-12-02,ERROR,ERROR,ERROR,ERROR
Tron-o-matic 1,Philadelphia_01,2024-12-03,ERROR,ERROR,ERROR,ERROR
Tron-o-matic 1,Philadelphia_01,2024-12-04,ERROR,ERROR,ERROR,ERROR
Tron-o-matic 1,Philadelphia_01,2024-12-05,ERROR,ERROR,ERROR,ERROR
Tron-o-matic 1,Philadelphia_01,2024-12-06,ERROR,ERROR,ERROR,ERROR
Tron-o-matic 1,Philadelphia_01,2024-12-07,ERROR,ERROR,ERROR,ERROR
Tron-o-matic 1,Philadelphia_01,2024-12-08,ERROR,ERROR,ERROR,ERROR
Tron-o-matic 1,Philadelphia_01,2024-12-09,ERROR,ERROR,ERROR,ERROR
Tron-o-matic 1,Philadelphia_01,2024-12-10,ERROR,ERROR,ERROR,ERROR
Tron-o-matic 1,Philadelphia_01,2024-12-11,ERROR,ERROR,ERROR,ERROR
Tron-o-matic 1,Philadelphia_01,2024-12-12,ERROR,ERROR,ERROR,ERROR
Tron-o-matic 1,Philadelphia_01,2024-12-13,ERROR,ERROR,ERROR,ERROR
Tron-o-matic 1,Philadelphia_01,2024-12-14,ERROR,ERROR,ERROR,ERROR
Tron-o-matic 1,Philadelphia_01,2024-12-15,ERROR,ERROR,ERROR,ERROR
Tron-o-matic 1,Philadelphia_01,2024-12-16,ERROR,ERROR,ERROR,ERROR
Tron-o-matic 1,Philadelphia_01,2024-12-17,ERROR,ERROR,ERROR,ERROR
Tron-o-matic 1,Philadelphia_01,2024-12-18,ERROR,ERROR,ERROR,ERROR
Tron-o-matic 1,Philadelphia_01,2024-12-19,ERROR,ERROR,ERROR,ERROR
Tron-o-matic 1,Philadelphia_01,2024-12-20,ERROR,ERROR,ERROR,ERROR
Tron-o-matic 1,Philadelphia_01,2024-12-21,ERROR,ERROR,ERROR,ERROR
Tron-o-matic 1,Philadelphia_01,2024-12-22,ERROR,ERROR,ERROR,ERROR
Tron-o-matic 1,Philadelphia_01,2024-12-23,ERROR,ERROR,ERROR,ERROR
Tron-o-matic 1,Philadelphia_01,2024-12-24,ERROR,ERROR,ERROR,ERROR
Tron-o-matic 1,Philadelphia_01,2024-12-25,ERROR,ERROR,ERROR,ERROR
Tron-o-matic 1,Philadelphia_01,2024-12-26,ERROR,ERROR,ERROR,ERROR
Tron-o-matic 1,Philadelphia_01,2024-12-27,ERROR,ERROR,ERROR,ERROR
Tron-o-matic 1,Philadelphia_01,2024-12-28,ERROR,ERROR,ERROR,ERROR
Tron-o-matic 1,Philadelphia_01,2024-12-29,ERROR,ERROR,ERROR,ERROR
Tron-o-matic 1,Philadelphia_01,2024-12-30,ERROR,ERROR,ERROR,ERROR
Tron-o-matic 1,Philadelphia_01,2024-12-31,ERROR,ERROR,ERROR,ERROR
Tron-o-matic 2 Pro,Atlanta_01,2024-10-01,25.226824368277608,27.372564863132034,29.18436784619452,27.261525366188334
Tron-o-matic 2 Pro,Atlanta_01,2024-10-02,22.60232443600877,24.294096384562334,25.825573698083144,24.253040030030355
Tron-o-matic 2 Pro,Atlanta_01,2024-10-03,21.77739259398774,24.05925699432989,26.11068337658989,24.030663260762736
Tron-o-matic 2 Pro,Atlanta_01,2024-10-04,24.810156715694138,26.964340364103094,29.194940830747065,27.07494619848956
Tron-o-matic 2 Pro,Atlanta_01,2024-10-05,33.71582397235527,36.10933049997355,37.974857833823485,35.92162487651959
Tron-o-matic 2 Pro,Atlanta_01,2024-10-06,28.402333405612378,30.40770421980126,31.829140551204343,30.326557110888317
Tron-o-matic 2 Pro,Atlanta_01,2024-10-07,25.54243094871793,27.16712521643888,28.82819428737752,27.19836816297845
Tron-o-matic 2 Pro,Atlanta_01,2024-10-08,28.557059864140157,30.196554157534678,32.34073533690678,30.316244997494632
Tron-o-matic 2 Pro,Atlanta_01,2024-10-09,22.200401995083894,24.227018910666537,25.775675766199306,24.14273305576779
Tron-o-matic 2 Pro,Atlanta_01,2024-10-10,21.91032798438345,23.970507805879084,25.855827871198755,23.955333921443675
Tron-o-matic 2 Pro,Atlanta_01,2024-10-11,24.813555572130156,26.602169321102725,28.17619399202593,26.59743013034803
Tron-o-matic 2 Pro,Atlanta_01,2024-10-12,21.892236464448228,23.944446723173368,25.82375736108579,23.811544820894795
Tron-o-matic 2 Pro,Atlanta_01,2024-10-13,22.18739661370936,24.193001193879148,25.667190600635845,24.063541305150512
Tron-o-matic 2 Pro,Atlanta_01,2024-10-14,22.448733684100276,24.059413537399124,25.837097032275462,24.061256046211753
Tron-o-matic 2 Pro,Atlanta_01,2024-10-15,26.17134568114759,28.020692489077636,30.113788060026092,27.989425245334317
Tron-o-matic 2 Pro,Atlanta_01,2024-10-16,22.170501321848676,24.052702567793425,26.03230733157165,24.101384568504002
Tron-o-matic 2 Pro,Atlanta_01,2024-10-17,21.963710829591495,23.629316553943255,25.33923830375804,23.62068205459013
Tron-o-matic 2 Pro,Atlanta_01,2024-10-18,34.92686345741013,36.55567235399885,38.46331262804168,36.60957813378017
Tron-o-matic 2 Pro,Atlanta_01,2024-10-19,25.81901146394254,27.659910994853657,29.370008186651592,27.650926628140436
Tron-o-matic 2 Pro,Atlanta_01,2024-10-20,21.74783956522697,23.401066683019923,26.01427390185218,23.532446369587678
Tron-o-matic 2 Pro,Atlanta_01,2024-10-21,21.21549955676444,23.612596178445035,25.747816155561658,23.624439724902814
Tron-o-matic 2 Pro,Atlanta_01,2024-10-22,21.18775602820684,23.98064624443542,26.356985651507433,23.919809713803932
Tron-o-matic 2 Pro,Atlanta_01,2024-10-23,24.802417911711647,26.559009257162117,28.257848242860963,26.48898036182802
Tron-o-matic 2 Pro,Atlanta_01,2024-10-24,21.239366902238487,23.104653122695577,24.959527652338405,23.070513392729858
Tron-o-matic 2 Pro,Atlanta_01,2024-10-25,34.73211987737968,36.704669325985776,38.748661384288134,36.76951635923872
Tron-o-matic 2 Pro,Atlanta_01,2024-10-26,27.228356403129354,29.333798478270907,31.22273504656721,29.264478472036863
Tron-o-matic 2 Pro,Atlanta_01,2024-10-27,21.329556282980853,22.960115682725846,24.707285274266845,22.928681506173067
Tron-o-matic 2 Pro,Atlanta_01,2024-10-28,35.40502513080371,37.06486140832968,39.82703051204605,37.36822203432498
Tron-o-matic 2 Pro,Atlanta_01,2024-10-29,37.512108092917956,39.647024161714484,41.63908924714829,39.706429415658924
Tron-o-matic 2 Pro,Atlanta_01,2024-10-30,24.164416390073125,26.186417549079646,28.339139017391254,26.26400527027562
Tron-o-matic 2 Pro,Atlanta_01,2024-10-31,20.766108844832285,22.505131029921927,24.431635560072575,22.514994153815806
Tron-o-matic 2 Pro,Atlanta_01,2024-11-01,26.68186747288844,28.98843279523785,30.728398465023375,28.831991181015102
Tron-o-matic 2 Pro,Atlanta_01,2024-11-02,20.46599561867516,22.26542171335787,23.670914130759517,22.192329437442076
Tron-o-matic 2 Pro,Atlanta_01,2024-11-03,20.77395350823266,22.65329112777334,24.167619423096347,22.438428888041226
Tron-o-matic 2 Pro,Atlanta_01,2024-11-04,20.228700524344653,22.046550533768077,23.924660147013704,22.03442435690652
Tron-o-matic 2 Pro,Atlanta_01,2024-11-05,20.21344936634188,22.328026672660336,24.38971630001287,22.309913871645257
Tron-o-matic 2 Pro,Atlanta_01,2024-11-06,25.353665663239173,27.09532733047,29.17617517689796,27.109580354101073
Tron-o-matic 2 Pro,Atlanta_01,2024-11-07,19.650151446332906,21.69910336041132,23.943766146009406,21.644780891154618
Tron-o-matic 2 Pro,Atlanta_01,2024-11-08,19.3306465039102,21.94923461356843,23.400490723709336,21.640452366787862
Tron-o-matic 2 Pro,Atlanta_01,2024-11-09,19.86420615396891,21.620247395304467,23.78436381319187,21.685059867338556
Tron-o-matic 2 Pro,Atlanta_01,2024-11-10,19.92089225425722,21.803921044431092,23.85891370386534,21.81897937124229
Tron-o-matic 2 Pro,Atlanta_01,2024-11-11,19.954625456999686,21.923787249164693,23.721191384190004,21.96288400646126
Tron-o-matic 2 Pro,Atlanta_01,2024-11-12,19.668471672876656,21.792866294522888,23.940229760282104,21.685927723217237
Tron-o-matic 2 Pro,Atlanta_01,2024-11-13,25.914436974754764,27.865619803053544,29.415959417239673,27.811315610886126
Tron-o-matic 2 Pro,Atlanta_01,2024-11-14,19.388263247704078,21.148794188269097,23.12245095340968,21.22692138948076
Tron-o-matic 2 Pro,Atlanta_01,2024-11-15,19.38779708889575,21.349331323842655,23.134237443189413,21.288581630005286
Tron-o-matic 2 Pro,Atlanta_01,2024-11-16,19.18350988820122,20.911743957397274,22.677507639881597,20.88947026788542
Tron-o-matic 2 Pro,Atlanta_01,2024-11-17,24.95343376013474,26.864469562116323,28.704130077808568,26.792850642170233
Tron-o-matic 2 Pro,Atlanta_01,2024-11-18,24.057584694734018,26.434960151268132,28.069020561778213,26.359572429801705
Tron-o-matic 2 Pro,Atlanta_01,2024-11-19,25.378822887939318,27.420185767862925,29.263222413527778,27.33100638701954
Tron-o-matic 2 Pro,Atlanta_01,2024-11-20,33.35973571666199,34.95681035248833,36.843634411551164,35.01785671454365
Tron-o-matic 2 Pro,Atlanta_01,2024-11-21,19.134817656121214,20.997144140023185,23.249306973067036,21.045853136284823
Tron-o-matic 2 Pro,Atlanta_01,2024-11-22,34.73026416254539,36.5358490417486,38.324966933794784,36.57541228135472
Tron-o-matic 2 Pro,Atlanta_01,2024-11-23,30.702026625093396,32.67177758801676,34.5349951413537,32.67485097329076
Tron-o-matic 2 Pro,Atlanta_01,2024-11-24,26.0939632380323,27.9606440933185,29.951339336056257,27.935663291619594
Tron-o-matic 2 Pro,Atlanta_01,2024-11-25,31.470253076783933,33.54962694332558,35.95569847346863,33.64115472831697
Tron-o-matic 2 Pro,Atlanta_01,2024-11-26,23.42495265083269,25.17538907149574,27.208533688948545,25.24449865680018
Tron-o-matic 2 Pro,Atlanta_01,2024-11-27,19.587506067165506,21.41866545139742,23.363762751666876,21.417795129499897
Tron-o-matic 2 Pro,Atlanta_01,2024-11-28,18.75577737860042,21.032300904164636,23.27349029424092,21.084865983039325
Tron-o-matic 2 Pro,Atlanta_01,2024-11-29,37.28471520696222,39.22289025758123,41.02865792111054,39.195860251434205
Tron-o-matic 2 Pro,Atlanta_01,2024-11-30,23.10039750666306,24.688338026328296,26.823085080577577,24.68378137894686
Tron-o-matic 2 Pro,Atlanta_01,2024-12-01,30.855146821973552,32.91348996141024,35.0606083516433,32.894076583690264
Tron-o-matic 2 Pro,Atlanta_01,2024-12-02,19.60871990624281,21.36919347791919,23.116146555788777,21.401149234424178
Tron-o-matic 2 Pro,Atlanta_01,2024-12-03,19.58179823996393,21.409941839375833,23.06697422196453,21.272447424944104
Tron-o-matic 2 Pro,Atlanta_01,2024-12-04,18.771649681055877,21.223285034631314,23.073406470494213,21.035254492586215
Tron-o-matic 2 Pro,Atlanta_01,2024-12-05,18.847846679255774,20.842351465671083,23.275120191532626,21.015821557486362
Tron-o-matic 2 Pro,Atlanta_01,2024-12-06,19.168363257531368,21.314659505312918,22.851102233425962,21.10681873221301
Tron-o-matic 2 Pro,Atlanta_01,2024-12-07,25.190981103954595,27.482232207485357,29.072272362991516,27.3270032293408
Tron-o-matic 2 Pro,Atlanta_01,2024-12-08,19.253196332472168,21.200207624451732,22.848343995948216,21.206635744637786
Tron-o-matic 2 Pro,Atlanta_01,2024-12-09,32.10749898393092,33.986574009491115,35.72095111252881,33.88512033169477
Tron-o-matic 2 Pro,Atlanta_01,2024-12-10,19.00395360531574,20.896450428877,22.975640672389545,20.995595716996085
Tron-o-matic 2 Pro,Atlanta_01,2024-12-11,31.6547168862643,33.8080942106131,35.7759019645505,33.669967712536064
Tron-o-matic 2 Pro,Atlanta_01,2024-12-12,19.3691537341773,21.059940303555116,23.036205873219956,21.144655150816465
Tron-o-matic 2 Pro,Atlanta_01,2024-12-13,19.032744452251457,20.95787349085081,22.888319743488704,20.89897673428675
Tron-o-matic 2 Pro,Atlanta_01,2024-12-14,18.8428777477313,20.951692649872133,22.935297780507124,20.928085094007447
Tron-o-matic 2 Pro,Atlanta_01,2024-12-15,23.874098813748414,25.500577349874664,27.868602094143192,25.659069559630954
Tron-o-matic 2 Pro,Atlanta_01,2024-12-16,22.436174930079396,24.03368714965626,26.140996317362013,24.076536800207247
Tron-o-matic 2 Pro,Atlanta_01,2024-12-17,27.49592877634738,29.47300756506667,31.72710279231908,29.43152003805926
Tron-o-matic 2 Pro,Atlanta_01,2024-12-18,19.672032030605376,21.39200256544628,23.246334004403746,21.430406506554167
Tron-o-matic 2 Pro,Atlanta_01,2024-12-19,35.25054227459953,37.1598258584875,39.05628580001938,37.261666625151655
Tron-o-matic 2 Pro,Atlanta_01,2024-12-20,23.158540395747465,25.0136701262137,26.72938241492553,24.972796517243264
Tron-o-matic 2 Pro,Atlanta_01,2024-12-21,19.28703491555066,21.297232372609162,23.17544361041112,21.21946705377419
Tron-o-matic 2 Pro,Atlanta_01,2024-12-22,19.735244997565843,21.622917321723573,23.38747559993516,21.568680789252664
Tron-o-matic 2 Pro,Atlanta_01,2024-12-23,31.9440589143627,33.555971886348075,35.59420827458387,33.794751285370154
Tron-o-matic 2 Pro,Atlanta_01,2024-12-24,19.842079510082613,21.575484927382043,23.631488444618512,21.662080802926166
Tron-o-matic 2 Pro,Atlanta_01,2024-12-25,19.584932200793613,21.544696958744893,23.145783273967403,21.498475808999082
Tron-o-matic 2 Pro,Atlanta_01,2024-12-26,19.572843722120542,21.47301732082858,23.874385354838903,21.541350815692816
Tron-o-matic 2 Pro,Atlanta_01,2024-12-27,19.85937961805672,21.553993095456892,23.167844152738574,21.51708397529748
Tron-o-matic 2 Pro,Atlanta_01,2024-12-28,19.3599544306708,21.44242243081382,23.409098349255448,21.48517615817322
Tron-o-matic 2 Pro,Atlanta_01,2024-12-29,19.95886617159801,21.724151901253634,24.079830660359615,21.754474465188522
Tron-o-matic 2 Pro,Atlanta_01,2024-12-30,20.090733266010016,22.187404710257514,23.92491143382102,22.09835186481048
Tron-o-matic 2 Pro,Atlanta_01,2024-12-31,27.13220806363976,29.425687470455735,30.94221053913526,29.247089361338894
Tron-o-matic 2 Pro,LosAngeles_01,2024-10-01,51.95034993903166,56.098328438410896,60.222274639200045,56.12926108441945
Tron-o-matic 2 Pro,LosAngeles_01,2024-10-02,46.68355764649845,50.31854587458391,53.84408672523321,50.17065434738258
Tron-o-matic 2 Pro,LosAngeles_01,2024-10-03,45.56240597769603,49.88601864564167,54.24595135829601,49.877948943608686
Tron-o-matic 2 Pro,LosAngeles_01,2024-10-04,51.636586415473005,55.704521650319485,60.00889385007444,55.68759925404031
Tron-o-matic 2 Pro,LosAngeles_01,2024-10-05,70.75320121915036,75.03058542614009,78.40035197841101,74.89197579265262
Tron-o-matic 2 Pro,LosAngeles_01,2024-10-06,59.12101434346648,62.48056672465505,66.76370377302185,62.803090751791515
Tron-o-matic 2 Pro,LosAngeles_01,2024-10-07,50.720108575085085,55.58914153723438,60.17773491229372,55.49102302828262
Tron-o-matic 2 Pro,LosAngeles_01,2024-10-08,58.89532928317684,62.01339366392194,65.94390816281526,62.23046547680821
Tron-o-matic 2 Pro,LosAngeles_01,2024-10-09,45.48692574318374,49.16408705226844,53.54782207809147,49.486301133438204
Tron-o-matic 2 Pro,LosAngeles_01,2024-10-10,45.294559785562335,50.40425563751167,54.925749859300865,50.15188778251194
Tron-o-matic 2 Pro,LosAngeles_01,2024-10-11,51.31139093292295,55.488997314709465,60.066402407701226,55.70500466179796
Tron-o-matic 2 Pro,LosAngeles_01,2024-10-12,46.11296184449864,49.78657550617342,53.640489381465,49.79705505620709
Tron-o-matic 2 Pro,LosAngeles_01,2024-10-13,46.22547058330651,50.038539651261544,54.311373075192236,50.03511112034657
Tron-o-matic 2 Pro,LosAngeles_01,2024-10-14,45.84417963331904,50.06446294581356,54.179994849110884,50.07889722880792
Tron-o-matic 2 Pro,LosAngeles_01,2024-10-15,54.54863996275644,58.6450149043834,61.38105846874088,58.18491040885843
Tron-o-matic 2 Pro,LosAngeles_01,2024-10-16,45.06183696863686,49.259499226909746,52.583375461575734,48.9899325280181
Tron-o-matic 2 Pro,LosAngeles_01,2024-10-17,45.140389366200694,48.91360945873199,52.55967216082796,49.15186487677336
Tron-o-matic 2 Pro,LosAngeles_01,2024-10-18,73.42413322857341,76.77888299025692,80.24803831112492,76.91980395184255
Tron-o-matic 2 Pro,LosAngeles_01,2024-10-19,53.742265490683444,57.3565813582763,61.37371062282811,57.371454642283304
Tron-o-matic 2 Pro,LosAngeles_01,2024-10-20,45.44074028754385,48.588177160348486,53.0387507661394,48.94820881791888
Tron-o-matic 2 Pro,LosAngeles_01,2024-10-21,45.273012432915195,49.338826574858736,53.37451607791191,49.24028574630257
Tron-o-matic 2 Pro,LosAngeles_01,2024-10-22,45.66871452932017,48.9161969306873,52.90827607743904,48.87185601113886
Tron-o-matic 2 Pro,LosAngeles_01,2024-10-23,50.470153074991686,55.04048758802743,59.11382855530273,54.893085398033655
Tron-o-matic 2 Pro,LosAngeles_01,2024-10-24,43.79223498610632,47.933434029440214,51.69778297330616,47.79633919989932
Tron-o-matic 2 Pro,LosAngeles_01,2024-10-25,73.39371773684069,77.08155537275218,80.60248472225592,76.83816876859711
Tron-o-matic 2 Pro,LosAngeles_01,2024-10-26,57.45140794942676,61.87889440790407,66.00246951095822,61.84295156207449
Tron-o-matic 2 Pro,LosAngeles_01,2024-10-27,43.92632844960451,47.89896425795916,52.05067576697481,47.946636665838376
Tron-o-matic 2 Pro,LosAngeles_01,2024-10-28,74.47280602625197,78.54823344043717,82.85878751360013,78.62667814775976
Tron-o-matic 2 Pro,LosAngeles_01,2024-10-29,78.62159983530186,82.50601808391855,85.63237672688814,82.3735092077127
Tron-o-matic 2 Pro,LosAngeles_01,2024-10-30,49.867275658717666,53.57557595880899,58.20721550442567,53.825026809342965
Tron-o-matic 2 Pro,LosAngeles_01,2024-10-31,42.32052304565066,46.55006328764857,50.502364835569445,46.43108932230868
Tron-o-matic 2 Pro,LosAngeles_01,2024-11-01,56.19319881351285,59.563266316549424,63.183800264529594,59.56813618226891
Tron-o-matic 2 Pro,LosAngeles_01,2024-11-02,41.73152450902693,45.838867524857484,49.74343257923619,45.94277346646115
Tron-o-matic 2 Pro,LosAngeles_01,2024-11-03,42.71133951319809,46.62650929878841,49.485163551237115,46.25195085049378
Tron-o-matic 2 Pro,LosAngeles_01,2024-11-04,41.54828215330651,45.53076020630406,49.24336744177533,45.42564407295452
Tron-o-matic 2 Pro,LosAngeles_01,2024-11-05,41.35236543988068,45.54446171905712,50.24127895634045,45.54831824965729
Tron-o-matic 2 Pro,LosAngeles_01,2024-11-06,51.774141471945256,56.17397729308851,59.737829094434986,55.816344094599316
Tron-o-matic 2 Pro,LosAngeles_01,2024-11-07,39.90856793743173,44.46574932513027,49.429041043235166,44.52410013306208
Tron-o-matic 2 Pro,LosAngeles_01,2024-11-08,39.06842223763381,44.16836755001425,48.85310239905476,44.12117914690823
Tron-o-matic 2 Pro,LosAngeles_01,2024-11-09,40.5983316558876,44.130982641574676,47.805082055828706,44.31251567929214
Tron-o-matic 2 Pro,LosAngeles_01,2024-11-10,40.36087876588651,43.938427064615354,47.95464135302137,44.032628529022276
Tron-o-matic 2 Pro,LosAngeles_01,2024-11-11,39.951880327755624,43.89884094840182,48.15252350191057,43.83188204666408
Tron-o-matic 2 Pro,LosAngeles_01,2024-11-12,40.50488322224201,44.22523283742429,47.97816333114484,44.01046091116816
Tron-o-matic 2 Pro,LosAngeles_01,2024-11-13,52.51661289973444,56.749367661451664,60.645700229953896,56.66286989574758
Tron-o-matic 2 Pro,LosAngeles_01,2024-11-14,39.00385102528819,43.16863228886624,46.15945919684038,42.681321822501666
Tron-o-matic 2 Pro,LosAngeles_01,2024-11-15,39.33596213754742,44.03554245925518,47.78019447566257,43.69269633018911
Tron-o-matic 2 Pro,LosAngeles_01,2024-11-16,38.545380386593486,43.82297382302199,48.10973472709363,43.438324972025484
Tron-o-matic 2 Pro,LosAngeles_01,2024-11-17,51.10618517319032,54.53739822325242,58.57881718857375,54.64381416358284
Tron-o-matic 2 Pro,LosAngeles_01,2024-11-18,49.375067508882054,53.083326081774246,56.609900134898524,53.12149371579257
Tron-o-matic 2 Pro,LosAngeles_01,2024-11-19,50.506224653711136,55.09587859296872,58.924159011990035,54.92359789519941
Tron-o-matic 2 Pro,LosAngeles_01,2024-11-20,66.42109134790685,70.75712457704505,74.93444492264504,70.8212073427458
Tron-o-matic 2 Pro,LosAngeles_01,2024-11-21,38.85549715768772,43.65483153653306,46.79914794742335,43.181658383368216
Tron-o-matic 2 Pro,LosAngeles_01,2024-11-22,71.69043112188571,75.36227518215767,79.2003871302315,75.49713909022104
Tron-o-matic 2 Pro,LosAngeles_01,2024-11-23,63.48119185980656,67.45375987693298,71.64188476722401,67.4478722531301
Tron-o-matic 2 Pro,LosAngeles_01,2024-11-24,53.29882484307116,57.416487793873905,61.67669843058382,57.70977747406933
Tron-o-matic 2 Pro,LosAngeles_01,2024-11-25,66.06405633380011,69.79021008947545,73.50344174164124,69.86008204305055
Tron-o-matic 2 Pro,LosAngeles_01,2024-11-26,47.54890387520758,51.53637806507043,55.81319773152995,51.55687921546446
Tron-o-matic 2 Pro,LosAngeles_01,2024-11-27,40.155326768188914,43.268544931156015,46.49431714946687,43.4398285063402
Tron-o-matic 2 Pro,LosAngeles_01,2024-11-28,40.72350233406209,44.028276559999355,47.66437551647631,43.96136675562661
Tron-o-matic 2 Pro,LosAngeles_01,2024-11-29,76.77975036958512,81.61168399994054,85.00835306226891,81.47954536873286
Tron-o-matic 2 Pro,LosAngeles_01,2024-11-30,47.568513062167725,51.98371091816186,55.35698983166125,51.572838847819995
Tron-o-matic 2 Pro,LosAngeles_01,2024-12-01,64.87024782116993,67.86437487241274,72.78309960326885,68.56841368292974
Tron-o-matic 2 Pro,LosAngeles_01,2024-12-02,40.27128299122289,44.79586542078678,48.72900635849213,44.63877096351138
Tron-o-matic 2 Pro,LosAngeles_01,2024-12-03,40.52621566245309,44.556305266184324,48.86906529252587,44.39823861055028
Tron-o-matic 2 Pro,LosAngeles_01,2024-12-04,39.19153972065119,43.75313932327715,46.820541175619404,43.58974505466927
Tron-o-matic 2 Pro,LosAngeles_01,2024-12-05,39.63619603654267,43.69675216212257,47.92982152350777,43.611760347912586
Tron-o-matic 2 Pro,LosAngeles_01,2024-12-06,40.268525132688765,43.69273910456985,47.5855834436898,43.83608005241359
Tron-o-matic 2 Pro,LosAngeles_01,2024-12-07,53.99223487941241,57.92136585751577,61.74861048826844,57.90774355664956
Tron-o-matic 2 Pro,LosAngeles_01,2024-12-08,39.328532922715816,43.772315551751184,48.24665140726305,43.760908671141
Tron-o-matic 2 Pro,LosAngeles_01,2024-12-09,66.0704724694633,70.89543883774225,75.23833114706608,70.71022875986817
Tron-o-matic 2 Pro,LosAngeles_01,2024-12-10,40.26790880285681,45.1879991345258,49.68198573742427,44.94199282813716
Tron-o-matic 2 Pro,LosAngeles_01,2024-12-11,66.57691801606458,69.55819420435445,73.50648790396461,69.77930357837117
Tron-o-matic 2 Pro,LosAngeles_01,2024-12-12,39.1734710109002,43.685254857079144,47.885180164204755,43.70292656878724
Tron-o-matic 2 Pro,LosAngeles_01,2024-12-13,39.203267520126104,43.33382579315789,46.44276088897749,43.09996251446026
Tron-o-matic 2 Pro,LosAngeles_01,2024-12-14,39.51410065399921,44.24868589073108,49.00255185046513,44.1110516745214
Tron-o-matic 2 Pro,LosAngeles_01,2024-12-15,49.984298195618614,53.17857454141706,56.73626234594672,53.26745678940567
Tron-o-matic 2 Pro,LosAngeles_01,2024-12-16,45.75150508988337,50.01634792314785,54.40385249685258,49.9953368595921
Tron-o-matic 2 Pro,LosAngeles_01,2024-12-17,57.93490334150637,60.68934428511334,64.92373438012376,61.10680297495631
Tron-o-matic 2 Pro,LosAngeles_01,2024-12-18,39.78461757255759,43.31005995774664,47.34287340286253,43.47727282864962
Tron-o-matic 2 Pro,LosAngeles_01,2024-12-19,73.50056605560717,77.77271778352268,82.7672850103155,77.79359131061838
Tron-o-matic 2 Pro,LosAngeles_01,2024-12-20,46.67133525143904,51.30701437023477,55.04831375329481,50.85532526535419
Tron-o-matic 2 Pro,LosAngeles_01,2024-12-21,40.258133035012804,43.719649597601446,48.41403535182012,43.846372060029246
Tron-o-matic 2 Pro,LosAngeles_01,2024-12-22,39.04952571630549,43.615022382910055,47.63270574741803,43.480199180209866
Tron-o-matic 2 Pro,LosAngeles_01,2024-12-23,64.9747735738581,69.46367296516749,73.30119628015117,69.44257693232822
Tron-o-matic 2 Pro,LosAngeles_01,2024-12-24,39.65487726522809,43.902058944997215,46.95612324272919,43.47268388597587
Tron-o-matic 2 Pro,LosAngeles_01,2024-12-25,39.469020684503874,43.45944711759063,47.528717407516666,43.51512167092791
Tron-o-matic 2 Pro,LosAngeles_01,2024-12-26,40.177796471060375,43.42198440509514,47.426059923043574,43.655331527654965
Tron-o-matic 2 Pro,LosAngeles_01,2024-12-27,38.80322633212022,43.58591736478144,47.34946763368048,43.25094529812118
Tron-o-matic 2 Pro,LosAngeles_01,2024-12-28,39.55226918325961,43.72323475072406,48.051167994265484,43.893926326665515
Tron-o-matic 2 Pro,LosAngeles_01,2024-12-29,40.84137197123231,43.95584419991073,47.808192327306664,44.11920848025046
Tron-o-matic 2 Pro,LosAngeles_01,2024-12-30,40.264599549796394,43.89815651694749,47.47486827560046,44.07789528194201
Tron-o-matic 2 Pro,LosAngeles_01,2024-12-31,54.78332182045891,59.13556647516387,63.21665508417132,59.0916344619377
Tron-o-matic 2 Pro,Chicago_01,2024-10-01,39.34910555109337,42.98504492443967,45.499621582728594,42.698942925395166
Tron-o-matic 2 Pro,Chicago_01,2024-10-02,34.28179972246715,38.35791557001793,41.298792519636514,38.064787076685406
Tron-o-matic 2 Pro,Chicago_01,2024-10-03,35.310916195931,38.55127330580995,41.91091107993252,38.593343877011584
Tron-o-matic 2 Pro,Chicago_01,2024-10-04,40.406584986629234,43.44009474445952,46.15557970919917,43.375844422408534
Tron-o-matic 2 Pro,Chicago_01,2024-10-05,54.057559249305164,57.33354494251494,60.31193670757851,57.264113984802904
Tron-o-matic 2 Pro,Chicago_01,2024-10-06,45.3789415479343,47.93818202776642,51.01908574100653,48.04614301265713
Tron-o-matic 2 Pro,Chicago_01,2024-10-07,40.10606481648727,42.91218148619395,45.911448219028586,42.99112784068519
Tron-o-matic 2 Pro,Chicago_01,2024-10-08,43.65842259859964,47.49540800078657,50.75455542100782,47.3702458031118
Tron-o-matic 2 Pro,Chicago_01,2024-10-09,35.144688572936786,38.91052775411363,41.814560481045355,38.49066493046873
Tron-o-matic 2 Pro,Chicago_01,2024-10-10,34.35037824842921,38.61992570709436,42.411303271199216,38.560172126663836
Tron-o-matic 2 Pro,Chicago_01,2024-10-11,39.18446868305014,42.799946878715424,46.10303229964293,42.655555197702284
Tron-o-matic 2 Pro,Chicago_01,2024-10-12,34.83764535000047,38.64559562598399,41.952987106654696,38.44993930932694
Tron-o-matic 2 Pro,Chicago_01,2024-10-13,35.013467165531615,38.343248217926295,41.62119612666941,38.26364930851207
Tron-o-matic 2 Pro,Chicago_01,2024-10-14,35.399246289898734,38.888727241354914,41.278525298148644,38.55886968334546
Tron-o-matic 2 Pro,Chicago_01,2024-10-15,40.1696612367736,43.174363951996014,47.42819119816841,43.46494618901883
Tron-o-matic 2 Pro,Chicago_01,2024-10-16,34.67645755057736,37.7357043676334,40.31662887543671,37.73717283349715
Tron-o-matic 2 Pro,Chicago_01,2024-10-17,34.348318589304554,38.38801924079573,41.02919737762807,37.892496954981226
Tron-o-matic 2 Pro,Chicago_01,2024-10-18,56.69560681997555,59.05179222477858,62.142720119648146,59.322147305223915
Tron-o-matic 2 Pro,Chicago_01,2024-10-19,40.64905778648674,43.62072863397923,46.64485327703644,43.55401492776643
Tron-o-matic 2 Pro,Chicago_01,2024-10-20,34.52695026689202,38.20337177743438,41.65943729996759,38.00580907801781
Tron-o-matic 2 Pro,Chicago_01,2024-10-21,34.88601919320533,37.84968917303274,40.99010051995992,37.81206271183461
Tron-o-matic 2 Pro,Chicago_01,2024-10-22,33.107282013368575,36.6506055760668,39.695057395751284,36.393545849035775
Tron-o-matic 2 Pro,Chicago_01,2024-10-23,38.544885952814944,41.40811347810704,44.542685436437964,41.46228807526452
Tron-o-matic 2 Pro,Chicago_01,2024-10-24,34.318704744548235,37.18055089751937,40.05136976593745,37.15767510204987
Tron-o-matic 2 Pro,Chicago_01,2024-10-25,56.025817089038654,58.85033041808263,62.00186804123444,58.806517780525965
Tron-o-matic 2 Pro,Chicago_01,2024-10-26,43.3693758936422,46.41474968667804,50.075858919081654,46.526367205871296
Tron-o-matic 2 Pro,Chicago_01,2024-10-27,33.27972787963729,36.1447292152504,39.2851535208142,36.1503955581219
Tron-o-matic 2 Pro,Chicago_01,2024-10-28,56.59651911009326,59.58960970834154,62.753155509223085,59.744412680572275
Tron-o-matic 2 Pro,Chicago_01,2024-10-29,59.45406734499212,62.99158838958238,65.78359924662703,62.67657985830339
Tron-o-matic 2 Pro,Chicago_01,2024-10-30,37.87893881526075,41.44405613792567,44.758935174444915,41.341774861275965
Tron-o-matic 2 Pro,Chicago_01,2024-10-31,32.64298933393279,36.36513526245897,39.70896575474064,36.19971573555283
Tron-o-matic 2 Pro,Chicago_01,2024-11-01,43.0403362728773,46.568114043502504,49.79423486026697,46.45811393292943
Tron-o-matic 2 Pro,Chicago_01,2024-11-02,32.18206925730911,35.03639834296564,37.684096328961786,34.94060175304744
Tron-o-matic 2 Pro,Chicago_01,2024-11-03,32.250459219083204,35.25370775755834,38.5208090979324,35.257333482504485
Tron-o-matic 2 Pro,Chicago_01,2024-11-04,32.20160476556223,35.330861645235764,38.76105089395821,35.38330141542454
Tron-o-matic 2 Pro,Chicago_01,2024-11-05,31.653130588030884,34.64198502992517,38.30099432742552,34.89807180745627
Tron-o-matic 2 Pro,Chicago_01,2024-11-06,39.007987619928294,42.9452373364173,46.13972954629478,42.849584666577236
Tron-o-matic 2 Pro,Chicago_01,2024-11-07,31.506964727437875,34.36460274426498,38.03681913502636,34.619553361042854
Tron-o-matic 2 Pro,Chicago_01,2024-11-08,31.880052968969324,34.96935135244984,37.894463498096414,34.81017798802704
Tron-o-matic 2 Pro,Chicago_01,2024-11-09,31.2771952324459,34.51287372035826,37.0382382499748,34.33764255649206
Tron-o-matic 2 Pro,Chicago_01,2024-11-10,32.149592793947676,35.10405232839846,37.29446942260459,34.85777038674545
Tron-o-matic 2 Pro,Chicago_01,2024-11-11,31.191027460088414,34.67426752632798,37.58939892925794,34.397600515999926
Tron-o-matic 2 Pro,Chicago_01,2024-11-12,30.265594881569697,33.601315147453114,36.50283239135357,33.5871818668613
Tron-o-matic 2 Pro,Chicago_01,2024-11-13,41.234787687996075,43.92753738057555,46.574096527853456,43.978366124522026
Tron-o-matic 2 Pro,Chicago_01,2024-11-14,31.03128744242213,34.287164556347015,36.87752434022875,34.03576689816966
Tron-o-matic 2 Pro,Chicago_01,2024-11-15,30.096496732667013,34.029219380295,36.837021645293184,33.521213834862486
Tron-o-matic 2 Pro,Chicago_01,2024-11-16,31.210779548995298,33.825491438614804,37.66192993289095,34.09262744128714
Tron-o-matic 2 Pro,Chicago_01,2024-11-17,39.73938962496581,43.07242986793027,46.38422040817194,43.0034095373561
Tron-o-matic 2 Pro,Chicago_01,2024-11-18,38.28274082245657,41.34150263278113,44.70764675751278,41.57246685517502
Tron-o-matic 2 Pro,Chicago_01,2024-11-19,39.67666433096877,43.133058172925345,46.1324697920708,43.04192841056583
Tron-o-matic 2 Pro,Chicago_01,2024-11-20,52.78291162932889,55.33910391711247,59.05592007257555,55.61089159862032
Tron-o-matic 2 Pro,Chicago_01,2024-11-21,30.012032568683985,34.001687812414886,36.74409405910768,33.65894587701617
Tron-o-matic 2 Pro,Chicago_01,2024-11-22,55.12268241512114,58.20845209368097,62.16970786324549,58.41439144684712
Tron-o-matic 2 Pro,Chicago_01,2024-11-23,49.14037725431242,52.85776473370486,56.107271708122674,52.72703153637232
Tron-o-matic 2 Pro,Chicago_01,2024-11-24,40.81400090099878,43.998961982431,47.825867889847565,44.31982613091375
Tron-o-matic 2 Pro,Chicago_01,2024-11-25,49.440813020299146,53.42467240077191,56.86184401497175,53.48783439120815
Tron-o-matic 2 Pro,Chicago_01,2024-11-26,36.22531396937859,39.847696968035194,43.02528359268621,39.721254836001584
Tron-o-matic 2 Pro,Chicago_01,2024-11-27,30.93123164453506,33.850618766693785,37.15001006745096,33.841017254724136
Tron-o-matic 2 Pro,Chicago_01,2024-11-28,30.363041599687016,33.79690193203032,36.27590387500644,33.58351458504249
Tron-o-matic 2 Pro,Chicago_01,2024-11-29,59.535104738272246,62.3925053821165,65.73661258715597,62.642302910933516
Tron-o-matic 2 Pro,Chicago_01,2024-11-30,36.266455677991516,39.605951751794194,42.51224484790133,39.584813524605735
Tron-o-matic 2 Pro,Chicago_01,2024-12-01,49.55605848753098,52.68594103594472,55.759520654596884,52.7377277985426
Tron-o-matic 2 Pro,Chicago_01,2024-12-02,30.6176060107938,34.21870071555172,37.79406724150024,34.11265811553797
Tron-o-matic 2 Pro,Chicago_01,2024-12-03,30.28943862927699,33.16527919547131,36.030974486533054,33.09363251227112
Tron-o-matic 2 Pro,Chicago_01,2024-12-04,30.671620140719348,33.44213072926093,36.500713991062874,33.45809136431365
Tron-o-matic 2 Pro,Chicago_01,2024-12-05,30.105917556781137,33.13776201705201,36.83044800758941,33.38122623621197
Tron-o-matic 2 Pro,Chicago_01,2024-12-06,30.093634923644867,33.46766005015054,36.94139265080698,33.50355158344908
Tron-o-matic 2 Pro,Chicago_01,2024-12-07,40.70687180905994,43.71570228343091,46.5971868681125,43.64395473918357
Tron-o-matic 2 Pro,Chicago_01,2024-12-08,31.31604340690231,34.19959001905705,37.32867017081153,34.11419786065113
Tron-o-matic 2 Pro,Chicago_01,2024-12-09,51.19247214920198,53.9175284762827,57.88206103338658,54.124021616136254
Tron-o-matic 2 Pro,Chicago_01,2024-12-10,30.152222904204777,33.22076039200298,35.99639626627546,33.0567206019048
Tron-o-matic 2 Pro,Chicago_01,2024-12-11,50.234165322990435,53.88488885305869,56.76739048064649,53.630424590904305
Tron-o-matic 2 Pro,Chicago_01,2024-12-12,30.26358541010464,33.15241843816073,36.89919943743717,33.163236335458784
Tron-o-matic 2 Pro,Chicago_01,2024-12-13,30.884379011993914,33.87765309728074,37.45091482561337,34.00143154581153
Tron-o-matic 2 Pro,Chicago_01,2024-12-14,30.635499988446348,33.59354436823763,36.93239524603572,33.60970114607513
Tron-o-matic 2 Pro,Chicago_01,2024-12-15,36.75799264784909,40.53681419415906,43.6813019666807,40.226096335453555
Tron-o-matic 2 Pro,Chicago_01,2024-12-16,34.53401460445167,38.377746354874375,41.55041206454927,38.285559375756144
Tron-o-matic 2 Pro,Chicago_01,2024-12-17,43.32066544281664,46.83596638682967,49.822796985689465,46.71941669179253
Tron-o-matic 2 Pro,Chicago_01,2024-12-18,30.352683660357272,34.052534637847444,37.07355736717972,34.02601181240859
Tron-o-matic 2 Pro,Chicago_01,2024-12-19,56.21813549230194,59.63070705197086,62.19365022567989,59.34447713430592
Tron-o-matic 2 Pro,Chicago_01,2024-12-20,36.67597673261456,39.277844190691575,41.37445470380479,39.15482881013664
Tron-o-matic 2 Pro,Chicago_01,2024-12-21,31.377790069111814,33.43447486771869,36.222981603958985,33.55275374672274
Tron-o-matic 2 Pro,Chicago_01,2024-12-22,30.79413151018135,34.271907390298715,37.752496745787845,34.13089902555208
Tron-o-matic 2 Pro,Chicago_01,2024-12-23,49.97805372599648,53.84162772122,56.815377034608595,53.475223288879306
Tron-o-matic 2 Pro,Chicago_01,2024-12-24,31.125469301640727,34.21323866162239,36.77620214366844,34.122635001882294
Tron-o-matic 2 Pro,Chicago_01,2024-12-25,29.960577406507998,33.52851893818561,37.48721492718106,33.621257920878726
Tron-o-matic 2 Pro,Chicago_01,2024-12-26,30.59401630704901,33.65223918612205,36.47773514363335,33.61282124255608
Tron-o-matic 2 Pro,Chicago_01,2024-12-27,30.636393201654172,34.18474438919148,37.80803650212181,34.10054719777918
Tron-o-matic 2 Pro,Chicago_01,2024-12-28,31.39871303284509,34.677479974361276,37.8588175534985,34.3856744211379
Tron-o-matic 2 Pro,Chicago_01,2024-12-29,31.0996546272145,34.49317270485151,37.536090996627266,34.46346872479624
Tron-o-matic 2 Pro,Chicago_01,2024-12-30,31.633676617692426,35.16864461214921,38.11249458090225,34.838094094850405
Tron-o-matic 2 Pro,Chicago_01,2024-12-31,42.1254033136299,46.12593371138128,48.73797633059676,45.7136181913012
Tron-o-matic 2 Pro,Dallas_01,2024-10-01,32.85360975312504,35.39931803280195,38.10913011165543,35.51062910825307
Tron-o-matic 2 Pro,Dallas_01,2024-10-02,29.18722816795689,31.898176212573382,33.99115543482626,31.722224203636966
Tron-o-matic 2 Pro,Dallas_01,2024-10-03,29.35551058285668,31.403792257596226,33.93229479401834,31.433380414544672
Tron-o-matic 2 Pro,Dallas_01,2024-10-04,32.9049521448402,35.083739776420444,37.98158708970248,35.28431356506582
Tron-o-matic 2 Pro,Dallas_01,2024-10-05,43.696160315097266,46.993221232521236,50.0522665711233,47.05683157242274
Tron-o-matic 2 Pro,Dallas_01,2024-10-06,37.10576907131459,39.06247720870187,41.55517043324193,39.15218782140369
Tron-o-matic 2 Pro,Dallas_01,2024-10-07,32.08307156804517,34.71256541095588,36.899095497561206,34.62164688555319
Tron-o-matic 2 Pro,Dallas_01,2024-10-08,35.78738673808581,38.805020263097745,41.947741215573714,38.74124123614029
Tron-o-matic 2 Pro,Dallas_01,2024-10-09,28.485644845085602,31.739372094049656,34.30903055426686,31.585731990293002
Tron-o-matic 2 Pro,Dallas_01,2024-10-10,29.00913279961476,31.539836515124144,34.47084821228198,31.636984219938007
Tron-o-matic 2 Pro,Dallas_01,2024-10-11,32.18076132521358,34.61486270625338,37.53391431837893,34.762613596001245
Tron-o-matic 2 Pro,Dallas_01,2024-10-12,28.926715268236862,31.477250037887117,33.796230617996,31.42794566425108
Tron-o-matic 2 Pro,Dallas_01,2024-10-13,27.95916474052852,30.645421324183697,33.0347507683646,30.62056519076846
Tron-o-matic 2 Pro,Dallas_01,2024-10-14,29.240847970244324,31.72069115344991,34.04338305715609,31.72444513963983
Tron-o-matic 2 Pro,Dallas_01,2024-10-15,33.607632332635674,36.36806565183157,38.65547593702011,36.1658293716827
Tron-o-matic 2 Pro,Dallas_01,2024-10-16,28.2766843157656,30.91624309348035,33.4828247162725,30.919261446677993
Tron-o-matic 2 Pro,Dallas_01,2024-10-17,27.784446419546637,30.648595601549776,32.888289445815445,30.643562653779327
Tron-o-matic 2 Pro,Dallas_01,2024-10-18,45.21993596007185,48.471132020155224,51.293725523768856,48.340862501713694
Tron-o-matic 2 Pro,Dallas_01,2024-10-19,33.68467165099197,36.04039206833232,38.03298846148515,36.06563598013935
Tron-o-matic 2 Pro,Dallas_01,2024-10-20,28.013870593528694,30.239680487111684,33.00620119839937,30.489984315795642
Tron-o-matic 2 Pro,Dallas_01,2024-10-21,28.712384122397918,30.902730142706908,33.64473034300285,31.07904549843592
Tron-o-matic 2 Pro,Dallas_01,2024-10-22,28.2670050576188,31.2765831258255,33.61755002164086,31.07045154171169
Tron-o-matic 2 Pro,Dallas_01,2024-10-23,31.62730791928261,34.42129980436383,36.836156193200054,34.15418071905185
Tron-o-matic 2 Pro,Dallas_01,2024-10-24,27.330085571102526,30.23495441952612,32.744180230145076,30.114858669761766
Tron-o-matic 2 Pro,Dallas_01,2024-10-25,45.82624246435516,47.847003241877715,50.22689450783437,47.950525744828155
Tron-o-matic 2 Pro,Dallas_01,2024-10-26,36.00624107525491,37.93885860242592,40.60817866818003,38.13776408081784
Tron-o-matic 2 Pro,Dallas_01,2024-10-27,27.278148402154486,30.055215853193232,31.81886046434275,29.704704012013075
Tron-o-matic 2 Pro,Dallas_01,2024-10-28,45.63342362385679,48.95473971804589,51.51148798927586,48.76435508047124
Tron-o-matic 2 Pro,Dallas_01,2024-10-29,48.68214140602343,51.054509319155926,53.79854767560977,51.18221797606843
Tron-o-matic 2 Pro,Dallas_01,2024-10-30,30.220056299239342,33.378836075748495,36.25830229394504,33.58092761392555
Tron-o-matic 2 Pro,Dallas_01,2024-10-31,27.447526121649357,29.327784796304343,31.829410322464387,29.497880770019687
Tron-o-matic 2 Pro,Dallas_01,2024-11-01,35.38968517032164,37.63236460198221,40.346273574456475,37.623001981047395
Tron-o-matic 2 Pro,Dallas_01,2024-11-02,26.435339209697485,28.99740245050198,31.930899187360428,29.124963261310672
Tron-o-matic 2 Pro,Dallas_01,2024-11-03,26.72526620346888,28.95282318036936,31.754162449696743,29.142967590617673
Tron-o-matic 2 Pro,Dallas_01,2024-11-04,25.861703838380066,29.001558646598774,31.743157031503543,28.85726718128514
Tron-o-matic 2 Pro,Dallas_01,2024-11-05,26.51480351956283,28.910591267205152,31.026331604283882,28.902729480861375
Tron-o-matic 2 Pro,Dallas_01,2024-11-06,32.302712651887994,35.16641941007825,38.167890798081224,35.15146099392504
Tron-o-matic 2 Pro,Dallas_01,2024-11-07,25.80889605443686,28.382023754090515,30.847963589206458,28.393891886508964
Tron-o-matic 2 Pro,Dallas_01,2024-11-08,25.57314884660925,27.926913830198234,30.621251043583435,27.97207574665401
Tron-o-matic 2 Pro,Dallas_01,2024-11-09,25.42622783886031,28.319272810144927,30.395419053007195,28.170373103173738
Tron-o-matic 2 Pro,Dallas_01,2024-11-10,25.00795764129609,27.573532619169587,30.21826968030964,27.67131443499102
Tron-o-matic 2 Pro,Dallas_01,2024-11-11,25.865740689883562,28.31131033729149,30.709410489147963,28.18535132521171
Tron-o-matic 2 Pro,Dallas_01,2024-11-12,25.72889467036196,28.23466417524702,30.597859307580958,28.23223596431093
Tron-o-matic 2 Pro,Dallas_01,2024-11-13,32.73875702707473,35.75476441151619,38.22807953405608,35.728237170547885
Tron-o-matic 2 Pro,Dallas_01,2024-11-14,25.16951358840519,27.935480202805152,30.125984864896356,27.826486129958266
Tron-o-matic 2 Pro,Dallas_01,2024-11-15,25.10640187398681,27.943064797029248,29.90914649403204,27.544757530493456
Tron-o-matic 2 Pro,Dallas_01,2024-11-16,24.69845441362034,27.736064054468102,30.0781652716675,27.633603664369033
Tron-o-matic 2 Pro,Dallas_01,2024-11-17,31.96541626652883,34.779180329032144,37.64965205745118,34.71524308942026
Tron-o-matic 2 Pro,Dallas_01,2024-11-18,31.10330409623718,34.01155500064254,37.13019584444659,33.91655670931249
Tron-o-matic 2 Pro,Dallas_01,2024-11-19,32.83097019764907,34.9948867558983,37.025366964927656,34.927686755829264
Tron-o-matic 2 Pro,Dallas_01,2024-11-20,42.276868444512544,44.86313651598149,47.074816811798975,44.798049561685914
Tron-o-matic 2 Pro,Dallas_01,2024-11-21,25.411929734706245,27.306912021273384,29.47915317611195,27.434053925756334
Tron-o-matic 2 Pro,Dallas_01,2024-11-22,44.69024358580361,47.58938931044557,50.31137238464326,47.51323314227782
Tron-o-matic 2 Pro,Dallas_01,2024-11-23,40.39388887939911,42.678527540240815,45.993185099118826,42.80901005057344
Tron-o-matic 2 Pro,Dallas_01,2024-11-24,33.11705657077703,35.56358373694095,38.19569215885228,35.68128143858548
Tron-o-matic 2 Pro,Dallas_01,2024-11-25,40.962291511195836,43.761758144141886,46.43437507235966,43.76515863784015
Tron-o-matic 2 Pro,Dallas_01,2024-11-26,30.31690631885185,32.3396088529863,35.366463075007694,32.63095972061898
Tron-o-matic 2 Pro,Dallas_01,2024-11-27,25.599962532056843,27.745528157152812,30.458707482472953,27.877077670731715
Tron-o-matic 2 Pro,Dallas_01,2024-11-28,24.773078809688514,27.42224695549209,29.092131270941906,27.20107620408045
Tron-o-matic 2 Pro,Dallas_01,2024-11-29,48.35141768743489,51.37202301969544,53.84429644056782,51.128277545401716
Tron-o-matic 2 Pro,Dallas_01,2024-11-30,30.11553921180456,32.35440570807127,34.48241379718154,32.32350909233166
Tron-o-matic 2 Pro,Dallas_01,2024-12-01,40.26070507114511,42.98509215041719,45.20915518434721,42.998442727836455
Tron-o-matic 2 Pro,Dallas_01,2024-12-02,26.089938699466092,28.367717767756396,30.566925454223657,28.324369209511733
Tron-o-matic 2 Pro,Dallas_01,2024-12-03,25.27042332138861,27.724552252802308,30.13067936104239,27.693584706550013
Tron-o-matic 2 Pro,Dallas_01,2024-12-04,25.408961725743694,27.78290000760705,30.40951413415106,27.72523188448526
Tron-o-matic 2 Pro,Dallas_01,2024-12-05,25.38801945254549,27.99856929385744,30.255389461516273,27.88984781267334
Tron-o-matic 2 Pro,Dallas_01,2024-12-06,25.11730732412487,27.7798828582482,30.03502445709766,27.82708273760154
Tron-o-matic 2 Pro,Dallas_01,2024-12-07,33.84027443886154,36.40039362836012,38.671767711557564,36.28155264206096
Tron-o-matic 2 Pro,Dallas_01,2024-12-08,24.905451865229853,27.89336556252975,30.35087671774664,27.69452609128506
Tron-o-matic 2 Pro,Dallas_01,2024-12-09,42.29218816328163,44.42793307116663,47.270403193880156,44.649890741585516
Tron-o-matic 2 Pro,Dallas_01,2024-12-10,25.444580585730805,28.06409434747132,30.30534471663991,28.001499965168787
Tron-o-matic 2 Pro,Dallas_01,2024-12-11,42.0886396802971,44.40412346062883,46.44912012021742,44.33326359755107
Tron-o-matic 2 Pro,Dallas_01,2024-12-12,25.48279981969205,28.090636107525643,30.248946888324724,28.01166820794167
Tron-o-matic 2 Pro,Dallas_01,2024-12-13,24.98205975912086,27.80816472192221,30.167537672992804,27.56827852280444
Tron-o-matic 2 Pro,Dallas_01,2024-12-14,25.05843472719938,27.55950878152553,30.38168693452055,27.68297593589427
Tron-o-matic 2 Pro,Dallas_01,2024-12-15,31.29951037865924,33.31739461991317,35.986668471392434,33.452155696990786
Tron-o-matic 2 Pro,Dallas_01,2024-12-16,28.90847095580079,31.77902998170964,34.58019938632408,31.612004554231152
Tron-o-matic 2 Pro,Dallas_01,2024-12-17,35.433518701556345,38.708932206184485,41.029841720034156,38.44453530138401
Tron-o-matic 2 Pro,Dallas_01,2024-12-18,25.47680203434626,28.052251983373854,30.940276292500165,27.942285044609918
Tron-o-matic 2 Pro,Dallas_01,2024-12-19,45.776878335849865,48.56891229651747,51.49153693661092,48.608822976398436
Tron-o-matic 2 Pro,Dallas_01,2024-12-20,30.099550843167545,32.796090106168705,35.20522460470192,32.63933271475481
Tron-o-matic 2 Pro,Dallas_01,2024-12-21,25.04081942681703,27.52567214358336,30.19298061539645,27.473637635049
Tron-o-matic 2 Pro,Dallas_01,2024-12-22,25.264710468392057,27.434037911389062,29.70883214874696,27.508074896963326
Tron-o-matic 2 Pro,Dallas_01,2024-12-23,41.43531319177957,44.11461089408731,46.322531977697466,44.074561532606324
Tron-o-matic 2 Pro,Dallas_01,2024-12-24,25.30942958657968,28.14194501069846,30.244176950745675,28.01152667069463
Tron-o-matic 2 Pro,Dallas_01,2024-12-25,25.659102631417966,28.106880371769723,30.303522609241384,27.947459513001046
Tron-o-matic 2 Pro,Dallas_01,2024-12-26,25.598261287359694,27.99638490875144,30.120466742704004,28.04749624649043
Tron-o-matic 2 Pro,Dallas_01,2024-12-27,24.825871825076987,28.01142276394946,29.995666465510574,27.829040443769745
Tron-o-matic 2 Pro,Dallas_01,2024-12-28,25.992922638029068,28.26430346937514,30.449561692720582,28.173880759941042
Tron-o-matic 2 Pro,Dallas_01,2024-12-29,25.669047195297363,27.98017010302311,30.759699169085295,28.138609168050884
Tron-o-matic 2 Pro,Dallas_01,2024-12-30,25.748984978993438,28.007608447816246,30.674262607864513,28.069996278401803
Tron-o-matic 2 Pro,Dallas_01,2024-12-31,34.683006010945334,37.15445469268291,39.825292325908954,37.27793166875563
Tron-o-matic 2 Pro,Houston_01,2024-10-01,30.515151580706785,32.58947867429236,34.55380238274501,32.422531190636036
Tron-o-matic 2 Pro,Houston_01,2024-10-02,26.270075925054893,28.800676668553947,31.16609093390891,28.844615066210213
Tron-o-matic 2 Pro,Houston_01,2024-10-03,26.95906586354379,28.97611966688895,31.450564426290242,28.93817739562025
Tron-o-matic 2 Pro,Houston_01,2024-10-04,30.126286297435676,32.431947517111766,34.53233931883378,32.44757278804145
Tron-o-matic 2 Pro,Houston_01,2024-10-05,40.759339710452664,43.37684601945687,46.08339778613922,43.42659398585722
Tron-o-matic 2 Pro,Houston_01,2024-10-06,33.855170666211734,35.94113123144844,38.22029470856142,36.06965285824349
Tron-o-matic 2 Pro,Houston_01,2024-10-07,30.214925331860943,32.12764224902995,34.58426858066387,32.23456123460743
Tron-o-matic 2 Pro,Houston_01,2024-10-08,33.88161268989689,36.25664998081004,38.778577282769106,36.335410047369166
Tron-o-matic 2 Pro,Houston_01,2024-10-09,26.56276721254855,29.280173134505528,31.557322688814846,29.041223149329525
Tron-o-matic 2 Pro,Houston_01,2024-10-10,26.659540625625645,29.047208864004578,31.030619077328346,28.90315489959695
Tron-o-matic 2 Pro,Houston_01,2024-10-11,30.25211891686868,32.564287725593616,34.47486293201899,32.47969006402881
Tron-o-matic 2 Pro,Houston_01,2024-10-12,26.282711881349364,29.009075193624057,31.4603639071067,28.882599418966443
Tron-o-matic 2 Pro,Houston_01,2024-10-13,25.91786489654564,28.888370477111728,31.008202809960697,28.69761835959542
Tron-o-matic 2 Pro,Houston_01,2024-10-14,26.68166374485185,28.80868359440683,31.292417700037294,28.81222650346043
Tron-o-matic 2 Pro,Houston_01,2024-10-15,31.268659963613423,33.453652792953775,35.372502251332286,33.3648754350682
Tron-o-matic 2 Pro,Houston_01,2024-10-16,26.492036925258482,28.533945088464925,30.480749638337837,28.419528681060275
Tron-o-matic 2 Pro,Houston_01,2024-10-17,26.28344931015275,28.40968167600249,30.22718673685228,28.302706719060716
Tron-o-matic 2 Pro,Houston_01,2024-10-18,41.99969068192452,44.20451570009482,46.74446307706068,44.37119109339772
Tron-o-matic 2 Pro,Houston_01,2024-10-19,31.130794357168305,33.64536844211928,35.8478717999714,33.57717279692278
Tron-o-matic 2 Pro,Houston_01,2024-10-20,26.042572548264502,28.219512393151206,30.655057403848293,28.226177283000624
Tron-o-matic 2 Pro,Houston_01,2024-10-21,25.664197307343926,28.33682616376164,30.749548921571495,28.266898015475363
Tron-o-matic 2 Pro,Houston_01,2024-10-22,26.219276152853908,28.2165585760493,30.712048554229256,28.30919911608056
Tron-o-matic 2 Pro,Houston_01,2024-10-23,28.81093415224439,31.15908659966738,33.70625071441063,31.33334737553665
Tron-o-matic 2 Pro,Houston_01,2024-10-24,25.329777509646274,27.966955135329265,30.250083375540527,27.91477070424867
Tron-o-matic 2 Pro,Houston_01,2024-10-25,41.88329558896746,44.207699212758804,46.97886129671476,44.27300594576005
Tron-o-matic 2 Pro,Houston_01,2024-10-26,33.265988636275914,35.39877446329657,37.4572669556749,35.39156562379254
Tron-o-matic 2 Pro,Houston_01,2024-10-27,24.682490708989178,27.236605488012025,29.72205406291785,27.17366478591602
Tron-o-matic 2 Pro,Houston_01,2024-10-28,42.53169057611293,44.88751832008042,47.62004277599351,44.92850455003859
Tron-o-matic 2 Pro,Houston_01,2024-10-29,45.16880565510829,47.46906482524456,49.86545710550483,47.596647289094825
Tron-o-matic 2 Pro,Houston_01,2024-10-30,28.89699620938143,31.132614762653713,33.26424407030715,31.001855601617173
Tron-o-matic 2 Pro,Houston_01,2024-10-31,25.49382505704481,27.32357698958811,29.613784876331003,27.375777968496095
Tron-o-matic 2 Pro,Houston_01,2024-11-01,32.41472762187192,34.99829078871406,36.994807898528464,34.85790214948517
Tron-o-matic 2 Pro,Houston_01,2024-11-02,24.90978395375762,27.145891924080384,28.99279439250011,27.109695466510928
Tron-o-matic 2 Pro,Houston_01,2024-11-03,24.041514744775164,26.362676288255216,29.865956555981274,26.568207813328844
Tron-o-matic 2 Pro,Houston_01,2024-11-04,24.218118818392536,26.652017029353107,29.35871684220702,26.640222519252593
Tron-o-matic 2 Pro,Houston_01,2024-11-05,23.676714408495194,26.479396014816174,29.42634159171355,26.386682899682306
Tron-o-matic 2 Pro,Houston_01,2024-11-06,30.47326430233681,32.82778592532981,35.003310788007425,32.770375158405415
Tron-o-matic 2 Pro,Houston_01,2024-11-07,23.482176953491468,26.25749471479728,28.174902486674306,26.077570265808312
Tron-o-matic 2 Pro,Houston_01,2024-11-08,23.806391927785477,26.286239945619766,28.2339648486376,26.23316236524436
Tron-o-matic 2 Pro,Houston_01,2024-11-09,23.761979328962816,26.283616651872965,28.665229651929323,26.12865844692031
Tron-o-matic 2 Pro,Houston_01,2024-11-10,22.81881623588683,25.975888250932016,27.918551309996687,25.768865231236692
Tron-o-matic 2 Pro,Houston_01,2024-11-11,23.580151970329844,26.144175031196923,28.690163195620553,26.127204068505492
Tron-o-matic 2 Pro,Houston_01,2024-11-12,24.082744803675865,26.09620740230339,28.61258294524753,26.212545315111946
Tron-o-matic 2 Pro,Houston_01,2024-11-13,30.061160116703093,33.200802839320325,35.36866501287507,33.005040571949934
Tron-o-matic 2 Pro,Houston_01,2024-11-14,23.410417457971064,25.758126570164183,27.78945111068194,25.649451999178137
Tron-o-matic 2 Pro,Houston_01,2024-11-15,23.152858416703136,25.192900008413684,28.115903837466064,25.452198604877967
Tron-o-matic 2 Pro,Houston_01,2024-11-16,23.172226804583993,25.59862047699917,27.9820914111778,25.516548455472567
Tron-o-matic 2 Pro,Houston_01,2024-11-17,29.54399529288095,31.468065254299137,34.2734943847028,31.672949383547017
Tron-o-matic 2 Pro,Houston_01,2024-11-18,28.87416657635978,31.471171357840856,34.36044600798718,31.492498221721522
Tron-o-matic 2 Pro,Houston_01,2024-11-19,30.10425669466809,32.623053109197784,35.13268142942165,32.54178014875389
Tron-o-matic 2 Pro,Houston_01,2024-11-20,39.50685105392208,41.57490248973033,43.87883584312803,41.57170115589307
Tron-o-matic 2 Pro,Houston_01,2024-11-21,23.535651646324,25.76440278366405,27.932554002561375,25.760280275674383
Tron-o-matic 2 Pro,Houston_01,2024-11-22,42.29106651873415,44.33377626360328,46.50560756938682,44.34569587510137
Tron-o-matic 2 Pro,Houston_01,2024-11-23,37.691982868737064,40.49107822765788,42.412253580611534,40.20852883364019
Tron-o-matic 2 Pro,Houston_01,2024-11-24,30.265419446448607,32.80433165491847,35.45092581795882,32.891053690787906
Tron-o-matic 2 Pro,Houston_01,2024-11-25,38.20965916304448,40.076885257888975,42.35550980490102,40.2458883468903
Tron-o-matic 2 Pro,Houston_01,2024-11-26,28.393825462710197,30.264116725533405,32.133511315367734,30.383869980561595
Tron-o-matic 2 Pro,Houston_01,2024-11-27,22.40043086217668,25.08778864950641,27.309517252365783,25.080879449801813
Tron-o-matic 2 Pro,Houston_01,2024-11-28,23.186610494360743,25.183400744747694,27.632010265394623,25.272911374615234
Tron-o-matic 2 Pro,Houston_01,2024-11-29,44.62803334052191,47.10764699819856,49.17982118722007,47.04603809042951
Tron-o-matic 2 Pro,Houston_01,2024-11-30,27.068572427542446,30.229412656783584,31.979967700328924,29.936735388529932
Tron-o-matic 2 Pro,Houston_01,2024-12-01,37.498956873320566,39.799790078280274,41.92272968065465,39.74596045646892
Tron-o-matic 2 Pro,Houston_01,2024-12-02,23.09555992910791,25.475363754580886,27.689859641064572,25.460950129958004
Tron-o-matic 2 Pro,Houston_01,2024-12-03,23.10023585013095,25.808088878149487,28.210478708712863,25.779688214903526
Tron-o-matic 2 Pro,Houston_01,2024-12-04,22.742169983256503,25.104124671562563,27.915496130381637,25.14411123103107
Tron-o-matic 2 Pro,Houston_01,2024-12-05,23.22084584118844,25.20595254320323,27.581473273777103,25.327072953720766
Tron-o-matic 2 Pro,Houston_01,2024-12-06,23.23168167543181,25.310472645608588,28.34301606932781,25.504905897416517
Tron-o-matic 2 Pro,Houston_01,2024-12-07,30.35914940722862,33.23759987625808,35.93567624615586,33.27013200781548
Tron-o-matic 2 Pro,Houston_01,2024-12-08,23.01097135938346,25.615926590012087,27.793703027606963,25.484453140204206
Tron-o-matic 2 Pro,Houston_01,2024-12-09,38.666378975820706,40.615940422924496,43.27800546735292,40.86761052810354
Tron-o-matic 2 Pro,Houston_01,2024-12-10,23.219984696939132,25.708020513255917,28.028677342660895,25.759622896923307
Tron-o-matic 2 Pro,Houston_01,2024-12-11,37.70345037433979,39.80030212093655,42.03325819758913,39.83488438753742
Tron-o-matic 2 Pro,Houston_01,2024-12-12,22.64863368414344,25.223150296848104,27.63164759212421,25.24652922397151
Tron-o-matic 2 Pro,Houston_01,2024-12-13,23.408728062382995,25.46181177839522,27.586377875994028,25.423916330132037
Tron-o-matic 2 Pro,Houston_01,2024-12-14,23.455983414249115,25.377812118725096,28.143463260409796,25.492488135087072
Tron-o-matic 2 Pro,Houston_01,2024-12-15,28.025534522216077,30.122806105334273,32.41200671724467,30.1683465106771
Tron-o-matic 2 Pro,Houston_01,2024-12-16,25.90992314801878,28.888793379358653,31.87240280929219,28.81648472502995
Tron-o-matic 2 Pro,Houston_01,2024-12-17,33.66867319638994,35.81556929611176,37.790026530143,35.76585626278072
Tron-o-matic 2 Pro,Houston_01,2024-12-18,23.205774279832635,25.32472938522872,26.976600166343374,25.233113083233892
Tron-o-matic 2 Pro,Houston_01,2024-12-19,43.194391219653326,44.970255746706215,47.0350410063488,45.061464514055494
Tron-o-matic 2 Pro,Houston_01,2024-12-20,26.742208999509767,29.56502048486238,32.103496868275485,29.49762873114198
Tron-o-matic 2 Pro,Houston_01,2024-12-21,23.338447853854248,25.984554177038227,28.103592780806117,25.784668131671598
Tron-o-matic 2 Pro,Houston_01,2024-12-22,22.843905683493784,25.174506306977918,27.54299845999573,25.15132568259953
Tron-o-matic 2 Pro,Houston_01,2024-12-23,37.73461384538363,40.375891964153794,42.47491122313021,40.36005842558654
Tron-o-matic 2 Pro,Houston_01,2024-12-24,23.711075896238064,25.84263125312291,28.151214241643675,25.945670330641644
Tron-o-matic 2 Pro,Houston_01,2024-12-25,22.583680867826757,25.376567578722003,28.031974967146425,25.308727713760586
Tron-o-matic 2 Pro,Houston_01,2024-12-26,23.32566046184098,25.357998117123376,27.3363437130257,25.41630353026716
Tron-o-matic 2 Pro,Houston_01,2024-12-27,22.614343474347724,24.719328974134076,27.851655861791446,25.12889766513011
Tron-o-matic 2 Pro,Houston_01,2024-12-28,23.295606714722656,25.87246961624514,28.594607150129473,25.780358180346994
Tron-o-matic 2 Pro,Houston_01,2024-12-29,22.89686244635395,25.191747177094992,27.41843772328766,25.196008521774317
Tron-o-matic 2 Pro,Houston_01,2024-12-30,23.037960838948337,25.613102556343424,28.221170474893334,25.5717223710597
Tron-o-matic 2 Pro,Houston_01,2024-12-31,32.36123297861936,34.78985603387316,36.75727009676283,34.5518691593279
Tron-o-matic 2 Pro,Philadelphia_01,2024-10-01,24.666327426581734,27.138939481515113,28.80394900294279,26.930169619283518
Tron-o-matic 2 Pro,Philadelphia_01,2024-10-02,22.30986431486312,24.522865946781167,26.409151068374154,24.448155825244484
Tron-o-matic 2 Pro,Philadelphia_01,2024-10-03,22.035518322341876,24.283978662132338,26.26863839126353,24.25103444008739
Tron-o-matic 2 Pro,Philadelphia_01,2024-10-04,25.474662613369464,27.548600874526812,30.037987352422945,27.541550378125592
Tron-o-matic 2 Pro,Philadelphia_01,2024-10-05,34.79041411304404,36.326835885237436,37.882511265969036,36.35057152324374
Tron-o-matic 2 Pro,Philadelphia_01,2024-10-06,28.435022250972196,30.460626735281195,32.481395588992214,30.40227171020314
Tron-o-matic 2 Pro,Philadelphia_01,2024-10-07,25.54236335096947,26.960372561090516,28.974537579336744,27.036057812602685
Tron-o-matic 2 Pro,Philadelphia_01,2024-10-08,28.015274920956134,30.052620861252244,31.96032199076637,30.014641449408987
Tron-o-matic 2 Pro,Philadelphia_01,2024-10-09,22.41243723712452,24.364709322707316,26.184093122824244,24.32959894051102
Tron-o-matic 2 Pro,Philadelphia_01,2024-10-10,22.200424956269682,24.22295154705635,26.014689942512746,24.095254499649727
Tron-o-matic 2 Pro,Philadelphia_01,2024-10-11,25.110605319837084,27.06991241285061,29.06409144358183,27.08083422183535
Tron-o-matic 2 Pro,Philadelphia_01,2024-10-12,22.177293079797366,23.974483228381512,25.97456469421719,24.093844254066365
Tron-o-matic 2 Pro,Philadelphia_01,2024-10-13,22.37801287574581,24.16261200547279,25.87517855818016,24.166559200496327
Tron-o-matic 2 Pro,Philadelphia_01,2024-10-14,21.539273480433888,23.725407143980526,26.10838237545556,23.68725597880913
Tron-o-matic 2 Pro,Philadelphia_01,2024-10-15,25.815813109358146,27.87421814523915,29.85501796042527,27.70990416167786
Tron-o-matic 2 Pro,Philadelphia_01,2024-10-16,21.715934463934527,23.847121945260824,25.91448807503268,23.92830617250956
Tron-o-matic 2 Pro,Philadelphia_01,2024-10-17,21.419138029601044,23.769553366581917,25.657340481452767,23.59830321068692
Tron-o-matic 2 Pro,Philadelphia_01,2024-10-18,35.21778100201203,37.1426448106301,38.81882787386737,37.03671723903766
Tron-o-matic 2 Pro,Philadelphia_01,2024-10-19,25.625603069104315,27.466583451288976,29.11534004233928,27.460406900578906
Tron-o-matic 2 Pro,Philadelphia_01,2024-10-20,21.240110833215727,23.26645749992211,26.008031151184873,23.377312402086403
Tron-o-matic 2 Pro,Philadelphia_01,2024-10-21,21.706669796125865,23.144328562586182,25.47279951428901,23.37890362122109
Tron-o-matic 2 Pro,Philadelphia_01,2024-10-22,21.108163063510172,23.21860857643186,25.308203712329345,23.193440658436614
Tron-o-matic 2 Pro,Philadelphia_01,2024-10-23,24.13741635572649,26.114955312665945,28.39217324182057,26.234774896158832
Tron-o-matic 2 Pro,Philadelphia_01,2024-10-24,20.85780249246303,22.993584783064442,25.17973152878045,22.986101266775268
Tron-o-matic 2 Pro,Philadelphia_01,2024-10-25,34.30858076623179,36.58587488728152,38.37446732595333,36.42000334427668
Tron-o-matic 2 Pro,Philadelphia_01,2024-10-26,27.428459969034154,28.953040874737315,30.883006655293606,29.101287520779852
Tron-o-matic 2 Pro,Philadelphia_01,2024-10-27,21.032767575320985,22.838908245469554,25.023176667121163,23.023787800665758
Tron-o-matic 2 Pro,Philadelphia_01,2024-10-28,34.667216866822606,37.03928944127594,39.223670485856786,37.09831427031699
Tron-o-matic 2 Pro,Philadelphia_01,2024-10-29,37.371443296444006,39.30691212421887,40.73226125461065,39.14538410205904
Tron-o-matic 2 Pro,Philadelphia_01,2024-10-30,24.500386805458415,26.20242095640029,28.071961796307146,26.14978226769855
Tron-o-matic 2 Pro,Philadelphia_01,2024-10-31,20.170154021229063,22.051317530528067,23.664881175547528,21.97958169056622
Tron-o-matic 2 Pro,Philadelphia_01,2024-11-01,27.05984547084361,28.71401334578537,30.43232112576721,28.775637577811327
Tron-o-matic 2 Pro,Philadelphia_01,2024-11-02,20.19479769635053,22.54801292243766,24.1690526676459,22.252122320761053
Tron-o-matic 2 Pro,Philadelphia_01,2024-11-03,19.80916439702623,22.34510299162033,23.90932748270748,22.09543141633297
Tron-o-matic 2 Pro,Philadelphia_01,2024-11-04,20.240121268672812,21.957219529662332,23.85400583859112,22.014944613643006
Tron-o-matic 2 Pro,Philadelphia_01,2024-11-05,20.257907937989252,21.908016095089867,23.971044862968576,22.10166054263847
Tron-o-matic 2 Pro,Philadelphia_01,2024-11-06,24.934679420514975,26.757119544520027,28.733268519595374,26.867686983027873
Tron-o-matic 2 Pro,Philadelphia_01,2024-11-07,19.919625112624324,22.006499106972917,23.572190672274694,21.867428364708346
Tron-o-matic 2 Pro,Philadelphia_01,2024-11-08,19.41706116458424,21.533816830990286,24.059777318336575,21.634941875017944
Tron-o-matic 2 Pro,Philadelphia_01,2024-11-09,19.739208938694233,21.92828723908114,23.788515183683565,21.82865792337628
Tron-o-matic 2 Pro,Philadelphia_01,2024-11-10,19.444742627017916,21.42017525169303,23.672067244051956,21.50989160776913
Tron-o-matic 2 Pro,Philadelphia_01,2024-11-11,18.989115613717008,21.46703940985282,23.762998455502295,21.44843879608814
Tron-o-matic 2 Pro,Philadelphia_01,2024-11-12,19.419838876816733,21.77539340568028,23.631472754087344,21.626834920379547
Tron-o-matic 2 Pro,Philadelphia_01,2024-11-13,25.79078905558673,27.669543547866983,29.723055991868875,27.6979962150695
Tron-o-matic 2 Pro,Philadelphia_01,2024-11-14,19.017033345253544,21.04303105283219,23.092756015958088,21.022738864619942
Tron-o-matic 2 Pro,Philadelphia_01,2024-11-15,19.417462367407637,21.677447715219465,23.423670071181256,21.472784344331515
Tron-o-matic 2 Pro,Philadelphia_01,2024-11-16,19.11145497806862,21.362764981588345,23.62663903607108,21.283137622746885
Tron-o-matic 2 Pro,Philadelphia_01,2024-11-17,24.953358077901914,26.869214016633837,28.63919255939826,26.837704143473378
Tron-o-matic 2 Pro,Philadelphia_01,2024-11-18,24.28815271774242,26.33551370782904,27.941174326563896,26.227578987708963
Tron-o-matic 2 Pro,Philadelphia_01,2024-11-19,25.410605534102658,27.160766364402605,28.96400596538279,27.12753080053239
Tron-o-matic 2 Pro,Philadelphia_01,2024-11-20,32.75857729263136,34.51365728893347,36.72780646941818,34.72298254635889
Tron-o-matic 2 Pro,Philadelphia_01,2024-11-21,18.881571127412002,21.154624839299483,23.160213376612237,21.130981186083556
Tron-o-matic 2 Pro,Philadelphia_01,2024-11-22,35.08977344169815,37.05134918126337,38.85072735643707,36.99522262317312
Tron-o-matic 2 Pro,Philadelphia_01,2024-11-23,30.450055227654396,32.86517457542744,35.06269916187198,32.86011514488505
Tron-o-matic 2 Pro,Philadelphia_01,2024-11-24,26.033274602642177,27.891497880371958,29.511483162976972,27.867492945566866
Tron-o-matic 2 Pro,Philadelphia_01,2024-11-25,31.7998688430533,33.3470692623357,35.305655507304735,33.47240270519092
Tron-o-matic 2 Pro,Philadelphia_01,2024-11-26,23.15921163314719,24.937961263340448,27.071798354261837,25.064247573951874
Tron-o-matic 2 Pro,Philadelphia_01,2024-11-27,19.068970736322964,21.35481816811586,22.742492313408544,21.083102366334348
Tron-o-matic 2 Pro,Philadelphia_01,2024-11-28,19.0011624407772,21.137570333723655,23.088650997481565,21.022455496103
Tron-o-matic 2 Pro,Philadelphia_01,2024-11-29,36.92699881335927,38.844489062711915,41.12681949350193,38.89276895323235
Tron-o-matic 2 Pro,Philadelphia_01,2024-11-30,23.073586511915387,24.877567715006126,26.776400762015705,24.82226485987292
Tron-o-matic 2 Pro,Philadelphia_01,2024-12-01,30.815294241715414,32.789229346593494,34.73855021647399,32.79198494765595
Tron-o-matic 2 Pro,Philadelphia_01,2024-12-02,18.62788047879345,21.129110768970857,23.45776230527119,21.169671660294085
Tron-o-matic 2 Pro,Philadelphia_01,2024-12-03,19.101549649975873,21.082084373022617,23.038042595696872,21.088366032268674
Tron-o-matic 2 Pro,Philadelphia_01,2024-12-04,19.351491157610177,21.07639504151339,23.380167626286852,21.21383480263405
Tron-o-matic 2 Pro,Philadelphia_01,2024-12-05,19.05300738377576,21.070353458748897,22.578472236000067,20.982146058144785
Tron-o-matic 2 Pro,Philadelphia_01,2024-12-06,18.821121476266953,20.96849749192668,22.784986429264258,20.8453467418957
Tron-o-matic 2 Pro,Philadelphia_01,2024-12-07,25.47888088325877,27.478674262905447,29.337334514242055,27.50939741768936
Tron-o-matic 2 Pro,Philadelphia_01,2024-12-08,19.148515324302434,21.1718793884751,22.90159310960691,21.034489464739924
Tron-o-matic 2 Pro,Philadelphia_01,2024-12-09,31.811738733083548,33.51676327571889,35.51828561331281,33.6132569798742
Tron-o-matic 2 Pro,Philadelphia_01,2024-12-10,18.932437758262974,21.23461504661202,22.920416861293933,21.093174706821575
Tron-o-matic 2 Pro,Philadelphia_01,2024-12-11,31.800100586835683,33.47750301235367,35.487769987542165,33.55697484582256
Tron-o-matic 2 Pro,Philadelphia_01,2024-12-12,18.78996693710272,20.898446716601907,22.376977819225626,20.786356049975485
Tron-o-matic 2 Pro,Philadelphia_01,2024-12-13,19.457330805379033,21.330695252778522,23.635687896958874,21.33273728781509
Tron-o-matic 2 Pro,Philadelphia_01,2024-12-14,19.68414278467843,20.941940240392405,23.222386667270406,21.179464728632933
Tron-o-matic 2 Pro,Philadelphia_01,2024-12-15,23.433873173920226,25.296618056473385,27.251097491265103,25.3449208302547
Tron-o-matic 2 Pro,Philadelphia_01,2024-12-16,21.585217470741824,23.500025069455763,25.34092427962591,23.423791702340942
Tron-o-matic 2 Pro,Philadelphia_01,2024-12-17,27.27430237385025,29.177698014717876,31.250597150443344,29.270246171457092
Tron-o-matic 2 Pro,Philadelphia_01,2024-12-18,19.02878844572509,21.324374690739983,23.333666502314504,21.218527324745747
Tron-o-matic 2 Pro,Philadelphia_01,2024-12-19,35.49493193751151,37.169744609055236,38.84068862451778,37.14658575816993
Tron-o-matic 2 Pro,Philadelphia_01,2024-12-20,22.85944907840057,24.58017766542554,26.676884972008565,24.69386189420522
Tron-o-matic 2 Pro,Philadelphia_01,2024-12-21,19.526133794561183,21.634167031484797,23.62837521524973,21.57785225937943
Tron-o-matic 2 Pro,Philadelphia_01,2024-12-22,19.7227924668614,21.578397110376027,23.1558986196231,21.547915386678234
Tron-o-matic 2 Pro,Philadelphia_01,2024-12-23,31.137720241554884,33.392134559983944,35.41361933294358,33.35514398306064
Tron-o-matic 2 Pro,Philadelphia_01,2024-12-24,19.71076444912336,21.573504046715172,23.54045148085,21.600179739010606
Tron-o-matic 2 Pro,Philadelphia_01,2024-12-25,19.382856080724643,21.063466558268523,23.27747877043368,21.236505866103442
Tron-o-matic 2 Pro,Philadelphia_01,2024-12-26,19.240157309281408,21.464864567657056,23.453171605957827,21.43648396005109
Tron-o-matic 2 Pro,Philadelphia_01,2024-12-27,19.60366158414954,21.673354123130284,23.548692785350546,21.63598659936283
Tron-o-matic 2 Pro,Philadelphia_01,2024-12-28,19.8177880009975,21.590880117688968,23.637609545872426,21.667126831892993
Tron-o-matic 2 Pro,Philadelphia_01,2024-12-29,19.66749636248622,21.8185507064878,23.791576013740556,21.75967485851878
Tron-o-matic 2 Pro,Philadelphia_01,2024-12-30,19.724653552999165,21.654112068529066,23.717045451299676,21.64871557676649
Tron-o-matic 2 Pro,Philadelphia_01,2024-12-31,26.999584015974698,28.55523848577068,30.61137214083217,28.695007077871548
Tron-o-matic 2 Pro,Online_Store,2024-10-01,810.8422555033426,871.4002679748131,923.773959601698,868.363536820709
Tron-o-matic 2 Pro,Online_Store,2024-10-02,707.2327167338383,775.8516241302793,833.153819349936,774.4812768768818
Tron-o-matic 2 Pro,Online_Store,2024-10-03,697.723391636446,761.8339333590621,823.4717917228124,762.4180553262049
Tron-o-matic 2 Pro,Online_Store,2024-10-04,816.7689339794694,857.9169843002803,918.0213004683176,863.0820338002436
Tron-o-matic 2 Pro,Online_Store,2024-10-05,1098.9841977344531,1175.6897304069432,1232.6856879341367,1171.8341067767576
Tron-o-matic 2 Pro,Online_Store,2024-10-06,900.1104954949329,971.7097671075578,1031.8987087635821,967.9548292589545
Tron-o-matic 2 Pro,Online_Store,2024-10-07,797.6502093374379,863.7091971142927,921.8154379311742,861.9934442616661
Tron-o-matic 2 Pro,Online_Store,2024-10-08,900.6396510126511,960.5332147377238,1028.8143847392805,960.3298175007902
Tron-o-matic 2 Pro,Online_Store,2024-10-09,707.4745080808133,769.7890075404849,814.7665668061067,765.3811812034222
Tron-o-matic 2 Pro,Online_Store,2024-10-10,706.3311315809112,777.9396708638596,841.5208928449714,773.077804562653
Tron-o-matic 2 Pro,Online_Store,2024-10-11,794.8981864413087,860.7501588223596,949.237118861732,867.6373032870567
Tron-o-matic 2 Pro,Online_Store,2024-10-12,716.8048117123518,776.2861639451447,851.3036874866009,779.9047556417592
Tron-o-matic 2 Pro,Online_Store,2024-10-13,698.8445480523749,765.0496204427144,846.5293693463946,769.3255113526887
Tron-o-matic 2 Pro,Online_Store,2024-10-14,695.2932499163715,768.4808658442086,841.9200389505793,767.1066991886335
Tron-o-matic 2 Pro,Online_Store,2024-10-15,832.6370791090671,888.6551555596558,961.1945962835997,893.350351254635
Tron-o-matic 2 Pro,Online_Store,2024-10-16,717.3168385866112,769.4280337146139,829.7809844671866,770.7172637773938
Tron-o-matic 2 Pro,Online_Store,2024-10-17,706.9117332765028,763.4741077131064,823.3175863804823,766.4688017557113
Tron-o-matic 2 Pro,Online_Store,2024-10-18,1136.9326057078051,1191.3776134293141,1260.3654216708671,1192.9837527263762
Tron-o-matic 2 Pro,Online_Store,2024-10-19,836.5278402800052,894.7130461910341,959.0995696801609,893.705386611809
Tron-o-matic 2 Pro,Online_Store,2024-10-20,691.9808423355641,755.3355428378891,823.4796613027356,755.9488092178883
Tron-o-matic 2 Pro,Online_Store,2024-10-21,703.528430313164,761.957057113669,818.8009661596449,759.0088630883853
Tron-o-matic 2 Pro,Online_Store,2024-10-22,698.2782870092074,753.5075226109018,831.6112182548026,756.8815567128372
Tron-o-matic 2 Pro,Online_Store,2024-10-23,788.7484261196062,851.6654352956753,902.5235173136609,845.4766310951755
Tron-o-matic 2 Pro,Online_Store,2024-10-24,673.8399291576188,739.4279746046926,798.0766813830229,734.6290738462346
Tron-o-matic 2 Pro,Online_Store,2024-10-25,1125.827396243424,1193.3823568658643,1261.4565472076083,1192.2978618918223
Tron-o-matic 2 Pro,Online_Store,2024-10-26,884.1172025738657,957.5441164327973,1018.9579888434808,952.1722479298536
Tron-o-matic 2 Pro,Online_Store,2024-10-27,666.0602553849857,726.0657518823618,771.6758240442147,724.0001716172773
Tron-o-matic 2 Pro,Online_Store,2024-10-28,1148.2161331754085,1208.7845655854087,1270.1527333878325,1211.6152545790962
Tron-o-matic 2 Pro,Online_Store,2024-10-29,1211.2154723397387,1274.4790311981947,1319.8860546562767,1269.2133120113199
Tron-o-matic 2 Pro,Online_Store,2024-10-30,753.6755687996559,831.9263829738942,895.6497307560177,828.2650386379645
Tron-o-matic 2 Pro,Online_Store,2024-10-31,647.1145378499057,713.1250486460158,775.5073791843195,711.0504199190513
Tron-o-matic 2 Pro,Online_Store,2024-11-01,875.4375784170062,929.467932006387,988.9664588171476,931.1542801740623
Tron-o-matic 2 Pro,Online_Store,2024-11-02,649.2028270384811,708.8929531388785,778.3190514364817,714.2879678394144
Tron-o-matic 2 Pro,Online_Store,2024-11-03,651.3339921351906,712.0511536479094,777.0230311346486,710.6151667464717
Tron-o-matic 2 Pro,Online_Store,2024-11-04,642.2096645786155,701.135235642511,768.264559881431,702.1236545396648
Tron-o-matic 2 Pro,Online_Store,2024-11-05,629.3648859257389,707.086745920277,762.8382349296171,704.0414186076966
Tron-o-matic 2 Pro,Online_Store,2024-11-06,808.4823152705004,858.4566326513077,919.2925179504442,859.1653701071133
Tron-o-matic 2 Pro,Online_Store,2024-11-07,621.6173052842745,678.3149455570712,748.7580934508042,683.010945430539
Tron-o-matic 2 Pro,Online_Store,2024-11-08,649.9986600720263,688.4693860606853,751.4135830771079,693.7215074902086
Tron-o-matic 2 Pro,Online_Store,2024-11-09,650.7386242274288,696.2629104798671,765.5781843201843,704.1106989349951
Tron-o-matic 2 Pro,Online_Store,2024-11-10,625.4404311847956,696.8243161832763,748.1185569447913,690.783202117453
Tron-o-matic 2 Pro,Online_Store,2024-11-11,620.8516902062088,690.3035116162908,750.5653890184176,688.9265179367451
Tron-o-matic 2 Pro,Online_Store,2024-11-12,632.8978062294017,685.8505544188221,745.6566015266903,689.1747321389156
Tron-o-matic 2 Pro,Online_Store,2024-11-13,829.7433609710325,889.5200872240143,940.2330964117223,888.8456459226736
Tron-o-matic 2 Pro,Online_Store,2024-11-14,602.9932881662477,666.3247253772668,735.326646157832,668.2076945026297
Tron-o-matic 2 Pro,Online_Store,2024-11-15,629.6275867168448,683.1042595035784,728.2048011092886,677.967151696099
Tron-o-matic 2 Pro,Online_Store,2024-11-16,624.5612417055164,696.1262287704586,751.8389788425129,690.7732085457886
Tron-o-matic 2 Pro,Online_Store,2024-11-17,785.9663245477753,853.3815803165659,917.0695823516733,854.1097368104884
Tron-o-matic 2 Pro,Online_Store,2024-11-18,787.833475707366,834.7528937756103,904.957339108422,839.3352744442504
Tron-o-matic 2 Pro,Online_Store,2024-11-19,815.2940610882949,868.8876164979965,924.2418621250308,868.8980164772081
Tron-o-matic 2 Pro,Online_Store,2024-11-20,1057.7271372893783,1118.53172189507,1187.3431163741898,1118.9314843967313
Tron-o-matic 2 Pro,Online_Store,2024-11-21,609.8031560776989,678.1625063654964,740.3400488371822,676.4536787984996
Tron-o-matic 2 Pro,Online_Store,2024-11-22,1120.669049535257,1185.1156300762352,1247.129665926624,1182.7802297640594
Tron-o-matic 2 Pro,Online_Store,2024-11-23,998.2166447981017,1065.2891821434096,1117.3597374985668,1059.993526141069
Tron-o-matic 2 Pro,Online_Store,2024-11-24,812.1924795869853,883.4748994514683,955.1085117277012,880.8534891844688
Tron-o-matic 2 Pro,Online_Store,2024-11-25,1012.173557275031,1081.8508375024899,1140.0962868893616,1077.9558863700365
Tron-o-matic 2 Pro,Online_Store,2024-11-26,748.6613418290876,814.3712414933387,880.9029374045788,807.5888706006091
Tron-o-matic 2 Pro,Online_Store,2024-11-27,627.816104089096,678.1434614837335,733.6141411105164,677.1892175612784
Tron-o-matic 2 Pro,Online_Store,2024-11-28,611.0916600242642,671.7978796563017,741.1918902330052,675.9114291098053
Tron-o-matic 2 Pro,Online_Store,2024-11-29,1216.9883106212715,1267.6360380875742,1319.5976139041727,1268.1769068746594
Tron-o-matic 2 Pro,Online_Store,2024-11-30,728.8581342020658,807.7864234377623,855.023966842495,796.9112824816303
Tron-o-matic 2 Pro,Online_Store,2024-12-01,1002.707778902645,1068.016188528336,1122.3381804692133,1065.2759300838918
Tron-o-matic 2 Pro,Online_Store,2024-12-02,617.6147826466886,682.7399577403244,733.1268509327632,677.0402102702745
Tron-o-matic 2 Pro,Online_Store,2024-12-03,620.1079592509733,680.9787512722961,744.4140013031898,679.8826133831466
Tron-o-matic 2 Pro,Online_Store,2024-12-04,620.2788610960587,681.1512965769723,737.937432653105,676.8581941449596
Tron-o-matic 2 Pro,Online_Store,2024-12-05,614.373611878292,680.3638434568613,735.4542340232528,676.5071644274634
Tron-o-matic 2 Pro,Online_Store,2024-12-06,610.1206844431032,678.768331619181,739.7542705100225,676.9781384158953
Tron-o-matic 2 Pro,Online_Store,2024-12-07,826.3199969567565,897.8072604146497,954.9707612768245,891.8075587177286
Tron-o-matic 2 Pro,Online_Store,2024-12-08,613.4984168311495,675.153906999542,742.8376230754809,677.7935944024144
Tron-o-matic 2 Pro,Online_Store,2024-12-09,1032.7510665211241,1095.4394714183932,1154.8404500358963,1095.6098256150365
Tron-o-matic 2 Pro,Online_Store,2024-12-10,623.2188991343943,679.5099463345302,737.7215352180501,678.9838386948322
Tron-o-matic 2 Pro,Online_Store,2024-12-11,1016.8085125287563,1081.7355865069599,1156.6866374461486,1084.1126539446325
Tron-o-matic 2 Pro,Online_Store,2024-12-12,612.4040776223421,668.4708776740223,735.676306380649,669.2891580340885
Tron-o-matic 2 Pro,Online_Store,2024-12-13,631.6753556263736,689.692660843382,730.915503293133,681.8677627061793
Tron-o-matic 2 Pro,Online_Store,2024-12-14,599.1859408894841,682.3100343780036,734.7217963501349,676.757013535345
Tron-o-matic 2 Pro,Online_Store,2024-12-15,751.5587447910905,818.2170644775032,868.2047345907532,811.013106124451
Tron-o-matic 2 Pro,Online_Store,2024-12-16,707.843208251334,775.9173100076891,842.5595183199218,773.1416157428129
Tron-o-matic 2 Pro,Online_Store,2024-12-17,882.2512583923244,955.5123576353075,1027.9573397721829,949.1515254078596
Tron-o-matic 2 Pro,Online_Store,2024-12-18,621.2805544504317,678.2103619031784,734.9222403505012,678.1284749973142
Tron-o-matic 2 Pro,Online_Store,2024-12-19,1146.8488816653467,1196.681003660392,1250.3456535559117,1201.3212959662287
Tron-o-matic 2 Pro,Online_Store,2024-12-20,732.4102347685969,796.5792287152184,859.5620150216952,795.6578800247196
Tron-o-matic 2 Pro,Online_Store,2024-12-21,631.6700354652697,684.0344571817911,766.1566206430554,691.9567197859798
Tron-o-matic 2 Pro,Online_Store,2024-12-22,626.3687927094641,680.2947837544101,748.8197290504307,682.6484761816032
Tron-o-matic 2 Pro,Online_Store,2024-12-23,1025.6178168364527,1093.9040229650777,1139.521186000203,1086.2572761918143
Tron-o-matic 2 Pro,Online_Store,2024-12-24,636.0082219540787,687.6198405152461,751.6237231081514,690.1505935587037
Tron-o-matic 2 Pro,Online_Store,2024-12-25,602.9491579374107,680.212882631216,731.6141863628849,673.3841179181873
Tron-o-matic 2 Pro,Online_Store,2024-12-26,615.2014473765129,669.0579080062547,736.825838079678,674.4824813291353
Tron-o-matic 2 Pro,Online_Store,2024-12-27,624.0718803831192,681.6608810786398,744.6941339557543,680.4332746467007
Tron-o-matic 2 Pro,Online_Store,2024-12-28,630.2802896369957,695.3323179362582,749.2921797319298,694.195943003062
Tron-o-matic 2 Pro,Online_Store,2024-12-29,620.5359966921831,673.0543794688077,742.1583740193269,679.6917450442494
Tron-o-matic 2 Pro,Online_Store,2024-12-30,607.4628407013785,691.566108066664,742.8702359583408,683.9243777126109
Tron-o-matic 2 Pro,Online_Store,2024-12-31,856.6349434523718,921.5012552368763,961.8720505211287,914.1434772551416
Tron-o-matic 2 Pro,NewYork_01,2024-10-01,40.93449483677574,43.84901882900904,46.98540797405514,43.778067279191525
Tron-o-matic 2 Pro,NewYork_01,2024-10-02,36.103309082520745,39.13423700326311,42.02687180817748,38.97234807698494
Tron-o-matic 2 Pro,NewYork_01,2024-10-03,36.18202382432484,38.79011869790505,42.064508483670906,38.960888222331256
Tron-o-matic 2 Pro,NewYork_01,2024-10-04,40.75595010321746,43.408524140853075,46.36457327806211,43.42382752496731
Tron-o-matic 2 Pro,NewYork_01,2024-10-05,55.058477512966654,58.46884867100517,61.30001997531299,58.49755980458377
Tron-o-matic 2 Pro,NewYork_01,2024-10-06,46.00459277412788,48.67252171267953,51.75594404906832,48.7589875333057
Tron-o-matic 2 Pro,NewYork_01,2024-10-07,40.61015781476972,44.245451574817025,46.89926509458712,43.71051846712394
Tron-o-matic 2 Pro,NewYork_01,2024-10-08,45.35378925228093,48.662125443407916,51.75295135519688,48.43166828012688
Tron-o-matic 2 Pro,NewYork_01,2024-10-09,36.038407684466826,39.872487311692126,42.49542574110557,39.70689408161589
Tron-o-matic 2 Pro,NewYork_01,2024-10-10,35.40110017801158,39.085835175175916,41.89612376928709,39.052985026418156
Tron-o-matic 2 Pro,NewYork_01,2024-10-11,40.98138150429933,44.33699164858794,46.705814115403314,44.01935541105254
Tron-o-matic 2 Pro,NewYork_01,2024-10-12,36.22372680822905,39.43443301794108,43.387672689389014,39.616660496755856
Tron-o-matic 2 Pro,NewYork_01,2024-10-13,36.11545719999935,38.848721128744835,41.7979078504401,38.86325667001439
Tron-o-matic 2 Pro,NewYork_01,2024-10-14,35.79507090100165,38.5925521358187,41.95488865357322,38.6931944545588
Tron-o-matic 2 Pro,NewYork_01,2024-10-15,42.087143648575704,44.942800194762,47.719137531422334,44.860456125440614
Tron-o-matic 2 Pro,NewYork_01,2024-10-16,35.48001442168153,39.41990771068669,42.159382766496805,39.17891749919178
Tron-o-matic 2 Pro,NewYork_01,2024-10-17,35.15991353555408,38.39266557212296,41.34774543467954,38.179911577085505
Tron-o-matic 2 Pro,NewYork_01,2024-10-18,56.28960639871043,59.64206554863643,62.6151780167619,59.57889885345073
Tron-o-matic 2 Pro,NewYork_01,2024-10-19,41.466324915837724,45.1141922684249,48.05661437501827,45.04886602382355
Tron-o-matic 2 Pro,NewYork_01,2024-10-20,34.4152496380849,37.80349651031312,40.947693336031875,37.8382320420626
Tron-o-matic 2 Pro,NewYork_01,2024-10-21,34.853066286472064,38.498453107856825,41.22408471253561,38.219489621703765
Tron-o-matic 2 Pro,NewYork_01,2024-10-22,35.23505708161215,37.98772308926622,41.143765695434716,38.073661794546354
Tron-o-matic 2 Pro,NewYork_01,2024-10-23,39.886678124934114,42.45388783352618,45.304412031613786,42.5838311637892
Tron-o-matic 2 Pro,NewYork_01,2024-10-24,34.19830028123712,37.26615952584381,40.39324714882002,37.28592070651688
Tron-o-matic 2 Pro,NewYork_01,2024-10-25,56.879118101380854,59.60352553053619,62.44984966898695,59.590390948949086
Tron-o-matic 2 Pro,NewYork_01,2024-10-26,44.74115133620962,47.72448040760417,50.85242685500016,47.84666417652695
Tron-o-matic 2 Pro,NewYork_01,2024-10-27,33.40444874894211,36.78470864047406,39.764876682557734,36.71386417838922
Tron-o-matic 2 Pro,NewYork_01,2024-10-28,56.043612595092306,60.27033499327444,62.667087338387944,59.982861546112275
Tron-o-matic 2 Pro,NewYork_01,2024-10-29,60.41913281302216,63.54615047181038,66.51531696326028,63.59934007987733
Tron-o-matic 2 Pro,NewYork_01,2024-10-30,38.89935925530872,42.08734810476521,45.37057480203544,42.008543209722795
Tron-o-matic 2 Pro,NewYork_01,2024-10-31,32.81519279762562,36.37872011938831,39.42983868925422,36.23973706538702
Tron-o-matic 2 Pro,NewYork_01,2024-11-01,43.61024067184813,47.230838928570535,50.6456384613432,47.08741196448149
Tron-o-matic 2 Pro,NewYork_01,2024-11-02,33.54043636432128,35.87299562434536,38.39230318650721,35.95616629624639
Tron-o-matic 2 Pro,NewYork_01,2024-11-03,32.722213889844035,35.781770517749386,38.60637468228202,35.600097785483825
Tron-o-matic 2 Pro,NewYork_01,2024-11-04,33.12404396506057,36.08728944166059,39.000739799452646,35.961255254367025
Tron-o-matic 2 Pro,NewYork_01,2024-11-05,32.51597811341615,36.01921150919246,38.5378365693452,35.64295859002689
Tron-o-matic 2 Pro,NewYork_01,2024-11-06,40.40262978403261,43.73215841340898,47.117248890506886,43.61545233450839
Tron-o-matic 2 Pro,NewYork_01,2024-11-07,31.901819007512632,35.03206096429438,37.51503018521772,34.84776815174583
Tron-o-matic 2 Pro,NewYork_01,2024-11-08,31.603538806990624,34.72043197604721,38.24995060015736,34.67400293968489
Tron-o-matic 2 Pro,NewYork_01,2024-11-09,31.82919399871366,34.30966088805794,37.55662279713863,34.40730151533245
Tron-o-matic 2 Pro,NewYork_01,2024-11-10,32.56984193835419,35.08316887747594,38.055285534058996,34.99059181056489
Tron-o-matic 2 Pro,NewYork_01,2024-11-11,31.096542430446373,34.80023414865037,37.92228712479752,34.78919016081382
Tron-o-matic 2 Pro,NewYork_01,2024-11-12,31.61562485016793,34.677865291101874,37.624964599366535,34.70133121944925
Tron-o-matic 2 Pro,NewYork_01,2024-11-13,42.00277878621,45.04418360589594,47.90124558828281,44.8812352461336
Tron-o-matic 2 Pro,NewYork_01,2024-11-14,31.08261825436811,34.57132912463861,37.407303229109345,34.14506161287557
Tron-o-matic 2 Pro,NewYork_01,2024-11-15,31.38273072561478,34.33514557607989,36.72681375832559,34.28538859329076
Tron-o-matic 2 Pro,NewYork_01,2024-11-16,31.776377910360985,34.84167351343275,38.36363772819852,34.854583999652036
Tron-o-matic 2 Pro,NewYork_01,2024-11-17,40.24150226213917,42.65434543033059,45.951622555826745,43.039591023603606
Tron-o-matic 2 Pro,NewYork_01,2024-11-18,38.25137325260881,42.241140138203924,45.85631173318216,42.06827535756371
Tron-o-matic 2 Pro,NewYork_01,2024-11-19,40.92149188787742,44.13170510160009,46.97061958033756,44.09549846734758
Tron-o-matic 2 Pro,NewYork_01,2024-11-20,53.13598638463649,56.25547650666725,59.14774259066418,56.03427189419279
Tron-o-matic 2 Pro,NewYork_01,2024-11-21,31.838208841482505,34.17442031937326,37.372893781940824,34.259397654225765
Tron-o-matic 2 Pro,NewYork_01,2024-11-22,55.74028539608664,59.01432225994608,61.950354215891224,58.92876485342328
Tron-o-matic 2 Pro,NewYork_01,2024-11-23,50.508390226974925,53.4002134596158,56.093797809358264,53.40954565048392
Tron-o-matic 2 Pro,NewYork_01,2024-11-24,42.10679481576335,44.6627502632733,48.10654356202938,44.81244991227945
Tron-o-matic 2 Pro,NewYork_01,2024-11-25,51.7469525660237,54.396856319692134,57.20517336205708,54.67848237148245
Tron-o-matic 2 Pro,NewYork_01,2024-11-26,37.75126069405792,40.710678568256434,44.17197523945844,40.767028794831525
Tron-o-matic 2 Pro,NewYork_01,2024-11-27,30.684106879538998,34.06794104907073,37.21049116563897,34.15770213786476
Tron-o-matic 2 Pro,NewYork_01,2024-11-28,30.670630741800554,33.60580055786337,36.2788651427667,33.487475717979734
Tron-o-matic 2 Pro,NewYork_01,2024-11-29,60.395790670812865,63.95431223511798,66.38019618406315,63.45787740983367
Tron-o-matic 2 Pro,NewYork_01,2024-11-30,38.171274146796804,40.43196874831909,44.27838481759926,40.84919929195432
Tron-o-matic 2 Pro,NewYork_01,2024-12-01,49.927710898831464,53.44019153950805,56.91033343526933,53.40634206696946
Tron-o-matic 2 Pro,NewYork_01,2024-12-02,30.198292039182896,34.951440909831625,37.96386597524609,34.474772935911226
Tron-o-matic 2 Pro,NewYork_01,2024-12-03,31.209539227713208,34.245712606792196,37.19664811474501,34.19275177316868
Tron-o-matic 2 Pro,NewYork_01,2024-12-04,31.2522834192878,34.73571173626613,38.18376724142373,34.6317881829722
Tron-o-matic 2 Pro,NewYork_01,2024-12-05,30.52367916583428,33.928847580437385,37.28558718081034,34.02718824549388
Tron-o-matic 2 Pro,NewYork_01,2024-12-06,31.78359143186078,34.196624096188934,36.7624197502346,34.20102957805613
Tron-o-matic 2 Pro,NewYork_01,2024-12-07,43.18416147246715,45.34180754112526,48.663444495849454,45.56785761253917
Tron-o-matic 2 Pro,NewYork_01,2024-12-08,30.765518773723482,34.18190332405247,37.536469608277756,34.2752876277307
Tron-o-matic 2 Pro,NewYork_01,2024-12-09,51.53803415705074,54.673831531603604,57.97563685078668,54.566179623037925
Tron-o-matic 2 Pro,NewYork_01,2024-12-10,31.658888082871815,34.76101889720437,37.17517228883681,34.67467217645987
Tron-o-matic 2 Pro,NewYork_01,2024-12-11,51.33255470770001,54.3517486504064,57.59588559338422,54.41586967131906
Tron-o-matic 2 Pro,NewYork_01,2024-12-12,31.772259536647965,34.53951537217306,37.554367978148,34.56214264561029
Tron-o-matic 2 Pro,NewYork_01,2024-12-13,30.393953084974466,33.586753477969914,37.652325815329114,33.909782165816914
Tron-o-matic 2 Pro,NewYork_01,2024-12-14,32.301968716691135,35.071123398659736,39.093729177586255,35.36835078780738
Tron-o-matic 2 Pro,NewYork_01,2024-12-15,38.10268877913456,41.24900720623811,44.358826504878536,41.31394031000279
Tron-o-matic 2 Pro,NewYork_01,2024-12-16,35.99205916179503,38.9903091951871,41.98205923315457,39.003052551899174
Tron-o-matic 2 Pro,NewYork_01,2024-12-17,45.3722045735659,48.25801537720073,50.67813752646081,48.16741479933029
Tron-o-matic 2 Pro,NewYork_01,2024-12-18,31.174393750915197,34.68651966361989,37.62402058850174,34.55296007978756
Tron-o-matic 2 Pro,NewYork_01,2024-12-19,57.35647887391185,60.993605620852755,63.73924554304828,60.86640166227251
Tron-o-matic 2 Pro,NewYork_01,2024-12-20,37.82906086832152,40.71127307667254,43.776954232465165,40.60668040559965
Tron-o-matic 2 Pro,NewYork_01,2024-12-21,31.99530949825372,35.25416365354439,38.816946966877225,35.34967501354411
Tron-o-matic 2 Pro,NewYork_01,2024-12-22,30.87438388694931,34.73582232020051,37.38623967480449,34.527844959683
Tron-o-matic 2 Pro,NewYork_01,2024-12-23,51.75232913646045,55.39544045544216,57.518299458330105,54.901699769641084
Tron-o-matic 2 Pro,NewYork_01,2024-12-24,32.16167599650758,34.63212563410175,37.51565323816753,34.67970256058141
Tron-o-matic 2 Pro,NewYork_01,2024-12-25,31.475448585201942,35.02955035189207,38.26702491356407,34.90695901280673
Tron-o-matic 2 Pro,NewYork_01,2024-12-26,31.50449521693131,34.67893067388583,37.8430177048329,34.662250092396356
Tron-o-matic 2 Pro,NewYork_01,2024-12-27,31.78724468835364,34.746598190185026,38.6326386537115,35.161850301928546
Tron-o-matic 2 Pro,NewYork_01,2024-12-28,31.438440430749154,34.76526248836701,38.65703024152492,34.995865718850716
Tron-o-matic 2 Pro,NewYork_01,2024-12-29,31.876531243893666,34.74704433074255,36.96171429219517,34.529722229530414
Tron-o-matic 2 Pro,NewYork_01,2024-12-30,32.42143619860974,35.51061598687906,38.59809941127184,35.47259659046731
Tron-o-matic 2 Pro,NewYork_01,2024-12-31,42.8332520977591,46.85024261539634,49.99879127756402,46.590622134932794
Tron-o-matic 2 Pro,NewYork_02,2024-10-01,40.44366804508029,43.532280819089216,46.566615572879876,43.382723254498195
Tron-o-matic 2 Pro,NewYork_02,2024-10-02,35.71903500537076,39.15418792514778,42.683246339879815,39.00854722723925
Tron-o-matic 2 Pro,NewYork_02,2024-10-03,35.80697239926832,38.849675212561884,41.81833904955512,38.88032665271952
Tron-o-matic 2 Pro,NewYork_02,2024-10-04,41.285591983589995,43.8439928629086,46.41120657842086,43.68025307585353
Tron-o-matic 2 Pro,NewYork_02,2024-10-05,54.52728350818343,58.15129173482531,60.75716564851808,57.88147141930465
Tron-o-matic 2 Pro,NewYork_02,2024-10-06,46.49140251260681,48.21417564965536,50.99448652116561,48.511604932973654
Tron-o-matic 2 Pro,NewYork_02,2024-10-07,40.49613016755132,42.64614771077259,45.79159755893967,42.97911060777469
Tron-o-matic 2 Pro,NewYork_02,2024-10-08,44.70769363086281,48.002467949500094,51.24893782727338,48.0209177172258
Tron-o-matic 2 Pro,NewYork_02,2024-10-09,36.14421283685452,38.70180836919765,41.575172549616575,38.85163206838847
Tron-o-matic 2 Pro,NewYork_02,2024-10-10,36.53628387917912,38.928333375744515,41.7669703813043,38.928868193520266
Tron-o-matic 2 Pro,NewYork_02,2024-10-11,39.99262487908814,43.528945862642594,46.3969322914133,43.49002482578973
Tron-o-matic 2 Pro,NewYork_02,2024-10-12,35.968445414073656,38.677694733572615,41.89681102023503,38.760443815262065
Tron-o-matic 2 Pro,NewYork_02,2024-10-13,36.130537998356594,38.96786485377577,41.83253524606367,38.94280490547171
Tron-o-matic 2 Pro,NewYork_02,2024-10-14,35.94100683717123,38.9641382462199,42.07276633422919,39.08598720837992
Tron-o-matic 2 Pro,NewYork_02,2024-10-15,41.257363882561705,43.77104860773944,47.460773658475645,44.112659852696915
Tron-o-matic 2 Pro,NewYork_02,2024-10-16,35.380283708118625,38.61541277667187,41.73544458289975,38.62705290227748
Tron-o-matic 2 Pro,NewYork_02,2024-10-17,35.90658040277983,38.71666233119082,41.815793763677625,38.67295219657157
Tron-o-matic 2 Pro,NewYork_02,2024-10-18,56.02704231277883,59.08128817240796,62.09959327806139,59.245788145519484
Tron-o-matic 2 Pro,NewYork_02,2024-10-19,41.38713889231994,44.041728166075295,46.964041551258376,44.22741090342941
Tron-o-matic 2 Pro,NewYork_02,2024-10-20,34.107597892674754,38.00112282674345,41.08931467656847,37.80657646290201
Tron-o-matic 2 Pro,NewYork_02,2024-10-21,34.84711757271446,37.797839543293684,40.25751562854732,37.670988842870074
Tron-o-matic 2 Pro,NewYork_02,2024-10-22,34.87747842805943,38.126615429781104,41.138480008650035,37.91925632062821
Tron-o-matic 2 Pro,NewYork_02,2024-10-23,39.4751932910479,41.941942215020006,45.305495778170446,42.27628679077057
Tron-o-matic 2 Pro,NewYork_02,2024-10-24,34.5479603970096,37.949003940098805,40.75758919321674,37.78054095024616
Tron-o-matic 2 Pro,NewYork_02,2024-10-25,57.31916606883105,59.39180442806414,61.636812918051845,59.35161372481916
Tron-o-matic 2 Pro,NewYork_02,2024-10-26,44.443203360811474,47.18203965263271,49.9888087732636,47.1469101024868
Tron-o-matic 2 Pro,NewYork_02,2024-10-27,33.28537522757529,36.46901996781961,39.743379964029515,36.56161983117938
Tron-o-matic 2 Pro,NewYork_02,2024-10-28,56.655071310833875,60.0109808905082,62.55897317665955,59.94750868342771
Tron-o-matic 2 Pro,NewYork_02,2024-10-29,60.257587533414565,62.92854543661081,66.51201791336847,63.18549200466639
Tron-o-matic 2 Pro,NewYork_02,2024-10-30,38.389834283055215,41.26666910095684,44.44656544106511,41.343765935425715
Tron-o-matic 2 Pro,NewYork_02,2024-10-31,32.90528382860551,36.34639311818383,39.473137871587575,36.11915137604997
Tron-o-matic 2 Pro,NewYork_02,2024-11-01,43.16325527655536,46.30318990922183,49.48891775359468,46.39021383053201
Tron-o-matic 2 Pro,NewYork_02,2024-11-02,32.05502766293567,35.119987862518606,37.90563583620193,35.18972309502121
Tron-o-matic 2 Pro,NewYork_02,2024-11-03,32.38937174950023,35.100879841372844,38.7666357299682,35.35603529483134
Tron-o-matic 2 Pro,NewYork_02,2024-11-04,31.78811957687757,35.93439328524055,39.00292338380899,35.75726284235347
Tron-o-matic 2 Pro,NewYork_02,2024-11-05,32.70726493713271,35.06086416089934,37.81839790905907,35.0721519374794
Tron-o-matic 2 Pro,NewYork_02,2024-11-06,40.46457119291862,43.252611446479094,46.128929908884146,43.3254584472659
Tron-o-matic 2 Pro,NewYork_02,2024-11-07,31.25784545362061,34.443434392129404,38.022409371790566,34.65236837467025
Tron-o-matic 2 Pro,NewYork_02,2024-11-08,32.82583226429131,35.047618090449575,37.3610550520499,34.920284569314404
Tron-o-matic 2 Pro,NewYork_02,2024-11-09,32.569338560227365,35.04355216991982,38.249309512661,35.07792800371338
Tron-o-matic 2 Pro,NewYork_02,2024-11-10,32.22413795034295,35.21599638944419,37.83468776192494,35.17360446765562
Tron-o-matic 2 Pro,NewYork_02,2024-11-11,31.485718840735156,34.79670586834781,38.059749002998075,34.786083388975904
Tron-o-matic 2 Pro,NewYork_02,2024-11-12,31.222269576464452,34.73408312048977,38.274155854302805,34.606999310849524
Tron-o-matic 2 Pro,NewYork_02,2024-11-13,40.96803026142899,44.023649874659625,47.170509917105434,44.16657784509041
Tron-o-matic 2 Pro,NewYork_02,2024-11-14,30.265692349682283,34.797385027706504,37.69619390840397,34.43016424968249
Tron-o-matic 2 Pro,NewYork_02,2024-11-15,31.536490199414843,34.10389052187137,37.59480284153957,34.34122666098146
Tron-o-matic 2 Pro,NewYork_02,2024-11-16,31.42726940279339,34.57831526489155,38.18222272299893,34.4503915271012
Tron-o-matic 2 Pro,NewYork_02,2024-11-17,40.312409624719,42.73213721237837,45.7162935915736,42.827853727912945
Tron-o-matic 2 Pro,NewYork_02,2024-11-18,38.69295219662871,41.72284824630906,44.76161680172845,41.647017653483275
Tron-o-matic 2 Pro,NewYork_02,2024-11-19,40.54651803197289,42.929201608724775,45.95781715710001,43.24786047853481
Tron-o-matic 2 Pro,NewYork_02,2024-11-20,53.13190929205697,55.84511241121479,58.74591054479075,55.866221474465775
Tron-o-matic 2 Pro,NewYork_02,2024-11-21,30.351660562117768,34.07220896828778,37.60917101215584,33.902435950512256
Tron-o-matic 2 Pro,NewYork_02,2024-11-22,56.44092923350479,58.663601195285324,62.209389679528215,58.94502055546954
Tron-o-matic 2 Pro,NewYork_02,2024-11-23,49.88755543660594,52.60221120808893,55.85924126029526,52.893298706516305
Tron-o-matic 2 Pro,NewYork_02,2024-11-24,40.56274161070098,43.969075465897994,46.51903451353607,43.927916750390125
Tron-o-matic 2 Pro,NewYork_02,2024-11-25,50.405694459818264,54.376824247228534,57.07912534217223,53.90485687375727
Tron-o-matic 2 Pro,NewYork_02,2024-11-26,36.98090250316642,40.02598324425396,42.328499079025995,39.93064711828392
Tron-o-matic 2 Pro,NewYork_02,2024-11-27,31.497017447616358,34.08173130218684,36.82213675124418,34.02575777043314
Tron-o-matic 2 Pro,NewYork_02,2024-11-28,31.42848403215351,34.11828724532294,37.75098493628602,34.18823127019961
Tron-o-matic 2 Pro,NewYork_02,2024-11-29,59.697562522995376,62.75656540980365,66.81518389505064,62.806432969087844
Tron-o-matic 2 Pro,NewYork_02,2024-11-30,36.5709537905164,39.76158956431521,43.321986511184605,39.791506990413296
Tron-o-matic 2 Pro,NewYork_02,2024-12-01,50.2174755640206,53.47089099789843,56.131493702645564,52.9973776369195
Tron-o-matic 2 Pro,NewYork_02,2024-12-02,31.1664504405567,34.2683908326761,37.01413706855023,34.029592062371506
Tron-o-matic 2 Pro,NewYork_02,2024-12-03,31.063889765362983,34.04943056937365,36.785307421070954,33.95253413606932
Tron-o-matic 2 Pro,NewYork_02,2024-12-04,30.630103003162837,33.719069897927305,36.616288497878614,33.5890716476895
Tron-o-matic 2 Pro,NewYork_02,2024-12-05,31.23166790421036,34.14187614004202,37.02616188745349,34.14033673318182
Tron-o-matic 2 Pro,NewYork_02,2024-12-06,30.868197551072843,34.57289206332127,36.95398331085141,34.11790798903264
Tron-o-matic 2 Pro,NewYork_02,2024-12-07,41.10049853073327,44.423475437394174,47.40758307739939,44.4560495591031
Tron-o-matic 2 Pro,NewYork_02,2024-12-08,31.10532513738098,33.92289351633101,36.623700124602564,33.88934649720236
Tron-o-matic 2 Pro,NewYork_02,2024-12-09,50.88799011458916,54.0527228421881,57.502693896200846,54.183949428554385
Tron-o-matic 2 Pro,NewYork_02,2024-12-10,30.97869361679315,33.7875373055384,37.683586615732864,34.30824712233524
Tron-o-matic 2 Pro,NewYork_02,2024-12-11,51.24708341322752,54.08973780528136,57.76434786718453,54.38920372374799
Tron-o-matic 2 Pro,NewYork_02,2024-12-12,30.634597478059213,33.612105092564676,36.67421326432529,33.50816628599487
Tron-o-matic 2 Pro,NewYork_02,2024-12-13,31.04820785944403,33.460023124860086,36.76188780419984,33.7259152129427
Tron-o-matic 2 Pro,NewYork_02,2024-12-14,30.485696702097275,33.479153118015645,37.180254888939004,33.56741408884665
Tron-o-matic 2 Pro,NewYork_02,2024-12-15,38.10733649418009,40.81485471778957,43.88785918218339,40.77195500154926
Tron-o-matic 2 Pro,NewYork_02,2024-12-16,35.14415923597785,38.75014626337601,41.260651850031785,38.48326809900725
Tron-o-matic 2 Pro,NewYork_02,2024-12-17,44.23672650652014,47.176613741340894,49.6797458821216,46.94682628919619
Tron-o-matic 2 Pro,NewYork_02,2024-12-18,31.0765884380659,34.480019205676896,37.43610544985396,34.157921246131494
Tron-o-matic 2 Pro,NewYork_02,2024-12-19,56.88442103306787,59.75102603602611,62.55608542962911,59.65408372930544
Tron-o-matic 2 Pro,NewYork_02,2024-12-20,36.51731760413814,39.40907721704381,42.43369871168119,39.401206841524
Tron-o-matic 2 Pro,NewYork_02,2024-12-21,30.92072057818646,33.53166536061529,36.87284018996317,33.521206117084944
Tron-o-matic 2 Pro,NewYork_02,2024-12-22,30.881733136783136,34.331964957548834,37.17349003715627,34.14632116099922
Tron-o-matic 2 Pro,NewYork_02,2024-12-23,50.710027597525375,53.85555597927466,56.207079094346085,53.65347059855421
Tron-o-matic 2 Pro,NewYork_02,2024-12-24,31.297506098765247,34.84373495904758,37.300729083515535,34.533026835421495
Tron-o-matic 2 Pro,NewYork_02,2024-12-25,31.554774001978977,34.383880566711625,37.11095164900028,34.421688723661624
Tron-o-matic 2 Pro,NewYork_02,2024-12-26,31.442655287541758,34.76822802643031,38.175087436775826,34.717047182573154
Tron-o-matic 2 Pro,NewYork_02,2024-12-27,31.385267037128415,34.367825616560516,37.47588071159054,34.291454973634444
Tron-o-matic 2 Pro,NewYork_02,2024-12-28,31.42891575600959,34.369093832768854,36.957750682865424,34.24431389380083
Tron-o-matic 2 Pro,NewYork_02,2024-12-29,31.922946730866084,34.787809946863014,37.8318915724684,34.72595227039974
Tron-o-matic 2 Pro,NewYork_02,2024-12-30,32.37672745400007,34.999857588593116,37.911708535668545,34.92900358050551
Tron-o-matic 2 Pro,NewYork_02,2024-12-31,43.230709840384456,46.407392983267236,50.12440848675776,46.48941888146994
Tron-o-matic 2 Pro,WashingtonDC_01,2024-10-01,24.90725668521666,27.13179217673136,28.526518550027525,26.974196363284033
Tron-o-matic 2 Pro,WashingtonDC_01,2024-10-02,22.66233707711038,25.042906663527962,26.63804026391819,24.754584787870478
Tron-o-matic 2 Pro,WashingtonDC_01,2024-10-03,22.51056069051638,24.267823778679674,26.376008006541465,24.398546992647802
Tron-o-matic 2 Pro,WashingtonDC_01,2024-10-04,25.285460585006653,27.550524144988618,29.310114698055873,27.321374665438384
Tron-o-matic 2 Pro,WashingtonDC_01,2024-10-05,34.09655402216501,36.35841308543382,38.15027976143924,36.21439811763026
Tron-o-matic 2 Pro,WashingtonDC_01,2024-10-06,28.772894791809055,30.199487881217653,32.14302386082073,30.31214091559884
Tron-o-matic 2 Pro,WashingtonDC_01,2024-10-07,24.754224520349013,27.26459533014647,29.101404798571675,27.08323229408813
Tron-o-matic 2 Pro,WashingtonDC_01,2024-10-08,27.87336163084967,30.22434246844177,32.21349771107162,30.05599135245689
Tron-o-matic 2 Pro,WashingtonDC_01,2024-10-09,22.515449571024106,24.68859431840113,26.629358804997835,24.575506811956746
Tron-o-matic 2 Pro,WashingtonDC_01,2024-10-10,22.22260659436833,23.933706694662472,26.566666032060525,24.207072064838115
Tron-o-matic 2 Pro,WashingtonDC_01,2024-10-11,25.238112559657377,27.10920244527525,29.381472795404036,27.26949661928807
Tron-o-matic 2 Pro,WashingtonDC_01,2024-10-12,21.808316622814406,24.011632133443886,26.210027003247376,24.031267494573004
Tron-o-matic 2 Pro,WashingtonDC_01,2024-10-13,22.203322699092872,23.99742157870174,26.003151035085676,24.054193609200976
Tron-o-matic 2 Pro,WashingtonDC_01,2024-10-14,22.10948230856238,24.380826613032816,25.990416080766547,24.2446081613657
Tron-o-matic 2 Pro,WashingtonDC_01,2024-10-15,25.889477885918176,27.789843738749024,29.635414128323823,27.81967018126179
Tron-o-matic 2 Pro,WashingtonDC_01,2024-10-16,22.296737078883016,23.99503767218996,26.057384696653195,24.113927694298244
Tron-o-matic 2 Pro,WashingtonDC_01,2024-10-17,21.612749643538518,23.629181357267324,25.818402307248775,23.63856719382052
Tron-o-matic 2 Pro,WashingtonDC_01,2024-10-18,35.71419427792413,37.67549564945245,39.50676988390604,37.563779968277686
Tron-o-matic 2 Pro,WashingtonDC_01,2024-10-19,26.35075112751918,28.14753801619242,30.354429977922738,28.146720400021746
Tron-o-matic 2 Pro,WashingtonDC_01,2024-10-20,22.02462844052077,23.951517877001514,26.097600287293684,23.932890609397326
Tron-o-matic 2 Pro,WashingtonDC_01,2024-10-21,21.68821707498034,23.923090859641924,25.173764923350873,23.695872018394642
Tron-o-matic 2 Pro,WashingtonDC_01,2024-10-22,21.13706540855888,23.695927813044275,25.78185355493111,23.446581076551997
Tron-o-matic 2 Pro,WashingtonDC_01,2024-10-23,24.895048606958607,26.755921906842705,28.67900814842616,26.797474832997583
Tron-o-matic 2 Pro,WashingtonDC_01,2024-10-24,21.517908269519207,23.506808913866653,25.632492992686227,23.583544182581033
Tron-o-matic 2 Pro,WashingtonDC_01,2024-10-25,35.12628908552556,37.47178219819889,39.46975853120421,37.31675767128424
Tron-o-matic 2 Pro,WashingtonDC_01,2024-10-26,27.49077318304709,29.659876691434,31.44864141556224,29.518648010197712
Tron-o-matic 2 Pro,WashingtonDC_01,2024-10-27,21.18117376251568,23.017255235000807,25.452972001077978,23.162472253571035
Tron-o-matic 2 Pro,WashingtonDC_01,2024-10-28,35.28965747563564,37.74543288133014,39.53953301447814,37.489568321433424
Tron-o-matic 2 Pro,WashingtonDC_01,2024-10-29,37.160700738637416,39.21962155135511,41.35105990085212,39.246408282298255
Tron-o-matic 2 Pro,WashingtonDC_01,2024-10-30,24.542762196824853,26.371463381959277,28.418177350950888,26.27680932511005
Tron-o-matic 2 Pro,WashingtonDC_01,2024-10-31,20.454261950382644,22.231534861219018,24.206507525227188,22.220650224768402
Tron-o-matic 2 Pro,WashingtonDC_01,2024-11-01,27.127412704702877,29.177594837439507,31.301228282167674,29.210656496508832
Tron-o-matic 2 Pro,WashingtonDC_01,2024-11-02,20.07363541555417,22.35139030943715,24.23376172042525,22.268229846623562
Tron-o-matic 2 Pro,WashingtonDC_01,2024-11-03,20.06923314615053,21.923861169051957,23.901840999339488,21.933120678855854
Tron-o-matic 2 Pro,WashingtonDC_01,2024-11-04,20.086954546023648,21.83018876986556,23.619223289201848,21.769048446509807
Tron-o-matic 2 Pro,WashingtonDC_01,2024-11-05,19.453428261236375,21.441243674161104,24.096914082960666,21.65892892757349
Tron-o-matic 2 Pro,WashingtonDC_01,2024-11-06,24.98965250674423,27.379615057935514,29.359405397736772,27.164734433899508
Tron-o-matic 2 Pro,WashingtonDC_01,2024-11-07,19.49162561262802,21.377444110728252,23.191009968450462,21.400652437319888
Tron-o-matic 2 Pro,WashingtonDC_01,2024-11-08,19.87514555575312,21.75683024502425,23.40148772701576,21.62619551719144
Tron-o-matic 2 Pro,WashingtonDC_01,2024-11-09,19.310407158176243,21.36521566388719,23.459732022021313,21.40958712792576
Tron-o-matic 2 Pro,WashingtonDC_01,2024-11-10,19.810682620182455,21.54703191645492,23.409821555552256,21.51552176787097
Tron-o-matic 2 Pro,WashingtonDC_01,2024-11-11,18.839645733037635,21.253398445199274,23.231953722538805,21.176650330785254
Tron-o-matic 2 Pro,WashingtonDC_01,2024-11-12,19.437695971239545,20.962700605378767,22.992668095337407,21.04105126861868
Tron-o-matic 2 Pro,WashingtonDC_01,2024-11-13,25.463160233165976,27.314141844243608,29.591341155429884,27.425111341095256
Tron-o-matic 2 Pro,WashingtonDC_01,2024-11-14,19.161036111847555,21.236495378908288,22.922469301325727,21.097635566857704
Tron-o-matic 2 Pro,WashingtonDC_01,2024-11-15,19.190507674710144,21.516379077680313,23.422520465131512,21.351722988675807
Tron-o-matic 2 Pro,WashingtonDC_01,2024-11-16,18.86216353864209,20.76824083220091,23.475102986877516,20.933231311191406
Tron-o-matic 2 Pro,WashingtonDC_01,2024-11-17,24.41009991911457,26.511029655657413,28.46710744085187,26.62906011212086
Tron-o-matic 2 Pro,WashingtonDC_01,2024-11-18,24.255499591148467,26.287200383988523,28.64005859465094,26.23971961205861
Tron-o-matic 2 Pro,WashingtonDC_01,2024-11-19,24.793630735924673,26.89330800505737,28.915448424790466,26.865512770203186
Tron-o-matic 2 Pro,WashingtonDC_01,2024-11-20,33.11230934824925,34.970037358854505,36.83026740728247,34.998435917423905
Tron-o-matic 2 Pro,WashingtonDC_01,2024-11-21,18.743813856215173,20.38374647332802,22.66907822552574,20.662255003822253
Tron-o-matic 2 Pro,WashingtonDC_01,2024-11-22,34.71944954329843,36.73442744481608,38.61250965368826,36.771620035093726
Tron-o-matic 2 Pro,WashingtonDC_01,2024-11-23,30.766591252852994,32.69531497623717,34.61975106565751,32.76033204069983
Tron-o-matic 2 Pro,WashingtonDC_01,2024-11-24,25.39039915388336,27.848386160487912,29.64010413587406,27.64161613314197
Tron-o-matic 2 Pro,WashingtonDC_01,2024-11-25,32.03791507237877,33.842123334666816,36.296782525360925,33.88497635071624
Tron-o-matic 2 Pro,WashingtonDC_01,2024-11-26,22.585835273531398,24.585991507431242,26.90738759733793,24.67048056834038
Tron-o-matic 2 Pro,WashingtonDC_01,2024-11-27,18.695703359694612,21.470066206824995,23.599197738746806,21.253088182514247
Tron-o-matic 2 Pro,WashingtonDC_01,2024-11-28,19.316419179233094,21.233115136491698,23.402445188813303,21.26368802341059
Tron-o-matic 2 Pro,WashingtonDC_01,2024-11-29,37.86034119152081,39.49186260142474,41.49894527403189,39.553570291175355
Tron-o-matic 2 Pro,WashingtonDC_01,2024-11-30,23.42138091137553,25.284873326405975,27.14687931093034,25.232273138508017
Tron-o-matic 2 Pro,WashingtonDC_01,2024-12-01,31.22904788691057,33.22544136242188,35.00429867731117,33.1860078528279
Tron-o-matic 2 Pro,WashingtonDC_01,2024-12-02,19.412979870318225,21.66831989874356,23.461944473917256,21.511325087352578
Tron-o-matic 2 Pro,WashingtonDC_01,2024-12-03,18.796302202748315,21.225367606328685,23.508788657959446,21.232481096336905
Tron-o-matic 2 Pro,WashingtonDC_01,2024-12-04,19.877091821672643,21.513599549399178,23.250482865903862,21.62952671478924
Tron-o-matic 2 Pro,WashingtonDC_01,2024-12-05,18.998513502086396,21.347159039488147,23.27026306578111,21.27494285411186
Tron-o-matic 2 Pro,WashingtonDC_01,2024-12-06,19.894171177247845,21.511679363813137,23.382851189752046,21.53830506857996
Tron-o-matic 2 Pro,WashingtonDC_01,2024-12-07,26.143200570577147,28.07295930244151,29.584653598432002,27.951044331808088
Tron-o-matic 2 Pro,WashingtonDC_01,2024-12-08,19.38060153984177,21.471954048695515,23.074794044060322,21.307752525736802
Tron-o-matic 2 Pro,WashingtonDC_01,2024-12-09,32.73334996247886,34.35695872780669,36.617711968702814,34.445585140993025
Tron-o-matic 2 Pro,WashingtonDC_01,2024-12-10,19.29773297921809,21.179017297913347,23.3898219588701,21.289769099596
Tron-o-matic 2 Pro,WashingtonDC_01,2024-12-11,32.12862953514809,34.25553744012109,36.437721300796156,34.322484782521194
Tron-o-matic 2 Pro,WashingtonDC_01,2024-12-12,19.480364423191556,21.312455526979864,23.341752384213468,21.311307169443115
Tron-o-matic 2 Pro,WashingtonDC_01,2024-12-13,19.327586429777874,21.10851928288006,23.407360319540693,21.221594851644017
Tron-o-matic 2 Pro,WashingtonDC_01,2024-12-14,19.22927866800523,21.578618526785117,23.598131406084462,21.486088376487164
Tron-o-matic 2 Pro,WashingtonDC_01,2024-12-15,23.57208321226553,25.613517938691526,27.502949575864324,25.508111300627462
Tron-o-matic 2 Pro,WashingtonDC_01,2024-12-16,22.311038345876415,24.35197539577562,26.218269341835885,24.239220887610617
Tron-o-matic 2 Pro,WashingtonDC_01,2024-12-17,28.052977443352095,29.45302493722182,31.211476576651684,29.440853083092062
Tron-o-matic 2 Pro,WashingtonDC_01,2024-12-18,19.26961040753045,21.584179863777468,23.553897694874088,21.38198212641818
Tron-o-matic 2 Pro,WashingtonDC_01,2024-12-19,35.25463709864624,37.83802643215089,39.76921365125405,37.67090822914608
Tron-o-matic 2 Pro,WashingtonDC_01,2024-12-20,22.591072544683836,24.60276833204499,26.87211192723948,24.68956577903839
Tron-o-matic 2 Pro,WashingtonDC_01,2024-12-21,19.289316386198244,21.29800391127361,23.05415884205714,21.14482473780132
Tron-o-matic 2 Pro,WashingtonDC_01,2024-12-22,18.98898614188917,21.090639642210284,22.881460840523467,21.045475028396265
Tron-o-matic 2 Pro,WashingtonDC_01,2024-12-23,31.708992892897907,33.622893114555076,35.97779571890645,33.78492074710498
Tron-o-matic 2 Pro,WashingtonDC_01,2024-12-24,18.357497763553553,20.487270349035683,22.882908922126244,20.596420786406316
Tron-o-matic 2 Pro,WashingtonDC_01,2024-12-25,19.339636616522288,21.023528591330187,23.25256897205603,21.137997261780903
Tron-o-matic 2 Pro,WashingtonDC_01,2024-12-26,18.74804910037636,20.901931930631697,22.93225946483859,20.83808798317683
Tron-o-matic 2 Pro,WashingtonDC_01,2024-12-27,19.327634682313153,21.10603935862077,23.29095682609126,21.11860441270988
Tron-o-matic 2 Pro,WashingtonDC_01,2024-12-28,19.055081269755732,20.706262877390838,22.7711213387493,20.803753422787057
Tron-o-matic 2 Pro,WashingtonDC_01,2024-12-29,19.414493533024586,21.116096814626403,23.07137096502187,21.28717893513091
Tron-o-matic 2 Pro,WashingtonDC_01,2024-12-30,19.178757849162935,21.107131977804823,23.255329592707547,21.102211906500077
Tron-o-matic 2 Pro,WashingtonDC_01,2024-12-31,26.619744750895613,28.188332667383936,29.987947823715437,28.19253987286412
Tron-o-matic 2,Houston_01,2024-10-01,73.06901742056145,81.95763882922942,90.94890247301639,81.69868300210645
Tron-o-matic 2,Houston_01,2024-10-02,73.54717508113683,80.37195081220732,88.50212528219522,80.74434852700881
Tron-o-matic 2,Houston_01,2024-10-03,73.08083499536615,79.68761721056875,88.63467266839285,80.63184118074327
Tron-o-matic 2,Houston_01,2024-10-04,74.10746825405894,81.30584469876784,87.43334974642013,81.43080620371528
Tron-o-matic 2,Houston_01,2024-10-05,72.36096359579187,79.17213453796592,87.65119253146985,79.44888281750309
Tron-o-matic 2,Houston_01,2024-10-06,73.64349311764312,79.8883197030714,86.92057063504268,80.06113411906685
Tron-o-matic 2,Houston_01,2024-10-07,125.26541640206212,134.3177335258203,141.9191001844388,134.1140814606006
Tron-o-matic 2,Houston_01,2024-10-08,73.39031967361643,81.14152894405935,88.73661814532676,80.83365667666854
Tron-o-matic 2,Houston_01,2024-10-09,91.29836705334273,98.87772539104738,104.93417986430605,98.70583791068333
Tron-o-matic 2,Houston_01,2024-10-10,108.03581175378595,115.84716830390285,121.67117097581482,115.7434604145967
Tron-o-matic 2,Houston_01,2024-10-11,152.8391065661945,161.86444544783907,169.44546270742194,161.18989192395955
Tron-o-matic 2,Houston_01,2024-10-12,73.48870795776185,79.69328197411167,86.83194529413937,80.20150703192267
Tron-o-matic 2,Houston_01,2024-10-13,70.74263707759494,77.3459997226952,86.07416388851598,78.1406418184795
Tron-o-matic 2,Houston_01,2024-10-14,70.7576561493505,79.15788592766644,86.44578193231479,78.37922134742203
Tron-o-matic 2,Houston_01,2024-10-15,72.15745074517706,79.60124710791152,86.1540681375296,79.37178951054675
Tron-o-matic 2,Houston_01,2024-10-16,71.99769583019491,79.01901168301022,86.57778190293295,79.21586221495032
Tron-o-matic 2,Houston_01,2024-10-17,98.63863263777897,105.31856892430646,113.30027629928608,105.55715964209982
Tron-o-matic 2,Houston_01,2024-10-18,70.9970300232431,79.03862356608988,87.49368715086598,78.78609436745262
Tron-o-matic 2,Houston_01,2024-10-19,85.2610175390916,91.86851270158729,99.77869139047189,92.22573616537176
Tron-o-matic 2,Houston_01,2024-10-20,69.03907753432895,76.33551469105913,83.47005131444514,76.32198354795614
Tron-o-matic 2,Houston_01,2024-10-21,132.26883431089917,137.8129118037562,145.56819515584016,138.3132689118678
Tron-o-matic 2,Houston_01,2024-10-22,69.3400988359397,76.8162960522042,83.85464577891729,76.85096641440825
Tron-o-matic 2,Houston_01,2024-10-23,150.05792635658665,158.65394702560394,165.5580735385535,158.32381684087858
Tron-o-matic 2,Houston_01,2024-10-24,132.32021440590069,138.63365490224083,146.41612178443617,138.9008925981645
Tron-o-matic 2,Houston_01,2024-10-25,67.05952225810844,76.31709669735896,82.81831151454482,75.96966476144951
Tron-o-matic 2,Houston_01,2024-10-26,150.99493491396913,156.55394847589594,163.39053415777573,156.76665049192954
Tron-o-matic 2,Houston_01,2024-10-27,104.38477677498872,111.50819679571272,117.65793609646076,110.97613958673737
Tron-o-matic 2,Houston_01,2024-10-28,83.56423593036044,90.13299053111976,97.90972323857471,90.32517656940921
Tron-o-matic 2,Houston_01,2024-10-29,147.31361248180576,156.0821463286988,164.34800507874183,156.34299693510104
Tron-o-matic 2,Houston_01,2024-10-30,77.59072666227405,86.74324399698087,92.40178920504023,85.85878961069665
Tron-o-matic 2,Houston_01,2024-10-31,67.58442078474863,74.94016895203414,81.07079496783092,74.66202092683956
Tron-o-matic 2,Houston_01,2024-11-01,90.99455284940412,99.80610783669131,106.65807647858138,99.59119255993585
Tron-o-matic 2,Houston_01,2024-11-02,65.21366287278357,72.82012773389374,79.54917622433572,72.90035123581893
Tron-o-matic 2,Houston_01,2024-11-03,63.86613503648431,71.59851403703588,78.46847557033216,71.4977367544229
Tron-o-matic 2,Houston_01,2024-11-04,62.55050990982732,72.02021955924918,78.33178281399178,71.60270389703675
Tron-o-matic 2,Houston_01,2024-11-05,66.35212247586298,72.80434120323584,79.22417088809453,72.8718396292391
Tron-o-matic 2,Houston_01,2024-11-06,91.31505802585875,100.35545912620276,107.63516267356025,99.78188226436933
Tron-o-matic 2,Houston_01,2024-11-07,130.40637044180687,137.5923164516617,142.7352929859146,137.22864089388085
Tron-o-matic 2,Houston_01,2024-11-08,117.86014836430714,125.88592195495093,133.77670399634076,125.44151854736636
Tron-o-matic 2,Houston_01,2024-11-09,134.41423874228522,143.24259473855437,149.8437940732896,142.65454160400552
Tron-o-matic 2,Houston_01,2024-11-10,63.894824047592095,71.1546617709465,79.07866015899548,71.31627495301939
Tron-o-matic 2,Houston_01,2024-11-11,95.23914898041441,102.67738082188876,108.92836419851078,102.5491377106032
Tron-o-matic 2,Houston_01,2024-11-12,64.90784046811808,71.35845358481357,77.41358649508624,70.88571084730994
Tron-o-matic 2,Houston_01,2024-11-13,127.81536775010485,134.02252593508393,141.22638140202304,134.1171491779921
Tron-o-matic 2,Houston_01,2024-11-14,91.67753800938823,99.02805272360536,105.00035882575185,98.46513807162393
Tron-o-matic 2,Houston_01,2024-11-15,98.80390830706827,105.21631855876083,112.171469220889,105.53471697827648
Tron-o-matic 2,Houston_01,2024-11-16,64.76571437943029,71.4425987672566,79.29861725705088,71.46031569222687
Tron-o-matic 2,Houston_01,2024-11-17,62.877459585512185,70.64264720087283,78.2626653966441,70.15914503007438
Tron-o-matic 2,Houston_01,2024-11-18,121.6220235531483,129.82257361702835,137.9399679323401,130.27698367194597
Tron-o-matic 2,Houston_01,2024-11-19,94.95456720754021,103.58430246011858,111.19278428299951,103.54822257720896
Tron-o-matic 2,Houston_01,2024-11-20,62.45176444037356,72.0915417474398,78.73510562055618,71.32030141266353
Tron-o-matic 2,Houston_01,2024-11-21,62.35848743468124,70.22713273329298,76.97934266124174,69.89242955493388
Tron-o-matic 2,Houston_01,2024-11-22,129.86855442784864,134.75433912347185,142.72426686325855,135.4178935762071
Tron-o-matic 2,Houston_01,2024-11-23,62.16560015820692,69.08294961508774,78.1360957741544,69.53760806445784
Tron-o-matic 2,Houston_01,2024-11-24,59.46660396827488,69.40497175389706,77.13853972213865,68.60759607920981
Tron-o-matic 2,Houston_01,2024-11-25,62.33602527907533,70.91032772608368,77.73864846646615,70.52992851809081
Tron-o-matic 2,Houston_01,2024-11-26,63.892379617683886,72.82872417689522,80.09393634927743,72.30331589090574
Tron-o-matic 2,Houston_01,2024-11-27,88.08271982993179,94.79720730753819,101.83662590126418,94.89687896554146
Tron-o-matic 2,Houston_01,2024-11-28,120.19391578273003,128.60789288643605,135.3670356612736,128.21578275294604
Tron-o-matic 2,Houston_01,2024-11-29,145.63963095544472,153.06957890262996,160.04444129967726,153.05890333199156
Tron-o-matic 2,Houston_01,2024-11-30,62.96142543931159,70.19351448589894,78.0739812885693,70.32361062148163
Tron-o-matic 2,Houston_01,2024-12-01,86.2187300107165,92.18748900816689,101.26756713165081,93.43675599478716
Tron-o-matic 2,Houston_01,2024-12-02,62.39741895212926,70.56211685896557,76.51541048663336,70.12800088384742
Tron-o-matic 2,Houston_01,2024-12-03,93.89026306213606,100.84650424031543,108.29134911592078,100.64150965807592
Tron-o-matic 2,Houston_01,2024-12-04,64.28454446798395,70.50670437152323,77.57541431532402,70.53911094982445
Tron-o-matic 2,Houston_01,2024-12-05,62.973825299737626,70.74521618482729,78.88215156862128,70.74083534424295
Tron-o-matic 2,Houston_01,2024-12-06,86.10290776940455,93.96014750584861,101.850470837027,93.78251277815257
Tron-o-matic 2,Houston_01,2024-12-07,77.43418698470475,86.04068526126278,94.16461707844906,86.32205946034875
Tron-o-matic 2,Houston_01,2024-12-08,62.86573883722416,71.46588901088845,79.97332807657122,70.8132228804056
Tron-o-matic 2,Houston_01,2024-12-09,62.55808631133454,70.30072316448509,76.30800268229767,69.88259044308806
Tron-o-matic 2,Houston_01,2024-12-10,142.8978643310058,148.55540256731678,157.40211201550707,149.1473592700584
Tron-o-matic 2,Houston_01,2024-12-11,63.60526507183315,70.93013768295128,77.7415982853315,71.16564774799996
Tron-o-matic 2,Houston_01,2024-12-12,81.98546519238863,89.53850359395669,98.66642687742916,89.97510814106859
Tron-o-matic 2,Houston_01,2024-12-13,64.7898822884434,71.66262684660457,79.06862803328039,71.5656190297147
Tron-o-matic 2,Houston_01,2024-12-14,63.618344652763554,70.41912689248967,79.076740388512,71.11355613893416
Tron-o-matic 2,Houston_01,2024-12-15,62.19631320594829,70.37796337125516,77.24279836417543,70.0262767234457
Tron-o-matic 2,Houston_01,2024-12-16,95.90621173967911,103.3587865122166,110.89757306395683,103.36108391822353
Tron-o-matic 2,Houston_01,2024-12-17,129.3216801041734,136.57721745423788,144.33999476723454,136.5513455021139
Tron-o-matic 2,Houston_01,2024-12-18,63.32157016054488,68.79823857395814,77.29171221889699,69.56891045643603
Tron-o-matic 2,Houston_01,2024-12-19,87.76024404645865,95.38910167452704,102.56981455240215,95.21111092490419
Tron-o-matic 2,Houston_01,2024-12-20,64.64277739920031,70.68831742475292,78.58048058225434,71.2324620651437
Tron-o-matic 2,Houston_01,2024-12-21,144.40471275565065,151.46368333192507,159.06572509683852,151.92334854593702
Tron-o-matic 2,Houston_01,2024-12-22,62.906373015817714,69.84528227944392,75.5515616889286,69.80457532383593
Tron-o-matic 2,Houston_01,2024-12-23,62.04114910723877,69.65244561857152,76.86890428036523,70.03382056523623
Tron-o-matic 2,Houston_01,2024-12-24,63.25020800856975,70.74108806399249,77.07705795116419,70.31930375516072
Tron-o-matic 2,Houston_01,2024-12-25,64.62626021817003,70.75808513029158,77.04417801216276,70.532482505761
Tron-o-matic 2,Houston_01,2024-12-26,84.59698062826679,92.79333418187623,101.86187552103223,92.99205296640696
Tron-o-matic 2,Houston_01,2024-12-27,94.8422568219078,103.31164568316619,110.35983192059665,103.1508685012642
Tron-o-matic 2,Houston_01,2024-12-28,74.66000219643081,83.14153476553676,89.99350915924289,82.13866217566627
Tron-o-matic 2,Houston_01,2024-12-29,95.95747236219827,103.25655794210304,111.04942003989458,103.47723728173827
Tron-o-matic 2,Houston_01,2024-12-30,64.03870676826007,71.8706324366889,77.98462511816264,71.27513106179768
Tron-o-matic 2,Houston_01,2024-12-31,63.34360495310779,71.61164124267002,80.5384502190834,71.50732850732672
Tron-o-matic 2,Chicago_01,2024-10-01,97.77784005721486,107.341638181542,118.67673885258459,107.68551558221463
Tron-o-matic 2,Chicago_01,2024-10-02,99.91103314334008,107.64562975201366,118.04618555328649,107.73178684410637
Tron-o-matic 2,Chicago_01,2024-10-03,97.8321060046853,107.3110888453896,117.57281039272496,107.2476442061778
Tron-o-matic 2,Chicago_01,2024-10-04,97.03380354537384,106.19629793237604,114.92680692279758,106.09534341662102
Tron-o-matic 2,Chicago_01,2024-10-05,97.40856831337992,107.34750738141982,116.78968149287049,107.02232396883777
Tron-o-matic 2,Chicago_01,2024-10-06,97.27574498434797,107.19480577063264,118.21260545790129,107.30443261891824
Tron-o-matic 2,Chicago_01,2024-10-07,165.86012404514346,177.23523293809507,186.77112461864778,177.4181303838402
Tron-o-matic 2,Chicago_01,2024-10-08,96.71304351560296,107.78189937053567,117.38571022764218,106.84879658485947
Tron-o-matic 2,Chicago_01,2024-10-09,122.411181842132,131.36413790285496,140.24371380707476,131.2103217691438
Tron-o-matic 2,Chicago_01,2024-10-10,141.4393295797462,151.77247509818298,162.75464937326262,152.08371425021775
Tron-o-matic 2,Chicago_01,2024-10-11,204.31198553731758,214.304272783318,225.4762591645505,214.644755916476
Tron-o-matic 2,Chicago_01,2024-10-12,96.74176236114367,106.87849063766619,114.59436587753908,106.094143367947
Tron-o-matic 2,Chicago_01,2024-10-13,94.94299949853922,104.45375193309575,116.03567797832527,105.65677379943067
Tron-o-matic 2,Chicago_01,2024-10-14,94.71173077026081,104.99088866984162,113.77726694781838,105.08373469473227
Tron-o-matic 2,Chicago_01,2024-10-15,96.59557135418441,105.2765273585266,115.08490441917611,105.56819940920423
Tron-o-matic 2,Chicago_01,2024-10-16,95.63947875874794,105.1944421092374,116.49350891335197,105.82408843989339
Tron-o-matic 2,Chicago_01,2024-10-17,132.59420822162858,140.13191536176268,149.78327631915323,140.44297645124587
Tron-o-matic 2,Chicago_01,2024-10-18,95.51676228308219,103.84861522627756,115.79892807473368,104.42111721918471
Tron-o-matic 2,Chicago_01,2024-10-19,115.8298907773419,126.64083047067385,134.58648185652697,125.42027246413322
Tron-o-matic 2,Chicago_01,2024-10-20,96.2184672673441,104.50766570549484,114.29264252158701,104.25116125320082
Tron-o-matic 2,Chicago_01,2024-10-21,176.77666418564846,188.16135608013244,197.78229553218398,187.57674142059645
Tron-o-matic 2,Chicago_01,2024-10-22,97.21902876270676,105.81700014459635,115.98102318300401,105.81744739034775
Tron-o-matic 2,Chicago_01,2024-10-23,200.90459795961095,212.66998646256738,221.47940987026237,212.45569884811633
Tron-o-matic 2,Chicago_01,2024-10-24,176.24002752179968,186.73712014471857,194.6105891021711,185.98103216843458
Tron-o-matic 2,Chicago_01,2024-10-25,93.9006593204099,102.16738752766283,113.81076241506487,102.79783683604919
Tron-o-matic 2,Chicago_01,2024-10-26,203.18939574725252,212.40582759482533,222.5988446561681,212.53434040446496
Tron-o-matic 2,Chicago_01,2024-10-27,143.02437149884742,153.14559997419957,161.93656921676646,152.50652678394025
Tron-o-matic 2,Chicago_01,2024-10-28,111.6584106345005,120.69722405297439,130.74144679270637,121.2956946414964
Tron-o-matic 2,Chicago_01,2024-10-29,197.02630555729309,208.2780198163211,219.6623862872693,208.24536092029086
Tron-o-matic 2,Chicago_01,2024-10-30,106.23016135687058,117.41554589303787,126.26327110131325,117.20382816986358
Tron-o-matic 2,Chicago_01,2024-10-31,90.98086957613404,99.41500950400301,108.30305595017877,99.55978623296583
Tron-o-matic 2,Chicago_01,2024-11-01,121.14065969062774,132.4613970579973,141.24581682184885,131.57272403113345
Tron-o-matic 2,Chicago_01,2024-11-02,88.09164556109997,97.81915682270566,106.51111110907286,97.48923669614616
Tron-o-matic 2,Chicago_01,2024-11-03,87.02857984684663,97.98048676564937,107.63342860628217,97.73912491213385
Tron-o-matic 2,Chicago_01,2024-11-04,85.68911807408828,96.3372091408042,107.27985000903101,96.91342357561314
Tron-o-matic 2,Chicago_01,2024-11-05,84.34850844844199,95.85896201849607,105.8088342273533,95.56881179794814
Tron-o-matic 2,Chicago_01,2024-11-06,122.74326509431177,131.54988414322733,143.2160203454477,132.45291234033388
Tron-o-matic 2,Chicago_01,2024-11-07,172.5443971012375,182.71582039259334,194.33796203017283,182.94768028681065
Tron-o-matic 2,Chicago_01,2024-11-08,156.8011814263383,168.70466348130924,175.77121343273862,167.72144839745565
Tron-o-matic 2,Chicago_01,2024-11-09,181.33041883106517,191.25117780808705,202.11953263295396,191.76890091208455
Tron-o-matic 2,Chicago_01,2024-11-10,84.14930120764937,93.43605294766543,103.09881610515083,93.67262683995358
Tron-o-matic 2,Chicago_01,2024-11-11,123.6188280316982,133.69993868444408,143.69477248515622,134.23922601041667
Tron-o-matic 2,Chicago_01,2024-11-12,82.4837126851971,94.14888110312394,100.90039803196865,93.12005447245565
Tron-o-matic 2,Chicago_01,2024-11-13,167.9174380389425,179.93648178933242,189.74414630042278,179.64057187205947
Tron-o-matic 2,Chicago_01,2024-11-14,119.3959316728546,128.91361667483997,140.47774518068638,129.81103619007644
Tron-o-matic 2,Chicago_01,2024-11-15,129.90196402179177,139.90954274499515,149.9426243462663,139.73626659492854
Tron-o-matic 2,Chicago_01,2024-11-16,82.24026231092154,93.11337800114127,100.56569992743763,92.54691592502732
Tron-o-matic 2,Chicago_01,2024-11-17,80.216969628809,91.21642612969914,101.92766493870819,91.12678231821329
Tron-o-matic 2,Chicago_01,2024-11-18,163.50573425938578,173.6779775967782,183.54576521358598,173.7646497528921
Tron-o-matic 2,Chicago_01,2024-11-19,125.56947337274894,134.88434741601233,142.8861784132262,134.7209658443171
Tron-o-matic 2,Chicago_01,2024-11-20,83.63641795400257,91.61378158272449,100.41676051573111,92.133596449224
Tron-o-matic 2,Chicago_01,2024-11-21,82.39900441156728,93.61437488109095,103.90239721490786,92.9465740840731
Tron-o-matic 2,Chicago_01,2024-11-22,167.01282641323496,175.87752806361644,189.66234273178787,177.37442441008596
Tron-o-matic 2,Chicago_01,2024-11-23,83.5521159283777,93.02344924259874,102.73686544624293,92.90107262276344
Tron-o-matic 2,Chicago_01,2024-11-24,82.6232502140264,93.07714959853377,99.80396569602233,92.52427349657196
Tron-o-matic 2,Chicago_01,2024-11-25,83.47002264202922,91.6742857172212,102.08726129295893,91.96998283168907
Tron-o-matic 2,Chicago_01,2024-11-26,82.6761103313265,92.56226155949263,102.97729077244696,92.59527195053145
Tron-o-matic 2,Chicago_01,2024-11-27,117.12802409035369,126.66428685331655,136.13549434762427,126.24748637273775
Tron-o-matic 2,Chicago_01,2024-11-28,161.264956942854,169.71614183153218,179.20181582216549,170.007147977345
Tron-o-matic 2,Chicago_01,2024-11-29,193.54898914746946,204.25285016572676,216.0098667435139,203.67829024062456
Tron-o-matic 2,Chicago_01,2024-11-30,81.30832015868327,94.69420270783434,103.87882942509418,93.27333765077134
Tron-o-matic 2,Chicago_01,2024-12-01,113.92811859827957,124.17577495848346,134.0332640298648,124.34532243425713
Tron-o-matic 2,Chicago_01,2024-12-02,83.48920835401353,92.19114082884417,102.82152263633029,93.3510337035492
Tron-o-matic 2,Chicago_01,2024-12-03,122.16970244673968,132.57521698613235,142.3830768641723,132.48663155906962
Tron-o-matic 2,Chicago_01,2024-12-04,85.06224009949251,93.30525005067909,103.7764983829046,93.42968914662158
Tron-o-matic 2,Chicago_01,2024-12-05,80.69208902593616,93.62565268846429,105.71011319230642,92.94415402067864
Tron-o-matic 2,Chicago_01,2024-12-06,113.72274076814078,122.78400614017876,132.89933404127137,122.42748975835535
Tron-o-matic 2,Chicago_01,2024-12-07,104.4764105580035,114.04876009848003,124.79594409788714,113.969729966101
Tron-o-matic 2,Chicago_01,2024-12-08,84.1345011475653,93.24998803267819,102.36930632191357,93.4387306854639
Tron-o-matic 2,Chicago_01,2024-12-09,80.20246529578533,92.87864494931732,102.93599948464374,92.7171926955679
Tron-o-matic 2,Chicago_01,2024-12-10,187.50730645004438,197.59929140657218,206.56856193601018,197.38629624631477
Tron-o-matic 2,Chicago_01,2024-12-11,83.54599448066956,93.18158624479467,104.01724747734264,93.36738339868668
Tron-o-matic 2,Chicago_01,2024-12-12,109.03717149735951,118.48007245312083,128.95179059275065,118.78903825862692
Tron-o-matic 2,Chicago_01,2024-12-13,81.25273501953382,93.36205325136754,104.08646869719908,93.37479909043122
Tron-o-matic 2,Chicago_01,2024-12-14,83.85526726171007,93.45460324037003,104.76955781815542,93.71485246879564
Tron-o-matic 2,Chicago_01,2024-12-15,84.71540108371298,94.63885086978951,102.93430579428731,93.77233361139193
Tron-o-matic 2,Chicago_01,2024-12-16,127.67283767855838,135.43560460801305,143.6951159791522,135.01587287490779
Tron-o-matic 2,Chicago_01,2024-12-17,169.6968076079292,178.97173116721848,189.98830345491155,179.2612295903157
Tron-o-matic 2,Chicago_01,2024-12-18,82.43615754917775,91.9774014181418,104.4918901837744,92.70664648999076
Tron-o-matic 2,Chicago_01,2024-12-19,117.9225037510853,128.46084268275703,136.72526048170428,127.51099551735032
Tron-o-matic 2,Chicago_01,2024-12-20,81.32355915354665,91.31239266336969,104.28448416833346,91.98649410924662
Tron-o-matic 2,Chicago_01,2024-12-21,190.99670124791115,202.72326174820432,213.16431621297176,202.75514898360777
Tron-o-matic 2,Chicago_01,2024-12-22,79.75366953837776,92.87920157430068,102.32051853819286,92.1525822557638
Tron-o-matic 2,Chicago_01,2024-12-23,79.96652997869676,92.25720645446667,102.23833695249702,91.43881900799593
Tron-o-matic 2,Chicago_01,2024-12-24,83.03806210921948,93.81165129141034,104.15050875959845,93.45925283061563
Tron-o-matic 2,Chicago_01,2024-12-25,85.63802652670985,95.66997398583081,103.51734189490577,95.08942702118901
Tron-o-matic 2,Chicago_01,2024-12-26,114.3191446335787,124.3865892877347,135.08769244945617,124.40447005921982
Tron-o-matic 2,Chicago_01,2024-12-27,128.43871261439432,136.53363674036612,145.48785344116462,137.06693163052415
Tron-o-matic 2,Chicago_01,2024-12-28,99.96968369807608,109.64522250532582,118.75511133864158,110.17236637647619
Tron-o-matic 2,Chicago_01,2024-12-29,132.9873628145391,139.91389706505015,149.83477048089503,140.5585094766588
Tron-o-matic 2,Chicago_01,2024-12-30,84.36073581740224,93.03740697396385,105.63879703755867,94.13276659391919
Tron-o-matic 2,Chicago_01,2024-12-31,85.46472836993905,95.60613095134752,105.32793717575106,95.26485492735736
Tron-o-matic 2,LosAngeles_01,2024-10-01,126.33492810273209,138.07251400350646,153.03655436635282,139.08739126102316
Tron-o-matic 2,LosAngeles_01,2024-10-02,125.70657821242077,137.05259325263518,150.09812027198964,137.99226364516494
Tron-o-matic 2,LosAngeles_01,2024-10-03,123.74181521401434,139.29066844019962,150.91261936529548,137.92718534898432
Tron-o-matic 2,LosAngeles_01,2024-10-04,126.69437590653122,139.89397214073162,152.38270516215954,139.3990596556349
Tron-o-matic 2,LosAngeles_01,2024-10-05,132.2499566310539,141.8661409862636,151.89015213384425,141.67920120225884
Tron-o-matic 2,LosAngeles_01,2024-10-06,121.87077472425409,139.7023562489369,152.80461139705196,138.48656884595815
Tron-o-matic 2,LosAngeles_01,2024-10-07,221.83219413833586,232.86261362939038,245.69535958937993,233.4176250505764
Tron-o-matic 2,LosAngeles_01,2024-10-08,125.4377103428718,141.02490537221055,155.0014052947325,140.52508745244896
Tron-o-matic 2,LosAngeles_01,2024-10-09,157.04626486413233,171.38885786870307,184.53327530049177,171.34978693163973
Tron-o-matic 2,LosAngeles_01,2024-10-10,188.231014543384,199.38996630404458,211.44887549894403,199.41160296737343
Tron-o-matic 2,LosAngeles_01,2024-10-11,267.45743674362956,278.96401217171814,291.22509809571443,279.2209729252191
Tron-o-matic 2,LosAngeles_01,2024-10-12,125.9499603672378,137.3462316948556,149.7286100535927,138.09544208264734
Tron-o-matic 2,LosAngeles_01,2024-10-13,125.57475568205803,138.66558009488932,150.99919768940913,138.318371063175
Tron-o-matic 2,LosAngeles_01,2024-10-14,125.3613922261299,135.70228201857037,150.6045268761744,136.54771484177488
Tron-o-matic 2,LosAngeles_01,2024-10-15,125.38010718848255,137.94959229384526,148.54428797083622,137.25698291050682
Tron-o-matic 2,LosAngeles_01,2024-10-16,124.22646146959353,136.81983600352416,149.74415225413142,136.45226556248488
Tron-o-matic 2,LosAngeles_01,2024-10-17,169.21438111724282,181.8707152129344,196.0279370325808,181.98776536820256
Tron-o-matic 2,LosAngeles_01,2024-10-18,121.74039486754131,134.59266467811162,147.17266175521718,134.7319425357549
Tron-o-matic 2,LosAngeles_01,2024-10-19,148.1742619811309,160.32558082360987,172.00172404226757,160.2560297059324
Tron-o-matic 2,LosAngeles_01,2024-10-20,124.52839588697377,136.86559347276253,146.49833112099478,135.74598639691163
Tron-o-matic 2,LosAngeles_01,2024-10-21,230.84543482662062,241.7112563456476,251.94899559805066,241.31717247370747
Tron-o-matic 2,LosAngeles_01,2024-10-22,124.33059939668607,135.25787290131774,144.78121398947945,134.76162265206426
Tron-o-matic 2,LosAngeles_01,2024-10-23,264.94512904128953,276.45528757133314,290.95443973754925,276.7197911960482
Tron-o-matic 2,LosAngeles_01,2024-10-24,226.58762581495841,239.58162816414495,250.37335590844293,239.36579065171975
Tron-o-matic 2,LosAngeles_01,2024-10-25,117.68369099320952,131.59144422430634,145.24953554460262,132.07455477089027
Tron-o-matic 2,LosAngeles_01,2024-10-26,262.1676189452194,273.70264369069815,287.58121220279213,275.2401991999005
Tron-o-matic 2,LosAngeles_01,2024-10-27,183.39394862162638,193.98886810881686,208.44107054452172,195.0375601441399
Tron-o-matic 2,LosAngeles_01,2024-10-28,139.72461832442198,156.17992719595443,168.85663373086845,155.51091877911117
Tron-o-matic 2,LosAngeles_01,2024-10-29,258.262227069543,271.2367367748819,284.7237376713048,271.0496514503098
Tron-o-matic 2,LosAngeles_01,2024-10-30,139.5889456124496,150.5763024962809,164.27039778218878,151.74417628225427
Tron-o-matic 2,LosAngeles_01,2024-10-31,112.67376067918703,125.27372022017525,136.77585144705589,125.7620283522111
Tron-o-matic 2,LosAngeles_01,2024-11-01,160.3580776037871,173.9300992154553,185.50294831929526,173.10261770352932
Tron-o-matic 2,LosAngeles_01,2024-11-02,114.30659503734165,126.39748302273958,139.58729785629387,126.583372150593
Tron-o-matic 2,LosAngeles_01,2024-11-03,112.32919826075391,125.39106460933652,136.32135322437927,124.61933774670881
Tron-o-matic 2,LosAngeles_01,2024-11-04,113.06335504373332,124.20190752840978,139.2682934581623,124.6648305320043
Tron-o-matic 2,LosAngeles_01,2024-11-05,109.82802426635789,125.71457481152709,137.31227447972583,124.43821126767645
Tron-o-matic 2,LosAngeles_01,2024-11-06,163.5956848441213,174.51443767157497,188.41333013572125,174.3449947600814
Tron-o-matic 2,LosAngeles_01,2024-11-07,224.09111024396395,240.96796929804128,253.50274320351693,240.03915990087415
Tron-o-matic 2,LosAngeles_01,2024-11-08,206.03405085053038,218.08113848488233,233.35199306513547,219.1186406110504
Tron-o-matic 2,LosAngeles_01,2024-11-09,236.7356787826708,251.9517661027141,264.18596230727354,251.2979269021403
Tron-o-matic 2,LosAngeles_01,2024-11-10,109.85058233104341,122.96711447486149,135.71318985806093,122.41224408006632
Tron-o-matic 2,LosAngeles_01,2024-11-11,156.78114332920345,172.87060305131766,186.05185101810386,172.78810077656215
Tron-o-matic 2,LosAngeles_01,2024-11-12,112.29883273674311,122.92784319343347,137.73304796386918,123.69085283794037
Tron-o-matic 2,LosAngeles_01,2024-11-13,221.00944453860652,233.3871904099716,249.53208457774758,233.9051939813878
Tron-o-matic 2,LosAngeles_01,2024-11-14,154.0819166794715,167.91133730261566,181.8534146829822,168.01067314444316
Tron-o-matic 2,LosAngeles_01,2024-11-15,168.6246985814468,180.91856145449987,193.30369366815142,180.98386512689697
Tron-o-matic 2,LosAngeles_01,2024-11-16,106.99993204400576,121.59899916877977,134.4095349326513,120.66939933659252
Tron-o-matic 2,LosAngeles_01,2024-11-17,105.05433822519318,118.93412135430192,131.87205907467379,118.34087995958906
Tron-o-matic 2,LosAngeles_01,2024-11-18,216.38905657622232,225.96968508074184,237.1105593327544,226.24888647102722
Tron-o-matic 2,LosAngeles_01,2024-11-19,163.78308650247445,177.999023529051,189.1894245277363,176.1624094303549
Tron-o-matic 2,LosAngeles_01,2024-11-20,106.3550022816483,120.0861623158056,131.19012418225384,119.39556475894744
Tron-o-matic 2,LosAngeles_01,2024-11-21,104.66520877992401,119.49487327513484,135.14176628660746,119.41069617836267
Tron-o-matic 2,LosAngeles_01,2024-11-22,217.62484997483836,230.3471223218297,244.5526065278065,230.20316835158243
Tron-o-matic 2,LosAngeles_01,2024-11-23,111.20849544770219,120.20982810519796,130.8252457941761,120.59156284437385
Tron-o-matic 2,LosAngeles_01,2024-11-24,108.16437185088719,119.0099709513704,129.8940597595929,118.81969936456737
Tron-o-matic 2,LosAngeles_01,2024-11-25,103.77066113314406,118.08107605771146,127.93088643649622,117.55435363898994
Tron-o-matic 2,LosAngeles_01,2024-11-26,105.18622710475007,121.39270512175044,131.35805059902668,119.45259657411036
Tron-o-matic 2,LosAngeles_01,2024-11-27,148.09072943228747,161.95382353522538,174.3823132067941,161.28009862325354
Tron-o-matic 2,LosAngeles_01,2024-11-28,204.50409060657438,218.3141864596632,230.77401633256065,217.79326618303946
Tron-o-matic 2,LosAngeles_01,2024-11-29,248.2627197229984,263.04098499744146,275.9610361597881,263.3946231806898
Tron-o-matic 2,LosAngeles_01,2024-11-30,106.26849334255563,116.83844095314605,131.86170313159286,118.03084338354262
Tron-o-matic 2,LosAngeles_01,2024-12-01,148.38745577481743,159.94415131451927,172.7317266437065,159.77325856369083
Tron-o-matic 2,LosAngeles_01,2024-12-02,105.97839730294488,121.07926475256767,134.15495728291776,120.17971566645201
Tron-o-matic 2,LosAngeles_01,2024-12-03,159.80626129520428,172.08563270593422,183.80956331564687,171.5679479935742
Tron-o-matic 2,LosAngeles_01,2024-12-04,107.16620822634518,121.47505364405458,131.6454527430964,120.32703001747437
Tron-o-matic 2,LosAngeles_01,2024-12-05,106.78994547600065,118.27931039365893,131.4016274402698,119.07030384105838
Tron-o-matic 2,LosAngeles_01,2024-12-06,145.8466430424888,156.0123746426026,169.81037302755408,157.5206336971317
Tron-o-matic 2,LosAngeles_01,2024-12-07,133.05747648386708,145.4766348292545,159.88859841227531,145.42852967809503
Tron-o-matic 2,LosAngeles_01,2024-12-08,104.41617327123076,119.41779871532094,129.41845444108358,118.03542409861822
Tron-o-matic 2,LosAngeles_01,2024-12-09,104.75510606844624,115.75258746393911,130.25848369467028,116.90348936207921
Tron-o-matic 2,LosAngeles_01,2024-12-10,243.86430376740705,257.4117790784534,269.04111664895487,256.3219370458889
Tron-o-matic 2,LosAngeles_01,2024-12-11,107.4707522528748,119.2259138404861,133.4506723842612,119.83101704914964
Tron-o-matic 2,LosAngeles_01,2024-12-12,141.73266870799532,153.9109845256395,169.70913872182365,154.16202903243368
Tron-o-matic 2,LosAngeles_01,2024-12-13,109.00936920583267,123.23113094936095,136.5129983206554,122.51930942770157
Tron-o-matic 2,LosAngeles_01,2024-12-14,104.04003347037703,119.50659442527486,132.55338589575456,118.94317773280108
Tron-o-matic 2,LosAngeles_01,2024-12-15,106.0654979154408,119.20618219100469,131.27198356514944,119.07169420660802
Tron-o-matic 2,LosAngeles_01,2024-12-16,165.24029670372428,176.7789866962268,189.0570503868626,176.74740675999118
Tron-o-matic 2,LosAngeles_01,2024-12-17,223.53076659279157,233.5850873579941,245.566685066301,233.78628020852793
Tron-o-matic 2,LosAngeles_01,2024-12-18,108.49930189804637,120.7338642002848,132.8323545198902,120.42581965760937
Tron-o-matic 2,LosAngeles_01,2024-12-19,151.28830902967988,164.82255487849363,181.1858766920805,165.22093156422181
Tron-o-matic 2,LosAngeles_01,2024-12-20,110.30468778874878,121.0952940783115,134.0861343939684,121.55866511074457
Tron-o-matic 2,LosAngeles_01,2024-12-21,251.08808626136963,265.87356607247636,281.186247018466,265.8979382561515
Tron-o-matic 2,LosAngeles_01,2024-12-22,108.57841648857483,118.0606286749509,132.0836417196946,119.70364888612829
Tron-o-matic 2,LosAngeles_01,2024-12-23,109.50376511642884,121.89975686184611,130.72854235044804,120.78190911743697
Tron-o-matic 2,LosAngeles_01,2024-12-24,112.47034233503186,123.59650052105536,136.03345945554895,123.72687867957066
Tron-o-matic 2,LosAngeles_01,2024-12-25,110.65435006619701,122.71834315460526,133.5797390722063,122.40691592348756
Tron-o-matic 2,LosAngeles_01,2024-12-26,148.87618595867113,163.4293013691866,174.1546249733612,161.78138308683774
Tron-o-matic 2,LosAngeles_01,2024-12-27,164.5728885023962,180.25179185909687,193.1908189054967,179.32167418864347
Tron-o-matic 2,LosAngeles_01,2024-12-28,129.76613380351057,144.7943955941658,157.34416146210714,144.1409265069286
Tron-o-matic 2,LosAngeles_01,2024-12-29,168.9445061895835,180.21201505322637,191.94472931013505,179.4437904125633
Tron-o-matic 2,LosAngeles_01,2024-12-30,108.41873951416534,121.43369198979744,132.83579470093417,121.26336898051333
Tron-o-matic 2,LosAngeles_01,2024-12-31,109.34379670140355,121.1496130648855,135.25723405527927,122.33956132369188
Tron-o-matic 2,Atlanta_01,2024-10-01,62.17037129311916,68.6171864767472,76.20815006513271,68.7254577312024
Tron-o-matic 2,Atlanta_01,2024-10-02,62.71751810105009,68.52304496123219,75.94116836320794,68.81269432751711
Tron-o-matic 2,Atlanta_01,2024-10-03,61.94259337132775,68.21672692128197,74.52208258184623,68.29001091705447
Tron-o-matic 2,Atlanta_01,2024-10-04,62.97755306261393,68.34874602666206,73.91578450203714,68.37111894593612
Tron-o-matic 2,Atlanta_01,2024-10-05,62.01352715293233,67.82191162242587,75.39770023422577,68.04477953926659
Tron-o-matic 2,Atlanta_01,2024-10-06,61.308986279780875,68.31263845223391,75.31987982782456,68.09424923758725
Tron-o-matic 2,Atlanta_01,2024-10-07,107.16325079718506,112.7683115532113,118.19597709476051,112.886295937627
Tron-o-matic 2,Atlanta_01,2024-10-08,61.64315478389438,67.92149629066654,72.89422372516728,67.73140176918179
Tron-o-matic 2,Atlanta_01,2024-10-09,77.28154660743546,83.6600548251349,91.44970694218064,83.90949915943193
Tron-o-matic 2,Atlanta_01,2024-10-10,90.66526668493516,96.49978419150636,102.13169805277892,96.69267572018363
Tron-o-matic 2,Atlanta_01,2024-10-11,128.95984666103297,134.99565078740994,142.534311434241,135.17655273537315
Tron-o-matic 2,Atlanta_01,2024-10-12,62.41587815450134,66.7460999961843,73.29334497122322,67.37799474164515
Tron-o-matic 2,Atlanta_01,2024-10-13,60.21851201506883,67.30292179372718,73.45892422061735,67.11003271615658
Tron-o-matic 2,Atlanta_01,2024-10-14,60.74519213979733,67.33107283120172,74.58256668124722,67.556943207077
Tron-o-matic 2,Atlanta_01,2024-10-15,59.667625713309235,67.16786947017353,72.35963431016815,66.38993121975193
Tron-o-matic 2,Atlanta_01,2024-10-16,62.369405428948056,66.98360705023084,73.74921498350231,67.48199985492154
Tron-o-matic 2,Atlanta_01,2024-10-17,81.72312462807899,87.89311590959329,94.60346398544348,88.01877981607703
Tron-o-matic 2,Atlanta_01,2024-10-18,60.01410564708502,66.48277772384228,73.01965878002991,66.46937197325924
Tron-o-matic 2,Atlanta_01,2024-10-19,71.67177970221093,78.91922336005436,86.45601861385518,79.16380734989303
Tron-o-matic 2,Atlanta_01,2024-10-20,60.13876889825369,66.5783150949556,72.81952979527053,66.52005195562744
Tron-o-matic 2,Atlanta_01,2024-10-21,111.58955116874023,118.17926245855858,124.41846951227919,117.97422092243393
Tron-o-matic 2,Atlanta_01,2024-10-22,58.137697234964804,64.53345458444508,71.46775116926028,64.8067245426588
Tron-o-matic 2,Atlanta_01,2024-10-23,127.6285472329557,134.59133659347376,139.57120316585443,134.01293507956208
Tron-o-matic 2,Atlanta_01,2024-10-24,109.78338289364632,115.05893019172264,123.70852555905064,116.11561935757143
Tron-o-matic 2,Atlanta_01,2024-10-25,57.703403839044555,65.04092731528105,72.04097038346319,64.6109852464947
Tron-o-matic 2,Atlanta_01,2024-10-26,127.21098557798263,132.89653809816872,139.9387169331623,133.3010566327637
Tron-o-matic 2,Atlanta_01,2024-10-27,88.3536229946861,94.86953306030894,101.81682845202572,94.85199526177368
Tron-o-matic 2,Atlanta_01,2024-10-28,71.12569309207754,78.0918308891526,83.72124302239452,77.58736694309377
Tron-o-matic 2,Atlanta_01,2024-10-29,124.95367986184142,131.99930699047434,139.14556435496263,131.9035704158677
Tron-o-matic 2,Atlanta_01,2024-10-30,68.27047877679685,73.38929234833543,79.58556232020075,73.65367411630262
Tron-o-matic 2,Atlanta_01,2024-10-31,55.78354968016219,63.19936638216948,68.25744145810673,62.30019131289883
Tron-o-matic 2,Atlanta_01,2024-11-01,77.07252303140677,83.97595462504314,90.62654427934775,83.8522391690443
Tron-o-matic 2,Atlanta_01,2024-11-02,55.501871833507685,61.589013540574506,68.60845643623885,61.831706874332355
Tron-o-matic 2,Atlanta_01,2024-11-03,55.832748524427515,61.74651431089163,68.39789239643638,62.20620911972222
Tron-o-matic 2,Atlanta_01,2024-11-04,54.57093596791974,61.50225764597921,66.46067217000665,60.92492404273847
Tron-o-matic 2,Atlanta_01,2024-11-05,54.49045035715791,60.561505282219485,66.9398886332052,60.6886525090785
Tron-o-matic 2,Atlanta_01,2024-11-06,78.31482131297415,84.98400539317089,90.08327596820183,84.3438192697795
Tron-o-matic 2,Atlanta_01,2024-11-07,109.088016351645,114.69669744664148,121.30383569619485,114.98441715719882
Tron-o-matic 2,Atlanta_01,2024-11-08,98.9575581790736,105.5968179471192,111.26554420250795,105.37634824620604
Tron-o-matic 2,Atlanta_01,2024-11-09,115.21632253197549,121.0716700627859,127.09487180856478,121.30158600758196
Tron-o-matic 2,Atlanta_01,2024-11-10,53.40254807479467,59.484416019348835,67.16839637958174,59.97190287273796
Tron-o-matic 2,Atlanta_01,2024-11-11,78.12171227695376,84.7931061035402,91.38130621332286,84.6043042002695
Tron-o-matic 2,Atlanta_01,2024-11-12,53.51580478385466,57.70733124101501,66.21319834127205,58.820967847694995
Tron-o-matic 2,Atlanta_01,2024-11-13,106.50931754336773,112.48980131020834,117.9677147953974,112.48340208865413
Tron-o-matic 2,Atlanta_01,2024-11-14,76.52716893237897,82.16989462731448,86.68334392760532,81.9297636813522
Tron-o-matic 2,Atlanta_01,2024-11-15,80.54734952129726,87.61095673213238,93.60890332418748,87.3190017792959
Tron-o-matic 2,Atlanta_01,2024-11-16,52.711250879112654,59.07461886923333,65.59586724997303,59.17113340257251
Tron-o-matic 2,Atlanta_01,2024-11-17,51.79858856945686,58.37922174209458,65.92713582009296,58.61505219210253
Tron-o-matic 2,Atlanta_01,2024-11-18,104.32768617801145,110.06441781085945,115.55700720757544,110.07442007986445
Tron-o-matic 2,Atlanta_01,2024-11-19,79.1292919540436,84.93960346159534,91.61994756252255,85.19142910166403
Tron-o-matic 2,Atlanta_01,2024-11-20,50.63487900626962,60.32518787627733,65.34248437775096,59.12882335875591
Tron-o-matic 2,Atlanta_01,2024-11-21,53.97236656398024,59.87940450255741,65.34832238903901,59.28011731627226
Tron-o-matic 2,Atlanta_01,2024-11-22,104.93117079351912,112.67871044781754,118.02224229226753,111.95510383443332
Tron-o-matic 2,Atlanta_01,2024-11-23,53.48977498042629,59.72156412393089,64.28489187556397,59.21114907941026
Tron-o-matic 2,Atlanta_01,2024-11-24,52.41109898097965,59.36775834207252,64.13582198043291,58.510074002176005
Tron-o-matic 2,Atlanta_01,2024-11-25,52.35167294213866,58.65345801236835,68.00599570320145,59.250343811600054
Tron-o-matic 2,Atlanta_01,2024-11-26,52.902704392382404,59.705686053648726,64.1963791332145,58.99024645179004
Tron-o-matic 2,Atlanta_01,2024-11-27,72.90250131071144,79.41494967208746,85.2414555700145,79.51174914029497
Tron-o-matic 2,Atlanta_01,2024-11-28,100.03251644941754,107.09449078581063,111.29759206342904,106.20102292795129
Tron-o-matic 2,Atlanta_01,2024-11-29,120.74911995565364,128.38520371388864,134.84128697465678,127.80501013292442
Tron-o-matic 2,Atlanta_01,2024-11-30,53.42617811953777,59.29066298682433,65.29248298174495,59.146654899492724
Tron-o-matic 2,Atlanta_01,2024-12-01,73.90142681487326,79.60171411602506,85.15031040094138,79.33192958970055
Tron-o-matic 2,Atlanta_01,2024-12-02,52.95948190166606,58.8315877133099,64.75132264738323,58.71718320376561
Tron-o-matic 2,Atlanta_01,2024-12-03,77.51881641931081,84.4186067560239,89.59972686011099,84.03816661873411
Tron-o-matic 2,Atlanta_01,2024-12-04,54.36377670477552,59.829501408624004,66.36200803480098,59.79691063687712
Tron-o-matic 2,Atlanta_01,2024-12-05,53.75800429806525,59.41864250144048,66.29573410446636,59.52773340267583
Tron-o-matic 2,Atlanta_01,2024-12-06,72.03814663897423,77.59611199069349,84.87357195832651,78.16393067323384
Tron-o-matic 2,Atlanta_01,2024-12-07,65.16737291272953,72.20989385757488,79.6017365538406,72.55469280086298
Tron-o-matic 2,Atlanta_01,2024-12-08,53.764997088367856,58.85732605420991,66.16661150894859,59.13131350209995
Tron-o-matic 2,Atlanta_01,2024-12-09,53.62308852846468,59.92640169984556,66.39589399391784,59.632338374680856
Tron-o-matic 2,Atlanta_01,2024-12-10,118.46009260403783,124.22665164328534,129.79439561287035,124.00648255900127
Tron-o-matic 2,Atlanta_01,2024-12-11,52.674466521871494,59.4540229440273,64.51161175015348,58.75358108327364
Tron-o-matic 2,Atlanta_01,2024-12-12,68.87438241302328,75.29292213413477,80.8804840532028,75.22957846592736
Tron-o-matic 2,Atlanta_01,2024-12-13,53.01006520583762,59.37452393556976,67.2369799464044,59.61701678605673
Tron-o-matic 2,Atlanta_01,2024-12-14,54.009799734766325,59.64034177420768,64.72936280450249,59.60389031991909
Tron-o-matic 2,Atlanta_01,2024-12-15,50.21374738599597,59.271072085890815,65.28336915721597,58.87813763442756
Tron-o-matic 2,Atlanta_01,2024-12-16,80.34078456136051,85.8458865530305,91.54164271155194,86.16638324701118
Tron-o-matic 2,Atlanta_01,2024-12-17,106.94485799058454,113.63120919889573,119.30978468944141,113.0590147431333
Tron-o-matic 2,Atlanta_01,2024-12-18,52.25822272983606,59.37898218160907,67.3354100617585,59.432888765863964
Tron-o-matic 2,Atlanta_01,2024-12-19,72.41082276192076,79.5004005331519,85.31414208840707,79.50207626105542
Tron-o-matic 2,Atlanta_01,2024-12-20,54.429752542661966,59.476933711868924,65.88750833201027,59.728252668216676
Tron-o-matic 2,Atlanta_01,2024-12-21,122.79899163337522,128.41450975490204,133.86418072423248,128.4954240739823
Tron-o-matic 2,Atlanta_01,2024-12-22,53.881634861441036,59.26466391701628,65.6637119054263,59.33849364272902
Tron-o-matic 2,Atlanta_01,2024-12-23,52.898763280086975,59.14470882701367,64.44973410925996,59.12522769815836
Tron-o-matic 2,Atlanta_01,2024-12-24,52.333067768642074,59.45492697844553,64.74408798025351,58.68420440196767
Tron-o-matic 2,Atlanta_01,2024-12-25,53.38321219267161,59.247572471617225,64.32065978378608,59.276419628897955
Tron-o-matic 2,Atlanta_01,2024-12-26,72.7623271651443,78.76001068022767,84.82435747801881,78.76215133974156
Tron-o-matic 2,Atlanta_01,2024-12-27,81.62541775125393,87.0006090696006,92.11431600997136,86.99142102056373
Tron-o-matic 2,Atlanta_01,2024-12-28,63.555551250097075,70.36433235666786,76.99522718694013,70.04490091322822
Tron-o-matic 2,Atlanta_01,2024-12-29,80.51642194040778,87.73034671397413,93.89841025503307,87.35259697146809
Tron-o-matic 2,Atlanta_01,2024-12-30,54.165439081614764,59.87525907252379,67.55130356704849,60.35439138465251
Tron-o-matic 2,Atlanta_01,2024-12-31,53.8757078881987,61.15992539924798,68.2930654815676,61.021483986187874
Tron-o-matic 2,Dallas_01,2024-10-01,80.75794599875167,89.14733589158308,96.5227407412462,88.27117869334323
Tron-o-matic 2,Dallas_01,2024-10-02,77.68974224803009,87.95484785407322,96.4431666157634,87.65829182782537
Tron-o-matic 2,Dallas_01,2024-10-03,79.70398341520504,87.39169630936847,94.866975479387,87.27578077374189
Tron-o-matic 2,Dallas_01,2024-10-04,77.43982896164721,87.73919771985129,97.11544129175218,87.50381452139273
Tron-o-matic 2,Dallas_01,2024-10-05,80.34082438720662,86.87977239366711,94.9024127107171,87.51121284486202
Tron-o-matic 2,Dallas_01,2024-10-06,78.27178463397676,87.25842357515742,94.17805701291114,86.58553636996605
Tron-o-matic 2,Dallas_01,2024-10-07,136.18104168229394,145.231062320996,153.01029913769972,145.07374963814087
Tron-o-matic 2,Dallas_01,2024-10-08,79.92714082203733,88.0116172788706,97.60614648578651,88.51742589380795
Tron-o-matic 2,Dallas_01,2024-10-09,101.0189891312305,108.58119874210011,117.34717007372542,108.71424775397865
Tron-o-matic 2,Dallas_01,2024-10-10,114.80395534821125,124.47810381475989,131.6551391077346,123.90956493954609
Tron-o-matic 2,Dallas_01,2024-10-11,168.72872042800483,175.7140784878198,182.24739710426553,175.19903338058165
Tron-o-matic 2,Dallas_01,2024-10-12,80.22211560056328,87.83264855699902,95.66179054049591,87.33896173284661
Tron-o-matic 2,Dallas_01,2024-10-13,78.19603838219385,85.36141392630243,93.85132402462025,85.80074753481105
Tron-o-matic 2,Dallas_01,2024-10-14,77.85563483377275,86.03043272440789,93.12924757232794,85.73820746283305
Tron-o-matic 2,Dallas_01,2024-10-15,77.41966281661499,87.18180079263558,94.7582183562911,86.81559056572287
Tron-o-matic 2,Dallas_01,2024-10-16,79.13043527026218,87.74644766708883,95.95498789868316,87.51925556064805
Tron-o-matic 2,Dallas_01,2024-10-17,106.59601938612299,113.50748062240478,121.43071330304839,114.024748711988
Tron-o-matic 2,Dallas_01,2024-10-18,78.03198110864082,84.4794888646008,93.13202839570766,84.87546912781498
Tron-o-matic 2,Dallas_01,2024-10-19,95.42690236428602,101.30257481728792,111.0503465413263,102.52789048331499
Tron-o-matic 2,Dallas_01,2024-10-20,76.14758270171828,84.02868463322241,92.82784262081196,84.32121039011042
Tron-o-matic 2,Dallas_01,2024-10-21,141.7023246376794,150.76341108120133,159.05586678077336,150.7320354326551
Tron-o-matic 2,Dallas_01,2024-10-22,76.6874114546644,83.53328520488769,91.98370582330107,83.47990048309696
Tron-o-matic 2,Dallas_01,2024-10-23,165.8163068859706,173.62708705275182,183.1749509623816,173.70837909203954
Tron-o-matic 2,Dallas_01,2024-10-24,142.7638090184409,149.77512556035902,156.9548924151624,149.95723270017504
Tron-o-matic 2,Dallas_01,2024-10-25,74.80409183755671,83.15567630471168,91.77825449288486,83.06849266976404
Tron-o-matic 2,Dallas_01,2024-10-26,161.745808677515,171.30903923351855,179.60786912376665,170.89568475612214
Tron-o-matic 2,Dallas_01,2024-10-27,112.33773052635087,120.63537025163284,130.07838731347388,120.70072578920286
Tron-o-matic 2,Dallas_01,2024-10-28,88.03174981208873,97.23287360879263,105.12860129057722,96.96936483383135
Tron-o-matic 2,Dallas_01,2024-10-29,163.29299069760464,171.15401880552312,178.20345188693315,170.83699392017013
Tron-o-matic 2,Dallas_01,2024-10-30,87.57956221192718,94.34199417430267,102.79808349842324,94.71390879234207
Tron-o-matic 2,Dallas_01,2024-10-31,71.00687494198245,79.85084552897428,86.04882389029677,79.00522296978312
Tron-o-matic 2,Dallas_01,2024-11-01,100.63588188224585,108.28093765237833,115.08800133233049,107.92630860966494
Tron-o-matic 2,Dallas_01,2024-11-02,72.3627148851508,79.87529968338474,87.58549025369227,79.93403279300297
Tron-o-matic 2,Dallas_01,2024-11-03,68.25929424577204,78.2639739840645,85.82426221481397,77.66201786199363
Tron-o-matic 2,Dallas_01,2024-11-04,69.61982785375652,79.03232966325243,85.593212196082,78.01855913883837
Tron-o-matic 2,Dallas_01,2024-11-05,72.3068495486595,79.9050780976303,88.21525162035337,79.80048485899437
Tron-o-matic 2,Dallas_01,2024-11-06,100.50833287101659,109.18661077867272,117.66716707983946,108.91590374898433
Tron-o-matic 2,Dallas_01,2024-11-07,141.21388974307635,148.36076561194224,155.8926214651278,148.50665592339269
Tron-o-matic 2,Dallas_01,2024-11-08,127.21612080598562,136.45118502537235,145.0011472433051,136.65346367893642
Tron-o-matic 2,Dallas_01,2024-11-09,148.9203163848094,155.73753588001463,165.53730233837024,156.58032174599367
Tron-o-matic 2,Dallas_01,2024-11-10,66.98452098515075,76.5856320191764,83.58366528390823,75.4885207486098
Tron-o-matic 2,Dallas_01,2024-11-11,100.12001336940251,108.8316956447602,118.31677083663597,109.54492823503783
Tron-o-matic 2,Dallas_01,2024-11-12,69.77825731251208,78.0934413060195,85.0953580314187,77.55861738911435
Tron-o-matic 2,Dallas_01,2024-11-13,138.51899872762127,146.66555127267748,153.00597149376944,146.15917030896503
Tron-o-matic 2,Dallas_01,2024-11-14,99.17068457147187,106.87283820926709,114.55577553688511,106.69972220494483
Tron-o-matic 2,Dallas_01,2024-11-15,103.86518880491215,113.54743603275617,122.04447146296306,113.36045962267308
Tron-o-matic 2,Dallas_01,2024-11-16,65.94631430391414,75.20073083972841,83.03247020354881,75.09434594366607
Tron-o-matic 2,Dallas_01,2024-11-17,68.75589117825092,75.99298982808486,83.41750597907092,75.89391063564304
Tron-o-matic 2,Dallas_01,2024-11-18,133.64693399165932,142.43566287358186,149.48589902229782,141.75289308176605
Tron-o-matic 2,Dallas_01,2024-11-19,103.82429564333161,112.15725241862529,121.61685326478707,112.55983184293481
Tron-o-matic 2,Dallas_01,2024-11-20,67.58606987584561,75.889526441307,83.37517761997046,76.03736444081677
Tron-o-matic 2,Dallas_01,2024-11-21,67.84080542122274,76.74193674855533,84.35256102331857,76.14099851964173
Tron-o-matic 2,Dallas_01,2024-11-22,137.70903212966576,144.93750913071662,154.80694371782477,145.39741860117155
Tron-o-matic 2,Dallas_01,2024-11-23,67.8712176405738,76.84669582544281,83.15836305194522,76.16700816827833
Tron-o-matic 2,Dallas_01,2024-11-24,68.1712464461136,75.9673420949395,85.02454548980643,75.81914225994323
Tron-o-matic 2,Dallas_01,2024-11-25,67.2619849699405,73.53085342854033,82.04899882810575,74.21489362314713
Tron-o-matic 2,Dallas_01,2024-11-26,69.38854782367507,76.60739867716005,85.61418622397835,77.2349973928888
Tron-o-matic 2,Dallas_01,2024-11-27,95.5050532504659,103.32156233628096,111.91397507933485,103.54723483615503
Tron-o-matic 2,Dallas_01,2024-11-28,128.330846530227,138.60549077351786,146.27179320136696,138.01705292872055
Tron-o-matic 2,Dallas_01,2024-11-29,159.79282872923838,165.59929157170157,174.51983717813434,166.45479831667097
Tron-o-matic 2,Dallas_01,2024-11-30,68.80661364149255,76.16133581191959,83.42590470649927,76.58488557753267
Tron-o-matic 2,Dallas_01,2024-12-01,93.94401698231397,100.85716298419892,109.34681328438622,101.30667324655884
Tron-o-matic 2,Dallas_01,2024-12-02,66.98738129079015,74.09644039192844,82.9421916074785,74.34250649415262
Tron-o-matic 2,Dallas_01,2024-12-03,101.35276415569093,109.04655884311546,117.36029748103127,108.9404340853547
Tron-o-matic 2,Dallas_01,2024-12-04,69.0844119618745,77.33322088173902,83.71958819243396,76.69209895511545
Tron-o-matic 2,Dallas_01,2024-12-05,69.49459205136633,75.66709169686582,83.62876305566685,76.38816754338596
Tron-o-matic 2,Dallas_01,2024-12-06,92.95183358276756,101.65131993474735,109.00256651231469,101.47828775604222
Tron-o-matic 2,Dallas_01,2024-12-07,84.50996875153484,93.62205660811917,102.80320970847606,93.35524563906333
Tron-o-matic 2,Dallas_01,2024-12-08,68.22137362786334,76.26050603721241,84.13244693700061,76.3208994152483
Tron-o-matic 2,Dallas_01,2024-12-09,67.38389987293574,76.12307339140247,83.69823166884497,75.54620636644974
Tron-o-matic 2,Dallas_01,2024-12-10,154.80331285466215,161.330364361302,168.7603715378434,161.1633704132376
Tron-o-matic 2,Dallas_01,2024-12-11,70.40688158624772,77.1064953322074,83.95688599544864,77.24771754366614
Tron-o-matic 2,Dallas_01,2024-12-12,90.77095230937122,97.72289237920417,104.39598781775459,97.6234679122027
Tron-o-matic 2,Dallas_01,2024-12-13,67.20430300809834,76.77460586547166,85.67242821429629,76.37283050562402
Tron-o-matic 2,Dallas_01,2024-12-14,66.82313245954933,76.08913345143154,84.69993846103127,75.98491981558492
Tron-o-matic 2,Dallas_01,2024-12-15,67.88464179491581,74.35268419242425,81.60542107430513,74.57972864660708
Tron-o-matic 2,Dallas_01,2024-12-16,102.83032772544273,109.84247290020316,117.56193382135122,110.0113801519144
Tron-o-matic 2,Dallas_01,2024-12-17,137.4581769942097,146.2280886323159,153.07638021148244,145.6032481238672
Tron-o-matic 2,Dallas_01,2024-12-18,67.66610639336534,76.51916745991801,84.90507242292854,76.08193418296153
Tron-o-matic 2,Dallas_01,2024-12-19,96.04904679148223,103.96797885438339,110.15508963610581,103.3914730157096
Tron-o-matic 2,Dallas_01,2024-12-20,69.07577537867168,76.3367736459361,83.95255424038707,76.5277816680242
Tron-o-matic 2,Dallas_01,2024-12-21,157.492506737214,163.92536861655924,170.86767169842716,164.498609183252
Tron-o-matic 2,Dallas_01,2024-12-22,66.75800785319603,75.14386022857714,83.42114173272219,75.52202003714929
Tron-o-matic 2,Dallas_01,2024-12-23,67.63391329352365,76.16867363476165,82.95334940408492,75.2180386571201
Tron-o-matic 2,Dallas_01,2024-12-24,68.45197367378269,77.19030599783277,84.27139595928841,76.86412653791888
Tron-o-matic 2,Dallas_01,2024-12-25,68.50511873367017,78.08426859287397,88.03782534515838,77.47622788666669
Tron-o-matic 2,Dallas_01,2024-12-26,94.65600863098378,100.71688018367269,108.18764001023335,100.47427995991566
Tron-o-matic 2,Dallas_01,2024-12-27,103.46957064116137,110.818459645506,118.54213140264392,110.76119548068993
Tron-o-matic 2,Dallas_01,2024-12-28,82.50745666356231,90.08940986155456,96.9139499822566,90.08719199190885
Tron-o-matic 2,Dallas_01,2024-12-29,104.72684074233926,112.75391797988725,119.97014661803992,112.7389244891708
Tron-o-matic 2,Dallas_01,2024-12-30,68.57241058652305,76.6347771235346,85.31043696058724,76.5373570935891
Tron-o-matic 2,Dallas_01,2024-12-31,70.75547583308804,79.00912298364129,86.35777101452203,78.90503678868971
Tron-o-matic 2,NewYork_02,2024-10-01,97.83353162839956,107.03108241560078,117.9432417513692,107.74467279841203
Tron-o-matic 2,NewYork_02,2024-10-02,96.17273722602286,107.17917537292227,117.91167169526217,107.32246054719822
Tron-o-matic 2,NewYork_02,2024-10-03,96.01167329087971,105.16478361887204,115.81886923390961,105.66067633169934
Tron-o-matic 2,NewYork_02,2024-10-04,97.32485603618197,106.65463647610333,117.8774395764763,106.8811511022842
Tron-o-matic 2,NewYork_02,2024-10-05,97.0815857147175,106.21440088299991,114.41314801184403,105.70248672574385
Tron-o-matic 2,NewYork_02,2024-10-06,96.10025089934697,106.35748068742636,115.1921302477316,106.16162458399978
Tron-o-matic 2,NewYork_02,2024-10-07,169.46868240637266,177.88380785244956,188.26712674830355,178.73520815715398
Tron-o-matic 2,NewYork_02,2024-10-08,95.70905686594199,106.14630945137517,115.9960356917093,106.0412224128667
Tron-o-matic 2,NewYork_02,2024-10-09,121.67295364459129,131.85331754430618,140.49812833489233,131.8349978894277
Tron-o-matic 2,NewYork_02,2024-10-10,142.32787484732933,152.12360771492695,162.0401756309245,152.14783741575667
Tron-o-matic 2,NewYork_02,2024-10-11,205.48595462341976,215.84383077616036,225.45811144909374,215.60192613008104
Tron-o-matic 2,NewYork_02,2024-10-12,97.33284742563751,106.46509730104121,115.40531894524347,105.79076313287298
Tron-o-matic 2,NewYork_02,2024-10-13,98.75539764213373,106.17357147303085,116.84858760856916,107.08690662868048
Tron-o-matic 2,NewYork_02,2024-10-14,94.68556331401176,106.4411082664941,116.59028354116337,106.26421141246804
Tron-o-matic 2,NewYork_02,2024-10-15,95.88354813720136,106.66259680380789,118.99374165305186,106.90609206521131
Tron-o-matic 2,NewYork_02,2024-10-16,97.63334093243729,105.75708296434316,116.23608934470744,106.18476750843382
Tron-o-matic 2,NewYork_02,2024-10-17,130.45837014470763,138.6513267300151,150.28805055135533,139.53509637383857
Tron-o-matic 2,NewYork_02,2024-10-18,94.56740705515904,105.38716231229618,113.64835272014562,105.09454502123346
Tron-o-matic 2,NewYork_02,2024-10-19,115.17021287313904,124.04632266142937,132.8171716388089,124.1217904232385
Tron-o-matic 2,NewYork_02,2024-10-20,95.97945617493069,104.3392396246321,114.52756049736887,104.75923546044218
Tron-o-matic 2,NewYork_02,2024-10-21,175.09292046103212,186.2051513546839,198.12658830085718,186.38381469237294
Tron-o-matic 2,NewYork_02,2024-10-22,94.35345942027197,102.08061257338905,113.0701691995621,102.97051976350551
Tron-o-matic 2,NewYork_02,2024-10-23,204.43255327123404,214.86977561819614,222.58590533672083,213.93916799337433
Tron-o-matic 2,NewYork_02,2024-10-24,176.17838301750442,186.01561086016775,194.72336619361417,185.69986067303142
Tron-o-matic 2,NewYork_02,2024-10-25,91.03558877046484,100.50202753661802,110.3015485701977,100.37090793532558
Tron-o-matic 2,NewYork_02,2024-10-26,202.92459594748462,210.4674042729382,220.68179370937497,211.38969418992758
Tron-o-matic 2,NewYork_02,2024-10-27,138.566310780092,146.88916640626098,156.3430661724341,147.20243633725147
Tron-o-matic 2,NewYork_02,2024-10-28,111.74219046741126,122.73609036458167,132.2619160630341,122.28020268934762
Tron-o-matic 2,NewYork_02,2024-10-29,197.56389290631893,208.44172660287597,218.3017437397139,208.21384374087407
Tron-o-matic 2,NewYork_02,2024-10-30,106.02189550166338,116.11877962151178,125.48179984988754,115.6935134121794
Tron-o-matic 2,NewYork_02,2024-10-31,88.45179093435833,99.3553516906208,108.09018385719658,98.58137707859288
Tron-o-matic 2,NewYork_02,2024-11-01,122.03627417436107,132.79069586216687,142.0853838243441,132.327458312409
Tron-o-matic 2,NewYork_02,2024-11-02,88.0276818546102,96.70714004064455,106.19790018431846,96.8455902247608
Tron-o-matic 2,NewYork_02,2024-11-03,86.6217411043932,94.96407696494714,105.27090447013774,95.4995538279384
Tron-o-matic 2,NewYork_02,2024-11-04,84.53858589046183,95.26571762069118,104.14473988465063,94.85440436862335
Tron-o-matic 2,NewYork_02,2024-11-05,86.77163548411698,94.64172137559828,106.84617483687151,95.35365863598724
Tron-o-matic 2,NewYork_02,2024-11-06,119.78286691804703,131.62043123534062,141.7770238165679,131.23062322279756
Tron-o-matic 2,NewYork_02,2024-11-07,170.96459869368422,181.18709854542564,190.0999377563134,180.4120887216945
Tron-o-matic 2,NewYork_02,2024-11-08,154.2322337863466,165.63936048026835,176.05913099842536,165.71436338348641
Tron-o-matic 2,NewYork_02,2024-11-09,184.01735781215956,192.4732404279789,201.17892855376184,191.9411727499173
Tron-o-matic 2,NewYork_02,2024-11-10,85.00296122861597,93.71521769311617,102.28723144736632,93.52225012161124
Tron-o-matic 2,NewYork_02,2024-11-11,127.19314199515031,136.15807380832072,144.48473346281784,135.67399570995988
Tron-o-matic 2,NewYork_02,2024-11-12,83.73257549198358,93.16310617671687,103.94939087982571,92.98922887422655
Tron-o-matic 2,NewYork_02,2024-11-13,167.7357568063598,179.13466402326,188.88570361280256,178.96352543219803
Tron-o-matic 2,NewYork_02,2024-11-14,119.41866567590792,130.47800008200443,138.67145141652705,129.54154787918205
Tron-o-matic 2,NewYork_02,2024-11-15,125.80143638530284,137.99358566336693,146.8307662783821,137.1195379954392
Tron-o-matic 2,NewYork_02,2024-11-16,81.44862916871041,91.54651122759343,99.48008674391339,90.6913179256655
Tron-o-matic 2,NewYork_02,2024-11-17,81.37694277002547,90.85564410221066,100.87165498271854,90.80850460989996
Tron-o-matic 2,NewYork_02,2024-11-18,164.79836666750433,176.33498346790049,185.38219474279072,175.10884449762256
Tron-o-matic 2,NewYork_02,2024-11-19,127.49169392070044,138.09262982526923,147.05082642901746,137.68351578667978
Tron-o-matic 2,NewYork_02,2024-11-20,81.997308686435,94.21362331465687,104.7898033124571,94.0944177196892
Tron-o-matic 2,NewYork_02,2024-11-21,84.09334574339871,92.38324351206464,101.75210935929528,92.41910591076062
Tron-o-matic 2,NewYork_02,2024-11-22,166.5342662262483,176.79324013522478,188.54296873469605,177.77783233183916
Tron-o-matic 2,NewYork_02,2024-11-23,82.36809945355336,93.04757081046324,104.95089965496794,93.20112857998716
Tron-o-matic 2,NewYork_02,2024-11-24,83.23471223185183,91.6825398477826,102.68630053658975,92.07502122359267
Tron-o-matic 2,NewYork_02,2024-11-25,81.72247591730579,92.89352919459354,101.69082824924837,92.50590853779933
Tron-o-matic 2,NewYork_02,2024-11-26,84.45485793463146,92.33169432315232,101.9771256118122,93.16840059069924
Tron-o-matic 2,NewYork_02,2024-11-27,116.79527516659259,126.64627269794647,135.79554546648404,126.7584170800219
Tron-o-matic 2,NewYork_02,2024-11-28,158.73442560487246,168.9344282696977,178.2486525204475,169.1009809500347
Tron-o-matic 2,NewYork_02,2024-11-29,195.69826493451848,203.58147959872892,212.31929908062162,204.10165708644917
Tron-o-matic 2,NewYork_02,2024-11-30,81.43211664251568,92.61729172975939,103.72548679941781,92.63409022307773
Tron-o-matic 2,NewYork_02,2024-12-01,115.02774108601875,124.49540250910829,132.180800411152,123.95458332378607
Tron-o-matic 2,NewYork_02,2024-12-02,84.27835138765516,94.39658664530272,105.9267408037809,94.0325900620687
Tron-o-matic 2,NewYork_02,2024-12-03,123.83609249404833,133.81767504783053,143.559869623506,133.8265306910631
Tron-o-matic 2,NewYork_02,2024-12-04,86.39340092370772,94.45426121915732,104.2664246614423,95.23829573752568
Tron-o-matic 2,NewYork_02,2024-12-05,83.86228416817097,93.79875190365898,103.77647080699519,93.39481143631885
Tron-o-matic 2,NewYork_02,2024-12-06,115.3621414523727,124.33913132809242,133.63044945427745,124.2706216822781
Tron-o-matic 2,NewYork_02,2024-12-07,104.35196947507661,112.81962426995145,122.27571559962149,113.53186991230604
Tron-o-matic 2,NewYork_02,2024-12-08,84.57614022187352,92.76582582456811,101.00759029066036,92.55444743886059
Tron-o-matic 2,NewYork_02,2024-12-09,82.29920324623279,91.59584406969573,103.35823338923653,92.43233894812643
Tron-o-matic 2,NewYork_02,2024-12-10,187.80716526594523,197.72285926761282,209.62685486062728,198.1824269020521
Tron-o-matic 2,NewYork_02,2024-12-11,82.80353317913234,91.6097852540202,102.16680012420414,92.63683118690747
Tron-o-matic 2,NewYork_02,2024-12-12,108.29207825042718,118.86088714325136,130.4608426979631,118.49401042633897
Tron-o-matic 2,NewYork_02,2024-12-13,82.1656314067083,92.58632014675447,103.12366932894679,92.4685110039613
Tron-o-matic 2,NewYork_02,2024-12-14,85.55491548842748,93.4603080486182,103.48884697543167,94.19331480726498
Tron-o-matic 2,NewYork_02,2024-12-15,82.9840724289656,91.70812652493532,102.38848763554134,91.86825031998788
Tron-o-matic 2,NewYork_02,2024-12-16,126.52270493419296,138.32909041850908,147.4113184898772,137.4964396804057
Tron-o-matic 2,NewYork_02,2024-12-17,169.0834789867369,178.73152292103114,188.11089799028517,179.24510701476888
Tron-o-matic 2,NewYork_02,2024-12-18,83.23278567438635,92.79036503433719,103.11875771806736,92.94252997086997
Tron-o-matic 2,NewYork_02,2024-12-19,116.62200990115952,129.27979877498626,138.63655861755674,128.31176748461382
Tron-o-matic 2,NewYork_02,2024-12-20,82.01951256987408,93.92563034230339,103.48935727606252,93.1034128203066
Tron-o-matic 2,NewYork_02,2024-12-21,191.89711524827004,203.62355543659962,212.23852426964243,203.00966220432664
Tron-o-matic 2,NewYork_02,2024-12-22,81.9033692077973,91.94174019927661,103.90568250453157,92.0650908597884
Tron-o-matic 2,NewYork_02,2024-12-23,81.77812260118947,92.22242424198087,101.72436751759798,92.52952237691136
Tron-o-matic 2,NewYork_02,2024-12-24,83.64925010332445,92.91949721577514,102.29752500655766,93.44197869210811
Tron-o-matic 2,NewYork_02,2024-12-25,82.55035180693335,95.26137176246151,103.7612940673898,94.2632312794365
Tron-o-matic 2,NewYork_02,2024-12-26,112.71206536803558,124.87806634771799,134.19941133462356,124.3261199276316
Tron-o-matic 2,NewYork_02,2024-12-27,125.04009795377361,136.974915619038,146.68116971338975,136.58032483819485
Tron-o-matic 2,NewYork_02,2024-12-28,100.6973889791013,111.67314125741312,121.82648053114359,111.03620862662073
Tron-o-matic 2,NewYork_02,2024-12-29,128.18400374410618,138.78629074174916,148.69170847393494,138.10274583348405
Tron-o-matic 2,NewYork_02,2024-12-30,83.24488340587843,93.51363682993461,103.86107186553295,94.03743420269443
Tron-o-matic 2,NewYork_02,2024-12-31,84.24430895446073,95.98019515556726,107.41678138861396,96.09981564410087
Tron-o-matic 2,Online_Store,2024-10-01,1977.240617588136,2155.717103211648,2315.2466567267716,2144.0829800084084
Tron-o-matic 2,Online_Store,2024-10-02,1950.2958953877032,2129.6953627159555,2371.695651578017,2140.456486409706
Tron-o-matic 2,Online_Store,2024-10-03,1941.1707448695165,2198.52261918673,2322.0613260947207,2165.1604763894406
Tron-o-matic 2,Online_Store,2024-10-04,1929.2429545858101,2137.8791428501836,2324.655114281932,2139.3234274197266
Tron-o-matic 2,Online_Store,2024-10-05,1990.6742804940864,2162.7024217929766,2353.8359855557537,2166.803490226737
Tron-o-matic 2,Online_Store,2024-10-06,1921.3559933714384,2125.2419249347445,2293.5314899192767,2110.766685132271
Tron-o-matic 2,Online_Store,2024-10-07,3401.667575672645,3598.8832371339604,3832.0507251647696,3603.047137605339
Tron-o-matic 2,Online_Store,2024-10-08,1955.230055035799,2151.066678527873,2342.143055078592,2140.5557467342255
Tron-o-matic 2,Online_Store,2024-10-09,2429.835450088784,2678.5882703370476,2853.795645064999,2657.268537126062
Tron-o-matic 2,Online_Store,2024-10-10,2886.9743114249645,3083.45773723511,3294.841888010442,3088.3612314542347
Tron-o-matic 2,Online_Store,2024-10-11,4119.185161735726,4309.355846412776,4527.770285462555,4303.365299518928
Tron-o-matic 2,Online_Store,2024-10-12,1940.769009395926,2134.5675397213877,2344.1218517530488,2140.4023662840195
Tron-o-matic 2,Online_Store,2024-10-13,1891.5842884643753,2099.5997736570002,2313.047669541506,2100.9480218189024
Tron-o-matic 2,Online_Store,2024-10-14,1967.0511778971402,2113.397748221072,2322.181706055827,2120.0869936700738
Tron-o-matic 2,Online_Store,2024-10-15,1915.415120787998,2091.322329547744,2258.616306122213,2096.317921420593
Tron-o-matic 2,Online_Store,2024-10-16,1894.4242325883754,2088.406142127872,2265.3174164014044,2087.726385159802
Tron-o-matic 2,Online_Store,2024-10-17,2567.0018150767073,2817.4112549989864,3022.8317983921884,2805.0980804100086
Tron-o-matic 2,Online_Store,2024-10-18,1945.147253037225,2122.376376138951,2241.876300470772,2098.942005102914
Tron-o-matic 2,Online_Store,2024-10-19,2340.2738812026523,2497.174578898462,2738.734415672433,2515.5609966883585
Tron-o-matic 2,Online_Store,2024-10-20,1867.025848653956,2091.741809339571,2264.036303598269,2086.6225682602576
Tron-o-matic 2,Online_Store,2024-10-21,3487.2107189788094,3729.9814166515544,3893.0396857174896,3705.388928424325
Tron-o-matic 2,Online_Store,2024-10-22,1911.5388445400033,2094.003170392179,2274.464849719595,2095.0546098227946
Tron-o-matic 2,Online_Store,2024-10-23,4050.3638585303993,4214.811940228315,4414.33184496259,4216.796149650301
Tron-o-matic 2,Online_Store,2024-10-24,3498.177976914889,3696.5354920197983,3892.9839304840266,3694.634054039397
Tron-o-matic 2,Online_Store,2024-10-25,1817.0357819887297,2009.406556223819,2201.922122350588,2011.5193550551787
Tron-o-matic 2,Online_Store,2024-10-26,4014.992947177513,4192.158769575928,4439.2147477948565,4197.6512443281335
Tron-o-matic 2,Online_Store,2024-10-27,2789.231009972559,2982.896211274746,3168.497555227681,2981.5601517879836
Tron-o-matic 2,Online_Store,2024-10-28,2214.909031109099,2434.1744661278713,2582.8583195792553,2428.44485102575
Tron-o-matic 2,Online_Store,2024-10-29,4022.597158325205,4163.4214974471915,4385.439658492103,4183.663788121553
Tron-o-matic 2,Online_Store,2024-10-30,2123.5460118435603,2342.724266065067,2483.324369199498,2325.5759943403923
Tron-o-matic 2,Online_Store,2024-10-31,1769.993771080594,1982.2109459916292,2134.0351588776994,1969.4277286343029
Tron-o-matic 2,Online_Store,2024-11-01,2427.437310414041,2619.398698715756,2838.7942701354496,2621.727844082613
Tron-o-matic 2,Online_Store,2024-11-02,1800.164939070442,1979.9541494394916,2168.940987781623,1984.665817344818
Tron-o-matic 2,Online_Store,2024-11-03,1752.2059224956888,1944.1638301045778,2122.696805953722,1942.6920503450474
Tron-o-matic 2,Online_Store,2024-11-04,1755.7371334492116,1968.1158252435828,2145.7562227437083,1954.8381947573707
Tron-o-matic 2,Online_Store,2024-11-05,1722.6368095076343,1935.6574809001231,2103.402137307869,1938.2508549554095
Tron-o-matic 2,Online_Store,2024-11-06,2451.238084322821,2659.678701394309,2834.9687759158746,2645.7346073286144
Tron-o-matic 2,Online_Store,2024-11-07,3498.866812985446,3670.5728053654057,3873.498441687498,3671.9869645778263
Tron-o-matic 2,Online_Store,2024-11-08,3157.2722608220283,3379.2456755811336,3543.6429563899414,3368.781699430304
Tron-o-matic 2,Online_Store,2024-11-09,3632.500180857386,3862.2385838373157,4039.728214265876,3847.613023370933
Tron-o-matic 2,Online_Store,2024-11-10,1722.3843020037016,1874.63179015514,2109.632091821565,1891.29783325098
Tron-o-matic 2,Online_Store,2024-11-11,2523.834863754117,2740.803200884314,2923.682021602492,2727.486442823471
Tron-o-matic 2,Online_Store,2024-11-12,1686.989772991793,1898.351445321898,2074.6740233037604,1885.7189654676886
Tron-o-matic 2,Online_Store,2024-11-13,3378.3408454773507,3581.4274522244245,3800.233754587864,3590.1708993625048
Tron-o-matic 2,Online_Store,2024-11-14,2393.9646464293237,2601.03863113237,2820.721853616685,2597.399513840501
Tron-o-matic 2,Online_Store,2024-11-15,2644.6508634432203,2804.4382528661777,2988.007092124191,2808.992024046939
Tron-o-matic 2,Online_Store,2024-11-16,1644.8472293300588,1853.293824765682,2048.9022947695694,1858.285375101819
Tron-o-matic 2,Online_Store,2024-11-17,1708.4643707789155,1849.7533384455164,2071.5098537375666,1870.647623007686
Tron-o-matic 2,Online_Store,2024-11-18,3350.5512042399787,3527.8393931081614,3718.4641201358154,3528.3945428314514
Tron-o-matic 2,Online_Store,2024-11-19,2549.7707084057347,2744.028916261723,2965.5122411262805,2745.046003558498
Tron-o-matic 2,Online_Store,2024-11-20,1680.4617216834843,1877.0540028226822,2114.73999550445,1880.7746267658385
Tron-o-matic 2,Online_Store,2024-11-21,1703.4372038583576,1865.5721245451682,2106.952416043058,1879.4620094381164
Tron-o-matic 2,Online_Store,2024-11-22,3361.335329544146,3588.6334883473796,3780.284780977205,3572.0971911070187
Tron-o-matic 2,Online_Store,2024-11-23,1686.333941126297,1897.7281813279408,2038.9997514709107,1878.4168910146286
Tron-o-matic 2,Online_Store,2024-11-24,1695.8634100078332,1853.278083767213,2010.8703728650207,1853.7379426905497
Tron-o-matic 2,Online_Store,2024-11-25,1617.218864532652,1851.514607386055,2020.6426710300254,1842.522126000338
Tron-o-matic 2,Online_Store,2024-11-26,1658.010862082638,1909.56098025856,2058.8071673112977,1877.197681952909
Tron-o-matic 2,Online_Store,2024-11-27,2293.036923281503,2533.440157299777,2714.9845868585894,2513.540260919356
Tron-o-matic 2,Online_Store,2024-11-28,3216.597497159434,3392.648472568835,3585.619306301036,3396.1041124932135
Tron-o-matic 2,Online_Store,2024-11-29,3875.684044605754,4075.8303911527532,4260.5343273541575,4069.940482653466
Tron-o-matic 2,Online_Store,2024-11-30,1694.4348927403287,1902.1168388405222,2111.651555389558,1889.1807482993036
Tron-o-matic 2,Online_Store,2024-12-01,2268.766929875373,2463.5280692812694,2654.6840908298022,2468.1237733905755
Tron-o-matic 2,Online_Store,2024-12-02,1604.1726567621945,1852.108574929484,2092.677264646835,1850.5102950309242
Tron-o-matic 2,Online_Store,2024-12-03,2455.166945691612,2639.425463910038,2833.9032592627445,2645.1054555235296
Tron-o-matic 2,Online_Store,2024-12-04,1681.4507664650264,1862.9228062022296,2070.0565103723034,1868.6640375249535
Tron-o-matic 2,Online_Store,2024-12-05,1685.7684289468725,1876.8831361076757,2074.244332510555,1886.9626030925522
Tron-o-matic 2,Online_Store,2024-12-06,2275.665288094335,2431.023587215478,2603.816143093648,2433.3286054914497
Tron-o-matic 2,Online_Store,2024-12-07,2055.1497653933557,2276.015481235926,2475.1312649015154,2262.5800043515665
Tron-o-matic 2,Online_Store,2024-12-08,1659.1842201852503,1846.607133978107,2057.260317750455,1848.0357986662939
Tron-o-matic 2,Online_Store,2024-12-09,1672.3109178537852,1875.399890685956,2048.5266471441914,1867.0682644837361
Tron-o-matic 2,Online_Store,2024-12-10,3714.6901138552917,3947.549122397503,4143.919985275466,3940.0117714089283
Tron-o-matic 2,Online_Store,2024-12-11,1654.1417685458887,1825.3860077403128,2000.8227380962594,1831.9409511928181
Tron-o-matic 2,Online_Store,2024-12-12,2185.2943187667597,2379.359431958975,2567.415006398875,2377.0186289294697
Tron-o-matic 2,Online_Store,2024-12-13,1639.1218026807328,1818.6720998600708,2040.496486337241,1831.452067570067
Tron-o-matic 2,Online_Store,2024-12-14,1686.7420928343122,1852.149622144179,1993.5997639736956,1835.0478655412728
Tron-o-matic 2,Online_Store,2024-12-15,1650.4619537916767,1856.2807197766442,2051.466425921731,1849.8411687487494
Tron-o-matic 2,Online_Store,2024-12-16,2531.9235434613356,2744.6450336445255,2920.1432986621803,2734.4731868263857
Tron-o-matic 2,Online_Store,2024-12-17,3420.538452265441,3623.6890018245067,3834.4594434586497,3613.222071183484
Tron-o-matic 2,Online_Store,2024-12-18,1732.9716222248505,1894.921130608489,2082.6292894141084,1900.633268577047
Tron-o-matic 2,Online_Store,2024-12-19,2363.67743715422,2550.8779108895533,2750.4176256535225,2546.9894621573485
Tron-o-matic 2,Online_Store,2024-12-20,1714.293763805059,1858.9656310262508,2065.5000862898232,1870.4241354965084
Tron-o-matic 2,Online_Store,2024-12-21,3904.212732453469,4062.2959871681005,4297.0074899728015,4078.3659332926873
Tron-o-matic 2,Online_Store,2024-12-22,1675.564139785065,1862.7920788411986,2059.7090759642165,1872.597922507192
Tron-o-matic 2,Online_Store,2024-12-23,1684.8615432203442,1876.3840670759148,2033.220828976497,1871.4842042828902
Tron-o-matic 2,Online_Store,2024-12-24,1697.7198267773604,1878.2986982999428,2095.9052436821953,1891.0167179422624
Tron-o-matic 2,Online_Store,2024-12-25,1638.6423920767734,1882.229885319764,2066.7150303630615,1883.7583581447784
Tron-o-matic 2,Online_Store,2024-12-26,2323.274044486994,2501.1140036693787,2711.263575457224,2510.7274335489747
Tron-o-matic 2,Online_Store,2024-12-27,2572.146492425568,2712.774769804312,2920.896894404837,2730.228371502597
Tron-o-matic 2,Online_Store,2024-12-28,2080.376250565083,2258.886295848571,2496.9276485936953,2281.061484978587
Tron-o-matic 2,Online_Store,2024-12-29,2602.506959404177,2796.971540005019,3035.2824722481073,2804.735614465942
Tron-o-matic 2,Online_Store,2024-12-30,1744.411219315567,1901.8121859114772,2121.9395080729305,1913.1147522144363
Tron-o-matic 2,Online_Store,2024-12-31,1730.4772063702935,1918.704483110107,2094.9693977248794,1922.9539914074576
Tron-o-matic 2,WashingtonDC_01,2024-10-01,63.200179856832534,69.52510533832977,75.61217425050559,69.16019249478275
Tron-o-matic 2,WashingtonDC_01,2024-10-02,61.863030763399905,67.19206649683174,74.20333283194414,67.71009908899852
Tron-o-matic 2,WashingtonDC_01,2024-10-03,61.72733292094416,68.35389107081927,73.31454190205307,67.80571642848257
Tron-o-matic 2,WashingtonDC_01,2024-10-04,61.5879680390731,67.83306742042787,72.14627419327445,66.93055364578264
Tron-o-matic 2,WashingtonDC_01,2024-10-05,61.61998153620934,67.20232022235457,73.99681291562314,67.87069597368374
Tron-o-matic 2,WashingtonDC_01,2024-10-06,59.63441108767663,67.30396346525316,72.27784837797131,66.811271802266
Tron-o-matic 2,WashingtonDC_01,2024-10-07,107.23326340332268,112.54363345225902,118.13076512459456,112.75258201127201
Tron-o-matic 2,WashingtonDC_01,2024-10-08,61.58236955165057,68.9462858649488,74.47985148706773,68.18995396519574
Tron-o-matic 2,WashingtonDC_01,2024-10-09,76.8784817857825,82.47494079435072,87.94458082255463,82.40300002430502
Tron-o-matic 2,WashingtonDC_01,2024-10-10,89.20743599049325,95.94308688906874,103.00027153553707,96.18886959199654
Tron-o-matic 2,WashingtonDC_01,2024-10-11,128.24093575180035,135.33330654557082,141.7722489198767,135.30981401274443
Tron-o-matic 2,WashingtonDC_01,2024-10-12,60.827961975679465,66.75028163683076,73.47901632240088,67.05174172557636
Tron-o-matic 2,WashingtonDC_01,2024-10-13,58.54489478756422,66.68662194719398,74.93674208444413,66.55355719230717
Tron-o-matic 2,WashingtonDC_01,2024-10-14,59.525983743281984,67.06596814830206,73.43957881887587,66.56897359125205
Tron-o-matic 2,WashingtonDC_01,2024-10-15,58.875099435686785,66.62282941876256,72.80919854399895,66.15845626334117
Tron-o-matic 2,WashingtonDC_01,2024-10-16,59.11731270457802,64.93380079917294,72.62786343032502,65.48438318162654
Tron-o-matic 2,WashingtonDC_01,2024-10-17,81.67381403953462,87.5482771094544,93.14419203082285,87.71401883673936
Tron-o-matic 2,WashingtonDC_01,2024-10-18,59.086711757757996,65.26552343218307,71.52090605626088,65.17449656259245
Tron-o-matic 2,WashingtonDC_01,2024-10-19,73.90874648489472,79.37804123231265,85.21534987998862,79.31174655236288
Tron-o-matic 2,WashingtonDC_01,2024-10-20,60.42596048796203,65.90707546447781,71.14810749193745,65.69637350234598
Tron-o-matic 2,WashingtonDC_01,2024-10-21,110.54820345572028,117.31839231634774,122.88532549150847,116.99612256646613
Tron-o-matic 2,WashingtonDC_01,2024-10-22,58.85419614496317,65.00876997394944,70.48208689409009,65.02979460533462
Tron-o-matic 2,WashingtonDC_01,2024-10-23,125.978798336881,133.5500856339795,139.154468089135,133.68557109865498
Tron-o-matic 2,WashingtonDC_01,2024-10-24,109.46829623842525,115.68837156759717,123.45432012712497,115.99430414055023
Tron-o-matic 2,WashingtonDC_01,2024-10-25,57.93727763371068,63.52885486199825,69.25489132209994,63.546988190174744
Tron-o-matic 2,WashingtonDC_01,2024-10-26,126.50609762026693,131.70606028613244,136.913694699638,131.78541786638226
Tron-o-matic 2,WashingtonDC_01,2024-10-27,89.19325403128676,94.62859872156103,102.15745010834587,95.14529396133712
Tron-o-matic 2,WashingtonDC_01,2024-10-28,69.60434512024709,76.09785560509675,82.99897292702514,75.82307780241608
Tron-o-matic 2,WashingtonDC_01,2024-10-29,124.52277083687778,131.37804287580525,137.2184593285418,131.27725687205182
Tron-o-matic 2,WashingtonDC_01,2024-10-30,66.00507387002747,71.69310773924224,79.09987313860879,72.26873177238161
Tron-o-matic 2,WashingtonDC_01,2024-10-31,55.46207376646286,61.2814648816041,67.9271633017641,61.48079015149812
Tron-o-matic 2,WashingtonDC_01,2024-11-01,75.9619219753601,82.94304471529169,90.96913455679899,83.2205850144893
Tron-o-matic 2,WashingtonDC_01,2024-11-02,55.21678367641102,61.416760233100725,66.58333757848733,61.02845945110676
Tron-o-matic 2,WashingtonDC_01,2024-11-03,53.693502240797365,60.72672989094414,66.09159703051557,60.37496777261485
Tron-o-matic 2,WashingtonDC_01,2024-11-04,54.33136673944117,60.611521981279246,66.2222772563021,60.763867404180694
Tron-o-matic 2,WashingtonDC_01,2024-11-05,53.94506091753745,60.64321882769586,66.94633256820308,60.408047235482364
Tron-o-matic 2,WashingtonDC_01,2024-11-06,77.2475297444147,83.58127997242879,89.90600717303973,83.18688449747582
Tron-o-matic 2,WashingtonDC_01,2024-11-07,108.38643149705123,115.22080994276817,121.02304609442274,115.15757780823068
Tron-o-matic 2,WashingtonDC_01,2024-11-08,97.87171976580296,104.88768432462282,113.01192102890226,105.00327692655468
Tron-o-matic 2,WashingtonDC_01,2024-11-09,114.70806078037324,122.47261259238898,127.59956956801318,121.75764175924273
Tron-o-matic 2,WashingtonDC_01,2024-11-10,51.697467409722485,59.38417547186313,65.82739996482584,59.33489448963703
Tron-o-matic 2,WashingtonDC_01,2024-11-11,77.68986963474251,84.704671033901,91.74424958868171,85.07877122468958
Tron-o-matic 2,WashingtonDC_01,2024-11-12,52.63560146061116,60.62481337112574,66.7947548808033,60.08884516768696
Tron-o-matic 2,WashingtonDC_01,2024-11-13,105.95659206009441,112.53365281035754,120.55331948743996,112.93464712599474
Tron-o-matic 2,WashingtonDC_01,2024-11-14,75.48122237524966,81.70905171536354,87.50293216079496,81.52074171439749
Tron-o-matic 2,WashingtonDC_01,2024-11-15,82.56965758668258,89.07548384857472,96.0948194962239,88.98895095081448
Tron-o-matic 2,WashingtonDC_01,2024-11-16,51.50561325704921,58.35283015846988,64.6058732352299,58.31611223652383
Tron-o-matic 2,WashingtonDC_01,2024-11-17,53.00435572508846,58.17485884604997,66.50259241114742,59.16745817433261
Tron-o-matic 2,WashingtonDC_01,2024-11-18,104.56966719087266,110.51717347194283,116.68627528461114,110.58969638835009
Tron-o-matic 2,WashingtonDC_01,2024-11-19,81.23638322967395,86.00150010383867,92.39982863701273,85.99058059908417
Tron-o-matic 2,WashingtonDC_01,2024-11-20,53.908134472441816,59.46039838921752,64.6643573361937,59.3900524157302
Tron-o-matic 2,WashingtonDC_01,2024-11-21,52.57578115695778,58.8470327895076,64.56071491126465,58.45435811384337
Tron-o-matic 2,WashingtonDC_01,2024-11-22,106.60300255780011,113.1549303123164,118.49304604824874,112.79190389545185
Tron-o-matic 2,WashingtonDC_01,2024-11-23,53.05261210366194,59.6641623744439,65.34339109474118,59.33756877013841
Tron-o-matic 2,WashingtonDC_01,2024-11-24,51.11702576979318,58.664546128834246,65.15547865315422,58.93203023438331
Tron-o-matic 2,WashingtonDC_01,2024-11-25,51.304019371606266,58.598867459918765,66.16491683434936,58.68341751834501
Tron-o-matic 2,WashingtonDC_01,2024-11-26,52.869399509367874,59.54803556380533,65.85508654849012,59.37365270631784
Tron-o-matic 2,WashingtonDC_01,2024-11-27,71.92941964937714,79.01275356360847,85.90425793711651,79.35216506485544
Tron-o-matic 2,WashingtonDC_01,2024-11-28,101.38382760352889,107.80589899692163,114.37334072304996,108.05422927493906
Tron-o-matic 2,WashingtonDC_01,2024-11-29,122.65478433192263,129.10025855781817,135.49214381817376,129.62167228337765
Tron-o-matic 2,WashingtonDC_01,2024-11-30,52.58215093134618,59.47452480964439,64.82340032357551,59.27290459201247
Tron-o-matic 2,WashingtonDC_01,2024-12-01,72.24263297699393,77.19952285355681,85.05813694474062,78.08271661261654
Tron-o-matic 2,WashingtonDC_01,2024-12-02,54.67365962832948,59.326319471817605,65.34393156623999,59.516137703086414
Tron-o-matic 2,WashingtonDC_01,2024-12-03,78.74732020420038,83.81402199701108,91.08314986557723,83.98317592068832
Tron-o-matic 2,WashingtonDC_01,2024-12-04,52.80711991732169,59.114000944728446,66.48067712469309,59.263249439706485
Tron-o-matic 2,WashingtonDC_01,2024-12-05,52.52927623508795,60.204324035000056,66.23917273026863,59.79319157672473
Tron-o-matic 2,WashingtonDC_01,2024-12-06,73.99782350918485,78.72004451561895,85.5321698794935,79.20310708610195
Tron-o-matic 2,WashingtonDC_01,2024-12-07,65.50452463074679,71.93385534240305,78.84096404572536,71.97194142631682
Tron-o-matic 2,WashingtonDC_01,2024-12-08,52.997381646098894,58.765129274773685,64.53433823594028,59.051372060575815
Tron-o-matic 2,WashingtonDC_01,2024-12-09,53.60815765952825,58.21015689052967,65.48415487103863,58.83372106578813
Tron-o-matic 2,WashingtonDC_01,2024-12-10,118.24665763805264,125.71468846074171,131.9376990851155,125.39125799939579
Tron-o-matic 2,WashingtonDC_01,2024-12-11,51.239938168279714,58.73895941136737,65.40386009229746,58.750253248365425
Tron-o-matic 2,WashingtonDC_01,2024-12-12,69.51479560704693,74.35774249843823,81.86847803185812,74.85361854020472
Tron-o-matic 2,WashingtonDC_01,2024-12-13,52.67391136498534,59.5190360075916,66.81266931486543,59.405722583748656
Tron-o-matic 2,WashingtonDC_01,2024-12-14,53.052578116918134,58.984136271845315,64.89768206301511,59.094801669333805
Tron-o-matic 2,WashingtonDC_01,2024-12-15,54.303303554743614,59.57182326678583,65.46201302631312,59.762073263080445
Tron-o-matic 2,WashingtonDC_01,2024-12-16,78.79219769599325,87.40037034818192,94.10026979067077,86.85915177978512
Tron-o-matic 2,WashingtonDC_01,2024-12-17,107.27274428772364,113.6263902270747,119.74395481260615,113.54025591968619
Tron-o-matic 2,WashingtonDC_01,2024-12-18,52.0453317757121,58.005267346027686,64.81778631407167,58.407376078561576
Tron-o-matic 2,WashingtonDC_01,2024-12-19,74.2516541733931,80.40652206791958,87.40749137816195,80.79165087889398
Tron-o-matic 2,WashingtonDC_01,2024-12-20,54.59199052231059,59.17697132989162,64.9796893706203,59.38025481463724
Tron-o-matic 2,WashingtonDC_01,2024-12-21,120.77001341124284,128.62373911510005,135.19231946544804,128.55488517223776
Tron-o-matic 2,WashingtonDC_01,2024-12-22,52.206639580369604,58.758477787431026,64.86685697476945,58.458074371589234
Tron-o-matic 2,WashingtonDC_01,2024-12-23,52.813632128311035,57.92103119405567,65.34290663014052,58.2383924423777
Tron-o-matic 2,WashingtonDC_01,2024-12-24,53.58565356102366,59.484067236546046,65.98279210897735,59.19884361718543
Tron-o-matic 2,WashingtonDC_01,2024-12-25,53.38920562258246,58.72952260124917,65.67588886296679,59.04501093234931
Tron-o-matic 2,WashingtonDC_01,2024-12-26,73.59236772434852,79.54572700256472,85.99854989438454,79.24478650528481
Tron-o-matic 2,WashingtonDC_01,2024-12-27,79.08391228743716,85.88490622038735,91.76919462561771,85.31287738843906
Tron-o-matic 2,WashingtonDC_01,2024-12-28,61.837783939814706,68.86462167466536,75.53070482684923,68.50938835236133
Tron-o-matic 2,WashingtonDC_01,2024-12-29,82.98805820120887,88.37015527369581,94.5900559319665,88.27777731294256
Tron-o-matic 2,WashingtonDC_01,2024-12-30,52.26217725582267,59.39575017863549,65.75535591654887,59.31780809737624
Tron-o-matic 2,WashingtonDC_01,2024-12-31,54.278324955989646,60.7358897114062,64.47558155290673,59.91479743416454
Tron-o-matic 2,NewYork_01,2024-10-01,95.87909699207395,106.3520388463878,116.35788193244272,106.12158296214753
Tron-o-matic 2,NewYork_01,2024-10-02,99.1431103655578,107.2667668337583,116.40138515963241,107.0164333155654
Tron-o-matic 2,NewYork_01,2024-10-03,96.55935685030627,107.04981348453592,115.10070817103897,106.0344110976875
Tron-o-matic 2,NewYork_01,2024-10-04,96.57300399495936,106.39506649254717,116.11913088360872,106.89228743580284
Tron-o-matic 2,NewYork_01,2024-10-05,95.25538876180595,105.53371569310073,116.34188201347123,105.96098769189935
Tron-o-matic 2,NewYork_01,2024-10-06,96.13373373571704,104.37497031111413,115.11256888880172,104.88467439515028
Tron-o-matic 2,NewYork_01,2024-10-07,165.5433085827739,175.61008303467096,184.38952583178485,175.69922270417086
Tron-o-matic 2,NewYork_01,2024-10-08,96.0311116618608,105.12226769420957,114.92399396993872,105.26615146498503
Tron-o-matic 2,NewYork_01,2024-10-09,123.14277445083462,131.3677366018071,141.11502171743376,131.65565433167347
Tron-o-matic 2,NewYork_01,2024-10-10,142.6114948650352,153.42827321644893,163.4413573548413,153.4341996663662
Tron-o-matic 2,NewYork_01,2024-10-11,202.79371227775655,212.59381370060987,222.66156198528049,212.88511021660625
Tron-o-matic 2,NewYork_01,2024-10-12,93.941537661947,106.20155525686829,117.57881656849867,105.69997857906927
Tron-o-matic 2,NewYork_01,2024-10-13,95.37851983147186,103.26773493002024,114.64070731429865,104.05990063075134
Tron-o-matic 2,NewYork_01,2024-10-14,92.01435961841888,104.46655559323781,114.66410626035926,103.57751058070157
Tron-o-matic 2,NewYork_01,2024-10-15,96.37301544104405,106.61162120790313,113.55694264579813,105.65614004890983
Tron-o-matic 2,NewYork_01,2024-10-16,93.78125943530264,106.46207600729531,115.40117157686915,105.58620602434745
Tron-o-matic 2,NewYork_01,2024-10-17,129.29021321195387,138.1478861641632,148.4558543864476,138.6842955112492
Tron-o-matic 2,NewYork_01,2024-10-18,96.85240032503184,105.46940856515378,113.83167569691678,105.39387730299741
Tron-o-matic 2,NewYork_01,2024-10-19,114.18592107517229,121.72315189421012,134.6402618630805,122.72436825426674
Tron-o-matic 2,NewYork_01,2024-10-20,93.11432164965346,103.9525099291883,113.34800920522373,103.75366923443667
Tron-o-matic 2,NewYork_01,2024-10-21,176.4504620897972,185.803126549711,195.2381653228955,185.7166311559564
Tron-o-matic 2,NewYork_01,2024-10-22,94.3666741171321,103.66218929752058,112.3217117468376,103.03264577612907
Tron-o-matic 2,NewYork_01,2024-10-23,203.09668911589435,213.24346281910712,222.68925083524837,212.34834855053825
Tron-o-matic 2,NewYork_01,2024-10-24,175.14139121016098,184.77923747094746,196.04363381529973,184.9816106125484
Tron-o-matic 2,NewYork_01,2024-10-25,91.1619145143582,101.93232764113698,113.2686594481995,102.20811874218069
Tron-o-matic 2,NewYork_01,2024-10-26,200.28331932950664,210.0849210780156,218.39258363551252,210.2473062006231
Tron-o-matic 2,NewYork_01,2024-10-27,140.15654917605366,149.24935322720233,160.7812063026228,149.68847667032566
Tron-o-matic 2,NewYork_01,2024-10-28,112.0096817131542,121.97470978254033,129.64514962102308,121.70572398013456
Tron-o-matic 2,NewYork_01,2024-10-29,200.00525569686073,211.2216470352387,219.80311649400593,209.85532271732154
Tron-o-matic 2,NewYork_01,2024-10-30,108.2192378631114,118.88733877036938,128.60267966899545,118.22523864956966
Tron-o-matic 2,NewYork_01,2024-10-31,91.0633572666344,100.7843546956047,109.41279432158439,100.37840606118704
Tron-o-matic 2,NewYork_01,2024-11-01,122.75512477262318,133.78857344874447,141.88306209719502,132.6741681673666
Tron-o-matic 2,NewYork_01,2024-11-02,87.01270581144168,98.16675784906447,108.13409737414906,97.4921678698936
Tron-o-matic 2,NewYork_01,2024-11-03,89.62099345404613,100.15874399926366,108.44190099214994,99.44399738536818
Tron-o-matic 2,NewYork_01,2024-11-04,89.27586840643363,98.63597564509797,105.63792206386375,98.23168066339832
Tron-o-matic 2,NewYork_01,2024-11-05,87.37020047830015,98.19053440415313,107.51525758390154,97.50806036835571
Tron-o-matic 2,NewYork_01,2024-11-06,121.71218456026486,130.78946047391784,142.48662515414728,131.5738464528534
Tron-o-matic 2,NewYork_01,2024-11-07,172.09726111175047,182.63545381137553,189.76503945659945,181.82281798354154
Tron-o-matic 2,NewYork_01,2024-11-08,156.66012247109649,168.7176333597933,178.72966251907178,167.81340085701203
Tron-o-matic 2,NewYork_01,2024-11-09,179.91368420234343,190.66883015878668,200.56801944062573,191.00837512530518
Tron-o-matic 2,NewYork_01,2024-11-10,86.05139071290904,96.5515597593549,103.75502249415135,95.61552153230654
Tron-o-matic 2,NewYork_01,2024-11-11,126.47773680093312,134.01455819666816,144.66291300635186,134.69810267456657
Tron-o-matic 2,NewYork_01,2024-11-12,82.84283815160705,94.71373696614417,103.60201391863379,93.87774452746024
Tron-o-matic 2,NewYork_01,2024-11-13,167.6772133355574,179.26845295036972,189.84505952423447,179.3154976947452
Tron-o-matic 2,NewYork_01,2024-11-14,120.41386899207177,131.17176644884833,141.2849088315637,130.83992975923343
Tron-o-matic 2,NewYork_01,2024-11-15,130.46649108321338,140.83269434004097,149.38292830280656,139.84378887175936
Tron-o-matic 2,NewYork_01,2024-11-16,82.9032876274923,93.52962840030156,101.89982209891622,92.76626679302109
Tron-o-matic 2,NewYork_01,2024-11-17,82.52941972766371,92.73117019197859,102.7729066713741,92.4803305418132
Tron-o-matic 2,NewYork_01,2024-11-18,162.06657816246008,173.61057283123114,185.7731109757211,173.62635511023862
Tron-o-matic 2,NewYork_01,2024-11-19,126.39243453727818,135.04145049463636,144.28753363628215,135.17901502524685
Tron-o-matic 2,NewYork_01,2024-11-20,83.6695677268588,94.11682675435183,100.91414070162786,92.9415407773111
Tron-o-matic 2,NewYork_01,2024-11-21,83.3240917124328,92.2699937583287,101.26973835814466,92.30679818566517
Tron-o-matic 2,NewYork_01,2024-11-22,169.02529000972459,178.9198978989619,186.10018879322203,178.231194375694
Tron-o-matic 2,NewYork_01,2024-11-23,83.74624779479771,91.681171821792,100.16325168445579,92.24748985280615
Tron-o-matic 2,NewYork_01,2024-11-24,82.55770071066628,90.60830646605798,100.35822244159822,91.54358902039701
Tron-o-matic 2,NewYork_01,2024-11-25,82.29390477941905,91.99032889322083,103.27341393403015,92.7185904774013
Tron-o-matic 2,NewYork_01,2024-11-26,85.8338203121063,92.31484545648588,100.28874030212499,92.76238129415107
Tron-o-matic 2,NewYork_01,2024-11-27,115.80495361123094,124.84810842094763,136.1875099697011,125.19414544804769
Tron-o-matic 2,NewYork_01,2024-11-28,159.35031730764342,169.66893822786432,179.27209364091823,169.2486169906701
Tron-o-matic 2,NewYork_01,2024-11-29,192.44940225260027,203.13073601909102,211.49739136101576,202.73461992036115
Tron-o-matic 2,NewYork_01,2024-11-30,82.21472252440464,90.77515615217835,99.88541819904408,90.89573783174922
Tron-o-matic 2,NewYork_01,2024-12-01,111.80927747198525,124.3276617788853,132.15547124178826,123.21124874008038
Tron-o-matic 2,NewYork_01,2024-12-02,84.60597933123542,93.79421888929026,101.20754335118835,92.87207356620065
Tron-o-matic 2,NewYork_01,2024-12-03,121.97705819120513,132.08482893250473,141.77226551435254,132.02240650932694
Tron-o-matic 2,NewYork_01,2024-12-04,83.7755637307074,93.52664150232711,103.80171278048779,93.45688318084208
Tron-o-matic 2,NewYork_01,2024-12-05,85.98031949632617,95.36011288304356,104.69334527713801,95.06343838087275
Tron-o-matic 2,NewYork_01,2024-12-06,113.01238784854213,122.1401147182257,134.77479360145264,123.13676184864384
Tron-o-matic 2,NewYork_01,2024-12-07,105.04741470728855,113.4759905187661,123.59314991751319,113.40134469385798
Tron-o-matic 2,NewYork_01,2024-12-08,86.09992374425367,93.23377368551586,102.88101327003169,93.743747982648
Tron-o-matic 2,NewYork_01,2024-12-09,79.24637208467863,91.23905195895584,101.9307708879006,91.18272232054915
Tron-o-matic 2,NewYork_01,2024-12-10,189.5759866851295,196.99182951119693,205.83089807998374,196.89238663154464
Tron-o-matic 2,NewYork_01,2024-12-11,84.31458114769875,95.12718830652699,105.77558958358199,94.8219479155785
Tron-o-matic 2,NewYork_01,2024-12-12,110.06491278789468,119.47450924519958,130.3200459854084,120.13827266152305
Tron-o-matic 2,NewYork_01,2024-12-13,82.18179759850398,92.58650022571852,101.37399007455873,91.96215484298169
Tron-o-matic 2,NewYork_01,2024-12-14,81.91754469943385,92.56005403082897,103.31916117721111,92.79320650963137
Tron-o-matic 2,NewYork_01,2024-12-15,82.59925180224303,94.21625674579748,104.2762829055366,93.80328693069056
Tron-o-matic 2,NewYork_01,2024-12-16,125.00868658011017,134.76337396160267,147.91298595080505,135.77833635382623
Tron-o-matic 2,NewYork_01,2024-12-17,168.43426428245698,180.29399462010966,188.32342122883077,179.12713206878493
Tron-o-matic 2,NewYork_01,2024-12-18,82.89581144091716,93.3614380500442,104.33887001929327,93.49475545299096
Tron-o-matic 2,NewYork_01,2024-12-19,118.4336762585465,128.73905313611922,141.54218078780346,129.2496681995379
Tron-o-matic 2,NewYork_01,2024-12-20,85.25291448934775,94.04568874513029,104.0580914431593,94.70643271961342
Tron-o-matic 2,NewYork_01,2024-12-21,190.33141369968862,202.46320365203354,211.38804432912627,202.1400557541548
Tron-o-matic 2,NewYork_01,2024-12-22,84.08906228091536,93.40201383315532,104.93893682754577,93.49743678046724
Tron-o-matic 2,NewYork_01,2024-12-23,83.49592796136317,93.87305646285881,103.36470051084238,94.05221134509091
Tron-o-matic 2,NewYork_01,2024-12-24,85.71620326670111,94.45154502928153,104.03665615504275,94.48346306615291
Tron-o-matic 2,NewYork_01,2024-12-25,84.77284407856693,95.84571554897398,104.5219386439697,95.64895992434556
Tron-o-matic 2,NewYork_01,2024-12-26,115.36673564156251,125.90806099712715,134.55859502692877,125.91542304130247
Tron-o-matic 2,NewYork_01,2024-12-27,129.25421300711497,137.5532822615141,148.34879512837264,138.1906432674849
Tron-o-matic 2,NewYork_01,2024-12-28,101.31955231383088,111.34657554938592,121.36836278498211,111.18592532773587
Tron-o-matic 2,NewYork_01,2024-12-29,129.13745470420503,139.85920330905088,150.5610539250233,140.15636052707924
Tron-o-matic 2,NewYork_01,2024-12-30,84.59609864702821,95.51310685253831,106.19597832357205,94.91100189393798
Tron-o-matic 2,NewYork_01,2024-12-31,87.90928281008132,95.98384212748739,106.25592292798456,96.5411534452101
Tron-o-matic 2,Philadelphia_01,2024-10-01,60.126002109061254,67.0238425754549,75.03637257451939,66.99248482142906
Tron-o-matic 2,Philadelphia_01,2024-10-02,60.07790144338081,67.22209658815812,72.28437576273592,66.51242326387941
Tron-o-matic 2,Philadelphia_01,2024-10-03,59.847808402519696,66.24895679941162,72.33990804567482,66.18821954607414
Tron-o-matic 2,Philadelphia_01,2024-10-04,58.402301311410014,66.83608486001603,72.58531834162035,66.13780781242284
Tron-o-matic 2,Philadelphia_01,2024-10-05,60.4078926723817,66.47075144404957,72.16045611294543,66.35621455189636
Tron-o-matic 2,Philadelphia_01,2024-10-06,59.87880220369151,65.76952279649804,72.00202919750707,65.68761464321823
Tron-o-matic 2,Philadelphia_01,2024-10-07,104.90904032179785,109.53143737274712,115.43703517722321,109.92419888558858
Tron-o-matic 2,Philadelphia_01,2024-10-08,60.61596813685396,66.91777495274638,71.38769693468973,66.46257893280222
Tron-o-matic 2,Philadelphia_01,2024-10-09,74.30906273646308,82.12164761054663,88.29732699979081,81.49352216008188
Tron-o-matic 2,Philadelphia_01,2024-10-10,87.79984270767815,93.45826315379314,98.54248682454248,93.49406564063327
Tron-o-matic 2,Philadelphia_01,2024-10-11,124.98908113279681,131.2852025736779,137.8787831329518,131.26719751267723
Tron-o-matic 2,Philadelphia_01,2024-10-12,58.788091390143826,63.899434124763395,71.06704979765225,64.22971785866703
Tron-o-matic 2,Philadelphia_01,2024-10-13,60.119342391382816,66.212283125898,71.5148427412387,66.12014565647478
Tron-o-matic 2,Philadelphia_01,2024-10-14,57.65159337767953,63.72713187648288,71.32985363362494,63.76429655009801
Tron-o-matic 2,Philadelphia_01,2024-10-15,59.47089852281079,65.40217251065037,71.39522452808842,65.31112643441287
Tron-o-matic 2,Philadelphia_01,2024-10-16,57.59614848790598,63.95804547271253,70.10741849656246,64.3518222909778
Tron-o-matic 2,Philadelphia_01,2024-10-17,80.35751362488033,86.23483950914328,92.92878000147897,86.45756908708228
Tron-o-matic 2,Philadelphia_01,2024-10-18,57.476799941276816,64.03880912279229,68.56312810490034,63.631715572549304
Tron-o-matic 2,Philadelphia_01,2024-10-19,71.74308947124976,76.64619222906754,81.87552626360763,76.56095036850755
Tron-o-matic 2,Philadelphia_01,2024-10-20,57.76119854877684,64.89319478098729,70.65288472106653,64.34255313123825
Tron-o-matic 2,Philadelphia_01,2024-10-21,109.73677314147565,114.84732798288668,120.34802103836427,114.98752623059558
Tron-o-matic 2,Philadelphia_01,2024-10-22,57.50881619595819,64.70471863748966,70.46396323503535,64.21658523953056
Tron-o-matic 2,Philadelphia_01,2024-10-23,125.30435046173858,131.26981755790115,137.0974317207866,131.3920835427736
Tron-o-matic 2,Philadelphia_01,2024-10-24,110.18279358309496,115.07527758298384,120.28700882812915,114.897839638934
Tron-o-matic 2,Philadelphia_01,2024-10-25,58.072305596756124,62.95413666782625,69.06003046143007,63.44355162393152
Tron-o-matic 2,Philadelphia_01,2024-10-26,124.4948415352681,130.16513588715185,136.47988583718126,130.31827713252756
Tron-o-matic 2,Philadelphia_01,2024-10-27,87.62016674262028,93.19468361000105,100.04394391685628,93.34168711711577
Tron-o-matic 2,Philadelphia_01,2024-10-28,69.4368152469875,76.63246917312982,82.72313423690923,76.62520861369222
Tron-o-matic 2,Philadelphia_01,2024-10-29,124.5314339010726,128.9842584233783,134.46675968106103,129.07377921814415
Tron-o-matic 2,Philadelphia_01,2024-10-30,65.96954969432547,72.90282308265286,78.38855956112913,72.3696802283634
Tron-o-matic 2,Philadelphia_01,2024-10-31,56.96249283806272,62.588494359464924,67.35022648865345,62.02766596811603
Tron-o-matic 2,Philadelphia_01,2024-11-01,74.97784831110559,80.77374178539424,87.42578799383435,81.00995294622476
Tron-o-matic 2,Philadelphia_01,2024-11-02,54.258952554381615,60.72766517556097,67.99079937850648,60.87024677562952
Tron-o-matic 2,Philadelphia_01,2024-11-03,53.86157682815365,61.383830437806374,66.99517857503707,60.9656631738334
Tron-o-matic 2,Philadelphia_01,2024-11-04,55.92190741026573,61.56057063358217,67.75895433145088,61.73083442678814
Tron-o-matic 2,Philadelphia_01,2024-11-05,54.04703603683938,60.1319758152307,67.78127404670242,60.29771603707241
Tron-o-matic 2,Philadelphia_01,2024-11-06,76.7355552753827,82.11841237609093,88.1974160520929,82.17983684409282
Tron-o-matic 2,Philadelphia_01,2024-11-07,106.75493669032984,112.74656122039183,119.03908472691178,112.66696831931804
Tron-o-matic 2,Philadelphia_01,2024-11-08,98.26878939499814,102.81486710503391,110.80813539702483,103.63183290689499
Tron-o-matic 2,Philadelphia_01,2024-11-09,112.53136733994936,119.03581895064816,125.50145422648461,119.01979528924265
Tron-o-matic 2,Philadelphia_01,2024-11-10,52.2736270324342,57.50901334060058,64.45650858261298,58.070707402105725
Tron-o-matic 2,Philadelphia_01,2024-11-11,78.4653624855318,83.85159304583068,91.80928719564093,84.14335533649616
Tron-o-matic 2,Philadelphia_01,2024-11-12,50.47867176096064,58.80016845492003,64.55255102183257,58.50105176908866
Tron-o-matic 2,Philadelphia_01,2024-11-13,103.87668733718883,110.22872059123169,116.59769547874092,110.29014028849193
Tron-o-matic 2,Philadelphia_01,2024-11-14,75.50433083315178,80.7528471067977,86.21607464096704,80.53740719550689
Tron-o-matic 2,Philadelphia_01,2024-11-15,80.98974369729727,86.02602552347193,93.89352923228927,86.7805160167825
Tron-o-matic 2,Philadelphia_01,2024-11-16,51.729878067581446,56.556890818851265,64.04101865926293,57.29684949446498
Tron-o-matic 2,Philadelphia_01,2024-11-17,50.741106298648425,57.80012873142972,62.925852885427254,57.36609913761626
Tron-o-matic 2,Philadelphia_01,2024-11-18,103.02246976514505,109.25469221984976,115.24664186391675,109.18616995938577
Tron-o-matic 2,Philadelphia_01,2024-11-19,78.45954070549715,84.17370044180079,89.30270629731615,84.21569266988023
Tron-o-matic 2,Philadelphia_01,2024-11-20,51.52849831614854,57.47208017252211,64.66615700949795,57.82481932269198
Tron-o-matic 2,Philadelphia_01,2024-11-21,52.074289230949184,57.50260566510286,63.87822642952972,57.72193500266508
Tron-o-matic 2,Philadelphia_01,2024-11-22,103.90636114138637,110.46122962866303,116.0386017354798,110.38455192520789
Tron-o-matic 2,Philadelphia_01,2024-11-23,51.51571628033095,57.274228730035105,63.515344440881,57.389432595530536
Tron-o-matic 2,Philadelphia_01,2024-11-24,53.64172714346101,57.65086242011141,63.5300225466236,58.16841320167201
Tron-o-matic 2,Philadelphia_01,2024-11-25,52.12354439908261,56.910994064663036,63.831963345243146,57.49871592198102
Tron-o-matic 2,Philadelphia_01,2024-11-26,53.49670640764141,58.32659284127856,62.998179656545766,58.11491684080037
Tron-o-matic 2,Philadelphia_01,2024-11-27,73.31867921033536,77.41145971099652,85.37231412321331,78.0024679778909
Tron-o-matic 2,Philadelphia_01,2024-11-28,100.24162297566016,105.44958521517212,111.73814824777887,105.79873124963409
Tron-o-matic 2,Philadelphia_01,2024-11-29,119.67463243848984,125.21756448301998,130.88111326159623,125.12089972449667
Tron-o-matic 2,Philadelphia_01,2024-11-30,52.51104201830382,57.6494280748954,62.562003528882556,57.73973762574263
Tron-o-matic 2,Philadelphia_01,2024-12-01,71.06014549587329,75.08756240801259,81.65620496525703,76.20313337429958
Tron-o-matic 2,Philadelphia_01,2024-12-02,50.91485443370062,58.16647202072994,63.47507260073323,57.553936899312454
Tron-o-matic 2,Philadelphia_01,2024-12-03,75.04257582422589,81.38897690793169,87.65910804074858,81.70257798263368
Tron-o-matic 2,Philadelphia_01,2024-12-04,50.167972378172806,56.98697768477922,63.13521201433613,57.14597083549765
Tron-o-matic 2,Philadelphia_01,2024-12-05,51.380372098091726,57.65786209755679,63.33597779870892,57.71521886079523
Tron-o-matic 2,Philadelphia_01,2024-12-06,69.70790609562663,76.5821323633215,83.05338005474003,76.28918180247058
Tron-o-matic 2,Philadelphia_01,2024-12-07,63.78179020768989,69.47291354494169,77.43021751568081,70.21780961438498
Tron-o-matic 2,Philadelphia_01,2024-12-08,50.694583043236015,57.14507492633918,62.6284311686162,57.16929010385291
Tron-o-matic 2,Philadelphia_01,2024-12-09,52.00878240349056,57.631562289036616,64.37115925949827,58.30856395096523
Tron-o-matic 2,Philadelphia_01,2024-12-10,116.16373520364634,122.82282510356247,128.55798737060385,122.36965519728719
Tron-o-matic 2,Philadelphia_01,2024-12-11,51.826959621187534,58.25382143174261,64.43894068412062,57.965150677983495
Tron-o-matic 2,Philadelphia_01,2024-12-12,67.8593150832175,73.31388248302046,79.6724430920152,73.61675010632771
Tron-o-matic 2,Philadelphia_01,2024-12-13,52.06492635667717,57.392702834704856,64.15671559963576,57.48173303514775
Tron-o-matic 2,Philadelphia_01,2024-12-14,51.25916502661873,56.9974413739078,62.32469870837608,57.13629833064383
Tron-o-matic 2,Philadelphia_01,2024-12-15,50.12486831981692,57.64755904769798,63.46204822803853,57.41585553678942
Tron-o-matic 2,Philadelphia_01,2024-12-16,77.5864098054821,83.70497923868577,90.76038169161247,84.04959585424336
Tron-o-matic 2,Philadelphia_01,2024-12-17,104.24438146921396,110.7226104413013,116.92799837131426,110.78723394178131
Tron-o-matic 2,Philadelphia_01,2024-12-18,51.25221351936555,57.85981533308459,62.787023265586754,57.546915224077466
Tron-o-matic 2,Philadelphia_01,2024-12-19,72.4324318928713,79.0121456954981,85.60066491909127,78.79959249683641
Tron-o-matic 2,Philadelphia_01,2024-12-20,51.777928229951556,56.58140204738718,63.61600706150791,57.23591986506809
Tron-o-matic 2,Philadelphia_01,2024-12-21,118.80105259431112,125.52158312066759,131.2855081170447,125.0038085589073
Tron-o-matic 2,Philadelphia_01,2024-12-22,51.215628655436184,58.33321256812678,64.50210997791433,58.00933877977228
Tron-o-matic 2,Philadelphia_01,2024-12-23,50.80035796990219,58.06256977607315,63.425803478305205,57.52431083974666
Tron-o-matic 2,Philadelphia_01,2024-12-24,51.344784610011175,58.67541344808294,64.91265311688998,58.50106426972356
Tron-o-matic 2,Philadelphia_01,2024-12-25,52.80531434121475,59.143777196820885,64.07970177926695,58.593034088810185
Tron-o-matic 2,Philadelphia_01,2024-12-26,70.30597241755817,78.02161758271846,83.23483399707263,77.25254581536802
Tron-o-matic 2,Philadelphia_01,2024-12-27,78.36702528158125,84.96935498263264,90.57126843233256,84.73237464805148
Tron-o-matic 2,Philadelphia_01,2024-12-28,63.71124329730225,69.01331976521017,73.76146316313698,68.73422083857203
Tron-o-matic 2,Philadelphia_01,2024-12-29,80.43094943767537,86.29405144618164,91.79117845064717,86.20429658996643
Tron-o-matic 2,Philadelphia_01,2024-12-30,54.32706142213672,58.45597256641369,65.29973973451403,59.55801000979356
Tron-o-matic 2,Philadelphia_01,2024-12-31,53.145649031615086,59.368762031961865,65.53699327212068,59.034802343496196
Tron-o-matic 3 Pro,Chicago_01,2024-10-01,68.67023288996388,74.51044218786282,80.70588528187517,74.36251188330954
Tron-o-matic 3 Pro,Chicago_01,2024-10-02,69.75637605680592,74.34215045568259,78.9658697683253,74.30078457472881
Tron-o-matic 3 Pro,Chicago_01,2024-10-03,70.0940648424256,75.23454202506882,79.61610625762351,74.80579612780281
Tron-o-matic 3 Pro,Chicago_01,2024-10-04,106.13976156610111,110.38755834303548,115.41269919567259,110.74569373874547
Tron-o-matic 3 Pro,Chicago_01,2024-10-05,70.177131384822,75.04199067690594,79.74283658265593,74.8462563117725
Tron-o-matic 3 Pro,Chicago_01,2024-10-06,68.99682900448765,74.10150303627863,78.91314033671439,74.09059270682258
Tron-o-matic 3 Pro,Chicago_01,2024-10-07,77.29714687397694,82.21788040765716,89.4910447514494,82.81577817959372
Tron-o-matic 3 Pro,Chicago_01,2024-10-08,67.66530495613277,73.97889074190114,78.93131779270777,73.64372897103866
Tron-o-matic 3 Pro,Chicago_01,2024-10-09,79.24125315010707,85.35877976191291,90.05182513481641,85.04677757410842
Tron-o-matic 3 Pro,Chicago_01,2024-10-10,68.11933918350697,74.63891363237754,77.62343171409265,73.72666127368066
Tron-o-matic 3 Pro,Chicago_01,2024-10-11,68.09779957965264,74.30629578266226,78.28696577005239,73.60002756507062
Tron-o-matic 3 Pro,Chicago_01,2024-10-12,68.3377814166329,73.98553688408064,79.03478395043564,73.83653608658858
Tron-o-matic 3 Pro,Chicago_01,2024-10-13,68.54647148568237,72.9428479701482,78.26966529313013,73.33308389889302
Tron-o-matic 3 Pro,Chicago_01,2024-10-14,68.92952609623427,74.56116987043899,79.27511715437686,74.14849443388388
Tron-o-matic 3 Pro,Chicago_01,2024-10-15,67.1897127385049,73.06233902478073,78.73590013060499,73.25763459465976
Tron-o-matic 3 Pro,Chicago_01,2024-10-16,69.49969509611347,74.38657522779032,78.48408051866485,74.20177490182779
Tron-o-matic 3 Pro,Chicago_01,2024-10-17,67.5290734807956,73.23217244993772,77.82660769988885,72.87594467086315
Tron-o-matic 3 Pro,Chicago_01,2024-10-18,66.35050538891153,72.80446329830293,77.85010046486227,72.75303372905934
Tron-o-matic 3 Pro,Chicago_01,2024-10-19,69.08731927160547,74.42990138472713,79.0250255270137,74.072422400655
Tron-o-matic 3 Pro,Chicago_01,2024-10-20,97.85665740028948,102.68935185262907,107.88677633868794,102.64741123791829
Tron-o-matic 3 Pro,Chicago_01,2024-10-21,74.5673874439202,80.00472842425205,85.76897841553362,79.95236627308925
Tron-o-matic 3 Pro,Chicago_01,2024-10-22,80.59426785777796,86.5830661545028,91.5237113558035,86.49863467910406
Tron-o-matic 3 Pro,Chicago_01,2024-10-23,85.41051534657649,90.61472126201937,94.64023734650245,90.52912730976526
Tron-o-matic 3 Pro,Chicago_01,2024-10-24,67.24259419939449,73.04760464170323,79.45615585623744,72.99322080392683
Tron-o-matic 3 Pro,Chicago_01,2024-10-25,105.19405180130533,110.93885763707435,116.14184002322163,110.87950493164468
Tron-o-matic 3 Pro,Chicago_01,2024-10-26,77.25083450422893,82.42971305923118,87.35601912782268,82.24160271139917
Tron-o-matic 3 Pro,Chicago_01,2024-10-27,66.96272098479555,71.85822154564052,76.69528815103507,71.92124878020898
Tron-o-matic 3 Pro,Chicago_01,2024-10-28,79.52320565693158,84.43340528752229,89.24399482471026,84.3449108215863
Tron-o-matic 3 Pro,Chicago_01,2024-10-29,66.26029934533915,72.62950839891612,76.8458516431585,72.20178311258144
Tron-o-matic 3 Pro,Chicago_01,2024-10-30,103.49898748172552,109.75962000978166,114.75950498719857,109.35417771410005
Tron-o-matic 3 Pro,Chicago_01,2024-10-31,65.40092863462623,70.59801074118492,75.77025915039698,70.48684261620124
Tron-o-matic 3 Pro,Chicago_01,2024-11-01,83.23240620534244,88.3565808390099,92.41954004701185,87.79032340814398
Tron-o-matic 3 Pro,Chicago_01,2024-11-02,65.06703643479254,70.93681953329214,76.47022159286247,70.78954610944993
Tron-o-matic 3 Pro,Chicago_01,2024-11-03,66.18110482129936,70.29384874130226,73.61062383268133,70.05474142721575
Tron-o-matic 3 Pro,Chicago_01,2024-11-04,65.19065946951865,70.04092308430836,74.24280528691241,69.64426908397738
Tron-o-matic 3 Pro,Chicago_01,2024-11-05,65.26081631752297,70.0761736137932,75.25178694180057,69.78767592940726
Tron-o-matic 3 Pro,Chicago_01,2024-11-06,63.0264042236995,68.98250608379844,74.87281110222344,68.90487990414556
Tron-o-matic 3 Pro,Chicago_01,2024-11-07,64.22858377368019,69.68236908876113,74.19771168858647,69.44355432688323
Tron-o-matic 3 Pro,Chicago_01,2024-11-08,74.53228176419542,79.83546941959074,85.58545521794208,79.92239309581144
Tron-o-matic 3 Pro,Chicago_01,2024-11-09,98.64765135083009,103.83682688130268,108.32419396184922,103.9562220501259
Tron-o-matic 3 Pro,Chicago_01,2024-11-10,62.62561559449164,68.01295901707411,72.96305219461135,67.98800625306404
Tron-o-matic 3 Pro,Chicago_01,2024-11-11,62.767671463245115,67.51867917278777,73.42244419424564,67.84861272722155
Tron-o-matic 3 Pro,Chicago_01,2024-11-12,100.07266753962604,105.78466616449046,110.57484632615115,105.61140961255667
Tron-o-matic 3 Pro,Chicago_01,2024-11-13,62.46321873290996,67.4394722410422,73.12034817079297,67.2804264302644
Tron-o-matic 3 Pro,Chicago_01,2024-11-14,61.417851244132024,66.804595294408,72.07166160635524,66.96380840366099
Tron-o-matic 3 Pro,Chicago_01,2024-11-15,62.462070240217,67.72265700419726,72.39770681233348,67.39958814141322
Tron-o-matic 3 Pro,Chicago_01,2024-11-16,61.67431530192342,68.09561154704349,72.74724134307324,67.9060527418495
Tron-o-matic 3 Pro,Chicago_01,2024-11-17,62.19096949685954,67.33272315124957,71.14972784717708,66.8673147953159
Tron-o-matic 3 Pro,Chicago_01,2024-11-18,76.2024742135081,80.24924169875347,85.06294356485415,80.31216780180861
Tron-o-matic 3 Pro,Chicago_01,2024-11-19,61.26748186581556,66.7786996329851,70.99588012427729,66.53325451804612
Tron-o-matic 3 Pro,Chicago_01,2024-11-20,71.09679204279298,77.39359076570251,84.11941689041915,77.66320766010719
Tron-o-matic 3 Pro,Chicago_01,2024-11-21,93.18508380139598,99.17029331502282,103.85575141743489,98.97254886760001
Tron-o-matic 3 Pro,Chicago_01,2024-11-22,69.63913246458523,73.93808377739012,78.70711016563503,74.06577680001479
Tron-o-matic 3 Pro,Chicago_01,2024-11-23,63.13422612240626,67.94227438122778,73.52343690019242,68.19316216105867
Tron-o-matic 3 Pro,Chicago_01,2024-11-24,61.82860406097104,66.54462335276561,72.55464160373637,66.84181736518347
Tron-o-matic 3 Pro,Chicago_01,2024-11-25,60.88491866300758,67.25629577306523,73.20406123302362,67.3464263272543
Tron-o-matic 3 Pro,Chicago_01,2024-11-26,70.46766061492558,75.45914040295132,80.19325990949862,75.51996453235897
Tron-o-matic 3 Pro,Chicago_01,2024-11-27,95.36567764710838,100.09643307082197,104.35062843557398,100.04784836344787
Tron-o-matic 3 Pro,Chicago_01,2024-11-28,61.560829704031555,66.0845068732187,71.14305081251032,66.4442889712962
Tron-o-matic 3 Pro,Chicago_01,2024-11-29,102.62353797127507,108.13245565076922,112.53177790078571,107.90430263097907
Tron-o-matic 3 Pro,Chicago_01,2024-11-30,62.86988353752504,68.65203984678077,74.05093309163007,68.49505568524619
Tron-o-matic 3 Pro,Chicago_01,2024-12-01,95.43773161834577,101.07975495764151,105.45044410916725,100.61901126120091
Tron-o-matic 3 Pro,Chicago_01,2024-12-02,62.534250666967594,67.96300033478144,74.43584548371858,68.3598595702471
Tron-o-matic 3 Pro,Chicago_01,2024-12-03,62.167346967507015,67.69197572466923,72.40071212967382,67.75869716513611
Tron-o-matic 3 Pro,Chicago_01,2024-12-04,88.96601037241825,93.80884048408842,98.56478701106751,94.06300298909426
Tron-o-matic 3 Pro,Chicago_01,2024-12-05,62.40642341782036,67.45805349139174,72.12620172265544,67.30656521598608
Tron-o-matic 3 Pro,Chicago_01,2024-12-06,62.95672530899975,67.60595840814916,72.9119908253234,67.57174403050867
Tron-o-matic 3 Pro,Chicago_01,2024-12-07,69.37323195587406,75.1186322880415,79.63419077126757,75.04388882741942
Tron-o-matic 3 Pro,Chicago_01,2024-12-08,101.61770443637585,107.4810055380814,112.65140021035963,107.17670299491853
Tron-o-matic 3 Pro,Chicago_01,2024-12-09,61.666051026051186,68.34146518962237,73.66882017230321,67.98604121373472
Tron-o-matic 3 Pro,Chicago_01,2024-12-10,91.80939680680913,97.17468243337761,102.0535513214113,96.81679238845656
Tron-o-matic 3 Pro,Chicago_01,2024-12-11,63.018924062699874,67.72270842005543,74.56500792031085,68.23953053876538
Tron-o-matic 3 Pro,Chicago_01,2024-12-12,62.44283919021298,67.34966010240875,73.33119887715361,67.70843787807942
Tron-o-matic 3 Pro,Chicago_01,2024-12-13,76.14989592945447,81.54557590624661,87.07950302107493,81.5782267974422
Tron-o-matic 3 Pro,Chicago_01,2024-12-14,62.58657570670193,66.3643270820424,72.30932791117574,67.09463146174659
Tron-o-matic 3 Pro,Chicago_01,2024-12-15,101.61644533167969,106.7419058959398,112.39095656369336,106.80141565945952
Tron-o-matic 3 Pro,Chicago_01,2024-12-16,69.83759725301269,75.27972585089871,81.44789213227554,75.25110223996758
Tron-o-matic 3 Pro,Chicago_01,2024-12-17,63.0773337813024,67.66935904802857,72.01216219444291,67.64622336132666
Tron-o-matic 3 Pro,Chicago_01,2024-12-18,69.85112886542879,75.2430782997202,79.40155914581614,74.75958008451317
Tron-o-matic 3 Pro,Chicago_01,2024-12-19,77.3760383133728,82.7115671772566,88.97060274217522,83.06309105675464
Tron-o-matic 3 Pro,Chicago_01,2024-12-20,62.51964635030129,67.65886994111291,71.83810186923392,67.35808271863635
Tron-o-matic 3 Pro,Chicago_01,2024-12-21,79.37462401816475,84.84465447580699,90.01815210859752,84.95174273640215
Tron-o-matic 3 Pro,Chicago_01,2024-12-22,102.68389138149456,108.55186042775144,112.3349297337395,107.79693172557087
Tron-o-matic 3 Pro,Chicago_01,2024-12-23,80.28903846154961,85.24728169831505,90.57757872691079,85.07301031319287
Tron-o-matic 3 Pro,Chicago_01,2024-12-24,62.73795496779502,67.21617699402402,73.53155383241777,67.76249246347635
Tron-o-matic 3 Pro,Chicago_01,2024-12-25,62.7307380874727,67.7899077242634,73.45430910429765,67.93945543059654
Tron-o-matic 3 Pro,Chicago_01,2024-12-26,62.34967300915387,68.32920355089324,72.02877196936157,67.7782530841748
Tron-o-matic 3 Pro,Chicago_01,2024-12-27,61.84279885402593,67.43114732045842,73.78214818435522,68.06218829802269
Tron-o-matic 3 Pro,Chicago_01,2024-12-28,63.8413956014415,68.34070083445441,72.95940483714419,68.39757012841768
Tron-o-matic 3 Pro,Chicago_01,2024-12-29,74.79712939641897,79.2274689647415,83.02649230481198,79.34314522618536
Tron-o-matic 3 Pro,Chicago_01,2024-12-30,63.09723988396312,68.71921720527935,73.78653565873739,68.82425477580243
Tron-o-matic 3 Pro,Chicago_01,2024-12-31,72.52933837454152,79.3775644408765,83.80201350361094,78.52157523413324
Tron-o-matic 3 Pro,LosAngeles_01,2024-10-01,90.06447125623635,95.69914136549208,101.88947136520837,96.14831420920399
Tron-o-matic 3 Pro,LosAngeles_01,2024-10-02,90.91747930029386,97.73675075792983,102.87364365014292,97.61525287048057
Tron-o-matic 3 Pro,LosAngeles_01,2024-10-03,91.12066055267636,96.1194425408176,101.53956679391361,96.14171184583147
Tron-o-matic 3 Pro,LosAngeles_01,2024-10-04,136.52444161872225,143.68393023523237,149.43174000205713,143.10640783974293
Tron-o-matic 3 Pro,LosAngeles_01,2024-10-05,89.61602943092618,96.71510266903792,103.02030038954274,96.65882589987118
Tron-o-matic 3 Pro,LosAngeles_01,2024-10-06,88.13328510626981,96.21226805386928,103.67919878589956,95.80636127191676
Tron-o-matic 3 Pro,LosAngeles_01,2024-10-07,101.1339496590209,106.81921917251196,112.30063751245487,106.80603993951499
Tron-o-matic 3 Pro,LosAngeles_01,2024-10-08,90.05322539350202,96.52332303403799,103.78286411363322,96.89473045947324
Tron-o-matic 3 Pro,LosAngeles_01,2024-10-09,104.82613533998693,111.72795335140695,118.0292325858118,111.7846566702824
Tron-o-matic 3 Pro,LosAngeles_01,2024-10-10,89.73177774832786,96.70941932520718,104.044822062633,96.66255378556383
Tron-o-matic 3 Pro,LosAngeles_01,2024-10-11,88.70556017116456,95.09366595374149,100.21151789529165,94.62343809183876
Tron-o-matic 3 Pro,LosAngeles_01,2024-10-12,90.64442070483241,97.03429081117578,102.27600961436916,96.67798668859113
Tron-o-matic 3 Pro,LosAngeles_01,2024-10-13,90.20092536620588,95.73494946187152,102.05094930871476,95.98084216599813
Tron-o-matic 3 Pro,LosAngeles_01,2024-10-14,90.14964303242198,95.75799230510849,102.26500689557308,96.12288640490169
Tron-o-matic 3 Pro,LosAngeles_01,2024-10-15,88.43034858243841,95.44760378613333,100.82830515289271,95.11920225945724
Tron-o-matic 3 Pro,LosAngeles_01,2024-10-16,87.70652339708342,95.24049358808219,101.41430621489133,94.66948950699212
Tron-o-matic 3 Pro,LosAngeles_01,2024-10-17,89.11917235740356,94.58454554841164,100.39368101090598,94.73413912433391
Tron-o-matic 3 Pro,LosAngeles_01,2024-10-18,88.02278646903524,94.95641055947138,101.88952779083898,94.79078848308679
Tron-o-matic 3 Pro,LosAngeles_01,2024-10-19,88.85962198281808,95.69595626754477,103.23516250031183,96.01283365380303
Tron-o-matic 3 Pro,LosAngeles_01,2024-10-20,126.09465993129524,132.4465690542377,137.91908030555317,132.04712448636784
Tron-o-matic 3 Pro,LosAngeles_01,2024-10-21,95.21273503618362,101.51189768745444,107.25203640202555,101.65165035295587
Tron-o-matic 3 Pro,LosAngeles_01,2024-10-22,106.65019461525793,112.64658011810579,118.97492775350314,112.32596721684857
Tron-o-matic 3 Pro,LosAngeles_01,2024-10-23,109.35913926209014,115.56466892501008,123.05826797851356,115.95904147697487
Tron-o-matic 3 Pro,LosAngeles_01,2024-10-24,87.86726892349733,94.32736773797156,99.42821118176184,93.89800975463606
Tron-o-matic 3 Pro,LosAngeles_01,2024-10-25,135.54755607367784,143.04822445548976,147.4146152496161,142.3776863828302
Tron-o-matic 3 Pro,LosAngeles_01,2024-10-26,98.40641035270558,105.3257722794751,111.08330690927022,105.29177720235003
Tron-o-matic 3 Pro,LosAngeles_01,2024-10-27,86.20807721383467,91.94264676394333,97.6715476269733,91.85341411734485
Tron-o-matic 3 Pro,LosAngeles_01,2024-10-28,99.46006604128345,107.43746560275281,112.84514261990778,106.78308888878547
Tron-o-matic 3 Pro,LosAngeles_01,2024-10-29,83.57406043549595,91.82167791484139,97.85952436548122,91.1106337129755
Tron-o-matic 3 Pro,LosAngeles_01,2024-10-30,133.42546337110943,140.57739864667533,145.9851757592709,139.99534231081628
Tron-o-matic 3 Pro,LosAngeles_01,2024-10-31,83.66881584709911,89.84241060085635,97.0123094587803,89.85732925667666
Tron-o-matic 3 Pro,LosAngeles_01,2024-11-01,106.75450080770996,112.5673187339293,119.03898434648444,112.45876565270196
Tron-o-matic 3 Pro,LosAngeles_01,2024-11-02,84.29251188223625,90.03699497424563,95.99008739141483,89.80096232737527
Tron-o-matic 3 Pro,LosAngeles_01,2024-11-03,82.6070560766433,89.1710430039207,95.32882126952984,89.06384277696577
Tron-o-matic 3 Pro,LosAngeles_01,2024-11-04,83.70338917767226,89.35685398390962,94.495037393764,89.12237184623396
Tron-o-matic 3 Pro,LosAngeles_01,2024-11-05,83.16881687756437,88.96257901895328,96.84035107484881,89.55961328901437
Tron-o-matic 3 Pro,LosAngeles_01,2024-11-06,81.8031372558606,88.78000753389009,96.01781034221675,89.00664496654424
Tron-o-matic 3 Pro,LosAngeles_01,2024-11-07,81.35606256536876,88.98986865607343,94.33435373199842,88.3276156177398
Tron-o-matic 3 Pro,LosAngeles_01,2024-11-08,96.13894224657514,102.95024814901203,110.33500873309498,103.12220335130326
Tron-o-matic 3 Pro,LosAngeles_01,2024-11-09,126.65297697079212,133.23566884524234,139.84498766077007,133.4027428317886
Tron-o-matic 3 Pro,LosAngeles_01,2024-11-10,80.8582944474682,87.92884346059917,95.06504657725871,87.8140142883107
Tron-o-matic 3 Pro,LosAngeles_01,2024-11-11,79.93676696614266,89.03164882845742,94.73363632865772,88.43130014226159
Tron-o-matic 3 Pro,LosAngeles_01,2024-11-12,129.44887510124533,135.85558726170427,143.6216284017449,136.15598512939616
Tron-o-matic 3 Pro,LosAngeles_01,2024-11-13,79.32503200277901,86.03250729668908,93.76699629589584,86.43617063605012
Tron-o-matic 3 Pro,LosAngeles_01,2024-11-14,79.92551779709652,86.56674979201169,93.08277366729297,86.47698273015348
Tron-o-matic 3 Pro,LosAngeles_01,2024-11-15,80.32738791480604,87.34266982348466,91.91711223713637,86.69903490174393
Tron-o-matic 3 Pro,LosAngeles_01,2024-11-16,81.47098846786184,87.11510772832945,93.50674516165043,87.35758760432041
Tron-o-matic 3 Pro,LosAngeles_01,2024-11-17,79.35712508837427,85.51846021108017,91.45876375406563,85.43744526294921
Tron-o-matic 3 Pro,LosAngeles_01,2024-11-18,97.76789119075819,104.95271078295357,110.19602364623599,104.27785008597192
Tron-o-matic 3 Pro,LosAngeles_01,2024-11-19,79.4381879869503,87.08787827387827,91.638232347276,86.28535380031906
Tron-o-matic 3 Pro,LosAngeles_01,2024-11-20,92.48370681824544,99.4137908282404,105.46752772509234,99.1689340190567
Tron-o-matic 3 Pro,LosAngeles_01,2024-11-21,121.26271938248846,126.62004027971513,134.25353467206227,127.17150915304528
Tron-o-matic 3 Pro,LosAngeles_01,2024-11-22,89.02824855548388,95.15615889999282,101.75038807634543,95.12766620550482
Tron-o-matic 3 Pro,LosAngeles_01,2024-11-23,81.25348301643537,86.65625487151203,93.57200191772495,86.76796481042001
Tron-o-matic 3 Pro,LosAngeles_01,2024-11-24,80.8187333140236,86.62210498403103,93.04012677479301,87.0845861364339
Tron-o-matic 3 Pro,LosAngeles_01,2024-11-25,80.94454968658853,87.96423438198184,93.3879040941179,87.55469776019547
Tron-o-matic 3 Pro,LosAngeles_01,2024-11-26,91.93156678164682,98.42751892961333,105.48392187077528,98.30121808754477
Tron-o-matic 3 Pro,LosAngeles_01,2024-11-27,122.47993435602818,128.91754451553572,136.3107192580285,128.75634919554935
Tron-o-matic 3 Pro,LosAngeles_01,2024-11-28,81.18209479019774,87.2573800140528,92.45909384002782,87.03871567450655
Tron-o-matic 3 Pro,LosAngeles_01,2024-11-29,132.76580218945597,139.84719200046027,144.566171253521,138.99832736713265
Tron-o-matic 3 Pro,LosAngeles_01,2024-11-30,83.04345458760498,88.18973164192076,95.34448792151962,88.54016751686608
Tron-o-matic 3 Pro,LosAngeles_01,2024-12-01,122.23782479228608,129.0451390287174,134.7000307500768,129.1459379981403
Tron-o-matic 3 Pro,LosAngeles_01,2024-12-02,81.21393421263984,87.08047669499032,94.13667927951707,87.33492480888455
Tron-o-matic 3 Pro,LosAngeles_01,2024-12-03,80.27260418212605,86.13057975198655,93.31674889570503,86.47672680373081
Tron-o-matic 3 Pro,LosAngeles_01,2024-12-04,114.49197771138348,120.89490813658252,126.1519887578985,120.79036587169878
Tron-o-matic 3 Pro,LosAngeles_01,2024-12-05,80.60760412605352,86.78498589103773,93.98748397156707,86.89392147229766
Tron-o-matic 3 Pro,LosAngeles_01,2024-12-06,80.88361840035859,87.45771273612223,94.40333890575377,87.23932480205075
Tron-o-matic 3 Pro,LosAngeles_01,2024-12-07,90.42094678121276,96.64582127634115,102.62633398108441,96.62852750705542
Tron-o-matic 3 Pro,LosAngeles_01,2024-12-08,133.06548917980427,138.10669389419715,144.8710310943522,138.88673956612695
Tron-o-matic 3 Pro,LosAngeles_01,2024-12-09,81.10860626611729,88.91773809401637,94.31896306366573,88.08929998356011
Tron-o-matic 3 Pro,LosAngeles_01,2024-12-10,117.30984297243073,123.18075910203105,129.00130131901972,123.01838442780094
Tron-o-matic 3 Pro,LosAngeles_01,2024-12-11,80.48817201838715,87.56090842704694,92.65205618028608,87.25423475920945
Tron-o-matic 3 Pro,LosAngeles_01,2024-12-12,81.16953313712315,86.62648301642483,94.99804655021994,87.35489376815192
Tron-o-matic 3 Pro,LosAngeles_01,2024-12-13,98.21217182395984,104.41941267484005,110.2111166572144,104.30512396830456
Tron-o-matic 3 Pro,LosAngeles_01,2024-12-14,81.71812970544623,88.28284797524502,93.56168941469616,87.43056170827315
Tron-o-matic 3 Pro,LosAngeles_01,2024-12-15,130.6160282906601,137.1133771147652,143.7217649815484,137.17353656093553
Tron-o-matic 3 Pro,LosAngeles_01,2024-12-16,88.1992752208665,94.62280957904079,101.614982302097,94.95084343569562
Tron-o-matic 3 Pro,LosAngeles_01,2024-12-17,81.2502653839805,87.90946522481262,96.04917921730267,88.14620042763383
Tron-o-matic 3 Pro,LosAngeles_01,2024-12-18,91.10791510908837,97.44850914034946,104.02556175019222,97.20185184004211
Tron-o-matic 3 Pro,LosAngeles_01,2024-12-19,102.73095024739446,108.50138987481695,114.25190236144168,108.48910522283774
Tron-o-matic 3 Pro,LosAngeles_01,2024-12-20,82.04462771199303,87.92865345730448,93.04394348741091,87.75864195669541
Tron-o-matic 3 Pro,LosAngeles_01,2024-12-21,103.7032715339189,110.08248883524301,116.0781425227996,109.72573072572945
Tron-o-matic 3 Pro,LosAngeles_01,2024-12-22,132.2600859049012,139.1974155441535,146.27172992958444,139.3010277261536
Tron-o-matic 3 Pro,LosAngeles_01,2024-12-23,104.02996765937439,110.98060260246136,116.17059147851361,110.69812377167109
Tron-o-matic 3 Pro,LosAngeles_01,2024-12-24,81.44650496331101,88.06264456979703,94.16866385445323,88.21561493822487
Tron-o-matic 3 Pro,LosAngeles_01,2024-12-25,82.54503715539833,87.64021973426429,94.42923911713181,88.09046476613166
Tron-o-matic 3 Pro,LosAngeles_01,2024-12-26,80.13248088641978,86.6037942789238,94.30416543912727,86.69644618248934
Tron-o-matic 3 Pro,LosAngeles_01,2024-12-27,81.60684308779308,87.20660640260817,94.06050335747992,87.70022060608511
Tron-o-matic 3 Pro,LosAngeles_01,2024-12-28,82.81789527241843,88.23940718348025,95.59127086062765,88.64233848565061
Tron-o-matic 3 Pro,LosAngeles_01,2024-12-29,96.38278126709797,102.54468312123781,108.10968035836194,102.1214953935475
Tron-o-matic 3 Pro,LosAngeles_01,2024-12-30,82.56966919857113,88.11309665498074,97.45606061392213,89.03799327264825
Tron-o-matic 3 Pro,LosAngeles_01,2024-12-31,96.51230128646118,101.94921021461194,109.11555583465719,102.16945475976816
Tron-o-matic 3 Pro,Dallas_01,2024-10-01,55.508024258862044,59.67356169765941,64.27024398208806,59.76585895945371
Tron-o-matic 3 Pro,Dallas_01,2024-10-02,56.43655381345498,60.27496655715407,65.28280989704852,60.38610526999403
Tron-o-matic 3 Pro,Dallas_01,2024-10-03,56.968415463238095,60.463704563259355,64.09324738293883,60.408308978994654
Tron-o-matic 3 Pro,Dallas_01,2024-10-04,85.01735347863945,88.48508736175313,94.12742016984976,89.16261683325065
Tron-o-matic 3 Pro,Dallas_01,2024-10-05,55.799772657397504,60.814030375968244,65.19272023127883,60.61848708842084
Tron-o-matic 3 Pro,Dallas_01,2024-10-06,56.022048621108745,60.509200591065344,64.3646371927725,60.38347121458075
Tron-o-matic 3 Pro,Dallas_01,2024-10-07,62.34041411480017,67.20826927972684,70.94684177858689,67.01402541896853
Tron-o-matic 3 Pro,Dallas_01,2024-10-08,56.28469945420426,59.92497667475348,63.868829296253935,59.80652899342122
Tron-o-matic 3 Pro,Dallas_01,2024-10-09,66.28077512954626,70.32218740039865,75.44347313207055,70.23781393036985
Tron-o-matic 3 Pro,Dallas_01,2024-10-10,56.55210499767339,61.03043272213481,64.8417344977667,60.92513927591329
Tron-o-matic 3 Pro,Dallas_01,2024-10-11,55.795504194443744,60.236378472435064,64.169856913329,60.127084519435726
Tron-o-matic 3 Pro,Dallas_01,2024-10-12,56.26927462843829,59.946112925044794,64.9417546824204,60.18142113111467
Tron-o-matic 3 Pro,Dallas_01,2024-10-13,57.12506668122611,60.61067209168636,65.29762992826619,60.808065517873366
Tron-o-matic 3 Pro,Dallas_01,2024-10-14,56.621831366517625,60.373769358007785,64.56034102911275,60.36823488104108
Tron-o-matic 3 Pro,Dallas_01,2024-10-15,55.68631934023234,60.8534710224285,64.37449974905438,60.27033173594218
Tron-o-matic 3 Pro,Dallas_01,2024-10-16,56.0353292451522,60.27781102477931,64.31800365895705,60.414013933880604
Tron-o-matic 3 Pro,Dallas_01,2024-10-17,55.796684036763054,59.842608535824695,64.38978276455568,60.182234548077666
Tron-o-matic 3 Pro,Dallas_01,2024-10-18,56.11685024414815,60.371757280190174,63.62714027626311,60.12064572904393
Tron-o-matic 3 Pro,Dallas_01,2024-10-19,54.91153509778908,60.10369216689094,64.43429637026611,59.579795405560354
Tron-o-matic 3 Pro,Dallas_01,2024-10-20,79.75091424364534,83.49933206558404,87.54275008942105,83.6070295796048
Tron-o-matic 3 Pro,Dallas_01,2024-10-21,60.330114709555716,64.65294504208299,68.47354219987032,64.61793709007499
Tron-o-matic 3 Pro,Dallas_01,2024-10-22,66.51450366489307,71.2958570496223,75.37435726344368,70.91561587428713
Tron-o-matic 3 Pro,Dallas_01,2024-10-23,69.70540074485766,72.98913733815786,77.56583740761363,73.30403172836621
Tron-o-matic 3 Pro,Dallas_01,2024-10-24,54.719385819854516,57.76569586672461,62.25883699957851,58.30646185900836
Tron-o-matic 3 Pro,Dallas_01,2024-10-25,85.49146641416552,89.57634892398966,93.91857378031973,89.62480006399471
Tron-o-matic 3 Pro,Dallas_01,2024-10-26,62.270319758679,66.38376029412133,69.45507214527858,65.93347252977536
Tron-o-matic 3 Pro,Dallas_01,2024-10-27,52.954551475083306,58.119097409872666,61.65874028952027,57.72310222579786
Tron-o-matic 3 Pro,Dallas_01,2024-10-28,61.875993798543135,67.21292180334925,70.98801973240023,66.89352587661664
Tron-o-matic 3 Pro,Dallas_01,2024-10-29,53.223081601839255,57.91584358244028,62.76131847758046,57.69042941633256
Tron-o-matic 3 Pro,Dallas_01,2024-10-30,84.68940343545438,88.70290011612126,92.34363537426434,88.49133926037796
Tron-o-matic 3 Pro,Dallas_01,2024-10-31,52.87114344287863,56.72909898540575,61.14127976058826,56.879870635332374
Tron-o-matic 3 Pro,Dallas_01,2024-11-01,65.8308162363651,71.33499705475819,74.50655614490401,70.8111578494998
Tron-o-matic 3 Pro,Dallas_01,2024-11-02,52.85110935465354,56.25826960386561,60.55736708396362,56.545213300274064
Tron-o-matic 3 Pro,Dallas_01,2024-11-03,52.10728579676255,56.08479260105059,61.385865306928295,56.2943236013273
Tron-o-matic 3 Pro,Dallas_01,2024-11-04,51.34384154169389,55.354123939373494,60.28823445276557,55.72840728482369
Tron-o-matic 3 Pro,Dallas_01,2024-11-05,51.42273239696621,55.29906892355611,59.37496051325502,55.37629489154779
Tron-o-matic 3 Pro,Dallas_01,2024-11-06,52.2118822866375,56.36578838061372,60.123401034074575,56.27354646246201
Tron-o-matic 3 Pro,Dallas_01,2024-11-07,51.47802867173312,55.07990906955372,59.32145091498653,55.30263078460374
Tron-o-matic 3 Pro,Dallas_01,2024-11-08,60.258315217967436,64.06379098427747,69.27807352819448,64.30884468638567
Tron-o-matic 3 Pro,Dallas_01,2024-11-09,80.30993544311639,84.81625569277207,88.23354086531127,84.36658263504437
Tron-o-matic 3 Pro,Dallas_01,2024-11-10,50.806542128210765,55.65971134124136,59.13116823662187,55.066644060649004
Tron-o-matic 3 Pro,Dallas_01,2024-11-11,50.97686556666228,54.988403169177545,58.83894071848024,55.15640596325588
Tron-o-matic 3 Pro,Dallas_01,2024-11-12,82.68352510342237,86.23797601197892,91.07097645189373,86.54679836224264
Tron-o-matic 3 Pro,Dallas_01,2024-11-13,51.33763859543816,55.26589093094501,59.4319360267254,55.366980025212406
Tron-o-matic 3 Pro,Dallas_01,2024-11-14,51.62870060203416,54.995030298672425,59.93732883666388,55.13985285748725
Tron-o-matic 3 Pro,Dallas_01,2024-11-15,50.595653963180936,54.19809778336791,58.43902841380838,54.24227078809038
Tron-o-matic 3 Pro,Dallas_01,2024-11-16,51.50626178587632,54.65511501273317,58.252043521120974,54.81783628691577
Tron-o-matic 3 Pro,Dallas_01,2024-11-17,50.04481524048779,54.1387286936706,58.47064262699733,54.17270394914382
Tron-o-matic 3 Pro,Dallas_01,2024-11-18,61.88727603023666,65.34235823188278,70.47705792017813,65.7173520062569
Tron-o-matic 3 Pro,Dallas_01,2024-11-19,50.42136936349464,54.278327436320126,58.40390313663176,54.42521630876464
Tron-o-matic 3 Pro,Dallas_01,2024-11-20,58.91462892305763,63.05074707956197,67.11365349095249,63.22146728791958
Tron-o-matic 3 Pro,Dallas_01,2024-11-21,77.63923167151151,80.79501825831369,85.21995914087492,81.11201317776663
Tron-o-matic 3 Pro,Dallas_01,2024-11-22,56.93215884033039,60.36623562707727,64.22435893813108,60.334948335737664
Tron-o-matic 3 Pro,Dallas_01,2024-11-23,50.7546318675511,54.50490451885722,58.50701718443164,54.63045668710472
Tron-o-matic 3 Pro,Dallas_01,2024-11-24,50.131002653615184,54.08121907342503,58.548974045545854,54.230264502039226
Tron-o-matic 3 Pro,Dallas_01,2024-11-25,49.48814104804753,54.55242997227541,58.30248168986853,54.15641098387807
Tron-o-matic 3 Pro,Dallas_01,2024-11-26,58.01488086423949,62.36862723341895,66.56585811467723,62.00095297655744
Tron-o-matic 3 Pro,Dallas_01,2024-11-27,77.81947799108192,81.28102112923203,84.8643639550869,81.26294606675958
Tron-o-matic 3 Pro,Dallas_01,2024-11-28,50.98572363785878,54.61352072883049,58.25044644339388,54.77313126360722
Tron-o-matic 3 Pro,Dallas_01,2024-11-29,82.64742722772897,87.17152583906626,91.11059601465058,86.90615184668131
Tron-o-matic 3 Pro,Dallas_01,2024-11-30,51.14371967190033,54.78583929436921,58.652367270062875,54.889142687090924
Tron-o-matic 3 Pro,Dallas_01,2024-12-01,78.1983642546956,81.67882108948955,85.24614904942939,81.54178860429768
Tron-o-matic 3 Pro,Dallas_01,2024-12-02,50.89580251264678,54.11653094772471,58.77929403409949,54.586903011075385
Tron-o-matic 3 Pro,Dallas_01,2024-12-03,51.104460748641834,55.02717453967652,59.44607008094587,55.02475649526399
Tron-o-matic 3 Pro,Dallas_01,2024-12-04,71.14129154376784,76.1497772962642,80.4144888556425,75.87079812711127
Tron-o-matic 3 Pro,Dallas_01,2024-12-05,50.08892954941245,53.7980921417201,57.58626996037493,53.89709358516946
Tron-o-matic 3 Pro,Dallas_01,2024-12-06,50.820614589457726,54.30218417597135,58.13008362552927,54.27785503036749
Tron-o-matic 3 Pro,Dallas_01,2024-12-07,56.64342535737095,60.35522060573563,64.96359980811609,60.557002824688155
Tron-o-matic 3 Pro,Dallas_01,2024-12-08,83.16172937073338,87.00704312902714,91.38626374236466,86.9761956484863
Tron-o-matic 3 Pro,Dallas_01,2024-12-09,50.31648652098991,54.80210074919525,58.087583136344165,54.38644387692204
Tron-o-matic 3 Pro,Dallas_01,2024-12-10,74.07085509468953,78.05171688813662,81.2185791382179,77.90813411151025
Tron-o-matic 3 Pro,Dallas_01,2024-12-11,50.23550961388877,54.282321583958634,58.665081862987826,54.56298507177404
Tron-o-matic 3 Pro,Dallas_01,2024-12-12,50.016918627045044,54.244494437182425,58.54301833332993,54.29632329998766
Tron-o-matic 3 Pro,Dallas_01,2024-12-13,61.694254539112194,65.33031156763343,69.29079970563524,65.28552890588286
Tron-o-matic 3 Pro,Dallas_01,2024-12-14,50.94428270874442,54.78889291781608,59.22636161767382,54.89362461886759
Tron-o-matic 3 Pro,Dallas_01,2024-12-15,81.6741506778037,85.81929493680153,90.39509149309725,85.86243319368323
Tron-o-matic 3 Pro,Dallas_01,2024-12-16,55.37091346228905,59.60912333352087,63.928227045625434,59.70834119312184
Tron-o-matic 3 Pro,Dallas_01,2024-12-17,50.95604802249664,54.89857742726418,58.59681259133279,54.85816598158248
Tron-o-matic 3 Pro,Dallas_01,2024-12-18,57.13094308810229,61.203724630061124,64.81010453423838,60.88887886216493
Tron-o-matic 3 Pro,Dallas_01,2024-12-19,63.19903827971472,67.84120789089518,72.80165656036823,67.88792496544517
Tron-o-matic 3 Pro,Dallas_01,2024-12-20,49.229856239368246,54.31858936485776,58.94632870911348,54.006479290559916
Tron-o-matic 3 Pro,Dallas_01,2024-12-21,65.66015439201715,69.2647382402933,74.30511477234354,69.57946185795102
Tron-o-matic 3 Pro,Dallas_01,2024-12-22,82.61387437137587,87.24661624352497,92.06534878693046,87.14281235444334
Tron-o-matic 3 Pro,Dallas_01,2024-12-23,65.41250730897528,68.97076221459709,73.21618368106644,69.13977244994048
Tron-o-matic 3 Pro,Dallas_01,2024-12-24,49.87183033934924,54.947800157294914,59.495587943301935,54.91466002140296
Tron-o-matic 3 Pro,Dallas_01,2024-12-25,51.78234525698497,55.698937645701534,59.17723318521164,55.476908268715995
Tron-o-matic 3 Pro,Dallas_01,2024-12-26,51.846455989549604,55.410177398090404,58.65950922453837,55.324544148063275
Tron-o-matic 3 Pro,Dallas_01,2024-12-27,51.242147047829945,55.08593550070185,58.66583394742239,54.89326779150033
Tron-o-matic 3 Pro,Dallas_01,2024-12-28,50.92293291248378,55.86284755063006,59.373595490240035,55.64517390197795
Tron-o-matic 3 Pro,Dallas_01,2024-12-29,60.14110191349663,64.53519732792248,68.39903850794862,64.51603562883841
Tron-o-matic 3 Pro,Dallas_01,2024-12-30,51.01853351550997,55.05975536927786,59.52224071060716,55.40835579959622
Tron-o-matic 3 Pro,Dallas_01,2024-12-31,60.27048026649584,64.57947041546755,68.31729071019589,64.43654319169593
Tron-o-matic 3 Pro,Houston_01,2024-10-01,50.395339541082826,55.611740322749924,59.72515623986207,55.43988367991807
Tron-o-matic 3 Pro,Houston_01,2024-10-02,53.25540329619297,56.08082867444556,59.71468920209155,56.3227867763738
Tron-o-matic 3 Pro,Houston_01,2024-10-03,51.5212579644543,54.581618756678914,58.77318267507701,54.71470208812412
Tron-o-matic 3 Pro,Houston_01,2024-10-04,78.97395214272524,83.19601317704428,87.3710887634357,82.85048767750281
Tron-o-matic 3 Pro,Houston_01,2024-10-05,52.976735264331495,56.16941279918938,60.29989630654178,56.28853070881377
Tron-o-matic 3 Pro,Houston_01,2024-10-06,52.17756009695446,56.066189186731485,59.00490357797268,55.509381709242376
Tron-o-matic 3 Pro,Houston_01,2024-10-07,57.13866283442554,61.59894379771586,65.24900731276463,61.36310938003606
Tron-o-matic 3 Pro,Houston_01,2024-10-08,50.981618999847115,55.05682324060812,59.24460509948989,55.038603113710614
Tron-o-matic 3 Pro,Houston_01,2024-10-09,60.082207519843266,64.70606752627768,68.28728261021531,64.18193469193545
Tron-o-matic 3 Pro,Houston_01,2024-10-10,52.00404746634778,55.833815700452305,59.575312988866486,55.6614866096626
Tron-o-matic 3 Pro,Houston_01,2024-10-11,50.52846545380865,55.11121177604239,59.019762835140476,54.97006181686039
Tron-o-matic 3 Pro,Houston_01,2024-10-12,50.97595555636738,55.67401801399991,60.173937227580126,55.610403447741966
Tron-o-matic 3 Pro,Houston_01,2024-10-13,51.46995742549784,55.23193939099163,58.62895933289366,55.18561421197287
Tron-o-matic 3 Pro,Houston_01,2024-10-14,52.28178623209022,55.17260982334478,59.48789140666786,55.430538636689334
Tron-o-matic 3 Pro,Houston_01,2024-10-15,50.97839703355638,55.335650137577645,58.542371569883805,55.080829168115535
Tron-o-matic 3 Pro,Houston_01,2024-10-16,51.34016389400484,55.25152436365441,58.92878939583624,55.03154372164532
Tron-o-matic 3 Pro,Houston_01,2024-10-17,50.410658455186386,54.583052942102874,58.66671753925416,54.576819965438105
Tron-o-matic 3 Pro,Houston_01,2024-10-18,51.154032041468014,54.97039713852654,58.14471439055616,54.9059893091633
Tron-o-matic 3 Pro,Houston_01,2024-10-19,50.808806338340105,54.66441061989549,58.71623202200672,54.92379067358836
Tron-o-matic 3 Pro,Houston_01,2024-10-20,72.37969589802628,76.70591869844175,81.00557521641281,76.76111792098934
Tron-o-matic 3 Pro,Houston_01,2024-10-21,54.687897186613306,58.51141412254244,63.0700197668975,58.5709376144243
Tron-o-matic 3 Pro,Houston_01,2024-10-22,60.48576900749329,64.88760918035076,69.51476773471224,65.17729013554045
Tron-o-matic 3 Pro,Houston_01,2024-10-23,63.19159692727677,67.19317046881616,71.7857640775496,67.30471842495274
Tron-o-matic 3 Pro,Houston_01,2024-10-24,49.07543760601501,53.9117493587602,57.12915512656509,53.44520566153599
Tron-o-matic 3 Pro,Houston_01,2024-10-25,78.0466572134212,83.22513017597976,87.06448009932278,82.90768369583097
Tron-o-matic 3 Pro,Houston_01,2024-10-26,57.04882925481236,60.66650443753969,64.24818304971376,60.63336099170435
Tron-o-matic 3 Pro,Houston_01,2024-10-27,50.07903773919278,52.96846437967515,57.36744150709929,53.36105422559347
Tron-o-matic 3 Pro,Houston_01,2024-10-28,58.13525781236358,61.89203678246348,66.15620005792776,61.89866845267195
Tron-o-matic 3 Pro,Houston_01,2024-10-29,48.92824813958908,52.4153909547983,56.94451622143903,52.71910913321563
Tron-o-matic 3 Pro,Houston_01,2024-10-30,77.49498121049956,81.34972260300133,84.81937776799705,81.48524787622696
Tron-o-matic 3 Pro,Houston_01,2024-10-31,48.76509365229993,52.31280574057967,56.690991920894845,52.51972586205432
Tron-o-matic 3 Pro,Houston_01,2024-11-01,60.9280186282024,64.58316039120741,68.4423575521627,64.81509337970844
Tron-o-matic 3 Pro,Houston_01,2024-11-02,48.434791067409535,52.37183587635276,55.49724503314949,52.2624347405916
Tron-o-matic 3 Pro,Houston_01,2024-11-03,48.47208791013221,51.759692986938724,55.412675936778555,51.97339721859027
Tron-o-matic 3 Pro,Houston_01,2024-11-04,47.617107754159406,51.7775227127886,55.6907640730329,51.758860551068125
Tron-o-matic 3 Pro,Houston_01,2024-11-05,47.63459135910647,51.81367660966535,55.97974912523457,51.55156340421333
Tron-o-matic 3 Pro,Houston_01,2024-11-06,47.89067163874186,51.86756372112653,55.758828079106365,51.72574836619544
Tron-o-matic 3 Pro,Houston_01,2024-11-07,46.72806981612353,50.9683638285807,54.64243517618058,50.81685161107671
Tron-o-matic 3 Pro,Houston_01,2024-11-08,56.13065250934466,59.59814549213879,63.34846186856507,59.68505863554934
Tron-o-matic 3 Pro,Houston_01,2024-11-09,73.90122020478353,78.00320284176144,81.17360423868375,77.76470987618494
Tron-o-matic 3 Pro,Houston_01,2024-11-10,46.58058197990675,50.91489652294806,54.21757764246857,50.50970740952473
Tron-o-matic 3 Pro,Houston_01,2024-11-11,46.01691706289267,50.750802832520314,54.39733612891675,50.572056740762235
Tron-o-matic 3 Pro,Houston_01,2024-11-12,75.39055612176743,79.35145214707597,82.67873632516846,79.1851899765297
Tron-o-matic 3 Pro,Houston_01,2024-11-13,46.754743084603504,50.202246142392966,54.31953419139902,50.61973871055739
Tron-o-matic 3 Pro,Houston_01,2024-11-14,46.113745263767136,50.06885972575855,53.23164027053886,49.74542432499997
Tron-o-matic 3 Pro,Houston_01,2024-11-15,47.03991424205396,49.900668106762794,53.978827445894915,50.37762962523487
Tron-o-matic 3 Pro,Houston_01,2024-11-16,46.11248337213616,51.10035397882903,55.24613830195603,50.7979206198468
Tron-o-matic 3 Pro,Houston_01,2024-11-17,46.18353092945914,50.32858522620378,54.188178500123286,50.225477480880215
Tron-o-matic 3 Pro,Houston_01,2024-11-18,56.50995734301187,61.335870160020946,64.54877792659744,60.75973056265282
Tron-o-matic 3 Pro,Houston_01,2024-11-19,45.66296783114176,49.75197246891472,54.00901805481787,49.8701435345318
Tron-o-matic 3 Pro,Houston_01,2024-11-20,53.539338505079186,57.913880114053164,61.389441959710396,57.660671001799635
Tron-o-matic 3 Pro,Houston_01,2024-11-21,70.51868152732617,74.52925353883813,79.34608110877038,74.71177562437653
Tron-o-matic 3 Pro,Houston_01,2024-11-22,51.29553310665029,55.64227055684347,58.89699637354404,55.292777102586335
Tron-o-matic 3 Pro,Houston_01,2024-11-23,46.619110115503304,50.55282433206347,53.89047706071002,50.46328075450945
Tron-o-matic 3 Pro,Houston_01,2024-11-24,47.43868499281787,50.879985006416746,54.77475442028196,50.891913506899364
Tron-o-matic 3 Pro,Houston_01,2024-11-25,46.32907720260736,50.08457831862936,53.13226529024328,49.83022824839352
Tron-o-matic 3 Pro,Houston_01,2024-11-26,53.52728780596615,56.48946174755356,60.821465075213034,56.862571279660436
Tron-o-matic 3 Pro,Houston_01,2024-11-27,71.33079366337546,76.07867325926634,80.14207108011763,75.9702972203289
Tron-o-matic 3 Pro,Houston_01,2024-11-28,47.15741010350003,50.16059568370344,54.447521006236414,50.38295864961279
Tron-o-matic 3 Pro,Houston_01,2024-11-29,77.67860322057228,81.28884388368631,85.58951441386697,81.48791608627823
Tron-o-matic 3 Pro,Houston_01,2024-11-30,47.370963673057496,51.60719320165333,54.99322283869418,51.28645485115963
Tron-o-matic 3 Pro,Houston_01,2024-12-01,72.1471085491989,76.08197848321065,80.25755911086476,75.91714829816082
Tron-o-matic 3 Pro,Houston_01,2024-12-02,47.534910371147255,51.02329013484329,53.9275630798403,50.88632233890315
Tron-o-matic 3 Pro,Houston_01,2024-12-03,48.108271486905686,50.87609793044787,55.731423911680615,51.285198683932585
Tron-o-matic 3 Pro,Houston_01,2024-12-04,66.68094180758519,70.4947620265291,74.30666158210035,70.5434397073071
Tron-o-matic 3 Pro,Houston_01,2024-12-05,45.40134741961419,50.625417670459385,54.40039189369206,50.43088306086116
Tron-o-matic 3 Pro,Houston_01,2024-12-06,47.280284013753466,50.246365269729424,55.92454439535659,50.813349733995345
Tron-o-matic 3 Pro,Houston_01,2024-12-07,51.537191161003804,56.147431823314164,60.663670921094564,56.121358118873424
Tron-o-matic 3 Pro,Houston_01,2024-12-08,76.9096684807287,80.38230075778476,84.83130606052825,80.71514680516728
Tron-o-matic 3 Pro,Houston_01,2024-12-09,45.69233300148655,50.85845953579971,54.98532464793389,50.42669994391551
Tron-o-matic 3 Pro,Houston_01,2024-12-10,68.53869757087924,72.09090164588171,76.196768283002,72.29013243022803
Tron-o-matic 3 Pro,Houston_01,2024-12-11,47.235302987899544,51.504058294333504,54.884972350417726,51.38721991645265
Tron-o-matic 3 Pro,Houston_01,2024-12-12,46.86203761878934,50.80884849322062,54.55179799970446,50.856984232073344
Tron-o-matic 3 Pro,Houston_01,2024-12-13,56.50861669336275,60.77044185862733,64.66158109761949,60.753521015154604
Tron-o-matic 3 Pro,Houston_01,2024-12-14,46.93436812627045,51.249897855981644,55.60181749059598,51.409866957022686
Tron-o-matic 3 Pro,Houston_01,2024-12-15,76.16590289529103,81.04120363086719,84.93728760944897,80.54178105167848
Tron-o-matic 3 Pro,Houston_01,2024-12-16,51.82918874331051,56.52152688304852,60.023341229107515,55.93970120557476
Tron-o-matic 3 Pro,Houston_01,2024-12-17,46.39292430753361,50.59884160544271,54.490276935784586,50.41989282658064
Tron-o-matic 3 Pro,Houston_01,2024-12-18,52.0596022626207,56.070515556661775,60.806474518802794,56.42103139814309
Tron-o-matic 3 Pro,Houston_01,2024-12-19,59.27361587577398,62.75721969033701,66.85286591335473,62.934380029927006
Tron-o-matic 3 Pro,Houston_01,2024-12-20,46.25365422686164,49.792770360412895,54.40337089593948,50.18758433466104
Tron-o-matic 3 Pro,Houston_01,2024-12-21,60.37588799175019,64.59968863032147,67.86029746636075,64.24529155816028
Tron-o-matic 3 Pro,Houston_01,2024-12-22,77.4741980332451,81.38336683473473,85.79105374560613,81.46513524696928
Tron-o-matic 3 Pro,Houston_01,2024-12-23,60.07474794814744,63.54222631734874,67.77817143764143,63.84986330246508
Tron-o-matic 3 Pro,Houston_01,2024-12-24,47.037576145064904,50.88176535615995,55.04806456304026,51.00867051698073
Tron-o-matic 3 Pro,Houston_01,2024-12-25,48.60945133871464,51.97070032673627,55.545823431902974,51.9578388303191
Tron-o-matic 3 Pro,Houston_01,2024-12-26,46.79382366044187,50.200537722146144,54.60749275667432,50.562320845234815
Tron-o-matic 3 Pro,Houston_01,2024-12-27,47.43934957762966,51.59910406832612,54.94534642506043,51.45372457552003
Tron-o-matic 3 Pro,Houston_01,2024-12-28,48.24974494414392,51.66227526922717,55.73959414683854,51.937620978164105
Tron-o-matic 3 Pro,Houston_01,2024-12-29,55.34596637655593,59.64370808099086,63.538842422769854,59.52997059379835
Tron-o-matic 3 Pro,Houston_01,2024-12-30,48.10683690949816,51.91207214901103,55.95018407267202,51.87903824385332
Tron-o-matic 3 Pro,Houston_01,2024-12-31,55.789367706039215,60.37672925193436,63.10383736237607,59.783542353290414
Tron-o-matic 3 Pro,NewYork_01,2024-10-01,69.17801591579185,73.5302414147183,78.25385207840712,73.4498766629257
Tron-o-matic 3 Pro,NewYork_01,2024-10-02,68.98696822692126,74.2256223427956,79.59844424742764,73.75239308131015
Tron-o-matic 3 Pro,NewYork_01,2024-10-03,67.78917026517938,72.7676119227203,78.54226112589477,72.92628657579974
Tron-o-matic 3 Pro,NewYork_01,2024-10-04,104.54723251458188,108.84270812369321,113.78491688884701,109.01739966206847
Tron-o-matic 3 Pro,NewYork_01,2024-10-05,68.54087266414274,73.64108956366233,78.87224093516475,73.61397456996973
Tron-o-matic 3 Pro,NewYork_01,2024-10-06,69.43814689945027,73.43359827959335,78.5013808072449,73.77019130169538
Tron-o-matic 3 Pro,NewYork_01,2024-10-07,76.69591530132142,82.53796710670949,87.13371114646792,82.27377877570753
Tron-o-matic 3 Pro,NewYork_01,2024-10-08,68.32895137592725,73.61736365413041,78.45049251987149,73.54041195064195
Tron-o-matic 3 Pro,NewYork_01,2024-10-09,79.52504401888231,85.30062885004511,91.13363774111143,85.32732771064256
Tron-o-matic 3 Pro,NewYork_01,2024-10-10,68.21602311783505,72.88366174300029,79.31338693632844,73.06760750756136
Tron-o-matic 3 Pro,NewYork_01,2024-10-11,68.57731243715729,73.54338771193123,79.0370393150464,73.57992732038925
Tron-o-matic 3 Pro,NewYork_01,2024-10-12,67.35666393444951,72.92570197939358,78.1170934715489,73.10554765639537
Tron-o-matic 3 Pro,NewYork_01,2024-10-13,67.4861759927292,73.04034618285901,78.33086927752089,72.70951668449577
Tron-o-matic 3 Pro,NewYork_01,2024-10-14,68.35123816145014,73.53241023955552,78.25311913117686,73.46730960124411
Tron-o-matic 3 Pro,NewYork_01,2024-10-15,68.14788629626328,73.15902428490111,76.95259493264051,72.97048331124519
Tron-o-matic 3 Pro,NewYork_01,2024-10-16,68.3700395410562,73.14349059286359,77.71398044613986,73.31534693571616
Tron-o-matic 3 Pro,NewYork_01,2024-10-17,68.31762484492812,73.67319219744022,78.365806071515,73.61389295926485
Tron-o-matic 3 Pro,NewYork_01,2024-10-18,68.6952955323113,73.31924282103542,78.1043316877976,73.30182165757668
Tron-o-matic 3 Pro,NewYork_01,2024-10-19,68.0435770194402,72.86094637534471,77.25167213123015,72.92776476661497
Tron-o-matic 3 Pro,NewYork_01,2024-10-20,96.99425104351452,101.09082741678347,105.94898442405724,101.08835447884435
Tron-o-matic 3 Pro,NewYork_01,2024-10-21,75.03485947380706,79.7214495897612,83.47282455727873,79.48025450070394
Tron-o-matic 3 Pro,NewYork_01,2024-10-22,80.37398777701097,86.18694401117102,91.28130758892563,86.09659349725669
Tron-o-matic 3 Pro,NewYork_01,2024-10-23,85.13966710536434,89.96528060100346,96.51836180017965,90.28224525102686
Tron-o-matic 3 Pro,NewYork_01,2024-10-24,67.17813641308649,71.77885527668006,76.58144785511794,71.81678486931084
Tron-o-matic 3 Pro,NewYork_01,2024-10-25,106.15188261503936,110.37845312960057,114.53947292003959,110.02875363179898
Tron-o-matic 3 Pro,NewYork_01,2024-10-26,75.3784137011847,80.00441237105302,84.54372950370265,80.02096697156918
Tron-o-matic 3 Pro,NewYork_01,2024-10-27,67.1506466309255,72.08756095245404,77.94327942337138,72.14663821397
Tron-o-matic 3 Pro,NewYork_01,2024-10-28,78.05161085002504,83.56232872424202,88.06478389116059,83.20923043967545
Tron-o-matic 3 Pro,NewYork_01,2024-10-29,64.81313474242565,70.13441733048569,75.65607818669832,70.07893435314081
Tron-o-matic 3 Pro,NewYork_01,2024-10-30,104.75126095001201,109.1179383275884,113.3809619305699,109.21836201494773
Tron-o-matic 3 Pro,NewYork_01,2024-10-31,66.17588135751384,70.07538159826105,74.88360282265802,70.20014868675257
Tron-o-matic 3 Pro,NewYork_01,2024-11-01,81.21341732417505,86.60987600825676,91.6105328910956,86.35666061655576
Tron-o-matic 3 Pro,NewYork_01,2024-11-02,65.4723615211919,70.87697557254153,75.59354692279562,70.67987927157952
Tron-o-matic 3 Pro,NewYork_01,2024-11-03,65.1077246566605,69.27572871983749,75.28494041080212,69.74525939399817
Tron-o-matic 3 Pro,NewYork_01,2024-11-04,64.61711841238339,69.57190648808076,75.15721522978092,69.58809082518577
Tron-o-matic 3 Pro,NewYork_01,2024-11-05,62.85537138384454,68.38412640837838,72.78589748241374,68.23395240112971
Tron-o-matic 3 Pro,NewYork_01,2024-11-06,64.01345619806236,68.74923100169116,74.24580017787294,69.0429196040462
Tron-o-matic 3 Pro,NewYork_01,2024-11-07,63.832673744324566,68.62357272073491,73.229394576408,68.40128768067135
Tron-o-matic 3 Pro,NewYork_01,2024-11-08,74.86055489556811,80.00243113839488,84.71065326143545,79.80570240733392
Tron-o-matic 3 Pro,NewYork_01,2024-11-09,97.43576384177398,103.01540964429779,109.19061251869478,103.02906831168212
Tron-o-matic 3 Pro,NewYork_01,2024-11-10,63.22273730975735,67.64984164117962,72.89829531623809,67.73916804950079
Tron-o-matic 3 Pro,NewYork_01,2024-11-11,62.43429730467936,68.36160580944828,71.81397174395806,67.7921424129132
Tron-o-matic 3 Pro,NewYork_01,2024-11-12,99.66314727991572,105.13339475474649,109.91357207147847,105.32999285600458
Tron-o-matic 3 Pro,NewYork_01,2024-11-13,62.739554373147165,67.08713677870455,71.2082795380288,66.93419399938206
Tron-o-matic 3 Pro,NewYork_01,2024-11-14,62.42312933095224,67.12286145419785,73.49368391757908,67.29632067332605
Tron-o-matic 3 Pro,NewYork_01,2024-11-15,61.16649525746158,66.22332447315928,72.92386161669687,66.6212846784941
Tron-o-matic 3 Pro,NewYork_01,2024-11-16,61.66687903546726,66.60506027687347,71.37470518413457,66.27136987277478
Tron-o-matic 3 Pro,NewYork_01,2024-11-17,62.16455051056606,66.54039252026134,71.33409322066161,66.33181128381334
Tron-o-matic 3 Pro,NewYork_01,2024-11-18,74.88055385160004,80.61261767850263,84.96515802568892,80.21620351008102
Tron-o-matic 3 Pro,NewYork_01,2024-11-19,61.08536324783974,66.04300779219592,70.4961923642802,65.96324558203015
Tron-o-matic 3 Pro,NewYork_01,2024-11-20,72.0832104586056,76.37733275425266,82.27161280311878,76.76338286625149
Tron-o-matic 3 Pro,NewYork_01,2024-11-21,92.27669131769996,96.99655763842573,102.5766147259284,97.56780504150981
Tron-o-matic 3 Pro,NewYork_01,2024-11-22,68.5221885981478,72.98526967336998,79.43352309646349,73.42631602229861
Tron-o-matic 3 Pro,NewYork_01,2024-11-23,61.04879059197365,66.56034710122512,71.6252433054853,66.55024317170621
Tron-o-matic 3 Pro,NewYork_01,2024-11-24,62.19567720870056,66.04798870516916,70.20829090970523,66.0138632122678
Tron-o-matic 3 Pro,NewYork_01,2024-11-25,62.20967118799818,67.05225332810933,71.68551405055129,66.8359224608945
Tron-o-matic 3 Pro,NewYork_01,2024-11-26,69.35572772619986,75.13811471740108,79.49243524248665,74.48382571863847
Tron-o-matic 3 Pro,NewYork_01,2024-11-27,94.0526047737653,99.5226398236716,104.62102713102436,99.77523262507206
Tron-o-matic 3 Pro,NewYork_01,2024-11-28,62.24846142937942,66.58630231259153,71.97072370032183,66.86650133200258
Tron-o-matic 3 Pro,NewYork_01,2024-11-29,102.24529636941203,106.12264274050077,112.53729138609846,106.89522218363136
Tron-o-matic 3 Pro,NewYork_01,2024-11-30,62.05360085718637,67.0761301058284,71.33252614646906,67.25130409992197
Tron-o-matic 3 Pro,NewYork_01,2024-12-01,95.1204710154932,99.20769284049716,103.72658157110091,99.19435521197825
Tron-o-matic 3 Pro,NewYork_01,2024-12-02,60.478852790518644,67.06037294192761,71.86710980336815,66.55699981994567
Tron-o-matic 3 Pro,NewYork_01,2024-12-03,60.63784508948197,66.48755981748693,70.59989693040247,66.18731179182275
Tron-o-matic 3 Pro,NewYork_01,2024-12-04,89.08964063579602,94.04879794596518,98.73651937851865,93.92694889443837
Tron-o-matic 3 Pro,NewYork_01,2024-12-05,61.124036165552916,67.16151374457017,72.07733807070466,66.92957650186426
Tron-o-matic 3 Pro,NewYork_01,2024-12-06,61.51197160243768,67.62421502145911,72.85080625292315,67.02204147731481
Tron-o-matic 3 Pro,NewYork_01,2024-12-07,69.26181440646211,74.09494000159967,79.80139136691473,74.55279065757578
Tron-o-matic 3 Pro,NewYork_01,2024-12-08,101.54512091584205,106.04966855649188,111.68754904563895,106.43630091596964
Tron-o-matic 3 Pro,NewYork_01,2024-12-09,62.96982460425152,67.28818360301076,72.93968015327496,67.40672309147858
Tron-o-matic 3 Pro,NewYork_01,2024-12-10,90.37895602934415,96.33269738887331,100.02736942321434,95.89831657321638
Tron-o-matic 3 Pro,NewYork_01,2024-12-11,62.69418679316277,67.78416374255853,72.93123350420146,67.78888184825371
Tron-o-matic 3 Pro,NewYork_01,2024-12-12,62.90467382128572,67.7765844524606,73.74396966469851,68.16340237972989
Tron-o-matic 3 Pro,NewYork_01,2024-12-13,75.93124266277654,81.44809596364674,87.38529865240415,81.42481135438234
Tron-o-matic 3 Pro,NewYork_01,2024-12-14,63.53900553325739,68.41020331268685,72.57334629460654,68.11108038391372
Tron-o-matic 3 Pro,NewYork_01,2024-12-15,100.1807357998863,105.97794977560687,110.44978524849402,105.807142403543
Tron-o-matic 3 Pro,NewYork_01,2024-12-16,68.86583596571154,73.9880662651229,78.7762741322539,73.9549541334533
Tron-o-matic 3 Pro,NewYork_01,2024-12-17,61.836037674852825,66.76653512432806,71.11950499580647,66.87362938590056
Tron-o-matic 3 Pro,NewYork_01,2024-12-18,70.10663231319263,75.23935658386496,80.49828389746611,75.07259701470187
Tron-o-matic 3 Pro,NewYork_01,2024-12-19,78.53989280359106,84.05004212268767,88.19861999429692,83.71981512961416
Tron-o-matic 3 Pro,NewYork_01,2024-12-20,62.43306411844936,67.24961720266597,72.49923482116549,67.16580456116668
Tron-o-matic 3 Pro,NewYork_01,2024-12-21,79.51966380615883,85.24402279301376,89.08107883996519,84.97426884530486
Tron-o-matic 3 Pro,NewYork_01,2024-12-22,102.3835254485166,107.27395158994068,112.46210113942496,107.20297839536438
Tron-o-matic 3 Pro,NewYork_01,2024-12-23,79.39820760126497,85.7827668634067,89.2694624098035,84.88276016926152
Tron-o-matic 3 Pro,NewYork_01,2024-12-24,62.613440298103924,66.70511485807363,71.1500715994989,66.76574119412425
Tron-o-matic 3 Pro,NewYork_01,2024-12-25,63.24933481485588,67.94271386599712,72.98694594708309,67.97253693785538
Tron-o-matic 3 Pro,NewYork_01,2024-12-26,62.76024468701762,67.65458451234976,72.05037081236775,67.78355635249547
Tron-o-matic 3 Pro,NewYork_01,2024-12-27,62.2606703142209,66.95757567037627,72.49659815476579,66.93615085263221
Tron-o-matic 3 Pro,NewYork_01,2024-12-28,63.79855429317467,67.92124772400898,71.7156334492905,67.85848366660612
Tron-o-matic 3 Pro,NewYork_01,2024-12-29,74.55660334261682,79.00873528133332,83.20619271757322,78.7535076104738
Tron-o-matic 3 Pro,NewYork_01,2024-12-30,63.4759373394786,67.88099406159296,72.01760299406047,67.70581465060654
Tron-o-matic 3 Pro,NewYork_01,2024-12-31,73.05782502190927,78.17152712661532,83.61330056310705,78.15916608412708
Tron-o-matic 3 Pro,Atlanta_01,2024-10-01,42.98174148441815,46.53435053949964,49.55262711215133,46.416658374495874
Tron-o-matic 3 Pro,Atlanta_01,2024-10-02,42.640602528732224,46.58004596515631,49.648833361317415,46.4737680596319
Tron-o-matic 3 Pro,Atlanta_01,2024-10-03,43.035220587603796,45.931784760795715,49.14083317218606,45.9574147087083
Tron-o-matic 3 Pro,Atlanta_01,2024-10-04,65.72415873498865,68.9270760950236,71.91961376594655,68.88335064431882
Tron-o-matic 3 Pro,Atlanta_01,2024-10-05,41.72422873187917,46.187336387378494,49.656469743938985,45.97952012163025
Tron-o-matic 3 Pro,Atlanta_01,2024-10-06,42.805342106212095,46.268655107845966,49.37585170350201,46.0159805612481
Tron-o-matic 3 Pro,Atlanta_01,2024-10-07,48.13682457174414,51.63491489757591,55.537517674402,51.6022302959509
Tron-o-matic 3 Pro,Atlanta_01,2024-10-08,42.68746526286485,46.2106109734678,49.609001637503994,46.30092127815363
Tron-o-matic 3 Pro,Atlanta_01,2024-10-09,50.83988267544387,53.705594082250165,57.062879498179164,53.88206151161208
Tron-o-matic 3 Pro,Atlanta_01,2024-10-10,42.68930758644746,46.13989889174701,49.73253879322245,46.07410919685365
Tron-o-matic 3 Pro,Atlanta_01,2024-10-11,42.678542640456975,46.39629371952524,49.78960659117323,46.12113033797986
Tron-o-matic 3 Pro,Atlanta_01,2024-10-12,43.64825239280063,46.50798509559415,49.32872123453509,46.59539460783501
Tron-o-matic 3 Pro,Atlanta_01,2024-10-13,42.68066239688875,46.5678278741337,49.517597759880026,46.29407957923715
Tron-o-matic 3 Pro,Atlanta_01,2024-10-14,43.773898603955,47.40643537334933,49.731219341369695,46.95090208012905
Tron-o-matic 3 Pro,Atlanta_01,2024-10-15,41.97141889326272,45.828483074142355,50.04275377002258,46.00195584046364
Tron-o-matic 3 Pro,Atlanta_01,2024-10-16,43.165960239329785,46.554790800533446,49.20941794580354,46.35691056823511
Tron-o-matic 3 Pro,Atlanta_01,2024-10-17,42.21712528784492,45.61612685751843,49.27297680909998,45.76923676121973
Tron-o-matic 3 Pro,Atlanta_01,2024-10-18,42.30710173228168,45.573820741077974,49.44761769712553,45.59126149219849
Tron-o-matic 3 Pro,Atlanta_01,2024-10-19,42.79754968102803,45.79795076940308,49.2953013766455,45.93571258268148
Tron-o-matic 3 Pro,Atlanta_01,2024-10-20,61.32427898073184,64.61522806728303,66.79328532961543,64.32781380759147
Tron-o-matic 3 Pro,Atlanta_01,2024-10-21,45.862282862894816,49.49805209922081,52.6773619390904,49.45981579826232
Tron-o-matic 3 Pro,Atlanta_01,2024-10-22,51.170834840070526,54.62108230203706,57.49152180403262,54.3837851615341
Tron-o-matic 3 Pro,Atlanta_01,2024-10-23,53.86966499462507,56.396482464404876,59.132741958746564,56.3170802506008
Tron-o-matic 3 Pro,Atlanta_01,2024-10-24,41.77560797400233,45.311056384216755,48.49766804715871,45.17388583556771
Tron-o-matic 3 Pro,Atlanta_01,2024-10-25,66.92762695875358,70.09498333297066,72.89415222471229,70.0007085811072
Tron-o-matic 3 Pro,Atlanta_01,2024-10-26,46.19543869456167,50.2071096112328,53.62620983644271,50.158540281588806
Tron-o-matic 3 Pro,Atlanta_01,2024-10-27,40.86553629949621,44.59361275506217,47.494210248142224,44.27396263249623
Tron-o-matic 3 Pro,Atlanta_01,2024-10-28,48.78500273603217,51.83061682261459,54.65116716681201,51.67993382934261
Tron-o-matic 3 Pro,Atlanta_01,2024-10-29,40.66271064437585,43.81552508128725,46.92028925024162,43.816539153929114
Tron-o-matic 3 Pro,Atlanta_01,2024-10-30,64.8435660057704,67.86899554306132,71.50863663910697,67.95197641508035
Tron-o-matic 3 Pro,Atlanta_01,2024-10-31,40.4492140219243,43.016699960467825,46.20348247745911,43.19101590305501
Tron-o-matic 3 Pro,Atlanta_01,2024-11-01,51.81079350697455,54.52802191995679,57.56899787830669,54.65129088222172
Tron-o-matic 3 Pro,Atlanta_01,2024-11-02,39.325073620893285,43.224370245629224,46.114677628753356,42.96288393218742
Tron-o-matic 3 Pro,Atlanta_01,2024-11-03,39.36188449730036,42.520201298076124,46.3614228167046,42.84508593479548
Tron-o-matic 3 Pro,Atlanta_01,2024-11-04,39.66044892442361,43.75779947829103,46.23167293909384,43.25267230022651
Tron-o-matic 3 Pro,Atlanta_01,2024-11-05,38.684521488308945,41.83848663506521,45.57116063300607,42.00223418231196
Tron-o-matic 3 Pro,Atlanta_01,2024-11-06,39.353571983290756,42.62039635379935,46.58832309840315,42.63175547746571
Tron-o-matic 3 Pro,Atlanta_01,2024-11-07,38.84461533835491,42.28944964171341,44.9348445998828,41.903630230321795
Tron-o-matic 3 Pro,Atlanta_01,2024-11-08,46.43627580458047,49.960413952287766,52.67795565341126,49.64616790845622
Tron-o-matic 3 Pro,Atlanta_01,2024-11-09,60.627510049783595,64.00368296089783,67.68250584362274,64.08545547083598
Tron-o-matic 3 Pro,Atlanta_01,2024-11-10,38.50407948478279,41.7958671770807,43.92443595150199,41.488046315588335
Tron-o-matic 3 Pro,Atlanta_01,2024-11-11,37.867916150979774,41.34526171980772,44.38448417953181,41.34713148083863
Tron-o-matic 3 Pro,Atlanta_01,2024-11-12,62.51952234897539,65.41504610511357,68.60764851430926,65.4450572528539
Tron-o-matic 3 Pro,Atlanta_01,2024-11-13,38.732108536176455,41.87908924680103,45.55681859281964,41.98428864475766
Tron-o-matic 3 Pro,Atlanta_01,2024-11-14,38.74832122885649,41.74687418012133,44.635661044393,41.69165433609223
Tron-o-matic 3 Pro,Atlanta_01,2024-11-15,38.33374425327695,41.59185309247374,45.33876244066018,41.67672620594667
Tron-o-matic 3 Pro,Atlanta_01,2024-11-16,37.923763439443675,41.248911688070855,43.95320369363994,41.124092426032185
Tron-o-matic 3 Pro,Atlanta_01,2024-11-17,38.133237699707664,40.93625172976103,44.983011224664345,41.18389937605334
Tron-o-matic 3 Pro,Atlanta_01,2024-11-18,46.564847259098336,50.210562957349936,52.45743769968734,49.75914952339356
Tron-o-matic 3 Pro,Atlanta_01,2024-11-19,37.96570837387367,41.658220823366015,44.06521900789985,41.51107033054492
Tron-o-matic 3 Pro,Atlanta_01,2024-11-20,44.46401912039349,48.63183658376166,51.38304456553591,48.36445309078922
Tron-o-matic 3 Pro,Atlanta_01,2024-11-21,57.42578209157793,61.169282446587594,64.67430027365093,61.04624504430476
Tron-o-matic 3 Pro,Atlanta_01,2024-11-22,43.27492405733778,46.95598605397915,49.39579902952777,46.648980340385776
Tron-o-matic 3 Pro,Atlanta_01,2024-11-23,37.58691490286615,41.1508497466393,44.7170565609278,41.230136895237294
Tron-o-matic 3 Pro,Atlanta_01,2024-11-24,37.98961221283622,41.70269185739583,44.81142029520507,41.77843090940483
Tron-o-matic 3 Pro,Atlanta_01,2024-11-25,37.47912981729593,41.76348329099646,44.90044449566084,41.454510906897234
Tron-o-matic 3 Pro,Atlanta_01,2024-11-26,42.921952859971086,46.46919947825456,49.94517872151752,46.406961227130225
Tron-o-matic 3 Pro,Atlanta_01,2024-11-27,58.73250506388587,62.63153241329379,65.57272968933232,62.42905126291771
Tron-o-matic 3 Pro,Atlanta_01,2024-11-28,38.514457447303386,41.62272184661888,44.766979163992325,41.62780982333558
Tron-o-matic 3 Pro,Atlanta_01,2024-11-29,64.33183873774836,67.73252068317255,71.43443464285984,67.79653812367889
Tron-o-matic 3 Pro,Atlanta_01,2024-11-30,38.665256570098066,41.668138849378956,45.49630699664653,41.92102618432006
Tron-o-matic 3 Pro,Atlanta_01,2024-12-01,58.351454131730314,62.0696447434577,65.34657204776443,62.10619599088048
Tron-o-matic 3 Pro,Atlanta_01,2024-12-02,38.43277425204007,42.309879052466336,45.95280774076265,42.07806363577058
Tron-o-matic 3 Pro,Atlanta_01,2024-12-03,38.86819172610257,42.14374032046608,45.05047170679456,42.01118006322233
Tron-o-matic 3 Pro,Atlanta_01,2024-12-04,55.62917743531587,59.03219032396862,62.31671358407633,59.04042197077784
Tron-o-matic 3 Pro,Atlanta_01,2024-12-05,38.766456850991624,42.0663318387474,45.63113519933084,42.062074203673646
Tron-o-matic 3 Pro,Atlanta_01,2024-12-06,38.08121567150623,41.86726487506392,45.376626945876666,41.777144807700864
Tron-o-matic 3 Pro,Atlanta_01,2024-12-07,42.642674742304926,46.71523270262301,49.65973016097133,46.422907179838774
Tron-o-matic 3 Pro,Atlanta_01,2024-12-08,63.93082960278944,67.16596321490816,69.68872333733468,66.95059159975932
Tron-o-matic 3 Pro,Atlanta_01,2024-12-09,39.29610437716878,42.60926305410889,46.41651411152858,42.603594531052565
Tron-o-matic 3 Pro,Atlanta_01,2024-12-10,56.72190088127224,60.03403296904887,62.78059406136104,60.075264333496214
Tron-o-matic 3 Pro,Atlanta_01,2024-12-11,38.39607937151123,41.784751170226095,46.312868684750235,42.11247592891884
Tron-o-matic 3 Pro,Atlanta_01,2024-12-12,39.045178244220466,42.19296469178584,45.18714061652881,42.19141390462313
Tron-o-matic 3 Pro,Atlanta_01,2024-12-13,47.40159085314696,50.64900473337729,54.08052856430788,50.64853797225877
Tron-o-matic 3 Pro,Atlanta_01,2024-12-14,39.001292513268055,41.935116306551954,45.61431919886404,42.138011759801905
Tron-o-matic 3 Pro,Atlanta_01,2024-12-15,63.6099887715596,66.4665490133347,69.4461186455949,66.56906368415974
Tron-o-matic 3 Pro,Atlanta_01,2024-12-16,43.24217350008084,46.662486791884376,50.51729848719546,46.858315760744944
Tron-o-matic 3 Pro,Atlanta_01,2024-12-17,38.07519771866201,41.93177801399201,44.525836393712666,41.73498996120975
Tron-o-matic 3 Pro,Atlanta_01,2024-12-18,43.45932110890327,47.15213368819122,49.84907197986398,46.88522209091353
Tron-o-matic 3 Pro,Atlanta_01,2024-12-19,48.49620152727582,52.18538604489057,56.33893622338377,52.25393816708045
Tron-o-matic 3 Pro,Atlanta_01,2024-12-20,39.35043609310762,42.39598522608303,45.93704045767143,42.57320787768204
Tron-o-matic 3 Pro,Atlanta_01,2024-12-21,50.31417020956978,53.8404922870476,57.10184343349951,53.87878096238615
Tron-o-matic 3 Pro,Atlanta_01,2024-12-22,64.66968510456232,67.61427406379714,71.02090456936558,67.68694001580991
Tron-o-matic 3 Pro,Atlanta_01,2024-12-23,50.340450659737705,53.71134126542332,57.17474988311481,53.64786086275614
Tron-o-matic 3 Pro,Atlanta_01,2024-12-24,39.25654258441239,42.798303873974554,45.69914303922231,42.49130869876547
Tron-o-matic 3 Pro,Atlanta_01,2024-12-25,39.13667184797652,42.81844352128494,46.022970010763665,42.74288833302985
Tron-o-matic 3 Pro,Atlanta_01,2024-12-26,38.81953841646447,42.24876173073328,45.68429208878736,42.15617740899982
Tron-o-matic 3 Pro,Atlanta_01,2024-12-27,39.72690732471018,42.510952081371684,45.77591943215091,42.628108648413146
Tron-o-matic 3 Pro,Atlanta_01,2024-12-28,39.04738771810042,43.077757777158105,46.222534297201456,42.937703665814404
Tron-o-matic 3 Pro,Atlanta_01,2024-12-29,46.177037342977876,50.04369682276091,53.132350743210054,49.73790457179683
Tron-o-matic 3 Pro,Atlanta_01,2024-12-30,39.84810520096311,42.749273081157796,46.31022620503302,43.07009214962724
Tron-o-matic 3 Pro,Atlanta_01,2024-12-31,45.70243528030819,49.22099020989313,52.13670341754931,48.973509988459654
Tron-o-matic 3 Pro,Online_Store,2024-10-01,1359.103208679325,1463.3314542277267,1570.8036326520642,1462.5112382971142
Tron-o-matic 3 Pro,Online_Store,2024-10-02,1422.1739019657239,1493.3077034473874,1576.7360925436492,1494.8801195600283
Tron-o-matic 3 Pro,Online_Store,2024-10-03,1394.3920950983363,1475.367459648012,1598.5374083868285,1491.2120678652202
Tron-o-matic 3 Pro,Online_Store,2024-10-04,2087.0964562451622,2189.272715521593,2293.8725999474477,2194.7819082439228
Tron-o-matic 3 Pro,Online_Store,2024-10-05,1390.209414898142,1471.6834549004798,1577.6309553083463,1478.2075786120272
Tron-o-matic 3 Pro,Online_Store,2024-10-06,1399.4917712238434,1471.8060837457463,1594.006275710654,1490.7065707970448
Tron-o-matic 3 Pro,Online_Store,2024-10-07,1579.3469539939508,1660.3496205559306,1741.3335807735587,1658.4403116693397
Tron-o-matic 3 Pro,Online_Store,2024-10-08,1404.2998017009559,1499.249355122451,1580.0362543731608,1490.8226345356495
Tron-o-matic 3 Pro,Online_Store,2024-10-09,1615.8400924258294,1723.475628266098,1817.9275520090616,1718.621195616482
Tron-o-matic 3 Pro,Online_Store,2024-10-10,1392.8657816319414,1490.0359581412908,1573.653684109571,1488.5446701672536
Tron-o-matic 3 Pro,Online_Store,2024-10-11,1401.1594931152804,1478.3161968448132,1577.163876384712,1479.763317274354
Tron-o-matic 3 Pro,Online_Store,2024-10-12,1398.1470694704576,1498.85125561349,1602.9724959381017,1495.1441034830013
Tron-o-matic 3 Pro,Online_Store,2024-10-13,1379.211457464166,1486.9789021517217,1572.8198722029056,1481.0023358525318
Tron-o-matic 3 Pro,Online_Store,2024-10-14,1380.1598203690742,1482.4359000817642,1569.3064026227096,1479.5451712237582
Tron-o-matic 3 Pro,Online_Store,2024-10-15,1388.094523974563,1470.0811328401076,1573.754242970412,1473.54790974789
Tron-o-matic 3 Pro,Online_Store,2024-10-16,1389.1796819925107,1476.7416180766568,1594.6873003683531,1485.9418926940705
Tron-o-matic 3 Pro,Online_Store,2024-10-17,1355.0919569016935,1460.074338395365,1559.1630050696995,1457.8746790100965
Tron-o-matic 3 Pro,Online_Store,2024-10-18,1364.0730403059536,1452.1389208372364,1543.6040544386185,1452.3679230895548
Tron-o-matic 3 Pro,Online_Store,2024-10-19,1371.8247751034667,1469.8792978733404,1564.0815933687416,1467.0535652866872
Tron-o-matic 3 Pro,Online_Store,2024-10-20,1958.4033294239225,2048.2294948204644,2146.6614235912016,2046.6115244514895
Tron-o-matic 3 Pro,Online_Store,2024-10-21,1513.7103870142437,1589.1950094968458,1676.2502066441346,1591.808065840102
Tron-o-matic 3 Pro,Online_Store,2024-10-22,1634.9157249913937,1725.9109216695376,1833.3790636618317,1729.0123083434407
Tron-o-matic 3 Pro,Online_Store,2024-10-23,1721.561713224381,1804.8686770122706,1896.1806046816569,1808.6933571502786
Tron-o-matic 3 Pro,Online_Store,2024-10-24,1340.205698031277,1439.3475973732582,1543.682775315517,1444.1701162624074
Tron-o-matic 3 Pro,Online_Store,2024-10-25,2120.7900722876357,2225.8620259975023,2327.9238902072366,2222.014557066466
Tron-o-matic 3 Pro,Online_Store,2024-10-26,1505.5980530341556,1634.0325066302946,1725.4252169783026,1622.29307150782
Tron-o-matic 3 Pro,Online_Store,2024-10-27,1337.3624232343864,1421.2008938021568,1511.478269150915,1421.4625145148907
Tron-o-matic 3 Pro,Online_Store,2024-10-28,1561.9895432871429,1655.7499415161847,1758.1799265311574,1657.01949176466
Tron-o-matic 3 Pro,Online_Store,2024-10-29,1280.818378044971,1402.0970693673348,1504.952917264038,1396.1333262827914
Tron-o-matic 3 Pro,Online_Store,2024-10-30,2075.23457099732,2181.3963999425237,2246.4590679443468,2170.5785509841016
Tron-o-matic 3 Pro,Online_Store,2024-10-31,1308.0168004605298,1403.8310598650057,1500.2785123787214,1399.7874160419713
Tron-o-matic 3 Pro,Online_Store,2024-11-01,1648.8657652563707,1733.271251529809,1831.819818951154,1733.2970394877796
Tron-o-matic 3 Pro,Online_Store,2024-11-02,1288.613497412221,1396.0605862286177,1495.5479802552768,1396.5306683051967
Tron-o-matic 3 Pro,Online_Store,2024-11-03,1276.7561661713269,1363.49864487878,1464.6166562513213,1364.5554099423543
Tron-o-matic 3 Pro,Online_Store,2024-11-04,1263.9096220136305,1378.4358803165317,1474.0403031311364,1372.7730593745562
Tron-o-matic 3 Pro,Online_Store,2024-11-05,1268.1165881341676,1356.6463271907446,1451.4224743529007,1352.4154568791062
Tron-o-matic 3 Pro,Online_Store,2024-11-06,1275.8623214737934,1363.5067900454915,1452.558425791401,1362.4172323784164
Tron-o-matic 3 Pro,Online_Store,2024-11-07,1265.441675887316,1351.3416220741005,1432.91430312788,1350.3904636945329
Tron-o-matic 3 Pro,Online_Store,2024-11-08,1498.2643336609412,1591.437403472018,1682.324736617678,1585.1000997178523
Tron-o-matic 3 Pro,Online_Store,2024-11-09,1956.7862958597443,2054.1178511574476,2132.5323134881924,2049.8576421271287
Tron-o-matic 3 Pro,Online_Store,2024-11-10,1260.5490236122846,1351.7753876028873,1435.0498151260078,1344.15421267911
Tron-o-matic 3 Pro,Online_Store,2024-11-11,1231.788606221824,1329.7696269022617,1457.206207528512,1334.4042579224704
Tron-o-matic 3 Pro,Online_Store,2024-11-12,2004.7749231217517,2106.494257466103,2196.812944878954,2097.0810023002236
Tron-o-matic 3 Pro,Online_Store,2024-11-13,1242.7877240948224,1334.7433715224088,1426.637115651081,1332.2834670241673
Tron-o-matic 3 Pro,Online_Store,2024-11-14,1212.5064461797183,1323.1317648049633,1406.3978204627083,1318.3200324404877
Tron-o-matic 3 Pro,Online_Store,2024-11-15,1224.023206318993,1329.6427459924373,1423.5154097639038,1326.0485883675738
Tron-o-matic 3 Pro,Online_Store,2024-11-16,1248.147964659698,1336.615395463119,1410.18151405085,1330.556589795532
Tron-o-matic 3 Pro,Online_Store,2024-11-17,1231.6981646958702,1329.3746221697334,1419.4861409736125,1328.1162449344833
Tron-o-matic 3 Pro,Online_Store,2024-11-18,1518.7094143726476,1600.4432290724878,1694.4158777164782,1603.6836739890794
Tron-o-matic 3 Pro,Online_Store,2024-11-19,1229.0531015772451,1321.5780275842658,1438.908581742849,1327.5531693485868
Tron-o-matic 3 Pro,Online_Store,2024-11-20,1463.2399187645462,1569.8266587146477,1657.6827024226136,1560.386734855609
Tron-o-matic 3 Pro,Online_Store,2024-11-21,1859.239782880961,1972.502281089686,2076.803618063681,1974.987225774531
Tron-o-matic 3 Pro,Online_Store,2024-11-22,1383.6285307502221,1480.1003463862892,1569.1024641525833,1477.028619614117
Tron-o-matic 3 Pro,Online_Store,2024-11-23,1244.473987877053,1356.2261063628318,1459.32568282747,1347.7918300342708
Tron-o-matic 3 Pro,Online_Store,2024-11-24,1240.7289488930028,1334.6462252624224,1448.3320067358952,1336.4381339350512
Tron-o-matic 3 Pro,Online_Store,2024-11-25,1232.2003791909458,1345.8715309697395,1442.4221974597294,1346.3053173658595
Tron-o-matic 3 Pro,Online_Store,2024-11-26,1401.377208282544,1498.1191807621458,1593.4374793615555,1500.8343718336407
Tron-o-matic 3 Pro,Online_Store,2024-11-27,1907.1298804142039,1988.7786269230694,2101.6262893356993,1994.051353558794
Tron-o-matic 3 Pro,Online_Store,2024-11-28,1245.3773906648007,1343.8173129396284,1450.7613440768428,1350.8337174541
Tron-o-matic 3 Pro,Online_Store,2024-11-29,2049.3191068822944,2128.835758197456,2231.0899206880877,2137.584580215436
Tron-o-matic 3 Pro,Online_Store,2024-11-30,1248.4584420874403,1362.2437813931779,1458.5911017352557,1361.0687121221217
Tron-o-matic 3 Pro,Online_Store,2024-12-01,1897.8608159354285,1982.6027440122352,2090.7191051621785,1987.1902020504679
Tron-o-matic 3 Pro,Online_Store,2024-12-02,1261.4328044382712,1364.3682960553929,1451.313835054239,1355.802109211229
Tron-o-matic 3 Pro,Online_Store,2024-12-03,1246.224870303272,1339.9850534034003,1430.2064079641334,1337.4693360463175
Tron-o-matic 3 Pro,Online_Store,2024-12-04,1790.9499480439436,1888.5606077491288,1979.7597220285527,1885.0215947440956
Tron-o-matic 3 Pro,Online_Store,2024-12-05,1259.094416177186,1363.2595640414927,1448.2878744978211,1353.2578937385604
Tron-o-matic 3 Pro,Online_Store,2024-12-06,1242.1644015377544,1341.186616150667,1432.6396039660983,1348.5857086903357
Tron-o-matic 3 Pro,Online_Store,2024-12-07,1379.5678907667448,1472.8388588336989,1563.1993147755777,1473.2331941434077
Tron-o-matic 3 Pro,Online_Store,2024-12-08,2052.387712581143,2140.5055754723167,2224.965985767382,2142.8434350572065
Tron-o-matic 3 Pro,Online_Store,2024-12-09,1275.6916530863755,1349.6472069793863,1433.6337723226493,1352.164856369664
Tron-o-matic 3 Pro,Online_Store,2024-12-10,1817.723139387221,1903.4026775597436,2009.0440112831486,1909.3798194242504
Tron-o-matic 3 Pro,Online_Store,2024-12-11,1232.219500778288,1356.910249823141,1437.1598139616583,1346.8210423540054
Tron-o-matic 3 Pro,Online_Store,2024-12-12,1240.2645907212666,1334.4814221136905,1440.35121818198,1339.1056167792856
Tron-o-matic 3 Pro,Online_Store,2024-12-13,1533.8190985651083,1614.5577200165503,1696.967559168854,1614.2583300473066
Tron-o-matic 3 Pro,Online_Store,2024-12-14,1236.580530927214,1361.697874212798,1438.8405390810444,1349.143233780088
Tron-o-matic 3 Pro,Online_Store,2024-12-15,2014.7556501876797,2115.0077002792245,2203.6796786538957,2111.856921504425
Tron-o-matic 3 Pro,Online_Store,2024-12-16,1378.9233896522537,1459.107349195427,1579.0939666988202,1469.3612077707824
Tron-o-matic 3 Pro,Online_Store,2024-12-17,1245.5131805226977,1343.1741170191406,1451.20370081726,1346.8106272923264
Tron-o-matic 3 Pro,Online_Store,2024-12-18,1390.0495010812997,1488.6739358434977,1602.4557723911546,1491.3256577669351
Tron-o-matic 3 Pro,Online_Store,2024-12-19,1568.3966714992443,1676.9032693220458,1765.949823071912,1667.1585655250842
Tron-o-matic 3 Pro,Online_Store,2024-12-20,1234.6140172411592,1324.83308669925,1410.4972479189241,1321.638532381916
Tron-o-matic 3 Pro,Online_Store,2024-12-21,1580.31107452048,1705.5140706244308,1795.7422399614543,1692.372960180803
Tron-o-matic 3 Pro,Online_Store,2024-12-22,2025.2199988683265,2139.6861291785644,2245.784619865485,2135.482388941763
Tron-o-matic 3 Pro,Online_Store,2024-12-23,1598.4133287301538,1714.5682589417186,1810.5680576068291,1706.9530684928231
Tron-o-matic 3 Pro,Online_Store,2024-12-24,1236.2514219501636,1344.1520281567543,1417.7003350730183,1334.8388798332921
Tron-o-matic 3 Pro,Online_Store,2024-12-25,1250.0325869104215,1344.3279912339804,1436.8632095433318,1342.6552730453604
Tron-o-matic 3 Pro,Online_Store,2024-12-26,1251.9055895851666,1360.7530046725888,1439.3064558785493,1352.9918297930876
Tron-o-matic 3 Pro,Online_Store,2024-12-27,1256.4773096373065,1354.0164838797782,1442.25589920534,1356.3376332800806
Tron-o-matic 3 Pro,Online_Store,2024-12-28,1282.1314148894792,1353.835439194885,1451.4540676894803,1360.5269275289602
Tron-o-matic 3 Pro,Online_Store,2024-12-29,1468.5626113348117,1566.3823147500848,1658.9791232459604,1563.3298765574855
Tron-o-matic 3 Pro,Online_Store,2024-12-30,1258.3735617925693,1370.911657592077,1451.0913053540717,1363.175585487271
Tron-o-matic 3 Pro,Online_Store,2024-12-31,1468.8935790269122,1563.5140668849435,1650.4182542646274,1566.764599574843
Tron-o-matic 3 Pro,Philadelphia_01,2024-10-01,42.765821070367316,45.85739423151438,49.273791526221025,46.056153100208306
Tron-o-matic 3 Pro,Philadelphia_01,2024-10-02,42.93574899043469,45.71461559014004,49.55883066738215,45.90575132787804
Tron-o-matic 3 Pro,Philadelphia_01,2024-10-03,43.07883379345111,46.44064606826854,49.62417401315172,46.35486707875145
Tron-o-matic 3 Pro,Philadelphia_01,2024-10-04,65.65897796336192,68.25041206569591,72.07457000684124,68.63307734715117
Tron-o-matic 3 Pro,Philadelphia_01,2024-10-05,42.436320576031854,45.71813500898197,48.54390589988128,45.6304385654278
Tron-o-matic 3 Pro,Philadelphia_01,2024-10-06,42.1178054499526,45.650826017730395,48.24017277820496,45.46678189809309
Tron-o-matic 3 Pro,Philadelphia_01,2024-10-07,47.632695590969476,51.36956830753936,54.09540112959374,50.99284282919446
Tron-o-matic 3 Pro,Philadelphia_01,2024-10-08,42.89056840455543,45.80646439699391,48.676815810914604,45.82792318363739
Tron-o-matic 3 Pro,Philadelphia_01,2024-10-09,49.4458756214372,53.37758130098443,57.10873785233442,53.418945728456016
Tron-o-matic 3 Pro,Philadelphia_01,2024-10-10,42.49970156254149,45.37033786085962,48.81804490199087,45.64754934472756
Tron-o-matic 3 Pro,Philadelphia_01,2024-10-11,42.26092315639162,45.768791664917266,49.10465084989822,45.848218957340876
Tron-o-matic 3 Pro,Philadelphia_01,2024-10-12,42.860330995185954,45.62054495926519,49.35634656912637,45.86506416758047
Tron-o-matic 3 Pro,Philadelphia_01,2024-10-13,42.1920111625047,45.67102423630945,48.46757281569648,45.42048378963955
Tron-o-matic 3 Pro,Philadelphia_01,2024-10-14,42.69838508201785,45.45775210851327,48.29965797687401,45.42675219328595
Tron-o-matic 3 Pro,Philadelphia_01,2024-10-15,42.20315362859993,45.378910678417256,49.021162529665794,45.47878676721802
Tron-o-matic 3 Pro,Philadelphia_01,2024-10-16,42.081878673852,45.37533075544401,48.963260340581684,45.506014113645186
Tron-o-matic 3 Pro,Philadelphia_01,2024-10-17,42.59608528440044,45.61415927397788,49.364518929061575,45.65400641261271
Tron-o-matic 3 Pro,Philadelphia_01,2024-10-18,42.0760987633846,45.77870917980173,49.19635844301023,45.669670973381265
Tron-o-matic 3 Pro,Philadelphia_01,2024-10-19,43.11221702181905,45.29158604712238,48.29639097025629,45.54162602509557
Tron-o-matic 3 Pro,Philadelphia_01,2024-10-20,60.42256145927864,64.13925695263002,67.46075285020419,64.08127799500305
Tron-o-matic 3 Pro,Philadelphia_01,2024-10-21,46.04155407927151,48.89663619509321,51.27196955214412,48.91657624146676
Tron-o-matic 3 Pro,Philadelphia_01,2024-10-22,51.16655845413483,53.885666846539095,56.99508247007403,53.80236088863149
Tron-o-matic 3 Pro,Philadelphia_01,2024-10-23,52.07739320350534,55.36795847879594,58.89468318506059,55.43205417538159
Tron-o-matic 3 Pro,Philadelphia_01,2024-10-24,41.52375300055708,44.55511228701762,48.86445827537063,44.81864082250767
Tron-o-matic 3 Pro,Philadelphia_01,2024-10-25,65.42145514158142,69.07396221520256,72.55222504131649,68.86577380670697
Tron-o-matic 3 Pro,Philadelphia_01,2024-10-26,46.63433108787929,50.257683704938806,53.39258474059494,50.11906583536978
Tron-o-matic 3 Pro,Philadelphia_01,2024-10-27,40.66045681057387,44.09178964503689,47.36961349704764,44.100792570712855
Tron-o-matic 3 Pro,Philadelphia_01,2024-10-28,48.14098535443777,51.4671942833648,54.56584980789975,51.416419343093246
Tron-o-matic 3 Pro,Philadelphia_01,2024-10-29,40.70722009727759,43.83869707248377,47.787045213934285,44.02142644112721
Tron-o-matic 3 Pro,Philadelphia_01,2024-10-30,63.917752711298775,67.48830025035257,71.04467297736852,67.37884024315369
Tron-o-matic 3 Pro,Philadelphia_01,2024-10-31,40.34837621045519,43.41034309644779,45.922601839834925,43.18401032951991
Tron-o-matic 3 Pro,Philadelphia_01,2024-11-01,50.685268678347626,53.83664916053543,58.73508569333139,54.231152771866526
Tron-o-matic 3 Pro,Philadelphia_01,2024-11-02,40.33071813559427,43.045663172347055,46.10351554556064,43.18655098932936
Tron-o-matic 3 Pro,Philadelphia_01,2024-11-03,39.438333282934224,42.73665270671938,46.6591791635075,42.89060948016526
Tron-o-matic 3 Pro,Philadelphia_01,2024-11-04,39.554289909972425,42.25079723202022,45.96588405839296,42.60668780916625
Tron-o-matic 3 Pro,Philadelphia_01,2024-11-05,38.848094980661536,42.94621529149839,46.39968180539085,42.8202914075591
Tron-o-matic 3 Pro,Philadelphia_01,2024-11-06,39.16087483649417,42.66792224308953,46.03612151088034,42.593668378866475
Tron-o-matic 3 Pro,Philadelphia_01,2024-11-07,39.17209225511287,42.35385451364452,45.352103073789415,42.254014937231204
Tron-o-matic 3 Pro,Philadelphia_01,2024-11-08,46.7658227202255,49.70591356571802,53.186084753703256,49.8132191897173
Tron-o-matic 3 Pro,Philadelphia_01,2024-11-09,60.78725488262256,64.13659906322805,67.1704560283763,63.98097104426276
Tron-o-matic 3 Pro,Philadelphia_01,2024-11-10,38.26568405242102,41.657308730826415,44.821483675674095,41.66724917338944
Tron-o-matic 3 Pro,Philadelphia_01,2024-11-11,38.18960043238889,41.42648869449777,44.513172000470114,41.36452542607592
Tron-o-matic 3 Pro,Philadelphia_01,2024-11-12,62.91320031771096,65.95386002115872,68.74931195016708,65.76471586239819
Tron-o-matic 3 Pro,Philadelphia_01,2024-11-13,38.6719038579234,41.64400161697542,44.96902102525239,41.79685987612211
Tron-o-matic 3 Pro,Philadelphia_01,2024-11-14,38.595797197195,41.39826688296732,44.17197571247051,41.39695451234812
Tron-o-matic 3 Pro,Philadelphia_01,2024-11-15,38.28319292291556,41.51287758671266,45.329315850597304,41.67984347786332
Tron-o-matic 3 Pro,Philadelphia_01,2024-11-16,38.28032043548391,41.8335064375207,44.66961996974676,41.83061270158532
Tron-o-matic 3 Pro,Philadelphia_01,2024-11-17,38.46494552865364,41.42176261260856,44.64815305769935,41.53199807441013
Tron-o-matic 3 Pro,Philadelphia_01,2024-11-18,47.075863518281736,49.81996855257809,53.80143876655002,50.149594451638905
Tron-o-matic 3 Pro,Philadelphia_01,2024-11-19,38.41680275238988,41.56726937300018,44.83494866701967,41.65283868970887
Tron-o-matic 3 Pro,Philadelphia_01,2024-11-20,44.56350527458586,48.303859658607706,51.90521371508602,48.109929857384905
Tron-o-matic 3 Pro,Philadelphia_01,2024-11-21,58.384685983665314,61.27633083891249,64.72063626440533,61.26095849287873
Tron-o-matic 3 Pro,Philadelphia_01,2024-11-22,43.03591371832898,46.235242877223556,48.75432684033341,46.098284825716156
Tron-o-matic 3 Pro,Philadelphia_01,2024-11-23,39.087987233831164,42.077033196599004,44.37649960000846,41.76587676125345
Tron-o-matic 3 Pro,Philadelphia_01,2024-11-24,38.90507099924309,41.873486029028115,44.678975244019675,41.78157326541889
Tron-o-matic 3 Pro,Philadelphia_01,2024-11-25,38.799764043983444,42.08572458452777,44.358436424155414,41.67727764023835
Tron-o-matic 3 Pro,Philadelphia_01,2024-11-26,44.05698049558899,46.802838005109315,50.877405165559956,47.25516267465334
Tron-o-matic 3 Pro,Philadelphia_01,2024-11-27,59.69028836342374,62.38424696418928,65.26969102173112,62.411144860476
Tron-o-matic 3 Pro,Philadelphia_01,2024-11-28,38.00632363086732,41.58685599583303,45.105014896476796,41.46854751146374
Tron-o-matic 3 Pro,Philadelphia_01,2024-11-29,62.988419655917845,66.758056619139,69.7426332606444,66.5757541396142
Tron-o-matic 3 Pro,Philadelphia_01,2024-11-30,38.9953101442261,42.767272971169625,45.699689950563,42.50218861523619
Tron-o-matic 3 Pro,Philadelphia_01,2024-12-01,59.11712483275821,62.17097838301903,65.22923919793573,62.177920831979534
Tron-o-matic 3 Pro,Philadelphia_01,2024-12-02,38.78333568888626,42.14079571293329,44.87833508650559,41.93706513943217
Tron-o-matic 3 Pro,Philadelphia_01,2024-12-03,38.496247566643504,41.6271944921621,45.51496687051464,41.869141388779525
Tron-o-matic 3 Pro,Philadelphia_01,2024-12-04,54.50152162475485,57.83793630005722,61.467324774393674,57.971704401540954
Tron-o-matic 3 Pro,Philadelphia_01,2024-12-05,38.44883131608548,41.88888408225752,44.514211114023816,41.70268989734816
Tron-o-matic 3 Pro,Philadelphia_01,2024-12-06,38.53723451203747,41.82684780383879,45.030175416771684,41.853147134878775
Tron-o-matic 3 Pro,Philadelphia_01,2024-12-07,42.611916615542015,46.607522238129135,49.247629488037944,46.124179041183524
Tron-o-matic 3 Pro,Philadelphia_01,2024-12-08,62.88394314889615,66.24981228365795,69.40629888445653,66.20499958988798
Tron-o-matic 3 Pro,Philadelphia_01,2024-12-09,38.9122855543423,41.75738009900963,44.179342877290054,41.68561528298332
Tron-o-matic 3 Pro,Philadelphia_01,2024-12-10,56.27206459428185,59.97465432248441,62.67527243302137,59.81626180795014
Tron-o-matic 3 Pro,Philadelphia_01,2024-12-11,38.58078448990245,41.844942856827885,45.18708100627753,41.742401888539774
Tron-o-matic 3 Pro,Philadelphia_01,2024-12-12,39.00495717514724,41.82944502189137,44.782386714147734,41.78212099063467
Tron-o-matic 3 Pro,Philadelphia_01,2024-12-13,47.126222523819614,50.17040241565517,52.671721546323234,49.93445805197528
Tron-o-matic 3 Pro,Philadelphia_01,2024-12-14,38.64141043501691,41.960812165214804,45.05018115847323,41.84314325831205
Tron-o-matic 3 Pro,Philadelphia_01,2024-12-15,62.67964656003125,65.49656683984972,69.15185140002639,65.53669795196761
Tron-o-matic 3 Pro,Philadelphia_01,2024-12-16,42.502024873769834,45.412132257748496,48.465489649867436,45.40369982084778
Tron-o-matic 3 Pro,Philadelphia_01,2024-12-17,38.52726047315566,41.1113519276365,44.893911658203876,41.331549846948604
Tron-o-matic 3 Pro,Philadelphia_01,2024-12-18,42.18758485934296,45.30128063285836,48.801856918467394,45.368336094759606
Tron-o-matic 3 Pro,Philadelphia_01,2024-12-19,48.426301609789405,51.37213816380747,55.71851233917804,51.654910156372765
Tron-o-matic 3 Pro,Philadelphia_01,2024-12-20,37.93719041635079,41.68958511234206,45.99098932778772,41.69021277472732
Tron-o-matic 3 Pro,Philadelphia_01,2024-12-21,48.98822160180745,52.33954673915787,55.066401860308694,52.23544421230893
Tron-o-matic 3 Pro,Philadelphia_01,2024-12-22,63.38093475915641,66.02513667272392,69.00702683309856,66.17367104230578
Tron-o-matic 3 Pro,Philadelphia_01,2024-12-23,49.26890810582291,52.55676186333435,55.271720776963726,52.30098098699541
Tron-o-matic 3 Pro,Philadelphia_01,2024-12-24,38.267256812395004,41.72818921134914,44.54647112111007,41.534065867420885
Tron-o-matic 3 Pro,Philadelphia_01,2024-12-25,38.534374202618785,41.21618919992296,44.60583519565476,41.39126583199609
Tron-o-matic 3 Pro,Philadelphia_01,2024-12-26,38.81406724439751,42.05547819975339,44.94808947429797,41.90797605056417
Tron-o-matic 3 Pro,Philadelphia_01,2024-12-27,38.53936289166811,41.804172483953955,45.50439444491443,42.00201182326559
Tron-o-matic 3 Pro,Philadelphia_01,2024-12-28,38.78891228317132,41.99712770204032,46.72848939440786,42.319809534088506
Tron-o-matic 3 Pro,Philadelphia_01,2024-12-29,45.70575790537668,49.00199142519541,51.9072999070449,48.960664941246776
Tron-o-matic 3 Pro,Philadelphia_01,2024-12-30,38.92007313756598,42.458076558679416,45.502519034988545,42.34318974597166
Tron-o-matic 3 Pro,Philadelphia_01,2024-12-31,45.04004393634672,48.9913471930137,51.62495235106249,48.64560433016516
Tron-o-matic 3,Dallas_01,2024-10-01,149.98949848346922,164.91540078638792,178.95413929973776,164.80333736577666
Tron-o-matic 3,Dallas_01,2024-10-02,152.09272674301022,165.36005824805446,178.8437272164434,165.29663001215965
Tron-o-matic 3,Dallas_01,2024-10-03,154.8704916886543,167.16587109895482,179.39193572768093,167.34020594840945
Tron-o-matic 3,Dallas_01,2024-10-04,151.7356918907237,167.31340003332178,177.6602679945523,165.9396253823561
Tron-o-matic 3,Dallas_01,2024-10-05,152.54056560244666,165.54045482314655,179.54248276875612,166.15217952848477
Tron-o-matic 3,Dallas_01,2024-10-06,151.7446757840376,163.4098742593559,177.65432069744492,163.68666974851922
Tron-o-matic 3,Dallas_01,2024-10-07,152.5624055563342,166.23359663556627,181.46566584197527,166.02060557780246
Tron-o-matic 3,Dallas_01,2024-10-08,154.70847464710502,163.90492103520933,178.66418425348013,165.14508514513633
Tron-o-matic 3,Dallas_01,2024-10-09,185.2490301375693,196.5456813633336,211.4808234365448,197.57542495544214
Tron-o-matic 3,Dallas_01,2024-10-10,205.27278370212707,215.35371708861447,230.74238624398052,216.41289920256392
Tron-o-matic 3,Dallas_01,2024-10-11,269.3989170597381,280.25760843463496,293.9261046182371,280.8012198275004
Tron-o-matic 3,Dallas_01,2024-10-12,152.39498054302464,166.35264979963804,178.652196321554,165.89429769095815
Tron-o-matic 3,Dallas_01,2024-10-13,149.55954008341007,162.0083053709079,176.43373938392716,162.45251476496517
Tron-o-matic 3,Dallas_01,2024-10-14,276.9002875620798,287.91046661450315,301.33296087000787,288.71882944336875
Tron-o-matic 3,Dallas_01,2024-10-15,242.91269977358016,254.48581019472354,266.657576086646,254.41048028531452
Tron-o-matic 3,Dallas_01,2024-10-16,247.5448553546598,260.7231011576676,271.7985553516979,260.04433719623046
Tron-o-matic 3,Dallas_01,2024-10-17,150.57664230022021,162.6072173821101,177.06587756905995,163.0482208393785
Tron-o-matic 3,Dallas_01,2024-10-18,270.96437027013167,284.72909836421326,295.50053054495214,283.9232474847589
Tron-o-matic 3,Dallas_01,2024-10-19,257.35688092539226,273.4273577782888,286.82222865192585,272.62685096181974
Tron-o-matic 3,Dallas_01,2024-10-20,146.00184409925197,160.7899130275083,177.3454344310449,160.50197583837954
Tron-o-matic 3,Dallas_01,2024-10-21,193.03210522665793,204.73666766287127,220.07688329339862,205.5563863900049
Tron-o-matic 3,Dallas_01,2024-10-22,145.5890690431097,160.7397074943471,175.81714116026203,160.2478039951878
Tron-o-matic 3,Dallas_01,2024-10-23,145.8774922346797,160.32883164071774,172.30088460758574,159.7411994755101
Tron-o-matic 3,Dallas_01,2024-10-24,142.7075171144241,157.89813165849216,175.01329111533119,158.1477993220837
Tron-o-matic 3,Dallas_01,2024-10-25,147.14009009860402,157.50167077194885,170.72084741931715,158.19697160710493
Tron-o-matic 3,Dallas_01,2024-10-26,166.39454694252674,176.345699005377,190.17967027387576,177.0374482878529
Tron-o-matic 3,Dallas_01,2024-10-27,200.94936474609364,213.73852430121426,226.48426414746757,213.00459663206
Tron-o-matic 3,Dallas_01,2024-10-28,198.7671484788863,214.43882063379831,223.06704499879046,213.0035805103122
Tron-o-matic 3,Dallas_01,2024-10-29,186.06073413411684,196.64380645139101,208.70932906273578,196.71796760953956
Tron-o-matic 3,Dallas_01,2024-10-30,269.43382249724937,281.73471837267016,295.5324745188264,282.84115102836245
Tron-o-matic 3,Dallas_01,2024-10-31,180.71470280317854,192.6275790974875,205.33880550123246,192.35357785933385
Tron-o-matic 3,Dallas_01,2024-11-01,195.70651050685913,208.1571588342456,221.63070901190326,208.3816290661138
Tron-o-matic 3,Dallas_01,2024-11-02,143.01747558488995,155.34384921601963,168.73148076081375,155.32922620856002
Tron-o-matic 3,Dallas_01,2024-11-03,139.83417745295657,151.23947769650317,165.97674033633223,151.99919102536916
Tron-o-matic 3,Dallas_01,2024-11-04,137.48323910850712,152.96676338030977,165.87097271593723,152.78133302875187
Tron-o-matic 3,Dallas_01,2024-11-05,140.57365446210727,151.76663539602896,165.2922879487896,151.91251744649594
Tron-o-matic 3,Dallas_01,2024-11-06,137.1203281817751,151.7789654654993,164.1987748107369,150.84173775048387
Tron-o-matic 3,Dallas_01,2024-11-07,134.7939116513581,154.34535558901453,165.61230035031036,151.8228031731394
Tron-o-matic 3,Dallas_01,2024-11-08,140.3519894995438,152.4322317617392,165.49091817192507,152.12928866120936
Tron-o-matic 3,Dallas_01,2024-11-09,140.90064584512012,152.46524391867402,166.2344760454864,152.51585124600302
Tron-o-matic 3,Dallas_01,2024-11-10,132.80770670628067,147.88752830016762,161.844129235729,147.6395777518199
Tron-o-matic 3,Dallas_01,2024-11-11,138.10132437737965,149.96745028988607,165.03939554722672,150.25689163374273
Tron-o-matic 3,Dallas_01,2024-11-12,132.25481354568552,148.26453261449262,160.7888800338846,147.25231375788118
Tron-o-matic 3,Dallas_01,2024-11-13,133.1961270526963,148.7669364990891,164.31860814004534,149.34880469014874
Tron-o-matic 3,Dallas_01,2024-11-14,168.58832399125913,181.76030572751694,196.1135055251638,181.81081780007412
Tron-o-matic 3,Dallas_01,2024-11-15,193.0803943149779,202.8129347236329,216.03244371758706,203.5647347733697
Tron-o-matic 3,Dallas_01,2024-11-16,170.4841957063298,185.6314981305014,200.7716121534471,185.47430172751996
Tron-o-matic 3,Dallas_01,2024-11-17,134.56118965453965,149.1429820304844,160.4820927896157,149.0551705558595
Tron-o-matic 3,Dallas_01,2024-11-18,136.18126181469287,148.19668205169722,163.3245226713561,148.94481642979562
Tron-o-matic 3,Dallas_01,2024-11-19,132.35531271816407,148.0431832930766,161.8745523568917,147.26884419274876
Tron-o-matic 3,Dallas_01,2024-11-20,139.29478933297284,149.61247820650914,162.47550882868615,150.1873946655448
Tron-o-matic 3,Dallas_01,2024-11-21,220.46437875930877,234.66495398237623,247.20445918964091,233.97315289793397
Tron-o-matic 3,Dallas_01,2024-11-22,135.81399024714653,150.03854437977694,167.38976632549338,150.49747869591747
Tron-o-matic 3,Dallas_01,2024-11-23,140.2761375128933,152.1226876995616,162.20325606118251,151.78466398360013
Tron-o-matic 3,Dallas_01,2024-11-24,168.25716188999684,181.36571577333262,194.65624855112367,181.67725527942872
Tron-o-matic 3,Dallas_01,2024-11-25,138.1745436406747,150.10681282554643,161.73735168674614,149.91260960681643
Tron-o-matic 3,Dallas_01,2024-11-26,134.90737755642817,149.0298320789027,159.27745955496417,147.78764095781477
Tron-o-matic 3,Dallas_01,2024-11-27,171.10488076622926,184.94729936016788,197.5214558651764,184.9243837337484
Tron-o-matic 3,Dallas_01,2024-11-28,192.71334870226457,203.7148717629195,221.13739760171362,204.85902404865607
Tron-o-matic 3,Dallas_01,2024-11-29,263.8991233381938,279.9733825280956,290.486170016173,278.8861509549454
Tron-o-matic 3,Dallas_01,2024-11-30,241.58523549456714,255.34123460455035,267.2987177158758,254.45923305453059
Tron-o-matic 3,Dallas_01,2024-12-01,246.39632194445042,260.35269544732216,272.7933648078366,260.31039921139035
Tron-o-matic 3,Dallas_01,2024-12-02,136.61403663547418,151.65691076520926,164.5246828693347,150.1649224370726
Tron-o-matic 3,Dallas_01,2024-12-03,258.9936487875784,273.61655198560106,284.9041235619952,272.58949784227383
Tron-o-matic 3,Dallas_01,2024-12-04,194.10083757147825,208.40715709679466,220.610562646344,207.28112962100857
Tron-o-matic 3,Dallas_01,2024-12-05,139.33190862715662,153.08356387748896,166.83984038482473,152.6910461600158
Tron-o-matic 3,Dallas_01,2024-12-06,160.1110961460685,174.2956871188661,187.2252763356478,174.33223315111084
Tron-o-matic 3,Dallas_01,2024-12-07,195.6537834266316,208.29052673562646,222.55258926057826,207.97438134071854
Tron-o-matic 3,Dallas_01,2024-12-08,137.7749274811218,153.4384776073201,167.72115588909827,152.43611639446382
Tron-o-matic 3,Dallas_01,2024-12-09,138.60770575649704,151.90687277395327,166.363944544367,152.15790693812056
Tron-o-matic 3,Dallas_01,2024-12-10,137.84889538226383,150.67489125321106,164.28402725486112,151.10008579563876
Tron-o-matic 3,Dallas_01,2024-12-11,141.28371844127238,150.71665853750528,163.2929118893705,151.8716524659784
Tron-o-matic 3,Dallas_01,2024-12-12,138.1472820091543,150.86002186312237,166.19488761243232,151.69996272434767
Tron-o-matic 3,Dallas_01,2024-12-13,169.42047338911095,182.6642456735722,195.01329224421772,182.24716166249635
Tron-o-matic 3,Dallas_01,2024-12-14,140.81026806455162,152.22797908275302,165.95636388895014,153.14991568824652
Tron-o-matic 3,Dallas_01,2024-12-15,189.31996479334427,205.0496790803889,218.86171505092477,204.2975418704848
Tron-o-matic 3,Dallas_01,2024-12-16,177.9380775535518,191.4881953051995,207.07412639625113,191.3169376291452
Tron-o-matic 3,Dallas_01,2024-12-17,136.82544964719915,151.74926023510713,163.5619505340744,150.5026116677457
Tron-o-matic 3,Dallas_01,2024-12-18,237.33984063570824,248.140711532458,265.22051480235126,249.78318061568964
Tron-o-matic 3,Dallas_01,2024-12-19,227.04389912649157,241.46318090697343,256.7727491444482,241.51935035508896
Tron-o-matic 3,Dallas_01,2024-12-20,132.81378201947604,151.71792419001008,164.29387437191588,150.4484614975956
Tron-o-matic 3,Dallas_01,2024-12-21,141.10466181841275,153.70950078307513,166.2799542323702,154.2942034108683
Tron-o-matic 3,Dallas_01,2024-12-22,139.98723338363956,151.24818531726453,164.73105659507317,151.23897369548584
Tron-o-matic 3,Dallas_01,2024-12-23,136.33836928486298,151.6056200692677,164.29776522052398,151.0275195145954
Tron-o-matic 3,Dallas_01,2024-12-24,138.2883913692946,152.75175468146196,166.48047241039296,153.15431216237994
Tron-o-matic 3,Dallas_01,2024-12-25,192.09668444590065,204.33370205078347,216.84681747432862,204.1390025791808
Tron-o-matic 3,Dallas_01,2024-12-26,139.12637300715292,151.52115628871272,165.4001331548424,151.5779223341855
Tron-o-matic 3,Dallas_01,2024-12-27,138.15020518523085,154.28913963526327,165.20331233483614,152.77265281472808
Tron-o-matic 3,Dallas_01,2024-12-28,137.66001013591233,148.23822143808164,165.6862663108726,150.07701064000216
Tron-o-matic 3,Dallas_01,2024-12-29,137.13001115727118,151.32407065197322,164.25816671907398,150.64283344164488
Tron-o-matic 3,Dallas_01,2024-12-30,227.84925001055103,241.23903454040664,255.1454209341133,241.59284270183358
Tron-o-matic 3,Dallas_01,2024-12-31,138.5491352252394,152.94574668719784,167.9648070456562,153.8132926304249
Tron-o-matic 3 Pro,WashingtonDC_01,2024-10-01,43.30307163047341,46.90291414780092,49.661719611851275,46.63743704381309
Tron-o-matic 3 Pro,WashingtonDC_01,2024-10-02,44.112152724176305,46.74443286067997,49.487801607149315,46.93829987254278
Tron-o-matic 3 Pro,WashingtonDC_01,2024-10-03,44.052784164537584,47.212813136482886,49.777421888297845,47.00089916418091
Tron-o-matic 3 Pro,WashingtonDC_01,2024-10-04,66.62862004793375,69.72758248600786,72.50178856165334,69.56316661951068
Tron-o-matic 3 Pro,WashingtonDC_01,2024-10-05,44.809900212115274,47.24172096560788,49.98428257111902,47.23396878389919
Tron-o-matic 3 Pro,WashingtonDC_01,2024-10-06,43.93639394315268,47.20845446673734,50.396028547800015,47.213709891457285
Tron-o-matic 3 Pro,WashingtonDC_01,2024-10-07,48.6815152934802,51.98290800857514,54.95904671982923,52.0875197160033
Tron-o-matic 3 Pro,WashingtonDC_01,2024-10-08,43.2531046412891,46.42373319744349,49.730020970037984,46.5803851398632
Tron-o-matic 3 Pro,WashingtonDC_01,2024-10-09,50.71703513477064,53.87344809086527,56.904252522542535,53.91560122747495
Tron-o-matic 3 Pro,WashingtonDC_01,2024-10-10,43.333475233416934,47.138310855223885,50.343463867254144,47.049246158999104
Tron-o-matic 3 Pro,WashingtonDC_01,2024-10-11,43.469486228524495,46.71158038013647,50.394972040055166,46.85704076266419
Tron-o-matic 3 Pro,WashingtonDC_01,2024-10-12,43.5968763038116,46.630186324599904,50.14614429824227,46.947410087184565
Tron-o-matic 3 Pro,WashingtonDC_01,2024-10-13,43.551107139321076,46.747108621856135,50.27595929998314,46.8578679466068
Tron-o-matic 3 Pro,WashingtonDC_01,2024-10-14,43.61258713768065,46.75819753044217,49.8679546700766,46.86552742687087
Tron-o-matic 3 Pro,WashingtonDC_01,2024-10-15,42.89663472752253,47.120671349309575,50.48649767500443,46.91508260061414
Tron-o-matic 3 Pro,WashingtonDC_01,2024-10-16,43.874980645094304,47.70053077735179,50.77868970760859,47.441221427662576
Tron-o-matic 3 Pro,WashingtonDC_01,2024-10-17,43.3002099298889,46.56324915705398,50.53198447195918,46.617230656740546
Tron-o-matic 3 Pro,WashingtonDC_01,2024-10-18,43.379765379214554,46.156516866155066,50.64743875301604,46.627360113418
Tron-o-matic 3 Pro,WashingtonDC_01,2024-10-19,43.849111840685076,46.421719323969015,49.73370549737811,46.70713069136283
Tron-o-matic 3 Pro,WashingtonDC_01,2024-10-20,61.77877401667912,65.08480273334165,68.68089903021718,65.2894564855805
Tron-o-matic 3 Pro,WashingtonDC_01,2024-10-21,47.306630122128695,50.98706120312051,54.023087017654156,50.53289571715606
Tron-o-matic 3 Pro,WashingtonDC_01,2024-10-22,51.538378451243126,54.99415279031969,57.711210255283724,54.78923733242293
Tron-o-matic 3 Pro,WashingtonDC_01,2024-10-23,53.80973805690263,57.49920526418469,60.21128454221468,57.27607799453141
Tron-o-matic 3 Pro,WashingtonDC_01,2024-10-24,43.30345187985396,46.201588353634314,48.74400185862269,46.16336654405845
Tron-o-matic 3 Pro,WashingtonDC_01,2024-10-25,66.59428714447432,69.73110599232898,73.50083347697685,69.97998345039707
Tron-o-matic 3 Pro,WashingtonDC_01,2024-10-26,49.02253780182444,51.636425337405626,54.95941162532749,51.848490691730184
Tron-o-matic 3 Pro,WashingtonDC_01,2024-10-27,42.14413570799197,45.43700124794328,49.13747167308767,45.68410186961566
Tron-o-matic 3 Pro,WashingtonDC_01,2024-10-28,49.955683584272386,53.14999613766122,56.25963004616086,53.04555418402567
Tron-o-matic 3 Pro,WashingtonDC_01,2024-10-29,40.92445756385527,44.73645652655281,47.93058874430629,44.49430997215574
Tron-o-matic 3 Pro,WashingtonDC_01,2024-10-30,65.62878119378766,68.55620793071647,71.88999911220513,68.66533367672655
Tron-o-matic 3 Pro,WashingtonDC_01,2024-10-31,41.447492379608676,44.74467011156109,48.22779720470067,44.68705007660873
Tron-o-matic 3 Pro,WashingtonDC_01,2024-11-01,51.988915218562504,54.67705239592717,58.5395428706783,54.8668063326763
Tron-o-matic 3 Pro,WashingtonDC_01,2024-11-02,40.55704818109988,43.6040824217851,47.17133500329535,43.94218284152821
Tron-o-matic 3 Pro,WashingtonDC_01,2024-11-03,41.38261195907123,43.81970303159865,46.88981115453605,43.92802561466361
Tron-o-matic 3 Pro,WashingtonDC_01,2024-11-04,40.47305498472556,43.796552805368336,46.815216654123965,43.66297770793581
Tron-o-matic 3 Pro,WashingtonDC_01,2024-11-05,40.353796705306294,43.46605985648893,47.42425572967341,43.53256607851173
Tron-o-matic 3 Pro,WashingtonDC_01,2024-11-06,40.694494054334754,44.274822615114,47.563279319147775,44.072444222425126
Tron-o-matic 3 Pro,WashingtonDC_01,2024-11-07,40.2639496433197,43.4696467145429,46.486031318133804,43.41082467946578
Tron-o-matic 3 Pro,WashingtonDC_01,2024-11-08,47.287667432926696,51.087826737040395,53.58190773302387,50.727372264376235
Tron-o-matic 3 Pro,WashingtonDC_01,2024-11-09,62.213178591764766,65.35192786954059,68.65843316858384,65.42595544583452
Tron-o-matic 3 Pro,WashingtonDC_01,2024-11-10,39.90941418459071,43.24513759897783,46.69703835063183,43.26851757295896
Tron-o-matic 3 Pro,WashingtonDC_01,2024-11-11,40.889673827954965,43.08825392298057,46.03941318343594,43.194735779301396
Tron-o-matic 3 Pro,WashingtonDC_01,2024-11-12,63.39785434440838,66.75324086137283,70.05756601684047,66.46574188185468
Tron-o-matic 3 Pro,WashingtonDC_01,2024-11-13,38.97658481040474,42.64119505454044,45.86181714741628,42.359083256664626
Tron-o-matic 3 Pro,WashingtonDC_01,2024-11-14,39.56540078547761,42.36462728882416,46.23406426531464,42.477233441889354
Tron-o-matic 3 Pro,WashingtonDC_01,2024-11-15,38.91567597900819,42.09757478291485,45.058779984891764,42.1265255658724
Tron-o-matic 3 Pro,WashingtonDC_01,2024-11-16,39.35858474031206,42.06171577944538,45.905415306565864,42.257301345933726
Tron-o-matic 3 Pro,WashingtonDC_01,2024-11-17,38.926561083351956,42.37647019284522,45.56285826992449,42.38569605695288
Tron-o-matic 3 Pro,WashingtonDC_01,2024-11-18,48.07667084748075,51.54233485588618,55.22782661351461,51.68082849898712
Tron-o-matic 3 Pro,WashingtonDC_01,2024-11-19,38.97894072376894,41.67969613471907,44.616301552839964,41.80739942348011
Tron-o-matic 3 Pro,WashingtonDC_01,2024-11-20,46.19167711736647,49.27616741589177,52.00522715575273,49.180426941026745
Tron-o-matic 3 Pro,WashingtonDC_01,2024-11-21,60.43074666113791,62.96175746541063,65.74481670960883,62.803157426486685
Tron-o-matic 3 Pro,WashingtonDC_01,2024-11-22,43.710841069854574,46.67249842215773,49.519954718363,46.697350284922365
Tron-o-matic 3 Pro,WashingtonDC_01,2024-11-23,40.15594547721146,42.86851523339607,45.57099139427874,42.93898954424908
Tron-o-matic 3 Pro,WashingtonDC_01,2024-11-24,39.50055057649748,42.88516997763718,45.66565815771826,42.7088888354575
Tron-o-matic 3 Pro,WashingtonDC_01,2024-11-25,39.683310861080884,42.40224147251316,45.97424090997912,42.70498911892874
Tron-o-matic 3 Pro,WashingtonDC_01,2024-11-26,44.99016009559581,48.17842379990711,51.15404296843161,48.160092755886424
Tron-o-matic 3 Pro,WashingtonDC_01,2024-11-27,60.626827213266594,64.24390469304687,67.02724220915302,63.87524570780026
Tron-o-matic 3 Pro,WashingtonDC_01,2024-11-28,38.96106196119474,42.9111674990954,45.714643884572155,42.5690546704773
Tron-o-matic 3 Pro,WashingtonDC_01,2024-11-29,64.37759083784015,68.07709504542073,72.05445401430057,68.25169486099244
Tron-o-matic 3 Pro,WashingtonDC_01,2024-11-30,39.866432693405926,43.704597738639336,46.70497630129718,43.22941956511593
Tron-o-matic 3 Pro,WashingtonDC_01,2024-12-01,60.64564450636161,64.16716890319684,67.00500279373063,64.05372202005435
Tron-o-matic 3 Pro,WashingtonDC_01,2024-12-02,39.78504296087841,43.310632376532794,46.416052482388885,43.06586894998159
Tron-o-matic 3 Pro,WashingtonDC_01,2024-12-03,39.734365593698094,42.98985190395968,46.50386079012791,43.08353332289062
Tron-o-matic 3 Pro,WashingtonDC_01,2024-12-04,56.51342332056693,60.15403880227371,62.90389432112187,59.900559634517684
Tron-o-matic 3 Pro,WashingtonDC_01,2024-12-05,39.763559809435414,42.80316845433332,45.93419040994912,42.95824515593739
Tron-o-matic 3 Pro,WashingtonDC_01,2024-12-06,39.40304538267993,42.48237081994246,46.84834509259533,42.9654054149098
Tron-o-matic 3 Pro,WashingtonDC_01,2024-12-07,43.78939352033803,47.53620653413518,50.02867511027984,47.147909952255695
Tron-o-matic 3 Pro,WashingtonDC_01,2024-12-08,64.84490904654814,68.295402690534,71.10936456345073,68.10252069632386
Tron-o-matic 3 Pro,WashingtonDC_01,2024-12-09,39.4014997335879,42.84448579129342,46.390815951786365,42.98517390975119
Tron-o-matic 3 Pro,WashingtonDC_01,2024-12-10,57.666638058177675,60.94218299245708,63.871123369877274,60.757949020824
Tron-o-matic 3 Pro,WashingtonDC_01,2024-12-11,39.66932242503077,43.351585904254314,46.307820815426005,43.049515329067155
Tron-o-matic 3 Pro,WashingtonDC_01,2024-12-12,39.51749995339066,42.74372839111524,46.14655921827578,42.95260704727271
Tron-o-matic 3 Pro,WashingtonDC_01,2024-12-13,47.459065800933764,51.72316612721102,55.22492105801789,51.69803428462026
Tron-o-matic 3 Pro,WashingtonDC_01,2024-12-14,40.6016689704326,43.84223296750445,46.929660181505106,43.668369293001135
Tron-o-matic 3 Pro,WashingtonDC_01,2024-12-15,64.42639379782871,67.33885100308885,70.57217836111212,67.3449827800668
Tron-o-matic 3 Pro,WashingtonDC_01,2024-12-16,44.15860519920022,46.2118486519592,50.266017147009514,46.6716357672036
Tron-o-matic 3 Pro,WashingtonDC_01,2024-12-17,40.26219931354872,43.1410972725702,47.10668154449131,43.283041296723034
Tron-o-matic 3 Pro,WashingtonDC_01,2024-12-18,44.46820817964593,47.58726454666393,50.45523489297489,47.52228507619017
Tron-o-matic 3 Pro,WashingtonDC_01,2024-12-19,50.318472263598515,53.36399880796139,56.93897923435901,53.36283701509755
Tron-o-matic 3 Pro,WashingtonDC_01,2024-12-20,39.342857131894206,42.98952167757203,46.34029058641382,43.12158737565547
Tron-o-matic 3 Pro,WashingtonDC_01,2024-12-21,50.136413644527465,53.54354368877707,57.66496589037233,53.89940976353572
Tron-o-matic 3 Pro,WashingtonDC_01,2024-12-22,65.37612356442443,68.67274309215786,72.69116707282551,68.9453379311932
Tron-o-matic 3 Pro,WashingtonDC_01,2024-12-23,51.359292507073675,54.64266718082187,57.19850763292111,54.4093931490215
Tron-o-matic 3 Pro,WashingtonDC_01,2024-12-24,38.952281570034756,42.97697054283538,45.86434922809639,42.829331657316345
Tron-o-matic 3 Pro,WashingtonDC_01,2024-12-25,40.454503571461814,43.53703421818109,46.41996691117107,43.4818779834024
Tron-o-matic 3 Pro,WashingtonDC_01,2024-12-26,39.56117988146766,43.31463189044998,46.63982892311502,43.10296789880406
Tron-o-matic 3 Pro,WashingtonDC_01,2024-12-27,39.61960523737624,43.528353775474194,46.86479172823019,43.27291337266237
Tron-o-matic 3 Pro,WashingtonDC_01,2024-12-28,40.41301528238212,43.45071098421848,46.97367961223032,43.55596288296991
Tron-o-matic 3 Pro,WashingtonDC_01,2024-12-29,47.71095786820346,50.650519661264845,53.431112182940296,50.693187049418036
Tron-o-matic 3 Pro,WashingtonDC_01,2024-12-30,40.84782922020245,43.65115059113775,47.406706153493516,43.85095441262876
Tron-o-matic 3 Pro,WashingtonDC_01,2024-12-31,47.50458632427337,50.436259853446856,53.91481503329605,50.676586950315304
Tron-o-matic 3 Pro,NewYork_02,2024-10-01,68.40901160278166,74.63097820003081,78.65750046505559,74.28001388759958
Tron-o-matic 3 Pro,NewYork_02,2024-10-02,68.68537592477624,73.1256373925981,78.89395735529791,73.60999576753024
Tron-o-matic 3 Pro,NewYork_02,2024-10-03,68.33517677574243,73.15311690996327,79.43445129787963,73.47977465515018
Tron-o-matic 3 Pro,NewYork_02,2024-10-04,105.0166700498661,109.8015911518453,117.07009313617729,110.4892216830984
Tron-o-matic 3 Pro,NewYork_02,2024-10-05,70.17599389804181,74.58242927778318,79.22420498623119,74.85395865639822
Tron-o-matic 3 Pro,NewYork_02,2024-10-06,68.60755512929772,74.40380660420544,78.4503697437315,73.71574995789311
Tron-o-matic 3 Pro,NewYork_02,2024-10-07,77.09003297971525,82.35153667321472,85.84335684577188,82.0970726531328
Tron-o-matic 3 Pro,NewYork_02,2024-10-08,69.20586502572816,74.78503440061694,79.32289478782374,74.52808992514667
Tron-o-matic 3 Pro,NewYork_02,2024-10-09,80.4033183249174,85.11804378717008,90.19634330689644,85.16373762890387
Tron-o-matic 3 Pro,NewYork_02,2024-10-10,68.67870845429448,73.75715870751313,79.16597918799386,73.67435949643244
Tron-o-matic 3 Pro,NewYork_02,2024-10-11,68.47611744173912,73.95287943543121,79.27675375217835,74.09926653481259
Tron-o-matic 3 Pro,NewYork_02,2024-10-12,69.73557843704607,74.99114799322672,80.81120639609229,74.98394151275633
Tron-o-matic 3 Pro,NewYork_02,2024-10-13,69.27916234166815,74.16125670631583,78.07094762431902,73.96514918808059
Tron-o-matic 3 Pro,NewYork_02,2024-10-14,68.69025738442747,74.403389809751,78.48521953120215,73.86332616600524
Tron-o-matic 3 Pro,NewYork_02,2024-10-15,69.12424697400341,73.27963551338063,78.17666101175713,73.30243011023762
Tron-o-matic 3 Pro,NewYork_02,2024-10-16,67.71969909969019,73.72167054819482,79.24266127118283,73.74777410285996
Tron-o-matic 3 Pro,NewYork_02,2024-10-17,68.64137813857046,73.46560946662473,77.48350679630099,73.36041756388632
Tron-o-matic 3 Pro,NewYork_02,2024-10-18,66.89602744080167,72.2416902424174,77.97297982874362,72.22879858513876
Tron-o-matic 3 Pro,NewYork_02,2024-10-19,69.07667319060543,74.44452600479634,78.9743559438077,74.1133355522677
Tron-o-matic 3 Pro,NewYork_02,2024-10-20,96.92639193093247,102.56479637801837,107.1075365495455,102.36284260185494
Tron-o-matic 3 Pro,NewYork_02,2024-10-21,73.60752315964696,79.480773654707,84.42610098755232,79.4052511088343
Tron-o-matic 3 Pro,NewYork_02,2024-10-22,81.87261482514769,86.36437623995347,90.67506344039751,86.2519128637797
Tron-o-matic 3 Pro,NewYork_02,2024-10-23,85.03285289635302,89.91840894798874,94.73862297388668,90.05326076138228
Tron-o-matic 3 Pro,NewYork_02,2024-10-24,67.07750400953559,72.76241136301482,78.37652386956265,72.43704105290834
Tron-o-matic 3 Pro,NewYork_02,2024-10-25,106.21405883907298,110.49793890682044,115.92064850730269,110.65906786996317
Tron-o-matic 3 Pro,NewYork_02,2024-10-26,76.40954050219709,81.01143495599135,86.02266145979814,80.9080709437135
Tron-o-matic 3 Pro,NewYork_02,2024-10-27,65.20315199049928,70.70585871362874,76.87256967613078,70.85257685221153
Tron-o-matic 3 Pro,NewYork_02,2024-10-28,77.56465105875492,83.23667315275193,87.53680658963877,82.50669022427044
Tron-o-matic 3 Pro,NewYork_02,2024-10-29,65.62366484742475,70.78657352419621,75.75506167123297,70.57178042835884
Tron-o-matic 3 Pro,NewYork_02,2024-10-30,104.40002643483089,109.2602298322164,113.13747863700216,108.99529937009527
Tron-o-matic 3 Pro,NewYork_02,2024-10-31,64.36273231919262,69.64786899979603,75.20743654533453,69.7963167422135
Tron-o-matic 3 Pro,NewYork_02,2024-11-01,81.05116140657044,86.46994575445449,91.59682185634463,86.47605066900296
Tron-o-matic 3 Pro,NewYork_02,2024-11-02,65.21760819404474,69.23018774171835,75.03360001983746,69.64583170519687
Tron-o-matic 3 Pro,NewYork_02,2024-11-03,64.46217597009061,69.65206986347569,74.8853338951106,69.78754440240178
Tron-o-matic 3 Pro,NewYork_02,2024-11-04,64.03134587335796,68.37543002345035,73.97286570858331,68.55446513545176
Tron-o-matic 3 Pro,NewYork_02,2024-11-05,63.42645285058305,68.21500555296576,73.48190364632869,68.52822542780513
Tron-o-matic 3 Pro,NewYork_02,2024-11-06,63.681888148364884,67.97422322488333,73.35638787032927,68.16447494647258
Tron-o-matic 3 Pro,NewYork_02,2024-11-07,61.64762450279783,68.00643325886696,73.38606981101528,67.82839919638027
Tron-o-matic 3 Pro,NewYork_02,2024-11-08,74.72525561479306,80.03342567439343,84.80138559259562,79.72386330017765
Tron-o-matic 3 Pro,NewYork_02,2024-11-09,98.82488199877608,102.48930612648324,108.20774610331645,102.92263884513358
Tron-o-matic 3 Pro,NewYork_02,2024-11-10,62.62634224727706,68.42065831961449,72.56379555438527,67.93503471940349
Tron-o-matic 3 Pro,NewYork_02,2024-11-11,61.568281589950104,67.14973068594112,72.76072700134793,67.05470421817715
Tron-o-matic 3 Pro,NewYork_02,2024-11-12,99.98368926958813,105.61116127006444,109.36158631322363,105.2112904703381
Tron-o-matic 3 Pro,NewYork_02,2024-11-13,61.94236997738912,66.57965587916767,71.5547122399796,66.89406561487591
Tron-o-matic 3 Pro,NewYork_02,2024-11-14,61.078056436181086,66.35988349235163,72.86523576337211,66.68732322362966
Tron-o-matic 3 Pro,NewYork_02,2024-11-15,61.7966686899874,66.74827194501795,70.35644441969836,66.45147171892023
Tron-o-matic 3 Pro,NewYork_02,2024-11-16,63.25399984099438,67.52327433335402,72.60900703192343,67.68212068832705
Tron-o-matic 3 Pro,NewYork_02,2024-11-17,62.611696560344576,67.93319741730329,72.9108991286755,67.68621754151648
Tron-o-matic 3 Pro,NewYork_02,2024-11-18,75.60728045350353,80.44794747782866,84.56642800838108,80.49864485267909
Tron-o-matic 3 Pro,NewYork_02,2024-11-19,61.056502224609254,66.26826409107179,72.77271172784005,66.88429452626518
Tron-o-matic 3 Pro,NewYork_02,2024-11-20,72.55206528231464,78.11969370141819,82.71434632206156,77.94223063913236
Tron-o-matic 3 Pro,NewYork_02,2024-11-21,93.9292475446623,99.34199880688429,104.53746636113182,99.06736432079593
Tron-o-matic 3 Pro,NewYork_02,2024-11-22,69.98509900494719,74.88929484221511,80.92115150833723,75.0936856627155
Tron-o-matic 3 Pro,NewYork_02,2024-11-23,62.645128649568754,68.2119256260306,73.52904727164803,67.86243667433838
Tron-o-matic 3 Pro,NewYork_02,2024-11-24,62.750067058422204,67.38536239994522,72.75558449388713,67.51315737079376
Tron-o-matic 3 Pro,NewYork_02,2024-11-25,62.28431702267092,66.86039165998565,71.01042416935601,66.81796347608191
Tron-o-matic 3 Pro,NewYork_02,2024-11-26,69.88748599047723,75.38202507387116,80.67812237656518,75.38347666141958
Tron-o-matic 3 Pro,NewYork_02,2024-11-27,94.99546443355068,100.15786463275008,104.800662549093,99.91168875627562
Tron-o-matic 3 Pro,NewYork_02,2024-11-28,61.8806388801762,66.72918680930151,72.83633085886059,66.82263781366548
Tron-o-matic 3 Pro,NewYork_02,2024-11-29,102.33090208665624,107.94395233318146,112.91446881038877,107.83216130823968
Tron-o-matic 3 Pro,NewYork_02,2024-11-30,62.7642656447382,68.48929837216701,74.01184695965954,68.32475736046966
Tron-o-matic 3 Pro,NewYork_02,2024-12-01,95.24636701916324,100.48613064235636,105.24394995882601,100.19883999685615
Tron-o-matic 3 Pro,NewYork_02,2024-12-02,63.27851035218475,67.16186528697959,71.90179055895285,67.2751417643357
Tron-o-matic 3 Pro,NewYork_02,2024-12-03,62.84987503450742,67.30312661323445,72.38231102529888,67.00322032972251
Tron-o-matic 3 Pro,NewYork_02,2024-12-04,90.65148595923226,94.12898774992723,99.43986387126783,94.53400102476637
Tron-o-matic 3 Pro,NewYork_02,2024-12-05,62.02797026171744,67.31459789178194,71.83426086424086,67.04587910775723
Tron-o-matic 3 Pro,NewYork_02,2024-12-06,62.70216954339598,67.27418516491296,72.08337118466127,67.32953788167544
Tron-o-matic 3 Pro,NewYork_02,2024-12-07,69.36536766592145,74.78689514419224,79.44709558816164,74.6022353616931
Tron-o-matic 3 Pro,NewYork_02,2024-12-08,103.03340590249309,107.65964475153694,112.10115924187126,107.49110690879711
Tron-o-matic 3 Pro,NewYork_02,2024-12-09,61.7105114545658,67.64777951306183,73.313997480752,67.6647071767581
Tron-o-matic 3 Pro,NewYork_02,2024-12-10,90.78049611272911,95.82293689699277,100.62722693054737,95.81491290204056
Tron-o-matic 3 Pro,NewYork_02,2024-12-11,62.734034281021124,66.830835568719,72.68194474301238,67.32414036941869
Tron-o-matic 3 Pro,NewYork_02,2024-12-12,61.21457044010845,66.78042767124676,73.22807989486756,67.0454127748323
Tron-o-matic 3 Pro,NewYork_02,2024-12-13,77.06120644765795,81.53707253703476,86.29149858516075,81.54620301437518
Tron-o-matic 3 Pro,NewYork_02,2024-12-14,63.343853033119395,68.52205684127945,73.41616167115441,68.36916608692547
Tron-o-matic 3 Pro,NewYork_02,2024-12-15,101.74893874568731,106.58048863988323,112.04851652898583,106.91367806943963
Tron-o-matic 3 Pro,NewYork_02,2024-12-16,69.23599832399329,74.38167818606391,79.25115035145586,74.62226162383163
Tron-o-matic 3 Pro,NewYork_02,2024-12-17,61.60515218543111,67.6940630852928,72.55333753480478,67.34028676972315
Tron-o-matic 3 Pro,NewYork_02,2024-12-18,69.39965624159018,74.67810646681413,79.43433318430971,74.4760808489343
Tron-o-matic 3 Pro,NewYork_02,2024-12-19,78.62968267470075,83.74219999441749,88.55199313461092,83.49552266027632
Tron-o-matic 3 Pro,NewYork_02,2024-12-20,62.59609848301349,66.79553099439595,72.70639505675861,67.48900346940927
Tron-o-matic 3 Pro,NewYork_02,2024-12-21,80.88615949979948,85.58483016223644,90.32967837977301,85.67477839988469
Tron-o-matic 3 Pro,NewYork_02,2024-12-22,102.18615655634217,108.3572277443041,112.78958904521117,107.88016312230481
Tron-o-matic 3 Pro,NewYork_02,2024-12-23,80.10290548048049,85.23396323407471,90.41010122996593,85.17960615716873
Tron-o-matic 3 Pro,NewYork_02,2024-12-24,65.05494183226263,69.64474979440945,73.46080016983811,69.47971871403549
Tron-o-matic 3 Pro,NewYork_02,2024-12-25,62.618149084055396,67.30420038547672,72.93094874658487,67.34876708062684
Tron-o-matic 3 Pro,NewYork_02,2024-12-26,62.43264193965468,67.97778732114733,73.84360034578233,68.15573956139524
Tron-o-matic 3 Pro,NewYork_02,2024-12-27,63.909806146114605,68.06914611382543,72.98803513629545,68.14376834248351
Tron-o-matic 3 Pro,NewYork_02,2024-12-28,64.04994027197927,69.28277566650212,73.5229768538259,69.25314776521742
Tron-o-matic 3 Pro,NewYork_02,2024-12-29,74.85906578995264,79.9372018380956,84.91694084894414,79.79335534734045
Tron-o-matic 3 Pro,NewYork_02,2024-12-30,64.16018697042848,69.09567690071255,73.28437134137243,68.77765085582206
Tron-o-matic 3 Pro,NewYork_02,2024-12-31,74.79997897388165,79.2701530864623,84.10088579001598,79.34357832095405
Tron-o-matic 3,Chicago_01,2024-10-01,190.92900474128794,207.12193851156465,224.96365998291293,207.7087528869748
Tron-o-matic 3,Chicago_01,2024-10-02,188.59017307557633,207.14351196236385,222.3572216801903,205.48670730815465
Tron-o-matic 3,Chicago_01,2024-10-03,187.68150222988479,202.92983427370032,219.7381179082859,204.0262860513376
Tron-o-matic 3,Chicago_01,2024-10-04,189.14677783619393,203.97560858047513,221.96533294645607,205.4489802029111
Tron-o-matic 3,Chicago_01,2024-10-05,190.0625075876951,208.7534271644956,225.0072687190685,207.1179956397634
Tron-o-matic 3,Chicago_01,2024-10-06,189.132293172053,202.82902442504016,220.6824454067385,203.83125667243968
Tron-o-matic 3,Chicago_01,2024-10-07,188.79325722580384,209.43273936590327,224.80875095808054,208.03202073515553
Tron-o-matic 3,Chicago_01,2024-10-08,184.24701474362428,204.70330439538554,221.4514039159965,203.14472202504464
Tron-o-matic 3,Chicago_01,2024-10-09,229.8073882841327,248.36014205899434,267.2413393558872,248.40066642666312
Tron-o-matic 3,Chicago_01,2024-10-10,249.5637904686904,270.2849441685448,286.95375678085594,268.85312402791664
Tron-o-matic 3,Chicago_01,2024-10-11,328.8928420478975,346.08000463684334,367.2742235974131,347.5204753055248
Tron-o-matic 3,Chicago_01,2024-10-12,184.3578377612701,204.1981129972671,220.4668674879792,202.636469443228
Tron-o-matic 3,Chicago_01,2024-10-13,185.1856262047991,202.3770108894635,219.71616824518267,202.44773485226597
Tron-o-matic 3,Chicago_01,2024-10-14,340.6362511752495,359.3979844613603,373.8199200834835,359.5345672046953
Tron-o-matic 3,Chicago_01,2024-10-15,300.5020735124634,316.54620745619593,334.6049028414258,317.51637760700106
Tron-o-matic 3,Chicago_01,2024-10-16,306.6117676500132,322.6852110430283,337.1214166126551,321.9796733209075
Tron-o-matic 3,Chicago_01,2024-10-17,186.33865060954443,202.05301580402528,219.78939587926075,202.37788368439308
Tron-o-matic 3,Chicago_01,2024-10-18,336.50002596451196,352.28195082515776,367.67713033360377,352.01394886864824
Tron-o-matic 3,Chicago_01,2024-10-19,323.1868948838858,334.7112222988717,353.8757807037596,336.3442739789948
Tron-o-matic 3,Chicago_01,2024-10-20,177.3666149789605,197.6290953287055,215.37124022045023,197.5990822874073
Tron-o-matic 3,Chicago_01,2024-10-21,240.0230461783378,254.2066958715724,270.8844673046255,254.22134359352455
Tron-o-matic 3,Chicago_01,2024-10-22,185.98731886389118,200.5575418029107,215.97916334262104,200.6758161006735
Tron-o-matic 3,Chicago_01,2024-10-23,181.89338766847933,198.1047961521671,215.87413394407008,197.90156227045793
Tron-o-matic 3,Chicago_01,2024-10-24,178.10529718588447,195.3174167598736,210.98233630070354,195.00029285127295
Tron-o-matic 3,Chicago_01,2024-10-25,181.40593172194406,199.28773616567923,216.9110924060217,198.67276396726163
Tron-o-matic 3,Chicago_01,2024-10-26,204.37987221001282,226.15426262875417,239.57087363475728,224.2948687365831
Tron-o-matic 3,Chicago_01,2024-10-27,242.59832892629532,262.12907040088356,279.5480321879359,262.2106750957328
Tron-o-matic 3,Chicago_01,2024-10-28,254.28223977983822,266.6896554560882,287.15325016555636,268.8267763127151
Tron-o-matic 3,Chicago_01,2024-10-29,229.3012482738145,245.29270238130462,260.7667436674398,245.2490959900281
Tron-o-matic 3,Chicago_01,2024-10-30,334.4921878547977,353.1895076304694,367.047533897907,351.4385852074396
Tron-o-matic 3,Chicago_01,2024-10-31,222.73427389993137,239.76193667014408,255.6326420585042,239.0569765350022
Tron-o-matic 3,Chicago_01,2024-11-01,246.46653953699536,259.7645734915795,277.2586423996256,260.51015540259726
Tron-o-matic 3,Chicago_01,2024-11-02,178.20478520741645,193.6075524464153,211.3714167945383,193.21538441338626
Tron-o-matic 3,Chicago_01,2024-11-03,171.9142023447868,191.30234348127368,208.36409864464102,190.89069262990586
Tron-o-matic 3,Chicago_01,2024-11-04,173.3850210343182,192.91627909865954,209.99480140954313,191.4896123922194
Tron-o-matic 3,Chicago_01,2024-11-05,172.94578314695877,188.38899514159579,206.28481444856004,188.90756705928553
Tron-o-matic 3,Chicago_01,2024-11-06,174.5593947558247,191.84558105837414,203.94676267705896,190.82046710427
Tron-o-matic 3,Chicago_01,2024-11-07,176.1202085198611,191.31510335634653,207.34111514213856,190.8945815431585
Tron-o-matic 3,Chicago_01,2024-11-08,174.35748305248254,189.883584293416,202.96146823703094,188.77419832972225
Tron-o-matic 3,Chicago_01,2024-11-09,170.68873124254412,189.59380952073906,204.3447854680395,187.82390255489176
Tron-o-matic 3,Chicago_01,2024-11-10,167.38917581794172,183.67428941410967,201.5975733624173,184.40005684445015
Tron-o-matic 3,Chicago_01,2024-11-11,168.96366031097162,188.79091854475894,204.61115942586048,187.8759725487528
Tron-o-matic 3,Chicago_01,2024-11-12,165.20610149416044,187.897658583222,203.16394420842667,186.07221727822812
Tron-o-matic 3,Chicago_01,2024-11-13,172.05127013765602,186.87086865364074,205.66293848951224,187.07635008605942
Tron-o-matic 3,Chicago_01,2024-11-14,205.7517800976015,225.09007487297012,242.1440910955271,223.70236950862224
Tron-o-matic 3,Chicago_01,2024-11-15,235.68264857148503,255.6817420098214,273.10854347657767,255.63898321552435
Tron-o-matic 3,Chicago_01,2024-11-16,210.99930520562103,229.45479684887843,242.692038294389,227.60046098018302
Tron-o-matic 3,Chicago_01,2024-11-17,166.55041755184686,185.58602671155566,201.6709434386358,184.38236240363753
Tron-o-matic 3,Chicago_01,2024-11-18,170.35205456181546,181.78664382527325,200.49738751935251,183.5363603771965
Tron-o-matic 3,Chicago_01,2024-11-19,166.01890419986773,185.36060568767104,202.21410168836135,183.81569669241006
Tron-o-matic 3,Chicago_01,2024-11-20,168.1839513526833,183.939174897219,200.40070047009186,184.08716841843219
Tron-o-matic 3,Chicago_01,2024-11-21,267.87870316742396,290.7701026469705,308.45678429580886,289.0596982805415
Tron-o-matic 3,Chicago_01,2024-11-22,169.83343502738765,183.50649276942292,199.9552337411494,183.38246338568345
Tron-o-matic 3,Chicago_01,2024-11-23,167.27154935903528,185.60222358001968,199.0398148476751,184.659067620938
Tron-o-matic 3,Chicago_01,2024-11-24,205.64638378112463,225.33286010145258,241.1385125622337,223.72647552239198
Tron-o-matic 3,Chicago_01,2024-11-25,169.17743325805614,185.78056062865568,199.25534123198494,185.636131714463
Tron-o-matic 3,Chicago_01,2024-11-26,164.10760822746323,182.29154809833148,198.36006055440814,182.10779332409157
Tron-o-matic 3,Chicago_01,2024-11-27,215.33483772406458,231.5503728953459,245.61025214621833,231.9384668965471
Tron-o-matic 3,Chicago_01,2024-11-28,235.35983552031647,250.9456950604379,270.35420231030366,252.47327874386446
Tron-o-matic 3,Chicago_01,2024-11-29,324.43763466314135,342.3814823850793,357.82945207337303,341.8722479848812
Tron-o-matic 3,Chicago_01,2024-11-30,296.15699367418824,312.76751168363677,330.76985474289546,312.68490958778307
Tron-o-matic 3,Chicago_01,2024-12-01,304.37497380576553,320.7132732192827,336.00310262564386,320.38031349423886
Tron-o-matic 3,Chicago_01,2024-12-02,171.14965866524824,188.60488504505412,201.9745009488602,187.17667715721282
Tron-o-matic 3,Chicago_01,2024-12-03,319.5116911163608,340.95560814819646,358.5345380424545,339.9938718329063
Tron-o-matic 3,Chicago_01,2024-12-04,241.61586977980124,261.0141911675678,277.7342931523086,258.8608569795413
Tron-o-matic 3,Chicago_01,2024-12-05,171.96310349810915,188.3130440697495,205.88723997312897,188.09620221753474
Tron-o-matic 3,Chicago_01,2024-12-06,198.97333199097105,219.31112729746732,236.35968839754065,217.79736021497868
Tron-o-matic 3,Chicago_01,2024-12-07,241.18116988134372,257.93488802403505,276.8426128908885,258.7953420928915
Tron-o-matic 3,Chicago_01,2024-12-08,164.60327057084677,183.30557200937776,201.40626132419663,183.60632450501663
Tron-o-matic 3,Chicago_01,2024-12-09,171.55834329715367,188.09111399181123,206.25770426326605,189.00874020279687
Tron-o-matic 3,Chicago_01,2024-12-10,173.37399117530956,187.13927743891512,207.77299503376256,188.57694445056026
Tron-o-matic 3,Chicago_01,2024-12-11,175.48846762413152,191.24185389878494,209.46096796479029,192.31447419507896
Tron-o-matic 3,Chicago_01,2024-12-12,173.3559240552999,189.5567397945323,206.80486245764365,190.52702980291764
Tron-o-matic 3,Chicago_01,2024-12-13,211.66846084922125,226.98382010359808,245.12546834691204,227.00510559880433
Tron-o-matic 3,Chicago_01,2024-12-14,175.71332251471028,192.68885874721371,206.73380110220756,191.96895244914708
Tron-o-matic 3,Chicago_01,2024-12-15,238.44264261520019,253.98259224282563,268.1487565147871,253.96665574589
Tron-o-matic 3,Chicago_01,2024-12-16,224.55624998162412,244.5227688199166,256.87024459587536,241.63675954727788
Tron-o-matic 3,Chicago_01,2024-12-17,170.98783752246771,190.92628052172154,206.6674944286523,190.219062641782
Tron-o-matic 3,Chicago_01,2024-12-18,296.3083202404268,311.421462781416,324.8991899859424,312.0756209728598
Tron-o-matic 3,Chicago_01,2024-12-19,282.8646291571312,298.992318347728,317.0846548597792,300.0114845150705
Tron-o-matic 3,Chicago_01,2024-12-20,173.5660948247345,189.39954127878067,206.20842925457538,189.49464802542377
Tron-o-matic 3,Chicago_01,2024-12-21,175.9586001183788,190.96251223880193,206.31276369027034,190.8736505164443
Tron-o-matic 3,Chicago_01,2024-12-22,171.4341032292853,186.73072031169934,203.55451435374647,187.3810928593635
Tron-o-matic 3,Chicago_01,2024-12-23,176.88402839776327,188.8021228498304,208.82251402684744,191.60254752033921
Tron-o-matic 3,Chicago_01,2024-12-24,172.85212846244588,191.06766229506732,208.86024718026854,191.41107947957272
Tron-o-matic 3,Chicago_01,2024-12-25,245.0491012267429,258.4792450038862,268.9109993171094,257.3219028785223
Tron-o-matic 3,Chicago_01,2024-12-26,175.08499897327147,189.6401717576204,207.60989720616766,190.79660930606084
Tron-o-matic 3,Chicago_01,2024-12-27,168.22245346937055,189.14881396143144,202.88597382493305,187.4454584148812
Tron-o-matic 3,Chicago_01,2024-12-28,172.77106863320154,191.80223550666054,204.07536255625814,189.75689893303505
Tron-o-matic 3,Chicago_01,2024-12-29,173.5097736761065,188.32324750973797,204.5579760539303,189.13798991619493
Tron-o-matic 3,Chicago_01,2024-12-30,287.7977333422712,303.20932767946124,321.58278178015246,303.3714037227456
Tron-o-matic 3,Chicago_01,2024-12-31,173.98162742297265,190.50770674748532,209.6013905344998,190.91241385948112
Tron-o-matic 3,Atlanta_01,2024-10-01,117.2277867042923,126.78231949852196,138.23645099093,127.63658062105931
Tron-o-matic 3,Atlanta_01,2024-10-02,118.54682228550466,126.64247641030587,137.4360572349144,127.26460001749768
Tron-o-matic 3,Atlanta_01,2024-10-03,120.6100450555113,129.7207454970216,138.92058097169982,129.7636488663747
Tron-o-matic 3,Atlanta_01,2024-10-04,118.99094024726703,127.76836856668862,137.5009761427598,128.27172747433804
Tron-o-matic 3,Atlanta_01,2024-10-05,119.2717255361374,129.7472853357841,140.38079541494665,129.44207475959874
Tron-o-matic 3,Atlanta_01,2024-10-06,117.96710814195643,129.25296740267146,138.2944951204075,128.4738119527882
Tron-o-matic 3,Atlanta_01,2024-10-07,117.84797101506447,126.8797872602994,136.44917825882644,127.06809686093487
Tron-o-matic 3,Atlanta_01,2024-10-08,117.25026860931841,127.353813693089,139.71643515290268,127.78364289294201
Tron-o-matic 3,Atlanta_01,2024-10-09,148.65600471947263,156.20887247602917,164.40543517985958,156.25409717496666
Tron-o-matic 3,Atlanta_01,2024-10-10,158.66369561713702,169.62373481172486,178.69102478521063,168.5422224327854
Tron-o-matic 3,Atlanta_01,2024-10-11,209.0501770023817,219.35678845255578,228.87172196978253,218.57142533874918
Tron-o-matic 3,Atlanta_01,2024-10-12,117.9047903257362,128.7242996871017,139.30915673215705,128.42292023670984
Tron-o-matic 3,Atlanta_01,2024-10-13,117.14281356708894,128.34291419838186,136.07535831483193,127.43475084103565
Tron-o-matic 3,Atlanta_01,2024-10-14,213.72268230382727,223.42280822499944,231.3737555470172,222.6771322258444
Tron-o-matic 3,Atlanta_01,2024-10-15,189.5546421904525,199.46332615847558,208.48971600072665,199.24871996042927
Tron-o-matic 3,Atlanta_01,2024-10-16,193.55445258115077,204.40506178508517,213.98203796843765,203.77598322869406
Tron-o-matic 3,Atlanta_01,2024-10-17,116.63486406506647,127.80434263267355,138.6404433764758,127.56302954285208
Tron-o-matic 3,Atlanta_01,2024-10-18,210.6218831660034,220.48911817730846,230.09431629513386,220.1825994631193
Tron-o-matic 3,Atlanta_01,2024-10-19,197.20435126458216,209.23946749318213,218.5373336037121,208.5429688384104
Tron-o-matic 3,Atlanta_01,2024-10-20,114.81572769690658,124.83623944129975,138.05294617481667,124.86133669028708
Tron-o-matic 3,Atlanta_01,2024-10-21,146.4852549456356,158.4105428370441,167.0900863334663,158.09143543544363
Tron-o-matic 3,Atlanta_01,2024-10-22,114.89667190912961,123.6499842069978,134.39727857650024,123.94199273937672
Tron-o-matic 3,Atlanta_01,2024-10-23,112.81746448426873,123.16990067487315,133.33088559496844,123.25106836175739
Tron-o-matic 3,Atlanta_01,2024-10-24,113.89473760882325,122.69218058471971,131.96203822189992,123.12789714997473
Tron-o-matic 3,Atlanta_01,2024-10-25,111.00936662983926,122.30390566208384,131.18738174814803,121.57866861339477
Tron-o-matic 3,Atlanta_01,2024-10-26,126.72746785955255,138.24759636456076,149.24721576312487,138.4048522321128
Tron-o-matic 3,Atlanta_01,2024-10-27,152.15628471399916,163.9488994897211,174.2165795525517,164.19966579655159
Tron-o-matic 3,Atlanta_01,2024-10-28,154.86006148846442,164.91795434674452,175.1721967478291,164.6886714727281
Tron-o-matic 3,Atlanta_01,2024-10-29,141.12055693039352,152.60242478137005,163.72122692782176,152.6857871420578
Tron-o-matic 3,Atlanta_01,2024-10-30,206.61493270148753,217.85587499729547,226.86466940358468,217.1717721827747
Tron-o-matic 3,Atlanta_01,2024-10-31,139.15136027336183,149.67534475073145,160.3616221662775,149.33301168138044
Tron-o-matic 3,Atlanta_01,2024-11-01,150.09800345478374,160.3282862197401,172.20586953794032,160.28771188274928
Tron-o-matic 3,Atlanta_01,2024-11-02,106.83157090737191,117.85440103682133,126.58562731532328,117.11833661083034
Tron-o-matic 3,Atlanta_01,2024-11-03,105.85810576804259,117.42571204660238,127.17026153987933,116.94517043967758
Tron-o-matic 3,Atlanta_01,2024-11-04,106.57014097372627,118.83746337076687,127.38711067743908,117.89014878142487
Tron-o-matic 3,Atlanta_01,2024-11-05,107.87182633427926,118.15854815700393,127.53148617395304,117.55244669370853
Tron-o-matic 3,Atlanta_01,2024-11-06,105.89133626070061,115.97335749623163,127.19310407167596,116.30204981083682
Tron-o-matic 3,Atlanta_01,2024-11-07,106.55020564835543,117.01033412371142,125.30787762780479,116.05129850564025
Tron-o-matic 3,Atlanta_01,2024-11-08,106.4943136669429,116.90493036746295,127.91111198547247,116.49086582193753
Tron-o-matic 3,Atlanta_01,2024-11-09,108.31170222634724,117.65887327587892,127.59526339356886,117.54047655189996
Tron-o-matic 3,Atlanta_01,2024-11-10,103.8318823971415,114.83093181703288,125.43596955853722,114.52289047742461
Tron-o-matic 3,Atlanta_01,2024-11-11,102.45349288971018,114.90351591880543,124.12788855361312,114.3494374158233
Tron-o-matic 3,Atlanta_01,2024-11-12,104.36904038794704,116.04766182370787,127.49341302084851,115.46164680212098
Tron-o-matic 3,Atlanta_01,2024-11-13,106.99859444201604,115.48505023038699,123.63763036131779,115.44855654658996
Tron-o-matic 3,Atlanta_01,2024-11-14,133.2950227986887,139.8089886270167,151.4019869137943,141.04528077636
Tron-o-matic 3,Atlanta_01,2024-11-15,146.3979156198374,158.2032884041935,168.2487737868707,158.30892332496825
Tron-o-matic 3,Atlanta_01,2024-11-16,130.86219808160453,142.8409958564851,152.82530044905283,142.25988103750893
Tron-o-matic 3,Atlanta_01,2024-11-17,104.15733810152,115.54623184376322,123.45165214536321,114.3668211982661
Tron-o-matic 3,Atlanta_01,2024-11-18,102.20435180007705,112.38336926979733,125.06181422607108,113.1943299946814
Tron-o-matic 3,Atlanta_01,2024-11-19,104.69142210414817,115.12840860859127,125.37469459869659,115.18756159839562
Tron-o-matic 3,Atlanta_01,2024-11-20,103.46632754173397,115.36217974373128,124.3225987886845,114.59462400879025
Tron-o-matic 3,Atlanta_01,2024-11-21,171.07544078389915,181.2638772553204,192.39712810461532,181.65987124505102
Tron-o-matic 3,Atlanta_01,2024-11-22,105.19572909146969,115.73441487265826,124.66919736970391,115.18794971429665
Tron-o-matic 3,Atlanta_01,2024-11-23,105.18625709702096,115.64449484712054,123.80966941480754,114.61266295048587
Tron-o-matic 3,Atlanta_01,2024-11-24,131.92662561310544,141.4931329715739,150.3710529328652,141.48817011797632
Tron-o-matic 3,Atlanta_01,2024-11-25,105.53885004599857,115.62333886288455,126.62959723079533,115.63625635889326
Tron-o-matic 3,Atlanta_01,2024-11-26,105.93763151389545,115.92470466213123,125.29401419451757,115.93312772705377
Tron-o-matic 3,Atlanta_01,2024-11-27,132.36874928175433,143.20944961002553,153.57773873489236,142.56137466146367
Tron-o-matic 3,Atlanta_01,2024-11-28,149.5648969737233,158.95596763710466,167.01219182614167,158.3908092153967
Tron-o-matic 3,Atlanta_01,2024-11-29,206.2296939342067,213.8160004680622,223.20313064249058,214.14481286105757
Tron-o-matic 3,Atlanta_01,2024-11-30,182.37883805259222,193.0379507444569,203.8850408005716,193.24353163162684
Tron-o-matic 3,Atlanta_01,2024-12-01,191.5420927154686,200.94799286483473,211.01224184130677,200.86212902926775
Tron-o-matic 3,Atlanta_01,2024-12-02,107.79048116580937,116.60985068229417,127.32098994967913,116.87848151824528
Tron-o-matic 3,Atlanta_01,2024-12-03,202.73589751932155,211.18911400537587,218.4030499391195,210.71983737466834
Tron-o-matic 3,Atlanta_01,2024-12-04,151.59232611516583,160.20376496453613,170.65664853898443,160.47888967008592
Tron-o-matic 3,Atlanta_01,2024-12-05,110.7829984937743,119.24666637124531,129.3910666039867,119.52448386540874
Tron-o-matic 3,Atlanta_01,2024-12-06,124.05463004635122,135.35772607072136,145.15160834595113,134.44851733310605
Tron-o-matic 3,Atlanta_01,2024-12-07,149.51878859206047,159.54496733560646,169.77390219358787,159.7527681685984
Tron-o-matic 3,Atlanta_01,2024-12-08,106.02984634679773,116.24878960351226,126.73221221791945,116.15088481727655
Tron-o-matic 3,Atlanta_01,2024-12-09,102.10766497473001,114.82419421406159,125.96148978882573,114.58835037403541
Tron-o-matic 3,Atlanta_01,2024-12-10,107.27160855915716,118.03757485951003,127.55625006615321,118.02608770611756
Tron-o-matic 3,Atlanta_01,2024-12-11,106.18371470728837,118.17403280202173,127.04546224761977,117.45409572813854
Tron-o-matic 3,Atlanta_01,2024-12-12,107.78269216634524,118.15057329164794,128.7655845758476,118.36544791924274
Tron-o-matic 3,Atlanta_01,2024-12-13,129.85253593993127,141.20792209348394,151.57242569667036,141.29898070377146
Tron-o-matic 3,Atlanta_01,2024-12-14,106.42287919602217,117.08018583710155,128.81367839257564,117.49097896755374
Tron-o-matic 3,Atlanta_01,2024-12-15,146.4283491516468,159.08330680343866,170.6636980261834,159.1165149157462
Tron-o-matic 3,Atlanta_01,2024-12-16,137.8072477155765,149.31281393532257,160.3246633806416,149.21304673883796
Tron-o-matic 3,Atlanta_01,2024-12-17,106.04045781419913,117.91574128718362,128.3787916346963,117.21531311443786
Tron-o-matic 3,Atlanta_01,2024-12-18,181.40971424758322,193.0394254681896,202.55436499424926,192.14107422141248
Tron-o-matic 3,Atlanta_01,2024-12-19,179.86538475334282,187.79319709119244,196.67116836241667,187.84787086149885
Tron-o-matic 3,Atlanta_01,2024-12-20,105.0845157844356,116.66289630745776,127.12057479265188,116.16926121988998
Tron-o-matic 3,Atlanta_01,2024-12-21,106.54837543527745,115.79496804770554,126.59310912859516,115.93642004385475
Tron-o-matic 3,Atlanta_01,2024-12-22,106.89580133291688,118.51577218005374,127.47381265615269,117.53519712922319
Tron-o-matic 3,Atlanta_01,2024-12-23,105.68636836448078,117.71442340623892,129.05367697355558,117.61233276365961
Tron-o-matic 3,Atlanta_01,2024-12-24,105.33700705620761,118.6900920947812,128.94323874624567,118.30419599206434
Tron-o-matic 3,Atlanta_01,2024-12-25,147.62472877588658,160.4209421371405,172.01193405809173,159.35141228146966
Tron-o-matic 3,Atlanta_01,2024-12-26,108.38882124301715,118.41483162003725,128.47646477065345,118.37879473417792
Tron-o-matic 3,Atlanta_01,2024-12-27,106.61575835075193,116.11557800816759,127.82074271287114,116.99197502607578
Tron-o-matic 3,Atlanta_01,2024-12-28,105.70113633446091,116.81573432232334,129.3519328130053,117.11308012512862
Tron-o-matic 3,Atlanta_01,2024-12-29,108.28112032266182,118.95214027631974,128.16257069257142,118.38411473995339
Tron-o-matic 3,Atlanta_01,2024-12-30,177.49313262131125,188.2984369439686,198.4335210149114,187.9066944578513
Tron-o-matic 3,Atlanta_01,2024-12-31,108.73101225021705,119.18594074064696,128.84151364753035,119.18067734556651
Tron-o-matic 3,NewYork_01,2024-10-01,186.50613970471974,204.98179400231595,221.59282022672784,204.90485592976103
Tron-o-matic 3,NewYork_01,2024-10-02,188.24221663767094,203.5053168208992,221.83556851406405,204.23319075409768
Tron-o-matic 3,NewYork_01,2024-10-03,189.91327822996573,203.70097753979658,214.98769395843155,203.2486115928806
Tron-o-matic 3,NewYork_01,2024-10-04,183.35249696296418,201.57062946151837,217.07176771037834,201.54860538694223
Tron-o-matic 3,NewYork_01,2024-10-05,190.68626042519205,206.25370019409607,221.93256148148592,205.68994551014046
Tron-o-matic 3,NewYork_01,2024-10-06,183.93868873820125,202.8314792661205,219.17780014215177,203.00319892884488
Tron-o-matic 3,NewYork_01,2024-10-07,191.22940416875156,203.9971391493829,221.89322144241606,204.89679911185223
Tron-o-matic 3,NewYork_01,2024-10-08,186.157010495231,202.07086769327483,218.34108919995882,201.95232712933696
Tron-o-matic 3,NewYork_01,2024-10-09,231.22919145350136,247.9039843696861,264.2951587102182,247.955907949703
Tron-o-matic 3,NewYork_01,2024-10-10,253.69693763959944,268.7239148471297,281.9944590079226,267.8250788432778
Tron-o-matic 3,NewYork_01,2024-10-11,329.5102259900158,344.69665205302863,358.36275022302,344.5470900190272
Tron-o-matic 3,NewYork_01,2024-10-12,186.83837055601384,202.95685843139984,220.78325977652293,203.66486724889245
Tron-o-matic 3,NewYork_01,2024-10-13,182.11708393375008,202.30004379963523,216.6552187541329,201.56177931741934
Tron-o-matic 3,NewYork_01,2024-10-14,335.3839193458127,359.20255564855233,371.49022876190395,356.36373666325045
Tron-o-matic 3,NewYork_01,2024-10-15,296.0755582717619,315.36035422279406,330.85645657069733,314.46305375064384
Tron-o-matic 3,NewYork_01,2024-10-16,302.4090813513235,319.8882398049178,340.4133956824463,320.80928772953337
Tron-o-matic 3,NewYork_01,2024-10-17,186.1569498249765,204.02469535001387,221.86018766881008,204.36593897582267
Tron-o-matic 3,NewYork_01,2024-10-18,325.88965661890137,343.08475588064715,360.47608369425427,343.3538363730126
Tron-o-matic 3,NewYork_01,2024-10-19,315.7653072412846,334.4831999732156,350.47106536673715,334.3900559425226
Tron-o-matic 3,NewYork_01,2024-10-20,177.81085781357027,196.36197519468232,208.731209909453,195.44437561436072
Tron-o-matic 3,NewYork_01,2024-10-21,240.3892273227513,255.5451112626054,269.53456822713537,254.95834117105085
Tron-o-matic 3,NewYork_01,2024-10-22,177.8184707971466,197.23758908559893,215.54107450400298,197.05443351592842
Tron-o-matic 3,NewYork_01,2024-10-23,180.4074436759803,200.65637187579802,212.11689853138327,198.99717406878153
Tron-o-matic 3,NewYork_01,2024-10-24,181.6762602761084,196.90747851164465,215.6066804096888,197.1678139901507
Tron-o-matic 3,NewYork_01,2024-10-25,178.85177768874829,192.4204419968683,208.17793594092572,192.93440437614464
Tron-o-matic 3,NewYork_01,2024-10-26,198.75146768268095,218.6210604547445,231.79670573007743,217.74017781826217
Tron-o-matic 3,NewYork_01,2024-10-27,239.16391738086594,257.454069432556,271.9154269408304,257.4892150059639
Tron-o-matic 3,NewYork_01,2024-10-28,246.79662223464024,260.72160479809935,278.3796686614382,261.25032684647516
Tron-o-matic 3,NewYork_01,2024-10-29,224.0021980817707,239.7261269659372,258.3908886603412,240.14145991743695
Tron-o-matic 3,NewYork_01,2024-10-30,329.2917769245405,348.2706555407148,364.71190141898086,347.613066097941
Tron-o-matic 3,NewYork_01,2024-10-31,218.65810338460034,236.29798948494755,254.73860148020083,236.6179598089172
Tron-o-matic 3,NewYork_01,2024-11-01,239.1862169171609,256.21037965456566,272.8535702993781,256.4197663883726
Tron-o-matic 3,NewYork_01,2024-11-02,172.2484745883483,191.10400172238485,204.18139979778547,190.0399552166417
Tron-o-matic 3,NewYork_01,2024-11-03,172.27950073692966,186.4841439862538,205.8176402226387,187.62306553929596
Tron-o-matic 3,NewYork_01,2024-11-04,170.32115679694104,190.52753508763183,203.81430125508047,189.02273957965267
Tron-o-matic 3,NewYork_01,2024-11-05,171.75208517586233,189.05320402785432,206.223292515519,188.51809166534298
Tron-o-matic 3,NewYork_01,2024-11-06,170.6450668465523,186.74693498908394,203.16757619832455,186.95245147260044
Tron-o-matic 3,NewYork_01,2024-11-07,168.47101938886502,189.86893743409038,204.45778365441794,187.56358669010643
Tron-o-matic 3,NewYork_01,2024-11-08,166.99206003800907,185.11648456664403,202.78222848665737,184.5387034866922
Tron-o-matic 3,NewYork_01,2024-11-09,168.6920469684532,186.09281479704316,203.0462084730004,185.17574872705748
Tron-o-matic 3,NewYork_01,2024-11-10,171.99145384443216,185.09013187346918,200.946556219468,185.288191236999
Tron-o-matic 3,NewYork_01,2024-11-11,172.4831685306504,185.8689195807929,199.7964342266914,185.52658495769458
Tron-o-matic 3,NewYork_01,2024-11-12,170.47436167602282,187.31106957254346,199.7350353234276,186.73295550992222
Tron-o-matic 3,NewYork_01,2024-11-13,170.714289185161,185.24299433976668,200.78781563277107,186.14834082877505
Tron-o-matic 3,NewYork_01,2024-11-14,207.74524732261327,223.36145644465446,243.3963259370474,223.9332338211062
Tron-o-matic 3,NewYork_01,2024-11-15,233.1011602179798,250.63498883790476,268.43860540122796,250.0157722068556
Tron-o-matic 3,NewYork_01,2024-11-16,208.7405673731077,228.11264406342437,242.94460982935837,226.75481252800478
Tron-o-matic 3,NewYork_01,2024-11-17,168.8833673348176,184.44334532991667,198.92516270169432,183.80613129046608
Tron-o-matic 3,NewYork_01,2024-11-18,172.6207146190666,184.48991049745925,202.56314189876426,184.9688404797401
Tron-o-matic 3,NewYork_01,2024-11-19,167.93552795215248,183.0056859795933,199.59739348402445,184.01449214986494
Tron-o-matic 3,NewYork_01,2024-11-20,165.46811719333095,182.81372173787238,197.47348440055373,181.6064561211511
Tron-o-matic 3,NewYork_01,2024-11-21,272.8272412510152,292.37426983381977,308.4345132148043,290.5961549117149
Tron-o-matic 3,NewYork_01,2024-11-22,161.7078624866839,180.52571257116293,197.8876426304731,180.32431889623666
Tron-o-matic 3,NewYork_01,2024-11-23,165.55035620245164,184.74866843120745,202.64382935022832,184.77673617466166
Tron-o-matic 3,NewYork_01,2024-11-24,203.18678757908538,222.86166416664366,241.3214774409294,222.47790391809585
Tron-o-matic 3,NewYork_01,2024-11-25,169.04053896366344,186.2401155830326,198.67777033694927,185.02086412162942
Tron-o-matic 3,NewYork_01,2024-11-26,167.97307239066322,182.87255107537445,197.3904564160836,182.14448061731295
Tron-o-matic 3,NewYork_01,2024-11-27,207.93166974519957,225.0421441586408,243.02547130510277,225.30334364888793
Tron-o-matic 3,NewYork_01,2024-11-28,230.38365159205128,250.88262657085338,264.4904089695149,249.94286049815483
Tron-o-matic 3,NewYork_01,2024-11-29,323.4826473837281,341.26615953903985,354.6181776595384,340.4459838554356
Tron-o-matic 3,NewYork_01,2024-11-30,292.15025319433573,305.02399898701344,324.5924483000728,306.8458456818267
Tron-o-matic 3,NewYork_01,2024-12-01,299.0138296236565,314.44341498748,334.84870823500444,315.8830362994965
Tron-o-matic 3,NewYork_01,2024-12-02,167.41078096132514,184.58058465669356,202.63143089055941,185.878955987477
Tron-o-matic 3,NewYork_01,2024-12-03,316.6177677650561,334.36218921670917,350.50605130415215,334.9971294645394
Tron-o-matic 3,NewYork_01,2024-12-04,233.2536757194944,254.73356164191125,271.0163407849891,253.5891082171165
Tron-o-matic 3,NewYork_01,2024-12-05,170.7103939345456,186.96703914009163,204.06305575135602,185.86802431168428
Tron-o-matic 3,NewYork_01,2024-12-06,194.1208212738293,213.62092310723642,230.04979470857478,212.76801693066162
Tron-o-matic 3,NewYork_01,2024-12-07,234.56199849214772,252.35860811178858,268.538772030199,251.93973240327117
Tron-o-matic 3,NewYork_01,2024-12-08,166.45798873525453,186.62496090557565,198.8822809723937,184.57008391295426
Tron-o-matic 3,NewYork_01,2024-12-09,169.05136345646002,185.87835719907463,204.58661359505618,186.60425182598274
Tron-o-matic 3,NewYork_01,2024-12-10,168.25668335091942,187.38041481795938,200.8665677282994,186.49839820165272
Tron-o-matic 3,NewYork_01,2024-12-11,170.90435881757935,184.572612267087,203.43269465639435,186.19615746710795
Tron-o-matic 3,NewYork_01,2024-12-12,174.07911620554992,188.8392573584275,204.83065779038333,188.1796411990863
Tron-o-matic 3,NewYork_01,2024-12-13,204.97173105220875,224.32795873956894,238.20333607582535,223.68359527705897
Tron-o-matic 3,NewYork_01,2024-12-14,167.4864431189622,184.18030886288219,204.57161322732077,184.87250991253575
Tron-o-matic 3,NewYork_01,2024-12-15,237.53039692713514,250.95595675344043,266.45460023206556,251.71084431724202
Tron-o-matic 3,NewYork_01,2024-12-16,221.31963948871015,238.17725040248138,256.1575026458336,239.0963867281701
Tron-o-matic 3,NewYork_01,2024-12-17,167.51758459702785,186.42437725323225,201.79573558457682,185.00417405241726
Tron-o-matic 3,NewYork_01,2024-12-18,289.8654583890212,306.58606065644886,321.25513199486613,305.91314940020317
Tron-o-matic 3,NewYork_01,2024-12-19,280.6033416984607,299.54517935967397,316.47650771490265,298.9068440998575
Tron-o-matic 3,NewYork_01,2024-12-20,169.3129504913237,186.0300093293017,200.99386194058582,185.22603735805592
Tron-o-matic 3,NewYork_01,2024-12-21,173.7343698207702,187.33192435187865,204.23615369546758,187.58410308583973
Tron-o-matic 3,NewYork_01,2024-12-22,170.2274320254466,186.35753121800215,202.25836273668824,186.71663222219638
Tron-o-matic 3,NewYork_01,2024-12-23,175.1698530657655,191.03903813382883,207.96236026936023,190.73055927382921
Tron-o-matic 3,NewYork_01,2024-12-24,174.53181433075622,188.6761126179999,205.84302240496416,188.6584156020173
Tron-o-matic 3,NewYork_01,2024-12-25,239.80237773560575,254.59946347397823,266.43966171578154,254.2543906371067
Tron-o-matic 3,NewYork_01,2024-12-26,171.58086332800036,187.4113675283348,203.41266472659427,187.57236737955864
Tron-o-matic 3,NewYork_01,2024-12-27,171.50490492844682,188.9196110277328,204.82174526661117,188.20373477331262
Tron-o-matic 3,NewYork_01,2024-12-28,175.68336948734634,188.1256742678555,204.3814426578517,189.1834423302713
Tron-o-matic 3,NewYork_01,2024-12-29,172.52552244631858,189.14149917623436,209.71950377544167,188.67752134221618
Tron-o-matic 3,NewYork_01,2024-12-30,282.8012824017334,301.17457923644196,316.8264981902887,300.8554787788915
Tron-o-matic 3,NewYork_01,2024-12-31,173.82873874873687,190.40483097206143,205.02971656078836,189.81225855459135
Tron-o-matic 3,Houston_01,2024-10-01,139.0830769424405,154.29057726371818,165.51540342577462,152.72388099406365
Tron-o-matic 3,Houston_01,2024-10-02,141.9290171336827,152.85502992999537,164.85979204662846,153.26398977025258
Tron-o-matic 3,Houston_01,2024-10-03,141.14684272141506,153.61260998555008,168.93223658185656,153.97018599475518
Tron-o-matic 3,Houston_01,2024-10-04,140.26193479851145,152.59032123383744,162.1196585377896,151.82132901325377
Tron-o-matic 3,Houston_01,2024-10-05,141.2382696606707,154.22827502692513,167.0942664248181,154.17288030957502
Tron-o-matic 3,Houston_01,2024-10-06,140.59355664336343,153.72961417682063,164.38706323295528,152.97506267690676
Tron-o-matic 3,Houston_01,2024-10-07,138.95855066027588,150.8869551920838,160.7861713679212,150.267146342323
Tron-o-matic 3,Houston_01,2024-10-08,141.70010499048755,152.72404968218652,165.24287305724363,153.05916435214556
Tron-o-matic 3,Houston_01,2024-10-09,172.69904215909776,184.2603618190504,196.40311322696294,184.11100981005671
Tron-o-matic 3,Houston_01,2024-10-10,188.6561483158907,199.29793509899545,210.22985029083563,199.74580583714098
Tron-o-matic 3,Houston_01,2024-10-11,243.98572561668817,259.6594018730306,271.42678349380327,258.558850769192
Tron-o-matic 3,Houston_01,2024-10-12,142.95147539867725,153.49826662393752,163.83323311137946,153.56654801883482
Tron-o-matic 3,Houston_01,2024-10-13,136.39970621761785,151.76171224070194,165.75090928236455,151.25622674708876
Tron-o-matic 3,Houston_01,2024-10-14,253.33553384524413,267.08577966627627,281.10506358606074,266.6741075091819
Tron-o-matic 3,Houston_01,2024-10-15,226.01391688561876,237.29433484163707,248.67182536097266,236.79421419855422
Tron-o-matic 3,Houston_01,2024-10-16,233.2319269721049,241.64663217462717,254.58332484591625,242.68588709242434
Tron-o-matic 3,Houston_01,2024-10-17,140.51983337786763,151.5281308590252,162.2715233899899,151.66988326796957
Tron-o-matic 3,Houston_01,2024-10-18,250.24140418171314,262.9360762938238,274.5742418534888,262.7090388054263
Tron-o-matic 3,Houston_01,2024-10-19,239.06193402577347,253.64658472756057,266.31790573141984,252.77247133100752
Tron-o-matic 3,Houston_01,2024-10-20,136.75001228867936,150.68332017278038,163.06159972246192,149.70980996609822
Tron-o-matic 3,Houston_01,2024-10-21,179.8033382718597,190.5340431428521,205.4111837835067,191.23440119781174
Tron-o-matic 3,Houston_01,2024-10-22,134.73380653113935,147.274311227739,160.26174337059732,147.86364935669752
Tron-o-matic 3,Houston_01,2024-10-23,135.68468082024089,148.71703501647548,158.70114941436347,147.73149307901275
Tron-o-matic 3,Houston_01,2024-10-24,134.94029518514574,148.29582736038674,159.21191893588556,148.3350460615871
Tron-o-matic 3,Houston_01,2024-10-25,136.73529663248593,148.48275256892964,157.320232804002,147.12233644406143
Tron-o-matic 3,Houston_01,2024-10-26,154.82765909802183,164.70377580255678,177.30567572758918,165.48882274142431
Tron-o-matic 3,Houston_01,2024-10-27,181.52960842156662,195.38437061563377,207.30706406213451,194.98122498721716
Tron-o-matic 3,Houston_01,2024-10-28,186.79079789148386,197.09695607702582,207.30827131342062,196.74421464846174
Tron-o-matic 3,Houston_01,2024-10-29,170.50993330529354,183.84318889835313,196.37773854793363,183.4290748818603
Tron-o-matic 3,Houston_01,2024-10-30,251.20268201367227,261.8970611605057,273.0130155453253,262.26105036348787
Tron-o-matic 3,Houston_01,2024-10-31,166.67186413540995,179.17334189734765,189.1030687587316,178.34096974612643
Tron-o-matic 3,Houston_01,2024-11-01,182.68200381595557,192.30418567811057,204.21029313116335,193.35217055050418
Tron-o-matic 3,Houston_01,2024-11-02,128.55510383711865,142.16839409093566,153.55551254374532,142.0185862869024
Tron-o-matic 3,Houston_01,2024-11-03,130.38828876121346,143.1784930554234,155.58626728851462,143.15207802707928
Tron-o-matic 3,Houston_01,2024-11-04,131.2683093590027,143.2412640040721,156.95606203171582,143.6526026305238
Tron-o-matic 3,Houston_01,2024-11-05,130.0492724280511,141.63396306910494,153.2505104208814,141.7501714064212
Tron-o-matic 3,Houston_01,2024-11-06,128.3708742375257,140.70739015396674,156.52185269501553,141.50678370824963
Tron-o-matic 3,Houston_01,2024-11-07,127.78828285056443,140.28610493375177,151.45179160911857,140.11802097930283
Tron-o-matic 3,Houston_01,2024-11-08,126.55917069627019,140.6155096544852,150.93321607907995,139.47389078622507
Tron-o-matic 3,Houston_01,2024-11-09,125.33975919766795,139.8683762244667,149.14531111524812,139.05937025434775
Tron-o-matic 3,Houston_01,2024-11-10,124.57917626180904,137.47556025681203,151.7459042506717,137.2838436631497
Tron-o-matic 3,Houston_01,2024-11-11,124.059886481968,138.81046267910864,153.1969945458666,138.7202966835603
Tron-o-matic 3,Houston_01,2024-11-12,127.6557190750174,141.01085802783663,152.1493120470632,139.94511935785738
Tron-o-matic 3,Houston_01,2024-11-13,124.6967058771039,138.39497786266142,148.86794125493788,137.6139344392151
Tron-o-matic 3,Houston_01,2024-11-14,156.2638223510484,168.2492265350646,179.9943809009798,167.66165389818588
Tron-o-matic 3,Houston_01,2024-11-15,179.24934104709777,189.49861114046422,199.64157207924598,189.3888295971902
Tron-o-matic 3,Houston_01,2024-11-16,159.6865498551002,171.85414611413213,181.71206619296004,171.303058933923
Tron-o-matic 3,Houston_01,2024-11-17,125.6620469612363,137.99000602203634,151.7091025345248,138.55500510523166
Tron-o-matic 3,Houston_01,2024-11-18,126.4009661891909,136.5182518694556,149.52961049489423,137.37415446331732
Tron-o-matic 3,Houston_01,2024-11-19,127.13113220027628,139.268364750724,149.56821360160205,138.94268709646954
Tron-o-matic 3,Houston_01,2024-11-20,123.80489821031524,137.42026371881653,146.08219103896187,135.8518503466675
Tron-o-matic 3,Houston_01,2024-11-21,205.4364056601622,218.78991978232875,230.47846030688592,217.57982097096425
Tron-o-matic 3,Houston_01,2024-11-22,125.2170326280494,137.70295813863166,150.75704065904597,137.44419089089232
Tron-o-matic 3,Houston_01,2024-11-23,127.81390142101988,139.71041395975425,154.0351173967745,139.84316734749234
Tron-o-matic 3,Houston_01,2024-11-24,159.18457195885665,169.9927246512452,180.19714730201264,168.96300659875146
Tron-o-matic 3,Houston_01,2024-11-25,125.04164892261214,138.25491897977255,152.22725054168492,138.1442349719406
Tron-o-matic 3,Houston_01,2024-11-26,126.52943731156859,136.90759506487515,151.36119795221964,138.17838882828948
Tron-o-matic 3,Houston_01,2024-11-27,155.15736222642255,169.65907973940347,182.25683650296602,169.3048369491575
Tron-o-matic 3,Houston_01,2024-11-28,176.02289065189643,188.78742642055977,198.80024033903965,188.58646137180077
Tron-o-matic 3,Houston_01,2024-11-29,245.06821302055044,256.2458094800674,265.19891481982813,255.99036282324795
Tron-o-matic 3,Houston_01,2024-11-30,220.14738646510807,230.83348621656495,247.76416561350385,232.2549264021053
Tron-o-matic 3,Houston_01,2024-12-01,226.63087694798242,241.28916588218496,250.44025152764985,240.25801786663612
Tron-o-matic 3,Houston_01,2024-12-02,127.21143806220796,136.90448165421859,152.78563269380464,138.09815273050526
Tron-o-matic 3,Houston_01,2024-12-03,242.49812662853697,253.29407784729293,264.55894762037275,252.97793251814102
Tron-o-matic 3,Houston_01,2024-12-04,176.22857688899518,189.9537885766522,202.6372846111715,189.66446672339515
Tron-o-matic 3,Houston_01,2024-12-05,128.805542915489,138.37280391879804,149.195098728462,138.26399144134385
Tron-o-matic 3,Houston_01,2024-12-06,148.49937280498133,160.9496337987422,170.518292497558,160.46222067567248
Tron-o-matic 3,Houston_01,2024-12-07,182.89864590175932,193.38235838617337,205.46673531411298,193.0727533657192
Tron-o-matic 3,Houston_01,2024-12-08,126.0408974138238,138.98043013423683,151.87069049900666,138.39557706344186
Tron-o-matic 3,Houston_01,2024-12-09,124.11180410264917,136.7434218206992,149.07165897478885,137.4377764692369
Tron-o-matic 3,Houston_01,2024-12-10,127.11583823211015,140.2481746825816,152.53143315468566,140.48094998298964
Tron-o-matic 3,Houston_01,2024-12-11,129.77817723303107,138.850529015612,149.1649687815686,138.96134303491996
Tron-o-matic 3,Houston_01,2024-12-12,130.53450981715966,141.78055331362535,153.04883840638087,141.90060996463563
Tron-o-matic 3,Houston_01,2024-12-13,154.0964828003972,169.41054297933218,181.91930552141102,169.306706988011
Tron-o-matic 3,Houston_01,2024-12-14,130.93924381904714,144.5758634659872,157.50140346200476,143.95945011478798
Tron-o-matic 3,Houston_01,2024-12-15,177.46977946222617,190.16981361181425,204.23037345305787,189.65475691785525
Tron-o-matic 3,Houston_01,2024-12-16,167.98079062911629,180.64754886089332,192.49644874130823,180.685881382196
Tron-o-matic 3,Houston_01,2024-12-17,132.1007675000094,143.48713037971118,155.23354887516868,143.30716089747546
Tron-o-matic 3,Houston_01,2024-12-18,219.99572926001798,232.34707900960436,242.49669602841144,231.36856120369418
Tron-o-matic 3,Houston_01,2024-12-19,210.269420337778,224.7136241230065,236.0257958160641,223.8118061552879
Tron-o-matic 3,Houston_01,2024-12-20,127.97027355648947,140.89810368501145,155.34236823407505,140.91786647928427
Tron-o-matic 3,Houston_01,2024-12-21,129.28236055543243,142.48629460675969,153.99157523162998,141.33712093624223
Tron-o-matic 3,Houston_01,2024-12-22,130.48895049409128,141.83922336730092,153.4514526922566,141.73678143619537
Tron-o-matic 3,Houston_01,2024-12-23,131.8418194534007,144.37778131094427,153.79533221092004,143.3802716334054
Tron-o-matic 3,Houston_01,2024-12-24,130.12764955043082,141.7184304880334,153.50149520265253,141.558920293471
Tron-o-matic 3,Houston_01,2024-12-25,179.12804598462725,191.6699742669322,200.38328786322393,190.74087553640726
Tron-o-matic 3,Houston_01,2024-12-26,132.2149745624781,144.34902186641935,156.11272947571308,144.3982432002995
Tron-o-matic 3,Houston_01,2024-12-27,128.34374440066892,142.14517994648162,153.0503969847029,141.22174376453563
Tron-o-matic 3,Houston_01,2024-12-28,132.53929423077398,144.0336604325478,155.71915580174883,143.49977152267724
Tron-o-matic 3,Houston_01,2024-12-29,133.10648071089292,143.96037463929042,153.8894975688483,144.02255972072217
Tron-o-matic 3,Houston_01,2024-12-30,213.69938629354633,230.98884516055227,239.79133238539214,228.55492866302768
Tron-o-matic 3,Houston_01,2024-12-31,131.83573794003897,144.55523899866168,154.21092685156802,143.85736022725968
Tron-o-matic 3,LosAngeles_01,2024-10-01,237.028908189736,262.6587335637876,281.17941634799126,260.529254351799
Tron-o-matic 3,LosAngeles_01,2024-10-02,235.26481397394014,258.4005388028277,283.634528702583,260.0236048248512
Tron-o-matic 3,LosAngeles_01,2024-10-03,247.15779739112253,264.1365658189662,287.9413079932242,265.83846816226713
Tron-o-matic 3,LosAngeles_01,2024-10-04,242.1426116578975,262.851205693411,281.86515026932375,261.49547797375664
Tron-o-matic 3,LosAngeles_01,2024-10-05,241.22169850986143,261.7750010003166,286.8620454440989,264.3666511226431
Tron-o-matic 3,LosAngeles_01,2024-10-06,240.25773188861683,263.82376813153,286.1826880351212,263.3200972043137
Tron-o-matic 3,LosAngeles_01,2024-10-07,244.515195475606,265.5666626083395,288.03468151631336,265.8497074689221
Tron-o-matic 3,LosAngeles_01,2024-10-08,244.74948475084375,266.05373527554127,285.04658353319695,265.30896728773007
Tron-o-matic 3,LosAngeles_01,2024-10-09,303.18614672771827,322.6275313520823,342.26967120548983,321.8458707743538
Tron-o-matic 3,LosAngeles_01,2024-10-10,323.7238546082699,347.4337573303967,364.9857933921274,345.76621225728974
Tron-o-matic 3,LosAngeles_01,2024-10-11,427.70576104706026,447.2361579266303,469.8315120476424,448.11005010557244
Tron-o-matic 3,LosAngeles_01,2024-10-12,247.05875049714666,265.27667200230843,283.6434014024758,265.99799434341804
Tron-o-matic 3,LosAngeles_01,2024-10-13,240.13535343518063,260.6403279122132,281.9413086719313,261.30455614777657
Tron-o-matic 3,LosAngeles_01,2024-10-14,444.89254062086604,464.6501845782848,483.11969617127386,463.23356080985087
Tron-o-matic 3,LosAngeles_01,2024-10-15,390.8718662139886,414.1527905856652,434.78055559817653,412.71309509124853
Tron-o-matic 3,LosAngeles_01,2024-10-16,398.7320511918331,420.93804865165515,438.98294149071273,420.3288141550433
Tron-o-matic 3,LosAngeles_01,2024-10-17,241.1818641887487,262.5650199041607,283.8196931172935,262.7034437645498
Tron-o-matic 3,LosAngeles_01,2024-10-18,433.4360251322989,451.26022762494705,469.1744796640682,450.5881421582974
Tron-o-matic 3,LosAngeles_01,2024-10-19,413.4228433663192,439.89530124171336,459.95792304130146,440.04013056988464
Tron-o-matic 3,LosAngeles_01,2024-10-20,242.2076284487533,262.9416734194536,283.2984884120379,261.8344121016663
Tron-o-matic 3,LosAngeles_01,2024-10-21,312.4218759284452,333.52220805829387,353.02092143174616,332.9769523404661
Tron-o-matic 3,LosAngeles_01,2024-10-22,238.2498534706668,256.3472622996938,276.9812481869488,257.0845337791199
Tron-o-matic 3,LosAngeles_01,2024-10-23,241.27853934466805,261.31416046152,277.7948472465384,260.6763162683839
Tron-o-matic 3,LosAngeles_01,2024-10-24,239.06410317026166,258.1410941040554,280.9741690694488,259.4277230280796
Tron-o-matic 3,LosAngeles_01,2024-10-25,232.09047141440195,255.13011382657822,273.2169895440773,253.30221341318583
Tron-o-matic 3,LosAngeles_01,2024-10-26,266.82827069843853,286.55028856221134,310.3182831124952,287.77665583717976
Tron-o-matic 3,LosAngeles_01,2024-10-27,320.7511347548996,338.88174512692945,358.84727563282274,339.2584957079425
Tron-o-matic 3,LosAngeles_01,2024-10-28,322.7783117811888,343.5556806497788,357.9819758840919,341.53134463363904
Tron-o-matic 3,LosAngeles_01,2024-10-29,294.0092694829639,315.7528805914356,335.95009739430765,315.735087010003
Tron-o-matic 3,LosAngeles_01,2024-10-30,430.7777153001213,452.9223391545006,473.6794476922806,453.00148609223055
Tron-o-matic 3,LosAngeles_01,2024-10-31,288.6192994707675,305.94864742002545,328.1299180489052,307.2500488409139
Tron-o-matic 3,LosAngeles_01,2024-11-01,305.86175057263273,329.90974300810853,350.18164425032796,330.4876871679983
Tron-o-matic 3,LosAngeles_01,2024-11-02,227.37081785791133,247.20030239703223,270.4359023658853,247.6718788769841
Tron-o-matic 3,LosAngeles_01,2024-11-03,226.0113228062328,245.4787418419224,261.32928993294144,243.8467859494724
Tron-o-matic 3,LosAngeles_01,2024-11-04,220.99755905983014,243.93754707016797,270.9104580417948,244.81619542367704
Tron-o-matic 3,LosAngeles_01,2024-11-05,226.1514557629251,243.66282823284953,263.56885811473956,244.29478757610013
Tron-o-matic 3,LosAngeles_01,2024-11-06,224.38135165232777,247.95675799096648,269.07894176522626,246.71612161456883
Tron-o-matic 3,LosAngeles_01,2024-11-07,226.42502718934966,245.6657808635035,267.17310388960726,246.31135138677757
Tron-o-matic 3,LosAngeles_01,2024-11-08,218.27126110824426,239.82937769467992,260.6454578398119,238.8389508141562
Tron-o-matic 3,LosAngeles_01,2024-11-09,223.62563256254998,247.72197869413074,264.66781776493485,244.9673030344
Tron-o-matic 3,LosAngeles_01,2024-11-10,219.36397228669168,240.07298936396592,259.1056649766165,239.77060013755195
Tron-o-matic 3,LosAngeles_01,2024-11-11,220.70627757135384,238.8210378279102,260.85828357107175,239.8474118173842
Tron-o-matic 3,LosAngeles_01,2024-11-12,221.02952199984833,242.46206118275208,264.154413199089,241.5817926387602
Tron-o-matic 3,LosAngeles_01,2024-11-13,219.01486497027597,237.9766140070263,258.5052273138858,238.46431647440997
Tron-o-matic 3,LosAngeles_01,2024-11-14,265.7510025831581,296.01242097683155,313.9257774339397,292.99696104901227
Tron-o-matic 3,LosAngeles_01,2024-11-15,303.4455338541903,325.9149645251789,347.673927103927,326.8990284224758
Tron-o-matic 3,LosAngeles_01,2024-11-16,278.2166557909972,296.5096035308695,313.8294819999102,296.4044801565228
Tron-o-matic 3,LosAngeles_01,2024-11-17,221.71611353625454,241.25558476964378,258.85597863394486,239.7366730855935
Tron-o-matic 3,LosAngeles_01,2024-11-18,218.63476766140968,239.75221439519532,262.09805182261863,238.75618956959713
Tron-o-matic 3,LosAngeles_01,2024-11-19,219.73601272183157,241.69001853701806,259.9471799546936,239.87046384563243
Tron-o-matic 3,LosAngeles_01,2024-11-20,211.12158200035924,238.71070323880613,255.64314688823163,236.87693736601705
Tron-o-matic 3,LosAngeles_01,2024-11-21,356.57700252137664,380.3791837157675,400.11966998248624,378.76250671148574
Tron-o-matic 3,LosAngeles_01,2024-11-22,217.53148314172915,237.85263584265425,259.0496872991427,237.2819565634112
Tron-o-matic 3,LosAngeles_01,2024-11-23,219.02963955803457,239.12481427809183,262.42421153985936,240.20464570035864
Tron-o-matic 3,LosAngeles_01,2024-11-24,270.2026751359798,290.8734986402213,312.07789971416076,291.91968808848816
Tron-o-matic 3,LosAngeles_01,2024-11-25,217.53213193419575,240.75255996879864,260.17371310980866,239.42260094030414
Tron-o-matic 3,LosAngeles_01,2024-11-26,221.72520878189187,240.4850411605703,260.5005562416843,240.1647458573092
Tron-o-matic 3,LosAngeles_01,2024-11-27,272.8115013401195,294.68584801320617,312.59800711336874,294.9252985615049
Tron-o-matic 3,LosAngeles_01,2024-11-28,303.77078430929305,325.29393895392406,347.1104001490339,325.10597870679186
Tron-o-matic 3,LosAngeles_01,2024-11-29,422.05785858831916,443.2636052937634,464.85233422417866,442.8996586873265
Tron-o-matic 3,LosAngeles_01,2024-11-30,375.20074273142563,399.750399608312,421.446037111144,399.8135830886232
Tron-o-matic 3,LosAngeles_01,2024-12-01,391.30163311826436,415.8313411926374,433.3201577730043,413.39062475860914
Tron-o-matic 3,LosAngeles_01,2024-12-02,215.00637962958893,237.7358785617469,258.26121062391724,236.9372930561606
Tron-o-matic 3,LosAngeles_01,2024-12-03,416.19686657513506,438.9040474199807,460.6444980176138,438.6339227312654
Tron-o-matic 3,LosAngeles_01,2024-12-04,310.6282724352559,329.93451812618946,359.84027704894845,331.6573761822058
Tron-o-matic 3,LosAngeles_01,2024-12-05,222.68987117949507,243.82355749626927,262.08240392609207,242.50413006152138
Tron-o-matic 3,LosAngeles_01,2024-12-06,252.7297798731726,275.8498860689561,296.46648106327115,274.81811134854024
Tron-o-matic 3,LosAngeles_01,2024-12-07,314.7826154740313,333.3771481784838,354.4611166804891,333.75936298912836
Tron-o-matic 3,LosAngeles_01,2024-12-08,221.78686292035502,244.07465855859857,260.90784239251127,241.868637093681
Tron-o-matic 3,LosAngeles_01,2024-12-09,221.90266425825172,245.1629083801163,261.98829752462893,242.80445536260046
Tron-o-matic 3,LosAngeles_01,2024-12-10,226.80559224228213,242.3829422002731,264.55249427668485,243.40644760397464
Tron-o-matic 3,LosAngeles_01,2024-12-11,225.81783384571028,247.54043382145264,264.708165262319,245.67990087646814
Tron-o-matic 3,LosAngeles_01,2024-12-12,226.55784060687785,246.85542279186447,268.2182283710528,247.44798726660255
Tron-o-matic 3,LosAngeles_01,2024-12-13,275.38248484293814,294.39374282728465,313.63843811038026,293.03270215347584
Tron-o-matic 3,LosAngeles_01,2024-12-14,224.11550254585887,243.44528568108836,269.75098665597,244.57630313617233
Tron-o-matic 3,LosAngeles_01,2024-12-15,312.83893820636814,333.0571162780319,351.32164472527893,331.67171640037054
Tron-o-matic 3,LosAngeles_01,2024-12-16,291.38097759218095,314.16783219951867,334.88105388489686,314.3152489882634
Tron-o-matic 3,LosAngeles_01,2024-12-17,227.45397137665267,246.5515727636038,268.1657469547921,247.33386697933355
Tron-o-matic 3,LosAngeles_01,2024-12-18,378.88361067168313,403.13994105038233,427.27332689968193,401.38169448107345
Tron-o-matic 3,LosAngeles_01,2024-12-19,370.3046399192251,388.55715272756595,410.9457284029756,389.3394786011779
Tron-o-matic 3,LosAngeles_01,2024-12-20,224.80646997634594,245.110528669751,264.97679928729417,244.3630736950636
Tron-o-matic 3,LosAngeles_01,2024-12-21,232.73726488078654,250.3684576267884,272.125841281765,251.20949427282022
Tron-o-matic 3,LosAngeles_01,2024-12-22,227.48385421315612,246.32625550195968,261.81145798230096,246.11125568216644
Tron-o-matic 3,LosAngeles_01,2024-12-23,223.15018013270387,244.5091685454426,263.12643551135244,244.37592748580886
Tron-o-matic 3,LosAngeles_01,2024-12-24,229.4764951485887,249.7216635140224,263.2241038590321,248.08009698526163
Tron-o-matic 3,LosAngeles_01,2024-12-25,312.27022338546897,331.1628504101824,350.4523421962309,331.70292135894874
Tron-o-matic 3,LosAngeles_01,2024-12-26,224.3349152314135,247.59707401309026,265.703028944633,246.20494618641038
Tron-o-matic 3,LosAngeles_01,2024-12-27,218.65870128953614,240.63152831072864,263.5553219576293,240.63023361321055
Tron-o-matic 3,LosAngeles_01,2024-12-28,227.3870838873764,248.07712973090514,273.66271600224087,248.68639224623223
Tron-o-matic 3,LosAngeles_01,2024-12-29,226.89861984446384,248.17228899350462,264.475598322113,246.04920897252072
Tron-o-matic 3,LosAngeles_01,2024-12-30,371.5829343576345,391.9351523732663,411.29260020716737,391.8886030768656
Tron-o-matic 3,LosAngeles_01,2024-12-31,225.55891367772864,243.68645176945606,266.4825197183681,244.48935803164554
Tron-o-matic 3,Philadelphia_01,2024-10-01,114.83531346555141,123.96418320412242,135.81364091738573,124.81084761168731
Tron-o-matic 3,Philadelphia_01,2024-10-02,116.46842765599568,127.49712091029815,137.75397061094316,126.7799121412096
Tron-o-matic 3,Philadelphia_01,2024-10-03,115.9650115324584,126.74910172634362,137.91802503605678,126.97416506022073
Tron-o-matic 3,Philadelphia_01,2024-10-04,114.29657866953582,125.53004513383921,135.90165529002277,125.40194099555562
Tron-o-matic 3,Philadelphia_01,2024-10-05,115.1182380148632,126.72592662999067,140.26789593741802,127.36861028137497
Tron-o-matic 3,Philadelphia_01,2024-10-06,118.97802944852546,126.44475438406337,139.64505588378654,127.28385208445596
Tron-o-matic 3,Philadelphia_01,2024-10-07,113.8216373802988,126.41258867909347,135.29902645066318,125.46412247124849
Tron-o-matic 3,Philadelphia_01,2024-10-08,115.23738430696527,126.61769808850106,134.47982197767553,125.8224993555746
Tron-o-matic 3,Philadelphia_01,2024-10-09,143.22377318277498,152.78657223231804,163.76718416703713,153.81736213563835
Tron-o-matic 3,Philadelphia_01,2024-10-10,152.831990815209,165.0210157920057,176.48622773803552,164.84160319694018
Tron-o-matic 3,Philadelphia_01,2024-10-11,202.74577234978005,214.45490658236326,223.56870690347634,213.56648487621587
Tron-o-matic 3,Philadelphia_01,2024-10-12,116.72323023445774,127.44033796753874,138.54148765150228,127.25720133495999
Tron-o-matic 3,Philadelphia_01,2024-10-13,113.08949913333231,125.2161705345817,136.45780498101163,124.18879891622836
Tron-o-matic 3,Philadelphia_01,2024-10-14,210.76510105506182,221.8771137973606,234.6097479410596,222.3123653342083
Tron-o-matic 3,Philadelphia_01,2024-10-15,183.48242025157577,195.52980983237148,204.69564240680606,195.03444650166526
Tron-o-matic 3,Philadelphia_01,2024-10-16,189.23575916262354,199.62587362704994,209.0843134419956,198.8316562156003
Tron-o-matic 3,Philadelphia_01,2024-10-17,113.75828280943604,123.3048414172777,134.95873934030666,124.26923838189265
Tron-o-matic 3,Philadelphia_01,2024-10-18,204.24786484344733,215.3113304640341,225.4530580676726,215.73694018815954
Tron-o-matic 3,Philadelphia_01,2024-10-19,195.74627089301134,205.96399563870935,217.09062556724916,206.6588019984075
Tron-o-matic 3,Philadelphia_01,2024-10-20,111.4127320366991,122.99197073252927,133.38200556386553,122.69560971805447
Tron-o-matic 3,Philadelphia_01,2024-10-21,148.9527493097069,158.9061584126171,168.4476296150196,158.9644857340268
Tron-o-matic 3,Philadelphia_01,2024-10-22,111.69328359975663,122.05009010242361,133.0736131242504,122.23220657930443
Tron-o-matic 3,Philadelphia_01,2024-10-23,108.77519014543631,122.7165951354606,130.44670183276222,120.81863842739003
Tron-o-matic 3,Philadelphia_01,2024-10-24,112.15882730178437,122.5512296277213,133.24346225884082,122.8008572134131
Tron-o-matic 3,Philadelphia_01,2024-10-25,108.08999789080185,119.66251986372926,129.27980771684972,119.21632364777567
Tron-o-matic 3,Philadelphia_01,2024-10-26,124.51179773853018,134.98604564463923,144.88322314305898,134.86087038744176
Tron-o-matic 3,Philadelphia_01,2024-10-27,149.66162130412687,161.52167713906374,173.24816699746873,161.50912801877683
Tron-o-matic 3,Philadelphia_01,2024-10-28,152.39294818240086,162.28004192014546,174.43816053199026,162.91411405195944
Tron-o-matic 3,Philadelphia_01,2024-10-29,138.5078481546896,149.14248898389857,159.25910902404294,149.23945745570407
Tron-o-matic 3,Philadelphia_01,2024-10-30,203.7566381380476,213.07478124063894,223.76244464394478,213.31841526524593
Tron-o-matic 3,Philadelphia_01,2024-10-31,136.38377980728853,145.54761972852216,155.0452873365745,145.67946586357039
Tron-o-matic 3,Philadelphia_01,2024-11-01,150.15034268705676,158.90476705332262,168.92321761370297,158.76950820990282
Tron-o-matic 3,Philadelphia_01,2024-11-02,107.40494790108328,118.46794605668671,127.44394336706793,117.56980248393582
Tron-o-matic 3,Philadelphia_01,2024-11-03,103.28180545398993,116.2738559202173,128.7837670559946,115.68550544543297
Tron-o-matic 3,Philadelphia_01,2024-11-04,106.07985258436224,117.98051616025194,128.1295155681126,117.29431090356263
Tron-o-matic 3,Philadelphia_01,2024-11-05,103.74872710505355,115.65867774925283,124.62292229804473,114.94437319091384
Tron-o-matic 3,Philadelphia_01,2024-11-06,107.25073097596575,116.3769448308306,126.50759754558975,116.46310310145248
Tron-o-matic 3,Philadelphia_01,2024-11-07,105.43835723452294,115.38790451921773,125.65104325894332,115.57469956671044
Tron-o-matic 3,Philadelphia_01,2024-11-08,105.41935146166745,113.99080633017633,126.03636012633305,115.35492111540526
Tron-o-matic 3,Philadelphia_01,2024-11-09,104.45386872129639,115.10844794961228,126.35913385444398,115.58364537542626
Tron-o-matic 3,Philadelphia_01,2024-11-10,104.27272548629264,114.90275187422489,123.15866288305601,114.06722849967245
Tron-o-matic 3,Philadelphia_01,2024-11-11,105.8025385925687,116.1990002269756,128.1751325197542,115.66248699010092
Tron-o-matic 3,Philadelphia_01,2024-11-12,104.75256022449499,114.17398901743007,125.43286353859759,114.65386706145814
Tron-o-matic 3,Philadelphia_01,2024-11-13,105.34709769767812,114.50381738446725,121.60568023809807,114.29543241232594
Tron-o-matic 3,Philadelphia_01,2024-11-14,129.2503118202357,139.30669620264774,151.09403362489263,139.74112773426415
Tron-o-matic 3,Philadelphia_01,2024-11-15,143.82476474621438,155.73707391712807,166.76459053100584,155.679513051588
Tron-o-matic 3,Philadelphia_01,2024-11-16,131.1222113137171,141.32791366606335,151.64935536140166,140.86359821492653
Tron-o-matic 3,Philadelphia_01,2024-11-17,102.11131571770726,115.05232954732773,125.76604200502003,114.2733837556453
Tron-o-matic 3,Philadelphia_01,2024-11-18,102.8405011170582,114.74532239165558,123.8499192769498,114.10079353519792
Tron-o-matic 3,Philadelphia_01,2024-11-19,102.64708612459884,112.8318445557642,123.80255637905091,112.8816491332197
Tron-o-matic 3,Philadelphia_01,2024-11-20,103.38764911337013,115.21169829408876,123.22952902058489,114.24317966620997
Tron-o-matic 3,Philadelphia_01,2024-11-21,171.13001325191402,180.30733736222993,190.64693443712076,180.26778693841058
Tron-o-matic 3,Philadelphia_01,2024-11-22,104.61020743989917,113.25708710927083,121.50836125906324,113.33332229428112
Tron-o-matic 3,Philadelphia_01,2024-11-23,103.25568140714306,113.92567551944751,123.19403732611853,113.45778503218732
Tron-o-matic 3,Philadelphia_01,2024-11-24,129.7243314877315,140.7871654766818,151.45033376494152,140.14541631019785
Tron-o-matic 3,Philadelphia_01,2024-11-25,104.54404361786472,114.1131833500791,122.80494519804128,113.69409538387977
Tron-o-matic 3,Philadelphia_01,2024-11-26,104.55560157736664,115.37341250710084,126.41988039219821,115.4706691056686
Tron-o-matic 3,Philadelphia_01,2024-11-27,131.6042331850945,143.36488828518895,154.9983432114404,143.3443432440291
Tron-o-matic 3,Philadelphia_01,2024-11-28,148.66769061283284,159.3741151391194,165.72247901112792,158.03722143931566
Tron-o-matic 3,Philadelphia_01,2024-11-29,201.75109294582506,212.00968476412814,221.45953028155188,211.38798721308038
Tron-o-matic 3,Philadelphia_01,2024-11-30,184.7242602438974,192.48566903106024,205.2838203901428,193.21421840764563
Tron-o-matic 3,Philadelphia_01,2024-12-01,186.7603147554047,196.50156844883787,208.56621976547953,197.11079316936554
Tron-o-matic 3,Philadelphia_01,2024-12-02,104.10883169247485,115.24061317973863,124.76259371591163,114.79602546281507
Tron-o-matic 3,Philadelphia_01,2024-12-03,200.5454526132773,210.27808456822845,219.76849786454738,210.0918037164967
Tron-o-matic 3,Philadelphia_01,2024-12-04,146.82270107829268,160.27526015751752,168.0111366484618,158.6017433840767
Tron-o-matic 3,Philadelphia_01,2024-12-05,108.61511918429765,117.21324419367363,126.96980439675585,117.43302365582745
Tron-o-matic 3,Philadelphia_01,2024-12-06,125.24642439066201,133.483557595291,145.35477018881645,133.7893786540128
Tron-o-matic 3,Philadelphia_01,2024-12-07,151.21664296571242,159.45986479829875,170.07027902956114,160.12069345974956
Tron-o-matic 3,Philadelphia_01,2024-12-08,102.80601309616023,114.74646186975939,125.4428551283369,114.79847799590829
Tron-o-matic 3,Philadelphia_01,2024-12-09,106.08759109916706,116.06168924458574,126.77474481708425,116.45943309267076
Tron-o-matic 3,Philadelphia_01,2024-12-10,107.42264436407574,116.81133804470883,125.9205153294402,116.57435375994869
Tron-o-matic 3,Philadelphia_01,2024-12-11,105.2959592057215,114.72049265003332,126.70673286203066,115.0340058203246
Tron-o-matic 3,Philadelphia_01,2024-12-12,105.4141224441303,116.73021017872429,127.26841816983818,116.79719356167912
Tron-o-matic 3,Philadelphia_01,2024-12-13,129.03157350728628,138.40949909181222,149.14880162082054,139.10328152463492
Tron-o-matic 3,Philadelphia_01,2024-12-14,107.16647119731374,117.02286071449592,124.69387125821474,116.45869918236153
Tron-o-matic 3,Philadelphia_01,2024-12-15,147.5061735045078,156.05583487071786,164.95227997608467,156.12885826146587
Tron-o-matic 3,Philadelphia_01,2024-12-16,135.01005508909117,149.0336270466823,160.18146452089064,148.18117337295584
Tron-o-matic 3,Philadelphia_01,2024-12-17,104.53823931818982,115.21648543820838,125.62479534793023,115.25406885211818
Tron-o-matic 3,Philadelphia_01,2024-12-18,181.87099838023954,190.80710145581875,201.8775319611514,191.3588862190209
Tron-o-matic 3,Philadelphia_01,2024-12-19,174.98605584403566,185.62876170356472,195.08802874484576,185.2045638557655
Tron-o-matic 3,Philadelphia_01,2024-12-20,105.56736166456514,116.43662161587359,128.25907554984528,116.16330095651782
Tron-o-matic 3,Philadelphia_01,2024-12-21,106.44638917585362,115.72888032074665,126.82363860762555,116.1901778429449
Tron-o-matic 3,Philadelphia_01,2024-12-22,106.15087601437614,116.61962568097788,127.25855871861788,116.66399283331761
Tron-o-matic 3,Philadelphia_01,2024-12-23,108.25968161234024,116.82247512476495,125.89960344252039,117.00482895372292
Tron-o-matic 3,Philadelphia_01,2024-12-24,106.17998765231337,114.47253034201663,126.0559102041354,115.36145370597097
Tron-o-matic 3,Philadelphia_01,2024-12-25,147.8680936852771,158.76857677120486,168.43497614938562,158.27838005232599
Tron-o-matic 3,Philadelphia_01,2024-12-26,107.54332123986148,118.20600160418091,129.97105588486616,118.12454079675267
Tron-o-matic 3,Philadelphia_01,2024-12-27,104.86265027757523,115.17366191789027,126.41518615040712,115.31920566749645
Tron-o-matic 3,Philadelphia_01,2024-12-28,108.72261149192289,118.27590778097321,128.35424414473863,118.16685436525032
Tron-o-matic 3,Philadelphia_01,2024-12-29,106.6047824262057,117.03857659013994,126.71037876617032,116.91974990616588
Tron-o-matic 3,Philadelphia_01,2024-12-30,174.85293731790523,188.1976560390973,198.44976104763072,187.3735474549466
Tron-o-matic 3,Philadelphia_01,2024-12-31,107.02484893393856,117.19844864544048,126.69034129246606,117.10943782061855
Tron-o-matic 3,Online_Store,2024-10-01,3693.628796801702,4023.8389545619907,4326.998161276361,4009.652933285142
Tron-o-matic 3,Online_Store,2024-10-02,3664.3227487782306,4065.645424125934,4362.127033845295,4053.1091528591865
Tron-o-matic 3,Online_Store,2024-10-03,3743.7945863835016,4063.9466380542954,4345.412351906752,4052.8530611234496
Tron-o-matic 3,Online_Store,2024-10-04,3728.8171244222262,4029.13505255541,4407.779139724623,4055.120694811136
Tron-o-matic 3,Online_Store,2024-10-05,3780.1274722556386,4016.8512059640957,4372.690430416526,4052.3275027020554
Tron-o-matic 3,Online_Store,2024-10-06,3672.5005219551153,4015.359379556084,4439.737959833223,4030.781122826025
Tron-o-matic 3,Online_Store,2024-10-07,3784.740758260109,4060.7099773647883,4417.972124338062,4072.939686688721
Tron-o-matic 3,Online_Store,2024-10-08,3683.719615122576,3994.8513156270087,4357.071268152178,4009.6240911743603
Tron-o-matic 3,Online_Store,2024-10-09,4610.02137833383,4848.326923955153,5184.491021114184,4870.115214233686
Tron-o-matic 3,Online_Store,2024-10-10,4967.327550907905,5288.896099208656,5582.208098630803,5286.597161141939
Tron-o-matic 3,Online_Store,2024-10-11,6543.49188134977,6904.133396520504,7263.7182064025865,6890.9915513876595
Tron-o-matic 3,Online_Store,2024-10-12,3631.1055892833297,4017.1972967648385,4317.543865703201,3996.961346105855
Tron-o-matic 3,Online_Store,2024-10-13,3663.550824222013,3960.119976270353,4239.697442678195,3965.9499713874807
Tron-o-matic 3,Online_Store,2024-10-14,6794.300670760161,7167.1373016992475,7452.872861109583,7140.6915696537835
Tron-o-matic 3,Online_Store,2024-10-15,5923.880646948424,6311.32579330443,6587.775540053302,6295.772987849814
Tron-o-matic 3,Online_Store,2024-10-16,6103.209918855766,6389.088470472281,6693.471590973117,6392.337588549866
Tron-o-matic 3,Online_Store,2024-10-17,3594.002953216296,3959.5256462918956,4211.3807705434165,3941.28290007837
Tron-o-matic 3,Online_Store,2024-10-18,6633.447006525273,6951.606005378329,7319.582758459409,6979.488623993999
Tron-o-matic 3,Online_Store,2024-10-19,6355.194124496147,6689.3515418894185,6960.0318902995905,6672.872560669464
Tron-o-matic 3,Online_Store,2024-10-20,3582.5056300550923,3982.7673764754804,4214.390524684239,3945.886406386756
Tron-o-matic 3,Online_Store,2024-10-21,4674.6783107715255,5089.82301264521,5337.959971966385,5033.859461382096
Tron-o-matic 3,Online_Store,2024-10-22,3605.7119585101336,3943.094059453568,4207.920654701352,3912.195883212508
Tron-o-matic 3,Online_Store,2024-10-23,3589.4914007239513,3948.0621565718257,4234.348090975966,3957.4737879887934
Tron-o-matic 3,Online_Store,2024-10-24,3538.1473181430893,3940.710255220361,4232.156071114095,3913.715454976316
Tron-o-matic 3,Online_Store,2024-10-25,3574.870647364054,3889.704867061661,4133.50280301705,3859.6850069948914
Tron-o-matic 3,Online_Store,2024-10-26,4112.250273611939,4399.156127189004,4730.539347601436,4397.181100401127
Tron-o-matic 3,Online_Store,2024-10-27,4847.665572167001,5200.013222312481,5607.733444614654,5211.555123280985
Tron-o-matic 3,Online_Store,2024-10-28,4940.471064247963,5271.165434914908,5555.276162216477,5261.381823396177
Tron-o-matic 3,Online_Store,2024-10-29,4526.519132716603,4832.657682201571,5104.628997685778,4832.348969484581
Tron-o-matic 3,Online_Store,2024-10-30,6617.671416091917,6966.982468176977,7295.933936584488,6966.250515140804
Tron-o-matic 3,Online_Store,2024-10-31,4488.677360195938,4712.5533407377125,5036.897834956222,4727.865284869744
Tron-o-matic 3,Online_Store,2024-11-01,4828.359084513691,5167.041081469197,5466.63021301958,5154.8447822515745
Tron-o-matic 3,Online_Store,2024-11-02,3425.8672295075803,3789.394308194938,4180.792623859328,3783.5729070651664
Tron-o-matic 3,Online_Store,2024-11-03,3312.5807427215004,3705.476013096801,4085.318037977792,3700.4136107043178
Tron-o-matic 3,Online_Store,2024-11-04,3423.343085178008,3776.6480981361233,4021.4265889538983,3744.115905994556
Tron-o-matic 3,Online_Store,2024-11-05,3384.573213278194,3721.0483392745195,4007.9688331614493,3701.257154269015
Tron-o-matic 3,Online_Store,2024-11-06,3437.298351755473,3673.301902182431,4003.0831376325154,3692.172733412662
Tron-o-matic 3,Online_Store,2024-11-07,3350.759858449653,3755.503011182155,4119.8739749792485,3742.88352948106
Tron-o-matic 3,Online_Store,2024-11-08,3272.9066722884145,3645.570812630258,4024.954804564881,3634.9846135167895
Tron-o-matic 3,Online_Store,2024-11-09,3363.0211831918486,3698.8989793291494,3998.7475572056596,3683.245991519654
Tron-o-matic 3,Online_Store,2024-11-10,3288.6606608339844,3589.1812842267223,3878.8874942596267,3594.501931436165
Tron-o-matic 3,Online_Store,2024-11-11,3302.411685632279,3628.627801282412,3943.8577498778436,3635.0631152148794
Tron-o-matic 3,Online_Store,2024-11-12,3327.470097499515,3637.031795487009,3961.0158705052463,3643.8492891829037
Tron-o-matic 3,Online_Store,2024-11-13,3311.7269288350176,3624.0293379950735,3969.5640230711488,3650.5151184080046
Tron-o-matic 3,Online_Store,2024-11-14,4116.111275385137,4415.700269574873,4756.936276093415,4428.699224529405
Tron-o-matic 3,Online_Store,2024-11-15,4673.13868286185,5064.170922201901,5367.337688434583,5032.112709556965
Tron-o-matic 3,Online_Store,2024-11-16,4195.850808657196,4509.078548697649,4823.4828763764635,4510.254425757692
Tron-o-matic 3,Online_Store,2024-11-17,3277.822328608168,3594.8859723684177,3925.173214261526,3595.4773918620817
Tron-o-matic 3,Online_Store,2024-11-18,3320.635948897164,3621.150682476381,3954.9271838783134,3637.8156013950497
Tron-o-matic 3,Online_Store,2024-11-19,3303.5434838332335,3642.2065966237956,3953.4061604687595,3629.335656078137
Tron-o-matic 3,Online_Store,2024-11-20,3333.3643278594354,3621.5904745314406,3976.797805026813,3624.3293421972658
Tron-o-matic 3,Online_Store,2024-11-21,5394.26619022726,5718.819170287699,6042.808284141047,5710.273341922427
Tron-o-matic 3,Online_Store,2024-11-22,3255.354315899266,3684.610121181175,4042.075242490497,3670.677651380045
Tron-o-matic 3,Online_Store,2024-11-23,3446.554711939876,3706.4228907491915,4022.8004574399743,3714.8934012126074
Tron-o-matic 3,Online_Store,2024-11-24,4112.995859953242,4445.805486457081,4731.69071408739,4445.9113553350035
Tron-o-matic 3,Online_Store,2024-11-25,3360.0177755669206,3665.114714535293,3892.401293658183,3650.107958646999
Tron-o-matic 3,Online_Store,2024-11-26,3390.2704636159897,3678.4557197650024,3994.6335078636116,3678.329868670143
Tron-o-matic 3,Online_Store,2024-11-27,4129.914514685031,4497.97937449218,4885.223831411547,4480.890760193177
Tron-o-matic 3,Online_Store,2024-11-28,4683.4687680387115,4978.114921659202,5347.153675380725,4993.407963116438
Tron-o-matic 3,Online_Store,2024-11-29,6545.084348278396,6821.258943432785,7129.0636672573755,6827.201163339249
Tron-o-matic 3,Online_Store,2024-11-30,5855.357663969093,6234.341788391217,6513.940121746722,6212.412898947887
Tron-o-matic 3,Online_Store,2024-12-01,5991.355503608049,6376.401766834592,6719.567395872915,6361.971149372532
Tron-o-matic 3,Online_Store,2024-12-02,3272.081561175554,3592.269682255277,3939.3866712332865,3595.4562200344967
Tron-o-matic 3,Online_Store,2024-12-03,6444.025257735381,6749.860443829283,7096.990271592789,6752.209315569449
Tron-o-matic 3,Online_Store,2024-12-04,4750.532520435418,5097.146616961782,5473.964617052856,5117.807998334782
Tron-o-matic 3,Online_Store,2024-12-05,3383.3622650643347,3745.9712196328433,4061.4081672824072,3741.4266823297776
Tron-o-matic 3,Online_Store,2024-12-06,3902.113466864385,4280.086294076451,4586.884452223861,4256.273473909109
Tron-o-matic 3,Online_Store,2024-12-07,4853.567411526402,5081.538311192271,5461.023813168286,5113.434948726517
Tron-o-matic 3,Online_Store,2024-12-08,3344.7571200340667,3621.9090908570483,3978.5094483794173,3655.3456011459584
Tron-o-matic 3,Online_Store,2024-12-09,3378.7929730674086,3680.1682837613826,4030.2973372604115,3684.100646984651
Tron-o-matic 3,Online_Store,2024-12-10,3399.0113679257147,3706.31224968893,4086.6938489263957,3714.3059554401484
Tron-o-matic 3,Online_Store,2024-12-11,3370.029980134383,3664.751279311575,4104.320079359341,3690.6131319042324
Tron-o-matic 3,Online_Store,2024-12-12,3366.030423608937,3660.832721435914,4059.2752804700885,3705.7617964904225
Tron-o-matic 3,Online_Store,2024-12-13,4248.451788270431,4526.900597230592,4796.056596360462,4516.104307498309
Tron-o-matic 3,Online_Store,2024-12-14,3347.09148916709,3680.1386784706006,4030.3983565924063,3702.365923366698
Tron-o-matic 3,Online_Store,2024-12-15,4745.876321943802,5047.069101181056,5351.6196146045395,5040.731292111318
Tron-o-matic 3,Online_Store,2024-12-16,4369.011398310817,4795.469303296426,5028.957308423243,4757.53224201495
Tron-o-matic 3,Online_Store,2024-12-17,3391.1096193835565,3687.5925922989463,4015.561833097961,3720.8777410806088
Tron-o-matic 3,Online_Store,2024-12-18,5766.003298453434,6168.359204570042,6456.854113891363,6139.180271557853
Tron-o-matic 3,Online_Store,2024-12-19,5632.333618968796,5982.1118504974165,6290.0949153533475,5960.010456362909
Tron-o-matic 3,Online_Store,2024-12-20,3374.2764992782527,3752.767908448518,4057.1092221907497,3739.0527189669538
Tron-o-matic 3,Online_Store,2024-12-21,3433.687152499085,3749.379843741284,4118.0975759460825,3757.776114541372
Tron-o-matic 3,Online_Store,2024-12-22,3420.678482977445,3664.9096850096407,4047.950968170279,3713.909871050466
Tron-o-matic 3,Online_Store,2024-12-23,3452.6291396985266,3693.1026141386355,4000.6528713209314,3703.226622420151
Tron-o-matic 3,Online_Store,2024-12-24,3330.0585297682846,3747.2653210119365,4038.2651593983483,3715.4905087971547
Tron-o-matic 3,Online_Store,2024-12-25,4716.16928144035,5066.055335256277,5446.264583623709,5078.625699312107
Tron-o-matic 3,Online_Store,2024-12-26,3425.096095690931,3788.9311910579404,4160.988368151353,3793.9674249643513
Tron-o-matic 3,Online_Store,2024-12-27,3375.3460920570524,3781.887591136368,4092.4896185980306,3781.915085983303
Tron-o-matic 3,Online_Store,2024-12-28,3451.460940276738,3799.7218178588396,4109.8299009586735,3780.530300682388
Tron-o-matic 3,Online_Store,2024-12-29,3321.0024766849815,3661.9892583589562,4008.4930235992665,3660.775373247408
Tron-o-matic 3,Online_Store,2024-12-30,5704.904648735616,6069.731617278133,6393.040702748833,6049.314798253481
Tron-o-matic 3,Online_Store,2024-12-31,3466.4431921662,3772.008812172633,4102.032929600718,3765.1134600098553
Tron-o-matic 3,NewYork_02,2024-10-01,186.7222226779175,202.51374720633112,222.49257028945652,203.7559058748276
Tron-o-matic 3,NewYork_02,2024-10-02,189.99966210171328,207.55529982461283,221.23253555759953,206.82117432529412
Tron-o-matic 3,NewYork_02,2024-10-03,191.09043029197423,207.18000245663345,226.01189282577053,207.6330120943627
Tron-o-matic 3,NewYork_02,2024-10-04,187.09472449135623,203.38430130734744,219.85918805989775,203.4971485545506
Tron-o-matic 3,NewYork_02,2024-10-05,187.7940628191126,204.6237918186698,218.69611754834858,204.12371629022903
Tron-o-matic 3,NewYork_02,2024-10-06,186.15512988557316,204.01232873035718,217.38305178200434,203.01888744985493
Tron-o-matic 3,NewYork_02,2024-10-07,189.83233466122886,206.7244834258626,222.31230739628924,206.09356414845107
Tron-o-matic 3,NewYork_02,2024-10-08,188.04768718054936,205.56633618086533,219.66006331090642,204.96772318930235
Tron-o-matic 3,NewYork_02,2024-10-09,234.07999434130465,248.2856514345201,268.86940890592325,250.65619838145423
Tron-o-matic 3,NewYork_02,2024-10-10,257.86681144121394,271.0701722398408,290.04252662114607,271.7471297017342
Tron-o-matic 3,NewYork_02,2024-10-11,336.6292731286653,351.23810932482195,366.4983264866,351.3716654879466
Tron-o-matic 3,NewYork_02,2024-10-12,189.85050177029603,205.0927612984086,222.7069737792984,205.76759575706467
Tron-o-matic 3,NewYork_02,2024-10-13,186.06186372947965,202.42460187427804,222.0783057758075,203.04774897816438
Tron-o-matic 3,NewYork_02,2024-10-14,348.123160797625,362.1034231267187,377.38549415509925,361.5360134119362
Tron-o-matic 3,NewYork_02,2024-10-15,304.4019937654123,321.026992542509,338.10684944642173,320.64638108762847
Tron-o-matic 3,NewYork_02,2024-10-16,311.4966081444881,328.6854611167371,344.61882701042987,327.9171514415308
Tron-o-matic 3,NewYork_02,2024-10-17,190.44643562531002,205.93446397912697,219.5243827007941,205.05261125204115
Tron-o-matic 3,NewYork_02,2024-10-18,337.68549753067714,356.84636090580307,372.8569214028196,355.6207569694579
Tron-o-matic 3,NewYork_02,2024-10-19,323.77396385000964,338.7602333384715,354.6555446157215,339.35987327040044
Tron-o-matic 3,NewYork_02,2024-10-20,185.392451138673,200.0282171672964,216.9389001395279,200.78071202160257
Tron-o-matic 3,NewYork_02,2024-10-21,241.21626692811938,260.10712339806764,273.3299014979566,258.3933873139686
Tron-o-matic 3,NewYork_02,2024-10-22,182.06796747595922,200.79170691861975,215.12438495649425,200.72970242273664
Tron-o-matic 3,NewYork_02,2024-10-23,180.85785403262804,200.23897786114972,219.73330035644517,199.63614719929814
Tron-o-matic 3,NewYork_02,2024-10-24,186.0369149652662,199.53541033530215,217.67889725865237,200.54584178579432
Tron-o-matic 3,NewYork_02,2024-10-25,182.7618734988583,196.2082274086966,209.21804538552112,196.45210503785233
Tron-o-matic 3,NewYork_02,2024-10-26,207.8484816571151,225.8265777081202,240.6054679810012,224.49899435850534
Tron-o-matic 3,NewYork_02,2024-10-27,249.5761930284042,266.3209678703546,281.2970002164734,266.14793627618087
Tron-o-matic 3,NewYork_02,2024-10-28,249.77983629572574,267.04284392264094,284.03686416847535,266.2759006029017
Tron-o-matic 3,NewYork_02,2024-10-29,229.21811903023738,246.1757968668478,264.02729280103415,247.20081197757486
Tron-o-matic 3,NewYork_02,2024-10-30,338.3135586521858,356.2068466595223,371.01337544412036,355.57276154147496
Tron-o-matic 3,NewYork_02,2024-10-31,227.34526975707539,241.8959910377277,258.38371966205113,242.42245658377772
Tron-o-matic 3,NewYork_02,2024-11-01,247.0300590901631,263.5293180135257,277.8044640768097,262.89831169121794
Tron-o-matic 3,NewYork_02,2024-11-02,175.78755121458738,194.74060684071054,206.8812799805277,193.32462731718908
Tron-o-matic 3,NewYork_02,2024-11-03,176.73112892836284,191.57819512238626,206.8129997436418,191.50744632960934
Tron-o-matic 3,NewYork_02,2024-11-04,174.78530935446386,189.95115575712663,205.92858968294587,190.86758311989445
Tron-o-matic 3,NewYork_02,2024-11-05,173.09331802015313,187.12769530534018,205.94462471170482,188.06795132257582
Tron-o-matic 3,NewYork_02,2024-11-06,180.53157724791512,194.26943064224548,212.48709505116912,195.25860138709547
Tron-o-matic 3,NewYork_02,2024-11-07,172.95110450556035,190.99341697917038,210.87364517990804,191.31990092205007
Tron-o-matic 3,NewYork_02,2024-11-08,167.63098463774583,187.30683079245628,205.49020046057294,188.19919666524063
Tron-o-matic 3,NewYork_02,2024-11-09,173.74655183744966,189.98058429318198,210.1969738665849,190.35417353021418
Tron-o-matic 3,NewYork_02,2024-11-10,170.77258386622216,186.85182330500788,201.63985990815922,186.547389127739
Tron-o-matic 3,NewYork_02,2024-11-11,170.35025237785828,187.646815163861,203.48800125655544,187.13208112158944
Tron-o-matic 3,NewYork_02,2024-11-12,169.24535559933327,187.87033685357707,203.9779196291477,187.465612748723
Tron-o-matic 3,NewYork_02,2024-11-13,170.81966994697632,188.57439775503462,206.93863282223535,189.03775693434
Tron-o-matic 3,NewYork_02,2024-11-14,213.1130449267752,230.0919864226907,246.6047913920281,229.70905904306818
Tron-o-matic 3,NewYork_02,2024-11-15,237.67607070481358,255.96342832169447,278.2293927173814,256.27150766976234
Tron-o-matic 3,NewYork_02,2024-11-16,216.3416988678273,230.86814309658993,248.49645956920304,231.4002281268999
Tron-o-matic 3,NewYork_02,2024-11-17,170.00007271020914,184.34205472202387,203.30919549633552,185.9439830857831
Tron-o-matic 3,NewYork_02,2024-11-18,172.57557094380016,187.00303101260133,204.9103268576178,187.79261878098416
Tron-o-matic 3,NewYork_02,2024-11-19,168.1106205875504,189.24068819801877,200.80634590923722,186.2126550494543
Tron-o-matic 3,NewYork_02,2024-11-20,173.27158000433965,188.24330533774742,209.02565971457423,190.19352654880186
Tron-o-matic 3,NewYork_02,2024-11-21,278.3477923280776,296.79734440499476,313.5677066659348,296.08385275493276
Tron-o-matic 3,NewYork_02,2024-11-22,170.7644368162455,187.25009630218995,205.89010329613754,186.89856134353337
Tron-o-matic 3,NewYork_02,2024-11-23,173.00998168426906,188.42073802385855,206.1426472253161,189.37450400193063
Tron-o-matic 3,NewYork_02,2024-11-24,213.89159511920982,227.17543340353689,248.94994982143373,228.84345837572099
Tron-o-matic 3,NewYork_02,2024-11-25,171.01893258774305,187.06134517328107,205.25803697404226,187.50069971453973
Tron-o-matic 3,NewYork_02,2024-11-26,171.29315501982904,189.18520653505087,207.95145317374843,189.45100048701494
Tron-o-matic 3,NewYork_02,2024-11-27,213.8182194735378,234.54570483357165,248.3206221056598,232.93795872212485
Tron-o-matic 3,NewYork_02,2024-11-28,234.09349654258983,259.2133630494249,271.8778766815363,256.33995931140333
Tron-o-matic 3,NewYork_02,2024-11-29,329.41408393565706,348.7932943872555,362.1076861307288,347.361438315337
Tron-o-matic 3,NewYork_02,2024-11-30,303.13226746418985,318.28013005876994,333.36734346305286,318.3079490224043
Tron-o-matic 3,NewYork_02,2024-12-01,306.74013883202053,324.239447891954,342.52648247206116,323.77857879655573
Tron-o-matic 3,NewYork_02,2024-12-02,173.54462844051355,189.30072478440132,205.64733392892109,190.37260922134456
Tron-o-matic 3,NewYork_02,2024-12-03,326.2205877005594,343.7467911004274,357.0821994637025,342.4908677466028
Tron-o-matic 3,NewYork_02,2024-12-04,248.2277680012787,260.48138375488804,278.75737035443274,262.51331557880223
Tron-o-matic 3,NewYork_02,2024-12-05,171.59345770843862,192.57425061952296,207.89928912701816,190.8744934048569
Tron-o-matic 3,NewYork_02,2024-12-06,205.11776510864775,218.76258308556342,232.64581909062474,218.96268392904503
Tron-o-matic 3,NewYork_02,2024-12-07,244.69628756797823,259.7389379682409,276.8056493961188,260.68725459981124
Tron-o-matic 3,NewYork_02,2024-12-08,175.4026987468869,189.97144086592914,209.0431055583629,191.39265189876696
Tron-o-matic 3,NewYork_02,2024-12-09,168.15659059171224,188.49974105199428,207.20093067372886,188.27004409971698
Tron-o-matic 3,NewYork_02,2024-12-10,173.0067520280145,193.09039430437429,207.35953328876155,191.5616552240136
Tron-o-matic 3,NewYork_02,2024-12-11,175.5963695425757,191.57784167822726,209.93888340263234,192.1683204242815
Tron-o-matic 3,NewYork_02,2024-12-12,178.30710261728507,191.11697504671395,206.9665485124687,191.88876811060516
Tron-o-matic 3,NewYork_02,2024-12-13,212.83784873266163,232.38727301532688,246.30015960384216,230.1837932460943
Tron-o-matic 3,NewYork_02,2024-12-14,178.24516732092818,190.28011670454748,207.0577166375952,191.1551198214454
Tron-o-matic 3,NewYork_02,2024-12-15,240.45480556687426,258.45119402503826,275.19728142126706,258.1203598172771
Tron-o-matic 3,NewYork_02,2024-12-16,228.77355317138606,246.5353315421402,263.1078735610872,244.4945965739946
Tron-o-matic 3,NewYork_02,2024-12-17,172.12321108803195,190.95230343189215,211.41958521201906,190.44407192128577
Tron-o-matic 3,NewYork_02,2024-12-18,296.5286306142724,315.2915623111591,334.15791887499375,315.5510352228094
Tron-o-matic 3,NewYork_02,2024-12-19,287.62812123098325,302.0005235859913,318.5473950837989,302.0372481836361
Tron-o-matic 3,NewYork_02,2024-12-20,169.8398344579882,190.39030663843025,207.19457023368395,189.9376768427631
Tron-o-matic 3,NewYork_02,2024-12-21,177.97342498891075,193.64673909514994,205.91266119442741,193.29406824567334
Tron-o-matic 3,NewYork_02,2024-12-22,175.24327711399692,193.0550003006761,211.4863473267774,192.63833165798687
Tron-o-matic 3,NewYork_02,2024-12-23,175.3369743661447,193.26722011587614,211.03974209924314,192.45949667646317
Tron-o-matic 3,NewYork_02,2024-12-24,178.70514221678255,194.5343888742587,210.8559462619704,194.33259850126953
Tron-o-matic 3,NewYork_02,2024-12-25,243.79664742156794,258.9711131032837,280.11842381665696,260.66086579955174
Tron-o-matic 3,NewYork_02,2024-12-26,178.06879441041846,196.01576602624883,211.95893005050033,194.92502917673986
Tron-o-matic 3,NewYork_02,2024-12-27,173.24894216228716,194.94351133469343,208.95331839561945,192.227502894826
Tron-o-matic 3,NewYork_02,2024-12-28,174.72940748654833,192.85853406647178,206.49270062515433,191.0365368661177
Tron-o-matic 3,NewYork_02,2024-12-29,175.8290544683164,192.9991851466051,208.67577856503678,192.63248805026183
Tron-o-matic 3,NewYork_02,2024-12-30,284.47738999365293,304.43654020714706,324.89994979091796,305.3755684113855
Tron-o-matic 3,NewYork_02,2024-12-31,177.91498363396914,192.7108914314507,212.64030835128196,193.93400476952567
Tron-o-matic 4 Pro,LosAngeles_01,2024-10-01,75.22665121018595,80.14456381330179,85.81486934699588,80.38102502020689
Tron-o-matic 4 Pro,LosAngeles_01,2024-10-02,75.38480580396657,81.08607428150749,86.44853293442318,80.59577180543232
Tron-o-matic 4 Pro,LosAngeles_01,2024-10-03,86.53632762756553,91.84350423496589,97.4216578300917,91.61972393760334
Tron-o-matic 4 Pro,LosAngeles_01,2024-10-04,74.00125974654077,78.76671747354546,85.10771429895343,79.298835280546
Tron-o-matic 4 Pro,LosAngeles_01,2024-10-05,73.82425293420182,80.1128391158662,85.09145453136256,79.71199700916189
Tron-o-matic 4 Pro,LosAngeles_01,2024-10-06,91.89198548440416,96.46020735077848,102.37547572221962,96.97996008434791
Tron-o-matic 4 Pro,LosAngeles_01,2024-10-07,84.51318414907782,90.22207852687112,94.44303468287872,89.92636611488153
Tron-o-matic 4 Pro,LosAngeles_01,2024-10-08,74.19114284486797,79.03584328848834,85.28483292273549,79.16982232816743
Tron-o-matic 4 Pro,LosAngeles_01,2024-10-09,75.50978344080585,81.6265349336205,86.67531243487686,81.11379373318132
Tron-o-matic 4 Pro,LosAngeles_01,2024-10-10,82.58005861786002,87.33150920305039,92.90416221361501,87.26646185963827
Tron-o-matic 4 Pro,LosAngeles_01,2024-10-11,74.48574565260975,79.7940380691125,84.4808590535032,79.7331506691403
Tron-o-matic 4 Pro,LosAngeles_01,2024-10-12,85.12721421859519,89.90425683374954,94.33619775342214,89.75704462550007
Tron-o-matic 4 Pro,LosAngeles_01,2024-10-13,91.36162063478476,98.69980990094965,104.9149903287239,98.18619455346061
Tron-o-matic 4 Pro,LosAngeles_01,2024-10-14,106.04533853600495,110.98567896246524,117.01910208130047,110.96443713791501
Tron-o-matic 4 Pro,LosAngeles_01,2024-10-15,101.23085904536524,106.89225701171972,112.12909409880278,106.95291376414791
Tron-o-matic 4 Pro,LosAngeles_01,2024-10-16,75.08771525780547,80.0820225922781,85.3061562345437,80.14112494746269
Tron-o-matic 4 Pro,LosAngeles_01,2024-10-17,73.52582679980351,79.18326191828828,85.02779087599257,79.25792163660981
Tron-o-matic 4 Pro,LosAngeles_01,2024-10-18,73.10287385331691,78.47261525372623,84.60992582896095,78.4695366494824
Tron-o-matic 4 Pro,LosAngeles_01,2024-10-19,85.57494974741428,91.29848080184485,95.34740110512818,90.75728668994817
Tron-o-matic 4 Pro,LosAngeles_01,2024-10-20,73.52886561424344,78.82179409661666,82.10054435562971,78.27543624803835
Tron-o-matic 4 Pro,LosAngeles_01,2024-10-21,72.76745017592847,78.53565702895851,83.51530900690459,78.4841282561477
Tron-o-matic 4 Pro,LosAngeles_01,2024-10-22,112.60642449550082,117.77684264533583,124.23782941737223,118.37988510496402
Tron-o-matic 4 Pro,LosAngeles_01,2024-10-23,100.06637890016461,106.10677997277159,112.23983015637418,106.3294867581164
Tron-o-matic 4 Pro,LosAngeles_01,2024-10-24,70.883518792198,78.06159385461332,83.22434975686002,77.49766452842123
Tron-o-matic 4 Pro,LosAngeles_01,2024-10-25,101.8086178952627,106.43145458726616,110.94744202215347,106.2128614821307
Tron-o-matic 4 Pro,LosAngeles_01,2024-10-26,70.49005504952751,76.80825356685388,83.88786692359108,76.9842478740557
Tron-o-matic 4 Pro,LosAngeles_01,2024-10-27,76.60087013487001,81.82296383587047,88.5846906800167,82.22091859415659
Tron-o-matic 4 Pro,LosAngeles_01,2024-10-28,81.57023415048735,86.3717487537181,91.06991771070356,86.38363795476293
Tron-o-matic 4 Pro,LosAngeles_01,2024-10-29,69.03628566142328,75.23530534821482,80.23521045632519,75.00545693958483
Tron-o-matic 4 Pro,LosAngeles_01,2024-10-30,69.7169267529247,75.29213173444847,79.87997212068277,75.20037881786901
Tron-o-matic 4 Pro,LosAngeles_01,2024-10-31,88.44365356987895,94.46722799115622,99.71499663261021,94.304237655863
Tron-o-matic 4 Pro,LosAngeles_01,2024-11-01,69.88203670632652,74.19639690449702,79.68222186486264,74.47822078132903
Tron-o-matic 4 Pro,LosAngeles_01,2024-11-02,97.25401928252967,102.18957483161259,106.92133592290818,101.99962060264774
Tron-o-matic 4 Pro,LosAngeles_01,2024-11-03,66.80845070518677,74.07229781037788,79.71615263018542,74.10451285654864
Tron-o-matic 4 Pro,LosAngeles_01,2024-11-04,102.74974284568864,107.9140750395174,112.97346345232215,107.9668853586042
Tron-o-matic 4 Pro,LosAngeles_01,2024-11-05,84.08111666261988,90.3127016620526,94.94860802690245,90.17267033944103
Tron-o-matic 4 Pro,LosAngeles_01,2024-11-06,100.83164550164996,107.67154873118085,114.8543965894428,107.61521415819568
Tron-o-matic 4 Pro,LosAngeles_01,2024-11-07,66.67460856892866,72.24518477083409,78.09207468262267,72.40124547144464
Tron-o-matic 4 Pro,LosAngeles_01,2024-11-08,74.32713892375317,80.68087269108588,84.31446413582043,80.07984108111678
Tron-o-matic 4 Pro,LosAngeles_01,2024-11-09,84.9990943685198,91.17556378509404,97.1760518402921,91.15654024997643
Tron-o-matic 4 Pro,LosAngeles_01,2024-11-10,65.88507393963278,70.77857182576699,77.57422384732261,71.2802759684153
Tron-o-matic 4 Pro,LosAngeles_01,2024-11-11,97.15341892694912,102.33683589867087,106.17618558794611,101.71588732609592
Tron-o-matic 4 Pro,LosAngeles_01,2024-11-12,66.25134504379012,71.50378978407092,78.26043132162845,71.52540481348679
Tron-o-matic 4 Pro,LosAngeles_01,2024-11-13,65.28597665519469,72.22531920863948,77.54008251489049,71.96703585404694
Tron-o-matic 4 Pro,LosAngeles_01,2024-11-14,66.05732187557459,72.0747533556484,76.44157045451261,71.66095157430374
Tron-o-matic 4 Pro,LosAngeles_01,2024-11-15,65.53908956301721,70.47473452446367,75.69406190577696,70.27989030447155
Tron-o-matic 4 Pro,LosAngeles_01,2024-11-16,99.37593055715644,105.22994007302569,109.74496737342376,104.65291661604817
Tron-o-matic 4 Pro,LosAngeles_01,2024-11-17,79.7548789906209,86.56482145593303,91.5202056621989,86.0043780702642
Tron-o-matic 4 Pro,LosAngeles_01,2024-11-18,100.39301242718695,105.77832240324372,112.34008569589389,105.73011074097694
Tron-o-matic 4 Pro,LosAngeles_01,2024-11-19,66.10550823905484,70.80882558534282,77.39586201233018,71.56952637198349
Tron-o-matic 4 Pro,LosAngeles_01,2024-11-20,108.44957238760735,114.0523663010321,120.25179995996322,114.24299189393965
Tron-o-matic 4 Pro,LosAngeles_01,2024-11-21,65.2244231118986,71.45618662145013,76.34819317345945,70.89906036998477
Tron-o-matic 4 Pro,LosAngeles_01,2024-11-22,65.63219501437779,70.89342558162757,75.63398496734636,70.92721886428296
Tron-o-matic 4 Pro,LosAngeles_01,2024-11-23,65.98321546287131,71.59427822996061,77.39906257300734,71.79387579854162
Tron-o-matic 4 Pro,LosAngeles_01,2024-11-24,65.1500547085325,70.12930719531138,76.05596628027023,70.41756963524567
Tron-o-matic 4 Pro,LosAngeles_01,2024-11-25,102.95002657343646,110.50319057781319,115.70105999542412,109.96660195830796
Tron-o-matic 4 Pro,LosAngeles_01,2024-11-26,65.93709880368172,70.71449098959603,76.37330678834142,70.96304694112916
Tron-o-matic 4 Pro,LosAngeles_01,2024-11-27,64.71665812306381,70.44944807410678,77.7140812241891,71.15824635283921
Tron-o-matic 4 Pro,LosAngeles_01,2024-11-28,65.07529403163798,70.23371160553405,76.78216854860585,70.59087433895421
Tron-o-matic 4 Pro,LosAngeles_01,2024-11-29,108.5035740187462,114.36049324289026,120.36620778322332,114.25829117184384
Tron-o-matic 4 Pro,LosAngeles_01,2024-11-30,65.98460257760618,71.83268373180847,76.62736994361802,71.34756547898134
Tron-o-matic 4 Pro,LosAngeles_01,2024-12-01,65.57388246898688,70.92021548736817,76.2295491793755,71.1479757808469
Tron-o-matic 4 Pro,LosAngeles_01,2024-12-02,66.01640930326825,72.36748929758274,77.78991261210449,71.83384065123782
Tron-o-matic 4 Pro,LosAngeles_01,2024-12-03,79.50979200242917,84.48564722549757,91.08397013076284,84.68256675602834
Tron-o-matic 4 Pro,LosAngeles_01,2024-12-04,67.0414320251598,72.01367410969007,76.97607381506384,71.99646045919526
Tron-o-matic 4 Pro,LosAngeles_01,2024-12-05,66.95471976142957,71.75556261831133,76.0862131213341,71.48959008696865
Tron-o-matic 4 Pro,LosAngeles_01,2024-12-06,66.40272572511577,71.92710617920254,77.26523922002829,71.91720934762279
Tron-o-matic 4 Pro,LosAngeles_01,2024-12-07,86.38894440061208,91.93186766100419,96.45941178252691,91.58419417434416
Tron-o-matic 4 Pro,LosAngeles_01,2024-12-08,78.20525065868144,83.16359099599288,88.66303397015605,83.18497058992033
Tron-o-matic 4 Pro,LosAngeles_01,2024-12-09,104.1736509845313,109.87091596703657,115.11122200980085,109.8103562741436
Tron-o-matic 4 Pro,LosAngeles_01,2024-12-10,66.85628973032925,71.24718345428964,76.51899452087284,71.45837072389247
Tron-o-matic 4 Pro,LosAngeles_01,2024-12-11,65.65052939407387,70.83966018853494,75.86861227431402,70.74599873145247
Tron-o-matic 4 Pro,LosAngeles_01,2024-12-12,98.97221912837901,103.71995031183536,109.93231329147031,103.8047065529676
Tron-o-matic 4 Pro,LosAngeles_01,2024-12-13,64.61209608369012,70.72769823401298,75.24763671742109,70.495782108339
Tron-o-matic 4 Pro,LosAngeles_01,2024-12-14,77.95940375018893,83.01793179729756,88.35393836429618,83.13457628113946
Tron-o-matic 4 Pro,LosAngeles_01,2024-12-15,65.82542749123121,71.1859024561416,76.66233649922795,71.28879160832213
Tron-o-matic 4 Pro,LosAngeles_01,2024-12-16,66.46984717981798,72.15979949971657,78.1437465130549,71.63334802402277
Tron-o-matic 4 Pro,LosAngeles_01,2024-12-17,67.54953829566163,72.0049883031302,77.19758647029445,72.2652481333382
Tron-o-matic 4 Pro,LosAngeles_01,2024-12-18,68.41876406105526,72.75089626990524,78.69652799894484,72.75629095704447
Tron-o-matic 4 Pro,LosAngeles_01,2024-12-19,72.5866805395151,77.44867437860826,81.38500746205585,77.1164943310787
Tron-o-matic 4 Pro,LosAngeles_01,2024-12-20,65.93755160295609,70.35511470831062,76.62512043403713,70.71898756297587
Tron-o-matic 4 Pro,LosAngeles_01,2024-12-21,99.55471908352627,104.95767597988184,110.00375910335809,104.93045218098906
Tron-o-matic 4 Pro,LosAngeles_01,2024-12-22,66.33846609605388,72.65236645478106,78.25922890507643,72.56906695896602
Tron-o-matic 4 Pro,LosAngeles_01,2024-12-23,75.4295984426749,80.13974492998246,84.62993736654249,80.11878886867686
Tron-o-matic 4 Pro,LosAngeles_01,2024-12-24,65.42517207953634,72.2342769158078,77.8319078821879,72.02046065196704
Tron-o-matic 4 Pro,LosAngeles_01,2024-12-25,66.0625831897894,72.53062320008291,77.81819980006715,72.47608054139337
Tron-o-matic 4 Pro,LosAngeles_01,2024-12-26,101.73871507205294,107.09907563860014,112.72503785673617,106.91575152306034
Tron-o-matic 4 Pro,LosAngeles_01,2024-12-27,98.58549947994736,103.74402755743296,108.60720098898068,103.84157296989711
Tron-o-matic 4 Pro,LosAngeles_01,2024-12-28,66.64004975832233,73.98837098372888,79.08721118802254,73.31820466494342
Tron-o-matic 4 Pro,LosAngeles_01,2024-12-29,105.14254220835066,110.45607219243105,115.13537835039449,110.24891253243848
Tron-o-matic 4 Pro,LosAngeles_01,2024-12-30,86.91064187931232,92.74194853418216,97.482413565673,92.3831838113602
Tron-o-matic 4 Pro,LosAngeles_01,2024-12-31,78.05669902896084,83.95279368351751,89.70531685842938,83.73952847376023
Tron-o-matic 4 Pro,Atlanta_01,2024-10-01,36.231011985568536,39.19066351087679,41.77244624687734,39.13586130636286
Tron-o-matic 4 Pro,Atlanta_01,2024-10-02,35.93411426458262,38.685302725570445,41.87223719725441,38.873784506859586
Tron-o-matic 4 Pro,Atlanta_01,2024-10-03,41.98926077536546,45.18200271010548,47.36822408992495,44.859704696951376
Tron-o-matic 4 Pro,Atlanta_01,2024-10-04,36.47234931818458,39.18681825387277,42.14857893718492,39.116430148150776
Tron-o-matic 4 Pro,Atlanta_01,2024-10-05,36.581007727305405,38.994439344218904,41.33659401293207,38.9999983135108
Tron-o-matic 4 Pro,Atlanta_01,2024-10-06,44.422517544620526,47.19054038292706,49.961848813105945,47.11259431692993
Tron-o-matic 4 Pro,Atlanta_01,2024-10-07,41.052488186389596,43.73825166873791,45.86975775806482,43.69740181192767
Tron-o-matic 4 Pro,Atlanta_01,2024-10-08,36.34067117296006,38.85431318659832,40.90538237173145,38.789404138866765
Tron-o-matic 4 Pro,Atlanta_01,2024-10-09,35.88797508004595,38.91480682259167,41.45319266385925,38.63999042417316
Tron-o-matic 4 Pro,Atlanta_01,2024-10-10,40.004867787569204,42.73679608144915,45.55578609735979,42.63355053981838
Tron-o-matic 4 Pro,Atlanta_01,2024-10-11,36.10730854850649,38.366700978370424,41.24437807565594,38.475862679348644
Tron-o-matic 4 Pro,Atlanta_01,2024-10-12,39.933256143910356,42.84391544257924,45.78490000208085,42.895935636864266
Tron-o-matic 4 Pro,Atlanta_01,2024-10-13,44.36843909071865,47.61234050345592,50.19495665154938,47.35386242644265
Tron-o-matic 4 Pro,Atlanta_01,2024-10-14,50.86977628153102,53.094212172038716,55.818128135239036,53.25746243677917
Tron-o-matic 4 Pro,Atlanta_01,2024-10-15,48.796720502812406,51.652520154279365,53.675792750516486,51.42146132230972
Tron-o-matic 4 Pro,Atlanta_01,2024-10-16,34.74338285896245,38.50029804627205,41.97185208294619,38.36606774384549
Tron-o-matic 4 Pro,Atlanta_01,2024-10-17,34.40289481545369,37.86642079255453,40.95965207602617,37.842595709105005
Tron-o-matic 4 Pro,Atlanta_01,2024-10-18,34.87191744123288,37.83399805488678,40.3962711696738,37.73544925337455
Tron-o-matic 4 Pro,Atlanta_01,2024-10-19,40.89233787366816,43.06055613577524,46.1055873245629,43.23905490190338
Tron-o-matic 4 Pro,Atlanta_01,2024-10-20,34.794358106744056,37.71741423424403,40.651514853047885,37.70753998836981
Tron-o-matic 4 Pro,Atlanta_01,2024-10-21,35.23801928094475,37.67598891108935,40.050935478833395,37.742968391624984
Tron-o-matic 4 Pro,Atlanta_01,2024-10-22,54.25411339117761,57.07635618352269,59.76663612666232,57.03332122986314
Tron-o-matic 4 Pro,Atlanta_01,2024-10-23,48.847238560673446,51.61560719540545,54.23502116561143,51.36536126879498
Tron-o-matic 4 Pro,Atlanta_01,2024-10-24,34.644648413193764,37.41411891719961,39.772092155689464,37.20130500881572
Tron-o-matic 4 Pro,Atlanta_01,2024-10-25,48.31494446473094,51.187837806697495,54.049959148175546,51.04773166107823
Tron-o-matic 4 Pro,Atlanta_01,2024-10-26,33.680451239096286,37.21862885987497,39.95201894127752,37.018461866384314
Tron-o-matic 4 Pro,Atlanta_01,2024-10-27,37.33082769535728,40.305442222989875,43.17534728027543,40.09283469115315
Tron-o-matic 4 Pro,Atlanta_01,2024-10-28,38.214720829629975,41.48657546088077,44.078337091485295,41.33305473346088
Tron-o-matic 4 Pro,Atlanta_01,2024-10-29,33.7444799122511,36.87907934935328,39.66355461099913,36.74805345134278
Tron-o-matic 4 Pro,Atlanta_01,2024-10-30,33.85374594658133,36.36318704066049,39.365926713475424,36.50226572183178
Tron-o-matic 4 Pro,Atlanta_01,2024-10-31,41.81417354292845,45.201709651148626,48.19849114431293,45.20665776914342
Tron-o-matic 4 Pro,Atlanta_01,2024-11-01,32.67658422512838,35.388532698842916,38.24328358934354,35.366525544921934
Tron-o-matic 4 Pro,Atlanta_01,2024-11-02,46.83982328374798,49.343285919764696,51.84071608177349,49.33483053891957
Tron-o-matic 4 Pro,Atlanta_01,2024-11-03,33.102584992585406,35.53713734440278,38.00207459045811,35.595438495225466
Tron-o-matic 4 Pro,Atlanta_01,2024-11-04,49.45921827277539,51.720172723580895,53.84523260731542,51.602716154015425
Tron-o-matic 4 Pro,Atlanta_01,2024-11-05,41.14488588325351,43.48189329461439,46.88237784849401,43.664204736000876
Tron-o-matic 4 Pro,Atlanta_01,2024-11-06,49.411289563932144,52.17584999498129,54.417785866037775,52.13392854469385
Tron-o-matic 4 Pro,Atlanta_01,2024-11-07,32.7810717205899,35.80460815286959,37.71492539654464,35.44090655080131
Tron-o-matic 4 Pro,Atlanta_01,2024-11-08,36.559523081785265,39.51462456851705,42.26607910921708,39.3219333367375
Tron-o-matic 4 Pro,Atlanta_01,2024-11-09,40.76342528044926,43.770574062358456,46.39265585223904,43.734886541076946
Tron-o-matic 4 Pro,Atlanta_01,2024-11-10,33.0974440357078,35.24443995163915,37.449994174429854,35.294395223139894
Tron-o-matic 4 Pro,Atlanta_01,2024-11-11,46.8187421216476,50.15680451945559,52.50222084448809,49.96492778646558
Tron-o-matic 4 Pro,Atlanta_01,2024-11-12,32.30636987101566,34.712471026221706,37.98215560484308,34.92844049245341
Tron-o-matic 4 Pro,Atlanta_01,2024-11-13,31.84720062530932,34.71567714613586,37.65741986701633,34.65085430912868
Tron-o-matic 4 Pro,Atlanta_01,2024-11-14,32.05794607018381,34.551120518514054,37.7750540440879,34.58025998125688
Tron-o-matic 4 Pro,Atlanta_01,2024-11-15,32.55263958409478,34.78780252861853,37.65568033178644,34.87752605265293
Tron-o-matic 4 Pro,Atlanta_01,2024-11-16,48.271840350361614,50.911543526553515,53.199585143537654,50.81339951520815
Tron-o-matic 4 Pro,Atlanta_01,2024-11-17,39.88915668442599,42.449092355168,44.914305825270205,42.39060117847957
Tron-o-matic 4 Pro,Atlanta_01,2024-11-18,48.771673759787326,51.67204298879375,54.27411142558355,51.463734612536925
Tron-o-matic 4 Pro,Atlanta_01,2024-11-19,31.179541906725884,34.64227194857595,38.3239295254166,34.69459585457208
Tron-o-matic 4 Pro,Atlanta_01,2024-11-20,52.723065186865725,55.65766892602717,58.53233281622092,55.42383372148707
Tron-o-matic 4 Pro,Atlanta_01,2024-11-21,32.890267948813914,35.09471573102491,37.81194860010223,35.200746997582456
Tron-o-matic 4 Pro,Atlanta_01,2024-11-22,31.595337004897534,34.06085275248298,37.64336208270955,34.428401107195896
Tron-o-matic 4 Pro,Atlanta_01,2024-11-23,32.79104647121047,35.29823376150806,37.80630090457352,35.19599519184046
Tron-o-matic 4 Pro,Atlanta_01,2024-11-24,31.786429965888388,35.15423454428045,37.930445088392354,34.939834101642205
Tron-o-matic 4 Pro,Atlanta_01,2024-11-25,50.72355820990256,53.72335111476494,55.91407644375657,53.44715406991315
Tron-o-matic 4 Pro,Atlanta_01,2024-11-26,32.94542043632419,35.23798176530099,38.025919377015676,35.295926214986814
Tron-o-matic 4 Pro,Atlanta_01,2024-11-27,32.5363904286104,35.302660495010414,37.16298090059247,35.164411519264206
Tron-o-matic 4 Pro,Atlanta_01,2024-11-28,32.439807996836386,35.296637926902584,37.376002047231545,35.19428330853804
Tron-o-matic 4 Pro,Atlanta_01,2024-11-29,53.52486233819745,55.674349796725814,58.40574888431064,55.83895518307986
Tron-o-matic 4 Pro,Atlanta_01,2024-11-30,32.37887003466675,35.5856268639895,38.1828923873503,35.482615258412395
Tron-o-matic 4 Pro,Atlanta_01,2024-12-01,33.17809965623286,35.92663965878546,38.37238944665012,35.74325517738423
Tron-o-matic 4 Pro,Atlanta_01,2024-12-02,32.5896286705739,35.28547566106974,37.88194732546605,35.278165922243446
Tron-o-matic 4 Pro,Atlanta_01,2024-12-03,37.4949488305145,41.66482683159604,44.362602281000775,41.24948231427051
Tron-o-matic 4 Pro,Atlanta_01,2024-12-04,32.26317148861763,35.27087347107365,37.778204009123435,35.181228742107606
Tron-o-matic 4 Pro,Atlanta_01,2024-12-05,32.541430393431284,35.15886218281424,37.923440443606225,35.24108883837719
Tron-o-matic 4 Pro,Atlanta_01,2024-12-06,32.25614939732677,35.53264789457916,37.687847953796044,35.087001628611645
Tron-o-matic 4 Pro,Atlanta_01,2024-12-07,41.49800846287428,44.827526566149785,48.17694561440965,44.66242293397297
Tron-o-matic 4 Pro,Atlanta_01,2024-12-08,38.67280674863564,40.76158342632851,43.57148050073662,40.971771666602635
Tron-o-matic 4 Pro,Atlanta_01,2024-12-09,50.70408521136108,53.621935621160326,56.4718997882763,53.752637629012064
Tron-o-matic 4 Pro,Atlanta_01,2024-12-10,32.399811493152136,35.18493218985422,37.97769589477721,35.24512974918521
Tron-o-matic 4 Pro,Atlanta_01,2024-12-11,32.45108511346355,34.73835321695979,37.05544325119818,34.776492688119184
Tron-o-matic 4 Pro,Atlanta_01,2024-12-12,48.20441260150694,50.73031291947155,53.10693590836131,50.64957328523881
Tron-o-matic 4 Pro,Atlanta_01,2024-12-13,31.366545475822456,34.820110461977855,37.84671142448345,34.682598380734255
Tron-o-matic 4 Pro,Atlanta_01,2024-12-14,37.76694628672424,40.59330144436228,43.051002352589066,40.43535274756198
Tron-o-matic 4 Pro,Atlanta_01,2024-12-15,32.54965122502501,35.313808864785976,37.973585731991065,35.15823592368356
Tron-o-matic 4 Pro,Atlanta_01,2024-12-16,32.68668465724848,34.87658509470173,37.589360999271726,35.06353034326412
Tron-o-matic 4 Pro,Atlanta_01,2024-12-17,31.62271596763404,34.22759470006162,36.89407315165792,34.1246361215893
Tron-o-matic 4 Pro,Atlanta_01,2024-12-18,32.457419294157475,34.749142668371256,37.73766826362119,35.0389226102574
Tron-o-matic 4 Pro,Atlanta_01,2024-12-19,35.081319580901706,37.9993850976916,41.004775848466025,38.07681296204586
Tron-o-matic 4 Pro,Atlanta_01,2024-12-20,32.07685232919427,34.53553995635002,37.37918755438896,34.72078017376122
Tron-o-matic 4 Pro,Atlanta_01,2024-12-21,47.47228521476064,51.05880460245247,53.35240738805857,50.649275950389566
Tron-o-matic 4 Pro,Atlanta_01,2024-12-22,32.229593900432356,35.04511714714957,37.55063539107309,35.01959441709207
Tron-o-matic 4 Pro,Atlanta_01,2024-12-23,35.148542268171184,38.4289631187737,40.911420345469104,38.183936889657545
Tron-o-matic 4 Pro,Atlanta_01,2024-12-24,32.461487422977235,34.84010220294264,37.19371165046724,34.77633186180226
Tron-o-matic 4 Pro,Atlanta_01,2024-12-25,32.265532786401984,34.941005518747126,37.76703580036089,34.97991430546682
Tron-o-matic 4 Pro,Atlanta_01,2024-12-26,48.348404318314216,52.034697546387385,54.7597892546587,51.75589280777448
Tron-o-matic 4 Pro,Atlanta_01,2024-12-27,46.589546485948674,50.0427960153179,52.65519787426455,49.89573704205486
Tron-o-matic 4 Pro,Atlanta_01,2024-12-28,31.099842623485756,35.389742114254965,38.32049853867059,35.32844532291005
Tron-o-matic 4 Pro,Atlanta_01,2024-12-29,50.80610822446593,53.86736924635126,56.30185017109336,53.70262722796545
Tron-o-matic 4 Pro,Atlanta_01,2024-12-30,41.51408038050789,44.02493470807562,47.47752573485846,44.29644759248185
Tron-o-matic 4 Pro,Atlanta_01,2024-12-31,38.05057224251575,40.447006198693614,43.18679625382702,40.400493378005706
Tron-o-matic 4 Pro,Online_Store,2024-10-01,1144.2516698446098,1241.5428178753452,1316.5042703779866,1237.460053301471
Tron-o-matic 4 Pro,Online_Store,2024-10-02,1138.8722786642036,1239.9155610361838,1333.7507637182403,1237.2729179088117
Tron-o-matic 4 Pro,Online_Store,2024-10-03,1358.4413564045851,1442.1196331891292,1501.090553399675,1433.5542072313647
Tron-o-matic 4 Pro,Online_Store,2024-10-04,1176.963245356921,1248.5062744190552,1332.1794680391333,1253.5298990649567
Tron-o-matic 4 Pro,Online_Store,2024-10-05,1187.89554696693,1257.9936663504654,1339.1200768989913,1260.1998421536582
Tron-o-matic 4 Pro,Online_Store,2024-10-06,1420.2233999327946,1493.6278002064478,1579.7454604766679,1496.6744346186215
Tron-o-matic 4 Pro,Online_Store,2024-10-07,1322.3933642723132,1396.4860960697563,1464.9752637617928,1393.093126556219
Tron-o-matic 4 Pro,Online_Store,2024-10-08,1158.4630564277343,1257.5698161779621,1325.2772938693847,1248.551351994836
Tron-o-matic 4 Pro,Online_Store,2024-10-09,1153.0303117008737,1228.9098807624252,1322.8617308111643,1235.6151516372574
Tron-o-matic 4 Pro,Online_Store,2024-10-10,1295.1326225142486,1367.4768383720116,1441.549707522136,1369.054250374769
Tron-o-matic 4 Pro,Online_Store,2024-10-11,1133.986978773152,1229.8308180010465,1329.5744389781237,1238.2755015619734
Tron-o-matic 4 Pro,Online_Store,2024-10-12,1299.9285513611067,1379.3079457874671,1479.0611743057752,1383.5620603283658
Tron-o-matic 4 Pro,Online_Store,2024-10-13,1422.1666195825494,1509.0595308481281,1594.8008343259028,1508.2621844918194
Tron-o-matic 4 Pro,Online_Store,2024-10-14,1601.6060225863794,1708.0049554812576,1778.4135974454914,1696.502586637791
Tron-o-matic 4 Pro,Online_Store,2024-10-15,1576.0923600762799,1660.5631476042754,1733.5050631688114,1658.9493306726865
Tron-o-matic 4 Pro,Online_Store,2024-10-16,1143.416752274645,1214.0107773658558,1300.7586010093642,1223.1159564411437
Tron-o-matic 4 Pro,Online_Store,2024-10-17,1171.003977194288,1242.2113212817144,1289.210503873948,1234.1373016851599
Tron-o-matic 4 Pro,Online_Store,2024-10-18,1122.662025509468,1194.9191011094429,1302.7951466445893,1205.0466155251117
Tron-o-matic 4 Pro,Online_Store,2024-10-19,1326.418883128787,1409.1757527743107,1488.0672900392233,1404.1106243803326
Tron-o-matic 4 Pro,Online_Store,2024-10-20,1103.0803830839002,1217.1933092124414,1273.5843263372872,1202.2217184381761
Tron-o-matic 4 Pro,Online_Store,2024-10-21,1110.1040657875767,1206.1907849891938,1276.306727574477,1200.766394283177
Tron-o-matic 4 Pro,Online_Store,2024-10-22,1736.7107859167534,1835.2002087441797,1910.5580541473244,1825.7647600685368
Tron-o-matic 4 Pro,Online_Store,2024-10-23,1569.6626341028448,1639.1979123833207,1733.4283635397815,1647.5802125564144
Tron-o-matic 4 Pro,Online_Store,2024-10-24,1087.1288715238247,1194.9521008289232,1274.5195782396218,1190.2378241316303
Tron-o-matic 4 Pro,Online_Store,2024-10-25,1542.8113270362942,1640.5259193344054,1735.1221773787775,1639.815028326356
Tron-o-matic 4 Pro,Online_Store,2024-10-26,1095.255636445595,1182.1844450721062,1269.5246653030754,1179.6835592099055
Tron-o-matic 4 Pro,Online_Store,2024-10-27,1200.046282304009,1277.0262108956886,1337.1249600571957,1271.9184229592277
Tron-o-matic 4 Pro,Online_Store,2024-10-28,1241.3207904515607,1325.555244526649,1404.362073388306,1321.4646556090456
Tron-o-matic 4 Pro,Online_Store,2024-10-29,1094.3091800843906,1167.7116313575848,1261.6936781978584,1171.923370096654
Tron-o-matic 4 Pro,Online_Store,2024-10-30,1070.7789297310924,1150.67884655326,1237.5737665351794,1148.0324006573849
Tron-o-matic 4 Pro,Online_Store,2024-10-31,1385.7931427052415,1464.9790349729085,1525.7324343031855,1461.1506275775164
Tron-o-matic 4 Pro,Online_Store,2024-11-01,1051.965055694902,1149.9949383222704,1227.2957366458063,1142.0323160191645
Tron-o-matic 4 Pro,Online_Store,2024-11-02,1467.4909316938413,1569.2792680142968,1655.6800434366662,1561.1314089517434
Tron-o-matic 4 Pro,Online_Store,2024-11-03,1050.5266034236097,1146.4362417503166,1220.6773617219628,1139.0484784462135
Tron-o-matic 4 Pro,Online_Store,2024-11-04,1573.3834156939201,1652.880485822673,1754.3314663893138,1654.6570533333988
Tron-o-matic 4 Pro,Online_Store,2024-11-05,1313.8036514212645,1398.7184039233757,1496.3807180662393,1399.4307252655906
Tron-o-matic 4 Pro,Online_Store,2024-11-06,1580.2152369903747,1652.5912265965728,1735.9367692427754,1654.4850910990529
Tron-o-matic 4 Pro,Online_Store,2024-11-07,1044.8748853024297,1114.9266870979718,1194.1115538528582,1119.1913646619432
Tron-o-matic 4 Pro,Online_Store,2024-11-08,1160.8773833143093,1242.8832456851828,1320.3408924674618,1240.7636853429422
Tron-o-matic 4 Pro,Online_Store,2024-11-09,1314.3345004231696,1394.4857288549856,1477.0340912146464,1395.9037077301252
Tron-o-matic 4 Pro,Online_Store,2024-11-10,1014.2226867743418,1109.7291223774766,1184.048133817174,1106.758376174326
Tron-o-matic 4 Pro,Online_Store,2024-11-11,1491.7120620174048,1563.1484473608384,1670.0086371150162,1571.5213660961317
Tron-o-matic 4 Pro,Online_Store,2024-11-12,1026.0018318695984,1103.890841094204,1191.601164731876,1109.3268889935525
Tron-o-matic 4 Pro,Online_Store,2024-11-13,1008.7489392534795,1096.2406084679274,1166.8774852268098,1089.9115881459622
Tron-o-matic 4 Pro,Online_Store,2024-11-14,1020.2107350224916,1099.2103468651742,1198.3289907922965,1106.2507191606576
Tron-o-matic 4 Pro,Online_Store,2024-11-15,1016.0072548092297,1101.726549272912,1178.1066325539834,1096.3135523525257
Tron-o-matic 4 Pro,Online_Store,2024-11-16,1507.265849242242,1618.583633669387,1681.1801646079332,1610.2463038699293
Tron-o-matic 4 Pro,Online_Store,2024-11-17,1256.4111924327974,1340.5929108498099,1425.4823881386637,1337.0040048570722
Tron-o-matic 4 Pro,Online_Store,2024-11-18,1521.2762048203012,1629.5322616740882,1705.4220035124436,1615.8097728596272
Tron-o-matic 4 Pro,Online_Store,2024-11-19,1013.2750241082338,1093.6047607709193,1176.2686177891849,1095.7917650444106
Tron-o-matic 4 Pro,Online_Store,2024-11-20,1676.8411827780496,1742.7843446930224,1822.0908803571049,1745.6272988552385
Tron-o-matic 4 Pro,Online_Store,2024-11-21,1019.6867733196079,1098.9148215067319,1178.4186309274687,1101.6654449839393
Tron-o-matic 4 Pro,Online_Store,2024-11-22,992.6550521322827,1099.3653954462131,1172.0890806452235,1094.4403787827785
Tron-o-matic 4 Pro,Online_Store,2024-11-23,1006.3832520688309,1094.1011005903065,1171.8349231090478,1090.0318590784502
Tron-o-matic 4 Pro,Online_Store,2024-11-24,1031.407210237193,1095.985240538764,1163.5768949236806,1099.1277601003212
Tron-o-matic 4 Pro,Online_Store,2024-11-25,1620.7675396994882,1691.7779352940568,1767.3742985885995,1689.5128063177751
Tron-o-matic 4 Pro,Online_Store,2024-11-26,1035.362777210609,1101.6273581965877,1183.2158752586665,1106.1208895253917
Tron-o-matic 4 Pro,Online_Store,2024-11-27,1004.9407124840908,1102.25732198043,1197.3540071056905,1101.385320222631
Tron-o-matic 4 Pro,Online_Store,2024-11-28,1014.005919233832,1098.0636910060523,1168.2987832953552,1090.9784407127465
Tron-o-matic 4 Pro,Online_Store,2024-11-29,1680.5580190626372,1768.1622450244392,1844.0522823173756,1763.7445066708833
Tron-o-matic 4 Pro,Online_Store,2024-11-30,1024.970500179927,1108.940365947602,1177.5893852364331,1102.3353360073163
Tron-o-matic 4 Pro,Online_Store,2024-12-01,1008.089735818639,1089.844779820132,1158.1741323568785,1088.0389495549118
Tron-o-matic 4 Pro,Online_Store,2024-12-02,1003.1012356439346,1076.9079256935256,1166.3574855971808,1082.8864911509143
Tron-o-matic 4 Pro,Online_Store,2024-12-03,1213.1360784559192,1300.8493542490285,1375.5507294425588,1299.2440538511735
Tron-o-matic 4 Pro,Online_Store,2024-12-04,1033.5609055071059,1102.3513516334203,1168.7867458226478,1101.6191259991872
Tron-o-matic 4 Pro,Online_Store,2024-12-05,992.242920824513,1093.3615256971257,1196.5783761621667,1101.7464571006888
Tron-o-matic 4 Pro,Online_Store,2024-12-06,991.4636758258794,1105.179934614475,1191.3127921994776,1096.433876762063
Tron-o-matic 4 Pro,Online_Store,2024-12-07,1333.2905434540091,1417.6891955465596,1492.7064561944653,1416.687085803415
Tron-o-matic 4 Pro,Online_Store,2024-12-08,1193.9879378153219,1270.0760891579198,1372.10441738734,1278.8296850569595
Tron-o-matic 4 Pro,Online_Store,2024-12-09,1597.8451672905405,1690.882777333807,1778.8483460188866,1687.9961877436297
Tron-o-matic 4 Pro,Online_Store,2024-12-10,1026.8750494355163,1095.0373256101,1185.5958247932647,1099.8915870763135
Tron-o-matic 4 Pro,Online_Store,2024-12-11,1012.3070578696166,1099.387501265678,1190.0928597524783,1102.5802662006631
Tron-o-matic 4 Pro,Online_Store,2024-12-12,1554.6658532061715,1612.9861184266547,1686.3777795790713,1615.1018043428996
Tron-o-matic 4 Pro,Online_Store,2024-12-13,1026.7833531879494,1104.4205790933368,1195.0032823018644,1114.1144850839135
Tron-o-matic 4 Pro,Online_Store,2024-12-14,1187.1382052667773,1284.6310360437355,1371.2686737150873,1278.2102425285439
Tron-o-matic 4 Pro,Online_Store,2024-12-15,1016.8714102141803,1107.8646336154588,1200.6268160756497,1108.0822723954243
Tron-o-matic 4 Pro,Online_Store,2024-12-16,1027.8358230845922,1113.14491360757,1181.743053035036,1112.5025027885733
Tron-o-matic 4 Pro,Online_Store,2024-12-17,1031.618020604339,1128.340547915842,1209.533528614242,1123.7018833020843
Tron-o-matic 4 Pro,Online_Store,2024-12-18,1001.6570097514616,1079.9203059323243,1186.0453526357985,1089.9533628264976
Tron-o-matic 4 Pro,Online_Store,2024-12-19,1120.7576980092474,1203.413417075705,1280.7738314908345,1203.865308225932
Tron-o-matic 4 Pro,Online_Store,2024-12-20,1042.8872483368664,1110.4090320965952,1198.922301946996,1115.4173691271574
Tron-o-matic 4 Pro,Online_Store,2024-12-21,1536.1214230100425,1599.834593318125,1680.7345974680352,1600.5348802220417
Tron-o-matic 4 Pro,Online_Store,2024-12-22,1027.5296797726746,1104.5047009161854,1181.1592192922105,1104.9263867597856
Tron-o-matic 4 Pro,Online_Store,2024-12-23,1121.6871538538744,1209.5475506364944,1289.5265969449656,1209.436788299379
Tron-o-matic 4 Pro,Online_Store,2024-12-24,1064.4645338425576,1128.3891740147233,1207.6789371153284,1129.2155854305142
Tron-o-matic 4 Pro,Online_Store,2024-12-25,1005.7722514994907,1118.1775178241164,1185.2002886371633,1104.733725376338
Tron-o-matic 4 Pro,Online_Store,2024-12-26,1558.8048700965012,1649.4610196130748,1740.6745772609083,1648.991208159454
Tron-o-matic 4 Pro,Online_Store,2024-12-27,1501.2062546660827,1585.4793330663438,1673.258193265552,1585.9707982685513
Tron-o-matic 4 Pro,Online_Store,2024-12-28,1044.0418493507084,1128.3586028617713,1221.6979663279888,1126.0809076959843
Tron-o-matic 4 Pro,Online_Store,2024-12-29,1616.6518398837275,1681.8081162117774,1777.542127034154,1689.6678811993486
Tron-o-matic 4 Pro,Online_Store,2024-12-30,1314.25552324445,1401.4305643302494,1470.7048304653122,1397.1760302129444
Tron-o-matic 4 Pro,Online_Store,2024-12-31,1234.4736868630462,1296.8512239419401,1370.1828369489117,1302.550903027007
Tron-o-matic 3,WashingtonDC_01,2024-10-01,119.95831494522672,128.3031029397269,136.25617108120935,127.84516752761986
Tron-o-matic 3,WashingtonDC_01,2024-10-02,117.26204345132759,128.59034334474453,138.38802487970392,128.09391992215194
Tron-o-matic 3,WashingtonDC_01,2024-10-03,117.42651142926213,128.0748635127642,138.8458950792409,128.69579125418883
Tron-o-matic 3,WashingtonDC_01,2024-10-04,115.68682494716334,127.89540093448879,138.90376695473438,127.71215904532119
Tron-o-matic 3,WashingtonDC_01,2024-10-05,119.4525591423991,128.87050377250267,139.26552587717185,128.71172243292347
Tron-o-matic 3,WashingtonDC_01,2024-10-06,116.26749947072808,126.21426240723886,137.03287859756284,126.12055061785323
Tron-o-matic 3,WashingtonDC_01,2024-10-07,119.67754926734506,128.90990156888412,139.40042740597224,128.77228458672974
Tron-o-matic 3,WashingtonDC_01,2024-10-08,117.33544570630535,127.71780298925609,137.25448338079718,127.49189785359378
Tron-o-matic 3,WashingtonDC_01,2024-10-09,145.11731512939335,155.49723331647743,167.518004734728,156.02219046275803
Tron-o-matic 3,WashingtonDC_01,2024-10-10,160.48818272062,169.8450553761174,179.25852526794165,170.2172358653432
Tron-o-matic 3,WashingtonDC_01,2024-10-11,209.5442050841202,219.68339460562555,229.44934734071512,219.39944532793422
Tron-o-matic 3,WashingtonDC_01,2024-10-12,118.05896060877184,129.1170244795659,140.1067608004012,128.6348286807005
Tron-o-matic 3,WashingtonDC_01,2024-10-13,118.22022950741574,128.90540267215798,138.21400873407651,129.13175307101264
Tron-o-matic 3,WashingtonDC_01,2024-10-14,217.5409108309357,224.90809119321216,235.23085993427745,225.25304771938497
Tron-o-matic 3,WashingtonDC_01,2024-10-15,189.76932247674372,201.20165162154373,209.23947128080567,199.6292268201566
Tron-o-matic 3,WashingtonDC_01,2024-10-16,195.15447877465965,205.08493403472986,214.05785509597297,204.53008076933932
Tron-o-matic 3,WashingtonDC_01,2024-10-17,118.3816930340756,129.080211153749,138.96727303158204,129.0821783578607
Tron-o-matic 3,WashingtonDC_01,2024-10-18,213.6505032867771,222.46597967841726,232.9225205184507,222.37131980919423
Tron-o-matic 3,WashingtonDC_01,2024-10-19,202.11742011724755,212.0403100518906,222.05037280344257,212.41053737285173
Tron-o-matic 3,WashingtonDC_01,2024-10-20,114.51278949307502,125.1441281925368,133.8930655139231,124.92283447787804
Tron-o-matic 3,WashingtonDC_01,2024-10-21,150.85543191427556,165.65884529766657,173.6160775495826,163.57458610124823
Tron-o-matic 3,WashingtonDC_01,2024-10-22,113.29950788372275,124.00092723685594,134.71610088291487,124.21860689509778
Tron-o-matic 3,WashingtonDC_01,2024-10-23,114.79310933762088,124.5970855451054,135.7077087293933,124.39919544883028
Tron-o-matic 3,WashingtonDC_01,2024-10-24,114.40432012788851,123.73510187486228,134.55827241186154,124.2567740656892
Tron-o-matic 3,WashingtonDC_01,2024-10-25,113.38969154267535,122.70178899860565,133.43955797828008,123.08334770684667
Tron-o-matic 3,WashingtonDC_01,2024-10-26,126.9890121656147,137.5062201870772,146.27222421322116,137.74599440976516
Tron-o-matic 3,WashingtonDC_01,2024-10-27,152.51381767453742,163.5015426152331,175.3325277245354,163.81296946253465
Tron-o-matic 3,WashingtonDC_01,2024-10-28,154.95403674140505,166.49159525726836,175.1951359495772,165.88253626803052
Tron-o-matic 3,WashingtonDC_01,2024-10-29,140.98880916717906,152.32429269354085,162.31717929724485,152.13742912592141
Tron-o-matic 3,WashingtonDC_01,2024-10-30,208.6852469897382,219.1302033106081,229.92874701229582,219.32077149359822
Tron-o-matic 3,WashingtonDC_01,2024-10-31,139.0126654393818,148.01125585146616,159.47996216512178,148.94628772755365
Tron-o-matic 3,WashingtonDC_01,2024-11-01,151.2479018453763,161.83713583794517,171.63846223724528,161.23857141717727
Tron-o-matic 3,WashingtonDC_01,2024-11-02,108.08533109298631,119.5044648864807,129.45172698251605,119.3512929182268
Tron-o-matic 3,WashingtonDC_01,2024-11-03,106.24521010746926,117.04122265304157,125.1979787900084,116.74332958079962
Tron-o-matic 3,WashingtonDC_01,2024-11-04,107.77776048259939,117.3625377264807,128.2190651751363,118.32239999963355
Tron-o-matic 3,WashingtonDC_01,2024-11-05,108.68898119670837,116.03757069295244,126.86197667947125,116.80215126175182
Tron-o-matic 3,WashingtonDC_01,2024-11-06,106.84697277949559,115.16835992190579,125.5948853725526,115.38081345481066
Tron-o-matic 3,WashingtonDC_01,2024-11-07,105.88449652606356,116.13025171835132,127.32129370760879,115.97136336805198
Tron-o-matic 3,WashingtonDC_01,2024-11-08,106.6436284836232,116.4006123161544,125.20397520099526,116.42662563008636
Tron-o-matic 3,WashingtonDC_01,2024-11-09,107.52474753159832,117.35483726435916,126.28944436827926,117.1279271426147
Tron-o-matic 3,WashingtonDC_01,2024-11-10,105.4817344786621,114.94906842589899,124.45671615286861,115.25013946888204
Tron-o-matic 3,WashingtonDC_01,2024-11-11,108.04200539251104,115.41322505155453,127.46588188063573,116.45744435457982
Tron-o-matic 3,WashingtonDC_01,2024-11-12,105.19933049487143,114.93728547826363,127.43511309846608,115.54540671386363
Tron-o-matic 3,WashingtonDC_01,2024-11-13,109.29180146532673,116.63984176172642,125.33099528336973,116.7335051156442
Tron-o-matic 3,WashingtonDC_01,2024-11-14,129.66522243737523,141.9159796011614,152.451740239163,141.55652324277546
Tron-o-matic 3,WashingtonDC_01,2024-11-15,149.2912411709447,159.4324808657981,169.1018158748672,159.59367554948466
Tron-o-matic 3,WashingtonDC_01,2024-11-16,131.0764289566917,140.87436449316976,150.8515041806573,140.48767599843933
Tron-o-matic 3,WashingtonDC_01,2024-11-17,104.69731219726911,115.24646662102771,126.39234339774434,115.48252176679573
Tron-o-matic 3,WashingtonDC_01,2024-11-18,105.08803415156201,116.1105107104109,126.13840854662168,115.94484698981368
Tron-o-matic 3,WashingtonDC_01,2024-11-19,106.65055196389005,116.36538228131359,125.48006925204785,115.79619910378746
Tron-o-matic 3,WashingtonDC_01,2024-11-20,107.70822688338086,116.04804754025437,127.79282117091692,116.58501067211532
Tron-o-matic 3,WashingtonDC_01,2024-11-21,172.80321741486864,186.00850908342358,194.3273628955532,184.29676961275985
Tron-o-matic 3,WashingtonDC_01,2024-11-22,103.8388134399628,115.05008660601071,126.77467871131603,115.29304255237842
Tron-o-matic 3,WashingtonDC_01,2024-11-23,106.35937198454765,117.7909161284095,129.92570245784145,118.43076132639251
Tron-o-matic 3,WashingtonDC_01,2024-11-24,133.68027703906063,142.39827225006223,153.83445595869546,143.25106047547033
Tron-o-matic 3,WashingtonDC_01,2024-11-25,106.51720476446926,116.6043550431073,128.56385371542706,117.20986459857608
Tron-o-matic 3,WashingtonDC_01,2024-11-26,103.2323490497634,114.64895180637076,124.19282455640143,114.39063543512042
Tron-o-matic 3,WashingtonDC_01,2024-11-27,134.81508676596874,143.3649295476921,154.02659246502682,143.84235895355457
Tron-o-matic 3,WashingtonDC_01,2024-11-28,146.1433303166229,157.7226737486361,169.23781417534678,157.88761264285176
Tron-o-matic 3,WashingtonDC_01,2024-11-29,208.6728167060208,216.4956114862147,227.72345816433375,217.0698593537393
Tron-o-matic 3,WashingtonDC_01,2024-11-30,185.53176165243954,196.36706861589468,208.39933717102895,196.68773766508357
Tron-o-matic 3,WashingtonDC_01,2024-12-01,192.13352800511717,201.30141759104498,210.87500521888708,200.9766553349826
Tron-o-matic 3,WashingtonDC_01,2024-12-02,110.0093643170701,117.84556081085195,127.88498835690007,118.24141180614302
Tron-o-matic 3,WashingtonDC_01,2024-12-03,203.10198424852706,212.37664944375177,222.69072957894107,212.4743167277502
Tron-o-matic 3,WashingtonDC_01,2024-12-04,148.11648976100628,160.98245232568988,170.9603431258247,160.6340070196739
Tron-o-matic 3,WashingtonDC_01,2024-12-05,107.56839542065627,117.80279223749358,127.15642370594257,117.78861489729545
Tron-o-matic 3,WashingtonDC_01,2024-12-06,124.52245017935363,134.71302542888174,144.2693737197983,134.3156309938178
Tron-o-matic 3,WashingtonDC_01,2024-12-07,150.18354618789348,160.27580169809875,172.78125110179354,160.9272243251267
Tron-o-matic 3,WashingtonDC_01,2024-12-08,106.72972732829237,115.54613125572095,123.78137533204846,115.55329307419834
Tron-o-matic 3,WashingtonDC_01,2024-12-09,107.94576593910637,118.39434421616455,130.76280212172503,118.02849179457903
Tron-o-matic 3,WashingtonDC_01,2024-12-10,106.65510177367052,116.82631411285234,126.2834696744944,116.49100932736901
Tron-o-matic 3,WashingtonDC_01,2024-12-11,103.89816646744035,115.52424346559307,125.14425507138542,114.6761036515502
Tron-o-matic 3,WashingtonDC_01,2024-12-12,107.93584403364612,115.33677861586544,127.32438325298193,116.43742066883236
Tron-o-matic 3,WashingtonDC_01,2024-12-13,133.3581376041822,141.6124824924433,150.80781717224113,142.03072555414712
Tron-o-matic 3,WashingtonDC_01,2024-12-14,108.88822423147192,118.86270616502155,128.05549317022394,118.72909549286668
Tron-o-matic 3,WashingtonDC_01,2024-12-15,149.825962333502,158.19160682332142,168.60002299832067,158.60616286131798
Tron-o-matic 3,WashingtonDC_01,2024-12-16,139.62864130817897,150.60451889594995,160.10222847849397,150.456583822842
Tron-o-matic 3,WashingtonDC_01,2024-12-17,107.0415476569482,118.64133097068542,126.6013970788123,117.58875197990461
Tron-o-matic 3,WashingtonDC_01,2024-12-18,182.1070651136243,193.2378151344621,203.5851746369177,193.6782182618557
Tron-o-matic 3,WashingtonDC_01,2024-12-19,177.6573584933442,188.09441678764793,197.44593570199868,187.82715473745375
Tron-o-matic 3,WashingtonDC_01,2024-12-20,106.08030576707394,116.86282110373448,127.0873383995997,117.31658865146264
Tron-o-matic 3,WashingtonDC_01,2024-12-21,111.60444997125248,118.86685858659939,127.56994803691101,119.42060576378955
Tron-o-matic 3,WashingtonDC_01,2024-12-22,112.40056629120005,118.9808404510271,128.11948786282417,119.1445796512577
Tron-o-matic 3,WashingtonDC_01,2024-12-23,108.42224321616034,119.67920733601308,131.7923361444387,119.17946038344878
Tron-o-matic 3,WashingtonDC_01,2024-12-24,108.45632686496086,119.5789430657048,129.79374169818396,118.15760127976935
Tron-o-matic 3,WashingtonDC_01,2024-12-25,149.71410884461434,161.16441999889562,171.62006984218218,160.9581387852596
Tron-o-matic 3,WashingtonDC_01,2024-12-26,108.68278527692263,118.27857762804537,129.18794531076148,118.49667788723437
Tron-o-matic 3,WashingtonDC_01,2024-12-27,107.91195355637653,117.51955710760822,128.28865463343615,117.6778461985842
Tron-o-matic 3,WashingtonDC_01,2024-12-28,108.89418255034057,119.73359322109518,131.92488947004773,120.33625898762735
Tron-o-matic 3,WashingtonDC_01,2024-12-29,109.03679194384556,118.61621370524963,127.81346494167019,118.18960487951557
Tron-o-matic 3,WashingtonDC_01,2024-12-30,181.75731536374303,191.2400830687968,199.839112518933,191.30605775684617
Tron-o-matic 3,WashingtonDC_01,2024-12-31,107.72345363643805,120.06808524667501,130.74820376458763,119.48713033578153
Tron-o-matic 4 Pro,Chicago_01,2024-10-01,59.24223421305742,62.53269954837339,66.27439880383979,62.579190489640204
Tron-o-matic 4 Pro,Chicago_01,2024-10-02,57.857617551701054,62.2393436246028,67.09797307766658,62.38729568905816
Tron-o-matic 4 Pro,Chicago_01,2024-10-03,67.81944588842721,70.8347290856794,75.09402303107065,71.17630133563011
Tron-o-matic 4 Pro,Chicago_01,2024-10-04,58.53926607117532,62.312453260246166,66.62301559499734,62.563230854402576
Tron-o-matic 4 Pro,Chicago_01,2024-10-05,57.806451325769046,62.14556526692224,66.56724816896711,62.14945744590198
Tron-o-matic 4 Pro,Chicago_01,2024-10-06,69.72914341354176,75.74017561668845,78.79005981858009,74.95207368089237
Tron-o-matic 4 Pro,Chicago_01,2024-10-07,65.16205999215923,69.01841466705437,73.09049404798971,69.0348467613301
Tron-o-matic 4 Pro,Chicago_01,2024-10-08,58.17974165593944,61.39546822183582,65.70973573483056,61.57507995216004
Tron-o-matic 4 Pro,Chicago_01,2024-10-09,57.16186091313518,61.221987242001134,65.72600741175303,61.3757338334951
Tron-o-matic 4 Pro,Chicago_01,2024-10-10,62.82488066985957,67.16773077568592,71.06145004681318,66.91984769971194
Tron-o-matic 4 Pro,Chicago_01,2024-10-11,56.151609250323204,61.07494795354921,64.68275248295164,61.07356395337449
Tron-o-matic 4 Pro,Chicago_01,2024-10-12,63.95223482191899,67.75619404452034,71.88052859616492,67.81135811735224
Tron-o-matic 4 Pro,Chicago_01,2024-10-13,70.90833346922271,74.93290138968102,78.07639012917411,74.50912320244362
Tron-o-matic 4 Pro,Chicago_01,2024-10-14,79.50088071633864,84.15176785765127,89.51275492387771,84.3472649420939
Tron-o-matic 4 Pro,Chicago_01,2024-10-15,77.21993694701408,81.67488093591649,86.03581031665419,81.34315488133319
Tron-o-matic 4 Pro,Chicago_01,2024-10-16,57.034957936848954,61.22482340882092,64.10613015728015,60.77201539693191
Tron-o-matic 4 Pro,Chicago_01,2024-10-17,56.54700712244771,60.792709601662025,64.33636236313774,60.634938166923256
Tron-o-matic 4 Pro,Chicago_01,2024-10-18,55.95705142498716,59.651305798716116,63.94173510913416,59.61608027434365
Tron-o-matic 4 Pro,Chicago_01,2024-10-19,64.6893512751441,69.44343710520059,72.97247466876563,69.08334303870434
Tron-o-matic 4 Pro,Chicago_01,2024-10-20,54.45672144695848,59.10461843656978,63.72855138576853,59.102770544060625
Tron-o-matic 4 Pro,Chicago_01,2024-10-21,55.59676261757065,60.16381098708118,63.05836089702337,59.80695053962463
Tron-o-matic 4 Pro,Chicago_01,2024-10-22,86.2731416280963,90.81823250747594,94.71927005324162,90.5624792619577
Tron-o-matic 4 Pro,Chicago_01,2024-10-23,77.26917290906718,81.5107207022265,85.55964507313129,81.3149337683282
Tron-o-matic 4 Pro,Chicago_01,2024-10-24,54.32910232483421,59.22356516274359,62.8707431339068,59.10762227153996
Tron-o-matic 4 Pro,Chicago_01,2024-10-25,78.38375381504532,81.45462642176325,84.6960768622739,81.4632810001379
Tron-o-matic 4 Pro,Chicago_01,2024-10-26,54.55928683487498,58.94050366419212,63.89314797078073,58.948298595149055
Tron-o-matic 4 Pro,Chicago_01,2024-10-27,59.02023576903294,63.64959152346783,68.29678883955445,63.59144546585532
Tron-o-matic 4 Pro,Chicago_01,2024-10-28,61.37700743390655,66.24476165576962,70.36677007442424,66.20270014132916
Tron-o-matic 4 Pro,Chicago_01,2024-10-29,53.921511113013096,58.230154607206316,61.74101017699913,58.01521093222187
Tron-o-matic 4 Pro,Chicago_01,2024-10-30,54.26071051072442,58.57885462143493,62.770124633422526,58.31718345692105
Tron-o-matic 4 Pro,Chicago_01,2024-10-31,68.11108501300008,72.2943881640015,76.05482508611306,71.88684752498163
Tron-o-matic 4 Pro,Chicago_01,2024-11-01,54.720001620136216,58.292537515905266,62.26217361202106,58.44625336954694
Tron-o-matic 4 Pro,Chicago_01,2024-11-02,74.27854460275552,78.65581614924935,83.19819422180629,78.84211779159732
Tron-o-matic 4 Pro,Chicago_01,2024-11-03,52.479661342919115,57.46531523452494,61.33506130242879,57.07007441744734
Tron-o-matic 4 Pro,Chicago_01,2024-11-04,79.13482552282343,83.48607989496028,87.07125727269218,83.44827002996666
Tron-o-matic 4 Pro,Chicago_01,2024-11-05,66.150388216708,69.73633947760715,73.81215907412735,69.77591841216196
Tron-o-matic 4 Pro,Chicago_01,2024-11-06,79.67370134128997,83.34174254423928,87.34645897875392,83.32582242670722
Tron-o-matic 4 Pro,Chicago_01,2024-11-07,53.26855284339937,57.3947954124293,60.93605059100826,56.94220691950048
Tron-o-matic 4 Pro,Chicago_01,2024-11-08,59.11460399410601,62.909668179596,66.92182483240231,62.98440905264808
Tron-o-matic 4 Pro,Chicago_01,2024-11-09,66.24608976186053,69.70683689938359,74.7115659810978,69.99808608552445
Tron-o-matic 4 Pro,Chicago_01,2024-11-10,51.930192591379814,55.97873339373187,59.205864656551434,55.70071394017521
Tron-o-matic 4 Pro,Chicago_01,2024-11-11,74.8438512882648,78.84757388984774,82.5628111204976,78.76407283006648
Tron-o-matic 4 Pro,Chicago_01,2024-11-12,51.03523594752946,55.96553938053823,59.68975843765377,55.75205333889118
Tron-o-matic 4 Pro,Chicago_01,2024-11-13,51.23466066221225,55.29282857976074,59.94369189413948,55.338089164234525
Tron-o-matic 4 Pro,Chicago_01,2024-11-14,51.50227647840525,55.53802861885713,60.67517410018818,55.749719699459185
Tron-o-matic 4 Pro,Chicago_01,2024-11-15,50.71042946690116,54.03088270739196,58.867178058742944,54.45506467085172
Tron-o-matic 4 Pro,Chicago_01,2024-11-16,76.31276524717481,80.5019681857354,84.32485914102317,80.54627879473183
Tron-o-matic 4 Pro,Chicago_01,2024-11-17,61.36292282760314,66.75601743285243,70.8294394420009,66.37542543973309
Tron-o-matic 4 Pro,Chicago_01,2024-11-18,77.23594382630095,80.51804121004112,84.95039177320949,80.71022474626044
Tron-o-matic 4 Pro,Chicago_01,2024-11-19,50.770811842271996,54.96112740533779,58.25295465805071,54.66908857397597
Tron-o-matic 4 Pro,Chicago_01,2024-11-20,82.51453473329299,86.57628068101792,91.1817062295958,86.9950611307208
Tron-o-matic 4 Pro,Chicago_01,2024-11-21,50.20160365586673,53.73626912865369,57.979489483536724,54.041022937064945
Tron-o-matic 4 Pro,Chicago_01,2024-11-22,50.32647282121005,55.01822792256501,58.679753542905964,54.82853313771993
Tron-o-matic 4 Pro,Chicago_01,2024-11-23,50.93641109824756,55.015973353672386,59.12288333505384,54.8890931894937
Tron-o-matic 4 Pro,Chicago_01,2024-11-24,51.20408054281916,54.86174244000388,58.06816207409546,54.568514626347714
Tron-o-matic 4 Pro,Chicago_01,2024-11-25,79.38960063880697,83.53401205278489,87.56875027124451,83.37525146820379
Tron-o-matic 4 Pro,Chicago_01,2024-11-26,49.907203144059345,54.804051187737315,58.881627375697306,54.41760277050242
Tron-o-matic 4 Pro,Chicago_01,2024-11-27,50.69215683006767,55.13002880088556,59.99499596152889,55.32320239248774
Tron-o-matic 4 Pro,Chicago_01,2024-11-28,52.44181070924286,55.49884625995628,59.58877000655174,55.784976659335186
Tron-o-matic 4 Pro,Chicago_01,2024-11-29,84.25494119721306,87.72195681388916,91.9716036640098,87.84210682080283
Tron-o-matic 4 Pro,Chicago_01,2024-11-30,50.885265466234415,55.01502775691381,59.753625019095296,55.3883725599345
Tron-o-matic 4 Pro,Chicago_01,2024-12-01,50.99743063108086,54.80656030219061,59.544238158564,55.059769854346904
Tron-o-matic 4 Pro,Chicago_01,2024-12-02,51.24824066067441,55.01923213801585,59.41323529306891,55.17150272186209
Tron-o-matic 4 Pro,Chicago_01,2024-12-03,60.4489552807972,65.53585465632445,69.8046559651404,65.45621632730628
Tron-o-matic 4 Pro,Chicago_01,2024-12-04,52.642245855340576,56.07458990057077,59.7573087951498,56.07412110222327
Tron-o-matic 4 Pro,Chicago_01,2024-12-05,52.00729023403854,56.667810810770256,60.60365408643775,56.603635517751265
Tron-o-matic 4 Pro,Chicago_01,2024-12-06,50.7313688003507,56.14747110389929,60.64143924386511,55.929175375103185
Tron-o-matic 4 Pro,Chicago_01,2024-12-07,66.66866420777316,71.86078151273772,75.38045718274611,71.39664996195069
Tron-o-matic 4 Pro,Chicago_01,2024-12-08,60.31814054883579,64.65739418914036,68.87767904968727,64.58726199020049
Tron-o-matic 4 Pro,Chicago_01,2024-12-09,80.92534191686887,85.45816786241936,88.74585863476403,85.24632177887551
Tron-o-matic 4 Pro,Chicago_01,2024-12-10,52.740054569384,56.08225115650743,59.922880181168246,56.11342078545999
Tron-o-matic 4 Pro,Chicago_01,2024-12-11,51.76765280083311,56.37220312801923,59.89132019764266,56.11837500032543
Tron-o-matic 4 Pro,Chicago_01,2024-12-12,77.32227064736821,81.46819746075815,85.77358857657134,81.58155957737435
Tron-o-matic 4 Pro,Chicago_01,2024-12-13,52.2484160907899,56.27275073189549,60.74521093922829,56.46134374270661
Tron-o-matic 4 Pro,Chicago_01,2024-12-14,60.14724290300982,64.54371637869677,68.79863877705914,64.65330894785896
Tron-o-matic 4 Pro,Chicago_01,2024-12-15,50.004565278553414,55.998035631631254,60.28584212051966,55.456704721476534
Tron-o-matic 4 Pro,Chicago_01,2024-12-16,52.03396669919985,56.0432780449789,59.93677156708347,56.08289138651372
Tron-o-matic 4 Pro,Chicago_01,2024-12-17,52.053069387757155,56.51936112369913,59.39491508175126,55.85157182922022
Tron-o-matic 4 Pro,Chicago_01,2024-12-18,52.33453540482462,56.782254146781035,60.110037566053805,56.3871308359603
Tron-o-matic 4 Pro,Chicago_01,2024-12-19,57.31284135280595,61.18318274963406,65.2421798388037,61.062806298371406
Tron-o-matic 4 Pro,Chicago_01,2024-12-20,51.28061776597447,55.93372238896268,59.133595123723964,55.47997831258079
Tron-o-matic 4 Pro,Chicago_01,2024-12-21,75.29129601452071,79.8121707434127,84.70789074130347,79.52143034182325
Tron-o-matic 4 Pro,Chicago_01,2024-12-22,50.339816330569825,55.69312070068153,58.416722797390754,54.87281569278409
Tron-o-matic 4 Pro,Chicago_01,2024-12-23,56.49193781811533,61.08739605796703,64.83457934621188,60.99772956998622
Tron-o-matic 4 Pro,Chicago_01,2024-12-24,51.8908191267332,55.93425247978037,60.67622527922437,56.174844280316975
Tron-o-matic 4 Pro,Chicago_01,2024-12-25,53.07102463480358,56.44134456362241,61.55864288171716,56.90900708856188
Tron-o-matic 4 Pro,Chicago_01,2024-12-26,77.88329712682156,81.88522117299962,85.35542298206487,81.77005744857901
Tron-o-matic 4 Pro,Chicago_01,2024-12-27,75.43353357662856,78.67790674156223,82.36556783369225,78.87966687986771
Tron-o-matic 4 Pro,Chicago_01,2024-12-28,51.17676098837906,55.67124856770046,60.59959371943794,55.88330570664688
Tron-o-matic 4 Pro,Chicago_01,2024-12-29,80.23912251517129,84.34249459029499,88.43724770502841,84.1241649376694
Tron-o-matic 4 Pro,Chicago_01,2024-12-30,66.12771702544167,70.83460711742659,74.12641187744804,70.24209064236935
Tron-o-matic 4 Pro,Chicago_01,2024-12-31,59.393968317755906,64.60595837910175,68.74206511166456,64.12380464075368
Tron-o-matic 4 Pro,Dallas_01,2024-10-01,46.58776095240249,50.16142879193295,54.4134030854059,50.343401759328415
Tron-o-matic 4 Pro,Dallas_01,2024-10-02,47.159170897073324,50.06178547391148,53.40930363035375,50.281071912836595
Tron-o-matic 4 Pro,Dallas_01,2024-10-03,55.04855625714472,58.044167226623486,61.11879077081571,58.09049774555709
Tron-o-matic 4 Pro,Dallas_01,2024-10-04,47.31593576556347,50.11365645814664,54.11510344031624,50.32805148193866
Tron-o-matic 4 Pro,Dallas_01,2024-10-05,46.03259202075182,50.85865293285881,53.97411193978114,50.59994118666641
Tron-o-matic 4 Pro,Dallas_01,2024-10-06,56.0024228690757,60.29611524485452,63.77207766742468,60.32991753508159
Tron-o-matic 4 Pro,Dallas_01,2024-10-07,53.6033876669709,56.83410119538099,60.704722439938365,56.750869786004216
Tron-o-matic 4 Pro,Dallas_01,2024-10-08,47.27383245262151,50.73919072413161,53.3179060818323,50.50950829009218
Tron-o-matic 4 Pro,Dallas_01,2024-10-09,47.39441198868333,50.72110824535521,54.124224863131886,50.645162416998986
Tron-o-matic 4 Pro,Dallas_01,2024-10-10,50.91172056109676,54.71835674849479,58.296641047026185,54.66488060992625
Tron-o-matic 4 Pro,Dallas_01,2024-10-11,46.124412412899375,49.59481641918049,52.78685214125219,49.42884407386154
Tron-o-matic 4 Pro,Dallas_01,2024-10-12,51.54011877346083,55.71531322120629,58.825236807971606,55.471078224417035
Tron-o-matic 4 Pro,Dallas_01,2024-10-13,57.83732754578853,61.45498806488825,64.13207501266945,61.226386839007084
Tron-o-matic 4 Pro,Dallas_01,2024-10-14,65.1428909362132,69.04848244714418,71.61807321676379,68.57558499498423
Tron-o-matic 4 Pro,Dallas_01,2024-10-15,62.895338148454975,66.4500508874225,70.74017282504462,66.55155398464798
Tron-o-matic 4 Pro,Dallas_01,2024-10-16,45.10321456734931,49.13956425409479,52.70446790277924,49.10614250160668
Tron-o-matic 4 Pro,Dallas_01,2024-10-17,45.460928828395105,49.23136519493141,52.814169594418445,49.13437257831963
Tron-o-matic 4 Pro,Dallas_01,2024-10-18,46.002026936805045,48.74665189813097,51.84197838570906,48.97030998825092
Tron-o-matic 4 Pro,Dallas_01,2024-10-19,52.72067901606803,56.42212260041484,60.802988632841505,56.404671186515
Tron-o-matic 4 Pro,Dallas_01,2024-10-20,43.44089305164156,47.7831668075103,50.93126806744226,47.57007207856009
Tron-o-matic 4 Pro,Dallas_01,2024-10-21,44.58421677277741,48.76350092933067,51.12936570476816,48.293952235661365
Tron-o-matic 4 Pro,Dallas_01,2024-10-22,69.93959650502048,73.11276139080516,77.33709443466311,73.4173496894622
Tron-o-matic 4 Pro,Dallas_01,2024-10-23,62.57117343934277,66.44868616003495,69.81027500669656,66.24720556866622
Tron-o-matic 4 Pro,Dallas_01,2024-10-24,43.53591292815835,47.994134920156185,51.58268361415654,47.76356220156762
Tron-o-matic 4 Pro,Dallas_01,2024-10-25,62.7616980095713,65.97492828763377,69.52057732064083,66.02821644646576
Tron-o-matic 4 Pro,Dallas_01,2024-10-26,44.82643389162987,48.20625870309643,50.889847374021016,47.95307036630433
Tron-o-matic 4 Pro,Dallas_01,2024-10-27,47.818516558865845,50.9804148044101,55.0848798859236,51.12195305883973
Tron-o-matic 4 Pro,Dallas_01,2024-10-28,50.780553257006304,53.46871977699851,57.3625964365472,53.69121748926519
Tron-o-matic 4 Pro,Dallas_01,2024-10-29,44.70429399493298,47.7250705049882,51.50318369953374,47.59652057782213
Tron-o-matic 4 Pro,Dallas_01,2024-10-30,43.98436049088606,47.487131393552396,50.66894539319326,47.333541170210836
Tron-o-matic 4 Pro,Dallas_01,2024-10-31,55.02754880163612,58.370492376970205,62.41938965247194,58.64228299535015
Tron-o-matic 4 Pro,Dallas_01,2024-11-01,43.276766047933776,46.28151932719833,50.2020310025899,46.41278507961257
Tron-o-matic 4 Pro,Dallas_01,2024-11-02,61.06382574900907,63.81883391185963,66.45564725644344,63.823709470369465
Tron-o-matic 4 Pro,Dallas_01,2024-11-03,42.768639448873905,46.09752456939891,49.52937472274541,45.930675859710725
Tron-o-matic 4 Pro,Dallas_01,2024-11-04,63.58893950188223,67.73245872336321,71.03590145736425,67.54525213383984
Tron-o-matic 4 Pro,Dallas_01,2024-11-05,53.829155089562555,56.63466198831513,60.29500512438583,56.742085204790826
Tron-o-matic 4 Pro,Dallas_01,2024-11-06,65.78043475102709,68.13096138174822,70.94211151980254,68.30063132138231
Tron-o-matic 4 Pro,Dallas_01,2024-11-07,42.054899480127176,45.32782025980735,49.36743139471223,45.427992050630266
Tron-o-matic 4 Pro,Dallas_01,2024-11-08,48.48098418830482,50.92722790610142,54.983621631303386,51.181040905534594
Tron-o-matic 4 Pro,Dallas_01,2024-11-09,53.139620426998256,56.348554779223015,59.63053058292854,56.443629349791145
Tron-o-matic 4 Pro,Dallas_01,2024-11-10,41.45874050379741,44.97146826786043,48.23182132817524,44.800869894941755
Tron-o-matic 4 Pro,Dallas_01,2024-11-11,60.50612323454085,64.03168568827681,67.23886552469975,63.91165009152025
Tron-o-matic 4 Pro,Dallas_01,2024-11-12,40.73594265919954,44.97936046057861,48.33910883473558,44.893123933826985
Tron-o-matic 4 Pro,Dallas_01,2024-11-13,41.748780007672195,44.90818629564246,48.504181500206535,44.95447375305158
Tron-o-matic 4 Pro,Dallas_01,2024-11-14,40.68090806207522,44.05021337620964,47.979275884849216,44.3507277057069
Tron-o-matic 4 Pro,Dallas_01,2024-11-15,41.642836497756726,44.56301858306741,48.48404160961096,44.69709340971053
Tron-o-matic 4 Pro,Dallas_01,2024-11-16,62.368681192205564,65.87247679370226,69.69789172629322,65.9354560021663
Tron-o-matic 4 Pro,Dallas_01,2024-11-17,50.82215813009661,54.17950665663109,57.786141946330446,54.21508524732476
Tron-o-matic 4 Pro,Dallas_01,2024-11-18,62.433789133342636,65.61628262456583,69.42000558099298,65.7006735342749
Tron-o-matic 4 Pro,Dallas_01,2024-11-19,40.8617189907033,44.432452142459354,47.21469922213809,44.2232065082161
Tron-o-matic 4 Pro,Dallas_01,2024-11-20,66.94164557893205,70.72513989644087,73.5234132065436,70.53484941493791
Tron-o-matic 4 Pro,Dallas_01,2024-11-21,40.73373370567249,44.51885861527295,48.73469505187598,44.3609068156281
Tron-o-matic 4 Pro,Dallas_01,2024-11-22,41.1537011296592,44.22519527963275,47.407908906830606,44.23504072943047
Tron-o-matic 4 Pro,Dallas_01,2024-11-23,40.69294130073964,44.63912286415645,47.78982454760943,44.47020609216202
Tron-o-matic 4 Pro,Dallas_01,2024-11-24,41.48027397185569,44.38761728336965,47.66847853059913,44.40104724693267
Tron-o-matic 4 Pro,Dallas_01,2024-11-25,64.55281140470437,68.41322126032789,72.02882306144451,68.22694647270276
Tron-o-matic 4 Pro,Dallas_01,2024-11-26,41.15224875473651,43.70110452540405,47.805126303121,44.00150362790216
Tron-o-matic 4 Pro,Dallas_01,2024-11-27,41.39245981977197,44.565474316813024,47.9021532312505,44.57003900753061
Tron-o-matic 4 Pro,Dallas_01,2024-11-28,39.94345334495195,43.87158345148689,47.49535182404522,44.07073661486772
Tron-o-matic 4 Pro,Dallas_01,2024-11-29,68.07271992422042,71.52884460414793,75.35773701000765,71.66911842285846
Tron-o-matic 4 Pro,Dallas_01,2024-11-30,42.27887798949776,44.747507953278394,49.19322391030816,44.99911083727414
Tron-o-matic 4 Pro,Dallas_01,2024-12-01,40.44280601758939,44.09235993731119,47.17154700763523,44.01499782191108
Tron-o-matic 4 Pro,Dallas_01,2024-12-02,40.986332703999125,44.46855211117864,47.85530969446081,44.34404835532383
Tron-o-matic 4 Pro,Dallas_01,2024-12-03,49.34744228640374,53.24346347680253,56.045230355638594,52.89869875025137
Tron-o-matic 4 Pro,Dallas_01,2024-12-04,41.66571819821188,45.09353819467536,48.40704108546383,44.96987360448818
Tron-o-matic 4 Pro,Dallas_01,2024-12-05,41.33664464843061,45.451739616955315,48.40006858456796,45.079954317791554
Tron-o-matic 4 Pro,Dallas_01,2024-12-06,41.33803529459249,45.33104767468441,48.2740415547324,45.11428346709281
Tron-o-matic 4 Pro,Dallas_01,2024-12-07,54.48257981046806,57.608045819542276,60.987686656530656,57.70823042988826
Tron-o-matic 4 Pro,Dallas_01,2024-12-08,48.166464523213335,52.226683053656444,55.8096488352934,52.1277480066597
Tron-o-matic 4 Pro,Dallas_01,2024-12-09,65.89069266481484,68.93049334682061,72.40650904106874,68.957350248922
Tron-o-matic 4 Pro,Dallas_01,2024-12-10,41.8772037319521,45.56337195207256,48.779228473166796,45.362595763188885
Tron-o-matic 4 Pro,Dallas_01,2024-12-11,42.637597471030055,45.5512195817361,49.1173400305802,45.77275233915806
Tron-o-matic 4 Pro,Dallas_01,2024-12-12,61.55008513415116,65.39928588424372,68.73340440662741,65.20419142397546
Tron-o-matic 4 Pro,Dallas_01,2024-12-13,41.57981302234952,45.60260444566071,48.40364022763937,45.14449544379496
Tron-o-matic 4 Pro,Dallas_01,2024-12-14,47.91927214121392,52.53279263546854,56.22991546583512,52.295010374896556
Tron-o-matic 4 Pro,Dallas_01,2024-12-15,41.080537681035764,44.871874671712575,47.65099525732478,44.500613893892584
Tron-o-matic 4 Pro,Dallas_01,2024-12-16,41.236129356918106,44.62971990385378,48.61599017529281,44.871868299074805
Tron-o-matic 4 Pro,Dallas_01,2024-12-17,41.40879362315424,45.37296252985916,48.3498157654558,45.09643302669485
Tron-o-matic 4 Pro,Dallas_01,2024-12-18,41.94745866831699,45.437510064836616,48.833918131393986,45.280217181085476
Tron-o-matic 4 Pro,Dallas_01,2024-12-19,45.915785527547825,49.350537234777775,52.36184024723259,49.308505643260894
Tron-o-matic 4 Pro,Dallas_01,2024-12-20,41.33459282024422,44.913965837861724,48.187032128206,44.742321399583986
Tron-o-matic 4 Pro,Dallas_01,2024-12-21,62.12424286882203,65.49383856692398,69.02065301112079,65.36946445912537
Tron-o-matic 4 Pro,Dallas_01,2024-12-22,41.667609138493304,44.598320692715824,48.2125722736184,44.67644138225182
Tron-o-matic 4 Pro,Dallas_01,2024-12-23,45.33670746304443,49.24949896033744,52.10565788852119,49.01197805090743
Tron-o-matic 4 Pro,Dallas_01,2024-12-24,41.50611521875506,45.321086355163914,49.13703344629144,45.31678017277417
Tron-o-matic 4 Pro,Dallas_01,2024-12-25,41.19627196665142,45.33072598800706,48.318960409976675,45.23008149606795
Tron-o-matic 4 Pro,Dallas_01,2024-12-26,62.663470924293506,67.11189526762095,70.84784985123173,66.89751560940167
Tron-o-matic 4 Pro,Dallas_01,2024-12-27,61.72004326240994,64.97928064589284,67.95893433867221,64.75165759653326
Tron-o-matic 4 Pro,Dallas_01,2024-12-28,42.219539019659116,45.780180241263245,49.18719058089247,45.58040402317783
Tron-o-matic 4 Pro,Dallas_01,2024-12-29,64.55581193891601,68.3735865850926,71.5186225680163,68.24409710885115
Tron-o-matic 4 Pro,Dallas_01,2024-12-30,53.9445646289694,57.37829582442196,60.34218056783351,57.13582401658337
Tron-o-matic 4 Pro,Dallas_01,2024-12-31,48.62195030196533,51.94734835456256,55.59124929090868,51.81522546579809
Tron-o-matic 4 Pro,Houston_01,2024-10-01,43.50960141761462,46.54103012970393,49.46579044752265,46.632145928867665
Tron-o-matic 4 Pro,Houston_01,2024-10-02,44.51083035042508,46.90113860256607,49.86172400984511,47.12574099405244
Tron-o-matic 4 Pro,Houston_01,2024-10-03,50.305507648777585,53.40006771502263,56.74040897714435,53.30063946366256
Tron-o-matic 4 Pro,Houston_01,2024-10-04,43.127639856619645,46.485418000364305,49.61794221643823,46.293241726426565
Tron-o-matic 4 Pro,Houston_01,2024-10-05,42.83625399636219,46.73169868409682,49.89292890830736,46.4965624100809
Tron-o-matic 4 Pro,Houston_01,2024-10-06,53.28088961926426,56.34741239683341,59.21017079374783,56.36669551071669
Tron-o-matic 4 Pro,Houston_01,2024-10-07,48.957971267335665,52.55483370632171,56.09255712895748,52.4915785670874
Tron-o-matic 4 Pro,Houston_01,2024-10-08,43.220262019185334,46.23377375376891,49.6261674933705,46.199645207755445
Tron-o-matic 4 Pro,Houston_01,2024-10-09,43.408215850810286,47.13447677812858,50.269110184939436,46.78739585696281
Tron-o-matic 4 Pro,Houston_01,2024-10-10,47.38022948245905,50.65283592048165,53.90691969690703,50.86162985747242
Tron-o-matic 4 Pro,Houston_01,2024-10-11,43.27726713091654,46.27381763303978,49.23894246230461,46.3463233132931
Tron-o-matic 4 Pro,Houston_01,2024-10-12,48.65424374675046,51.71336540841444,54.53040359460035,51.701678943141324
Tron-o-matic 4 Pro,Houston_01,2024-10-13,53.206396905148765,57.101599121745316,59.97502729217742,56.87725176141015
Tron-o-matic 4 Pro,Houston_01,2024-10-14,60.716160241786326,64.34098772462804,68.05157957352723,64.48672650876841
Tron-o-matic 4 Pro,Houston_01,2024-10-15,59.078902011866035,61.92485748787097,64.55000012544792,62.018108405371784
Tron-o-matic 4 Pro,Houston_01,2024-10-16,42.54448505107209,46.09840899671796,49.78137444186493,45.957455924563256
Tron-o-matic 4 Pro,Houston_01,2024-10-17,42.36943790375399,45.33228446106739,47.728635817570975,45.14629869093986
Tron-o-matic 4 Pro,Houston_01,2024-10-18,41.64489343640455,45.53628093449868,48.970423619168415,45.339908561842456
Tron-o-matic 4 Pro,Houston_01,2024-10-19,48.54395416748648,51.926484119372525,54.56923478168645,51.84963827407224
Tron-o-matic 4 Pro,Houston_01,2024-10-20,41.9587533983866,44.72333078948559,47.740440960966225,44.796195538315466
Tron-o-matic 4 Pro,Houston_01,2024-10-21,41.480143588904035,44.69938066398452,48.55877977181198,44.94239682763203
Tron-o-matic 4 Pro,Houston_01,2024-10-22,65.76847854287655,69.12427209944562,72.63635299233957,68.97440612307244
Tron-o-matic 4 Pro,Houston_01,2024-10-23,57.87332651780958,62.13430224225472,65.5959521212105,61.97017274891128
Tron-o-matic 4 Pro,Houston_01,2024-10-24,41.46179220689316,44.77321617849759,48.17531367530101,44.87384729795239
Tron-o-matic 4 Pro,Houston_01,2024-10-25,58.934733046977044,62.03365240647628,64.91820008963522,61.91969163104604
Tron-o-matic 4 Pro,Houston_01,2024-10-26,40.797876244385215,44.35025436602878,47.2578774185116,44.268988923888344
Tron-o-matic 4 Pro,Houston_01,2024-10-27,44.980369339177976,48.469506681586324,51.710190381934986,48.3291605075734
Tron-o-matic 4 Pro,Houston_01,2024-10-28,46.66017832641914,50.22334426165486,52.641682347970985,50.01456752228835
Tron-o-matic 4 Pro,Houston_01,2024-10-29,40.51655620442615,44.06212056748462,47.20255343699802,43.872018092833166
Tron-o-matic 4 Pro,Houston_01,2024-10-30,40.896745914257465,44.43977437657917,47.018614484685585,44.20729076204375
Tron-o-matic 4 Pro,Houston_01,2024-10-31,51.71426985120944,55.47593436694445,57.63734039588524,54.96397506449596
Tron-o-matic 4 Pro,Houston_01,2024-11-01,40.12957854234013,43.32672867397459,46.742265054654084,43.275230936449695
Tron-o-matic 4 Pro,Houston_01,2024-11-02,56.50747923892285,59.61866593652715,62.76464618957044,59.496030967621984
Tron-o-matic 4 Pro,Houston_01,2024-11-03,39.5853510058511,42.97731568114643,45.74596011915834,42.745631800763285
Tron-o-matic 4 Pro,Houston_01,2024-11-04,59.76806083669339,63.470736196761216,67.15832756097592,63.51157649597812
Tron-o-matic 4 Pro,Houston_01,2024-11-05,49.70605562128982,53.03300730701905,55.65025202329705,52.8621846934024
Tron-o-matic 4 Pro,Houston_01,2024-11-06,60.52364013091614,63.540073741559375,66.19910142263565,63.5227155819697
Tron-o-matic 4 Pro,Houston_01,2024-11-07,39.39052109616376,42.290127585857974,44.99233174142378,42.23173801605525
Tron-o-matic 4 Pro,Houston_01,2024-11-08,43.45552776729611,47.45932558667813,50.91751093654883,47.28444682930668
Tron-o-matic 4 Pro,Houston_01,2024-11-09,50.521992767775394,53.63149341707214,56.39281244187685,53.30366657857859
Tron-o-matic 4 Pro,Houston_01,2024-11-10,38.19720935746278,42.12714762382689,45.14432685836516,41.838109697565095
Tron-o-matic 4 Pro,Houston_01,2024-11-11,56.56286545632346,59.85287829506259,62.81890257828475,59.751156716194956
Tron-o-matic 4 Pro,Houston_01,2024-11-12,38.914198421415385,41.77536727437285,45.21636175198791,41.91326350183587
Tron-o-matic 4 Pro,Houston_01,2024-11-13,38.944154505182254,42.171945306904576,45.8295435137924,42.24347171511389
Tron-o-matic 4 Pro,Houston_01,2024-11-14,38.18488365504924,41.20779192412277,43.984599766214224,41.03611076887385
Tron-o-matic 4 Pro,Houston_01,2024-11-15,38.430795119545444,41.81908621270704,44.755518151457935,41.79630492896872
Tron-o-matic 4 Pro,Houston_01,2024-11-16,58.32396847493888,61.077322249614745,64.23077995229383,61.0411245537068
Tron-o-matic 4 Pro,Houston_01,2024-11-17,46.95998287711702,50.13556744611062,53.90440012378843,50.18133409584542
Tron-o-matic 4 Pro,Houston_01,2024-11-18,57.68866191785594,60.8354536553986,64.32639504613539,61.027212759053846
Tron-o-matic 4 Pro,Houston_01,2024-11-19,37.69067518016426,40.82542913078797,44.34426048894485,40.84776441893916
Tron-o-matic 4 Pro,Houston_01,2024-11-20,63.19573418599503,66.1418223030521,69.6576485450615,66.1115353786535
Tron-o-matic 4 Pro,Houston_01,2024-11-21,37.037004919154114,40.31010505199428,43.81561510440201,40.31805896099122
Tron-o-matic 4 Pro,Houston_01,2024-11-22,37.401281037516334,41.129686212714056,44.3326777224155,40.94421198054665
Tron-o-matic 4 Pro,Houston_01,2024-11-23,37.38770240686795,40.977004350051715,44.528610087200796,40.939777666079074
Tron-o-matic 4 Pro,Houston_01,2024-11-24,37.20864176566054,40.738774284382664,44.57249399159812,40.87300864649072
Tron-o-matic 4 Pro,Houston_01,2024-11-25,60.44765722801773,63.93853846964054,67.21742588570943,63.875354849963514
Tron-o-matic 4 Pro,Houston_01,2024-11-26,37.57867258090612,40.79452270987403,43.75007660461222,40.788513452229125
Tron-o-matic 4 Pro,Houston_01,2024-11-27,38.13244084765511,41.15531665825667,44.63781293634647,41.30239329211878
Tron-o-matic 4 Pro,Houston_01,2024-11-28,37.51069894030661,41.40166588716597,44.19778075224237,40.83173751564601
Tron-o-matic 4 Pro,Houston_01,2024-11-29,63.78241422030584,66.7875323794868,69.28858023421238,66.69800049651103
Tron-o-matic 4 Pro,Houston_01,2024-11-30,37.76667723023693,40.958012443524055,44.51124669193233,40.93404345278137
Tron-o-matic 4 Pro,Houston_01,2024-12-01,37.216626076561155,40.81023093541927,44.31053850804885,40.75753817722777
Tron-o-matic 4 Pro,Houston_01,2024-12-02,38.06875826080136,41.11666671177843,44.11393216507907,40.969853733131146
Tron-o-matic 4 Pro,Houston_01,2024-12-03,45.16992273503388,48.01052298143787,51.725431147055204,48.110058829955626
Tron-o-matic 4 Pro,Houston_01,2024-12-04,38.41571343112509,41.6845479435104,44.89001497241402,41.6120235000313
Tron-o-matic 4 Pro,Houston_01,2024-12-05,37.9949594556184,41.13390986701975,43.94099125709693,40.92485589089941
Tron-o-matic 4 Pro,Houston_01,2024-12-06,37.24725062675727,41.17267198586733,44.38186417020762,41.13876155614473
Tron-o-matic 4 Pro,Houston_01,2024-12-07,49.488215500934686,52.31808220954595,56.11571691889812,52.573042626018506
Tron-o-matic 4 Pro,Houston_01,2024-12-08,45.05932810553058,48.51760345284119,51.56168985042231,48.22788124349771
Tron-o-matic 4 Pro,Houston_01,2024-12-09,60.861873383132476,64.00779639210332,67.67720184424286,64.05258371354479
Tron-o-matic 4 Pro,Houston_01,2024-12-10,37.738495267822955,41.4870314668381,44.41461812456541,41.27099082998834
Tron-o-matic 4 Pro,Houston_01,2024-12-11,38.46168584094336,41.875286188271815,44.62934714220893,41.687374189102314
Tron-o-matic 4 Pro,Houston_01,2024-12-12,57.27157237387003,61.02497344733301,64.4012012876269,60.81286632838267
Tron-o-matic 4 Pro,Houston_01,2024-12-13,38.14519492460208,41.30007761268183,44.175209918116735,41.306736789561995
Tron-o-matic 4 Pro,Houston_01,2024-12-14,45.738992016597365,48.44891611535246,51.679598540839656,48.476741985472174
Tron-o-matic 4 Pro,Houston_01,2024-12-15,38.737708636736265,41.680120090908886,44.29406129311303,41.636591309954504
Tron-o-matic 4 Pro,Houston_01,2024-12-16,37.633669099355664,41.05500021847415,45.2241963696665,41.3657048887979
Tron-o-matic 4 Pro,Houston_01,2024-12-17,38.94060033287765,42.1711437960755,45.14633627210496,41.971862605752925
Tron-o-matic 4 Pro,Houston_01,2024-12-18,39.31446138449364,42.49378933786726,45.48386811060738,42.37970234454006
Tron-o-matic 4 Pro,Houston_01,2024-12-19,42.3975130853787,45.77695368951992,48.229087501310325,45.5887111645315
Tron-o-matic 4 Pro,Houston_01,2024-12-20,38.65257349303108,42.01319442700981,44.61378597560173,41.81945666786764
Tron-o-matic 4 Pro,Houston_01,2024-12-21,57.34389811786661,60.56656610799175,63.46158920414468,60.60337536519614
Tron-o-matic 4 Pro,Houston_01,2024-12-22,38.584172183941845,41.77473138188121,45.583974364431995,41.76291143779268
Tron-o-matic 4 Pro,Houston_01,2024-12-23,43.11341602499205,46.479210613332036,49.53132517931895,46.325965035898825
Tron-o-matic 4 Pro,Houston_01,2024-12-24,38.567079185551606,41.606616020160885,45.08498985898196,41.69556838397544
Tron-o-matic 4 Pro,Houston_01,2024-12-25,39.51321018618209,42.807444824048524,45.62687751505283,42.53573025341607
Tron-o-matic 4 Pro,Houston_01,2024-12-26,57.790909625695534,61.53544009858329,66.19133992759225,61.74630955087651
Tron-o-matic 4 Pro,Houston_01,2024-12-27,56.82603776827058,60.31486630068437,63.191640349574726,60.214931245764916
Tron-o-matic 4 Pro,Houston_01,2024-12-28,38.43066660664655,41.68281103404789,45.421775986965805,41.68503643614337
Tron-o-matic 4 Pro,Houston_01,2024-12-29,61.25756344533895,64.66350950858669,67.99702043675401,64.42802112810267
Tron-o-matic 4 Pro,Houston_01,2024-12-30,49.93334617837274,53.42800181562188,56.74051042806436,53.405726062188506
Tron-o-matic 4 Pro,Houston_01,2024-12-31,44.18893501548562,47.9001715787469,51.74878732653967,47.966119157435216
Tron-o-matic 4 Pro,NewYork_02,2024-10-01,57.260239649378185,62.15882149566039,67.54588860600796,62.2274067637753
Tron-o-matic 4 Pro,NewYork_02,2024-10-02,57.622711606600575,63.03370410680916,65.65941934516488,62.413922856948126
Tron-o-matic 4 Pro,NewYork_02,2024-10-03,66.70465729235013,70.96391920911397,74.45569516632867,70.77493723386083
Tron-o-matic 4 Pro,NewYork_02,2024-10-04,57.43971052263816,61.30863277585148,65.86635449861016,61.504082294420606
Tron-o-matic 4 Pro,NewYork_02,2024-10-05,56.33226707440953,61.13834557054655,66.19002222706096,60.98955808457815
Tron-o-matic 4 Pro,NewYork_02,2024-10-06,70.11178397378413,74.71012566467496,78.26290764178171,74.59201849962986
Tron-o-matic 4 Pro,NewYork_02,2024-10-07,65.27915141371281,69.27526345997912,73.60724171133619,69.34826897867919
Tron-o-matic 4 Pro,NewYork_02,2024-10-08,57.252711226016366,61.654800045002524,65.32663909140092,61.55804813031853
Tron-o-matic 4 Pro,NewYork_02,2024-10-09,56.8623126828843,61.601848842354116,65.35476157686702,61.520490639331946
Tron-o-matic 4 Pro,NewYork_02,2024-10-10,63.296763052074475,66.99831604220299,71.84932173092268,67.39442499267497
Tron-o-matic 4 Pro,NewYork_02,2024-10-11,57.412008100004726,61.51492616962384,65.38766904266312,61.32304074716562
Tron-o-matic 4 Pro,NewYork_02,2024-10-12,65.13262194564359,68.8902340458073,71.94849544972223,68.47015763726063
Tron-o-matic 4 Pro,NewYork_02,2024-10-13,70.0873275163672,73.83528366486395,78.26294233560054,74.16008767371953
Tron-o-matic 4 Pro,NewYork_02,2024-10-14,79.40146195044102,83.40128732297612,88.23951924110402,83.57940310960176
Tron-o-matic 4 Pro,NewYork_02,2024-10-15,76.98077828131296,80.8330475587839,86.19119116985252,81.2708343734714
Tron-o-matic 4 Pro,NewYork_02,2024-10-16,56.3795922912761,60.836228370874466,64.50587173881281,60.63540925428031
Tron-o-matic 4 Pro,NewYork_02,2024-10-17,55.75991096924933,59.6864899540678,63.376684955854905,59.62737089217187
Tron-o-matic 4 Pro,NewYork_02,2024-10-18,55.71308431341665,61.090805424728956,65.2230917247032,60.625182767664185
Tron-o-matic 4 Pro,NewYork_02,2024-10-19,64.21911580373,68.94035702194267,73.45270025263791,68.70755667752252
Tron-o-matic 4 Pro,NewYork_02,2024-10-20,54.82786420183285,58.789259205949776,63.12113470033792,58.99591407621008
Tron-o-matic 4 Pro,NewYork_02,2024-10-21,55.619434891063236,59.48434595241539,63.72821036534041,59.482481542383795
Tron-o-matic 4 Pro,NewYork_02,2024-10-22,86.38802719965807,91.1585642049024,95.43973870809074,90.98905814388777
Tron-o-matic 4 Pro,NewYork_02,2024-10-23,77.44782695092194,82.65001443792434,86.35561466799683,82.05997992179373
Tron-o-matic 4 Pro,NewYork_02,2024-10-24,54.556684944096965,59.06324191543861,63.212459670301065,58.918261717028514
Tron-o-matic 4 Pro,NewYork_02,2024-10-25,78.82778280128534,82.15349714915943,86.25499252094193,82.5735259028025
Tron-o-matic 4 Pro,NewYork_02,2024-10-26,54.11035185170087,59.03903274041796,63.911598686140415,59.00115246093297
Tron-o-matic 4 Pro,NewYork_02,2024-10-27,58.37567154560597,63.39067520370981,68.50723300501988,63.255246963702575
Tron-o-matic 4 Pro,NewYork_02,2024-10-28,60.91304142823232,65.21563401410363,70.05486456103647,65.42653658708132
Tron-o-matic 4 Pro,NewYork_02,2024-10-29,53.514552983802815,58.246572139904394,61.791001509788096,58.13395158918797
Tron-o-matic 4 Pro,NewYork_02,2024-10-30,53.952778922318295,58.64321724420499,62.220921433243745,58.35709249223616
Tron-o-matic 4 Pro,NewYork_02,2024-10-31,67.60614556077618,72.73124264997773,77.20178183720104,72.42448506628301
Tron-o-matic 4 Pro,NewYork_02,2024-11-01,53.098194870972506,58.25210637370449,62.81186791210881,57.98284351336455
Tron-o-matic 4 Pro,NewYork_02,2024-11-02,74.34270758142924,78.89970121135404,83.09384803319948,78.95422146959447
Tron-o-matic 4 Pro,NewYork_02,2024-11-03,51.82478226658103,55.71082075452593,59.794403617997716,55.569979902639886
Tron-o-matic 4 Pro,NewYork_02,2024-11-04,78.18533885495013,81.90269333052598,85.92525201466873,82.06758544485834
Tron-o-matic 4 Pro,NewYork_02,2024-11-05,64.74917963030293,68.83279547422744,73.73315308685223,69.01983115805844
Tron-o-matic 4 Pro,NewYork_02,2024-11-06,78.70019315615006,82.98149797403825,86.20733178461624,82.81196613196555
Tron-o-matic 4 Pro,NewYork_02,2024-11-07,51.53681156382029,55.36140427144889,60.041120514278234,55.529030445305615
Tron-o-matic 4 Pro,NewYork_02,2024-11-08,58.64901242410939,61.76873643054835,65.46674699660421,61.94775522310128
Tron-o-matic 4 Pro,NewYork_02,2024-11-09,64.69943259850355,69.60666687937679,73.9596895645242,69.58662626788019
Tron-o-matic 4 Pro,NewYork_02,2024-11-10,49.477991808298846,54.710161660410996,58.62777741762439,54.12290559272537
Tron-o-matic 4 Pro,NewYork_02,2024-11-11,73.37863080733906,78.46598435731237,82.25639285720476,78.19560398665354
Tron-o-matic 4 Pro,NewYork_02,2024-11-12,49.714429904564426,54.952460250310935,59.503461000890255,54.64023385994802
Tron-o-matic 4 Pro,NewYork_02,2024-11-13,49.19335165359442,53.87891813278912,57.908320463355416,53.986102330982284
Tron-o-matic 4 Pro,NewYork_02,2024-11-14,49.262754551272685,54.07576319596993,59.6505149994727,54.28649069235027
Tron-o-matic 4 Pro,NewYork_02,2024-11-15,49.90444662854568,53.63166278945267,58.67946478808643,53.96553439447231
Tron-o-matic 4 Pro,NewYork_02,2024-11-16,75.13855089834563,79.80064243456364,83.9928522672244,79.47591036383763
Tron-o-matic 4 Pro,NewYork_02,2024-11-17,60.40243562125845,65.25810550910904,69.6085676715112,65.40876418275113
Tron-o-matic 4 Pro,NewYork_02,2024-11-18,75.61699961147987,80.08532324621514,84.28549443374123,79.88172287320145
Tron-o-matic 4 Pro,NewYork_02,2024-11-19,49.2862145135418,53.65174863380094,58.06349039907064,53.54761457066279
Tron-o-matic 4 Pro,NewYork_02,2024-11-20,81.7331572182661,87.29700174103802,91.23340907065446,87.0901007870332
Tron-o-matic 4 Pro,NewYork_02,2024-11-21,49.231009320192065,53.644477830914504,59.32903822893121,53.94341069742204
Tron-o-matic 4 Pro,NewYork_02,2024-11-22,49.52428136360258,53.729768124569716,58.899825058368734,53.99119547081007
Tron-o-matic 4 Pro,NewYork_02,2024-11-23,49.98171800874966,53.66853640846937,58.656870823512214,53.79151492511818
Tron-o-matic 4 Pro,NewYork_02,2024-11-24,48.23498702521379,52.84446702496944,56.6645332802748,52.794464180080276
Tron-o-matic 4 Pro,NewYork_02,2024-11-25,78.77811950962113,82.59494768666902,86.42609158402594,82.73875208035497
Tron-o-matic 4 Pro,NewYork_02,2024-11-26,49.85585160041693,53.430127544463204,57.68454543724076,53.730883759317464
Tron-o-matic 4 Pro,NewYork_02,2024-11-27,51.2719229557612,54.493091587138025,59.148023268574875,54.61465680299584
Tron-o-matic 4 Pro,NewYork_02,2024-11-28,49.706262118824036,54.25935976643591,57.785564583129386,54.03329410533122
Tron-o-matic 4 Pro,NewYork_02,2024-11-29,83.64946035560482,88.34880088402146,92.46355844244705,87.94597458498427
Tron-o-matic 4 Pro,NewYork_02,2024-11-30,51.30155309229604,55.70714411043205,59.62106834471798,55.23868435637298
Tron-o-matic 4 Pro,NewYork_02,2024-12-01,49.82344709604346,54.459715369320406,57.814046508338166,54.23175376272293
Tron-o-matic 4 Pro,NewYork_02,2024-12-02,50.803237276379754,54.970559132264746,58.33914014840515,54.84420020835308
Tron-o-matic 4 Pro,NewYork_02,2024-12-03,60.04492854804418,64.47665318226623,68.43436842120516,64.26765622304691
Tron-o-matic 4 Pro,NewYork_02,2024-12-04,52.290703031149,55.89790020504131,60.41664947710642,55.82507683611889
Tron-o-matic 4 Pro,NewYork_02,2024-12-05,50.730113549679125,55.491696937019576,59.89999238598407,55.295132222744215
Tron-o-matic 4 Pro,NewYork_02,2024-12-06,53.1191637174338,56.530002571785836,59.95351204297357,56.352959481745756
Tron-o-matic 4 Pro,NewYork_02,2024-12-07,66.43480625525423,70.87614206027052,74.54216673427234,70.60616448921655
Tron-o-matic 4 Pro,NewYork_02,2024-12-08,60.1593754325609,64.97523777176526,69.60642058826387,64.90637761534725
Tron-o-matic 4 Pro,NewYork_02,2024-12-09,80.47252193793524,85.4845374106136,88.85649717053433,85.03057521290926
Tron-o-matic 4 Pro,NewYork_02,2024-12-10,51.97455896637315,56.02253598170974,60.59836019683106,55.90824756933991
Tron-o-matic 4 Pro,NewYork_02,2024-12-11,53.030258067396254,57.14615597660918,60.28988501571537,56.89268963986137
Tron-o-matic 4 Pro,NewYork_02,2024-12-12,76.76341109981625,81.28384992013795,86.14687849568938,81.27394423031768
Tron-o-matic 4 Pro,NewYork_02,2024-12-13,52.33334192771066,56.63279580475297,60.558971081756006,56.53596274094633
Tron-o-matic 4 Pro,NewYork_02,2024-12-14,60.77050717432151,64.769134139329,68.7318884978659,64.80801650208599
Tron-o-matic 4 Pro,NewYork_02,2024-12-15,51.92112207792031,56.33081563660226,60.4233641266233,56.24025239745743
Tron-o-matic 4 Pro,NewYork_02,2024-12-16,52.49294606421514,56.58841827130114,60.70800179569214,56.817557955853346
Tron-o-matic 4 Pro,NewYork_02,2024-12-17,51.73173892751541,55.92806991322709,60.14395420500292,55.77553745154657
Tron-o-matic 4 Pro,NewYork_02,2024-12-18,52.702961938648635,56.9732477198756,61.11113964616928,56.76802695792958
Tron-o-matic 4 Pro,NewYork_02,2024-12-19,57.331065598380796,61.150497335345904,65.53658229273651,61.137838207445604
Tron-o-matic 4 Pro,NewYork_02,2024-12-20,52.58805711433561,56.469175929111955,61.41868511737077,56.72987680323295
Tron-o-matic 4 Pro,NewYork_02,2024-12-21,76.52935331549392,81.33427626262458,84.94539034584874,81.0254759423156
Tron-o-matic 4 Pro,NewYork_02,2024-12-22,51.06684161142728,55.62533844734836,60.560399228360424,55.63492218072297
Tron-o-matic 4 Pro,NewYork_02,2024-12-23,57.67004860148326,62.16943907650846,65.69583200183381,61.787162285250524
Tron-o-matic 4 Pro,NewYork_02,2024-12-24,52.40969929275977,56.422324456016696,61.118649524654906,56.862577555665396
Tron-o-matic 4 Pro,NewYork_02,2024-12-25,53.05614457314673,57.19172259573149,60.795572809519726,56.893125720435044
Tron-o-matic 4 Pro,NewYork_02,2024-12-26,77.55696490566262,82.219357704086,86.64646371364172,82.20548182594555
Tron-o-matic 4 Pro,NewYork_02,2024-12-27,75.50487730120801,79.56142408844092,83.7433381004567,79.7584042799379
Tron-o-matic 4 Pro,NewYork_02,2024-12-28,50.86552995132574,56.494012546327326,61.57918759104524,56.34608445818144
Tron-o-matic 4 Pro,NewYork_02,2024-12-29,80.40533554517371,84.32826902718544,88.51972865610827,84.4643798268942
Tron-o-matic 4 Pro,NewYork_02,2024-12-30,66.64088624942103,70.75080235406308,74.83400850558185,70.81528434185996
Tron-o-matic 4 Pro,NewYork_02,2024-12-31,60.716573254769884,65.09887598266623,69.52785024647717,64.99043351815811
Tron-o-matic 4 Pro,Philadelphia_01,2024-10-01,36.64479264626061,39.00187083289335,41.038233039100156,38.83821716632366
Tron-o-matic 4 Pro,Philadelphia_01,2024-10-02,36.02395914209454,39.080291691072546,41.72813252493657,38.91463815692502
Tron-o-matic 4 Pro,Philadelphia_01,2024-10-03,41.706218920247686,44.69569477324854,47.76958241309783,44.67063228504798
Tron-o-matic 4 Pro,Philadelphia_01,2024-10-04,35.995083289713605,38.44152130538438,40.92939315650271,38.56256735096756
Tron-o-matic 4 Pro,Philadelphia_01,2024-10-05,36.28245546270488,39.18715657782635,42.07209988959274,39.127405801462956
Tron-o-matic 4 Pro,Philadelphia_01,2024-10-06,44.14897301160711,46.746812432254366,49.186788221579455,46.79867720010143
Tron-o-matic 4 Pro,Philadelphia_01,2024-10-07,40.868531792007545,42.99093712431979,45.91422724534385,43.13993610989729
Tron-o-matic 4 Pro,Philadelphia_01,2024-10-08,35.76807872917092,38.81981615404716,41.6781791720005,38.763897477949534
Tron-o-matic 4 Pro,Philadelphia_01,2024-10-09,35.851080221480274,38.86168337567316,41.75413728320699,38.80898453067891
Tron-o-matic 4 Pro,Philadelphia_01,2024-10-10,40.25518266265157,43.03243850653049,45.342211400903054,42.862659326135635
Tron-o-matic 4 Pro,Philadelphia_01,2024-10-11,36.293010091484994,39.02997217600694,41.67691827739269,38.9213711610488
Tron-o-matic 4 Pro,Philadelphia_01,2024-10-12,41.087076766949735,43.64289665902833,46.327436116210365,43.64208585187259
Tron-o-matic 4 Pro,Philadelphia_01,2024-10-13,45.308058479240735,47.77307875885355,50.53280174439983,47.919908681121925
Tron-o-matic 4 Pro,Philadelphia_01,2024-10-14,50.78673824914121,53.47286191306658,55.50878335284292,53.34703543985348
Tron-o-matic 4 Pro,Philadelphia_01,2024-10-15,49.68367358032794,52.610168901291324,54.79982157699734,52.27899343972132
Tron-o-matic 4 Pro,Philadelphia_01,2024-10-16,35.655667250975156,39.135595838001464,41.230934404712116,38.9229602695563
Tron-o-matic 4 Pro,Philadelphia_01,2024-10-17,35.00086335456128,38.373137513164345,40.86072542480096,38.13807329121642
Tron-o-matic 4 Pro,Philadelphia_01,2024-10-18,34.869641495955236,37.874757077511816,40.72814063020734,37.9249561907783
Tron-o-matic 4 Pro,Philadelphia_01,2024-10-19,41.06820075538517,43.972090586010125,46.64197349570809,43.991704509081856
Tron-o-matic 4 Pro,Philadelphia_01,2024-10-20,35.023890262386146,37.57346031639165,40.48700179969984,37.73917237498779
Tron-o-matic 4 Pro,Philadelphia_01,2024-10-21,35.014649790294456,37.99769840227336,40.75294557259381,37.87999530977248
Tron-o-matic 4 Pro,Philadelphia_01,2024-10-22,55.27880686591799,57.53795960988036,60.7823951487105,57.90294809119898
Tron-o-matic 4 Pro,Philadelphia_01,2024-10-23,48.83800146903275,52.0316513795531,54.59030486482592,51.65832327757801
Tron-o-matic 4 Pro,Philadelphia_01,2024-10-24,34.61816729744846,37.700739532897636,40.51418573374729,37.60439941479492
Tron-o-matic 4 Pro,Philadelphia_01,2024-10-25,49.292562033161836,51.36356853055047,54.201936274255,51.590790377959756
Tron-o-matic 4 Pro,Philadelphia_01,2024-10-26,34.43592466213292,37.542779467421674,39.951838140921986,37.34084337001287
Tron-o-matic 4 Pro,Philadelphia_01,2024-10-27,37.879961121847444,40.143344236375675,42.779838779554154,40.19120012406747
Tron-o-matic 4 Pro,Philadelphia_01,2024-10-28,39.072669985183516,41.360461333388436,44.28916312353923,41.54959271991181
Tron-o-matic 4 Pro,Philadelphia_01,2024-10-29,33.68420373613807,36.5363314131885,39.80425089973675,36.701045799772714
Tron-o-matic 4 Pro,Philadelphia_01,2024-10-30,33.450767620199684,35.977063784525726,39.18215419798919,36.31103606308986
Tron-o-matic 4 Pro,Philadelphia_01,2024-10-31,43.45517116164682,45.76104291639099,48.832681022440184,45.9731609023312
Tron-o-matic 4 Pro,Philadelphia_01,2024-11-01,33.62158285676162,35.7337117116073,38.44578706771675,35.83725253952151
Tron-o-matic 4 Pro,Philadelphia_01,2024-11-02,47.2495148957675,49.90342286159706,52.77064311651417,49.8546599565291
Tron-o-matic 4 Pro,Philadelphia_01,2024-11-03,32.92910635190101,35.52196086294622,38.98263289154376,35.64679360555681
Tron-o-matic 4 Pro,Philadelphia_01,2024-11-04,49.41948611071286,52.4996337071145,55.08863789152975,52.31574676809913
Tron-o-matic 4 Pro,Philadelphia_01,2024-11-05,41.63219986345572,44.035183256028525,46.549129453609694,44.17646981441527
Tron-o-matic 4 Pro,Philadelphia_01,2024-11-06,49.738368481270406,52.49220147518851,54.96077575492925,52.417902731012816
Tron-o-matic 4 Pro,Philadelphia_01,2024-11-07,32.676890937172864,34.734184048551015,37.273977479832475,34.93823964856297
Tron-o-matic 4 Pro,Philadelphia_01,2024-11-08,35.61870101849625,39.127870011194084,41.354109777891985,38.80208051300427
Tron-o-matic 4 Pro,Philadelphia_01,2024-11-09,40.892591110776564,43.923609601151824,46.28450013016094,43.857664800847324
Tron-o-matic 4 Pro,Philadelphia_01,2024-11-10,32.06587666483091,34.95743458685968,37.43284028017792,34.85143612905318
Tron-o-matic 4 Pro,Philadelphia_01,2024-11-11,46.69034764883349,49.74776006955491,52.25673042008624,49.58427072050664
Tron-o-matic 4 Pro,Philadelphia_01,2024-11-12,32.684421316257485,34.968666110470934,37.394993950425636,35.00231424374724
Tron-o-matic 4 Pro,Philadelphia_01,2024-11-13,32.56902409310726,35.162869482862185,37.53891806229893,34.86906016315492
Tron-o-matic 4 Pro,Philadelphia_01,2024-11-14,31.929515476735663,34.57922326055508,38.266032059572055,34.730296387146765
Tron-o-matic 4 Pro,Philadelphia_01,2024-11-15,31.518370938197933,34.42849549144489,36.73180165392644,34.19797137126825
Tron-o-matic 4 Pro,Philadelphia_01,2024-11-16,48.29449878186255,51.01171936995145,53.840935904946164,51.09260446287716
Tron-o-matic 4 Pro,Philadelphia_01,2024-11-17,38.79573050933912,41.831107754214635,44.29716741613752,41.72869767752844
Tron-o-matic 4 Pro,Philadelphia_01,2024-11-18,48.322690020920234,51.052270700387425,54.626898118909004,51.19540205804327
Tron-o-matic 4 Pro,Philadelphia_01,2024-11-19,31.456270162541177,34.233542551103795,37.26560555921617,34.347394749837434
Tron-o-matic 4 Pro,Philadelphia_01,2024-11-20,52.50217375100785,55.034051610446774,57.33349203330403,54.951490259784
Tron-o-matic 4 Pro,Philadelphia_01,2024-11-21,31.36376755180202,34.60703835703391,36.998053673549826,34.569303780714215
Tron-o-matic 4 Pro,Philadelphia_01,2024-11-22,31.081150935004416,33.92220107545547,37.359623351645126,34.00121068597527
Tron-o-matic 4 Pro,Philadelphia_01,2024-11-23,32.15676197484465,34.50313855542631,37.31096020717367,34.514348922967216
Tron-o-matic 4 Pro,Philadelphia_01,2024-11-24,31.21798637773868,33.81633152389652,36.96459070027031,33.92135930639796
Tron-o-matic 4 Pro,Philadelphia_01,2024-11-25,50.52305710367671,53.1220395072954,55.70599890505482,53.11509849814573
Tron-o-matic 4 Pro,Philadelphia_01,2024-11-26,31.77497057057457,34.37457140761062,37.43443827832824,34.436504338398684
Tron-o-matic 4 Pro,Philadelphia_01,2024-11-27,32.1076115891161,34.93491257348853,37.22433068565972,34.78043740513549
Tron-o-matic 4 Pro,Philadelphia_01,2024-11-28,31.453165161688652,34.44577520021662,37.569589814836206,34.44688629747756
Tron-o-matic 4 Pro,Philadelphia_01,2024-11-29,52.77981438446578,55.34025664117373,57.90453683418101,55.37801837608975
Tron-o-matic 4 Pro,Philadelphia_01,2024-11-30,32.22449681103584,34.83388040669187,37.40363101561277,34.74360037291515
Tron-o-matic 4 Pro,Philadelphia_01,2024-12-01,31.31839885219098,33.9139030898518,36.24534633937802,33.87325486216157
Tron-o-matic 4 Pro,Philadelphia_01,2024-12-02,31.88731669114926,34.78730368544195,36.80944047047326,34.40059961089424
Tron-o-matic 4 Pro,Philadelphia_01,2024-12-03,37.82892293278493,40.30246370091443,43.27304446847181,40.588483968792964
Tron-o-matic 4 Pro,Philadelphia_01,2024-12-04,31.56233421485552,34.49910058133353,37.30494285989161,34.387502274080205
Tron-o-matic 4 Pro,Philadelphia_01,2024-12-05,31.773035727064887,34.42971387815827,37.730033864679434,34.76113469784249
Tron-o-matic 4 Pro,Philadelphia_01,2024-12-06,31.172044805403917,34.39933235365832,37.4853147485265,34.27503790992702
Tron-o-matic 4 Pro,Philadelphia_01,2024-12-07,41.67182525680043,43.76360180991375,46.83799125610565,43.93192849394543
Tron-o-matic 4 Pro,Philadelphia_01,2024-12-08,37.253333119815686,39.67550728445822,42.5635892509567,39.90217544345644
Tron-o-matic 4 Pro,Philadelphia_01,2024-12-09,50.835832518195765,53.226489418905146,55.80679060985148,53.218688776758746
Tron-o-matic 4 Pro,Philadelphia_01,2024-12-10,31.7791240130094,34.258299551796775,37.01858346191126,34.238948261652524
Tron-o-matic 4 Pro,Philadelphia_01,2024-12-11,31.696265937461092,34.22082972471185,37.30601906543768,34.523053713810725
Tron-o-matic 4 Pro,Philadelphia_01,2024-12-12,47.16331900745207,50.2572109382296,52.7685474985833,50.13898130656578
Tron-o-matic 4 Pro,Philadelphia_01,2024-12-13,32.14642739365625,34.757178528032966,36.931703025594864,34.572886713353576
Tron-o-matic 4 Pro,Philadelphia_01,2024-12-14,36.98187715139832,39.4194766502721,42.44943754883955,39.72202020669404
Tron-o-matic 4 Pro,Philadelphia_01,2024-12-15,32.301238210575356,35.004715079360054,37.74703367057001,34.9113570602592
Tron-o-matic 4 Pro,Philadelphia_01,2024-12-16,31.98478761559812,34.30314524664034,36.65092589626293,34.342009141655666
Tron-o-matic 4 Pro,Philadelphia_01,2024-12-17,31.99192314983689,35.01676680381337,36.84916402642081,34.7859822152167
Tron-o-matic 4 Pro,Philadelphia_01,2024-12-18,32.26682631706337,34.955600454174615,37.78502160516886,34.87866850066862
Tron-o-matic 4 Pro,Philadelphia_01,2024-12-19,34.90761577858714,37.61420983047256,40.77699527592057,37.7242223452313
Tron-o-matic 4 Pro,Philadelphia_01,2024-12-20,30.936967777996514,34.34110261862468,37.472950044743186,34.212683376507606
Tron-o-matic 4 Pro,Philadelphia_01,2024-12-21,47.057678350284405,50.10278771536665,52.733858618865,50.033309592259286
Tron-o-matic 4 Pro,Philadelphia_01,2024-12-22,31.93964628969333,34.84675533291956,37.259739969416195,34.82479838567552
Tron-o-matic 4 Pro,Philadelphia_01,2024-12-23,35.83799232458417,38.500976999204475,41.429630686455035,38.51370122579175
Tron-o-matic 4 Pro,Philadelphia_01,2024-12-24,31.941345263626424,35.065841570377444,38.167815858591666,34.98575808161658
Tron-o-matic 4 Pro,Philadelphia_01,2024-12-25,32.75756966932009,35.11296639994122,37.799318504376636,35.38504131460748
Tron-o-matic 4 Pro,Philadelphia_01,2024-12-26,49.63408277290624,52.66345962568285,54.97310095485712,52.490683011128205
Tron-o-matic 4 Pro,Philadelphia_01,2024-12-27,47.51772127480905,49.820631562488344,52.98984476855732,49.97240956575973
Tron-o-matic 4 Pro,Philadelphia_01,2024-12-28,32.63457154030977,35.200512091551005,38.1998479197537,35.34439642488981
Tron-o-matic 4 Pro,Philadelphia_01,2024-12-29,49.93280871608844,54.132315045402606,56.5424727823177,53.810258103307724
Tron-o-matic 4 Pro,Philadelphia_01,2024-12-30,41.58648515136992,44.63891086930263,47.03713846633484,44.47594407913782
Tron-o-matic 4 Pro,Philadelphia_01,2024-12-31,38.546428001459105,41.11273415012202,43.52296823142504,40.9786889309105
Tron-o-matic 4 Pro,NewYork_01,2024-10-01,58.33782547811797,62.92895654951856,67.24792588948439,62.74264169944131
Tron-o-matic 4 Pro,NewYork_01,2024-10-02,57.89632659288027,62.75417664196144,66.03935937454249,62.31534751605994
Tron-o-matic 4 Pro,NewYork_01,2024-10-03,67.09026316413497,72.05107956639614,77.03825845974458,71.88337598283016
Tron-o-matic 4 Pro,NewYork_01,2024-10-04,57.59347242505598,61.83681079097592,66.01191602751926,61.997256059957024
Tron-o-matic 4 Pro,NewYork_01,2024-10-05,57.687688788020786,63.01972582276196,66.65706410138046,62.603066159964186
Tron-o-matic 4 Pro,NewYork_01,2024-10-06,71.15501991696812,74.81490902379461,79.09479546964901,75.04438328660949
Tron-o-matic 4 Pro,NewYork_01,2024-10-07,66.21664461466757,69.90856780555431,73.73006954008092,69.8979635799311
Tron-o-matic 4 Pro,NewYork_01,2024-10-08,59.35089706167527,63.22259829282135,66.78833152435622,62.969328364916564
Tron-o-matic 4 Pro,NewYork_01,2024-10-09,58.25595378348822,62.702664093946254,66.16566740300024,62.25031205083551
Tron-o-matic 4 Pro,NewYork_01,2024-10-10,62.89594633134061,67.76465566695187,71.54562086900113,67.40596182516047
Tron-o-matic 4 Pro,NewYork_01,2024-10-11,58.71052978511538,62.668365730983346,66.84626770129537,62.844011792661206
Tron-o-matic 4 Pro,NewYork_01,2024-10-12,65.60883797825878,69.00054501890774,73.03996782645237,69.02727822080695
Tron-o-matic 4 Pro,NewYork_01,2024-10-13,73.02768590838396,76.48271241859794,80.20058252644661,76.50248597761095
Tron-o-matic 4 Pro,NewYork_01,2024-10-14,81.87302784850459,85.65976340270527,89.53567422787093,85.67937054843605
Tron-o-matic 4 Pro,NewYork_01,2024-10-15,78.24331872611673,82.76124271999635,86.78907833006588,82.83918145215173
Tron-o-matic 4 Pro,NewYork_01,2024-10-16,57.49478397402523,61.18291202183267,65.996180346208,61.42078143688978
Tron-o-matic 4 Pro,NewYork_01,2024-10-17,57.24790020262091,61.47798191966884,64.28634580686656,61.07465684117203
Tron-o-matic 4 Pro,NewYork_01,2024-10-18,56.89105776004681,61.605921616364895,65.95527035395145,61.67002893828334
Tron-o-matic 4 Pro,NewYork_01,2024-10-19,66.19860969282689,71.01317921089696,74.64090468456965,70.47556316895265
Tron-o-matic 4 Pro,NewYork_01,2024-10-20,57.42619688366787,60.91960085641108,66.08443468465431,61.0575741833768
Tron-o-matic 4 Pro,NewYork_01,2024-10-21,58.20211186829711,60.84410598367518,65.19358092645638,61.125024398763244
Tron-o-matic 4 Pro,NewYork_01,2024-10-22,89.0894866082166,92.47726285984388,96.63452129879026,92.63265762007794
Tron-o-matic 4 Pro,NewYork_01,2024-10-23,78.14303619914092,82.96942789754031,86.67711102185864,82.89360477202666
Tron-o-matic 4 Pro,NewYork_01,2024-10-24,56.202035007480546,60.14214619049332,64.08425339521712,60.06395014327374
Tron-o-matic 4 Pro,NewYork_01,2024-10-25,78.96498324898619,82.92580077981243,87.77516232143985,83.2656223612172
Tron-o-matic 4 Pro,NewYork_01,2024-10-26,55.866128313092766,60.5583176352628,63.77050466484519,60.06775997812187
Tron-o-matic 4 Pro,NewYork_01,2024-10-27,60.265263457158,64.50811357659349,69.07285482066293,64.48312335454976
Tron-o-matic 4 Pro,NewYork_01,2024-10-28,63.020336800101006,66.92797296287539,71.64068177931647,66.9953144599195
Tron-o-matic 4 Pro,NewYork_01,2024-10-29,54.22270907638828,58.69954892345815,63.50710107113213,58.766374693338896
Tron-o-matic 4 Pro,NewYork_01,2024-10-30,54.08790479223887,58.598222618967554,62.81940224122522,58.54894610505351
Tron-o-matic 4 Pro,NewYork_01,2024-10-31,68.5021505906607,73.69104696258508,78.4160061818143,73.51225680163864
Tron-o-matic 4 Pro,NewYork_01,2024-11-01,54.02167849826232,58.401204256902204,63.86778294741929,58.42969971137009
Tron-o-matic 4 Pro,NewYork_01,2024-11-02,75.49715100580201,80.32997603857034,85.23039660929727,80.23681384752675
Tron-o-matic 4 Pro,NewYork_01,2024-11-03,53.577761840456674,58.59454340652914,61.71622788757446,58.060754443050236
Tron-o-matic 4 Pro,NewYork_01,2024-11-04,79.85057530425303,83.75006300245045,87.61238525820659,83.66433839272275
Tron-o-matic 4 Pro,NewYork_01,2024-11-05,66.1757864765413,70.33117280808273,74.81203197686978,70.41564039118617
Tron-o-matic 4 Pro,NewYork_01,2024-11-06,79.14119844076846,84.53660549690314,88.37001190675475,84.02896341856757
Tron-o-matic 4 Pro,NewYork_01,2024-11-07,52.053948706687144,57.00370801676472,61.25792540329709,57.08265838339143
Tron-o-matic 4 Pro,NewYork_01,2024-11-08,58.34591443417932,63.569565716956106,67.12853988767016,63.26452121802012
Tron-o-matic 4 Pro,NewYork_01,2024-11-09,67.30982975256426,70.94421905424737,74.62949384913462,70.9600373244858
Tron-o-matic 4 Pro,NewYork_01,2024-11-10,51.99206282749764,56.19804043994922,60.33988905109546,55.9979834825857
Tron-o-matic 4 Pro,NewYork_01,2024-11-11,75.1600702015505,80.32726276143636,83.93847158939015,79.838804369105
Tron-o-matic 4 Pro,NewYork_01,2024-11-12,50.56051055450172,55.04797683572812,59.85463112058036,55.174066302934285
Tron-o-matic 4 Pro,NewYork_01,2024-11-13,51.395624013765286,56.06271614815241,59.30781765143849,55.45461297157317
Tron-o-matic 4 Pro,NewYork_01,2024-11-14,51.77312748719045,55.276189497358835,59.698006686692814,55.36815757244611
Tron-o-matic 4 Pro,NewYork_01,2024-11-15,51.7193551786346,55.02410727918104,60.31991060158442,55.68916761448953
Tron-o-matic 4 Pro,NewYork_01,2024-11-16,77.41594223939082,81.77607608618452,85.78316779443766,81.56700294739805
Tron-o-matic 4 Pro,NewYork_01,2024-11-17,62.42133621801757,66.81418615314756,71.7690911523325,66.87960725651355
Tron-o-matic 4 Pro,NewYork_01,2024-11-18,76.57483296342278,81.69658045009155,85.46232459098826,81.35131037311669
Tron-o-matic 4 Pro,NewYork_01,2024-11-19,50.52877794775504,55.27633507241115,59.37680283223805,55.145262063786504
Tron-o-matic 4 Pro,NewYork_01,2024-11-20,83.33342897044076,88.00286882576073,92.46697092370697,88.07183806635244
Tron-o-matic 4 Pro,NewYork_01,2024-11-21,51.165565387318935,55.79823827111006,59.6870622465246,55.55241042253124
Tron-o-matic 4 Pro,NewYork_01,2024-11-22,51.57258457751816,55.6095810810107,60.508880549141615,55.53456377085362
Tron-o-matic 4 Pro,NewYork_01,2024-11-23,52.13309432625919,56.127349745624514,59.7107244885869,55.98114546659937
Tron-o-matic 4 Pro,NewYork_01,2024-11-24,50.14001087793945,55.23722641610013,59.472621286586836,55.034721109490896
Tron-o-matic 4 Pro,NewYork_01,2024-11-25,81.5937425582327,85.6434478231226,89.04630001415136,85.3591659528922
Tron-o-matic 4 Pro,NewYork_01,2024-11-26,51.951490999860496,56.286393886045836,59.85670580036169,55.93761757709393
Tron-o-matic 4 Pro,NewYork_01,2024-11-27,50.96511603196481,55.76664336828646,59.81287578900079,55.39585692935664
Tron-o-matic 4 Pro,NewYork_01,2024-11-28,52.14185803706991,56.09291886987322,59.41412828747142,55.71019778821289
Tron-o-matic 4 Pro,NewYork_01,2024-11-29,85.11166007031957,89.66012857672352,94.63771078681259,89.99568836688188
Tron-o-matic 4 Pro,NewYork_01,2024-11-30,51.966619123197,56.15787011302227,60.785358532570186,56.33351120450737
Tron-o-matic 4 Pro,NewYork_01,2024-12-01,51.39940605456714,55.8976186874506,61.41234123009594,56.26355830168333
Tron-o-matic 4 Pro,NewYork_01,2024-12-02,52.049813587580545,56.62051934626052,60.70513247033712,56.57311885639073
Tron-o-matic 4 Pro,NewYork_01,2024-12-03,61.173728390230046,65.67639634843263,69.49676687771614,65.51393918581529
Tron-o-matic 4 Pro,NewYork_01,2024-12-04,51.56184164205076,55.78333803554067,60.79482312659559,56.01809576770575
Tron-o-matic 4 Pro,NewYork_01,2024-12-05,51.48041587705773,56.29862102292588,60.83954738325083,56.517282075690666
Tron-o-matic 4 Pro,NewYork_01,2024-12-06,51.60083501275568,56.68649143524887,60.96675255000802,56.47876389091687
Tron-o-matic 4 Pro,NewYork_01,2024-12-07,69.00561298349342,72.60701909125882,77.07687109114461,72.67377593903137
Tron-o-matic 4 Pro,NewYork_01,2024-12-08,61.32821335450562,64.8053019374302,69.70724494523321,65.15534408749069
Tron-o-matic 4 Pro,NewYork_01,2024-12-09,81.67616466761189,86.85284010425178,91.22402226715589,86.66025108358802
Tron-o-matic 4 Pro,NewYork_01,2024-12-10,52.922631132989636,56.49882884533857,60.691687663232365,56.62463113567874
Tron-o-matic 4 Pro,NewYork_01,2024-12-11,51.829570740301,56.12290120860275,60.264961273140756,56.149859638264715
Tron-o-matic 4 Pro,NewYork_01,2024-12-12,77.9003898048642,81.47342867872872,86.69272333203106,81.9101462087309
Tron-o-matic 4 Pro,NewYork_01,2024-12-13,53.0749224776282,56.745045479252525,60.90695195407622,56.8293563346884
Tron-o-matic 4 Pro,NewYork_01,2024-12-14,61.47168918732655,65.24712973500154,69.68931291262801,65.30914315015967
Tron-o-matic 4 Pro,NewYork_01,2024-12-15,51.722324405110115,56.313102480765195,60.50058636233351,56.03472366349002
Tron-o-matic 4 Pro,NewYork_01,2024-12-16,52.407097433889604,55.885765619382994,60.59850155320562,56.277392886580394
Tron-o-matic 4 Pro,NewYork_01,2024-12-17,52.467212132564256,57.136986741411626,62.7474021870356,57.032515116726664
Tron-o-matic 4 Pro,NewYork_01,2024-12-18,50.251248916949486,55.588186589140975,60.46347785244407,55.54767270644549
Tron-o-matic 4 Pro,NewYork_01,2024-12-19,56.87557764380354,60.89603889257287,65.78005878049399,60.93539854180215
Tron-o-matic 4 Pro,NewYork_01,2024-12-20,52.449669116998365,55.793584724180654,59.8345809203571,55.9414976199646
Tron-o-matic 4 Pro,NewYork_01,2024-12-21,77.2238836578457,81.55693068734377,86.62670325443773,81.52848585293911
Tron-o-matic 4 Pro,NewYork_01,2024-12-22,51.69451098336119,56.43929646392313,60.201713761973195,56.29693897328509
Tron-o-matic 4 Pro,NewYork_01,2024-12-23,58.61170130419581,61.88492783571282,65.83731377387045,61.81531069195938
Tron-o-matic 4 Pro,NewYork_01,2024-12-24,50.67347895370322,55.4594599029861,59.18926946569049,55.2600195636184
Tron-o-matic 4 Pro,NewYork_01,2024-12-25,51.89617782171533,55.58404096935065,61.086438064950755,56.16311489898375
Tron-o-matic 4 Pro,NewYork_01,2024-12-26,79.39094413599123,83.46634640422492,88.2703666119651,83.70888076295473
Tron-o-matic 4 Pro,NewYork_01,2024-12-27,76.71663515030521,80.67198504249197,84.82176391574066,80.66985506184871
Tron-o-matic 4 Pro,NewYork_01,2024-12-28,52.65468108873945,56.67345185548516,60.74149150219878,56.64505401151138
Tron-o-matic 4 Pro,NewYork_01,2024-12-29,81.51210743507404,85.41956048055125,90.16019465416935,85.63123991212414
Tron-o-matic 4 Pro,NewYork_01,2024-12-30,66.48602446355564,71.10335718753697,75.11744593291189,71.08907822998364
Tron-o-matic 4 Pro,NewYork_01,2024-12-31,60.572387877075045,65.35786007428801,69.51819669591961,65.09070600568047
Tron-o-matic 4,Chicago_01,2024-10-01,150.8803281524995,162.81880494112121,172.9324112346103,162.64173997253877
Tron-o-matic 4,Chicago_01,2024-10-02,188.42552529843275,200.48049523552902,213.792033652229,201.566028488401
Tron-o-matic 4,Chicago_01,2024-10-03,147.245846671024,164.49369594441686,177.5733118473866,162.95462035966554
Tron-o-matic 4,Chicago_01,2024-10-04,246.34252975881324,256.8539775358385,271.8671336667215,257.3305858865306
Tron-o-matic 4,Chicago_01,2024-10-05,195.3557030128377,211.9024757700976,222.8645936582469,210.1354755177971
Tron-o-matic 4,Chicago_01,2024-10-06,150.37860081727604,162.4106861277223,176.65555412464144,162.87860724572593
Tron-o-matic 4,Chicago_01,2024-10-07,149.57442904531644,162.49060632063478,176.66199792024378,163.38940799406083
Tron-o-matic 4,Chicago_01,2024-10-08,150.67183086889563,162.5002523937886,173.9649829702061,162.48374471216783
Tron-o-matic 4,Chicago_01,2024-10-09,251.75378565558756,264.62994117180057,277.3299818430644,264.427604424052
Tron-o-matic 4,Chicago_01,2024-10-10,150.16350422678224,163.5485063273301,175.73561026605796,163.2678951761259
Tron-o-matic 4,Chicago_01,2024-10-11,149.18100306912876,162.97676578418498,176.7531312658225,162.66499750285686
Tron-o-matic 4,Chicago_01,2024-10-12,182.66450686973636,197.48910554388652,212.13681114295784,198.1582830488538
Tron-o-matic 4,Chicago_01,2024-10-13,146.52829157751648,160.50185068456824,173.84059225094018,160.404952582889
Tron-o-matic 4,Chicago_01,2024-10-14,182.98256233685453,196.2375986000846,207.8964916196028,196.01896846970803
Tron-o-matic 4,Chicago_01,2024-10-15,148.83125315037714,161.79842908036127,173.5494648202809,161.93060702539674
Tron-o-matic 4,Chicago_01,2024-10-16,149.80763201990595,160.58268554581676,173.43163068777062,161.1761151763764
Tron-o-matic 4,Chicago_01,2024-10-17,182.0845980195785,194.24622211706716,206.66077682894272,194.36922196549196
Tron-o-matic 4,Chicago_01,2024-10-18,148.44473274068966,160.65101274234317,171.76991914834534,160.25905545930925
Tron-o-matic 4,Chicago_01,2024-10-19,184.8895275953128,197.89668070641298,210.70418221997062,197.62585040881967
Tron-o-matic 4,Chicago_01,2024-10-20,144.35534644568276,161.69108382493667,175.61319081701217,160.5133921555629
Tron-o-matic 4,Chicago_01,2024-10-21,147.2455157710495,160.28383452732592,172.34365071225213,160.61283183052467
Tron-o-matic 4,Chicago_01,2024-10-22,254.1427983335013,265.99283722507374,279.59540033116235,266.5062405661789
Tron-o-matic 4,Chicago_01,2024-10-23,240.78627263943136,250.41633119012099,261.2679567044014,251.3958252027955
Tron-o-matic 4,Chicago_01,2024-10-24,143.93149085502355,159.45873823067342,172.69061515435712,159.07576777985506
Tron-o-matic 4,Chicago_01,2024-10-25,140.89047533199965,158.89624096411544,170.4251670768001,158.1541635336097
Tron-o-matic 4,Chicago_01,2024-10-26,193.20344581911013,206.73622819240188,216.76287075509097,206.1108718509627
Tron-o-matic 4,Chicago_01,2024-10-27,164.16990005638837,176.03465529826457,188.03827343776445,176.18425392196488
Tron-o-matic 4,Chicago_01,2024-10-28,145.5445117451753,156.39351698985024,167.95606450334319,157.3315667472399
Tron-o-matic 4,Chicago_01,2024-10-29,143.93243376784895,157.31351099745052,168.49855505234666,156.58004264431776
Tron-o-matic 4,Chicago_01,2024-10-30,144.67910090325037,158.2320346014174,170.05687775648286,158.3059111240206
Tron-o-matic 4,Chicago_01,2024-10-31,184.33600362525516,196.93529583322703,208.89291457674997,197.1444238532323
Tron-o-matic 4,Chicago_01,2024-11-01,140.99114496466225,155.49187628097866,169.16900375225453,155.42532731872177
Tron-o-matic 4,Chicago_01,2024-11-02,165.97780833371746,179.47884766642713,194.54845315750282,180.12302536657316
Tron-o-matic 4,Chicago_01,2024-11-03,242.3503389500571,253.8878676581445,270.14883148492106,255.0777380865758
Tron-o-matic 4,Chicago_01,2024-11-04,142.92509258974883,153.70459537094115,163.28096574947784,153.43051820532077
Tron-o-matic 4,Chicago_01,2024-11-05,143.25711841454205,152.0067694120413,163.45028888526684,152.84734608997226
Tron-o-matic 4,Chicago_01,2024-11-06,240.81127765378835,254.29605955290222,266.6248020340402,254.3695397701666
Tron-o-matic 4,Chicago_01,2024-11-07,213.89950638578185,223.91104066006386,235.38854202384866,224.0390910842194
Tron-o-matic 4,Chicago_01,2024-11-08,140.4747034125651,151.99596782510767,164.58033231659732,151.3602070600549
Tron-o-matic 4,Chicago_01,2024-11-09,139.0987460696911,151.32823496021763,162.05810162266656,150.73415248348866
Tron-o-matic 4,Chicago_01,2024-11-10,136.64978538717432,149.6645673652722,160.86903526821794,148.8207995380102
Tron-o-matic 4,Chicago_01,2024-11-11,237.01487418643532,249.74498689527462,260.1496711003605,248.9416619959158
Tron-o-matic 4,Chicago_01,2024-11-12,135.44803037860473,147.81008832294265,160.31241356186075,147.74249714200033
Tron-o-matic 4,Chicago_01,2024-11-13,157.46084591383192,168.72295956165004,181.71572133567113,170.06073003092754
Tron-o-matic 4,Chicago_01,2024-11-14,133.65866443168414,144.53862330754004,159.91582327611172,145.08554613717288
Tron-o-matic 4,Chicago_01,2024-11-15,135.39898961377745,147.7756737273005,159.27151542751326,147.36353942706472
Tron-o-matic 4,Chicago_01,2024-11-16,138.0968317493916,150.14553469317443,162.56558412373087,149.23961717013614
Tron-o-matic 4,Chicago_01,2024-11-17,132.9961144868391,145.12848404502017,155.88184229012592,145.21950904489557
Tron-o-matic 4,Chicago_01,2024-11-18,134.3922207810194,146.44915093413272,160.76103526721832,147.00932211733158
Tron-o-matic 4,Chicago_01,2024-11-19,133.75906962902212,143.3563767934627,155.1111006635146,144.11338970154972
Tron-o-matic 4,Chicago_01,2024-11-20,131.82620201261335,145.22915984807972,156.23789563108681,144.7164860641854
Tron-o-matic 4,Chicago_01,2024-11-21,165.40900439759898,177.11966266151316,191.35788240478672,178.84071298814254
Tron-o-matic 4,Chicago_01,2024-11-22,131.96509718335403,144.78425064872624,158.4377711963221,145.47062737264284
Tron-o-matic 4,Chicago_01,2024-11-23,132.34643716471786,146.2718326596278,157.56538525222632,145.17231097766415
Tron-o-matic 4,Chicago_01,2024-11-24,131.51717053958555,145.56701889812805,156.01561292691989,145.19694602111113
Tron-o-matic 4,Chicago_01,2024-11-25,131.35988841290688,147.64096792569646,159.26523750251394,146.5440105684263
Tron-o-matic 4,Chicago_01,2024-11-26,245.55700614323564,259.27844380433805,270.2149433787202,258.27462685254034
Tron-o-matic 4,Chicago_01,2024-11-27,134.2060001149749,145.226959207542,159.55427386139456,146.1306675093344
Tron-o-matic 4,Chicago_01,2024-11-28,134.45755577046373,147.54125430737193,159.20397630035913,147.1481751198066
Tron-o-matic 4,Chicago_01,2024-11-29,250.1286780769189,262.18859890809154,272.6334720054351,261.603214343837
Tron-o-matic 4,Chicago_01,2024-11-30,131.4150395633796,144.88754277902223,158.8172319652656,144.88784990563704
Tron-o-matic 4,Chicago_01,2024-12-01,174.67688937733672,185.85274617522595,198.8687032901599,185.9830990000565
Tron-o-matic 4,Chicago_01,2024-12-02,134.2381956270035,148.7420547107645,161.10504120552056,147.78933366910076
Tron-o-matic 4,Chicago_01,2024-12-03,167.1432737219093,177.88925924441517,188.5156197458334,178.44832281459202
Tron-o-matic 4,Chicago_01,2024-12-04,133.62145735378516,146.86986493012157,161.25106346252363,147.4765451008245
Tron-o-matic 4,Chicago_01,2024-12-05,131.97224386327457,147.9859662648396,159.66380083395407,147.39251845257272
Tron-o-matic 4,Chicago_01,2024-12-06,135.420875906684,146.41871380901424,162.3946144805126,146.31337230810092
Tron-o-matic 4,Chicago_01,2024-12-07,133.95123779004413,148.5804862623735,158.66259924167406,147.5994703582874
Tron-o-matic 4,Chicago_01,2024-12-08,232.29281263280944,247.80559334893974,259.20257179275706,246.55935968649024
Tron-o-matic 4,Chicago_01,2024-12-09,135.1604394098679,146.72856356781062,160.3932833065191,146.56152765785345
Tron-o-matic 4,Chicago_01,2024-12-10,153.35215966906392,169.5779691450682,184.43587912154877,168.58312985593247
Tron-o-matic 4,Chicago_01,2024-12-11,235.39239388981133,246.65333738861156,258.7702070954793,247.3436993154236
Tron-o-matic 4,Chicago_01,2024-12-12,129.97684757541597,148.1804363233081,159.17542090911053,146.3468361425886
Tron-o-matic 4,Chicago_01,2024-12-13,136.16745888121864,147.87341926963273,163.39558925521516,148.77605261173846
Tron-o-matic 4,Chicago_01,2024-12-14,181.39825078274248,193.55370923468243,205.8167196046246,193.5359446675724
Tron-o-matic 4,Chicago_01,2024-12-15,233.54361721177554,247.07164239345016,258.80923129569516,246.73349297095152
Tron-o-matic 4,Chicago_01,2024-12-16,133.67297718609532,147.2109308437032,159.7020981863364,147.21100515318957
Tron-o-matic 4,Chicago_01,2024-12-17,134.8238795190288,147.19741660660796,156.68034247452752,146.6443816488272
Tron-o-matic 4,Chicago_01,2024-12-18,132.56881592695757,144.5079135784198,156.49201956113478,144.49502561421028
Tron-o-matic 4,Chicago_01,2024-12-19,156.82185216945288,167.84292487961807,180.56336730558837,168.1076717367276
Tron-o-matic 4,Chicago_01,2024-12-20,134.07093950948538,148.9249864555702,158.93760606427662,147.2209893303038
Tron-o-matic 4,Chicago_01,2024-12-21,135.38263287063094,146.96313165238558,162.42484116111055,147.76905043091438
Tron-o-matic 4,Chicago_01,2024-12-22,133.93175139774104,145.13173968926043,158.27479164832835,144.67818217714114
Tron-o-matic 4,Chicago_01,2024-12-23,135.60852856607667,147.89484022709914,160.12438208627378,147.51413365513454
Tron-o-matic 4,Chicago_01,2024-12-24,133.80693845425105,146.54201283714866,159.78435571160875,146.28113220411967
Tron-o-matic 4,Chicago_01,2024-12-25,132.4870995572034,146.29117534250355,157.6473542379338,145.58357115892468
Tron-o-matic 4,Chicago_01,2024-12-26,184.7801307330704,195.77495370964166,212.4433094185326,196.45189596041135
Tron-o-matic 4,Chicago_01,2024-12-27,136.87150265426143,146.72342816195172,157.91334831972443,147.20264845065475
Tron-o-matic 4,Chicago_01,2024-12-28,138.23352550931926,149.72667511228028,162.60971301391456,149.88385803757262
Tron-o-matic 4,Chicago_01,2024-12-29,184.06659630331504,196.51425276553394,212.45155848499707,197.05704435775615
Tron-o-matic 4,Chicago_01,2024-12-30,239.7912070158644,252.96181067572175,263.7971839679046,252.47904595037403
Tron-o-matic 4,Chicago_01,2024-12-31,169.90168595777791,182.15605050422013,196.26764499710185,182.34481422028577
Tron-o-matic 4,Dallas_01,2024-10-01,120.37131653884266,131.104517182822,139.29097512163221,130.52107465937618
Tron-o-matic 4,Dallas_01,2024-10-02,155.4679733917305,163.09229882432558,173.38656139857244,164.23352291692242
Tron-o-matic 4,Dallas_01,2024-10-03,125.08333184338483,133.6216290314911,141.8974251079357,133.56238284222206
Tron-o-matic 4,Dallas_01,2024-10-04,199.4315845787806,207.89119639382415,216.95580054974545,207.43349209539167
Tron-o-matic 4,Dallas_01,2024-10-05,160.10001100254752,171.87511354572086,179.90194424586034,170.9121441756928
Tron-o-matic 4,Dallas_01,2024-10-06,122.8516213671087,132.1348998621977,142.22239647655024,132.08297915926607
Tron-o-matic 4,Dallas_01,2024-10-07,126.13225152577259,132.9074067815771,143.31171651162367,133.7155843735393
Tron-o-matic 4,Dallas_01,2024-10-08,119.806288938996,128.38091611597582,137.98013389960454,128.42967858039296
Tron-o-matic 4,Dallas_01,2024-10-09,203.99345188623093,212.23247168047965,220.86452729509182,212.17805834419582
Tron-o-matic 4,Dallas_01,2024-10-10,122.54575968038158,134.19226824849616,143.94555866554225,133.43343938131602
Tron-o-matic 4,Dallas_01,2024-10-11,121.3996620924065,132.50365962027092,141.85147656641522,131.32056907881213
Tron-o-matic 4,Dallas_01,2024-10-12,149.07235735985424,161.68223260407137,173.4651087026772,160.68734447306014
Tron-o-matic 4,Dallas_01,2024-10-13,119.8747570891405,130.78601066255337,142.5776193513068,130.77164795166811
Tron-o-matic 4,Dallas_01,2024-10-14,150.5159459430804,160.03346370417222,167.62183087329558,159.22455082739873
Tron-o-matic 4,Dallas_01,2024-10-15,119.92337783522632,130.48053387178896,138.15325941736504,129.89104415483692
Tron-o-matic 4,Dallas_01,2024-10-16,119.96965662703639,128.90726608557947,139.155387036466,129.46887682708353
Tron-o-matic 4,Dallas_01,2024-10-17,147.54490324370113,157.86592207649483,165.6158176464478,157.01759736770057
Tron-o-matic 4,Dallas_01,2024-10-18,120.41451371462834,129.79924864230114,138.19108696296973,129.25849531497622
Tron-o-matic 4,Dallas_01,2024-10-19,148.84220244016944,158.29110787102627,168.43089727579883,158.0266088864909
Tron-o-matic 4,Dallas_01,2024-10-20,115.62439855116023,129.63264425741968,139.92201486027577,129.07232674426166
Tron-o-matic 4,Dallas_01,2024-10-21,121.08460886320132,129.75270994784586,139.5365001339075,129.61571899016243
Tron-o-matic 4,Dallas_01,2024-10-22,203.04074969873943,213.04810517380764,224.86935010272921,213.3738929831775
Tron-o-matic 4,Dallas_01,2024-10-23,189.6913062745334,203.05946956261923,213.66340877169893,201.69032087668703
Tron-o-matic 4,Dallas_01,2024-10-24,120.25308773696891,127.78478649967988,136.88910372823022,127.90050782149962
Tron-o-matic 4,Dallas_01,2024-10-25,117.48840291961207,127.79612001623694,138.121365372078,128.18202283279436
Tron-o-matic 4,Dallas_01,2024-10-26,155.2024867799263,167.18233324743434,176.55167920587095,166.7530014743773
Tron-o-matic 4,Dallas_01,2024-10-27,132.54898559532296,142.4292263266853,150.19883793967554,142.11991883398397
Tron-o-matic 4,Dallas_01,2024-10-28,118.4132347299866,127.9130097570092,137.47666817185942,128.02368542624978
Tron-o-matic 4,Dallas_01,2024-10-29,115.64169749713803,124.07073850447225,133.2540712168613,124.59466479612789
Tron-o-matic 4,Dallas_01,2024-10-30,114.99798946656227,124.286733650767,131.85517182851171,123.79059409009231
Tron-o-matic 4,Dallas_01,2024-10-31,150.2416045166324,160.02005626113268,171.20072899323026,160.29339831272614
Tron-o-matic 4,Dallas_01,2024-11-01,114.19365346114745,124.33438280781104,135.6744099963824,124.5357456911288
Tron-o-matic 4,Dallas_01,2024-11-02,132.6175080055459,143.59454717073413,154.7335621276667,143.60673133378415
Tron-o-matic 4,Dallas_01,2024-11-03,194.5015612062507,204.8300222378393,216.29024695878462,204.78888395238474
Tron-o-matic 4,Dallas_01,2024-11-04,114.6233552050658,124.97219650462773,132.3448595723065,124.17452075613775
Tron-o-matic 4,Dallas_01,2024-11-05,113.04200307055787,121.8232394287717,130.64745051653404,121.8390472311143
Tron-o-matic 4,Dallas_01,2024-11-06,196.8186268750579,207.28291177849303,217.15742140870174,206.88866114722182
Tron-o-matic 4,Dallas_01,2024-11-07,173.19359713814814,182.22885258487278,192.6686007546049,182.26836616612738
Tron-o-matic 4,Dallas_01,2024-11-08,112.11049961386026,121.71601429978742,134.1773675629636,122.30879767357024
Tron-o-matic 4,Dallas_01,2024-11-09,113.59052557444362,122.26748010850615,131.53643244021265,121.87434317343828
Tron-o-matic 4,Dallas_01,2024-11-10,110.80920902124133,120.76732594532736,131.55066625623226,120.8834497336732
Tron-o-matic 4,Dallas_01,2024-11-11,189.5465172339368,200.72830704383819,209.58005134007624,200.49633444062377
Tron-o-matic 4,Dallas_01,2024-11-12,108.94073293672334,116.81558832314552,128.60254235048492,117.95503164396517
Tron-o-matic 4,Dallas_01,2024-11-13,128.96088836628647,138.58032626121027,149.60713985909746,138.66189589925324
Tron-o-matic 4,Dallas_01,2024-11-14,109.47177092886012,118.29394208994813,128.50815278097912,118.49097718380054
Tron-o-matic 4,Dallas_01,2024-11-15,111.18680531360901,119.48083309420186,130.6705700431054,120.19450185620327
Tron-o-matic 4,Dallas_01,2024-11-16,109.96722645098751,119.07100391699642,130.3121858215042,119.19290186301554
Tron-o-matic 4,Dallas_01,2024-11-17,108.85519020657085,118.74011209699296,127.19801281705324,118.38872446010743
Tron-o-matic 4,Dallas_01,2024-11-18,109.94690390957494,120.0348509994212,128.64636206239845,120.10281946804285
Tron-o-matic 4,Dallas_01,2024-11-19,107.06993311515996,116.47497304413017,127.62157343453133,116.72950102474847
Tron-o-matic 4,Dallas_01,2024-11-20,108.81112480568838,117.79565263630194,126.87089823228862,117.76498973715195
Tron-o-matic 4,Dallas_01,2024-11-21,137.81595947274653,146.05070015953956,155.58139555369172,145.803255254002
Tron-o-matic 4,Dallas_01,2024-11-22,108.87775476851574,118.22354757113033,130.49189843559333,118.77646285222235
Tron-o-matic 4,Dallas_01,2024-11-23,107.53081881041344,117.26989057280623,127.47769330371152,117.30021942273424
Tron-o-matic 4,Dallas_01,2024-11-24,106.54638772758688,118.28734565068225,128.0979187662388,117.63722627882258
Tron-o-matic 4,Dallas_01,2024-11-25,109.05323933640429,118.57452246844889,128.47874848759844,118.78356686471598
Tron-o-matic 4,Dallas_01,2024-11-26,198.95474413502848,210.0928749308457,217.77095049434638,208.97261228338445
Tron-o-matic 4,Dallas_01,2024-11-27,109.86769506135036,117.23342724559515,126.76712414477329,117.37630540020994
Tron-o-matic 4,Dallas_01,2024-11-28,110.31328801129446,118.49368699176694,127.1296107137065,118.87690877320352
Tron-o-matic 4,Dallas_01,2024-11-29,202.8733420162657,212.26269547512058,223.89375579696386,212.7519309716659
Tron-o-matic 4,Dallas_01,2024-11-30,107.23245531520686,117.9531251061803,126.46087777714828,117.75473610480341
Tron-o-matic 4,Dallas_01,2024-12-01,141.7242727145728,149.87345409244776,161.25743388282618,150.36649672107427
Tron-o-matic 4,Dallas_01,2024-12-02,110.74645875070792,119.52206476074421,130.98418271444532,119.64763998752817
Tron-o-matic 4,Dallas_01,2024-12-03,131.97569239628908,143.38193000788257,152.99163042747793,142.90803800162143
Tron-o-matic 4,Dallas_01,2024-12-04,108.07020978660303,119.30741952834856,129.79932370274483,118.75450474170006
Tron-o-matic 4,Dallas_01,2024-12-05,107.58421014749432,118.93701351908564,128.5845861107355,118.44936960566437
Tron-o-matic 4,Dallas_01,2024-12-06,109.99279805089817,120.67553448632876,129.55185863492233,120.23238135045106
Tron-o-matic 4,Dallas_01,2024-12-07,107.98741214808669,117.1953784925104,128.56028171469154,117.46562321575118
Tron-o-matic 4,Dallas_01,2024-12-08,187.510747613472,196.043357111489,206.26387107151302,196.7624664366096
Tron-o-matic 4,Dallas_01,2024-12-09,109.46395395245268,119.79743721590432,129.96478110171137,119.7054327862334
Tron-o-matic 4,Dallas_01,2024-12-10,126.27046773093662,136.77599207568184,148.47769225417636,136.99893090533422
Tron-o-matic 4,Dallas_01,2024-12-11,191.47328692803748,200.854207103176,209.33233985223038,200.5198914697285
Tron-o-matic 4,Dallas_01,2024-12-12,108.17672770631927,120.87216135570992,131.13804740039018,120.08586718404136
Tron-o-matic 4,Dallas_01,2024-12-13,108.3258268359938,119.66511670635086,129.59264559095308,119.89076394452505
Tron-o-matic 4,Dallas_01,2024-12-14,147.30474019090613,158.34917215402203,167.87833272882213,157.39355224118532
Tron-o-matic 4,Dallas_01,2024-12-15,189.50543966030386,200.42632935370054,211.4031863798907,200.53056227632845
Tron-o-matic 4,Dallas_01,2024-12-16,111.61059149684105,120.07444841671908,130.4765077800261,120.11298077786827
Tron-o-matic 4,Dallas_01,2024-12-17,107.20825002083541,118.86034501469133,128.21702731663254,118.8767317292723
Tron-o-matic 4,Dallas_01,2024-12-18,109.5837732508476,118.17314498168797,131.6679855711026,119.91429012466807
Tron-o-matic 4,Dallas_01,2024-12-19,126.84514617269156,138.69930581332676,147.8567961744295,137.77134572769302
Tron-o-matic 4,Dallas_01,2024-12-20,109.29528453811882,121.69141647484095,131.6266998614643,121.68266199718087
Tron-o-matic 4,Dallas_01,2024-12-21,111.75834349061516,119.8470769144362,129.67790843457607,120.41752161861727
Tron-o-matic 4,Dallas_01,2024-12-22,111.54388483319232,121.70014436541913,131.15469197206923,121.09272456480223
Tron-o-matic 4,Dallas_01,2024-12-23,110.18124942789616,120.94344497102692,130.06302680735232,120.88829905166912
Tron-o-matic 4,Dallas_01,2024-12-24,110.82572374938567,120.77077614054325,128.81845926420965,120.87938828098794
Tron-o-matic 4,Dallas_01,2024-12-25,109.47877531233752,119.90033812878701,130.2467969306785,119.83157070829009
Tron-o-matic 4,Dallas_01,2024-12-26,150.63778192646157,160.81942123636895,170.9157985436157,160.9324622662541
Tron-o-matic 4,Dallas_01,2024-12-27,115.25870332361846,121.6961176369023,133.6904031637261,122.94460577397471
Tron-o-matic 4,Dallas_01,2024-12-28,114.41735300172049,122.44808555325177,134.75071330788862,123.70038934723121
Tron-o-matic 4,Dallas_01,2024-12-29,149.6878528470212,160.85535909994482,172.42727706716283,161.48683178371888
Tron-o-matic 4,Dallas_01,2024-12-30,198.11964290941788,208.44445812616652,217.81785655963824,208.6745670332141
Tron-o-matic 4,Dallas_01,2024-12-31,141.15838590685004,148.5921376036264,160.37621054760092,149.7252126820229
Tron-o-matic 4,Atlanta_01,2024-10-01,96.31316353762654,102.79599797153455,111.11643568428008,103.20398823710157
Tron-o-matic 4,Atlanta_01,2024-10-02,119.25908333728894,127.72992174089073,134.6000112679704,127.08762124240813
Tron-o-matic 4,Atlanta_01,2024-10-03,96.59485184326799,102.50042913342851,110.66229604023155,103.06824972534359
Tron-o-matic 4,Atlanta_01,2024-10-04,155.25159950206734,160.83176710484938,168.54877084195402,161.30561486857394
Tron-o-matic 4,Atlanta_01,2024-10-05,126.09198640522473,133.73144940651082,142.82683531654678,133.8710827990672
Tron-o-matic 4,Atlanta_01,2024-10-06,93.96111837492643,102.56721952328255,110.24044446346781,102.26517922962317
Tron-o-matic 4,Atlanta_01,2024-10-07,94.52487398049207,102.56251751536705,110.0393683960628,102.63694342516243
Tron-o-matic 4,Atlanta_01,2024-10-08,94.34602043317217,102.34330708758397,110.80554856124816,102.57797181834698
Tron-o-matic 4,Atlanta_01,2024-10-09,156.208801948036,164.49706150654632,172.27824174631223,164.56016251082977
Tron-o-matic 4,Atlanta_01,2024-10-10,94.86987538565228,101.78768331459217,109.45952831778203,101.73918008566396
Tron-o-matic 4,Atlanta_01,2024-10-11,96.36005534391501,104.55556661708684,111.52624462454006,104.3524661569657
Tron-o-matic 4,Atlanta_01,2024-10-12,115.16172101874308,124.19512522242086,131.3234392568383,123.80438404905253
Tron-o-matic 4,Atlanta_01,2024-10-13,94.18821686535829,100.21027677498569,108.62489623585815,100.7981443975278
Tron-o-matic 4,Atlanta_01,2024-10-14,116.54806667609165,124.53436732844092,132.16041331647773,124.42577546328066
Tron-o-matic 4,Atlanta_01,2024-10-15,92.82202859355505,100.11738503150785,107.79922100852751,100.27811974621045
Tron-o-matic 4,Atlanta_01,2024-10-16,94.94290230355153,102.01184668042272,107.82535405275338,101.93866855700708
Tron-o-matic 4,Atlanta_01,2024-10-17,114.77696865869683,123.30278607071578,129.3294450242607,122.36307291434001
Tron-o-matic 4,Atlanta_01,2024-10-18,94.84296108397169,102.17094430442982,110.07197516574942,102.44633615724088
Tron-o-matic 4,Atlanta_01,2024-10-19,115.51691206605204,123.01812340989419,131.97512659251234,123.49011381403393
Tron-o-matic 4,Atlanta_01,2024-10-20,90.41337675708883,98.54235154086557,107.32079685470909,98.96317931594045
Tron-o-matic 4,Atlanta_01,2024-10-21,93.57204626517625,101.80397300683615,110.06719206946241,101.70902912976656
Tron-o-matic 4,Atlanta_01,2024-10-22,158.94991252565856,166.47107095960138,173.25204216075772,166.12316410770475
Tron-o-matic 4,Atlanta_01,2024-10-23,150.30302456793646,157.42416681733377,165.503227310409,157.4167918361292
Tron-o-matic 4,Atlanta_01,2024-10-24,90.92014088980245,99.11258001723999,107.55155831845592,98.87881387995316
Tron-o-matic 4,Atlanta_01,2024-10-25,90.97480236524345,99.88464705489132,107.06907180035951,99.59976456654358
Tron-o-matic 4,Atlanta_01,2024-10-26,122.57719496616832,130.27590058517274,136.60491619353772,129.83312650706358
Tron-o-matic 4,Atlanta_01,2024-10-27,101.97535391066185,109.44181853109916,117.01564098922216,109.6886630940336
Tron-o-matic 4,Atlanta_01,2024-10-28,91.51335998447793,99.57946875529069,106.16303699726718,99.43016336844019
Tron-o-matic 4,Atlanta_01,2024-10-29,89.90811905212138,97.02434170392821,107.08339916556403,97.88468582858987
Tron-o-matic 4,Atlanta_01,2024-10-30,90.31474040478574,97.85285844531177,105.2568530938292,98.04059209619703
Tron-o-matic 4,Atlanta_01,2024-10-31,117.4763813739915,122.99419399952593,129.61614437017184,123.52757318458902
Tron-o-matic 4,Atlanta_01,2024-11-01,91.72825976083305,98.14788460177334,106.02786457485463,98.33287356153058
Tron-o-matic 4,Atlanta_01,2024-11-02,106.09861839163058,112.82451275444184,120.90082305050176,113.35648497560155
Tron-o-matic 4,Atlanta_01,2024-11-03,149.3316010794545,158.43880689656228,166.01316521460788,158.02238061330476
Tron-o-matic 4,Atlanta_01,2024-11-04,87.51227112396572,96.22376312497384,103.46185331825075,96.00473532191972
Tron-o-matic 4,Atlanta_01,2024-11-05,87.51700094984665,96.73293146852578,102.9631281195999,95.69202373952156
Tron-o-matic 4,Atlanta_01,2024-11-06,152.04932679751371,158.83846953539384,165.6511961062977,158.99306520945973
Tron-o-matic 4,Atlanta_01,2024-11-07,131.29236334457337,139.75387630281776,147.3860551256608,139.6886305937486
Tron-o-matic 4,Atlanta_01,2024-11-08,87.71070094345173,94.59050351502833,101.22820688200215,94.84727690907866
Tron-o-matic 4,Atlanta_01,2024-11-09,86.19025001120471,93.95666288014584,102.38455458421845,94.16931402344814
Tron-o-matic 4,Atlanta_01,2024-11-10,84.95286376601723,92.53585338869755,99.23624542498389,92.47313307138236
Tron-o-matic 4,Atlanta_01,2024-11-11,148.24838363178517,155.5168508173618,164.41386566190317,155.78764449371138
Tron-o-matic 4,Atlanta_01,2024-11-12,84.85625305267712,91.56324135324463,99.01906405553135,91.64466151243082
Tron-o-matic 4,Atlanta_01,2024-11-13,98.49319820839683,106.30907026732334,115.6163229206225,106.90845281965163
Tron-o-matic 4,Atlanta_01,2024-11-14,85.97720761458557,92.27742848386416,98.48159553549439,92.13223589270456
Tron-o-matic 4,Atlanta_01,2024-11-15,84.24365877317797,92.88461756829946,100.22258750709666,92.51706429431027
Tron-o-matic 4,Atlanta_01,2024-11-16,84.01206230816652,91.10542837814354,97.70894728004588,90.81740609297007
Tron-o-matic 4,Atlanta_01,2024-11-17,83.40842257306763,89.77053972357896,98.25824187085115,90.7785096644784
Tron-o-matic 4,Atlanta_01,2024-11-18,83.03716883544948,91.346034558698,97.6792345854677,90.73448348297396
Tron-o-matic 4,Atlanta_01,2024-11-19,83.02890695312108,90.43475286206738,97.92730727435578,90.22014874950737
Tron-o-matic 4,Atlanta_01,2024-11-20,83.31695288353993,89.72431103307429,96.70276127785212,89.95455808989183
Tron-o-matic 4,Atlanta_01,2024-11-21,102.31334933637385,110.88839090745282,116.25736807223487,110.3323224837448
Tron-o-matic 4,Atlanta_01,2024-11-22,83.24059203155227,91.20364133687444,97.18249519345503,90.64497149146844
Tron-o-matic 4,Atlanta_01,2024-11-23,86.00536186040372,91.68509362820173,98.64294892322691,91.87359201801065
Tron-o-matic 4,Atlanta_01,2024-11-24,81.9395354515156,89.95317802367303,95.86837448339045,89.54794306193133
Tron-o-matic 4,Atlanta_01,2024-11-25,85.44360962412428,90.63746531046979,100.27796791146031,91.95736200984926
Tron-o-matic 4,Atlanta_01,2024-11-26,154.42305049210944,161.38863140836762,168.4270092418638,161.2073945666426
Tron-o-matic 4,Atlanta_01,2024-11-27,83.3688990944349,90.90290640022071,97.3823496667078,90.7592967766272
Tron-o-matic 4,Atlanta_01,2024-11-28,82.88796536261545,90.4332808070021,97.16776841787782,90.29280871157164
Tron-o-matic 4,Atlanta_01,2024-11-29,154.12587426984982,163.18921800274572,171.9736456246225,162.9111286245221
Tron-o-matic 4,Atlanta_01,2024-11-30,84.88395912486732,91.75041513672419,100.39039942084725,91.98289904355013
Tron-o-matic 4,Atlanta_01,2024-12-01,108.06247141627297,116.39256108638266,122.46048499890777,115.94132708127805
Tron-o-matic 4,Atlanta_01,2024-12-02,85.72461754419511,92.85175541091232,101.04226383448368,92.93840660433195
Tron-o-matic 4,Atlanta_01,2024-12-03,105.13618770367455,111.06533693982038,118.8607063137785,111.23946955563946
Tron-o-matic 4,Atlanta_01,2024-12-04,83.75272966932704,90.54264983946143,97.72940753081168,90.94825899934236
Tron-o-matic 4,Atlanta_01,2024-12-05,82.55181614619161,91.69768200505062,98.38471159850936,91.01597284281223
Tron-o-matic 4,Atlanta_01,2024-12-06,82.97941900716927,93.04275305359677,99.26300282639112,92.29000567447144
Tron-o-matic 4,Atlanta_01,2024-12-07,85.11523771432556,91.83840274503555,98.22647073755094,91.72850097226909
Tron-o-matic 4,Atlanta_01,2024-12-08,143.9954572919274,152.1359718731503,158.3435244550683,151.61752311929325
Tron-o-matic 4,Atlanta_01,2024-12-09,86.30198061794954,94.00058157851406,101.56233773542277,93.88392072862429
Tron-o-matic 4,Atlanta_01,2024-12-10,99.3723387944163,107.09634337864559,113.8477754254516,106.64782144820336
Tron-o-matic 4,Atlanta_01,2024-12-11,148.45141407402897,155.38251720705134,162.36927178883272,155.57493017694662
Tron-o-matic 4,Atlanta_01,2024-12-12,84.63966223881343,91.89654794944322,99.6348333699766,91.76999358143483
Tron-o-matic 4,Atlanta_01,2024-12-13,85.54553421398808,93.92298152222266,101.20202714602455,93.39148132412205
Tron-o-matic 4,Atlanta_01,2024-12-14,115.84440682329115,122.71990675256735,130.19968515489535,122.89550372305068
Tron-o-matic 4,Atlanta_01,2024-12-15,147.2126134516888,153.3991779294559,161.90904128838366,154.19455516546216
Tron-o-matic 4,Atlanta_01,2024-12-16,84.97970776058501,93.08178489419208,99.44697264891752,92.44574894408976
Tron-o-matic 4,Atlanta_01,2024-12-17,82.96703093391211,91.87332977484277,98.37917071777295,91.50220526566041
Tron-o-matic 4,Atlanta_01,2024-12-18,84.49339795804364,91.95228941725135,98.93984192016369,91.58554789642
Tron-o-matic 4,Atlanta_01,2024-12-19,96.40209617927623,106.11207325028775,115.24547703085202,105.63275736663859
Tron-o-matic 4,Atlanta_01,2024-12-20,85.01479705600353,93.74390001947427,101.32254050338071,92.86085658376876
Tron-o-matic 4,Atlanta_01,2024-12-21,83.37148346706279,91.40405343665361,100.86056700033554,91.96865605264391
Tron-o-matic 4,Atlanta_01,2024-12-22,83.89996688216716,91.4139426503977,101.17043981967757,91.64058213837168
Tron-o-matic 4,Atlanta_01,2024-12-23,83.49029527247993,91.94845275037004,101.7693267870829,92.10166896008401
Tron-o-matic 4,Atlanta_01,2024-12-24,84.79056818077193,92.07169053401083,99.01334568839438,92.02626296292088
Tron-o-matic 4,Atlanta_01,2024-12-25,83.14518469842176,91.08782083629815,100.40572616685073,91.46678641166368
Tron-o-matic 4,Atlanta_01,2024-12-26,113.68168845862546,121.30535669388883,129.65919346689182,121.66251010553458
Tron-o-matic 4,Atlanta_01,2024-12-27,85.68276962222767,93.78062479331167,99.95329766292463,93.33023017530918
Tron-o-matic 4,Atlanta_01,2024-12-28,84.36281256164591,92.57659696132573,101.4757073744536,93.11010748980017
Tron-o-matic 4,Atlanta_01,2024-12-29,114.62086080910059,121.87945800015682,128.08886212460143,121.57499834491917
Tron-o-matic 4,Atlanta_01,2024-12-30,148.92440013108057,158.30252144543408,165.67737557301817,157.71086660164914
Tron-o-matic 4,Atlanta_01,2024-12-31,106.98678507248395,113.87776827680338,123.10801224503126,113.9799953925128
Tron-o-matic 4,NewYork_01,2024-10-01,148.7888904502933,160.38069413381686,171.50860945495126,160.1808169289481
Tron-o-matic 4,NewYork_01,2024-10-02,189.3237566607433,201.59664882084982,212.06358144378908,201.0705055352893
Tron-o-matic 4,NewYork_01,2024-10-03,153.9931249197683,164.5144746112714,176.5512566854918,164.5066297807012
Tron-o-matic 4,NewYork_01,2024-10-04,240.82515738599346,254.12633435028124,267.66538670874405,253.9714857523696
Tron-o-matic 4,NewYork_01,2024-10-05,200.40242122602976,212.51993857794693,220.31465938345846,210.9992336654109
Tron-o-matic 4,NewYork_01,2024-10-06,148.38065805419603,163.5888518982377,173.7327836562745,161.90254389826458
Tron-o-matic 4,NewYork_01,2024-10-07,151.37255242505762,165.82116243788758,177.4623944088285,165.156653116872
Tron-o-matic 4,NewYork_01,2024-10-08,151.3695038770067,162.6738373190963,173.46544092413032,162.89024602148828
Tron-o-matic 4,NewYork_01,2024-10-09,247.82587854192948,262.60289358155853,274.83292169939847,262.4594472420964
Tron-o-matic 4,NewYork_01,2024-10-10,147.6254054875829,159.20425758504928,172.73780687129397,160.43262908536744
Tron-o-matic 4,NewYork_01,2024-10-11,149.95134828241376,160.5264363793599,175.49996292945355,161.48243031395327
Tron-o-matic 4,NewYork_01,2024-10-12,189.5328274295193,202.900133623107,215.3712980115911,202.28514497962428
Tron-o-matic 4,NewYork_01,2024-10-13,152.8542334112542,161.67384944069585,174.18272766068375,162.48363469765647
Tron-o-matic 4,NewYork_01,2024-10-14,185.3071270136101,198.00916945363582,209.8018288416715,197.65994139430782
Tron-o-matic 4,NewYork_01,2024-10-15,150.28892166996258,159.84099880755372,174.56741675170653,161.00300977761495
Tron-o-matic 4,NewYork_01,2024-10-16,149.04958211886765,160.15091296553598,172.5239496156975,160.6930275438978
Tron-o-matic 4,NewYork_01,2024-10-17,182.08031476487662,196.11955587087292,206.992108525512,194.7994391271721
Tron-o-matic 4,NewYork_01,2024-10-18,150.58503521986552,160.02319867124857,170.91007370106982,161.08122641079967
Tron-o-matic 4,NewYork_01,2024-10-19,187.54526940777586,199.69488860786703,213.76568205676307,199.67021301085876
Tron-o-matic 4,NewYork_01,2024-10-20,148.7069141002068,162.50855793172803,172.94212048509615,162.081715992675
Tron-o-matic 4,NewYork_01,2024-10-21,152.24400717643286,161.9067297430339,172.80794632540173,161.71141188279694
Tron-o-matic 4,NewYork_01,2024-10-22,253.76918310768693,266.57785616110414,279.05675379005027,266.31327830106335
Tron-o-matic 4,NewYork_01,2024-10-23,238.00285814538825,250.090717588204,260.7013363066453,250.43436986053163
Tron-o-matic 4,NewYork_01,2024-10-24,144.06599866880333,157.79200125224384,172.59384297553217,157.6802089474697
Tron-o-matic 4,NewYork_01,2024-10-25,146.91869799385722,157.1189585896437,170.5618479584631,158.00570413251805
Tron-o-matic 4,NewYork_01,2024-10-26,194.75818398423,204.80561694375575,215.3373313904358,205.1231987163667
Tron-o-matic 4,NewYork_01,2024-10-27,163.24252781239005,174.73341859862825,184.49904766923947,173.85984229679488
Tron-o-matic 4,NewYork_01,2024-10-28,145.20303292832875,157.2798715892252,172.85564236047753,158.17715489472263
Tron-o-matic 4,NewYork_01,2024-10-29,143.52282722977546,155.04039437145937,166.7617795568082,154.1379742742313
Tron-o-matic 4,NewYork_01,2024-10-30,141.84553789264868,155.13030595556847,169.02886478936253,154.8766991179592
Tron-o-matic 4,NewYork_01,2024-10-31,184.76599780857424,197.2868226631563,206.77153699909684,196.00414651188112
Tron-o-matic 4,NewYork_01,2024-11-01,140.4288558818241,151.6880892882178,162.87338807860272,151.56726712823738
Tron-o-matic 4,NewYork_01,2024-11-02,164.041026364972,178.2441591680772,191.03949944012498,177.84965715972103
Tron-o-matic 4,NewYork_01,2024-11-03,240.48300971328618,251.20349541188884,263.68068434782776,251.4051666777345
Tron-o-matic 4,NewYork_01,2024-11-04,140.40604809079394,152.92205784211887,163.61318738288827,152.18670288667053
Tron-o-matic 4,NewYork_01,2024-11-05,139.31574395517868,149.42397773691727,162.8930615446974,149.9788134441644
Tron-o-matic 4,NewYork_01,2024-11-06,239.2004854893547,253.51559309181124,263.39615412210895,252.62961562802
Tron-o-matic 4,NewYork_01,2024-11-07,209.67505835940324,222.0106752904339,231.71930103645423,221.51895491134496
Tron-o-matic 4,NewYork_01,2024-11-08,135.26368959801442,147.46801570023314,158.80720588893843,147.32639851847614
Tron-o-matic 4,NewYork_01,2024-11-09,135.90064021102643,149.37741821923424,161.7286307034251,149.05091892078255
Tron-o-matic 4,NewYork_01,2024-11-10,133.21799643746425,146.89421109825352,160.46879441495284,146.50754419084788
Tron-o-matic 4,NewYork_01,2024-11-11,236.37540322325208,247.89092079387362,260.9765237873379,247.75798923159616
Tron-o-matic 4,NewYork_01,2024-11-12,134.16580420076008,145.36475405618245,157.63667362195426,145.90908258750812
Tron-o-matic 4,NewYork_01,2024-11-13,157.34355393354303,169.43068827576715,181.04665093148836,168.91102871276547
Tron-o-matic 4,NewYork_01,2024-11-14,135.24851507795557,145.82555546608276,159.20800792374772,146.33194643485328
Tron-o-matic 4,NewYork_01,2024-11-15,131.8665063221414,146.78844956522624,156.43657889806673,145.70401310594173
Tron-o-matic 4,NewYork_01,2024-11-16,135.6059025959685,145.9868862033806,156.46655767836683,146.08637255805758
Tron-o-matic 4,NewYork_01,2024-11-17,132.64753718463103,147.01081305514356,159.43135119778725,145.9111040381429
Tron-o-matic 4,NewYork_01,2024-11-18,136.51545684507016,147.1207659531382,155.6384687496988,147.07464009050236
Tron-o-matic 4,NewYork_01,2024-11-19,133.1481028701028,146.0490607541058,156.80951423233512,145.922411745558
Tron-o-matic 4,NewYork_01,2024-11-20,133.74534589505464,143.70625258712113,155.2311765043848,143.86233908642737
Tron-o-matic 4,NewYork_01,2024-11-21,167.10463823092957,179.32768842209322,189.9342335415222,178.51599666683472
Tron-o-matic 4,NewYork_01,2024-11-22,132.75674062685846,144.02831767361945,156.59826810996265,143.79531616713905
Tron-o-matic 4,NewYork_01,2024-11-23,134.76090764410696,146.09408053861938,161.53068550275466,147.22944784075608
Tron-o-matic 4,NewYork_01,2024-11-24,135.27337724138945,146.12298304132523,158.6289001050741,146.33863697260682
Tron-o-matic 4,NewYork_01,2024-11-25,136.8207248175098,147.9187541229517,161.0067861181005,148.5317822291254
Tron-o-matic 4,NewYork_01,2024-11-26,248.53409795153829,260.16121477964543,270.7224124380598,259.5419769745416
Tron-o-matic 4,NewYork_01,2024-11-27,136.98814074922902,145.62615145968547,156.99393244333086,146.53390645804623
Tron-o-matic 4,NewYork_01,2024-11-28,134.65885416676747,148.03730682966213,158.38528996481276,147.29687191668097
Tron-o-matic 4,NewYork_01,2024-11-29,249.7193114078449,260.977289471163,272.169132001304,260.71682190440356
Tron-o-matic 4,NewYork_01,2024-11-30,136.7957050050393,148.25465799054854,159.40929651254783,148.4744940267296
Tron-o-matic 4,NewYork_01,2024-12-01,170.87586455781235,187.45050035356633,198.11190484880282,186.29515659404305
Tron-o-matic 4,NewYork_01,2024-12-02,135.11208433094254,148.43122544631262,159.826418540051,147.7821592451953
Tron-o-matic 4,NewYork_01,2024-12-03,164.88629498081346,177.2768923169147,189.95895424743006,177.17452398113696
Tron-o-matic 4,NewYork_01,2024-12-04,135.4576938275992,145.83163643066575,158.22634103822483,145.88096282921404
Tron-o-matic 4,NewYork_01,2024-12-05,135.5456830669604,145.51946550551952,159.67228198870475,146.78091575246106
Tron-o-matic 4,NewYork_01,2024-12-06,134.15193404479558,148.1094879279828,158.1398510475153,147.08696650215362
Tron-o-matic 4,NewYork_01,2024-12-07,137.1904834543522,147.0681512620494,159.56389868336518,147.67552809483638
Tron-o-matic 4,NewYork_01,2024-12-08,231.07851145564456,244.40205456317904,255.26707259801162,243.95046258531613
Tron-o-matic 4,NewYork_01,2024-12-09,136.61632724490983,149.0347164531789,159.29220305258926,148.07217830179366
Tron-o-matic 4,NewYork_01,2024-12-10,156.73586476837906,169.79324378068407,179.30555293813399,169.0821997356403
Tron-o-matic 4,NewYork_01,2024-12-11,234.95249132144315,245.98063986628745,254.02934030672395,244.545463015322
Tron-o-matic 4,NewYork_01,2024-12-12,136.0771988911632,145.5430639401312,157.4354312483017,146.51272287223958
Tron-o-matic 4,NewYork_01,2024-12-13,136.03237866849526,147.90584732618476,157.7126426763161,146.7921664389004
Tron-o-matic 4,NewYork_01,2024-12-14,183.2026893819076,195.65352770341036,207.11939951704704,195.33805666001572
Tron-o-matic 4,NewYork_01,2024-12-15,232.28136971486921,246.9964591258502,256.95959266152033,246.00921379115906
Tron-o-matic 4,NewYork_01,2024-12-16,136.7451633520497,148.34829743035436,161.00660152348206,148.18089240661513
Tron-o-matic 4,NewYork_01,2024-12-17,133.55669683671093,144.96268131056738,156.1669363847807,145.00421222529408
Tron-o-matic 4,NewYork_01,2024-12-18,132.21635138781642,146.98049658823072,159.4054062951655,146.32923238576706
Tron-o-matic 4,NewYork_01,2024-12-19,155.36647365227697,169.50240527067706,180.55666006350404,168.28542512603408
Tron-o-matic 4,NewYork_01,2024-12-20,131.10453877406002,142.89744631109977,154.9741007740123,143.32605654054146
Tron-o-matic 4,NewYork_01,2024-12-21,136.52372405253269,147.43940299101547,160.5005433275149,147.8416889818056
Tron-o-matic 4,NewYork_01,2024-12-22,134.06924506568308,147.6726230078327,160.1796041727806,147.30717572607568
Tron-o-matic 4,NewYork_01,2024-12-23,136.39524255629274,147.9560188868867,158.69552867782465,147.54636991822738
Tron-o-matic 4,NewYork_01,2024-12-24,135.05105363458233,147.96737688201415,159.30786895307543,146.8498671364842
Tron-o-matic 4,NewYork_01,2024-12-25,132.12379794346558,145.22015674511167,156.559330406826,144.49464372976112
Tron-o-matic 4,NewYork_01,2024-12-26,182.90870657751407,196.69849512776713,209.26373515976047,196.18085304018206
Tron-o-matic 4,NewYork_01,2024-12-27,132.3560145700804,146.1025817611761,157.03209831071806,145.66483730174113
Tron-o-matic 4,NewYork_01,2024-12-28,137.20752609858135,149.13526121829324,159.24670555524392,148.2209675584618
Tron-o-matic 4,NewYork_01,2024-12-29,184.83373519077875,195.64925101813225,207.34979556173457,195.75213786499714
Tron-o-matic 4,NewYork_01,2024-12-30,241.41364935170233,254.36531896355154,264.23863595496096,254.06491003559714
Tron-o-matic 4,NewYork_01,2024-12-31,173.13022667284767,183.83397000743133,195.03692111798338,184.12407688142466
Tron-o-matic 4,NewYork_02,2024-10-01,158.0307104193384,167.39610296880156,178.52801104530627,167.59629184980392
Tron-o-matic 4,NewYork_02,2024-10-02,197.57744076027214,205.80820351928287,219.7879996169213,207.6801889504108
Tron-o-matic 4,NewYork_02,2024-10-03,157.33757713985946,165.89744420063994,180.46965903518316,167.51889084600785
Tron-o-matic 4,NewYork_02,2024-10-04,250.38004427105804,261.94181242325556,273.3672265774826,261.413548266685
Tron-o-matic 4,NewYork_02,2024-10-05,199.83558987328675,213.12312847612478,226.77000790396937,213.53210357213925
Tron-o-matic 4,NewYork_02,2024-10-06,156.74976457815822,167.95402164633174,178.50764178034518,167.88922811644088
Tron-o-matic 4,NewYork_02,2024-10-07,157.27930645377552,170.57633121293293,181.71816372174982,170.00615587073855
Tron-o-matic 4,NewYork_02,2024-10-08,151.8242720468033,167.30688680394772,180.58510501694013,166.7492911117519
Tron-o-matic 4,NewYork_02,2024-10-09,257.48648894961406,268.3637481934725,280.75237160842545,268.2347918796372
Tron-o-matic 4,NewYork_02,2024-10-10,154.8891841722464,165.14477658052272,178.79821883326082,165.90217322719099
Tron-o-matic 4,NewYork_02,2024-10-11,156.12241953841198,165.0452380623115,178.20705340462834,166.13669201951035
Tron-o-matic 4,NewYork_02,2024-10-12,193.63862901959646,207.77749501281738,216.01580623134186,206.22584945576767
Tron-o-matic 4,NewYork_02,2024-10-13,154.1081796130208,167.87723065162905,180.63683674104493,167.4968188817629
Tron-o-matic 4,NewYork_02,2024-10-14,189.6253682014164,200.51421321529224,211.03051007888496,200.2557194942784
Tron-o-matic 4,NewYork_02,2024-10-15,152.50074272581534,164.48122585577303,178.27367508181635,165.16236313245267
Tron-o-matic 4,NewYork_02,2024-10-16,151.8885653220844,164.93054392509458,179.51000261172757,165.6614190796603
Tron-o-matic 4,NewYork_02,2024-10-17,186.46903398927662,200.5050857412064,214.05736291234248,200.04706553913417
Tron-o-matic 4,NewYork_02,2024-10-18,148.2416301365344,163.9691577772224,174.72254589607712,163.2585842731327
Tron-o-matic 4,NewYork_02,2024-10-19,190.1638962388755,201.30096148145913,214.17521802048455,201.22087810232534
Tron-o-matic 4,NewYork_02,2024-10-20,149.8096719113628,163.57126170904328,175.08606827132493,162.7039193163189
Tron-o-matic 4,NewYork_02,2024-10-21,153.56249842127238,165.60312125417124,176.67024077162372,164.75775937950243
Tron-o-matic 4,NewYork_02,2024-10-22,253.358476370861,267.70930257513504,281.36025516888583,267.1766366344662
Tron-o-matic 4,NewYork_02,2024-10-23,242.47184522845103,254.59627782480771,267.2430592476565,254.94097130728062
Tron-o-matic 4,NewYork_02,2024-10-24,149.48231310243293,160.80610605898374,171.55218051873604,160.0975040675368
Tron-o-matic 4,NewYork_02,2024-10-25,146.53928140208956,159.44058692978626,170.97679936798906,159.60091295602467
Tron-o-matic 4,NewYork_02,2024-10-26,198.87277656584862,208.47793854252996,219.72526221772998,208.95892794911703
Tron-o-matic 4,NewYork_02,2024-10-27,167.16310450529815,178.44859673178695,192.83870924661653,179.28894868162035
Tron-o-matic 4,NewYork_02,2024-10-28,150.54948118205837,160.34909168797236,172.7144387866139,160.55284089171474
Tron-o-matic 4,NewYork_02,2024-10-29,148.47426929719876,159.75301453292334,170.60817569750333,159.66564507980218
Tron-o-matic 4,NewYork_02,2024-10-30,144.94333144168834,159.9492212254207,172.7256424687786,159.44130499600294
Tron-o-matic 4,NewYork_02,2024-10-31,191.65044455845822,202.49118470686165,215.9268906574194,202.41590853300602
Tron-o-matic 4,NewYork_02,2024-11-01,146.05769046522548,158.00112928792834,170.89542118254542,158.29500599888377
Tron-o-matic 4,NewYork_02,2024-11-02,170.84722899023615,184.56668766500835,193.9524024516687,183.71263539975368
Tron-o-matic 4,NewYork_02,2024-11-03,243.8461750625498,254.93820403144431,270.3587790898165,256.7228085716659
Tron-o-matic 4,NewYork_02,2024-11-04,143.74535551697204,157.63988420957037,169.48017136714483,157.21820161209598
Tron-o-matic 4,NewYork_02,2024-11-05,143.86119260796767,157.52057515096539,167.6231750890489,156.3205693070917
Tron-o-matic 4,NewYork_02,2024-11-06,243.5050776368797,256.6641111370233,266.46024220733074,256.2063189871471
Tron-o-matic 4,NewYork_02,2024-11-07,217.85999675544912,229.91054870202356,241.883110018959,228.93143935084507
Tron-o-matic 4,NewYork_02,2024-11-08,142.3162836914608,152.2722316788459,164.22084424503674,152.44392128577826
Tron-o-matic 4,NewYork_02,2024-11-09,140.60133915680822,154.24331700072258,167.5573269125027,154.11158956812326
Tron-o-matic 4,NewYork_02,2024-11-10,139.4665332374867,152.54199339907046,166.85324469399754,152.4969644028413
Tron-o-matic 4,NewYork_02,2024-11-11,237.0988853289621,250.09969871886634,266.73792830584296,251.7794861485221
Tron-o-matic 4,NewYork_02,2024-11-12,133.822748379688,150.23112516878234,163.022525545975,149.3566600261819
Tron-o-matic 4,NewYork_02,2024-11-13,167.91441994862217,175.55397255695777,186.93651990348508,176.5756186874191
Tron-o-matic 4,NewYork_02,2024-11-14,139.15004311030265,150.16220394758804,163.37262424472166,150.28270804514418
Tron-o-matic 4,NewYork_02,2024-11-15,135.21940392769648,149.09021457429137,162.5964266165923,148.96412943968235
Tron-o-matic 4,NewYork_02,2024-11-16,137.0137815063022,149.45105862964104,162.33502922043243,150.02529048101076
Tron-o-matic 4,NewYork_02,2024-11-17,137.83874698267536,150.67628514294273,160.7088983594286,149.63770904532564
Tron-o-matic 4,NewYork_02,2024-11-18,137.89043182094412,150.2060908785171,164.59924208992695,150.63925907362446
Tron-o-matic 4,NewYork_02,2024-11-19,136.86753604721358,147.3059282701646,162.20815558592517,148.75112071411712
Tron-o-matic 4,NewYork_02,2024-11-20,135.48825365471984,149.220670709964,164.4532450512441,149.2262267133616
Tron-o-matic 4,NewYork_02,2024-11-21,170.09934930393322,182.31923594878606,192.0452791415688,181.90511682332328
Tron-o-matic 4,NewYork_02,2024-11-22,135.78032123686057,146.7286981069713,161.25407216746447,147.5613236668233
Tron-o-matic 4,NewYork_02,2024-11-23,136.86501772926468,149.38586508944545,157.68829574637562,148.27388633524131
Tron-o-matic 4,NewYork_02,2024-11-24,136.21291514397586,149.95889669238272,160.7861579847516,149.46641905937352
Tron-o-matic 4,NewYork_02,2024-11-25,136.833416973112,148.94839810898932,163.0235029227969,150.10374588663524
Tron-o-matic 4,NewYork_02,2024-11-26,249.29132271667248,262.5935259379668,274.7035148706522,261.6874382421893
Tron-o-matic 4,NewYork_02,2024-11-27,137.77015962597437,148.8054410195636,160.78676202491565,148.36048049274038
Tron-o-matic 4,NewYork_02,2024-11-28,138.52356098620086,149.16777876236733,160.61288485395062,149.4756207963103
Tron-o-matic 4,NewYork_02,2024-11-29,248.01338184956134,263.6881788620202,277.43405544763544,263.3442338094257
Tron-o-matic 4,NewYork_02,2024-11-30,139.3093522107294,151.84865256685282,165.92742002887613,152.05615384368082
Tron-o-matic 4,NewYork_02,2024-12-01,175.2327230966439,190.44865844228153,203.83768969042637,189.40062650498297
Tron-o-matic 4,NewYork_02,2024-12-02,137.25646180930073,151.9749250977692,164.17165945879654,151.73051171198998
Tron-o-matic 4,NewYork_02,2024-12-03,170.82541857407503,182.91907623119624,195.7280599270618,182.56355826832151
Tron-o-matic 4,NewYork_02,2024-12-04,139.3225556330419,153.4261591287943,166.42400357206364,152.80184190524173
Tron-o-matic 4,NewYork_02,2024-12-05,138.19603681998603,149.29091359961987,162.98774194372342,149.76933446818657
Tron-o-matic 4,NewYork_02,2024-12-06,135.4789929820279,148.32909884650283,163.22226402040377,149.15640405513506
Tron-o-matic 4,NewYork_02,2024-12-07,142.06015008520927,150.7055525760785,164.13516597125806,151.23015532181597
Tron-o-matic 4,NewYork_02,2024-12-08,236.27739173785193,248.95915595207606,261.51057676095957,249.01503540112571
Tron-o-matic 4,NewYork_02,2024-12-09,142.75002688832865,155.0676511296595,166.13038632864476,154.08076116153322
Tron-o-matic 4,NewYork_02,2024-12-10,162.16306300702684,175.79395689368772,185.57268396965708,174.35004350791849
Tron-o-matic 4,NewYork_02,2024-12-11,236.71758737962156,251.9470947366349,262.5150429872425,250.8566062704038
Tron-o-matic 4,NewYork_02,2024-12-12,137.5080476967059,150.0060621927365,162.9638275466694,150.0255328636269
Tron-o-matic 4,NewYork_02,2024-12-13,136.51899295951355,148.01435169707844,162.79270372644808,149.29733967380218
Tron-o-matic 4,NewYork_02,2024-12-14,186.74763982050553,197.9277058045833,210.05953291313196,197.91281982520093
Tron-o-matic 4,NewYork_02,2024-12-15,238.21226598063475,250.523290260065,258.4028350241167,249.0762742565253
Tron-o-matic 4,NewYork_02,2024-12-16,138.0166738011581,150.50942179586926,159.56523626553638,149.6154582935402
Tron-o-matic 4,NewYork_02,2024-12-17,138.69720390634393,148.95808508776275,161.14454184901987,149.58407104653102
Tron-o-matic 4,NewYork_02,2024-12-18,136.6316354734841,148.87162071753224,162.61245712662028,149.0831120830924
Tron-o-matic 4,NewYork_02,2024-12-19,158.1909309552565,171.43236489831793,183.09356092033548,171.3267583941275
Tron-o-matic 4,NewYork_02,2024-12-20,135.26588691955448,149.025666940858,163.5129341103002,149.13726888084423
Tron-o-matic 4,NewYork_02,2024-12-21,140.58351867063755,150.1037795276009,160.84733799528908,150.59606330359912
Tron-o-matic 4,NewYork_02,2024-12-22,139.24984833995796,150.38016334985437,164.84935609437358,151.1710464387586
Tron-o-matic 4,NewYork_02,2024-12-23,137.88153185058195,151.48809739285701,161.2952409429458,150.53116417162477
Tron-o-matic 4,NewYork_02,2024-12-24,139.54965547407272,149.9487860354527,161.01510654642829,149.7121791587445
Tron-o-matic 4,NewYork_02,2024-12-25,138.6472951380414,153.19650622535625,164.36587675026047,151.56008546314226
Tron-o-matic 4,NewYork_02,2024-12-26,188.15786755948778,200.0259511860761,211.71700102051395,199.60891195532133
Tron-o-matic 4,NewYork_02,2024-12-27,139.3559393332691,149.85791477924195,162.67542830131518,150.21643471955488
Tron-o-matic 4,NewYork_02,2024-12-28,141.91702052560197,153.59663723583822,167.24136847184755,153.68038289010224
Tron-o-matic 4,NewYork_02,2024-12-29,187.4294589751846,201.51019342269845,212.42020662374313,200.87155171523176
Tron-o-matic 4,NewYork_02,2024-12-30,245.0073281720147,257.56823824584256,269.1310503219104,257.2820840642337
Tron-o-matic 4,NewYork_02,2024-12-31,176.40340589570016,186.09652823735374,198.0880699375705,186.6242441003532
Tron-o-matic 4,Online_Store,2024-10-01,3080.1442033200306,3297.4377401003308,3542.381597380418,3306.9489534377194
Tron-o-matic 4,Online_Store,2024-10-02,3824.95923881414,4064.5337413793727,4294.523852318599,4054.5813532254438
Tron-o-matic 4,Online_Store,2024-10-03,3039.1728636497064,3298.157828515719,3561.973814980723,3303.0135091561433
Tron-o-matic 4,Online_Store,2024-10-04,4866.754045935345,5182.870262118829,5435.9858643459875,5164.397815506946
Tron-o-matic 4,Online_Store,2024-10-05,3914.7655730994215,4246.860436220592,4455.062037280112,4228.958363788544
Tron-o-matic 4,Online_Store,2024-10-06,3066.3818620283214,3278.8669224370124,3511.574292399185,3287.8530487225958
Tron-o-matic 4,Online_Store,2024-10-07,2989.434385515372,3269.151651483977,3509.45314262548,3258.1011135853296
Tron-o-matic 4,Online_Store,2024-10-08,3016.5404620798718,3252.6376208200586,3566.4621551324535,3267.1077626969677
Tron-o-matic 4,Online_Store,2024-10-09,5076.206712785854,5295.3871808382755,5551.980032087321,5304.1481051093715
Tron-o-matic 4,Online_Store,2024-10-10,3013.266069001581,3265.920623954948,3501.605055903673,3258.757055049151
Tron-o-matic 4,Online_Store,2024-10-11,3084.2077193902132,3325.62423037422,3525.6907146042236,3298.2475316808745
Tron-o-matic 4,Online_Store,2024-10-12,3719.763612827933,4011.559224125961,4213.56601401731,4003.055332190732
Tron-o-matic 4,Online_Store,2024-10-13,2983.656346582404,3278.042555313198,3535.246939270476,3257.4014941189344
Tron-o-matic 4,Online_Store,2024-10-14,3717.490291535862,3975.0007689908093,4184.590452162725,3948.2253411709303
Tron-o-matic 4,Online_Store,2024-10-15,2955.3997384121703,3248.652985450629,3483.9490335735754,3240.9393462969297
Tron-o-matic 4,Online_Store,2024-10-16,2964.9598981921945,3242.211939123132,3501.3360693301934,3230.544881577212
Tron-o-matic 4,Online_Store,2024-10-17,3693.2020375891566,3935.536192157503,4210.528510926624,3937.104121553184
Tron-o-matic 4,Online_Store,2024-10-18,3011.8582694459005,3242.2538051111205,3469.3197919109602,3239.693876915914
Tron-o-matic 4,Online_Store,2024-10-19,3713.2309859890274,3972.9955368366623,4201.095639006026,3947.829888423288
Tron-o-matic 4,Online_Store,2024-10-20,2974.345809656348,3217.597360044937,3445.395942435472,3200.716612802051
Tron-o-matic 4,Online_Store,2024-10-21,2997.5218573034504,3240.151243502347,3468.477047664865,3229.51460072437
Tron-o-matic 4,Online_Store,2024-10-22,5063.9557907301305,5371.3672664803935,5618.759627317884,5354.661266921313
Tron-o-matic 4,Online_Store,2024-10-23,4795.539355313084,5026.400473576068,5255.927194347389,5031.854226730774
Tron-o-matic 4,Online_Store,2024-10-24,2946.552523660787,3190.0036610071165,3417.9630371833887,3187.4487387114436
Tron-o-matic 4,Online_Store,2024-10-25,2917.809098379458,3164.8294933584007,3415.4153387546826,3159.349542898313
Tron-o-matic 4,Online_Store,2024-10-26,3839.6863967432287,4107.990883552127,4401.4357083634995,4117.781853593254
Tron-o-matic 4,Online_Store,2024-10-27,3282.719435818909,3565.089199598836,3759.571796992908,3538.216200159128
Tron-o-matic 4,Online_Store,2024-10-28,3000.872226613927,3221.8344437816245,3474.5707918114417,3213.1749406984495
Tron-o-matic 4,Online_Store,2024-10-29,2896.1762350794315,3148.608900198647,3405.7148385258083,3155.181723769525
Tron-o-matic 4,Online_Store,2024-10-30,2902.5454695111916,3160.8841388798824,3382.3202708093772,3144.0479546927754
Tron-o-matic 4,Online_Store,2024-10-31,3791.967526406669,4037.6510937742914,4311.750029033159,4048.3550032919775
Tron-o-matic 4,Online_Store,2024-11-01,2860.5228150141093,3125.2444846324674,3341.9406594139177,3123.4480288102286
Tron-o-matic 4,Online_Store,2024-11-02,3368.0539017324522,3609.542260074432,3865.2671146301627,3625.7424514685154
Tron-o-matic 4,Online_Store,2024-11-03,4877.694579851949,5064.656353026807,5285.382690652265,5085.632429656251
Tron-o-matic 4,Online_Store,2024-11-04,2870.994572600293,3083.943793179602,3319.629540654336,3093.145033559436
Tron-o-matic 4,Online_Store,2024-11-05,2843.2735375147504,3074.9395523264425,3257.326741110396,3057.9497999964947
Tron-o-matic 4,Online_Store,2024-11-06,4916.085206919357,5106.760718043101,5369.673928306142,5118.665652784566
Tron-o-matic 4,Online_Store,2024-11-07,4312.787566038955,4528.655527092979,4760.692836762768,4544.266520361739
Tron-o-matic 4,Online_Store,2024-11-08,2825.284366430027,3107.6029340689865,3349.8682528080863,3098.0308024526666
Tron-o-matic 4,Online_Store,2024-11-09,2824.2714761579177,3022.5030244246827,3314.7557112942377,3035.150379951091
Tron-o-matic 4,Online_Store,2024-11-10,2753.556513413455,3009.6814828785796,3187.697269410623,2985.4672696523007
Tron-o-matic 4,Online_Store,2024-11-11,4663.511985971368,4974.032893972537,5213.00923875029,4955.3004279403185
Tron-o-matic 4,Online_Store,2024-11-12,2766.5026163505945,2954.971764622194,3206.1483589792997,2979.297440850633
Tron-o-matic 4,Online_Store,2024-11-13,3201.257950310375,3438.7960467090875,3678.9194081469145,3435.850946676103
Tron-o-matic 4,Online_Store,2024-11-14,2709.117061912973,2968.278505227998,3192.6929309956054,2961.2399476531177
Tron-o-matic 4,Online_Store,2024-11-15,2648.5630524425483,2935.4281800326316,3151.838616640211,2922.849437344892
Tron-o-matic 4,Online_Store,2024-11-16,2705.6492911568607,2966.27557706722,3160.9306476913243,2951.904968058339
Tron-o-matic 4,Online_Store,2024-11-17,2691.086147674114,2939.2271313186097,3154.2904189875667,2928.654899110639
Tron-o-matic 4,Online_Store,2024-11-18,2733.4466343407416,2944.790688357344,3153.2540871372103,2934.3385772948996
Tron-o-matic 4,Online_Store,2024-11-19,2702.867458856212,2890.976626036001,3144.1844009763317,2884.2106845336575
Tron-o-matic 4,Online_Store,2024-11-20,2640.8247114864253,2887.7615191757313,3172.309387712274,2895.2367694835534
Tron-o-matic 4,Online_Store,2024-11-21,3344.312246853115,3574.8010294991896,3782.6044692864057,3570.0685386790365
Tron-o-matic 4,Online_Store,2024-11-22,2632.893617747105,2925.461290212011,3136.1026316389043,2892.396802444876
Tron-o-matic 4,Online_Store,2024-11-23,2609.3866067361023,2876.535373088636,3151.8923541451295,2869.8851515770966
Tron-o-matic 4,Online_Store,2024-11-24,2612.5056920015254,2817.6556763570184,3036.2770071145183,2836.6809863207345
Tron-o-matic 4,Online_Store,2024-11-25,2638.1797628987447,2941.0672104812033,3140.677074289112,2901.1200348180714
Tron-o-matic 4,Online_Store,2024-11-26,4903.668333945668,5158.701171877081,5393.634052365495,5146.102502210528
Tron-o-matic 4,Online_Store,2024-11-27,2631.9989866559017,2892.345436734851,3112.221871277949,2892.85275325915
Tron-o-matic 4,Online_Store,2024-11-28,2678.523275689727,2912.367863226275,3165.55942473108,2913.581060439983
Tron-o-matic 4,Online_Store,2024-11-29,5061.179851288405,5256.9612312086865,5409.919461080839,5238.320211196515
Tron-o-matic 4,Online_Store,2024-11-30,2632.9872075869384,2887.5198419349563,3113.0605670324076,2887.343352194664
Tron-o-matic 4,Online_Store,2024-12-01,3470.909028088261,3662.237716947729,3928.381944416185,3689.5135042436195
Tron-o-matic 4,Online_Store,2024-12-02,2678.9155149332237,2930.027201098077,3163.0166573978213,2920.8998025827964
Tron-o-matic 4,Online_Store,2024-12-03,3278.55085237008,3483.00734806776,3725.4388593225444,3488.5807437552057
Tron-o-matic 4,Online_Store,2024-12-04,2704.708776179214,2928.7901534379725,3144.0452947718245,2917.6695185630692
Tron-o-matic 4,Online_Store,2024-12-05,2716.06312802092,2961.133394289141,3199.3629538883524,2950.3406285690057
Tron-o-matic 4,Online_Store,2024-12-06,2717.5888048764004,2931.670755281794,3142.3192763363304,2927.224924366534
Tron-o-matic 4,Online_Store,2024-12-07,2692.8976028802144,2910.7555831007,3134.4494335827644,2905.020040709188
Tron-o-matic 4,Online_Store,2024-12-08,4608.111838142036,4887.630238434257,5087.63441036741,4871.902664944743
Tron-o-matic 4,Online_Store,2024-12-09,2681.445472671184,2937.356490173929,3162.420944999675,2938.526260208326
Tron-o-matic 4,Online_Store,2024-12-10,3088.816339655469,3363.2338286076847,3604.0324290134176,3350.1105583588214
Tron-o-matic 4,Online_Store,2024-12-11,4706.085032621637,4956.284852840894,5185.444267386867,4961.403647195101
Tron-o-matic 4,Online_Store,2024-12-12,2675.566688623594,2918.4680836575994,3219.4626635638747,2932.974605134982
Tron-o-matic 4,Online_Store,2024-12-13,2696.774231115256,2964.160236061518,3239.4974066566033,2964.770839825817
Tron-o-matic 4,Online_Store,2024-12-14,3638.5006204268943,3877.166832335157,4134.668634745255,3894.6291755457264
Tron-o-matic 4,Online_Store,2024-12-15,4690.08666959348,4986.920245482718,5209.848701271523,4960.821278346338
Tron-o-matic 4,Online_Store,2024-12-16,2733.230695308668,2975.0069566873244,3235.060416875747,2980.671407448456
Tron-o-matic 4,Online_Store,2024-12-17,2780.192678267001,2979.5739521418427,3199.073476936664,2991.8942841545013
Tron-o-matic 4,Online_Store,2024-12-18,2703.547967409144,2984.540676157697,3181.1153190993296,2953.178480085305
Tron-o-matic 4,Online_Store,2024-12-19,3155.8844682460076,3428.518306314051,3671.743626398915,3419.695856323185
Tron-o-matic 4,Online_Store,2024-12-20,2614.6895989963127,2954.0415924946865,3203.198116247287,2931.8474502025515
Tron-o-matic 4,Online_Store,2024-12-21,2736.464925311877,2957.570420288989,3160.7350550286565,2956.550543638232
Tron-o-matic 4,Online_Store,2024-12-22,2732.6657068383242,2945.052131719548,3172.0889293110317,2946.3775584801715
Tron-o-matic 4,Online_Store,2024-12-23,2755.117741098129,3000.0253269219247,3218.462315758834,2991.390088543313
Tron-o-matic 4,Online_Store,2024-12-24,2687.087424549862,2954.7474024727767,3179.9757019821827,2958.487965838158
Tron-o-matic 4,Online_Store,2024-12-25,2711.1700602866013,2943.0091853446165,3241.168454389097,2971.5668679157934
Tron-o-matic 4,Online_Store,2024-12-26,3745.913601466812,3966.883777610876,4229.116706519758,3975.2162219982943
Tron-o-matic 4,Online_Store,2024-12-27,2756.917509712042,2991.0486756777696,3240.5363074416227,2992.268170969525
Tron-o-matic 4,Online_Store,2024-12-28,2717.2668176698635,2967.752670114554,3221.3015137967227,2977.1381811838805
Tron-o-matic 4,Online_Store,2024-12-29,3744.6169911865277,3940.3831873422287,4132.8481691041,3936.1967965579443
Tron-o-matic 4,Online_Store,2024-12-30,4817.9717503844,5095.816913099199,5306.667592377652,5069.423918811871
Tron-o-matic 4,Online_Store,2024-12-31,3468.262318094681,3730.1828723459453,3949.2372310865776,3718.5388125008044
Tron-o-matic 4 Pro,WashingtonDC_01,2024-10-01,36.17818252390302,38.74677354560043,41.06976789908455,38.68764181924257
Tron-o-matic 4 Pro,WashingtonDC_01,2024-10-02,36.6623548130374,39.0967317189155,41.129593571629115,39.039935473641684
Tron-o-matic 4 Pro,WashingtonDC_01,2024-10-03,42.06484206002604,44.25138680604366,46.89158238960353,44.37713449577308
Tron-o-matic 4 Pro,WashingtonDC_01,2024-10-04,35.67367202269428,38.53880060265028,41.17092759144171,38.460858261325214
Tron-o-matic 4 Pro,WashingtonDC_01,2024-10-05,36.35428681553333,38.88342251618643,41.30490975804771,38.82262985945564
Tron-o-matic 4 Pro,WashingtonDC_01,2024-10-06,44.01096257886818,47.06981485854866,49.19900796024266,46.79602345917971
Tron-o-matic 4 Pro,WashingtonDC_01,2024-10-07,41.31661260365146,43.386547816903594,45.6242804655518,43.45170934592236
Tron-o-matic 4 Pro,WashingtonDC_01,2024-10-08,36.42858040072273,38.62272681583069,41.518747366339994,38.698310796196786
Tron-o-matic 4 Pro,WashingtonDC_01,2024-10-09,35.70515796734798,38.34404141748454,40.85358645204001,38.31897683638795
Tron-o-matic 4 Pro,WashingtonDC_01,2024-10-10,40.277595461761855,42.502735738402706,44.61324979524842,42.411304446897766
Tron-o-matic 4 Pro,WashingtonDC_01,2024-10-11,35.289435978600245,37.91873135049672,41.33329674886485,37.92004548625043
Tron-o-matic 4 Pro,WashingtonDC_01,2024-10-12,40.57197239401164,43.126473890835115,45.11158440742645,43.10919235922159
Tron-o-matic 4 Pro,WashingtonDC_01,2024-10-13,44.970562018907266,47.16597570562494,49.825802960495295,47.31495406478932
Tron-o-matic 4 Pro,WashingtonDC_01,2024-10-14,51.40524997574607,53.34396879753877,55.93542733055579,53.50851781703601
Tron-o-matic 4 Pro,WashingtonDC_01,2024-10-15,49.26155146557019,52.005219509105466,54.22446802927881,51.82632268981478
Tron-o-matic 4 Pro,WashingtonDC_01,2024-10-16,36.2529941156927,38.70594428040554,40.87114841163435,38.55398472943262
Tron-o-matic 4 Pro,WashingtonDC_01,2024-10-17,35.06060198811661,38.0107099762372,40.72947608597131,37.92518004898918
Tron-o-matic 4 Pro,WashingtonDC_01,2024-10-18,35.02859674614351,37.70095489842667,40.08437471710189,37.692406378523884
Tron-o-matic 4 Pro,WashingtonDC_01,2024-10-19,41.25055793231959,44.11110835457987,47.213792035313055,44.09494465435418
Tron-o-matic 4 Pro,WashingtonDC_01,2024-10-20,35.53363272693322,37.674601025836964,40.831321158051246,37.830385720716784
Tron-o-matic 4 Pro,WashingtonDC_01,2024-10-21,35.37939764348986,38.173428055310936,39.615929130916264,37.895710607695804
Tron-o-matic 4 Pro,WashingtonDC_01,2024-10-22,54.42121436732071,57.57604681404773,60.30349870446969,57.49113115787775
Tron-o-matic 4 Pro,WashingtonDC_01,2024-10-23,49.45172401906839,51.9066071827192,53.688346812560845,51.77948226469996
Tron-o-matic 4 Pro,WashingtonDC_01,2024-10-24,35.310011701338404,37.602557671088164,39.7391056883524,37.48755667055953
Tron-o-matic 4 Pro,WashingtonDC_01,2024-10-25,49.14669790286611,51.765616268216654,53.850841501993,51.64026485032005
Tron-o-matic 4 Pro,WashingtonDC_01,2024-10-26,34.9399094505027,37.611556681935895,40.10368723030433,37.38248067249572
Tron-o-matic 4 Pro,WashingtonDC_01,2024-10-27,37.604160977510425,39.82663452490907,42.607357952537484,39.915258977656755
Tron-o-matic 4 Pro,WashingtonDC_01,2024-10-28,39.756168274275765,42.03339493318044,44.711102365722965,42.11948638382937
Tron-o-matic 4 Pro,WashingtonDC_01,2024-10-29,34.257288733061365,36.67609242610193,39.36402250271623,36.7021605138302
Tron-o-matic 4 Pro,WashingtonDC_01,2024-10-30,34.29002806039278,36.72938096848973,39.19593328638731,36.65229510502683
Tron-o-matic 4 Pro,WashingtonDC_01,2024-10-31,43.56945863370701,45.816005253865406,48.396211419016396,46.12571740487225
Tron-o-matic 4 Pro,WashingtonDC_01,2024-11-01,33.8115912813184,36.38644244577941,38.42428793362742,36.2192483673765
Tron-o-matic 4 Pro,WashingtonDC_01,2024-11-02,47.18913197713098,50.36001724233119,52.35206790981973,50.12101616687505
Tron-o-matic 4 Pro,WashingtonDC_01,2024-11-03,33.095481098814226,35.81266528586804,38.39601820241097,35.79141474039824
Tron-o-matic 4 Pro,WashingtonDC_01,2024-11-04,50.81308324147774,53.16776113912741,55.57512605460305,53.095607150984534
Tron-o-matic 4 Pro,WashingtonDC_01,2024-11-05,42.30921162914166,44.35452907484622,46.56521613522147,44.39421230394403
Tron-o-matic 4 Pro,WashingtonDC_01,2024-11-06,50.91078315298059,53.306409422637536,55.550573274779644,53.13819124088936
Tron-o-matic 4 Pro,WashingtonDC_01,2024-11-07,32.99297831392791,35.67168787708418,39.252050862716054,35.85199131094884
Tron-o-matic 4 Pro,WashingtonDC_01,2024-11-08,37.342995093323665,39.35888658963391,41.7322461299344,39.36331782494855
Tron-o-matic 4 Pro,WashingtonDC_01,2024-11-09,42.200986824764996,44.24495802794007,46.87173158484664,44.33249143014173
Tron-o-matic 4 Pro,WashingtonDC_01,2024-11-10,32.97527640475159,35.453288718662705,37.681546633523624,35.424198298301725
Tron-o-matic 4 Pro,WashingtonDC_01,2024-11-11,48.023639541692646,50.229313012622164,52.954665386833746,50.34619517280791
Tron-o-matic 4 Pro,WashingtonDC_01,2024-11-12,32.604458800172424,35.34076511471736,37.538163365245474,35.12293652683596
Tron-o-matic 4 Pro,WashingtonDC_01,2024-11-13,32.40236639243024,35.035441340809754,37.4068014872831,34.968494480050346
Tron-o-matic 4 Pro,WashingtonDC_01,2024-11-14,32.50372918977091,34.705767320303295,36.56808822679587,34.62424387660279
Tron-o-matic 4 Pro,WashingtonDC_01,2024-11-15,32.05664755047607,34.86740319105774,37.58979214455077,34.69735652316004
Tron-o-matic 4 Pro,WashingtonDC_01,2024-11-16,49.07622221446927,51.378578816926,54.1938592655367,51.42075479259007
Tron-o-matic 4 Pro,WashingtonDC_01,2024-11-17,39.7948920016759,42.149682898354975,44.58242461445161,42.230133147512106
Tron-o-matic 4 Pro,WashingtonDC_01,2024-11-18,48.54693132749529,51.77773450699973,53.91923133457994,51.4517691681844
Tron-o-matic 4 Pro,WashingtonDC_01,2024-11-19,32.73781137550211,34.98529442093935,37.53852593393651,34.99092331800033
Tron-o-matic 4 Pro,WashingtonDC_01,2024-11-20,52.87196138927041,55.600952192572706,57.81078378420499,55.53189633061741
Tron-o-matic 4 Pro,WashingtonDC_01,2024-11-21,32.38566789069574,34.57272859379909,36.67650059622476,34.55211922829132
Tron-o-matic 4 Pro,WashingtonDC_01,2024-11-22,31.477746131445343,34.05183805695024,36.56575271525596,34.105194216599685
Tron-o-matic 4 Pro,WashingtonDC_01,2024-11-23,31.947322207134494,34.48333883265387,37.530014195065384,34.54487226274044
Tron-o-matic 4 Pro,WashingtonDC_01,2024-11-24,31.726234253241746,34.03587534236843,36.75131670351276,34.19692483802221
Tron-o-matic 4 Pro,WashingtonDC_01,2024-11-25,51.58890179153014,53.610535748301395,55.86307043676884,53.7400595967596
Tron-o-matic 4 Pro,WashingtonDC_01,2024-11-26,31.7845210438141,34.3046811428438,36.295188362335196,34.32288757611594
Tron-o-matic 4 Pro,WashingtonDC_01,2024-11-27,32.32635080482075,34.55885776867978,37.41156892760809,34.624333894597775
Tron-o-matic 4 Pro,WashingtonDC_01,2024-11-28,32.30972473618528,34.816163765739255,37.11346125362287,34.75542883387006
Tron-o-matic 4 Pro,WashingtonDC_01,2024-11-29,53.31018398505281,55.95018574354798,58.28076756004977,55.943524949257046
Tron-o-matic 4 Pro,WashingtonDC_01,2024-11-30,32.43031153497678,34.842485791171875,37.89264555041506,34.812191029788735
Tron-o-matic 4 Pro,WashingtonDC_01,2024-12-01,32.16711569087834,34.38307620441656,37.59323167950358,34.50753839230959
Tron-o-matic 4 Pro,WashingtonDC_01,2024-12-02,32.40634911743517,34.842109831822135,37.350724823390216,34.847191166377314
Tron-o-matic 4 Pro,WashingtonDC_01,2024-12-03,38.36953952494088,40.94707386248248,43.4664675541632,40.99735457035958
Tron-o-matic 4 Pro,WashingtonDC_01,2024-12-04,32.67797615899042,34.85871221933387,37.003913109526515,34.82214897590983
Tron-o-matic 4 Pro,WashingtonDC_01,2024-12-05,32.655756484049306,35.144680809281624,37.4298039655192,35.05041444954311
Tron-o-matic 4 Pro,WashingtonDC_01,2024-12-06,31.702416554054548,34.658583166521765,36.728093975636966,34.48076231517346
Tron-o-matic 4 Pro,WashingtonDC_01,2024-12-07,42.890919005450485,45.04543353044442,47.1489886263308,44.97695832474817
Tron-o-matic 4 Pro,WashingtonDC_01,2024-12-08,37.60669325479481,40.61274161794749,43.04929758016901,40.476116448347604
Tron-o-matic 4 Pro,WashingtonDC_01,2024-12-09,50.937003435749965,53.909441014871064,55.87007001966701,53.547171266505366
Tron-o-matic 4 Pro,WashingtonDC_01,2024-12-10,32.60440176759996,35.29645452988977,37.49119047626356,35.20372064873113
Tron-o-matic 4 Pro,WashingtonDC_01,2024-12-11,32.399887987580314,34.91477987612819,37.83555696280524,35.07769807649256
Tron-o-matic 4 Pro,WashingtonDC_01,2024-12-12,48.242328870363835,51.242721326281725,53.498868521974266,50.86093835491909
Tron-o-matic 4 Pro,WashingtonDC_01,2024-12-13,32.434610085210025,34.921991617455575,37.445182509551444,34.90709557809939
Tron-o-matic 4 Pro,WashingtonDC_01,2024-12-14,38.15471401590048,40.47043925464072,43.38340891892224,40.47876045348694
Tron-o-matic 4 Pro,WashingtonDC_01,2024-12-15,32.3006493055054,34.70568970791161,37.76440038696642,34.97344189436057
Tron-o-matic 4 Pro,WashingtonDC_01,2024-12-16,32.645451108449336,34.748598153957026,37.37695462466547,34.896212375708814
Tron-o-matic 4 Pro,WashingtonDC_01,2024-12-17,32.515141699548344,35.297966399128356,37.16021483362547,34.96957853836642
Tron-o-matic 4 Pro,WashingtonDC_01,2024-12-18,32.735780270962216,34.69420528735051,36.91819823644903,34.777254835420464
Tron-o-matic 4 Pro,WashingtonDC_01,2024-12-19,35.60611666100684,38.508821206883376,40.39333683366257,38.14999263355381
Tron-o-matic 4 Pro,WashingtonDC_01,2024-12-20,32.056472638721864,34.77508895923034,37.27532543487194,34.79140008199502
Tron-o-matic 4 Pro,WashingtonDC_01,2024-12-21,48.106610825939825,50.77920557115713,52.85696705772311,50.57514146554614
Tron-o-matic 4 Pro,WashingtonDC_01,2024-12-22,31.784470033296554,34.72946473339068,36.55505963658648,34.46730316422224
Tron-o-matic 4 Pro,WashingtonDC_01,2024-12-23,35.73446474153491,38.19844270467688,40.74281547591515,38.33265433613666
Tron-o-matic 4 Pro,WashingtonDC_01,2024-12-24,32.32038270029721,34.94803496091772,36.93008180335913,34.87239747224155
Tron-o-matic 4 Pro,WashingtonDC_01,2024-12-25,32.11212393860435,34.53951391739557,37.117280350433624,34.722315418729956
Tron-o-matic 4 Pro,WashingtonDC_01,2024-12-26,49.2902848282029,51.831637787615236,54.30796059019799,51.793368232073654
Tron-o-matic 4 Pro,WashingtonDC_01,2024-12-27,47.36947442158108,49.78206475120919,51.66637686418989,49.62459815406849
Tron-o-matic 4 Pro,WashingtonDC_01,2024-12-28,32.90749447587935,35.11913535244228,37.59400142413042,35.115467142287415
Tron-o-matic 4 Pro,WashingtonDC_01,2024-12-29,50.533599392329684,52.89033260350056,55.54045398189312,52.92668585434936
Tron-o-matic 4 Pro,WashingtonDC_01,2024-12-30,42.01362980347038,44.051396028340115,46.51057169257358,44.168954621525266
Tron-o-matic 4 Pro,WashingtonDC_01,2024-12-31,37.36504312669158,40.5871696833198,42.80120383131338,40.30889617460852
Tron-o-matic 4,Houston_01,2024-10-01,113.6503039802534,124.27811397472614,131.44300377812988,123.37540980349007
Tron-o-matic 4,Houston_01,2024-10-02,146.09706095876865,154.08160117002467,161.57906259854343,153.38278198679848
Tron-o-matic 4,Houston_01,2024-10-03,115.88370399350416,123.85754362784394,132.82362294556307,124.01754345876407
Tron-o-matic 4,Houston_01,2024-10-04,183.78320685189337,192.4038078319405,200.96010170005178,192.8322997591201
Tron-o-matic 4,Houston_01,2024-10-05,147.6824551447211,158.9777454446444,166.91375061684852,157.68220564741085
Tron-o-matic 4,Houston_01,2024-10-06,114.58598704517631,122.89509717842195,132.54122809891012,123.06069826047096
Tron-o-matic 4,Houston_01,2024-10-07,114.46333212723917,124.70845575711434,131.08493607030985,123.53334312454817
Tron-o-matic 4,Houston_01,2024-10-08,112.33343022094198,123.60702727424196,133.87433271871632,123.40795549449584
Tron-o-matic 4,Houston_01,2024-10-09,188.00392806671593,196.8861052690042,206.19616574790743,197.26107980740457
Tron-o-matic 4,Houston_01,2024-10-10,113.00104691208753,120.94714038273827,130.06442398385366,121.58511831902291
Tron-o-matic 4,Houston_01,2024-10-11,112.82489002502646,120.71349505416731,130.3190284441225,121.68883996218003
Tron-o-matic 4,Houston_01,2024-10-12,142.56555397518468,149.45329060942328,160.4786495355532,150.51592296598372
Tron-o-matic 4,Houston_01,2024-10-13,113.55135813050532,122.18399131901678,134.34084151623762,123.15819092366202
Tron-o-matic 4,Houston_01,2024-10-14,140.24295812638636,148.65558890653116,156.50695266826193,148.490705163295
Tron-o-matic 4,Houston_01,2024-10-15,111.22488014371851,120.89822151964478,129.39283608162768,120.75194177066281
Tron-o-matic 4,Houston_01,2024-10-16,114.07156328578,122.28983761522315,132.3402338035667,122.70041450293657
Tron-o-matic 4,Houston_01,2024-10-17,138.70740926979042,148.39603819565238,158.29298626128843,147.98717676607498
Tron-o-matic 4,Houston_01,2024-10-18,111.87910194514491,122.69721629926546,129.52025177921087,121.48364941900329
Tron-o-matic 4,Houston_01,2024-10-19,138.16408309714808,147.46694154644373,158.38528503251422,148.17969655421
Tron-o-matic 4,Houston_01,2024-10-20,112.21777024874012,122.44550017861728,130.5879173151891,121.71682311135972
Tron-o-matic 4,Houston_01,2024-10-21,111.55765091753996,119.69112361005305,128.21811069183372,120.25196408272903
Tron-o-matic 4,Houston_01,2024-10-22,191.9931425879233,200.30726132838052,210.12392324345583,200.46690324890346
Tron-o-matic 4,Houston_01,2024-10-23,182.72868039577062,189.24527259879682,200.3666528378895,190.37192964743306
Tron-o-matic 4,Houston_01,2024-10-24,109.57663056384003,120.66759299316429,128.99102104018013,120.18735821113522
Tron-o-matic 4,Houston_01,2024-10-25,111.14111714481267,119.93066000317597,129.8908985527056,120.11794419807103
Tron-o-matic 4,Houston_01,2024-10-26,149.2510045244539,157.28352923266448,166.85998228841646,157.62222326810365
Tron-o-matic 4,Houston_01,2024-10-27,124.68849161896428,134.28376199837606,141.40521277881177,133.92318001465785
Tron-o-matic 4,Houston_01,2024-10-28,111.21310050644902,121.7782689832171,129.74029692277801,120.8815143358663
Tron-o-matic 4,Houston_01,2024-10-29,108.51183240683096,120.90870366289893,129.3326137983077,119.73362706445337
Tron-o-matic 4,Houston_01,2024-10-30,109.29849116671689,119.79551191355652,128.515674913661,119.28172264299889
Tron-o-matic 4,Houston_01,2024-10-31,141.50559176528486,150.06087019485435,158.74861152692992,150.22104111912907
Tron-o-matic 4,Houston_01,2024-11-01,109.80972724201945,118.10097940145059,125.49973658546426,118.03981339699659
Tron-o-matic 4,Houston_01,2024-11-02,127.16178704686185,137.15654912781582,148.36020322929812,137.1512168385824
Tron-o-matic 4,Houston_01,2024-11-03,182.5026820529161,191.26956272822056,200.66313368893674,191.42198091830534
Tron-o-matic 4,Houston_01,2024-11-04,108.69320311564289,117.7636875707159,126.20792366708915,117.57508995184848
Tron-o-matic 4,Houston_01,2024-11-05,107.01821457501651,116.66707876279706,126.83360236374091,116.38815789556546
Tron-o-matic 4,Houston_01,2024-11-06,184.1397694959264,192.8036629320815,202.93132401571555,192.5774480229965
Tron-o-matic 4,Houston_01,2024-11-07,159.88827309393548,168.87911050137623,179.2959430414961,169.3911398497668
Tron-o-matic 4,Houston_01,2024-11-08,104.87987919119229,115.91763854761051,121.87934875862888,114.31054786885228
Tron-o-matic 4,Houston_01,2024-11-09,106.92187419694912,115.52682985347444,123.310922060899,115.47239085761616
Tron-o-matic 4,Houston_01,2024-11-10,103.31212484646655,112.56208817947078,120.5753963999631,112.31422030415877
Tron-o-matic 4,Houston_01,2024-11-11,179.75317049569728,185.82929837582302,196.42906579379758,186.62719057260773
Tron-o-matic 4,Houston_01,2024-11-12,103.95985204366131,111.95483650933849,120.77069368287398,112.8287256152202
Tron-o-matic 4,Houston_01,2024-11-13,117.66963785081997,129.899717746381,139.56654320170122,129.6581462069895
Tron-o-matic 4,Houston_01,2024-11-14,103.38999609272719,110.95938193604664,121.50069645757334,111.96584493080958
Tron-o-matic 4,Houston_01,2024-11-15,101.07300192677148,110.81279929885278,120.384927095625,110.74379590015411
Tron-o-matic 4,Houston_01,2024-11-16,102.47282931729538,111.02653020965262,119.44508401137672,110.54741176760483
Tron-o-matic 4,Houston_01,2024-11-17,99.95253781529341,110.52427365176574,118.22879731876317,110.08746193870971
Tron-o-matic 4,Houston_01,2024-11-18,101.28368925999042,111.03929559269335,118.42512356931357,110.63977505518453
Tron-o-matic 4,Houston_01,2024-11-19,99.38453010516275,110.53240608495422,121.3843126074496,109.89168390354592
Tron-o-matic 4,Houston_01,2024-11-20,99.79446214462627,109.8029935192228,117.59103744333657,109.13119450330929
Tron-o-matic 4,Houston_01,2024-11-21,124.89901368434715,135.14210909377113,143.4839411893309,134.6472380954116
Tron-o-matic 4,Houston_01,2024-11-22,100.82305199243953,109.86806801738489,119.90791666805463,109.76895146553983
Tron-o-matic 4,Houston_01,2024-11-23,98.45933101785806,110.0308961312615,117.86787545195358,109.80460564701458
Tron-o-matic 4,Houston_01,2024-11-24,99.62015358624457,108.51546626573639,116.49927128604423,108.33563869963953
Tron-o-matic 4,Houston_01,2024-11-25,97.9833516213739,108.56465578143656,117.47038709047936,108.36234186631164
Tron-o-matic 4,Houston_01,2024-11-26,183.2775792445649,192.95787250412735,203.57635114536882,193.07116865255384
Tron-o-matic 4,Houston_01,2024-11-27,98.79937122528105,109.03978917916169,119.58963730660774,109.05087076343735
Tron-o-matic 4,Houston_01,2024-11-28,101.14524097001342,112.44723954116334,119.56882987222119,111.01646306741884
Tron-o-matic 4,Houston_01,2024-11-29,184.508773004252,194.86610838580418,205.13318845497187,194.92080679641236
Tron-o-matic 4,Houston_01,2024-11-30,100.67568116581968,110.8313924254231,120.67437539504988,110.83545639250165
Tron-o-matic 4,Houston_01,2024-12-01,128.0067785136741,139.9417375393963,147.83697053097836,138.99740575026206
Tron-o-matic 4,Houston_01,2024-12-02,102.29660581307579,112.1422376928785,120.29823157357428,111.83823710628285
Tron-o-matic 4,Houston_01,2024-12-03,125.56527374057913,134.16689809058647,142.10532773635268,133.5897147929665
Tron-o-matic 4,Houston_01,2024-12-04,101.8756004164618,111.94471919655187,119.25958045743708,111.18138963299288
Tron-o-matic 4,Houston_01,2024-12-05,103.66711295008713,113.8048697481275,123.3476185511095,112.98220356709876
Tron-o-matic 4,Houston_01,2024-12-06,102.3626282373128,109.76059222457188,117.12716694690917,109.93554968330683
Tron-o-matic 4,Houston_01,2024-12-07,102.325348071472,112.99742163471694,121.7281640942266,112.0974562466808
Tron-o-matic 4,Houston_01,2024-12-08,176.53007553254722,184.25163664491842,193.58632927135844,184.53386568130597
Tron-o-matic 4,Houston_01,2024-12-09,101.8606828667779,111.31656858808651,120.22037943910779,111.26271242375114
Tron-o-matic 4,Houston_01,2024-12-10,121.25241474811995,129.93082188059398,138.80646366982631,129.34874728253888
Tron-o-matic 4,Houston_01,2024-12-11,176.6595160075439,186.49849919761738,194.9822845860788,186.61751942374173
Tron-o-matic 4,Houston_01,2024-12-12,104.23108410953957,114.07252470837228,122.42373348612806,113.63472893116484
Tron-o-matic 4,Houston_01,2024-12-13,104.8677164229503,110.87809816464768,120.60819364331282,111.95268426691668
Tron-o-matic 4,Houston_01,2024-12-14,139.71383159494204,148.10486302648107,159.54270008841536,149.00574631705285
Tron-o-matic 4,Houston_01,2024-12-15,177.99719893123677,187.16359188965762,196.2160761994916,187.15996988098075
Tron-o-matic 4,Houston_01,2024-12-16,105.28266732581919,112.93570043819126,120.50836599476688,113.34487662182227
Tron-o-matic 4,Houston_01,2024-12-17,104.0245309186273,113.33895757688319,121.25327611958087,113.21793857899932
Tron-o-matic 4,Houston_01,2024-12-18,104.2768231699964,110.86086776102181,120.06627454134724,112.08528756006177
Tron-o-matic 4,Houston_01,2024-12-19,121.68640983184645,129.71905906848954,139.39063396707854,130.11313000616187
Tron-o-matic 4,Houston_01,2024-12-20,102.42824360463332,112.97428200217719,122.20888737949882,112.86270222708113
Tron-o-matic 4,Houston_01,2024-12-21,102.73732740841218,112.48465361028866,123.6505078251318,112.91610732199517
Tron-o-matic 4,Houston_01,2024-12-22,104.14041661449306,112.83078446180116,123.79367322771458,113.2389938275
Tron-o-matic 4,Houston_01,2024-12-23,105.1436136631185,113.42272912016554,124.15160358182537,113.14622641209698
Tron-o-matic 4,Houston_01,2024-12-24,105.2595611156821,112.04291280486578,123.55693691105182,113.13095710063415
Tron-o-matic 4,Houston_01,2024-12-25,105.87220495231685,113.09749891044112,123.94459298763978,113.81184333194884
Tron-o-matic 4,Houston_01,2024-12-26,142.04567505325812,151.56173481966312,159.72150620170106,150.90568677143168
Tron-o-matic 4,Houston_01,2024-12-27,104.40177693392432,112.1233835321015,121.73778087513651,112.32018273810574
Tron-o-matic 4,Houston_01,2024-12-28,106.72914835937493,113.89539401296715,126.39964478354307,114.62312166542424
Tron-o-matic 4,Houston_01,2024-12-29,142.80614310967067,150.11129809121272,159.6484280795119,150.2709641008885
Tron-o-matic 4,Houston_01,2024-12-30,182.65453578347334,191.9005905467946,201.18295341834906,191.5714095032438
Tron-o-matic 4,Houston_01,2024-12-31,131.24418861815877,141.32028907528982,150.51379866314207,141.03778723313565
Tron-o-matic 4,Philadelphia_01,2024-10-01,97.07607634583731,103.68663947397177,111.45692443130878,103.51330152708509
Tron-o-matic 4,Philadelphia_01,2024-10-02,120.10688210234187,127.19002195783696,133.11040564574648,126.81215345534942
Tron-o-matic 4,Philadelphia_01,2024-10-03,96.07059227827384,103.28237134824415,111.20807538698006,103.47603417967377
Tron-o-matic 4,Philadelphia_01,2024-10-04,154.88450056054015,161.07086193914802,168.25616816577013,161.15596366450168
Tron-o-matic 4,Philadelphia_01,2024-10-05,126.71326047500541,132.92317794488625,139.83361770761653,133.04754056729584
Tron-o-matic 4,Philadelphia_01,2024-10-06,96.47451096191985,103.88146935015146,111.24155809590316,104.21684915214477
Tron-o-matic 4,Philadelphia_01,2024-10-07,96.84561390984202,103.11834762020794,109.28490112824727,103.11365268344852
Tron-o-matic 4,Philadelphia_01,2024-10-08,95.25597912243597,103.3385396246646,109.33802194519173,102.65293314782048
Tron-o-matic 4,Philadelphia_01,2024-10-09,158.9437889676435,167.1152407509316,172.59654567255902,166.47101434500556
Tron-o-matic 4,Philadelphia_01,2024-10-10,97.19108467551044,102.86444510696917,110.72164587500384,103.15663093825347
Tron-o-matic 4,Philadelphia_01,2024-10-11,95.57024567614245,102.51998440432963,109.60112299643535,102.56659575489661
Tron-o-matic 4,Philadelphia_01,2024-10-12,119.58654878637853,125.45154310350846,134.60680091950314,125.94168256556662
Tron-o-matic 4,Philadelphia_01,2024-10-13,95.80320265534888,103.58027700737034,110.25662779180536,103.48665552810684
Tron-o-matic 4,Philadelphia_01,2024-10-14,116.90570672324692,124.19703618528757,130.77489603719837,123.9402603714477
Tron-o-matic 4,Philadelphia_01,2024-10-15,94.86436802912186,103.03554122843352,109.63029797289538,102.65527793255283
Tron-o-matic 4,Philadelphia_01,2024-10-16,92.84944560386806,100.13086666331098,108.60371416583818,100.83311267288629
Tron-o-matic 4,Philadelphia_01,2024-10-17,116.9643414151234,125.2804734302129,130.80643714642662,124.23606047068563
Tron-o-matic 4,Philadelphia_01,2024-10-18,94.37661224333459,101.28519507822158,108.68500558787592,101.69413512455678
Tron-o-matic 4,Philadelphia_01,2024-10-19,116.5053183460436,124.3028566507233,130.8626611056058,123.96830022401518
Tron-o-matic 4,Philadelphia_01,2024-10-20,94.36109619137464,102.36962388295558,108.96920592832042,102.21278798328541
Tron-o-matic 4,Philadelphia_01,2024-10-21,94.88962126643366,103.3832307841613,109.46831806217841,102.71705867747265
Tron-o-matic 4,Philadelphia_01,2024-10-22,158.59860266769783,167.86195930200174,176.4346176460348,167.6394135927823
Tron-o-matic 4,Philadelphia_01,2024-10-23,148.82667804485598,155.69292761275224,164.45669153450922,155.89168220295366
Tron-o-matic 4,Philadelphia_01,2024-10-24,94.53937078071536,100.69150886384112,106.6677445573118,100.63621952364326
Tron-o-matic 4,Philadelphia_01,2024-10-25,92.1488851396653,99.88378875490731,106.837357011028,99.77811573629852
Tron-o-matic 4,Philadelphia_01,2024-10-26,122.9410007208764,129.4982804350874,136.55178597410037,129.5367037124878
Tron-o-matic 4,Philadelphia_01,2024-10-27,102.9630643774426,110.71045785640386,117.21637004908614,110.13756062747343
Tron-o-matic 4,Philadelphia_01,2024-10-28,91.6368176246685,99.42023756445964,107.33894798895071,99.35179105447533
Tron-o-matic 4,Philadelphia_01,2024-10-29,90.3506736122074,98.57992999770046,105.84827474955856,98.23610373344495
Tron-o-matic 4,Philadelphia_01,2024-10-30,90.1616693910712,97.68310599530338,103.73917529703775,97.2156480649203
Tron-o-matic 4,Philadelphia_01,2024-10-31,116.56180755651536,123.89596082998821,133.1995918559685,124.16480787621911
Tron-o-matic 4,Philadelphia_01,2024-11-01,89.79930624147252,96.59726996009987,103.44210500169409,96.65251189895375
Tron-o-matic 4,Philadelphia_01,2024-11-02,103.54970605040792,114.11476485666223,119.8168765722004,112.8295066438054
Tron-o-matic 4,Philadelphia_01,2024-11-03,149.90049275788826,158.00478585410414,165.77077567710253,158.25460491612756
Tron-o-matic 4,Philadelphia_01,2024-11-04,89.58722614318307,97.23177664228247,104.29386354414345,96.56160816323666
Tron-o-matic 4,Philadelphia_01,2024-11-05,87.80428856665898,95.26895719207027,102.82690651533912,95.11708114029611
Tron-o-matic 4,Philadelphia_01,2024-11-06,151.80586464671828,159.81627668853255,165.2503640081857,159.6472403570038
Tron-o-matic 4,Philadelphia_01,2024-11-07,131.8987518867692,140.17030837310392,149.25603466188068,140.4879405067905
Tron-o-matic 4,Philadelphia_01,2024-11-08,87.14934019674591,94.08433993201494,101.39140498860966,94.36862626356925
Tron-o-matic 4,Philadelphia_01,2024-11-09,86.06685284830714,93.79268524257053,100.4486256786907,93.32147248314213
Tron-o-matic 4,Philadelphia_01,2024-11-10,86.897255328469,93.80092727339499,101.95969562785362,94.08154555160749
Tron-o-matic 4,Philadelphia_01,2024-11-11,147.01143534733106,154.53983993031434,164.18127283842034,154.88634569782909
Tron-o-matic 4,Philadelphia_01,2024-11-12,85.78757386651245,93.11611545785134,101.13269298818342,93.43152204238847
Tron-o-matic 4,Philadelphia_01,2024-11-13,100.7184622273846,108.11545025494665,113.96228960855562,107.6421848951714
Tron-o-matic 4,Philadelphia_01,2024-11-14,86.43421150571723,93.67664821541707,100.68940401260268,93.30534066536988
Tron-o-matic 4,Philadelphia_01,2024-11-15,82.96843731303309,90.68218010882524,97.20410444087895,91.14695472537466
Tron-o-matic 4,Philadelphia_01,2024-11-16,84.43148503582822,92.18674676207493,97.71133293619265,91.64627628269336
Tron-o-matic 4,Philadelphia_01,2024-11-17,83.55349534385137,92.48315147196494,100.04505845528479,92.32160127233128
Tron-o-matic 4,Philadelphia_01,2024-11-18,85.14274017022674,92.66331405073953,101.32273461439212,92.55747832080571
Tron-o-matic 4,Philadelphia_01,2024-11-19,86.10354797123583,91.87421392413773,98.42282432626946,91.7012344932161
Tron-o-matic 4,Philadelphia_01,2024-11-20,84.0265538014314,92.21521300587574,100.30739064956887,92.56459811648007
Tron-o-matic 4,Philadelphia_01,2024-11-21,105.66108842716788,114.18426386790014,120.506681095336,113.34437821259715
Tron-o-matic 4,Philadelphia_01,2024-11-22,83.54567912428794,91.80799448722198,99.98066690144059,91.38700146718305
Tron-o-matic 4,Philadelphia_01,2024-11-23,85.10226170152876,91.12218511820062,98.77270693993341,91.4867743304282
Tron-o-matic 4,Philadelphia_01,2024-11-24,85.17318113238804,91.82954815832379,98.5039520536072,91.7595193044923
Tron-o-matic 4,Philadelphia_01,2024-11-25,85.54777080300246,92.8268266167729,101.98494747412254,93.37613798863933
Tron-o-matic 4,Philadelphia_01,2024-11-26,154.92537081354385,160.30537049366106,168.4289938660758,161.0933717615368
Tron-o-matic 4,Philadelphia_01,2024-11-27,84.8228834543181,91.15656778237799,96.61082292584133,91.1317615564227
Tron-o-matic 4,Philadelphia_01,2024-11-28,81.78117574910094,91.56765427889428,100.76556041135191,91.30581132602516
Tron-o-matic 4,Philadelphia_01,2024-11-29,156.33957791101147,164.32204688493408,171.70738026746014,164.27066377921207
Tron-o-matic 4,Philadelphia_01,2024-11-30,84.23747698975436,90.27259372022404,98.29812137085804,90.91779758183363
Tron-o-matic 4,Philadelphia_01,2024-12-01,108.39110790533903,116.56563680305254,124.129159408404,116.30662172706577
Tron-o-matic 4,Philadelphia_01,2024-12-02,84.59522020197359,93.40582293949159,99.56906579844168,92.40434159688161
Tron-o-matic 4,Philadelphia_01,2024-12-03,104.05763210307849,112.86736223819064,119.52231220721164,112.17752867308849
Tron-o-matic 4,Philadelphia_01,2024-12-04,84.91183202886874,91.23809161376755,98.97095175614403,91.55312229733491
Tron-o-matic 4,Philadelphia_01,2024-12-05,82.17948972215206,91.17061874918831,99.03541261291063,90.82313101830678
Tron-o-matic 4,Philadelphia_01,2024-12-06,83.44306994183601,92.31673600157751,99.24502295404511,91.86651535349758
Tron-o-matic 4,Philadelphia_01,2024-12-07,86.6190554186398,92.42045705352335,100.42110227079749,92.84283193712825
Tron-o-matic 4,Philadelphia_01,2024-12-08,144.62235156236272,150.38882833356482,160.03126860954066,151.43490208835382
Tron-o-matic 4,Philadelphia_01,2024-12-09,85.13730775560036,94.14390520656139,100.83951600217151,93.4465031456629
Tron-o-matic 4,Philadelphia_01,2024-12-10,98.13673058119743,106.23249036916052,114.16981931283796,106.01627093730522
Tron-o-matic 4,Philadelphia_01,2024-12-11,147.84521486131266,155.6866113845134,161.3722982784744,155.06543587391644
Tron-o-matic 4,Philadelphia_01,2024-12-12,85.47954359082416,92.17601964780872,98.13625616106712,91.77254758364474
Tron-o-matic 4,Philadelphia_01,2024-12-13,85.38459166358919,92.25498396687121,98.43821204411253,92.16953291135614
Tron-o-matic 4,Philadelphia_01,2024-12-14,113.89377917524814,121.36325792585794,128.44971852257356,121.76131748720472
Tron-o-matic 4,Philadelphia_01,2024-12-15,146.5212528704732,154.30879847611365,163.1836529960987,154.36954788917217
Tron-o-matic 4,Philadelphia_01,2024-12-16,86.62464335847116,93.05605269541672,100.31432417692139,93.28737753478597
Tron-o-matic 4,Philadelphia_01,2024-12-17,83.76821146747328,92.59006654118278,99.64922594216814,91.9425114409973
Tron-o-matic 4,Philadelphia_01,2024-12-18,84.45755719439792,91.85737729513413,99.54620967575688,92.3978919446396
Tron-o-matic 4,Philadelphia_01,2024-12-19,98.08650265732413,105.54862804481522,113.35716710334943,105.46382747481117
Tron-o-matic 4,Philadelphia_01,2024-12-20,86.88593018661557,93.1782385084572,100.66055591629704,93.40536736839172
Tron-o-matic 4,Philadelphia_01,2024-12-21,85.15738808867353,93.43363891953715,100.09775347101123,93.25598793762194
Tron-o-matic 4,Philadelphia_01,2024-12-22,84.46391352090154,93.55140897590222,100.6252315136424,92.9881031274914
Tron-o-matic 4,Philadelphia_01,2024-12-23,84.56129714749272,91.98471697353874,99.88182994269037,92.44165074991803
Tron-o-matic 4,Philadelphia_01,2024-12-24,84.98938325557754,92.93237446738995,100.76071375051106,93.06143366061897
Tron-o-matic 4,Philadelphia_01,2024-12-25,84.50344634100284,92.64118478460563,98.24276308874397,91.98845031133487
Tron-o-matic 4,Philadelphia_01,2024-12-26,117.21770599908446,123.90840120773947,131.32632045686552,124.22899205534948
Tron-o-matic 4,Philadelphia_01,2024-12-27,85.23824559030366,94.21801783162468,101.66229934156797,93.41941352354213
Tron-o-matic 4,Philadelphia_01,2024-12-28,87.42432635290317,95.13676861858445,103.1604527054004,95.14558519201476
Tron-o-matic 4,Philadelphia_01,2024-12-29,116.30932358009599,125.34654227457443,132.62034819597073,124.87982735166662
Tron-o-matic 4,Philadelphia_01,2024-12-30,152.8122373911473,160.37079620426863,165.59724627778795,159.86200951515656
Tron-o-matic 4,Philadelphia_01,2024-12-31,107.99432094352812,116.2734207934137,124.24689282604385,116.1224563695238
Tron-o-matic 5 Pro,Atlanta_01,2024-10-01,41.79082835302791,45.42678483691619,49.667859836187276,45.55470143255167
Tron-o-matic 5 Pro,Atlanta_01,2024-10-02,63.56344831035794,66.19216420130311,69.2690344942757,66.25679733249568
Tron-o-matic 5 Pro,Atlanta_01,2024-10-03,41.390843737020205,44.61638604340652,47.92847893902819,44.66820573025805
Tron-o-matic 5 Pro,Atlanta_01,2024-10-04,48.55697698336069,51.93267349425188,55.72414413419887,52.16443078528784
Tron-o-matic 5 Pro,Atlanta_01,2024-10-05,41.71464451958461,44.96451549968111,48.23103358895085,44.86275533505541
Tron-o-matic 5 Pro,Atlanta_01,2024-10-06,65.27477866792964,69.27864835633497,72.73436054584631,69.00155004354909
Tron-o-matic 5 Pro,Atlanta_01,2024-10-07,42.298839538849,45.37552461113885,48.58576744182554,45.26210552305194
Tron-o-matic 5 Pro,Atlanta_01,2024-10-08,41.136266469108605,45.01466397184422,48.51416338896394,44.76001020888279
Tron-o-matic 5 Pro,Atlanta_01,2024-10-09,53.771575123678815,57.494521536630074,60.69987408779953,57.38067604733206
Tron-o-matic 5 Pro,Atlanta_01,2024-10-10,45.69183359945656,49.12216812515287,51.77416514537547,48.85758690501445
Tron-o-matic 5 Pro,Atlanta_01,2024-10-11,41.68761771664322,44.79193506706854,48.10144717932138,44.94553584601809
Tron-o-matic 5 Pro,Atlanta_01,2024-10-12,40.82945536627571,44.34991043218301,48.24833690803746,44.58388952537106
Tron-o-matic 5 Pro,Atlanta_01,2024-10-13,41.20509679935867,44.51725366061758,48.699689580759184,44.559279976199974
Tron-o-matic 5 Pro,Atlanta_01,2024-10-14,40.601709903226755,44.549485153397086,48.3415070547873,44.26439832555951
Tron-o-matic 5 Pro,Atlanta_01,2024-10-15,41.23905304641493,44.44134149014107,47.39855651812746,44.346256823299335
Tron-o-matic 5 Pro,Atlanta_01,2024-10-16,41.40421753102376,44.94237578514288,48.51621277760404,44.874714768260716
Tron-o-matic 5 Pro,Atlanta_01,2024-10-17,41.23345325287786,44.05043488875229,47.729029243930235,44.254105806920414
Tron-o-matic 5 Pro,Atlanta_01,2024-10-18,41.336092594682334,44.592748138990416,48.03963672185288,44.57709677924553
Tron-o-matic 5 Pro,Atlanta_01,2024-10-19,40.8236641908567,44.36311239809551,46.957994977287996,44.20169058783268
Tron-o-matic 5 Pro,Atlanta_01,2024-10-20,41.40222016670245,44.47817014322444,47.5842509748082,44.45840237801378
Tron-o-matic 5 Pro,Atlanta_01,2024-10-21,41.349580778766104,43.99121172888015,46.479481466078916,43.96314467150614
Tron-o-matic 5 Pro,Atlanta_01,2024-10-22,40.526688814257525,43.96142926606244,47.224602937923905,43.8796973026967
Tron-o-matic 5 Pro,Atlanta_01,2024-10-23,40.25446284020354,44.219838198025364,47.35125441770341,44.06791665586582
Tron-o-matic 5 Pro,Atlanta_01,2024-10-24,39.93063665768945,43.30726066879029,47.09876793961025,43.595690022378555
Tron-o-matic 5 Pro,Atlanta_01,2024-10-25,40.907886472254084,43.968594607005755,47.12897620739477,43.77578352543995
Tron-o-matic 5 Pro,Atlanta_01,2024-10-26,39.87950430751694,43.46435015405355,47.06718632385809,43.43019285310424
Tron-o-matic 5 Pro,Atlanta_01,2024-10-27,40.28478656490136,43.4278270989659,46.147935002980084,43.21678147799022
Tron-o-matic 5 Pro,Atlanta_01,2024-10-28,51.88427390324054,55.768305554345716,58.72762075093421,55.563430702473255
Tron-o-matic 5 Pro,Atlanta_01,2024-10-29,39.717843034492894,43.310342592085014,46.51947391902142,43.16309356564767
Tron-o-matic 5 Pro,Atlanta_01,2024-10-30,40.55508503932806,43.67323251379129,46.842853501658624,43.41372130819397
Tron-o-matic 5 Pro,Atlanta_01,2024-10-31,38.450080979305184,42.76909591479348,46.864345251170356,42.60129630434257
Tron-o-matic 5 Pro,Atlanta_01,2024-11-01,71.16624756329057,74.55421913370132,77.93355989892626,74.60316532126846
Tron-o-matic 5 Pro,Atlanta_01,2024-11-02,39.36722195401422,42.21788003989036,46.29325777839791,42.458487805429115
Tron-o-matic 5 Pro,Atlanta_01,2024-11-03,46.21396047398561,49.05615043739318,53.11797372267605,49.32408221254646
Tron-o-matic 5 Pro,Atlanta_01,2024-11-04,59.35734244113981,62.4031960035067,65.320754230438,62.47712491637134
Tron-o-matic 5 Pro,Atlanta_01,2024-11-05,48.02414366690304,50.78437669910748,53.729375088879486,50.75445683409541
Tron-o-matic 5 Pro,Atlanta_01,2024-11-06,52.450018082072184,55.87374984629383,58.90253616423015,55.59715466106902
Tron-o-matic 5 Pro,Atlanta_01,2024-11-07,66.23844785895052,69.90525329911857,73.05864069227007,69.75652873745726
Tron-o-matic 5 Pro,Atlanta_01,2024-11-08,38.25009812953721,42.00958826797705,45.920324592195236,41.96866042512174
Tron-o-matic 5 Pro,Atlanta_01,2024-11-09,45.75502227918369,48.409056580621076,52.35560326824338,48.785958438501375
Tron-o-matic 5 Pro,Atlanta_01,2024-11-10,45.37987376614168,49.00085692992062,52.86290704433648,48.93370292327717
Tron-o-matic 5 Pro,Atlanta_01,2024-11-11,37.33156379672726,41.34370904787938,44.830725287136076,41.0262456599159
Tron-o-matic 5 Pro,Atlanta_01,2024-11-12,37.49647026828714,40.680983022142456,43.60891201397148,40.66946865580244
Tron-o-matic 5 Pro,Atlanta_01,2024-11-13,37.140769796256,40.739888092118946,44.3888371394875,40.91584048444615
Tron-o-matic 5 Pro,Atlanta_01,2024-11-14,36.877450234770976,40.26633813556334,43.10627372532612,40.05214480261604
Tron-o-matic 5 Pro,Atlanta_01,2024-11-15,37.563881818091616,41.08363669723634,44.44784499659206,41.296438918134264
Tron-o-matic 5 Pro,Atlanta_01,2024-11-16,65.85012092621845,69.26217847085687,72.6842365425307,69.25219771510957
Tron-o-matic 5 Pro,Atlanta_01,2024-11-17,36.56477941765645,40.41266463329732,43.35558691667826,40.26468400573891
Tron-o-matic 5 Pro,Atlanta_01,2024-11-18,37.07607138597576,40.478608646457836,44.437804518014744,40.50383076799514
Tron-o-matic 5 Pro,Atlanta_01,2024-11-19,36.02517273964696,40.03564113467778,43.13070518434679,40.06263410066194
Tron-o-matic 5 Pro,Atlanta_01,2024-11-20,59.275371223209106,63.109927420067095,66.80173519643836,63.01891408725877
Tron-o-matic 5 Pro,Atlanta_01,2024-11-21,36.4583220077213,40.40117242952603,43.482099122549016,40.24649823292975
Tron-o-matic 5 Pro,Atlanta_01,2024-11-22,38.12744015502932,40.51993529478348,43.342922129483654,40.67466171582294
Tron-o-matic 5 Pro,Atlanta_01,2024-11-23,45.24213725529626,48.31006578431652,52.16276810840201,48.53697211453733
Tron-o-matic 5 Pro,Atlanta_01,2024-11-24,64.53326218386584,67.72334556389048,70.60946319775383,67.59308556743669
Tron-o-matic 5 Pro,Atlanta_01,2024-11-25,36.858031732183846,41.22785401708649,44.566943909010334,40.89801433865081
Tron-o-matic 5 Pro,Atlanta_01,2024-11-26,36.9207445707977,40.097248766151814,43.01796105205848,40.221579469200535
Tron-o-matic 5 Pro,Atlanta_01,2024-11-27,67.5289077000361,70.31082915114108,73.70977855326706,70.46162760747784
Tron-o-matic 5 Pro,Atlanta_01,2024-11-28,37.42509220406762,40.45197072505794,43.913188350020015,40.361873204994744
Tron-o-matic 5 Pro,Atlanta_01,2024-11-29,68.6823561306375,72.30182417376105,76.0281840751609,72.28512032451134
Tron-o-matic 5 Pro,Atlanta_01,2024-11-30,37.03169999273263,40.19492521169461,44.17964735143829,40.38911772727298
Tron-o-matic 5 Pro,Atlanta_01,2024-12-01,48.18269992700159,51.66520913120319,54.41833331686903,51.4722614951863
Tron-o-matic 5 Pro,Atlanta_01,2024-12-02,37.190581192560124,41.24289815043721,44.37684568428501,40.986841090393334
Tron-o-matic 5 Pro,Atlanta_01,2024-12-03,37.48671565943816,41.09067348057377,44.19187948732698,41.1023772211881
Tron-o-matic 5 Pro,Atlanta_01,2024-12-04,37.769075858002466,41.29824586065422,44.55673676998773,41.277044610506245
Tron-o-matic 5 Pro,Atlanta_01,2024-12-05,38.124188446239735,41.13481591876485,43.930195171150956,41.10498519081927
Tron-o-matic 5 Pro,Atlanta_01,2024-12-06,63.08825141926049,66.2179188317057,69.94830453999316,66.28900395597626
Tron-o-matic 5 Pro,Atlanta_01,2024-12-07,37.68141784478057,41.384873515046046,44.817386074423794,41.33310624030047
Tron-o-matic 5 Pro,Atlanta_01,2024-12-08,38.10610564393228,41.573200235927,45.01685987099373,41.46106264777037
Tron-o-matic 5 Pro,Atlanta_01,2024-12-09,38.02221008636434,41.46957491620959,44.37789489405599,41.30993818770075
Tron-o-matic 5 Pro,Atlanta_01,2024-12-10,37.746244758910514,41.115303581347305,45.06822327042552,41.16934883288439
Tron-o-matic 5 Pro,Atlanta_01,2024-12-11,38.13213946656933,41.18713026405885,45.021421053812354,41.307145109018954
Tron-o-matic 5 Pro,Atlanta_01,2024-12-12,37.112342100200024,41.16549888159254,44.49742769897449,41.10171457455427
Tron-o-matic 5 Pro,Atlanta_01,2024-12-13,50.33848678468269,53.59142757971674,56.89831802182966,53.631853228330954
Tron-o-matic 5 Pro,Atlanta_01,2024-12-14,38.1880053231624,41.638243005569564,44.76304451228222,41.402022596120126
Tron-o-matic 5 Pro,Atlanta_01,2024-12-15,38.339507698903375,41.24732114626184,44.598925404365204,41.17192599137126
Tron-o-matic 5 Pro,Atlanta_01,2024-12-16,43.97998343617729,47.45806449015852,50.61016148258192,47.378454742271146
Tron-o-matic 5 Pro,Atlanta_01,2024-12-17,37.58702017356435,40.921350663614255,44.00191203441291,40.794069187728816
Tron-o-matic 5 Pro,Atlanta_01,2024-12-18,37.562007274047694,41.20848719753913,45.00977020537111,41.28242653074216
Tron-o-matic 5 Pro,Atlanta_01,2024-12-19,46.66343030210578,49.98974355143013,53.86564790717297,50.14972911102927
Tron-o-matic 5 Pro,Atlanta_01,2024-12-20,37.23722073754361,41.240572357869745,44.69421745786073,41.138480016682564
Tron-o-matic 5 Pro,Atlanta_01,2024-12-21,44.979014356351136,47.98864153649959,51.134873673582305,47.89089614558118
Tron-o-matic 5 Pro,Atlanta_01,2024-12-22,45.461902126017186,48.41122749006919,50.786192636652,48.34440859290864
Tron-o-matic 5 Pro,Atlanta_01,2024-12-23,47.48440416952737,51.43084275389273,55.04855344896264,51.34742073532844
Tron-o-matic 5 Pro,Atlanta_01,2024-12-24,46.946831440238356,49.897793390117286,52.75529236537733,49.93716885948616
Tron-o-matic 5 Pro,Atlanta_01,2024-12-25,43.7010044303976,47.05201575289973,50.544379641756024,47.17617790937168
Tron-o-matic 5 Pro,Atlanta_01,2024-12-26,36.741404958912916,40.60009644855331,43.68728154235805,40.483624277977206
Tron-o-matic 5 Pro,Atlanta_01,2024-12-27,61.19338423870836,64.50416294044292,68.3698612527526,64.69570775817532
Tron-o-matic 5 Pro,Atlanta_01,2024-12-28,37.3760215161635,41.03523815086001,43.70636503152612,40.77158751728112
Tron-o-matic 5 Pro,Atlanta_01,2024-12-29,37.78210378803593,41.17029269316912,44.57056658768639,41.17132410735296
Tron-o-matic 5 Pro,Atlanta_01,2024-12-30,69.03798111188988,72.59163974558642,75.61318415080125,72.47481902743073
Tron-o-matic 5 Pro,Atlanta_01,2024-12-31,38.06951466177735,41.218338615352046,44.693447922123255,41.33301717918419
Tron-o-matic 4,WashingtonDC_01,2024-10-01,96.20486909021987,105.36825461736477,111.59212884692381,104.52373988495474
Tron-o-matic 4,WashingtonDC_01,2024-10-02,120.05556857391089,128.75771107045213,134.4464715462526,128.1478414844572
Tron-o-matic 4,WashingtonDC_01,2024-10-03,96.91701875961942,104.12255821809454,114.10543387479919,104.39308670864959
Tron-o-matic 4,WashingtonDC_01,2024-10-04,156.32767622035564,163.19819257693547,168.68010518820344,162.94871311297157
Tron-o-matic 4,WashingtonDC_01,2024-10-05,126.0962620447024,134.10160421992123,141.27498905174923,133.82203459072264
Tron-o-matic 4,WashingtonDC_01,2024-10-06,97.81366895049403,104.52361761225981,111.88460015896094,104.86552744788469
Tron-o-matic 4,WashingtonDC_01,2024-10-07,97.51157424962548,105.43006468837604,114.54448402293245,105.83404876160832
Tron-o-matic 4,WashingtonDC_01,2024-10-08,96.77381572606029,104.39309552530275,111.35226503313862,104.17457137498708
Tron-o-matic 4,WashingtonDC_01,2024-10-09,160.22792974443976,166.78662783598628,173.67765628537003,166.55764423381802
Tron-o-matic 4,WashingtonDC_01,2024-10-10,96.36243952930299,104.36301845908477,111.54277122714726,104.2130320556714
Tron-o-matic 4,WashingtonDC_01,2024-10-11,94.9217879758301,103.73307982786132,112.0660416556347,103.12208109122491
Tron-o-matic 4,WashingtonDC_01,2024-10-12,119.32817290190508,127.4981950863052,134.44741448829325,127.1646898200445
Tron-o-matic 4,WashingtonDC_01,2024-10-13,96.33746810808887,103.28486049853468,110.78488492952216,103.40527932035013
Tron-o-matic 4,WashingtonDC_01,2024-10-14,117.4458784036715,124.2363650278614,132.61917506065012,124.2767315550822
Tron-o-matic 4,WashingtonDC_01,2024-10-15,94.70373185709157,102.35303370584948,109.3197322286511,102.53004568493989
Tron-o-matic 4,WashingtonDC_01,2024-10-16,95.03534815195022,103.01822925680392,111.30460144173918,102.82004884929106
Tron-o-matic 4,WashingtonDC_01,2024-10-17,115.28972520226624,123.06397225767624,130.92859636469217,123.09391336859616
Tron-o-matic 4,WashingtonDC_01,2024-10-18,95.51852004173044,102.066822016532,108.50169452087712,102.01401172548151
Tron-o-matic 4,WashingtonDC_01,2024-10-19,118.32949805444622,126.64008548537198,132.53601896711754,125.98089463943444
Tron-o-matic 4,WashingtonDC_01,2024-10-20,93.59012769204165,101.14649017931835,109.34810091427394,101.27005258672084
Tron-o-matic 4,WashingtonDC_01,2024-10-21,95.15109911259061,101.41340891078373,110.216793185721,102.11592247782588
Tron-o-matic 4,WashingtonDC_01,2024-10-22,158.24189283723274,167.27592384571278,172.5697340171275,166.6808669710643
Tron-o-matic 4,WashingtonDC_01,2024-10-23,150.82245018592906,159.24597895426035,166.31514168378328,158.7012532217059
Tron-o-matic 4,WashingtonDC_01,2024-10-24,93.07143525004255,101.32466924839282,106.91744366410906,100.46038907556327
Tron-o-matic 4,WashingtonDC_01,2024-10-25,91.6994926357852,100.50961261548298,107.87936974612545,100.05711332239969
Tron-o-matic 4,WashingtonDC_01,2024-10-26,123.26384748440842,129.62792284907658,137.84647648232527,129.89380165334333
Tron-o-matic 4,WashingtonDC_01,2024-10-27,103.01496642356436,111.03393324275538,118.6941687341813,110.74445644633495
Tron-o-matic 4,WashingtonDC_01,2024-10-28,93.22867312287563,101.83987231855338,108.08571609176118,101.04328294693948
Tron-o-matic 4,WashingtonDC_01,2024-10-29,93.34903934746717,99.89993901697132,106.52362101524467,99.61552490061129
Tron-o-matic 4,WashingtonDC_01,2024-10-30,91.86495101605097,99.66497122549343,106.84794211422798,99.54818280513908
Tron-o-matic 4,WashingtonDC_01,2024-10-31,117.47768403458691,125.72788467323045,133.11217363731765,125.72831814775742
Tron-o-matic 4,WashingtonDC_01,2024-11-01,91.56289336215296,99.81407835688734,106.32136126216596,99.51086086430871
Tron-o-matic 4,WashingtonDC_01,2024-11-02,108.16554770932684,114.11958936797505,120.21030530030924,114.00347378213448
Tron-o-matic 4,WashingtonDC_01,2024-11-03,153.52432968910264,160.78013879917245,168.1418039132265,160.53494165376466
Tron-o-matic 4,WashingtonDC_01,2024-11-04,91.23742676803171,98.18849804990454,105.10880777627746,98.42501823738276
Tron-o-matic 4,WashingtonDC_01,2024-11-05,88.79255247209431,98.03695142704517,104.97715806468291,96.99759936881048
Tron-o-matic 4,WashingtonDC_01,2024-11-06,154.7383894051543,163.64053477181264,171.15911436281607,163.43221552267815
Tron-o-matic 4,WashingtonDC_01,2024-11-07,136.6959180637482,143.10573608768962,150.7428588474979,143.0972625172045
Tron-o-matic 4,WashingtonDC_01,2024-11-08,87.12295251021933,95.42276799409584,102.0493009119477,95.008856358722
Tron-o-matic 4,WashingtonDC_01,2024-11-09,87.15315377878751,96.77642579396719,103.52965835528546,95.58625762038648
Tron-o-matic 4,WashingtonDC_01,2024-11-10,87.07695966274845,94.84643153188637,102.94163938066811,94.68180983211214
Tron-o-matic 4,WashingtonDC_01,2024-11-11,149.95038174260304,157.0768029532326,164.4706514107587,157.20087519710688
Tron-o-matic 4,WashingtonDC_01,2024-11-12,88.73066804209604,95.10902342148638,101.02155190596514,95.13388312125295
Tron-o-matic 4,WashingtonDC_01,2024-11-13,103.28265137520337,110.509395436457,116.44218805060456,109.8656510740786
Tron-o-matic 4,WashingtonDC_01,2024-11-14,86.9863436829209,93.88626314229556,101.1271092948776,93.71291500230875
Tron-o-matic 4,WashingtonDC_01,2024-11-15,86.77609800030879,93.85486526255521,101.74521416763159,94.11219527297006
Tron-o-matic 4,WashingtonDC_01,2024-11-16,85.97999082786417,94.61417150752662,103.21666253383974,94.21424279340422
Tron-o-matic 4,WashingtonDC_01,2024-11-17,86.78519300853534,93.58178679605457,101.24098929097025,93.45670975622507
Tron-o-matic 4,WashingtonDC_01,2024-11-18,84.94357836297698,94.58176113622899,101.93779827511565,93.63438650366501
Tron-o-matic 4,WashingtonDC_01,2024-11-19,85.7260853768314,92.90601810257938,101.52080954055134,92.76530472805689
Tron-o-matic 4,WashingtonDC_01,2024-11-20,83.04239397350284,91.63672021554464,100.3021015013471,91.46311110691282
Tron-o-matic 4,WashingtonDC_01,2024-11-21,104.11746251849038,111.96780582353406,120.06420467422453,111.87196084877216
Tron-o-matic 4,WashingtonDC_01,2024-11-22,84.32623192901525,91.7075355444224,98.5029289564988,91.34300361178514
Tron-o-matic 4,WashingtonDC_01,2024-11-23,84.50264259298953,91.50607032049608,101.08552739671322,91.86099501699937
Tron-o-matic 4,WashingtonDC_01,2024-11-24,84.50031360876787,91.99728445891792,98.76818649168821,91.61752363824564
Tron-o-matic 4,WashingtonDC_01,2024-11-25,84.8106444627542,93.50858773372074,100.3168040496412,92.37696276012706
Tron-o-matic 4,WashingtonDC_01,2024-11-26,154.8147059826914,161.1762862809315,169.72570382015255,161.73637299228704
Tron-o-matic 4,WashingtonDC_01,2024-11-27,85.53267434850534,91.37430666222377,99.89196268015627,91.868783411652
Tron-o-matic 4,WashingtonDC_01,2024-11-28,82.02349186634733,90.27391747001509,98.0910839212234,90.0554714413741
Tron-o-matic 4,WashingtonDC_01,2024-11-29,157.31220266511556,165.96566343652154,173.86088885375463,165.12227014630696
Tron-o-matic 4,WashingtonDC_01,2024-11-30,84.0777979778464,92.17076324655407,99.85150421665368,92.13735514151314
Tron-o-matic 4,WashingtonDC_01,2024-12-01,110.84787363558299,116.26119299248587,123.48830431874904,116.77871856234496
Tron-o-matic 4,WashingtonDC_01,2024-12-02,84.43304304747555,92.54206915277403,101.12366732958739,92.6883906295564
Tron-o-matic 4,WashingtonDC_01,2024-12-03,103.78572165785053,112.61807580799058,120.08339939674973,112.08225545851923
Tron-o-matic 4,WashingtonDC_01,2024-12-04,86.61794927118855,93.78316637885581,100.33765641029328,93.8516104023884
Tron-o-matic 4,WashingtonDC_01,2024-12-05,83.89010511423845,91.69938479918353,99.10795463569578,91.3524077069339
Tron-o-matic 4,WashingtonDC_01,2024-12-06,83.2834819070769,92.08578887525701,100.26215985963753,92.12746224698495
Tron-o-matic 4,WashingtonDC_01,2024-12-07,85.76731954605395,94.93775707030224,101.97265701861734,94.25508644402662
Tron-o-matic 4,WashingtonDC_01,2024-12-08,145.76137978611376,153.1794338882154,161.22195818541047,153.39638809729064
Tron-o-matic 4,WashingtonDC_01,2024-12-09,87.11447641869869,94.95023649979376,101.3424449387231,94.58925448883856
Tron-o-matic 4,WashingtonDC_01,2024-12-10,99.87885891773401,107.22847429227242,114.38345927267038,107.20740403101367
Tron-o-matic 4,WashingtonDC_01,2024-12-11,149.07658400621264,157.39064996435195,164.2605232084298,157.1286978767786
Tron-o-matic 4,WashingtonDC_01,2024-12-12,85.4218991290761,94.19505963068774,101.3719220666402,93.57069698226918
Tron-o-matic 4,WashingtonDC_01,2024-12-13,87.33186953968516,95.05779869557941,100.96526416039056,94.385669331785
Tron-o-matic 4,WashingtonDC_01,2024-12-14,116.69111839813671,124.599457042862,132.57840354153174,124.35301785784098
Tron-o-matic 4,WashingtonDC_01,2024-12-15,149.1363450969319,157.067745505858,165.71704277096288,157.37883008917004
Tron-o-matic 4,WashingtonDC_01,2024-12-16,89.44822375040111,95.31422211983566,103.27161593098256,96.01781500265417
Tron-o-matic 4,WashingtonDC_01,2024-12-17,86.41323508022502,94.4433615877655,103.48429522794618,94.7049588967886
Tron-o-matic 4,WashingtonDC_01,2024-12-18,87.4497856614807,94.27640050606905,101.1656524007474,94.7656137386398
Tron-o-matic 4,WashingtonDC_01,2024-12-19,99.25447806241566,107.55150196711001,115.06339760565912,107.44791187766288
Tron-o-matic 4,WashingtonDC_01,2024-12-20,85.84687899236543,93.30774199968378,101.70986851206247,93.80456988248184
Tron-o-matic 4,WashingtonDC_01,2024-12-21,84.42150470385603,92.9985923394913,99.37064369966131,92.97018355643871
Tron-o-matic 4,WashingtonDC_01,2024-12-22,85.8272167932695,94.13213746026712,100.61512605303035,93.30479172004648
Tron-o-matic 4,WashingtonDC_01,2024-12-23,88.34103018676184,96.43054640951935,102.19422124950424,95.43756585103814
Tron-o-matic 4,WashingtonDC_01,2024-12-24,85.21488999305728,94.07014237623486,102.64839352734464,94.22086915886493
Tron-o-matic 4,WashingtonDC_01,2024-12-25,87.55971177901122,96.16056369659455,103.17900616799932,95.46972847414621
Tron-o-matic 4,WashingtonDC_01,2024-12-26,118.2099200176256,124.74180166842915,132.3320531960348,125.11680692041824
Tron-o-matic 4,WashingtonDC_01,2024-12-27,87.8099273219793,95.37180191440073,102.5050277270589,95.28224476051477
Tron-o-matic 4,WashingtonDC_01,2024-12-28,90.5482459781292,96.94790445916755,102.83709557912368,96.49133540725273
Tron-o-matic 4,WashingtonDC_01,2024-12-29,118.30576337361092,126.52166658852379,133.82035353339944,126.16888761548049
Tron-o-matic 4,WashingtonDC_01,2024-12-30,154.12280193714665,161.1982860760961,168.36243650750657,160.99731033881267
Tron-o-matic 4,WashingtonDC_01,2024-12-31,110.37766100271172,116.54024862133947,124.63974968095279,116.53864027750978
Tron-o-matic 5 Pro,Dallas_01,2024-10-01,53.78980667115576,58.769737829202676,61.82248391082098,58.00261961615548
Tron-o-matic 5 Pro,Dallas_01,2024-10-02,81.70980006022333,85.64276290644199,89.66807406248509,85.61693355138574
Tron-o-matic 5 Pro,Dallas_01,2024-10-03,53.17956978417341,57.910207203130206,61.568488318694506,57.46230965584849
Tron-o-matic 5 Pro,Dallas_01,2024-10-04,62.75622442749121,66.72861070555835,71.01748307955827,66.76953991944016
Tron-o-matic 5 Pro,Dallas_01,2024-10-05,52.84119032501038,57.43821064499728,61.7416903312092,57.597700821012864
Tron-o-matic 5 Pro,Dallas_01,2024-10-06,83.77809958244111,87.37339808015247,91.8095763527948,87.4796606464503
Tron-o-matic 5 Pro,Dallas_01,2024-10-07,53.87352732094383,58.03358682810579,61.75034221728873,57.93652659460462
Tron-o-matic 5 Pro,Dallas_01,2024-10-08,52.88080344665816,57.07978491042679,61.48630704429622,57.10569557772613
Tron-o-matic 5 Pro,Dallas_01,2024-10-09,69.84862677970786,74.32879857686257,78.98962283457702,74.49237500646747
Tron-o-matic 5 Pro,Dallas_01,2024-10-10,58.67276354869355,64.1091866871402,68.43209550116491,63.522163430630606
Tron-o-matic 5 Pro,Dallas_01,2024-10-11,53.854144660278294,58.45158429757399,61.08596346894002,57.753020196557635
Tron-o-matic 5 Pro,Dallas_01,2024-10-12,52.94976072825962,57.53918724503263,61.23479901334891,57.30207571959825
Tron-o-matic 5 Pro,Dallas_01,2024-10-13,53.13406347529604,57.234283108861284,62.24242153458796,57.54048915917381
Tron-o-matic 5 Pro,Dallas_01,2024-10-14,53.347293606895306,57.28319448798571,63.32660143721199,57.73069423356455
Tron-o-matic 5 Pro,Dallas_01,2024-10-15,53.60472096663352,57.68348619970913,61.79446762426091,57.73129122357447
Tron-o-matic 5 Pro,Dallas_01,2024-10-16,52.0223386193139,57.39933245017454,62.86115006008183,57.64461388583052
Tron-o-matic 5 Pro,Dallas_01,2024-10-17,52.810911242399925,56.31850955016792,60.38140395493124,56.496756538367165
Tron-o-matic 5 Pro,Dallas_01,2024-10-18,51.00159363473562,56.53195897218996,61.339135476297265,56.68964385128208
Tron-o-matic 5 Pro,Dallas_01,2024-10-19,53.16722435892325,56.76623147661734,61.0968449886738,57.18392635558306
Tron-o-matic 5 Pro,Dallas_01,2024-10-20,52.29407016030751,56.89333053003806,60.61045140130138,56.87861211375126
Tron-o-matic 5 Pro,Dallas_01,2024-10-21,52.344403451365004,57.430930591693276,62.004720993431306,57.16922099118902
Tron-o-matic 5 Pro,Dallas_01,2024-10-22,51.865030702223685,56.899220056059114,60.99877212822302,56.76994984147704
Tron-o-matic 5 Pro,Dallas_01,2024-10-23,52.0939280244683,56.110199135310125,60.76254232459529,56.10593803876999
Tron-o-matic 5 Pro,Dallas_01,2024-10-24,52.25211194216118,56.46610865355898,60.79334855385728,56.338873730182144
Tron-o-matic 5 Pro,Dallas_01,2024-10-25,52.95923960264568,56.78566836199113,61.13015183596124,56.82479584777341
Tron-o-matic 5 Pro,Dallas_01,2024-10-26,51.96549285486963,55.93218393944812,59.46568438016534,55.842649859625
Tron-o-matic 5 Pro,Dallas_01,2024-10-27,51.21187301081773,55.30749474821538,60.2401411046636,55.390944998943276
Tron-o-matic 5 Pro,Dallas_01,2024-10-28,66.31723983248658,71.80870785038034,76.51998885336596,71.81492390604124
Tron-o-matic 5 Pro,Dallas_01,2024-10-29,50.847603459500135,54.92351924036746,59.622283699518114,55.22573652929847
Tron-o-matic 5 Pro,Dallas_01,2024-10-30,51.86317050708289,55.473786730192145,59.964135996428,55.64294261478027
Tron-o-matic 5 Pro,Dallas_01,2024-10-31,50.656528204408595,55.06165627472982,59.946996885826685,54.96058486043846
Tron-o-matic 5 Pro,Dallas_01,2024-11-01,89.78230570019717,94.45069260260833,99.02901960993452,94.70946252779473
Tron-o-matic 5 Pro,Dallas_01,2024-11-02,49.221132218755834,53.45072139706171,58.470259099901476,53.698794388184666
Tron-o-matic 5 Pro,Dallas_01,2024-11-03,57.70784155450018,62.23702451989771,65.47889124038382,61.99675879174379
Tron-o-matic 5 Pro,Dallas_01,2024-11-04,75.3650255613914,79.6594176690825,85.39004206482787,79.94504670469772
Tron-o-matic 5 Pro,Dallas_01,2024-11-05,61.04560290890873,64.2705610798068,68.74751371024351,64.64968725383446
Tron-o-matic 5 Pro,Dallas_01,2024-11-06,66.11433982723464,71.54998181470944,75.71670992680836,71.18077051140544
Tron-o-matic 5 Pro,Dallas_01,2024-11-07,86.05241017821288,89.9457939222466,93.54568352891975,89.42473987148048
Tron-o-matic 5 Pro,Dallas_01,2024-11-08,47.40521261426976,52.96986146539202,56.722251053256365,52.667408709134726
Tron-o-matic 5 Pro,Dallas_01,2024-11-09,58.284218309912546,62.26299546282846,66.9512396833579,62.29076773247792
Tron-o-matic 5 Pro,Dallas_01,2024-11-10,57.62071369671411,61.628133896001536,65.61324818831076,61.730146414216094
Tron-o-matic 5 Pro,Dallas_01,2024-11-11,48.59546375005501,52.692879838152315,57.12747254397718,52.57481568145313
Tron-o-matic 5 Pro,Dallas_01,2024-11-12,47.82747245888032,52.054217946822305,56.210798754268055,51.818484472168514
Tron-o-matic 5 Pro,Dallas_01,2024-11-13,48.313681771059564,52.042342768127895,55.87075709186893,52.0434910615162
Tron-o-matic 5 Pro,Dallas_01,2024-11-14,47.84282668442953,51.53177428248687,56.104258879642394,51.759774988536684
Tron-o-matic 5 Pro,Dallas_01,2024-11-15,47.48540496834338,52.79130949902126,56.86520910376555,52.1821085955257
Tron-o-matic 5 Pro,Dallas_01,2024-11-16,84.83715272928242,89.01675747853321,93.11920891528708,88.93208243944296
Tron-o-matic 5 Pro,Dallas_01,2024-11-17,46.53514499328181,50.58839231805616,55.465645172066154,50.992518017095826
Tron-o-matic 5 Pro,Dallas_01,2024-11-18,47.0756372789978,51.7335048780992,57.01429718509437,51.670448804077125
Tron-o-matic 5 Pro,Dallas_01,2024-11-19,47.374707243223746,51.5342361714712,55.89710999819282,51.371352720107815
Tron-o-matic 5 Pro,Dallas_01,2024-11-20,75.59122457772119,80.50216023215621,84.86331157867156,80.3935730332974
Tron-o-matic 5 Pro,Dallas_01,2024-11-21,47.285465998677736,51.11186437578626,55.68738423785353,51.072828358847985
Tron-o-matic 5 Pro,Dallas_01,2024-11-22,47.446218272267515,51.305208574617794,54.92075965926866,51.385619129207214
Tron-o-matic 5 Pro,Dallas_01,2024-11-23,57.45403844526402,61.626413608859394,66.25929343500393,61.92187299141261
Tron-o-matic 5 Pro,Dallas_01,2024-11-24,81.8694070833154,86.23502835431077,90.54168368524638,86.16254210328485
Tron-o-matic 5 Pro,Dallas_01,2024-11-25,48.051986486897015,52.32712685728079,56.40373851717153,52.067421012102585
Tron-o-matic 5 Pro,Dallas_01,2024-11-26,46.972716629300834,51.921577017017675,55.6718947969006,51.823311974830766
Tron-o-matic 5 Pro,Dallas_01,2024-11-27,85.20380158275887,89.29891444909806,93.84434609265578,89.2923951422396
Tron-o-matic 5 Pro,Dallas_01,2024-11-28,47.22192449596066,51.68393119529817,56.1814135641505,51.69586063263007
Tron-o-matic 5 Pro,Dallas_01,2024-11-29,87.76138602420644,91.70343873343987,96.76079293040937,92.18440097572237
Tron-o-matic 5 Pro,Dallas_01,2024-11-30,47.53494421104075,51.90432640608685,56.433040054996184,51.910988018250855
Tron-o-matic 5 Pro,Dallas_01,2024-12-01,61.56680543208448,65.10297749210551,69.01761702068998,65.23319224392732
Tron-o-matic 5 Pro,Dallas_01,2024-12-02,47.991384072697976,52.7453973002542,56.20534150310085,52.60218431888127
Tron-o-matic 5 Pro,Dallas_01,2024-12-03,48.398055200355024,52.431280915412025,56.31499681272262,52.3109206669205
Tron-o-matic 5 Pro,Dallas_01,2024-12-04,47.6355613714601,52.545251845408785,57.34261661429716,52.52438184089056
Tron-o-matic 5 Pro,Dallas_01,2024-12-05,47.89679232784846,51.887630177057765,56.273534053297894,51.98954780558197
Tron-o-matic 5 Pro,Dallas_01,2024-12-06,79.45157425531467,84.68507559061094,88.89252437847524,84.49721088795242
Tron-o-matic 5 Pro,Dallas_01,2024-12-07,47.80648720323148,51.994919669076644,57.21965007452765,52.262396850770145
Tron-o-matic 5 Pro,Dallas_01,2024-12-08,47.75464270936834,52.34914898833411,55.63183656901363,52.013909599047274
Tron-o-matic 5 Pro,Dallas_01,2024-12-09,49.12699159386275,53.762234552873586,58.11780257173216,53.59057875124342
Tron-o-matic 5 Pro,Dallas_01,2024-12-10,48.86799338310644,53.5460606011653,58.09091693141183,53.82671992900772
Tron-o-matic 5 Pro,Dallas_01,2024-12-11,50.06601930973627,53.783216279950395,57.50638413862501,53.78753855875716
Tron-o-matic 5 Pro,Dallas_01,2024-12-12,49.22594077456841,53.026831575800415,57.419129346828434,53.19542584445778
Tron-o-matic 5 Pro,Dallas_01,2024-12-13,61.839994057882464,68.36111709587244,72.95628344968745,68.09023681921045
Tron-o-matic 5 Pro,Dallas_01,2024-12-14,48.74098016746419,53.02319551488779,57.3762972010242,52.99069783106042
Tron-o-matic 5 Pro,Dallas_01,2024-12-15,48.004157686748606,52.41522346793622,56.4169208502861,52.25261216289073
Tron-o-matic 5 Pro,Dallas_01,2024-12-16,55.99441661275102,61.29409019266781,65.86788805327284,61.00703170552917
Tron-o-matic 5 Pro,Dallas_01,2024-12-17,48.08026594226209,52.406909076702334,56.97097249869355,52.8325339503851
Tron-o-matic 5 Pro,Dallas_01,2024-12-18,48.625759177765524,52.39661897671425,57.247671184203895,52.618241234931205
Tron-o-matic 5 Pro,Dallas_01,2024-12-19,60.80959228964166,64.71433402320883,69.67883531080807,65.12850567700899
Tron-o-matic 5 Pro,Dallas_01,2024-12-20,49.24423688481076,53.06183766932462,57.04550475605008,52.9917623652451
Tron-o-matic 5 Pro,Dallas_01,2024-12-21,57.39192651725703,62.102384018108374,66.27202283236754,61.78635675413811
Tron-o-matic 5 Pro,Dallas_01,2024-12-22,57.6395699754928,61.717086722294766,65.63355796690847,61.84013158271915
Tron-o-matic 5 Pro,Dallas_01,2024-12-23,62.68335336114753,65.33133522015972,69.25215795032443,65.75735083881689
Tron-o-matic 5 Pro,Dallas_01,2024-12-24,59.30939350498972,64.22551177263513,68.82404767703838,64.28287299389557
Tron-o-matic 5 Pro,Dallas_01,2024-12-25,57.07303446268949,60.87078035650428,64.49946101992194,60.68658844883843
Tron-o-matic 5 Pro,Dallas_01,2024-12-26,48.37661519712316,51.97800518615313,57.82606474054563,52.500801974911646
Tron-o-matic 5 Pro,Dallas_01,2024-12-27,78.90969155336713,84.23457374223071,87.7964883932965,83.62944171601035
Tron-o-matic 5 Pro,Dallas_01,2024-12-28,49.61728700169569,53.355396031141126,57.66785304281427,53.30305306728348
Tron-o-matic 5 Pro,Dallas_01,2024-12-29,48.91402803752675,53.035155205760965,56.90154073514972,52.991837469189285
Tron-o-matic 5 Pro,Dallas_01,2024-12-30,89.1762306363388,93.25895594686718,98.00476763737993,93.24565969590641
Tron-o-matic 5 Pro,Dallas_01,2024-12-31,50.20257258759783,54.0992387138001,57.944228205331775,54.00160672014549
Tron-o-matic 5 Pro,Chicago_01,2024-10-01,66.9436723340668,71.3640771414478,77.25951464327765,71.65335328897321
Tron-o-matic 5 Pro,Chicago_01,2024-10-02,101.17235744734154,105.88296294056607,111.6422913332641,106.33298680552839
Tron-o-matic 5 Pro,Chicago_01,2024-10-03,67.43181798187817,72.13166024790448,76.99054384927874,72.23062513990048
Tron-o-matic 5 Pro,Chicago_01,2024-10-04,77.86393368136189,83.15038129075847,88.83814341493478,83.4253644962032
Tron-o-matic 5 Pro,Chicago_01,2024-10-05,64.99380962739347,71.58370928695821,77.30308760447454,71.05110646186004
Tron-o-matic 5 Pro,Chicago_01,2024-10-06,104.15727486362361,108.61519916625629,114.18280867096605,109.32770268317476
Tron-o-matic 5 Pro,Chicago_01,2024-10-07,66.35331785898377,72.96269839085895,77.72790394592052,72.48726957166417
Tron-o-matic 5 Pro,Chicago_01,2024-10-08,66.92512995730846,73.09550922199311,77.9563537530863,72.67628023732642
Tron-o-matic 5 Pro,Chicago_01,2024-10-09,85.7703749773573,91.46099420630424,96.91249744291854,91.4949942260788
Tron-o-matic 5 Pro,Chicago_01,2024-10-10,73.60376972229588,79.66791919737545,85.76080796764099,79.46177634523963
Tron-o-matic 5 Pro,Chicago_01,2024-10-11,67.29653650580276,72.2502231039993,78.27298669335673,72.43147486854313
Tron-o-matic 5 Pro,Chicago_01,2024-10-12,66.47376295821536,71.6651760801949,76.7095351113451,71.35756079159195
Tron-o-matic 5 Pro,Chicago_01,2024-10-13,64.86980188665123,72.05394581270691,78.4595838160262,72.14888253754428
Tron-o-matic 5 Pro,Chicago_01,2024-10-14,65.45250140619163,70.78666922815738,75.43208715738147,70.59468621224454
Tron-o-matic 5 Pro,Chicago_01,2024-10-15,66.50255659160787,71.69565165120281,78.30587745792653,71.78734167733356
Tron-o-matic 5 Pro,Chicago_01,2024-10-16,66.4900437611719,71.09493784525836,76.89453668414282,71.48868550137327
Tron-o-matic 5 Pro,Chicago_01,2024-10-17,65.16677641629217,71.19731894281814,76.52365543929422,70.82513288280455
Tron-o-matic 5 Pro,Chicago_01,2024-10-18,65.85413898388575,71.15708312860096,76.20805727993549,71.08898562100306
Tron-o-matic 5 Pro,Chicago_01,2024-10-19,64.78965024875124,70.74913219738555,74.96700850225902,70.56938218142491
Tron-o-matic 5 Pro,Chicago_01,2024-10-20,63.94723550382858,70.11844906557795,75.96813666747938,70.04226948120925
Tron-o-matic 5 Pro,Chicago_01,2024-10-21,64.76417936775614,70.91758731088703,78.27886081576041,71.38100019372607
Tron-o-matic 5 Pro,Chicago_01,2024-10-22,65.20628039235851,70.62923860789772,75.0468990167679,70.43148696075214
Tron-o-matic 5 Pro,Chicago_01,2024-10-23,62.932514407727986,70.23812507258896,75.16677951196799,69.48896825611844
Tron-o-matic 5 Pro,Chicago_01,2024-10-24,62.92324443388411,69.23633443231176,75.18610935900055,69.21311802612821
Tron-o-matic 5 Pro,Chicago_01,2024-10-25,63.939897094720976,69.8038804449726,75.33811331163795,69.37218656832911
Tron-o-matic 5 Pro,Chicago_01,2024-10-26,64.28527116801105,69.81265658022188,73.68037598195856,69.1764739658711
Tron-o-matic 5 Pro,Chicago_01,2024-10-27,63.16186929433408,68.05229972129223,72.6003242201748,68.10252919911117
Tron-o-matic 5 Pro,Chicago_01,2024-10-28,83.11271447115043,87.52374023839486,93.19813837976349,88.00948357958978
Tron-o-matic 5 Pro,Chicago_01,2024-10-29,63.40290213906586,68.6612068788192,74.8141017683992,68.78393765399214
Tron-o-matic 5 Pro,Chicago_01,2024-10-30,61.645391683931024,67.66695699615212,73.03751957585627,67.08324227622126
Tron-o-matic 5 Pro,Chicago_01,2024-10-31,62.43896911011995,66.79758397844384,72.0614591587992,66.96080295853697
Tron-o-matic 5 Pro,Chicago_01,2024-11-01,110.85446120346961,116.84074501509713,123.39187695542981,116.81198339512804
Tron-o-matic 5 Pro,Chicago_01,2024-11-02,61.00515193581661,66.53370862448645,72.66925949172263,66.73955386950124
Tron-o-matic 5 Pro,Chicago_01,2024-11-03,71.10221911354833,77.26116062274332,81.51424451555057,76.61656927319999
Tron-o-matic 5 Pro,Chicago_01,2024-11-04,92.97807941270361,97.93373922215721,102.96502213596062,98.04869338062068
Tron-o-matic 5 Pro,Chicago_01,2024-11-05,73.1370411150848,78.67138971365073,83.80106336550608,78.90835745806338
Tron-o-matic 5 Pro,Chicago_01,2024-11-06,80.69831298605693,87.03857853934078,92.39208412608664,87.02718843561078
Tron-o-matic 5 Pro,Chicago_01,2024-11-07,104.19030321373229,110.31575343140247,114.76822098574152,109.77746378996905
Tron-o-matic 5 Pro,Chicago_01,2024-11-08,58.395303406716,65.61349750329006,70.2922164394411,64.79810603750705
Tron-o-matic 5 Pro,Chicago_01,2024-11-09,70.58910390776943,76.9274110563043,82.24487338518425,76.73902673514591
Tron-o-matic 5 Pro,Chicago_01,2024-11-10,69.27713091549236,75.09170405250941,80.7058672284668,74.86346059608285
Tron-o-matic 5 Pro,Chicago_01,2024-11-11,59.4763083524313,64.0650273560321,70.83154288359412,64.24304320896346
Tron-o-matic 5 Pro,Chicago_01,2024-11-12,59.005888743042874,63.69735135678478,70.02523853647895,63.98842161238295
Tron-o-matic 5 Pro,Chicago_01,2024-11-13,57.3904599393712,62.35907609713164,67.0372138500415,62.41388807300674
Tron-o-matic 5 Pro,Chicago_01,2024-11-14,57.03152169487305,62.7504043211275,68.21510702876364,62.75977484615634
Tron-o-matic 5 Pro,Chicago_01,2024-11-15,57.69203487105232,62.89826000143602,68.6401953244445,63.18179619655938
Tron-o-matic 5 Pro,Chicago_01,2024-11-16,103.74702318555237,109.5397760460117,114.79836562759773,109.59464688650166
Tron-o-matic 5 Pro,Chicago_01,2024-11-17,57.9929875188755,63.66750067495914,68.90178802514951,63.63733840619244
Tron-o-matic 5 Pro,Chicago_01,2024-11-18,57.60885826302837,63.618670885231225,68.93110313249977,63.6865154014768
Tron-o-matic 5 Pro,Chicago_01,2024-11-19,57.998975421133025,64.13662135871309,68.7532009078015,63.83019146705773
Tron-o-matic 5 Pro,Chicago_01,2024-11-20,94.27106739293073,99.88286107359306,105.21276127943241,99.68494990348385
Tron-o-matic 5 Pro,Chicago_01,2024-11-21,57.116080292180754,63.005701230161165,69.10621123906739,62.95816676219133
Tron-o-matic 5 Pro,Chicago_01,2024-11-22,57.395456040637086,63.78604118164773,70.54609253552064,63.62033039704349
Tron-o-matic 5 Pro,Chicago_01,2024-11-23,71.91811842369047,76.40150770899484,81.31384098487769,76.64640874215927
Tron-o-matic 5 Pro,Chicago_01,2024-11-24,101.38344313406834,107.80969171999877,112.47750763267533,107.10402250825419
Tron-o-matic 5 Pro,Chicago_01,2024-11-25,57.420755960105396,64.33382235712962,69.27102140172333,63.64993376024276
Tron-o-matic 5 Pro,Chicago_01,2024-11-26,56.67565477776225,63.963963122052455,70.30335305178615,63.87355909638515
Tron-o-matic 5 Pro,Chicago_01,2024-11-27,104.88735214736167,110.24671550090402,116.64485649027819,110.68019908919567
Tron-o-matic 5 Pro,Chicago_01,2024-11-28,59.04797522612712,63.34413381836212,68.83420604582243,63.54596063742
Tron-o-matic 5 Pro,Chicago_01,2024-11-29,108.53293126414432,113.47131708482281,121.02476000482065,114.08704528904953
Tron-o-matic 5 Pro,Chicago_01,2024-11-30,58.59824763425585,64.67456801112756,70.73657111965619,64.73462495752383
Tron-o-matic 5 Pro,Chicago_01,2024-12-01,76.75283921040187,81.27638548350563,87.25191048595057,81.40365796539677
Tron-o-matic 5 Pro,Chicago_01,2024-12-02,61.41035719096244,65.37357307225975,71.62967725026078,65.92173460957171
Tron-o-matic 5 Pro,Chicago_01,2024-12-03,59.35932986100922,64.96617631464434,71.50004352450573,65.06257209816036
Tron-o-matic 5 Pro,Chicago_01,2024-12-04,58.477001973563844,64.21085751884216,69.96747718017569,64.37359876299263
Tron-o-matic 5 Pro,Chicago_01,2024-12-05,59.59217989412004,64.487405176187,70.0046999551299,64.459399749519
Tron-o-matic 5 Pro,Chicago_01,2024-12-06,99.59102764345192,104.41459809342079,108.89084973595986,104.32046601517266
Tron-o-matic 5 Pro,Chicago_01,2024-12-07,60.81364269260009,65.8480160288911,71.08778694059723,65.73122672525874
Tron-o-matic 5 Pro,Chicago_01,2024-12-08,58.03798291066802,64.82585789479845,70.6224985378335,64.95273725757285
Tron-o-matic 5 Pro,Chicago_01,2024-12-09,60.776105861328226,66.11263633128365,70.8661393953846,65.95509011883728
Tron-o-matic 5 Pro,Chicago_01,2024-12-10,59.67871723526284,65.53264907660525,71.32105624039579,65.30490913501336
Tron-o-matic 5 Pro,Chicago_01,2024-12-11,59.48697853968508,64.94865073220228,69.96754117530855,64.74685290962042
Tron-o-matic 5 Pro,Chicago_01,2024-12-12,58.715145545774206,65.56156881781021,70.97605297601446,65.52204860367577
Tron-o-matic 5 Pro,Chicago_01,2024-12-13,79.16026466837299,84.41432472730502,90.59877742553304,84.46315337863916
Tron-o-matic 5 Pro,Chicago_01,2024-12-14,59.471713001147776,64.41286435178915,70.47253212328614,64.12740561686996
Tron-o-matic 5 Pro,Chicago_01,2024-12-15,59.793224467441476,64.99089945300169,69.5176491472705,64.77905726920686
Tron-o-matic 5 Pro,Chicago_01,2024-12-16,70.2944836864613,75.17097352201407,81.57694067946521,75.64560146970001
Tron-o-matic 5 Pro,Chicago_01,2024-12-17,58.8568648868222,63.23738907607452,69.83489282046371,64.16779618500021
Tron-o-matic 5 Pro,Chicago_01,2024-12-18,59.407141050284025,63.3955281877157,69.21083185669819,63.981300082834075
Tron-o-matic 5 Pro,Chicago_01,2024-12-19,72.87595670258635,79.24790519724908,85.2092106732895,79.27093587560154
Tron-o-matic 5 Pro,Chicago_01,2024-12-20,59.742879895606876,65.34429327305413,71.63917059093411,65.6983115215658
Tron-o-matic 5 Pro,Chicago_01,2024-12-21,68.78273678862627,74.64146124810948,79.48177892009019,74.554913791719
Tron-o-matic 5 Pro,Chicago_01,2024-12-22,69.87974313588671,76.37528976974251,80.87871318678529,76.13707489081003
Tron-o-matic 5 Pro,Chicago_01,2024-12-23,75.33704446140057,80.74951179928928,86.39422862096373,80.5259137686938
Tron-o-matic 5 Pro,Chicago_01,2024-12-24,73.13877393556555,78.69388569066716,84.58605601688377,78.77432847640252
Tron-o-matic 5 Pro,Chicago_01,2024-12-25,66.64855059137201,74.07391130484885,79.22552171218074,73.57904759397825
Tron-o-matic 5 Pro,Chicago_01,2024-12-26,57.34571314250414,64.14355747830449,70.42495964462898,64.0008318095099
Tron-o-matic 5 Pro,Chicago_01,2024-12-27,96.28297684873839,102.59037148741731,107.4025661106898,102.28819532620197
Tron-o-matic 5 Pro,Chicago_01,2024-12-28,59.25701613475922,64.37902570434751,70.91110417847037,64.8671631974436
Tron-o-matic 5 Pro,Chicago_01,2024-12-29,58.30713373670338,64.03808197029566,70.79945489627787,64.25284800225471
Tron-o-matic 5 Pro,Chicago_01,2024-12-30,108.66956214182086,115.02683324820826,120.47575899578865,114.68039982354234
Tron-o-matic 5 Pro,Chicago_01,2024-12-31,59.00068115062342,64.93014744028129,70.71879313101803,64.98524361483177
Tron-o-matic 4,LosAngeles_01,2024-10-01,200.23571065072676,215.4260023349598,228.0776428161738,215.23438232091317
Tron-o-matic 4,LosAngeles_01,2024-10-02,248.77033815198197,264.5422994378483,282.0398750123186,264.7868686437942
Tron-o-matic 4,LosAngeles_01,2024-10-03,200.56114931303713,216.02795876464458,230.228436194746,214.99389633704297
Tron-o-matic 4,LosAngeles_01,2024-10-04,318.2957713568682,336.94077823716225,354.4020789040756,335.9049669894001
Tron-o-matic 4,LosAngeles_01,2024-10-05,265.78284165892455,276.2614002142536,292.65373886533104,277.3586222195516
Tron-o-matic 4,LosAngeles_01,2024-10-06,199.7765367825257,214.31238320723799,229.1076410516355,213.84966858740907
Tron-o-matic 4,LosAngeles_01,2024-10-07,195.93318887580642,214.11836625074764,231.50255999982596,214.09339301005883
Tron-o-matic 4,LosAngeles_01,2024-10-08,201.65702096213752,217.03647942546272,227.13340789138104,215.21903298090535
Tron-o-matic 4,LosAngeles_01,2024-10-09,332.95772943863614,344.4634151352998,358.282260095907,344.9242742958242
Tron-o-matic 4,LosAngeles_01,2024-10-10,195.39863663483317,211.79434866827597,226.83966531676575,212.28312039974114
Tron-o-matic 4,LosAngeles_01,2024-10-11,196.6085937743581,211.52370907128162,227.71037684194027,211.81144358284462
Tron-o-matic 4,LosAngeles_01,2024-10-12,247.14856921852387,260.99243722098043,275.5244694049511,260.83479145349094
Tron-o-matic 4,LosAngeles_01,2024-10-13,196.04765411646363,214.64414520589446,228.03495328241289,213.04528150461127
Tron-o-matic 4,LosAngeles_01,2024-10-14,241.7911587864014,256.7823733291096,275.5376534313005,258.00670182722854
Tron-o-matic 4,LosAngeles_01,2024-10-15,195.73430807913294,209.6993919425973,224.58189667775602,209.8993421684816
Tron-o-matic 4,LosAngeles_01,2024-10-16,195.12118057674505,210.15282793693996,226.86561693308508,210.3114454576211
Tron-o-matic 4,LosAngeles_01,2024-10-17,238.97075040550004,255.91774171284428,269.43742031359534,255.53634140119445
Tron-o-matic 4,LosAngeles_01,2024-10-18,196.02141024222038,212.230586387036,225.42072101972258,211.06622839297933
Tron-o-matic 4,LosAngeles_01,2024-10-19,245.97117944769815,259.69669580350484,271.52232522903154,259.1392381114674
Tron-o-matic 4,LosAngeles_01,2024-10-20,194.98918581339552,208.71544504540748,223.85047947202386,209.714842016103
Tron-o-matic 4,LosAngeles_01,2024-10-21,195.8542489202333,211.91890433875565,225.03919124393616,211.93948292940007
Tron-o-matic 4,LosAngeles_01,2024-10-22,335.06088624859837,347.919544148669,362.53842773165064,348.69791154960745
Tron-o-matic 4,LosAngeles_01,2024-10-23,310.98635502732884,328.44225240914506,340.4637659730858,327.6062547430217
Tron-o-matic 4,LosAngeles_01,2024-10-24,191.52456971846283,207.13146425305305,221.5685066919855,206.32001260996861
Tron-o-matic 4,LosAngeles_01,2024-10-25,190.8963600294938,207.9270038824004,221.88514602094267,206.4337640160439
Tron-o-matic 4,LosAngeles_01,2024-10-26,251.37867457960186,270.2151893499372,284.65920542046155,269.36466954171584
Tron-o-matic 4,LosAngeles_01,2024-10-27,212.51497395847267,230.6542876937372,245.4945072959709,229.57859814606942
Tron-o-matic 4,LosAngeles_01,2024-10-28,191.2023779490121,204.6086601651628,218.97713170718475,205.88601056212144
Tron-o-matic 4,LosAngeles_01,2024-10-29,187.2704566544442,200.59027893176426,217.1607434452879,201.45229561068862
Tron-o-matic 4,LosAngeles_01,2024-10-30,187.68931900853548,201.33965791897847,213.85758522741608,201.3925253088341
Tron-o-matic 4,LosAngeles_01,2024-10-31,239.84399722429967,259.31601440561025,273.16476364542854,257.82226805749673
Tron-o-matic 4,LosAngeles_01,2024-11-01,186.0100413523833,199.80867193942206,213.1875762376348,199.37105142142983
Tron-o-matic 4,LosAngeles_01,2024-11-02,219.98087248628406,233.02075821911572,252.64228439413833,234.74222117331513
Tron-o-matic 4,LosAngeles_01,2024-11-03,315.359372342392,329.4697934062541,343.96472917950047,329.18682203410486
Tron-o-matic 4,LosAngeles_01,2024-11-04,190.63584999042223,203.87212994541196,219.87052934574967,204.09910324418905
Tron-o-matic 4,LosAngeles_01,2024-11-05,181.30977080063585,196.7210325218443,212.61505139742906,196.8427336940813
Tron-o-matic 4,LosAngeles_01,2024-11-06,314.4846728131117,330.1656352050486,341.4707560578747,329.3728453714768
Tron-o-matic 4,LosAngeles_01,2024-11-07,274.2543186826357,290.1560316457363,305.25550319165046,289.6031717640637
Tron-o-matic 4,LosAngeles_01,2024-11-08,180.37857437183453,192.56550146541193,208.16716985293903,193.31367068363613
Tron-o-matic 4,LosAngeles_01,2024-11-09,180.07501395305812,196.76317181998175,210.3054733030252,195.53796361932407
Tron-o-matic 4,LosAngeles_01,2024-11-10,179.8151896002702,196.06739161273845,208.30928755924697,195.10669070807333
Tron-o-matic 4,LosAngeles_01,2024-11-11,309.44758290568484,323.7296401738045,336.9577258616316,323.23451952928485
Tron-o-matic 4,LosAngeles_01,2024-11-12,175.43707899945167,188.97390166318937,208.4839414406282,190.1682733987382
Tron-o-matic 4,LosAngeles_01,2024-11-13,206.29798055715824,225.3286181984287,241.2381890470475,224.55053633767574
Tron-o-matic 4,LosAngeles_01,2024-11-14,177.46236365536564,190.93167565921613,205.19649425915105,190.931296589732
Tron-o-matic 4,LosAngeles_01,2024-11-15,175.22519055064242,192.5020269436095,205.46250004989923,190.504851993605
Tron-o-matic 4,LosAngeles_01,2024-11-16,178.80352600833086,193.7136363698,205.19195773114663,193.19185226392477
Tron-o-matic 4,LosAngeles_01,2024-11-17,174.7770555482472,188.3680122909297,202.4529399861753,188.88747130530786
Tron-o-matic 4,LosAngeles_01,2024-11-18,174.40021282235003,194.50478935413992,207.01712588816332,192.73692086815595
Tron-o-matic 4,LosAngeles_01,2024-11-19,174.7261700296237,186.4125277702082,202.207685197316,187.99417450846576
Tron-o-matic 4,LosAngeles_01,2024-11-20,171.94264100200365,187.5494356643548,204.05980046758276,187.47628525917236
Tron-o-matic 4,LosAngeles_01,2024-11-21,218.7367392157374,232.177901320679,245.87388737411405,232.20367633897018
Tron-o-matic 4,LosAngeles_01,2024-11-22,176.34354038054835,190.31544014855766,202.90938083859496,190.55704328818516
Tron-o-matic 4,LosAngeles_01,2024-11-23,171.34899158801215,188.69460482690116,201.68091027255687,187.87731578134242
Tron-o-matic 4,LosAngeles_01,2024-11-24,172.6333011715122,188.44437938114967,203.02032012390148,187.95149094435055
Tron-o-matic 4,LosAngeles_01,2024-11-25,175.78800584182017,190.7540425206673,206.84508318899094,191.68793869302218
Tron-o-matic 4,LosAngeles_01,2024-11-26,321.8593080270098,334.7257405501582,351.01274959820745,335.66897751185917
Tron-o-matic 4,LosAngeles_01,2024-11-27,174.21196326263936,187.58369011727675,201.61642451726624,188.35785419767754
Tron-o-matic 4,LosAngeles_01,2024-11-28,173.03920273262182,191.6410916794401,203.75465438030196,190.41223717487287
Tron-o-matic 4,LosAngeles_01,2024-11-29,324.6981550972791,339.6620390084324,354.99798887444473,340.23554283673883
Tron-o-matic 4,LosAngeles_01,2024-11-30,178.48611896567365,192.18842794906632,203.26839116525196,191.7316729295036
Tron-o-matic 4,LosAngeles_01,2024-12-01,224.75112855394335,240.80662787824423,257.1413061442117,240.6157784768943
Tron-o-matic 4,LosAngeles_01,2024-12-02,177.5581971840577,191.83191254156662,202.94631033707242,190.88602625538627
Tron-o-matic 4,LosAngeles_01,2024-12-03,213.48853134184782,229.03950357144888,246.71403991250133,230.2380541279616
Tron-o-matic 4,LosAngeles_01,2024-12-04,173.19517801148217,188.80568747023975,202.23641737776427,188.02702871315017
Tron-o-matic 4,LosAngeles_01,2024-12-05,171.4540321165811,187.5402162801438,203.07753980315658,187.96079166115615
Tron-o-matic 4,LosAngeles_01,2024-12-06,175.43092138576642,189.43978983337223,202.03427954424703,188.99339857353436
Tron-o-matic 4,LosAngeles_01,2024-12-07,176.35660775989672,190.04236416618068,206.98993521621122,190.94047380388932
Tron-o-matic 4,LosAngeles_01,2024-12-08,301.430666826099,316.78473175308426,330.5703790834217,315.9330856133713
Tron-o-matic 4,LosAngeles_01,2024-12-09,180.77712115274358,194.1610971118969,212.06875702965863,195.37737860730468
Tron-o-matic 4,LosAngeles_01,2024-12-10,205.39092938666087,220.79555743397134,234.09103418839348,219.84888193163323
Tron-o-matic 4,LosAngeles_01,2024-12-11,305.27763363150007,320.1729449390473,336.9097218736421,321.17523269605095
Tron-o-matic 4,LosAngeles_01,2024-12-12,173.94260848407953,189.90701319681958,199.54269323458126,188.02405266213648
Tron-o-matic 4,LosAngeles_01,2024-12-13,171.93964180227496,188.47114568407946,205.28886732366405,188.42584510857927
Tron-o-matic 4,LosAngeles_01,2024-12-14,238.5913029598722,253.63525742657134,268.06710186268435,252.95735974905253
Tron-o-matic 4,LosAngeles_01,2024-12-15,306.4780721628676,320.9182464706291,335.9480946013994,320.76134406111777
Tron-o-matic 4,LosAngeles_01,2024-12-16,178.31691599416305,191.86243800219006,206.79070713474525,191.51986755446657
Tron-o-matic 4,LosAngeles_01,2024-12-17,175.98539687644404,188.9061289693017,203.45475750838017,189.40891220826907
Tron-o-matic 4,LosAngeles_01,2024-12-18,169.9259561011051,188.70218766590708,203.780851090698,187.62691942996665
Tron-o-matic 4,LosAngeles_01,2024-12-19,203.35443758694166,218.2718593325789,235.62928787665345,218.9030195818029
Tron-o-matic 4,LosAngeles_01,2024-12-20,176.20191992980995,191.789906503482,204.87366733289193,190.79696244245818
Tron-o-matic 4,LosAngeles_01,2024-12-21,176.7966561608491,194.07124672507882,204.84440609350767,192.1402685365982
Tron-o-matic 4,LosAngeles_01,2024-12-22,178.75975027934905,192.97164183637528,207.66184120648512,192.64543162457986
Tron-o-matic 4,LosAngeles_01,2024-12-23,184.48853385501113,196.51977015549508,209.8230173604685,197.3440637940925
Tron-o-matic 4,LosAngeles_01,2024-12-24,179.27426097566868,192.94498823470195,207.46235039073713,192.28705869120705
Tron-o-matic 4,LosAngeles_01,2024-12-25,179.71764533925761,193.52531521034516,210.14855969358752,194.40255530634604
Tron-o-matic 4,LosAngeles_01,2024-12-26,241.3770628130008,253.24862137229425,272.7511992413492,255.03029401655758
Tron-o-matic 4,LosAngeles_01,2024-12-27,182.38746950178074,194.27515572056086,206.93261825283065,194.13856203850875
Tron-o-matic 4,LosAngeles_01,2024-12-28,177.13451922012354,195.44133232316474,209.8041039598098,195.1914076685554
Tron-o-matic 4,LosAngeles_01,2024-12-29,242.04439566317862,260.0976400471258,274.5575080104441,258.8628738751488
Tron-o-matic 4,LosAngeles_01,2024-12-30,321.67866766269526,334.428326598337,347.0134229936775,333.75641531350556
Tron-o-matic 4,LosAngeles_01,2024-12-31,228.4871619805723,240.39460872590817,258.8853707136825,242.1835271454029
Tron-o-matic 5 Pro,LosAngeles_01,2024-10-01,87.87745964224268,95.23245964762907,101.59315641316402,94.62281596515184
Tron-o-matic 5 Pro,LosAngeles_01,2024-10-02,130.8827823296481,137.55673503287332,145.39133802074642,137.43486776929277
Tron-o-matic 5 Pro,LosAngeles_01,2024-10-03,87.92141598007751,94.47530493435035,100.85489098384056,94.59182537372084
Tron-o-matic 5 Pro,LosAngeles_01,2024-10-04,103.87431790430878,110.01015460800902,115.63965954275541,109.79605564204134
Tron-o-matic 5 Pro,LosAngeles_01,2024-10-05,86.19091922887776,93.68527129924044,100.33626565985942,93.24477995558989
Tron-o-matic 5 Pro,LosAngeles_01,2024-10-06,135.70131804625035,143.26844391364253,149.7357114416014,143.2236135721763
Tron-o-matic 5 Pro,LosAngeles_01,2024-10-07,85.70858318905248,93.40785243554048,99.76600861696343,93.34906946421688
Tron-o-matic 5 Pro,LosAngeles_01,2024-10-08,87.5425238040165,93.52778108252777,99.74139984881168,93.5343418693964
Tron-o-matic 5 Pro,LosAngeles_01,2024-10-09,113.1681699546752,119.889454246224,127.60573351696704,120.0655304858089
Tron-o-matic 5 Pro,LosAngeles_01,2024-10-10,95.50312088632836,103.08863617892926,110.97127978524912,103.11855342355007
Tron-o-matic 5 Pro,LosAngeles_01,2024-10-11,88.64477039537302,94.36605093217403,99.89209736452294,94.19962011265825
Tron-o-matic 5 Pro,LosAngeles_01,2024-10-12,85.34276955985558,93.62529929158622,100.87615296911234,93.22413627303463
Tron-o-matic 5 Pro,LosAngeles_01,2024-10-13,85.64255657763732,92.53109125014414,98.37201306266005,92.51084967579811
Tron-o-matic 5 Pro,LosAngeles_01,2024-10-14,85.0578046034827,91.59521419512114,96.42201918773907,91.18396327475016
Tron-o-matic 5 Pro,LosAngeles_01,2024-10-15,85.34625629551415,92.183960941665,100.46367249190102,92.67803715725371
Tron-o-matic 5 Pro,LosAngeles_01,2024-10-16,84.91839538203506,91.61696897240199,97.82465282525548,91.63911584595189
Tron-o-matic 5 Pro,LosAngeles_01,2024-10-17,84.71388929623821,92.67661878586922,99.11550349610673,92.29359333579652
Tron-o-matic 5 Pro,LosAngeles_01,2024-10-18,85.32173749792692,93.29117052053151,101.50393380361001,93.33774041772035
Tron-o-matic 5 Pro,LosAngeles_01,2024-10-19,84.3216409433014,91.04110544167993,97.25594538841334,90.8904357227842
Tron-o-matic 5 Pro,LosAngeles_01,2024-10-20,82.36313139206752,89.28237906863109,96.17190351133345,89.23110584494697
Tron-o-matic 5 Pro,LosAngeles_01,2024-10-21,81.83109739540477,88.09932611865845,95.33276904480249,88.27973136415794
Tron-o-matic 5 Pro,LosAngeles_01,2024-10-22,82.8080841052461,90.47400236365662,96.37264399197527,89.72773226051953
Tron-o-matic 5 Pro,LosAngeles_01,2024-10-23,80.91155586125588,88.05471465268273,96.14174508657763,88.26946444283982
Tron-o-matic 5 Pro,LosAngeles_01,2024-10-24,81.87490851398466,88.90231562782374,96.3453984096981,89.15357436661141
Tron-o-matic 5 Pro,LosAngeles_01,2024-10-25,82.50169959462575,90.26858054720877,97.33506114169847,90.15305556324171
Tron-o-matic 5 Pro,LosAngeles_01,2024-10-26,80.98303445197328,86.49742206280001,93.19261337742688,86.9161999777689
Tron-o-matic 5 Pro,LosAngeles_01,2024-10-27,79.30604223268142,86.27448108904117,94.13868899757716,86.9532789842657
Tron-o-matic 5 Pro,LosAngeles_01,2024-10-28,104.06052579427332,110.8048109389629,117.96608621979021,111.10051294864806
Tron-o-matic 5 Pro,LosAngeles_01,2024-10-29,80.12875618985068,88.26261846541328,94.28440439471645,87.70207140498171
Tron-o-matic 5 Pro,LosAngeles_01,2024-10-30,79.2268747006538,85.02088548178776,91.0338749605398,85.49310129214538
Tron-o-matic 5 Pro,LosAngeles_01,2024-10-31,78.54450871886682,85.33089068463087,92.50078768257427,85.36027493504903
Tron-o-matic 5 Pro,LosAngeles_01,2024-11-01,145.74530412398278,150.54882940682108,158.92689746892498,151.67991328758177
Tron-o-matic 5 Pro,LosAngeles_01,2024-11-02,76.5773915718064,84.55295616804747,89.78646968000614,83.74050785959699
Tron-o-matic 5 Pro,LosAngeles_01,2024-11-03,92.229133143241,97.61222584986379,104.94064145982298,97.95693811359983
Tron-o-matic 5 Pro,LosAngeles_01,2024-11-04,118.45896679749998,125.99805838879412,131.33531429808545,125.50543424858863
Tron-o-matic 5 Pro,LosAngeles_01,2024-11-05,96.64834413340385,103.45092414482231,110.25476247420096,103.4134192811528
Tron-o-matic 5 Pro,LosAngeles_01,2024-11-06,104.78004345113516,110.92407457830079,119.30563199661616,111.30877392342353
Tron-o-matic 5 Pro,LosAngeles_01,2024-11-07,135.8969447281655,143.64444789578295,149.61902027731227,142.88481234859933
Tron-o-matic 5 Pro,LosAngeles_01,2024-11-08,76.38832337273988,84.73614884636432,92.23119596338934,84.29530358756067
Tron-o-matic 5 Pro,LosAngeles_01,2024-11-09,93.96655244474351,99.43134087957577,105.80750997027333,99.41483952743516
Tron-o-matic 5 Pro,LosAngeles_01,2024-11-10,92.22799709075896,97.7460979924274,105.40430913121608,98.15362140214911
Tron-o-matic 5 Pro,LosAngeles_01,2024-11-11,75.51610778653573,82.45725516259465,88.86166723028947,82.1289869446647
Tron-o-matic 5 Pro,LosAngeles_01,2024-11-12,74.97571632774842,82.89585405631678,89.00935720076092,82.50433989155061
Tron-o-matic 5 Pro,LosAngeles_01,2024-11-13,74.01946088902974,82.37380291354528,89.0637552735001,81.82160942906475
Tron-o-matic 5 Pro,LosAngeles_01,2024-11-14,76.75497211218388,82.39520557944725,88.16292005449674,82.24283686437961
Tron-o-matic 5 Pro,LosAngeles_01,2024-11-15,76.91485091336064,84.98806016847031,90.25640153847489,84.37630876877334
Tron-o-matic 5 Pro,LosAngeles_01,2024-11-16,136.53058933608605,142.85462916265388,151.24644067586246,143.54644131518816
Tron-o-matic 5 Pro,LosAngeles_01,2024-11-17,75.58432858286284,82.8909789505988,90.0944671180176,82.88568972409179
Tron-o-matic 5 Pro,LosAngeles_01,2024-11-18,74.66580868312467,82.9328484266918,89.78635310893213,82.39866750222234
Tron-o-matic 5 Pro,LosAngeles_01,2024-11-19,76.13211075788556,84.02017648148387,90.947687717307,83.62317970225259
Tron-o-matic 5 Pro,LosAngeles_01,2024-11-20,121.25708376546974,128.6207812396214,135.21112680201952,128.62221303963508
Tron-o-matic 5 Pro,LosAngeles_01,2024-11-21,76.84745969937049,83.27332086619673,90.50374987063282,83.28412610466978
Tron-o-matic 5 Pro,LosAngeles_01,2024-11-22,78.98428381536036,85.2388338884423,92.34553664503848,85.25184629870805
Tron-o-matic 5 Pro,LosAngeles_01,2024-11-23,93.69869458045056,100.44691482536687,108.42313409848924,100.50372801262671
Tron-o-matic 5 Pro,LosAngeles_01,2024-11-24,133.70221210523852,140.35622068101335,146.82282631066352,140.20098530242487
Tron-o-matic 5 Pro,LosAngeles_01,2024-11-25,76.90496825829614,82.86412056541813,88.35038488264803,82.65447094261225
Tron-o-matic 5 Pro,LosAngeles_01,2024-11-26,76.52760452479441,84.33539130770664,91.8294878277286,83.96329973724025
Tron-o-matic 5 Pro,LosAngeles_01,2024-11-27,138.3719597193744,145.34372070464426,152.9622807015003,145.61084791394114
Tron-o-matic 5 Pro,LosAngeles_01,2024-11-28,76.62568355288766,84.37878243391742,90.20383649271287,83.63818108538396
Tron-o-matic 5 Pro,LosAngeles_01,2024-11-29,143.13563319595383,151.5197236542148,157.86206819916654,151.0070178289092
Tron-o-matic 5 Pro,LosAngeles_01,2024-11-30,75.96513915808913,83.8905665197336,91.24519143349212,83.91148388286119
Tron-o-matic 5 Pro,LosAngeles_01,2024-12-01,99.59073254272246,104.78975197533633,112.11394518374706,105.35772197018909
Tron-o-matic 5 Pro,LosAngeles_01,2024-12-02,75.14447130582747,82.22659233990667,90.6346896641033,82.76537685221695
Tron-o-matic 5 Pro,LosAngeles_01,2024-12-03,77.56586614675226,84.79355330698762,91.90923077128181,84.15337840820625
Tron-o-matic 5 Pro,LosAngeles_01,2024-12-04,75.37987626174917,83.41000089924783,90.50749610536572,83.6226889256356
Tron-o-matic 5 Pro,LosAngeles_01,2024-12-05,78.39768623798801,85.72062122987192,93.14421827574395,85.38932163946306
Tron-o-matic 5 Pro,LosAngeles_01,2024-12-06,130.7778115989511,137.77523962331068,143.7434863132168,137.45108900447806
Tron-o-matic 5 Pro,LosAngeles_01,2024-12-07,75.70501027309285,83.79539327707982,90.28936278830166,82.88886994593469
Tron-o-matic 5 Pro,LosAngeles_01,2024-12-08,76.93925969921742,83.43006962704708,89.53724002453386,83.32638225559373
Tron-o-matic 5 Pro,LosAngeles_01,2024-12-09,76.09914399537423,83.0613066081434,89.44804518892549,83.07416563685294
Tron-o-matic 5 Pro,LosAngeles_01,2024-12-10,77.25247281324228,83.3276711138152,90.25001319633243,83.57766730953763
Tron-o-matic 5 Pro,LosAngeles_01,2024-12-11,76.38162362341728,84.19832213451966,91.07480209018996,84.15690922522663
Tron-o-matic 5 Pro,LosAngeles_01,2024-12-12,74.3174793111553,84.06074734065776,90.23789870787779,83.17642183496011
Tron-o-matic 5 Pro,LosAngeles_01,2024-12-13,100.7062452778521,109.45031088138403,116.26245417659311,109.35593856661306
Tron-o-matic 5 Pro,LosAngeles_01,2024-12-14,76.0727367973487,81.75133100367006,89.51337772658961,82.61531472828442
Tron-o-matic 5 Pro,LosAngeles_01,2024-12-15,75.5033314047003,83.51301972787545,90.03138796210156,82.80169978038477
Tron-o-matic 5 Pro,LosAngeles_01,2024-12-16,89.77722950149861,96.22422329094003,104.90638776932121,96.19247143710734
Tron-o-matic 5 Pro,LosAngeles_01,2024-12-17,76.41749747343397,83.24370642417503,92.27737464663916,83.35289207437663
Tron-o-matic 5 Pro,LosAngeles_01,2024-12-18,76.17159054081958,81.68246858756262,89.7755521467877,82.35982745355413
Tron-o-matic 5 Pro,LosAngeles_01,2024-12-19,97.39904664287455,104.05723681397782,110.84945295468853,103.80260413155878
Tron-o-matic 5 Pro,LosAngeles_01,2024-12-20,77.1195670281154,83.84742465894175,92.32931762702967,84.25537985373614
Tron-o-matic 5 Pro,LosAngeles_01,2024-12-21,89.84847214979271,98.59131558198573,103.57960005245329,97.60406950334668
Tron-o-matic 5 Pro,LosAngeles_01,2024-12-22,89.65802296777913,98.40781087703174,106.28698796399412,98.27346371997211
Tron-o-matic 5 Pro,LosAngeles_01,2024-12-23,97.01871115359828,103.35300553825616,111.17963165747857,103.57167043922054
Tron-o-matic 5 Pro,LosAngeles_01,2024-12-24,95.5043211996814,102.50282529295731,111.58007181591931,103.07393120815979
Tron-o-matic 5 Pro,LosAngeles_01,2024-12-25,86.64470401338075,94.96211493778212,101.2892563889768,94.3137643335132
Tron-o-matic 5 Pro,LosAngeles_01,2024-12-26,75.91009405123317,84.09003996915503,89.58578492650734,83.2738290300136
Tron-o-matic 5 Pro,LosAngeles_01,2024-12-27,127.81050699796761,133.7508479087063,140.62414315301447,134.07976999640618
Tron-o-matic 5 Pro,LosAngeles_01,2024-12-28,76.35129508159135,83.18876381700393,92.78888514249938,84.00788395811662
Tron-o-matic 5 Pro,LosAngeles_01,2024-12-29,74.7085227504826,83.1750712418982,90.0313603279447,82.71239793027235
Tron-o-matic 5 Pro,LosAngeles_01,2024-12-30,139.74660340832304,147.01704621531496,154.13178679616087,147.297159631941
Tron-o-matic 5 Pro,LosAngeles_01,2024-12-31,78.52779248149527,84.6121671985729,92.45365361545866,84.98216002445174
Tron-o-matic 5 Pro,Houston_01,2024-10-01,51.67687904262951,55.14232320772601,58.72243485191743,55.073929373260135
Tron-o-matic 5 Pro,Houston_01,2024-10-02,76.00464102822235,79.534895305613,82.6016712272605,79.50460409911828
Tron-o-matic 5 Pro,Houston_01,2024-10-03,50.013964775114914,54.399321040247,58.363932636996395,54.28487186468844
Tron-o-matic 5 Pro,Houston_01,2024-10-04,58.79207025619134,63.17629742295506,66.87200963695146,62.89368591221664
Tron-o-matic 5 Pro,Houston_01,2024-10-05,50.547791742377235,54.91648539304938,58.392123608349436,54.601783690438644
Tron-o-matic 5 Pro,Houston_01,2024-10-06,80.26806294452116,84.1341646011862,88.47352961553281,84.16360496429257
Tron-o-matic 5 Pro,Houston_01,2024-10-07,50.57806050932117,53.89138108573842,57.618084151037884,53.96632080789257
Tron-o-matic 5 Pro,Houston_01,2024-10-08,50.1425893681155,54.66838745855587,57.84882030160742,54.247419827500735
Tron-o-matic 5 Pro,Houston_01,2024-10-09,65.31189955711851,69.03584218051607,72.86139006149057,69.1331567026917
Tron-o-matic 5 Pro,Houston_01,2024-10-10,55.218734257078616,59.7234478907173,63.13770422003819,59.454818401857054
Tron-o-matic 5 Pro,Houston_01,2024-10-11,49.57328680202521,54.01598091866329,58.168634032884434,53.974005295735054
Tron-o-matic 5 Pro,Houston_01,2024-10-12,49.753001215116946,53.714415336410596,57.2931663713677,53.7141393360677
Tron-o-matic 5 Pro,Houston_01,2024-10-13,49.72984770142887,53.6467806963797,58.48430704019319,53.85028973649615
Tron-o-matic 5 Pro,Houston_01,2024-10-14,49.855153669742165,53.884082871152415,58.15157569659619,53.850355871471955
Tron-o-matic 5 Pro,Houston_01,2024-10-15,49.68008939563514,54.08589556791195,57.57736518331676,53.92262620154847
Tron-o-matic 5 Pro,Houston_01,2024-10-16,49.674500583073964,53.69845183392973,57.51091669355732,53.490187441223654
Tron-o-matic 5 Pro,Houston_01,2024-10-17,48.835276844556944,53.72097062461611,57.70664503413682,53.572515854383354
Tron-o-matic 5 Pro,Houston_01,2024-10-18,50.55619899228025,53.707376340547654,57.404650160056036,53.97876331072326
Tron-o-matic 5 Pro,Houston_01,2024-10-19,49.36907394620633,53.004983704630234,58.01936096646822,53.308223299999554
Tron-o-matic 5 Pro,Houston_01,2024-10-20,49.1072181347085,52.909669053997256,55.848824321429625,52.86239562975415
Tron-o-matic 5 Pro,Houston_01,2024-10-21,50.21951559205307,53.30393237207251,57.630671281333264,53.68620440147584
Tron-o-matic 5 Pro,Houston_01,2024-10-22,48.76673305256468,53.29094372762265,57.32635936740579,53.17726474342087
Tron-o-matic 5 Pro,Houston_01,2024-10-23,47.83728780062677,52.99060393895676,56.27194503103602,52.555831092215925
Tron-o-matic 5 Pro,Houston_01,2024-10-24,49.09674879921818,53.5623756294415,57.080335286538826,53.215666147703175
Tron-o-matic 5 Pro,Houston_01,2024-10-25,48.43218509323086,52.28710816077639,55.61241677707904,52.2918956971265
Tron-o-matic 5 Pro,Houston_01,2024-10-26,47.97637238307679,52.67844387982563,56.3604818866764,52.45962617437881
Tron-o-matic 5 Pro,Houston_01,2024-10-27,48.9389764134521,52.42000588897197,56.44461337381479,52.59356199523394
Tron-o-matic 5 Pro,Houston_01,2024-10-28,62.718180562663484,66.73069783966613,70.9899114326897,66.66310967053768
Tron-o-matic 5 Pro,Houston_01,2024-10-29,47.392158429864075,52.254463784280674,56.19375728700694,52.032770616949485
Tron-o-matic 5 Pro,Houston_01,2024-10-30,47.42186556859307,51.27806622361806,56.175858880485535,51.437161836839785
Tron-o-matic 5 Pro,Houston_01,2024-10-31,48.44742718633904,51.3770224289304,55.56065013725934,51.70780574039902
Tron-o-matic 5 Pro,Houston_01,2024-11-01,85.38315662684073,89.20520085766958,92.95811055529688,89.16659638141373
Tron-o-matic 5 Pro,Houston_01,2024-11-02,47.842704755531614,50.70441457745635,54.08342659561151,51.02478604091156
Tron-o-matic 5 Pro,Houston_01,2024-11-03,53.78971006395714,58.31002778459481,62.337812025717305,58.202676671586374
Tron-o-matic 5 Pro,Houston_01,2024-11-04,70.74272191096576,74.71474529710267,79.91931710350936,74.78343397142088
Tron-o-matic 5 Pro,Houston_01,2024-11-05,56.160743103434214,60.638115686624936,63.95531093747536,60.50879267790869
Tron-o-matic 5 Pro,Houston_01,2024-11-06,62.66613583777407,66.7695534357806,71.13766844315066,66.80145689542803
Tron-o-matic 5 Pro,Houston_01,2024-11-07,80.26046082109279,83.75408925882529,88.16059626941544,83.91077935417809
Tron-o-matic 5 Pro,Houston_01,2024-11-08,46.362958979609935,49.79918765635929,54.08856231657549,49.966044045147044
Tron-o-matic 5 Pro,Houston_01,2024-11-09,55.94659689184152,59.508342555912954,64.02123715526696,59.85723285512564
Tron-o-matic 5 Pro,Houston_01,2024-11-10,54.2847851962861,58.44303537537013,62.830680287094324,58.456817631345956
Tron-o-matic 5 Pro,Houston_01,2024-11-11,43.75522056700511,48.029281655715906,52.323299602160866,48.05636028911179
Tron-o-matic 5 Pro,Houston_01,2024-11-12,44.44400269235998,48.419772227054615,52.85871217215962,48.40881453779976
Tron-o-matic 5 Pro,Houston_01,2024-11-13,44.32441326068809,48.48687728542987,53.779814557030804,48.57037532331777
Tron-o-matic 5 Pro,Houston_01,2024-11-14,43.448766164598084,49.00874528567376,53.004953141342405,48.46716254065719
Tron-o-matic 5 Pro,Houston_01,2024-11-15,44.30059698085634,48.16508587742338,52.22888337935783,48.15409277817854
Tron-o-matic 5 Pro,Houston_01,2024-11-16,79.86980504947971,83.9098089683812,87.33213115271111,83.79239553137171
Tron-o-matic 5 Pro,Houston_01,2024-11-17,44.4645157603274,48.436963779737596,52.62163762685351,48.3218858460134
Tron-o-matic 5 Pro,Houston_01,2024-11-18,43.145416101207246,47.72390477372013,52.83423183866038,47.72540722936284
Tron-o-matic 5 Pro,Houston_01,2024-11-19,44.36278652240738,48.29076286547754,53.44997560040595,48.415318121064416
Tron-o-matic 5 Pro,Houston_01,2024-11-20,71.28756826933548,75.65815217125929,78.95044034646463,75.31215234525094
Tron-o-matic 5 Pro,Houston_01,2024-11-21,43.900391504033934,47.7062692175053,51.24437132908919,47.6056306116904
Tron-o-matic 5 Pro,Houston_01,2024-11-22,43.255974712207106,48.350916593409245,52.09810373412254,48.013273810620916
Tron-o-matic 5 Pro,Houston_01,2024-11-23,55.048285955938624,59.063637895720454,63.529214657142674,59.12629712500097
Tron-o-matic 5 Pro,Houston_01,2024-11-24,77.54445750856162,81.7571157111945,85.49771129621735,81.57672392522005
Tron-o-matic 5 Pro,Houston_01,2024-11-25,44.686080861625534,48.69710862210543,52.56688101479341,48.6208536045873
Tron-o-matic 5 Pro,Houston_01,2024-11-26,44.93354773475211,48.55365756592583,52.460159317298455,48.76604922847008
Tron-o-matic 5 Pro,Houston_01,2024-11-27,80.42016619190096,83.89050972050657,87.1601809347851,83.7418162453805
Tron-o-matic 5 Pro,Houston_01,2024-11-28,44.85473360999363,48.61351769381745,52.56305864728387,48.587957354371284
Tron-o-matic 5 Pro,Houston_01,2024-11-29,82.43811812955727,86.90832538497087,90.98059364878752,86.63967114812027
Tron-o-matic 5 Pro,Houston_01,2024-11-30,45.709121163913856,48.86605757756283,53.1417219705087,49.22871479902019
Tron-o-matic 5 Pro,Houston_01,2024-12-01,57.49850300357406,61.98807084254355,66.71680939519082,62.080299587593224
Tron-o-matic 5 Pro,Houston_01,2024-12-02,45.19451170860058,48.87049857388275,52.668363039165484,49.03727260557373
Tron-o-matic 5 Pro,Houston_01,2024-12-03,45.69449308465663,49.32721169361397,53.205222578358224,49.52302221146458
Tron-o-matic 5 Pro,Houston_01,2024-12-04,44.323377805542464,48.707904156776365,52.57780451656359,48.634708668130116
Tron-o-matic 5 Pro,Houston_01,2024-12-05,46.1402114598775,49.08960509906441,53.972653699929026,49.45719216931697
Tron-o-matic 5 Pro,Houston_01,2024-12-06,74.87299404827559,79.38616957874146,83.50548136292187,79.2257397065105
Tron-o-matic 5 Pro,Houston_01,2024-12-07,44.990921784017615,48.780925698309524,51.928283316563245,48.707503817587124
Tron-o-matic 5 Pro,Houston_01,2024-12-08,45.82451362836407,49.45142532968656,52.684874355169946,49.33400857026872
Tron-o-matic 5 Pro,Houston_01,2024-12-09,44.44733087817503,49.83095764115512,53.28211485045737,49.59037774538372
Tron-o-matic 5 Pro,Houston_01,2024-12-10,45.23171137846193,49.36641988087578,53.65757694915947,49.600919551520725
Tron-o-matic 5 Pro,Houston_01,2024-12-11,45.506262900761996,49.7532347183855,53.29898957254323,49.67657748544053
Tron-o-matic 5 Pro,Houston_01,2024-12-12,45.86938203254029,49.191794698107344,53.196812889913666,49.346277224243366
Tron-o-matic 5 Pro,Houston_01,2024-12-13,60.60430143460942,65.16727405913257,68.79501265646502,64.825832230912
Tron-o-matic 5 Pro,Houston_01,2024-12-14,46.08967326196091,50.1415336165695,53.644146709501584,49.981304352041704
Tron-o-matic 5 Pro,Houston_01,2024-12-15,44.99757699426723,49.68157750614531,53.2348203008663,49.41805243643542
Tron-o-matic 5 Pro,Houston_01,2024-12-16,53.10326056318837,56.931004308950236,60.3882646758249,56.81084441595876
Tron-o-matic 5 Pro,Houston_01,2024-12-17,45.09027373019284,49.38143631116095,52.75556900009767,49.16532341055385
Tron-o-matic 5 Pro,Houston_01,2024-12-18,45.81752690083119,48.340889297282466,52.662597547013235,48.78504128425981
Tron-o-matic 5 Pro,Houston_01,2024-12-19,56.463024684052506,60.46201226073085,64.0404174914432,60.392810001752615
Tron-o-matic 5 Pro,Houston_01,2024-12-20,44.254134021567616,49.19203174561159,52.321121349336465,48.730505660142
Tron-o-matic 5 Pro,Houston_01,2024-12-21,52.773790272300076,57.43630353406451,60.290022254829736,56.887787581017676
Tron-o-matic 5 Pro,Houston_01,2024-12-22,54.10330721252869,57.88320460899065,61.89127734394202,57.82200239778203
Tron-o-matic 5 Pro,Houston_01,2024-12-23,57.09443934709818,60.9571883060878,64.35289347816645,60.60866973351708
Tron-o-matic 5 Pro,Houston_01,2024-12-24,56.189368828438674,59.35785288041973,63.01299467917771,59.65768693258136
Tron-o-matic 5 Pro,Houston_01,2024-12-25,51.32725682440922,55.63165222455133,60.02736995276465,55.484509612395705
Tron-o-matic 5 Pro,Houston_01,2024-12-26,45.15539362824531,49.129286610384064,54.05448004317914,49.39522080276659
Tron-o-matic 5 Pro,Houston_01,2024-12-27,73.69119141734811,77.80064033657915,81.21016150582214,77.75001374667758
Tron-o-matic 5 Pro,Houston_01,2024-12-28,45.90157052869617,49.52749086863968,52.9162635297311,49.376105751379434
Tron-o-matic 5 Pro,Houston_01,2024-12-29,45.13934494624425,49.24218056484958,53.665734005469446,49.419162744427304
Tron-o-matic 5 Pro,Houston_01,2024-12-30,83.14112089180244,86.35048650038155,90.73341769050087,86.76837870830288
Tron-o-matic 5 Pro,Houston_01,2024-12-31,45.950232329763864,49.431269146849885,54.26246885646169,49.473433836425876
Tron-o-matic 5 Pro,NewYork_02,2024-10-01,66.76732235569771,72.67784760376742,77.5950736058265,72.48312737881307
Tron-o-matic 5 Pro,NewYork_02,2024-10-02,96.94452199882258,103.98654152884106,110.02157998269506,103.8896812324387
Tron-o-matic 5 Pro,NewYork_02,2024-10-03,66.68163712172561,71.78835062575256,77.75446986368352,71.88310200355316
Tron-o-matic 5 Pro,NewYork_02,2024-10-04,78.02771719625294,84.00941643143842,88.98555678371612,83.54248376984275
Tron-o-matic 5 Pro,NewYork_02,2024-10-05,65.87796235922669,71.41082057832368,76.14024850650546,71.26173040709583
Tron-o-matic 5 Pro,NewYork_02,2024-10-06,103.04199140323215,109.04539206538081,114.43830828857149,108.83005843045268
Tron-o-matic 5 Pro,NewYork_02,2024-10-07,66.92517984768743,72.32714249419821,78.31514867456585,72.30002448691121
Tron-o-matic 5 Pro,NewYork_02,2024-10-08,67.23910605673656,72.78887106544438,78.0709626839703,72.67709353065668
Tron-o-matic 5 Pro,NewYork_02,2024-10-09,84.71975289557616,90.98847656337979,96.26330754522529,90.68028751040984
Tron-o-matic 5 Pro,NewYork_02,2024-10-10,72.97169635938558,78.96196836956766,83.82742522403724,78.69226975674911
Tron-o-matic 5 Pro,NewYork_02,2024-10-11,66.30617458274246,72.04764921183668,76.87696503876003,71.5972691853683
Tron-o-matic 5 Pro,NewYork_02,2024-10-12,66.7550642099732,71.84305267494032,78.25179161356839,71.95578994932252
Tron-o-matic 5 Pro,NewYork_02,2024-10-13,65.56153919484755,70.0008112771465,74.91103780215691,70.20055707029934
Tron-o-matic 5 Pro,NewYork_02,2024-10-14,65.74969330194979,72.25244365260276,77.65100146974332,72.00433364863264
Tron-o-matic 5 Pro,NewYork_02,2024-10-15,66.16357545495201,71.09058100003182,77.03778280133824,71.35097359075979
Tron-o-matic 5 Pro,NewYork_02,2024-10-16,65.03911727226637,70.122864338103,75.61666309923228,70.31101725200841
Tron-o-matic 5 Pro,NewYork_02,2024-10-17,64.70360715019109,70.34417135698493,75.2006406261442,70.2377389435379
Tron-o-matic 5 Pro,NewYork_02,2024-10-18,64.38111700685029,69.81033844206618,77.06865789994269,70.37251115171297
Tron-o-matic 5 Pro,NewYork_02,2024-10-19,63.963685659555075,70.20666409241029,75.49614678595903,69.79909642138719
Tron-o-matic 5 Pro,NewYork_02,2024-10-20,64.29305512550107,69.44193903257035,75.39151190566598,69.68199347071597
Tron-o-matic 5 Pro,NewYork_02,2024-10-21,65.6226365708965,70.94397952409412,75.18869031480787,70.33734820604903
Tron-o-matic 5 Pro,NewYork_02,2024-10-22,64.16333181189371,69.77628861010785,75.06493182497982,69.89070176210474
Tron-o-matic 5 Pro,NewYork_02,2024-10-23,63.04580354383259,68.57926219099771,74.32224152969164,68.44309848053385
Tron-o-matic 5 Pro,NewYork_02,2024-10-24,62.766859672727726,69.40646784979648,74.43221081153656,68.71287395072432
Tron-o-matic 5 Pro,NewYork_02,2024-10-25,63.35338864541841,69.36028018151745,75.624962718647,69.27753677226417
Tron-o-matic 5 Pro,NewYork_02,2024-10-26,62.654126012238386,67.48308010730744,73.2460125088084,67.79917346970379
Tron-o-matic 5 Pro,NewYork_02,2024-10-27,61.946336509952545,68.31687955028819,73.7091611960129,67.8463268359375
Tron-o-matic 5 Pro,NewYork_02,2024-10-28,81.75963986385415,88.2645595499859,93.71204000472048,87.78333272725803
Tron-o-matic 5 Pro,NewYork_02,2024-10-29,62.45203804188138,67.53863055634223,72.33469837351247,67.46710890693033
Tron-o-matic 5 Pro,NewYork_02,2024-10-30,60.6746028125672,65.9972151737538,71.67166663284142,65.92101146695195
Tron-o-matic 5 Pro,NewYork_02,2024-10-31,60.694452324233104,66.95025756838821,71.93921124129601,66.56904838748233
Tron-o-matic 5 Pro,NewYork_02,2024-11-01,110.63023740908665,117.03180444347527,121.40369602035213,116.28148537653551
Tron-o-matic 5 Pro,NewYork_02,2024-11-02,58.52494055905512,64.67670802690577,70.22537040173634,64.47752864876026
Tron-o-matic 5 Pro,NewYork_02,2024-11-03,70.43872573814504,76.64602735518844,81.26948782875323,76.33190583678396
Tron-o-matic 5 Pro,NewYork_02,2024-11-04,90.84292118379786,96.81459644318478,102.44034158758309,96.61925956065366
Tron-o-matic 5 Pro,NewYork_02,2024-11-05,74.09578252362256,79.34463351448294,84.4319585176656,79.31880454715382
Tron-o-matic 5 Pro,NewYork_02,2024-11-06,80.18712609800076,85.85542187937601,91.76053421142373,85.85871539857204
Tron-o-matic 5 Pro,NewYork_02,2024-11-07,103.08664156505714,108.75392204611941,113.66237896273645,108.54983340483952
Tron-o-matic 5 Pro,NewYork_02,2024-11-08,58.890143988577975,64.94283624220063,70.21992311633528,64.76761065071159
Tron-o-matic 5 Pro,NewYork_02,2024-11-09,70.32629296602347,75.65460674815071,81.3714122515708,75.45137948175913
Tron-o-matic 5 Pro,NewYork_02,2024-11-10,68.8868430918606,74.45926181446835,80.25900752002991,74.25159287781133
Tron-o-matic 5 Pro,NewYork_02,2024-11-11,58.37827884677563,62.731855629780966,68.95390378310657,63.08956446607594
Tron-o-matic 5 Pro,NewYork_02,2024-11-12,58.29082657787664,63.07833791351042,68.54657073820677,63.2081368433804
Tron-o-matic 5 Pro,NewYork_02,2024-11-13,58.070605397332926,62.297990586103914,67.55749325190334,62.434641006346254
Tron-o-matic 5 Pro,NewYork_02,2024-11-14,56.48215641314101,62.025609685577095,68.03216500275113,62.20472395920786
Tron-o-matic 5 Pro,NewYork_02,2024-11-15,58.27052375668493,62.239380658754186,67.49742864559414,62.79533148212432
Tron-o-matic 5 Pro,NewYork_02,2024-11-16,103.44055002905898,108.28653320528458,112.88289839447096,108.18871844581534
Tron-o-matic 5 Pro,NewYork_02,2024-11-17,55.28409525004034,62.33067527165349,66.21490058823161,61.64957851833372
Tron-o-matic 5 Pro,NewYork_02,2024-11-18,56.68015644737484,63.092808270055315,68.10927903155836,62.86789730742899
Tron-o-matic 5 Pro,NewYork_02,2024-11-19,58.401286384855425,63.109590604454446,68.84169775564439,63.656933874331706
Tron-o-matic 5 Pro,NewYork_02,2024-11-20,93.23761541290249,97.98582449064057,103.46662175949383,97.8626100430868
Tron-o-matic 5 Pro,NewYork_02,2024-11-21,56.38905593211733,62.718622903803976,69.30453008786975,62.762117719747266
Tron-o-matic 5 Pro,NewYork_02,2024-11-22,58.09203299599167,62.92575128576622,67.7918649327462,62.80922521219761
Tron-o-matic 5 Pro,NewYork_02,2024-11-23,70.46800113883498,76.05446597710052,82.45314322802619,76.3145415234786
Tron-o-matic 5 Pro,NewYork_02,2024-11-24,100.01223763788059,106.07993019673621,112.25474256390473,105.92626497829522
Tron-o-matic 5 Pro,NewYork_02,2024-11-25,58.07807984020449,63.88382872034564,69.65286053189068,63.745653507167
Tron-o-matic 5 Pro,NewYork_02,2024-11-26,56.850048424216936,63.82530774789241,69.49565626566793,63.64881977156993
Tron-o-matic 5 Pro,NewYork_02,2024-11-27,103.35133603661745,109.45641456045396,114.62663854517844,109.23871022751547
Tron-o-matic 5 Pro,NewYork_02,2024-11-28,57.634087947442666,63.543530459937756,67.58671085735746,63.12299610712775
Tron-o-matic 5 Pro,NewYork_02,2024-11-29,107.86883847695512,112.7807549257102,118.78060047001998,113.03826921081588
Tron-o-matic 5 Pro,NewYork_02,2024-11-30,58.27453389227448,63.65175268594439,69.53058056365886,63.70620023625559
Tron-o-matic 5 Pro,NewYork_02,2024-12-01,73.33378939387623,79.43149649985374,85.75112278135643,79.6746771271785
Tron-o-matic 5 Pro,NewYork_02,2024-12-02,59.04546153194046,64.43860034483191,69.1075399719177,64.4390823890898
Tron-o-matic 5 Pro,NewYork_02,2024-12-03,60.5828566741944,64.72719361800148,69.39189251724602,64.63137467517596
Tron-o-matic 5 Pro,NewYork_02,2024-12-04,57.52175667621316,63.11778804464668,70.10606823536055,63.217537357981016
Tron-o-matic 5 Pro,NewYork_02,2024-12-05,58.75771695636993,65.09117018431506,69.16059482714088,64.62025442218999
Tron-o-matic 5 Pro,NewYork_02,2024-12-06,98.89699051953495,104.83376818487268,109.25353730879466,104.30334933138712
Tron-o-matic 5 Pro,NewYork_02,2024-12-07,58.30798224077013,64.02520080549994,68.70233953491889,63.76496441348317
Tron-o-matic 5 Pro,NewYork_02,2024-12-08,59.167182271050216,64.03453302062461,68.00465396121825,63.596218943341434
Tron-o-matic 5 Pro,NewYork_02,2024-12-09,59.767840643561264,64.31619496743681,70.25225705295108,64.59034536457321
Tron-o-matic 5 Pro,NewYork_02,2024-12-10,59.999811022050004,65.70572304501498,69.94272676784867,65.29006216597674
Tron-o-matic 5 Pro,NewYork_02,2024-12-11,57.722377057629615,62.78221949813386,68.80697840477237,63.21481085544578
Tron-o-matic 5 Pro,NewYork_02,2024-12-12,59.91228111981218,64.7398980373761,70.32875215497484,64.71262145523752
Tron-o-matic 5 Pro,NewYork_02,2024-12-13,77.0144886833341,83.43761343742104,89.1902428822779,83.10217284222523
Tron-o-matic 5 Pro,NewYork_02,2024-12-14,58.3594955469631,63.34023978495602,68.20034887643858,63.38904265792081
Tron-o-matic 5 Pro,NewYork_02,2024-12-15,58.39648423261861,63.44494329271993,67.88242214849396,63.04537181813628
Tron-o-matic 5 Pro,NewYork_02,2024-12-16,69.42290161626113,74.92560842392224,79.21594760166766,74.52372123965931
Tron-o-matic 5 Pro,NewYork_02,2024-12-17,57.938783120282295,63.2911326555324,69.91659022869977,63.473389121963066
Tron-o-matic 5 Pro,NewYork_02,2024-12-18,57.04409223942426,62.57421591745827,68.82146991223118,62.65774237754924
Tron-o-matic 5 Pro,NewYork_02,2024-12-19,74.12003842279374,79.04301307069535,84.37609441722678,79.3044487512044
Tron-o-matic 5 Pro,NewYork_02,2024-12-20,58.50068240566356,64.4501805828306,69.98557110430788,64.31763256283195
Tron-o-matic 5 Pro,NewYork_02,2024-12-21,68.4326848401718,74.37838243167464,79.07972825146066,73.78150435562671
Tron-o-matic 5 Pro,NewYork_02,2024-12-22,69.28729325848644,75.60463438679375,80.53802237399867,75.01482835744822
Tron-o-matic 5 Pro,NewYork_02,2024-12-23,73.65044525063648,79.62743086653253,83.97771695587744,79.13571126290171
Tron-o-matic 5 Pro,NewYork_02,2024-12-24,72.87329917890288,78.45306807941331,85.06841903300717,78.40334660075636
Tron-o-matic 5 Pro,NewYork_02,2024-12-25,66.83082636658239,71.76889934037375,76.24392316100207,71.57000326065655
Tron-o-matic 5 Pro,NewYork_02,2024-12-26,57.118833204728304,63.20948137078386,69.86978460074674,63.049249846718816
Tron-o-matic 5 Pro,NewYork_02,2024-12-27,95.70511748585974,102.47828916137153,107.58976459965194,101.91324177919881
Tron-o-matic 5 Pro,NewYork_02,2024-12-28,57.768150614670716,63.6354317991445,68.17434546078294,63.496903732706556
Tron-o-matic 5 Pro,NewYork_02,2024-12-29,57.99655345210206,63.65865274175213,69.47185112749048,63.53673524225821
Tron-o-matic 5 Pro,NewYork_02,2024-12-30,107.36959984889043,113.40084727637007,117.95055009946373,113.08604295610661
Tron-o-matic 5 Pro,NewYork_02,2024-12-31,59.43146926655269,64.51633896712156,69.4863925101924,64.57160976402524
Tron-o-matic 5 Pro,WashingtonDC_01,2024-10-01,42.02426326609429,45.881212363015905,49.566884519444045,46.09928374515855
Tron-o-matic 5 Pro,WashingtonDC_01,2024-10-02,62.67200421003834,66.4253041818289,69.07282854836258,66.33894684728082
Tron-o-matic 5 Pro,WashingtonDC_01,2024-10-03,41.643370014729385,45.33155609226739,48.36636458032599,45.062665613731525
Tron-o-matic 5 Pro,WashingtonDC_01,2024-10-04,48.777985997484514,52.82813089321192,56.5623391579656,52.68689848681242
Tron-o-matic 5 Pro,WashingtonDC_01,2024-10-05,42.56723394491014,46.15478197473262,48.94061664440315,45.97681517379847
Tron-o-matic 5 Pro,WashingtonDC_01,2024-10-06,66.14632369448589,69.126658465137,72.54890197893546,69.33480700684372
Tron-o-matic 5 Pro,WashingtonDC_01,2024-10-07,42.079524259221905,45.49553937901682,49.014536072457474,45.42343897576766
Tron-o-matic 5 Pro,WashingtonDC_01,2024-10-08,42.40328968478555,45.80773781133805,48.939587447885415,45.93289502815615
Tron-o-matic 5 Pro,WashingtonDC_01,2024-10-09,54.29823379657099,57.89220329737886,60.726122570934194,57.575159418390186
Tron-o-matic 5 Pro,WashingtonDC_01,2024-10-10,46.72214380272823,50.05897686520838,52.78257524043068,49.89528548328076
Tron-o-matic 5 Pro,WashingtonDC_01,2024-10-11,41.85312686920031,45.13420941341926,48.62930981790346,45.18859030990521
Tron-o-matic 5 Pro,WashingtonDC_01,2024-10-12,41.537180247867326,45.12587551218665,48.08867101589103,45.016453886681994
Tron-o-matic 5 Pro,WashingtonDC_01,2024-10-13,41.25061211881637,44.59752390374314,48.030255763261444,44.574884516810464
Tron-o-matic 5 Pro,WashingtonDC_01,2024-10-14,42.010187400042945,45.333030536489694,48.507284372663115,45.26076037369782
Tron-o-matic 5 Pro,WashingtonDC_01,2024-10-15,41.26997827088582,44.468826348535075,48.19177254485211,44.55050285935317
Tron-o-matic 5 Pro,WashingtonDC_01,2024-10-16,40.20831372613034,44.60606389890784,48.190780339297966,44.37204761463495
Tron-o-matic 5 Pro,WashingtonDC_01,2024-10-17,41.77952537655813,44.662713384292566,48.055926058732894,44.51279690741666
Tron-o-matic 5 Pro,WashingtonDC_01,2024-10-18,41.4466247181969,44.80993946067854,48.01936472861951,44.70409653430949
Tron-o-matic 5 Pro,WashingtonDC_01,2024-10-19,42.30478496069104,44.52491547319151,47.14373081568786,44.64097948311968
Tron-o-matic 5 Pro,WashingtonDC_01,2024-10-20,41.44809846721481,43.719751086718105,47.13460906471741,43.98385627270184
Tron-o-matic 5 Pro,WashingtonDC_01,2024-10-21,40.58867913167321,43.477602192878834,46.47507886862924,43.4664534048676
Tron-o-matic 5 Pro,WashingtonDC_01,2024-10-22,40.30533263219154,44.18996690603659,48.1405019902915,43.99871694178854
Tron-o-matic 5 Pro,WashingtonDC_01,2024-10-23,40.14869139468911,43.607441334436885,46.577722125604105,43.49759574281572
Tron-o-matic 5 Pro,WashingtonDC_01,2024-10-24,40.18475672708664,42.43059530169855,46.10675138490378,42.63309330599461
Tron-o-matic 5 Pro,WashingtonDC_01,2024-10-25,40.17898674780986,43.139987162512085,47.282247711326235,43.333349297241064
Tron-o-matic 5 Pro,WashingtonDC_01,2024-10-26,39.69310578452265,43.50757975546923,46.43800684672942,43.283263189828034
Tron-o-matic 5 Pro,WashingtonDC_01,2024-10-27,38.68454478907359,42.463331597946286,45.86839410290416,42.3508930937213
Tron-o-matic 5 Pro,WashingtonDC_01,2024-10-28,51.29700884667285,54.903840086627454,57.52081693918979,54.62205699252368
Tron-o-matic 5 Pro,WashingtonDC_01,2024-10-29,38.868752050897534,42.710392072053935,46.090321055167664,42.533300122536886
Tron-o-matic 5 Pro,WashingtonDC_01,2024-10-30,38.27230043827089,41.702108637931914,44.21227867429143,41.58731302266723
Tron-o-matic 5 Pro,WashingtonDC_01,2024-10-31,38.84316754988578,42.28676562465778,45.05729206011011,41.95343351138815
Tron-o-matic 5 Pro,WashingtonDC_01,2024-11-01,70.13563303778442,74.1436376397506,77.77583318932723,73.90002422951572
Tron-o-matic 5 Pro,WashingtonDC_01,2024-11-02,39.16246822601749,42.03940993113345,45.384450977804974,42.089812605296046
Tron-o-matic 5 Pro,WashingtonDC_01,2024-11-03,45.05150396876677,48.1107089253498,50.92769697090113,47.991896466593914
Tron-o-matic 5 Pro,WashingtonDC_01,2024-11-04,57.732640032028144,61.197200182965766,65.04302768663928,61.07530379253976
Tron-o-matic 5 Pro,WashingtonDC_01,2024-11-05,46.84667674402805,50.353068564275844,53.60346968848081,50.111913320702044
Tron-o-matic 5 Pro,WashingtonDC_01,2024-11-06,49.835989261301734,54.72250262023502,58.019589326317714,54.446766598792586
Tron-o-matic 5 Pro,WashingtonDC_01,2024-11-07,65.8345125954628,68.53538161511507,72.39255428905412,69.01200759757309
Tron-o-matic 5 Pro,WashingtonDC_01,2024-11-08,37.47715123005577,40.44871857891862,44.35248757385144,40.730901645127126
Tron-o-matic 5 Pro,WashingtonDC_01,2024-11-09,44.90550127301459,48.69922782357339,52.522260349087695,48.958824568924314
Tron-o-matic 5 Pro,WashingtonDC_01,2024-11-10,43.69684917336566,47.488074841522085,50.54847834287917,47.412628954820384
Tron-o-matic 5 Pro,WashingtonDC_01,2024-11-11,37.47625923259039,40.90589198317261,44.24580025156662,40.81914276109043
Tron-o-matic 5 Pro,WashingtonDC_01,2024-11-12,36.92619693070646,39.71780280187212,43.27365462545667,40.07682878063928
Tron-o-matic 5 Pro,WashingtonDC_01,2024-11-13,36.479554131628255,39.228932465693944,43.43579628491285,39.679296739698984
Tron-o-matic 5 Pro,WashingtonDC_01,2024-11-14,36.73005892962698,40.51879683651516,44.13889378250635,40.265140341401214
Tron-o-matic 5 Pro,WashingtonDC_01,2024-11-15,36.745144172627406,40.150207503743694,43.17326723031823,40.005073204174025
Tron-o-matic 5 Pro,WashingtonDC_01,2024-11-16,65.91528597165575,68.9164399962624,72.3423031952893,69.01729613342188
Tron-o-matic 5 Pro,WashingtonDC_01,2024-11-17,36.0776640589132,39.6823463858488,43.10426950392227,39.675545712855744
Tron-o-matic 5 Pro,WashingtonDC_01,2024-11-18,36.90482616090776,40.61773310169686,43.62509624850337,40.407376575130854
Tron-o-matic 5 Pro,WashingtonDC_01,2024-11-19,36.607924073245044,39.50634163514109,42.313924118503266,39.70638051970909
Tron-o-matic 5 Pro,WashingtonDC_01,2024-11-20,59.81910362791371,62.89501667371312,65.720914808416,62.826089825092886
Tron-o-matic 5 Pro,WashingtonDC_01,2024-11-21,36.28898277864848,39.631245376973396,43.088148963123636,39.73035840626899
Tron-o-matic 5 Pro,WashingtonDC_01,2024-11-22,36.401663609536186,40.27905013531635,43.46805786691581,39.98365525385348
Tron-o-matic 5 Pro,WashingtonDC_01,2024-11-23,45.34901669327581,49.220359974786305,51.77551840971427,48.817455693837736
Tron-o-matic 5 Pro,WashingtonDC_01,2024-11-24,63.72639323814948,67.80651363273765,70.26443664415676,67.35906999324115
Tron-o-matic 5 Pro,WashingtonDC_01,2024-11-25,36.63781451892393,39.98610196773113,42.57721161362115,39.876753532167335
Tron-o-matic 5 Pro,WashingtonDC_01,2024-11-26,36.58175235202433,40.32324705697511,43.809196890844795,40.3825964738879
Tron-o-matic 5 Pro,WashingtonDC_01,2024-11-27,65.49060613085241,69.11513064838155,72.6003906868902,69.06593637447523
Tron-o-matic 5 Pro,WashingtonDC_01,2024-11-28,36.36747918165488,39.74179180973897,42.85331053037457,39.61938212442432
Tron-o-matic 5 Pro,WashingtonDC_01,2024-11-29,67.92509860882846,71.46385872928894,75.01438429948952,71.49544187395374
Tron-o-matic 5 Pro,WashingtonDC_01,2024-11-30,36.133195988071364,40.617642286666175,43.771669235638754,40.152834408332225
Tron-o-matic 5 Pro,WashingtonDC_01,2024-12-01,47.582717373710615,50.29056275038251,54.56158904449339,50.5789369979052
Tron-o-matic 5 Pro,WashingtonDC_01,2024-12-02,37.30929047796477,40.335606139008455,44.088038501326274,40.52010299095399
Tron-o-matic 5 Pro,WashingtonDC_01,2024-12-03,37.53092328629508,41.012643657505734,43.644511212897,40.64949014371989
Tron-o-matic 5 Pro,WashingtonDC_01,2024-12-04,36.82653779578949,40.387781740934635,43.462019848366474,40.32133363350989
Tron-o-matic 5 Pro,WashingtonDC_01,2024-12-05,37.00829150696559,40.488308499161185,44.188234586610065,40.52195230572871
Tron-o-matic 5 Pro,WashingtonDC_01,2024-12-06,61.848418052071914,65.43530777116926,69.8264280673911,65.51522825584479
Tron-o-matic 5 Pro,WashingtonDC_01,2024-12-07,37.224471813232114,40.18325389274806,43.077692827455266,40.44267035534901
Tron-o-matic 5 Pro,WashingtonDC_01,2024-12-08,36.44899947868897,40.383371556528886,44.066319912797006,40.288223797328904
Tron-o-matic 5 Pro,WashingtonDC_01,2024-12-09,37.51835474772215,41.19593021429102,44.133853637837646,40.87120014171649
Tron-o-matic 5 Pro,WashingtonDC_01,2024-12-10,37.15752803095276,41.00767752816984,44.43304533796759,40.752975283080424
Tron-o-matic 5 Pro,WashingtonDC_01,2024-12-11,37.94546088805003,40.877042844578824,44.303156326298755,40.90027240639676
Tron-o-matic 5 Pro,WashingtonDC_01,2024-12-12,37.28764953969796,40.894643402184506,44.430698708281064,40.96486782954585
Tron-o-matic 5 Pro,WashingtonDC_01,2024-12-13,49.445833266453064,53.73215804964083,56.779179967955486,53.491068101669136
Tron-o-matic 5 Pro,WashingtonDC_01,2024-12-14,37.56425737239748,40.32578272012426,44.05635261252528,40.59015625859788
Tron-o-matic 5 Pro,WashingtonDC_01,2024-12-15,37.98899986347942,41.082451489736066,44.51972173711886,41.195125856144024
Tron-o-matic 5 Pro,WashingtonDC_01,2024-12-16,43.435650077215854,47.175388209107496,50.47501060125695,47.179536773267294
Tron-o-matic 5 Pro,WashingtonDC_01,2024-12-17,38.156125437733486,41.00064802844358,44.47751315409071,41.150481406553396
Tron-o-matic 5 Pro,WashingtonDC_01,2024-12-18,37.28311976481272,40.50837966476469,44.9365311466579,40.72789286255115
Tron-o-matic 5 Pro,WashingtonDC_01,2024-12-19,47.10695663866297,50.31364306101074,54.00508019534717,50.485419418555765
Tron-o-matic 5 Pro,WashingtonDC_01,2024-12-20,38.038048393622724,41.22686370238497,44.31319187682111,41.25327836627435
Tron-o-matic 5 Pro,WashingtonDC_01,2024-12-21,43.91337470643722,47.7489807898209,51.32314139175371,47.850157388775905
Tron-o-matic 5 Pro,WashingtonDC_01,2024-12-22,45.118300138459695,48.5623788634314,51.81012291458178,48.58427975452112
Tron-o-matic 5 Pro,WashingtonDC_01,2024-12-23,48.00671051492329,51.40712114689334,54.97543498742011,51.489339205320746
Tron-o-matic 5 Pro,WashingtonDC_01,2024-12-24,46.609355587650654,49.90215304362784,53.52173694305442,49.97603910095641
Tron-o-matic 5 Pro,WashingtonDC_01,2024-12-25,42.88285479595054,47.01373423763092,49.792582946734015,46.49839858266546
Tron-o-matic 5 Pro,WashingtonDC_01,2024-12-26,38.1676175429064,41.95992563494311,44.49147989216474,41.53323837350496
Tron-o-matic 5 Pro,WashingtonDC_01,2024-12-27,62.140746380990066,65.79075609102733,68.61556539081833,65.3766723404799
Tron-o-matic 5 Pro,WashingtonDC_01,2024-12-28,38.58587477540957,41.29885185511027,44.345785491907144,41.34988077803815
Tron-o-matic 5 Pro,WashingtonDC_01,2024-12-29,37.744144110853696,41.74866951997471,45.35729619332038,41.57375300768383
Tron-o-matic 5 Pro,WashingtonDC_01,2024-12-30,69.36449098665669,72.93094630613108,76.64320428660584,72.87068360538011
Tron-o-matic 5 Pro,WashingtonDC_01,2024-12-31,38.590741199732115,42.334271301903016,45.71136522981402,42.183038949735234
Tron-o-matic 5 Pro,NewYork_01,2024-10-01,66.5455469246063,72.04778908384662,76.97087561738931,71.98423807942152
Tron-o-matic 5 Pro,NewYork_01,2024-10-02,99.83761181599971,106.22034404320135,110.50842287557276,105.62046740139631
Tron-o-matic 5 Pro,NewYork_01,2024-10-03,67.36181050022182,72.71414882641865,77.19837731089464,72.46946799403335
Tron-o-matic 5 Pro,NewYork_01,2024-10-04,77.86613243495798,82.75667300300502,89.09038963557472,83.18779154264075
Tron-o-matic 5 Pro,NewYork_01,2024-10-05,66.40289504969118,71.49990557808682,77.77461825286987,71.86974370616956
Tron-o-matic 5 Pro,NewYork_01,2024-10-06,104.20612985360631,109.69719458634378,114.80230145063993,109.36772908806651
Tron-o-matic 5 Pro,NewYork_01,2024-10-07,66.98143229055692,71.54797030881996,77.26736081717202,71.91808173403808
Tron-o-matic 5 Pro,NewYork_01,2024-10-08,66.44280563112868,71.05784837456049,75.99221243133297,71.13701307453734
Tron-o-matic 5 Pro,NewYork_01,2024-10-09,84.24509653684886,90.17155571859016,95.58078814836446,90.43145702884017
Tron-o-matic 5 Pro,NewYork_01,2024-10-10,72.3963601364417,78.31842679528351,84.58909011151339,78.65254906036516
Tron-o-matic 5 Pro,NewYork_01,2024-10-11,66.03626435471479,72.72107943724045,78.23572426306066,72.230088853825
Tron-o-matic 5 Pro,NewYork_01,2024-10-12,65.2692610912985,69.84893189429476,74.23110935554598,69.87209015730302
Tron-o-matic 5 Pro,NewYork_01,2024-10-13,65.61092043275792,71.24405335390351,77.11493194354077,71.05939335833996
Tron-o-matic 5 Pro,NewYork_01,2024-10-14,65.66619699396989,71.30481353768789,75.90812567798707,71.03304180433105
Tron-o-matic 5 Pro,NewYork_01,2024-10-15,64.8510564754982,70.47444051453246,75.69093282510347,70.3649486802382
Tron-o-matic 5 Pro,NewYork_01,2024-10-16,64.27466011998926,70.13201446227966,74.49006280038888,69.60507955737711
Tron-o-matic 5 Pro,NewYork_01,2024-10-17,65.51845304155202,70.57876383531611,75.27256695546471,70.64904433593078
Tron-o-matic 5 Pro,NewYork_01,2024-10-18,63.768470518860795,70.13187814006514,75.36739558405607,69.70588509711425
Tron-o-matic 5 Pro,NewYork_01,2024-10-19,64.75072997835485,69.96038746105721,73.6612759644489,69.49705972643093
Tron-o-matic 5 Pro,NewYork_01,2024-10-20,63.46319990001941,69.19707635587044,73.91408248940083,68.81588203095079
Tron-o-matic 5 Pro,NewYork_01,2024-10-21,63.195538087120404,69.88863233591717,74.57768018337148,69.37159307733545
Tron-o-matic 5 Pro,NewYork_01,2024-10-22,63.70959845429371,69.11723670426134,74.2246185038485,69.02710686620941
Tron-o-matic 5 Pro,NewYork_01,2024-10-23,61.66053362011631,68.3508465870457,73.68449132525082,68.08839289143785
Tron-o-matic 5 Pro,NewYork_01,2024-10-24,63.23592640159805,69.31406121264341,74.64014842476044,69.27354057522591
Tron-o-matic 5 Pro,NewYork_01,2024-10-25,63.03618581455683,68.13505534828043,73.16137327120582,68.02299176986148
Tron-o-matic 5 Pro,NewYork_01,2024-10-26,62.5667075060849,67.83593551653861,72.33325994987229,67.52221945264647
Tron-o-matic 5 Pro,NewYork_01,2024-10-27,61.098393294797255,66.49905775217205,72.92709677126011,66.847583554265
Tron-o-matic 5 Pro,NewYork_01,2024-10-28,81.46459951923006,87.14923116260645,91.92284674240005,86.83109330308083
Tron-o-matic 5 Pro,NewYork_01,2024-10-29,61.46463295659824,66.72479297656614,72.86761039107961,66.98263582374832
Tron-o-matic 5 Pro,NewYork_01,2024-10-30,61.25500046351425,66.66553419892162,72.08575415483526,66.72012665477465
Tron-o-matic 5 Pro,NewYork_01,2024-10-31,61.48113123259211,66.86383358838559,72.74037711627135,66.75420405846839
Tron-o-matic 5 Pro,NewYork_01,2024-11-01,111.44391540194113,116.20031145326143,122.04157709821523,116.39236901402883
Tron-o-matic 5 Pro,NewYork_01,2024-11-02,60.087191331207435,65.72748238622367,71.14285752957575,65.70098586483599
Tron-o-matic 5 Pro,NewYork_01,2024-11-03,71.39428742342893,76.09929067983347,80.36414465986272,75.86368266670672
Tron-o-matic 5 Pro,NewYork_01,2024-11-04,91.03790536385232,97.2514041423586,103.02425417649046,97.1186554191421
Tron-o-matic 5 Pro,NewYork_01,2024-11-05,73.90924415458952,78.37616343548076,83.72074965614824,78.92890495784738
Tron-o-matic 5 Pro,NewYork_01,2024-11-06,81.38446295687893,86.60269342178675,91.45063602782487,86.69081496081179
Tron-o-matic 5 Pro,NewYork_01,2024-11-07,104.84860160260344,111.56005396707802,115.35137621356077,110.52975070919379
Tron-o-matic 5 Pro,NewYork_01,2024-11-08,58.82611854806308,65.05152506145797,69.76468007105787,64.7216478611265
Tron-o-matic 5 Pro,NewYork_01,2024-11-09,71.63150775123468,76.54136341472633,82.37370314212139,76.97761418029098
Tron-o-matic 5 Pro,NewYork_01,2024-11-10,69.38549718370264,74.32081291599827,80.48132080926761,74.90328095323703
Tron-o-matic 5 Pro,NewYork_01,2024-11-11,58.66199376102437,63.443868157128996,68.50777467156458,63.713302784542975
Tron-o-matic 5 Pro,NewYork_01,2024-11-12,59.80424241135535,64.48192024190064,69.55917165425052,64.75239522111602
Tron-o-matic 5 Pro,NewYork_01,2024-11-13,58.16449906609309,63.26099384206204,68.05605997237208,63.1500165668674
Tron-o-matic 5 Pro,NewYork_01,2024-11-14,58.628915575191044,64.08230642723356,69.49764414018766,63.98299344327942
Tron-o-matic 5 Pro,NewYork_01,2024-11-15,58.9968012562146,63.24678016719756,68.29584494148425,63.36608175063296
Tron-o-matic 5 Pro,NewYork_01,2024-11-16,103.78189421199441,109.58746238215186,114.62560463236692,109.35857858972149
Tron-o-matic 5 Pro,NewYork_01,2024-11-17,56.9803887859194,63.045423095394895,67.20719060516127,62.709575739256
Tron-o-matic 5 Pro,NewYork_01,2024-11-18,60.243118959847585,63.6849943804344,67.87556739340228,63.8502112558082
Tron-o-matic 5 Pro,NewYork_01,2024-11-19,57.271652000418875,63.77431990013937,69.18993299690707,63.240487318436124
Tron-o-matic 5 Pro,NewYork_01,2024-11-20,93.44448192627563,98.45199488201123,103.63903148713017,98.49298154727153
Tron-o-matic 5 Pro,NewYork_01,2024-11-21,57.556738881594924,63.530338980338385,68.87503447652838,63.290766040866316
Tron-o-matic 5 Pro,NewYork_01,2024-11-22,59.037391877489036,63.045830591948004,69.31705790159445,63.623016671635675
Tron-o-matic 5 Pro,NewYork_01,2024-11-23,71.39228308323962,77.63877308801803,82.51213656341957,77.13215273611792
Tron-o-matic 5 Pro,NewYork_01,2024-11-24,100.80452195807216,106.3382084750692,111.88208216463636,106.57357986486501
Tron-o-matic 5 Pro,NewYork_01,2024-11-25,56.920947784793526,63.231693111637824,69.87414221649148,63.31814183546288
Tron-o-matic 5 Pro,NewYork_01,2024-11-26,59.04676843802614,64.91907124594633,69.43016243048463,64.53702345368875
Tron-o-matic 5 Pro,NewYork_01,2024-11-27,104.92744559598593,109.85750590073879,114.02951006555197,109.79092644151206
Tron-o-matic 5 Pro,NewYork_01,2024-11-28,57.216817915550024,64.43183989801531,69.17606362296158,63.7582826849714
Tron-o-matic 5 Pro,NewYork_01,2024-11-29,108.37940691862704,113.76050499387914,119.07422107683155,113.72860231124923
Tron-o-matic 5 Pro,NewYork_01,2024-11-30,58.471974957832494,63.6307519057957,67.43601558690487,63.327184816589586
Tron-o-matic 5 Pro,NewYork_01,2024-12-01,75.43715567527111,80.85885997321303,86.06688731148822,80.71911049107945
Tron-o-matic 5 Pro,NewYork_01,2024-12-02,60.517566278492176,64.74055382338241,69.44819410779719,64.77032718022382
Tron-o-matic 5 Pro,NewYork_01,2024-12-03,58.30595563159681,65.04178853351759,68.91648991118826,64.18330348118812
Tron-o-matic 5 Pro,NewYork_01,2024-12-04,58.60206784771902,65.03350026384628,69.51797185514339,64.41505808131666
Tron-o-matic 5 Pro,NewYork_01,2024-12-05,59.363191908596384,65.15629359703945,69.20454349725816,64.82906740165089
Tron-o-matic 5 Pro,NewYork_01,2024-12-06,98.59706071318689,104.46506210048177,109.28900690701715,104.31004112153829
Tron-o-matic 5 Pro,NewYork_01,2024-12-07,59.148930165829995,63.658180846423406,69.31206051806423,64.13040957029642
Tron-o-matic 5 Pro,NewYork_01,2024-12-08,59.21788397351933,65.05258276385898,70.40090115293171,64.76376720188733
Tron-o-matic 5 Pro,NewYork_01,2024-12-09,60.047578064734466,65.14191903501543,70.9142124521476,65.27035107090572
Tron-o-matic 5 Pro,NewYork_01,2024-12-10,60.65328163409485,65.59053520392402,70.5492808433479,65.46249543459697
Tron-o-matic 5 Pro,NewYork_01,2024-12-11,58.05537353879006,63.28975514894235,68.5813735141672,63.384656701429904
Tron-o-matic 5 Pro,NewYork_01,2024-12-12,59.444127971181096,65.32706878909346,70.27747843061522,64.94889627236826
Tron-o-matic 5 Pro,NewYork_01,2024-12-13,79.10410929918918,84.4545108235438,88.47401794370164,84.06729305042849
Tron-o-matic 5 Pro,NewYork_01,2024-12-14,58.52055456570612,64.28289321329468,69.92468843799084,64.05715926037472
Tron-o-matic 5 Pro,NewYork_01,2024-12-15,58.36322166271598,64.47513129590024,68.97616062966392,64.08385592605134
Tron-o-matic 5 Pro,NewYork_01,2024-12-16,68.33895713036641,73.44696366929324,78.7912791290717,73.35220138249586
Tron-o-matic 5 Pro,NewYork_01,2024-12-17,59.05146621440483,64.73145455609699,69.33212746961136,64.39046562694475
Tron-o-matic 5 Pro,NewYork_01,2024-12-18,58.27729025820699,62.9063315476564,67.82686570999628,63.32810421054076
Tron-o-matic 5 Pro,NewYork_01,2024-12-19,74.85192422132576,80.26231735182769,84.92014385951165,79.91504110581761
Tron-o-matic 5 Pro,NewYork_01,2024-12-20,58.90624248619238,64.67703508783515,68.47447537477825,64.0259845123117
Tron-o-matic 5 Pro,NewYork_01,2024-12-21,68.36699987953425,74.46932366280336,79.68439710908028,74.16949894302071
Tron-o-matic 5 Pro,NewYork_01,2024-12-22,70.54780338920462,76.47907206706232,81.08573073851323,75.9618424303978
Tron-o-matic 5 Pro,NewYork_01,2024-12-23,74.55064179112647,79.42321868509161,84.8215375473633,79.52753250076263
Tron-o-matic 5 Pro,NewYork_01,2024-12-24,73.15778319552699,78.27191271274022,83.92973419223496,78.43237617253844
Tron-o-matic 5 Pro,NewYork_01,2024-12-25,65.66471445780904,72.57066572264578,77.68729755707318,72.32088836593461
Tron-o-matic 5 Pro,NewYork_01,2024-12-26,57.00310675414515,63.7097575492395,69.0706879876198,63.40725049181661
Tron-o-matic 5 Pro,NewYork_01,2024-12-27,96.89407301555906,101.67560092869154,108.0068549224062,102.0963564526278
Tron-o-matic 5 Pro,NewYork_01,2024-12-28,58.849681649215434,64.90634785649598,69.66424902931308,64.61772431877998
Tron-o-matic 5 Pro,NewYork_01,2024-12-29,58.85951695493812,64.03558456215809,69.61767900739729,64.04788382364515
Tron-o-matic 5 Pro,NewYork_01,2024-12-30,108.94101003040778,114.48127728823549,119.33526182983762,113.97773550538933
Tron-o-matic 5 Pro,NewYork_01,2024-12-31,59.292412266766455,65.6954457431601,70.8989679806723,65.35718691744113
Tron-o-matic 5 Pro,Philadelphia_01,2024-10-01,41.43590743477552,44.41334407044939,48.278684250744405,44.61615252722137
Tron-o-matic 5 Pro,Philadelphia_01,2024-10-02,62.158426877795144,66.31677650430622,69.54895218218823,65.83188852372173
Tron-o-matic 5 Pro,Philadelphia_01,2024-10-03,40.87072916472253,44.68421232373378,47.928253896667414,44.614735337807545
Tron-o-matic 5 Pro,Philadelphia_01,2024-10-04,48.56754246520134,52.31979897591826,55.484681373431265,52.07081726454765
Tron-o-matic 5 Pro,Philadelphia_01,2024-10-05,40.500382491678714,44.17110842938491,47.515335859744376,44.22408718796088
Tron-o-matic 5 Pro,Philadelphia_01,2024-10-06,64.99759095618148,68.43800027549646,71.40171630883609,68.32797576739185
Tron-o-matic 5 Pro,Philadelphia_01,2024-10-07,40.67576597149983,44.61943624552297,47.123488317436454,44.40520603268644
Tron-o-matic 5 Pro,Philadelphia_01,2024-10-08,41.15537663870239,44.45702846659316,47.542692879917006,44.36313599257898
Tron-o-matic 5 Pro,Philadelphia_01,2024-10-09,54.03925861362794,57.25975378007227,60.500469653569326,57.05420803056853
Tron-o-matic 5 Pro,Philadelphia_01,2024-10-10,44.88391966921808,49.19023480434377,52.061665913841075,48.74154707268608
Tron-o-matic 5 Pro,Philadelphia_01,2024-10-11,41.18084666536997,45.05603166329366,48.24675981396266,44.858585998475604
Tron-o-matic 5 Pro,Philadelphia_01,2024-10-12,41.03194901476848,44.31027623318419,47.693928583384086,44.33320144755573
Tron-o-matic 5 Pro,Philadelphia_01,2024-10-13,41.26407663013003,44.229551630248025,47.523409775724346,44.31392725564432
Tron-o-matic 5 Pro,Philadelphia_01,2024-10-14,40.62741371837163,44.01474027669248,47.54108823171992,44.00261941358326
Tron-o-matic 5 Pro,Philadelphia_01,2024-10-15,41.545367564377585,44.721667898868525,47.91619099905827,44.63605116667236
Tron-o-matic 5 Pro,Philadelphia_01,2024-10-16,41.23255927349209,43.932992506386704,46.894296746502064,43.8740395807244
Tron-o-matic 5 Pro,Philadelphia_01,2024-10-17,39.47465317454423,43.72337047617209,47.27875626895989,43.47477529144025
Tron-o-matic 5 Pro,Philadelphia_01,2024-10-18,40.55801943686254,44.463048867088105,47.54019479709728,44.16808600583808
Tron-o-matic 5 Pro,Philadelphia_01,2024-10-19,40.65967502113934,43.635329365305886,47.133895981494916,43.788314722816764
Tron-o-matic 5 Pro,Philadelphia_01,2024-10-20,41.14219983342327,43.94816062525299,46.622465325406374,43.809790527471634
Tron-o-matic 5 Pro,Philadelphia_01,2024-10-21,40.233234358205266,43.72149878845419,46.75005504612278,43.50962663882981
Tron-o-matic 5 Pro,Philadelphia_01,2024-10-22,40.51704989495269,43.80231484240701,47.08096563885744,43.88023931906382
Tron-o-matic 5 Pro,Philadelphia_01,2024-10-23,39.78839268977596,43.122240890509154,46.39948194392066,42.93993244670245
Tron-o-matic 5 Pro,Philadelphia_01,2024-10-24,38.94409977195329,42.98771367455217,46.545501555040225,43.17723109182749
Tron-o-matic 5 Pro,Philadelphia_01,2024-10-25,39.5813748179088,43.276935490599136,46.90556956996035,43.29231252260486
Tron-o-matic 5 Pro,Philadelphia_01,2024-10-26,38.48549403046684,42.67017283828947,46.26123020884355,42.64596994442907
Tron-o-matic 5 Pro,Philadelphia_01,2024-10-27,39.103919355820146,42.43946290613225,45.950379811902316,42.33065156735291
Tron-o-matic 5 Pro,Philadelphia_01,2024-10-28,50.89204597125629,54.497422078551004,58.30118240703945,54.40739764955095
Tron-o-matic 5 Pro,Philadelphia_01,2024-10-29,39.12813327796368,42.72094110032349,45.99841495952975,42.548355215624426
Tron-o-matic 5 Pro,Philadelphia_01,2024-10-30,37.985336514174826,40.72421258789855,44.02200793820777,41.11043592740475
Tron-o-matic 5 Pro,Philadelphia_01,2024-10-31,38.08950084327488,41.904033846828824,45.04340844867385,41.878169308212534
Tron-o-matic 5 Pro,Philadelphia_01,2024-11-01,69.57954279016073,73.44171930189172,76.68300973324078,73.34039723940754
Tron-o-matic 5 Pro,Philadelphia_01,2024-11-02,38.77800853161783,41.65211489036518,44.85370375792007,41.69879344449867
Tron-o-matic 5 Pro,Philadelphia_01,2024-11-03,45.009190969989945,48.52883428368139,51.59790677051224,48.35809973030002
Tron-o-matic 5 Pro,Philadelphia_01,2024-11-04,57.87211652450227,61.50565354414693,64.83565635508074,61.44230233852932
Tron-o-matic 5 Pro,Philadelphia_01,2024-11-05,45.44406502279722,49.98477791259658,53.77904342218539,49.9915676128794
Tron-o-matic 5 Pro,Philadelphia_01,2024-11-06,51.69404778779878,54.772831842607005,58.08916428014559,54.72721543075057
Tron-o-matic 5 Pro,Philadelphia_01,2024-11-07,66.18583188399226,69.04889288555785,72.36448822548014,69.19923639671704
Tron-o-matic 5 Pro,Philadelphia_01,2024-11-08,37.89298709008603,41.084090609848275,44.10960434713418,41.14226489940419
Tron-o-matic 5 Pro,Philadelphia_01,2024-11-09,45.11945143329988,48.1882074545166,52.06708874548263,48.37450589911005
Tron-o-matic 5 Pro,Philadelphia_01,2024-11-10,44.411070049600106,48.278913511792965,52.440010483108374,48.377214953967034
Tron-o-matic 5 Pro,Philadelphia_01,2024-11-11,37.068449589346145,40.35173329947123,43.55609466954682,40.305173424915935
Tron-o-matic 5 Pro,Philadelphia_01,2024-11-12,36.909262793384,40.76563007922814,43.35253051561075,40.290478317294216
Tron-o-matic 5 Pro,Philadelphia_01,2024-11-13,36.63420056074822,39.334359156311386,42.61629143835537,39.43750196307983
Tron-o-matic 5 Pro,Philadelphia_01,2024-11-14,36.564901566523346,40.30988858718656,43.46166604642924,40.05656910101035
Tron-o-matic 5 Pro,Philadelphia_01,2024-11-15,36.407890381806055,40.16136458314813,42.97404041191954,40.14104407248562
Tron-o-matic 5 Pro,Philadelphia_01,2024-11-16,65.05442303354596,68.57219467856018,72.61507437283906,68.77976033041483
Tron-o-matic 5 Pro,Philadelphia_01,2024-11-17,36.38198762218422,39.45762288377008,42.924276008439854,39.59033682447077
Tron-o-matic 5 Pro,Philadelphia_01,2024-11-18,36.41528891374128,39.441414779700374,42.72339477197296,39.49367532992881
Tron-o-matic 5 Pro,Philadelphia_01,2024-11-19,37.156991457577746,40.3832856609107,43.13754831683441,40.158169650550825
Tron-o-matic 5 Pro,Philadelphia_01,2024-11-20,58.64899855340148,62.27800125990936,65.55916460509889,62.10008756767688
Tron-o-matic 5 Pro,Philadelphia_01,2024-11-21,35.68428797848724,40.02929611992457,43.332526832540125,39.81527723989485
Tron-o-matic 5 Pro,Philadelphia_01,2024-11-22,37.03539237019682,40.227811983945585,44.20842361857123,40.47351171255376
Tron-o-matic 5 Pro,Philadelphia_01,2024-11-23,45.41299726235083,48.61056204054067,51.98316769881193,48.694408429854185
Tron-o-matic 5 Pro,Philadelphia_01,2024-11-24,64.26542447099668,67.58021920995674,70.57121808479427,67.3761880504222
Tron-o-matic 5 Pro,Philadelphia_01,2024-11-25,35.86090292754598,39.62535490882588,43.50860490169117,39.52739759833184
Tron-o-matic 5 Pro,Philadelphia_01,2024-11-26,36.96823243482762,39.8881027088767,43.92618204285065,40.094824997192205
Tron-o-matic 5 Pro,Philadelphia_01,2024-11-27,65.92472151757073,68.59166863386308,71.7551420818235,68.73804483224825
Tron-o-matic 5 Pro,Philadelphia_01,2024-11-28,36.332715752557135,40.576426332913364,43.3402399468665,40.379714730086384
Tron-o-matic 5 Pro,Philadelphia_01,2024-11-29,68.3697062482839,72.0569285167586,74.7012275005155,71.78177895875987
Tron-o-matic 5 Pro,Philadelphia_01,2024-11-30,37.326149870392655,40.45132496965362,43.24748577609366,40.27918883753787
Tron-o-matic 5 Pro,Philadelphia_01,2024-12-01,47.28510567135936,50.51057612751082,54.151627102128366,50.52121177514033
Tron-o-matic 5 Pro,Philadelphia_01,2024-12-02,36.63515262674586,39.63622103493851,43.23042505914137,39.8240871101085
Tron-o-matic 5 Pro,Philadelphia_01,2024-12-03,37.26526024242404,40.61849447259831,44.482510502060066,40.80350053348663
Tron-o-matic 5 Pro,Philadelphia_01,2024-12-04,35.564605435724246,39.829871967215915,43.094431207807624,39.738431609327876
Tron-o-matic 5 Pro,Philadelphia_01,2024-12-05,37.76259613748259,40.215431325348995,42.66749506646724,40.12162605341915
Tron-o-matic 5 Pro,Philadelphia_01,2024-12-06,62.798923876481574,65.72608116257932,68.28778721398561,65.47275817044375
Tron-o-matic 5 Pro,Philadelphia_01,2024-12-07,37.33998479572094,40.773908315765055,44.38515504945458,40.72764244801713
Tron-o-matic 5 Pro,Philadelphia_01,2024-12-08,37.68289454400423,41.082274688180696,43.770303277271495,40.81493212394473
Tron-o-matic 5 Pro,Philadelphia_01,2024-12-09,37.44801090157878,40.4670523243438,43.89433856018903,40.48643128905213
Tron-o-matic 5 Pro,Philadelphia_01,2024-12-10,36.79279526640778,40.80778218840322,43.656472260087796,40.29484859444177
Tron-o-matic 5 Pro,Philadelphia_01,2024-12-11,36.44163021476941,39.763154578214724,43.50281095233334,39.71666000486394
Tron-o-matic 5 Pro,Philadelphia_01,2024-12-12,36.823631841390686,40.77215870914454,43.74182523525049,40.597461368406094
Tron-o-matic 5 Pro,Philadelphia_01,2024-12-13,49.51474626193235,52.31522016279485,54.84894262263781,52.322612453540444
Tron-o-matic 5 Pro,Philadelphia_01,2024-12-14,36.96548338407575,40.07459132850085,43.861772403770836,40.10044733970145
Tron-o-matic 5 Pro,Philadelphia_01,2024-12-15,36.65230249703003,40.16792267586935,42.98414436315053,40.01545933396658
Tron-o-matic 5 Pro,Philadelphia_01,2024-12-16,42.82210774655987,46.699113543053166,49.312999136001515,46.419380776749
Tron-o-matic 5 Pro,Philadelphia_01,2024-12-17,36.34697042576805,39.85686851283065,44.65819023576431,40.121026448868314
Tron-o-matic 5 Pro,Philadelphia_01,2024-12-18,36.12528702258529,39.42081723665811,42.89493297388645,39.64164417802784
Tron-o-matic 5 Pro,Philadelphia_01,2024-12-19,46.1635222529867,49.13918718167416,52.49609716066396,49.187875533883854
Tron-o-matic 5 Pro,Philadelphia_01,2024-12-20,36.735103631225094,40.284956137202734,43.973055190759496,40.31771501243871
Tron-o-matic 5 Pro,Philadelphia_01,2024-12-21,42.67467240699477,47.038065978394414,50.679196360659994,46.812223811196326
Tron-o-matic 5 Pro,Philadelphia_01,2024-12-22,44.12768495705855,47.11686559960492,49.79617574924245,47.1133072072481
Tron-o-matic 5 Pro,Philadelphia_01,2024-12-23,45.98665354305248,49.63231184532063,52.665896193754946,49.520627423955375
Tron-o-matic 5 Pro,Philadelphia_01,2024-12-24,45.677959931443176,49.248317374881665,52.71325240727509,49.15731788319068
Tron-o-matic 5 Pro,Philadelphia_01,2024-12-25,43.45933303111925,45.82902544741115,48.77923815598204,46.04541713584343
Tron-o-matic 5 Pro,Philadelphia_01,2024-12-26,36.96966045976032,40.263636593575804,43.32510770741089,40.23257973099607
Tron-o-matic 5 Pro,Philadelphia_01,2024-12-27,61.56088712704029,63.998699141843346,66.72225502458353,64.2871135264942
Tron-o-matic 5 Pro,Philadelphia_01,2024-12-28,37.29174529870467,40.26747489075833,43.38347022786581,40.432486535199025
Tron-o-matic 5 Pro,Philadelphia_01,2024-12-29,36.77835067467213,40.10776630984916,43.56497362767349,40.14072973694329
Tron-o-matic 5 Pro,Philadelphia_01,2024-12-30,67.03655376780894,71.29457093819471,74.81487744819285,71.25382432503623
Tron-o-matic 5 Pro,Philadelphia_01,2024-12-31,38.447430088674714,40.87704256400007,43.294463927462346,40.85221157641319
Tron-o-matic 5,Atlanta_01,2024-10-01,141.27167253616045,152.43046077370965,158.5842280966965,151.32111199325232
Tron-o-matic 5,Atlanta_01,2024-10-02,206.94238313437899,215.52416417729177,226.10512727364346,215.69781267433132
Tron-o-matic 5,Atlanta_01,2024-10-03,131.51251268895754,139.89774952005672,149.9704216110843,140.36444615367773
Tron-o-matic 5,Atlanta_01,2024-10-04,134.1006715902316,144.0253002335451,151.0126050775749,142.9335978287216
Tron-o-matic 5,Atlanta_01,2024-10-05,150.85126638198608,157.96769924466759,165.69295519195651,158.11372256014337
Tron-o-matic 5,Atlanta_01,2024-10-06,135.0168709545156,142.70332258049208,151.639066436383,142.60682733690138
Tron-o-matic 5,Atlanta_01,2024-10-07,144.40324992854025,153.3856069257405,162.7422678290688,154.00215216922894
Tron-o-matic 5,Atlanta_01,2024-10-08,111.13554432819527,119.89047734455528,129.08084812738454,119.68052171135079
Tron-o-matic 5,Atlanta_01,2024-10-09,125.8486310217579,134.90013818194444,142.62616008418405,134.36028879441506
Tron-o-matic 5,Atlanta_01,2024-10-10,111.98229837568961,119.56862064738017,127.3199157082951,119.36237605861965
Tron-o-matic 5,Atlanta_01,2024-10-11,174.26424010987222,182.97846647287864,191.5011090492163,182.7958599945391
Tron-o-matic 5,Atlanta_01,2024-10-12,110.84542378453528,118.83937643808567,128.35270158052,118.97523340101502
Tron-o-matic 5,Atlanta_01,2024-10-13,147.843550925356,155.4928577547172,164.05818271354963,155.75543848785966
Tron-o-matic 5,Atlanta_01,2024-10-14,114.33654463385268,121.47389495561197,131.4576251648461,121.95737214951288
Tron-o-matic 5,Atlanta_01,2024-10-15,111.87535536091615,121.1392420654493,129.9479546367738,120.56043470234661
Tron-o-matic 5,Atlanta_01,2024-10-16,136.0635781718418,144.76045385797204,155.4612028399727,145.24054436982226
Tron-o-matic 5,Atlanta_01,2024-10-17,154.01450466601298,162.44580179550618,172.1684570619272,163.12914181410994
Tron-o-matic 5,Atlanta_01,2024-10-18,132.40185686941956,140.14779981536287,150.7151582466507,140.83918161228695
Tron-o-matic 5,Atlanta_01,2024-10-19,108.7976180921674,118.2073758450124,127.16339772207787,117.930293184103
Tron-o-matic 5,Atlanta_01,2024-10-20,108.13456868632464,118.9739915433485,129.03543076014773,118.56892239015993
Tron-o-matic 5,Atlanta_01,2024-10-21,110.75908129019335,119.57117785740127,127.14679701942994,119.4478034599276
Tron-o-matic 5,Atlanta_01,2024-10-22,109.11514008961987,117.1888057811268,126.4226049851062,117.40838481233192
Tron-o-matic 5,Atlanta_01,2024-10-23,107.64512715148568,115.98673145519982,124.58937822957643,116.04613765588779
Tron-o-matic 5,Atlanta_01,2024-10-24,107.26769243580965,114.56598867242583,122.92723083320611,115.28528797532206
Tron-o-matic 5,Atlanta_01,2024-10-25,147.00754161663352,155.99678938625698,163.68067961756182,155.64429928574248
Tron-o-matic 5,Atlanta_01,2024-10-26,106.90913330392247,115.31901618880954,124.23408720874058,115.42660522100668
Tron-o-matic 5,Atlanta_01,2024-10-27,132.87106629811268,141.68408083804053,152.18174466882803,141.62011087898188
Tron-o-matic 5,Atlanta_01,2024-10-28,202.72371355920333,210.87713812925065,217.59940623281724,210.49981803341026
Tron-o-matic 5,Atlanta_01,2024-10-29,105.71026282435828,113.679642414476,121.89976055204065,113.86957610369092
Tron-o-matic 5,Atlanta_01,2024-10-30,197.0017342299167,203.93086394590085,211.5881461047762,204.02363869088342
Tron-o-matic 5,Atlanta_01,2024-10-31,103.58312804862794,112.1917166479507,121.79639246388098,112.60963930469569
Tron-o-matic 5,Atlanta_01,2024-11-01,105.1094672444846,112.72043613904732,121.3263421187914,112.56717321626692
Tron-o-matic 5,Atlanta_01,2024-11-02,102.99313080301683,112.3863855448884,118.69481523060954,111.4175202425918
Tron-o-matic 5,Atlanta_01,2024-11-03,137.182907673456,145.23604019189884,151.68209656826065,144.8044907622692
Tron-o-matic 5,Atlanta_01,2024-11-04,105.94698453385709,113.33060895636098,121.17735789511826,113.31242867333394
Tron-o-matic 5,Atlanta_01,2024-11-05,136.3468271734998,143.98087276698823,151.66388878440006,143.99278372444928
Tron-o-matic 5,Atlanta_01,2024-11-06,121.7932842650827,129.4714695274659,139.43306655173518,129.75324301687743
Tron-o-matic 5,Atlanta_01,2024-11-07,100.75284293893505,110.11644668812993,117.14017789085887,109.37247978626823
Tron-o-matic 5,Atlanta_01,2024-11-08,101.0407369533285,109.5772222325659,116.7071659410859,109.01545624463493
Tron-o-matic 5,Atlanta_01,2024-11-09,97.61974643310569,107.74765051515844,115.51622300260848,107.60095702090139
Tron-o-matic 5,Atlanta_01,2024-11-10,99.6832127365371,107.45559027173138,117.37593451698007,108.51156125062458
Tron-o-matic 5,Atlanta_01,2024-11-11,101.50614284565285,109.12959482720169,118.82602442354128,109.3640703721344
Tron-o-matic 5,Atlanta_01,2024-11-12,137.01690725748077,145.21786605317013,153.72906263428783,145.06781376533394
Tron-o-matic 5,Atlanta_01,2024-11-13,120.76146569557932,129.82478749372422,139.17010123964047,129.96792404495835
Tron-o-matic 5,Atlanta_01,2024-11-14,167.0074910150931,178.63766924998262,186.56074853893338,177.36375214301003
Tron-o-matic 5,Atlanta_01,2024-11-15,97.8751788013493,106.06498244886268,113.45205167184173,105.97204234242696
Tron-o-matic 5,Atlanta_01,2024-11-16,140.82791880380404,149.46391443119867,156.97501403887685,148.97676275017443
Tron-o-matic 5,Atlanta_01,2024-11-17,98.46896420399082,106.2442441128981,114.72378239350664,106.21639257867939
Tron-o-matic 5,Atlanta_01,2024-11-18,191.09101534386878,199.5170466907901,211.36614568934104,200.7653879211873
Tron-o-matic 5,Atlanta_01,2024-11-19,98.71038457935802,107.64663130757071,115.80490881145543,107.11447671048694
Tron-o-matic 5,Atlanta_01,2024-11-20,135.59547071784672,142.91545266360615,150.8953264767689,143.12650926392226
Tron-o-matic 5,Atlanta_01,2024-11-21,138.095772950293,147.00333478791427,156.52325787232039,146.82114107450067
Tron-o-matic 5,Atlanta_01,2024-11-22,173.3876917034218,181.59909080257367,189.7976654878099,181.20959559485502
Tron-o-matic 5,Atlanta_01,2024-11-23,97.54863679500335,106.69324981611838,115.37792866359763,106.66866373363614
Tron-o-matic 5,Atlanta_01,2024-11-24,119.57514905532038,126.31423337020993,135.9031640400376,126.98269477226233
Tron-o-matic 5,Atlanta_01,2024-11-25,99.86806663488166,108.98891144034158,117.60152543777461,108.61791517299658
Tron-o-matic 5,Atlanta_01,2024-11-26,116.95889664969478,126.95151602018755,135.27440179591161,127.02022803580103
Tron-o-matic 5,Atlanta_01,2024-11-27,137.03720350086158,144.43830214618367,153.3371199404272,145.23817791046173
Tron-o-matic 5,Atlanta_01,2024-11-28,122.58740297981217,133.5520762964603,141.33097076677868,132.58186751309918
Tron-o-matic 5,Atlanta_01,2024-11-29,197.96942644346117,207.34008314387896,218.37424100260625,207.4604506596532
Tron-o-matic 5,Atlanta_01,2024-11-30,98.940830633055,106.49165055467549,116.09646972225023,107.35335506170426
Tron-o-matic 5,Atlanta_01,2024-12-01,98.15778016266627,107.49047696427205,117.1896555150486,107.73011090988922
Tron-o-matic 5,Atlanta_01,2024-12-02,181.23754173583822,187.7792514842761,196.740391003799,188.27920865115578
Tron-o-matic 5,Atlanta_01,2024-12-03,190.46112058329805,199.5459959877798,208.95853623732614,199.78197776131586
Tron-o-matic 5,Atlanta_01,2024-12-04,97.45159104406068,106.57070559689359,113.97363638660077,105.72670167185055
Tron-o-matic 5,Atlanta_01,2024-12-05,96.66460935832878,106.19864928752894,116.23364691119329,106.22267401349264
Tron-o-matic 5,Atlanta_01,2024-12-06,98.41798440267024,108.84258221340704,116.04658812256096,107.91287721047257
Tron-o-matic 5,Atlanta_01,2024-12-07,97.25861043977166,106.97053714922295,116.96399844963835,106.9269195447373
Tron-o-matic 5,Atlanta_01,2024-12-08,97.93117874582389,106.4565965755537,115.69859743485856,106.94440284810901
Tron-o-matic 5,Atlanta_01,2024-12-09,100.69406573836206,109.63665553259197,117.06792381278893,109.40555783683881
Tron-o-matic 5,Atlanta_01,2024-12-10,99.10159254634337,108.71196747614898,115.97667171472446,108.10429596653043
Tron-o-matic 5,Atlanta_01,2024-12-11,171.8147259577007,179.43391268798575,189.5954000909604,180.04606155111532
Tron-o-matic 5,Atlanta_01,2024-12-12,169.17002812540343,177.34853376754154,185.91218727897063,177.58284541777576
Tron-o-matic 5,Atlanta_01,2024-12-13,98.24052865603896,106.08046358804792,114.23585407936648,105.8330903136467
Tron-o-matic 5,Atlanta_01,2024-12-14,96.88078516580849,106.9447402855272,115.4915767789387,106.99525552903233
Tron-o-matic 5,Atlanta_01,2024-12-15,116.8517597980675,127.2837251224332,135.4525858875439,126.57514295282932
Tron-o-matic 5,Atlanta_01,2024-12-16,100.63889781158112,110.17834126057267,115.90568362856534,109.27304336871339
Tron-o-matic 5,Atlanta_01,2024-12-17,97.43442311488911,106.90422629744944,118.11553680718065,107.46861423938027
Tron-o-matic 5,Atlanta_01,2024-12-18,98.78312693709242,107.27593822802024,115.38260469683422,106.95258251861495
Tron-o-matic 5,Atlanta_01,2024-12-19,97.34269058563109,105.70590859890468,117.16898426034594,106.45431365284307
Tron-o-matic 5,Atlanta_01,2024-12-20,169.92780238169058,179.5372745584047,185.99350510673054,178.3735714772681
Tron-o-matic 5,Atlanta_01,2024-12-21,176.45921645204527,184.70839997309344,191.30685962430283,184.35341436064198
Tron-o-matic 5,Atlanta_01,2024-12-22,144.2255225240826,152.56250323648172,161.36512682411166,152.8347177655171
Tron-o-matic 5,Atlanta_01,2024-12-23,116.02508400936415,124.4031944990103,130.79101248739346,123.90103830079507
Tron-o-matic 5,Atlanta_01,2024-12-24,100.15524779465514,106.74405356931632,116.44709174256474,107.93995010528567
Tron-o-matic 5,Atlanta_01,2024-12-25,97.81817075728016,106.65856409371041,114.45194712737353,106.54813569868695
Tron-o-matic 5,Atlanta_01,2024-12-26,98.3971267594242,105.97505789696321,114.83385186005647,106.55728758307643
Tron-o-matic 5,Atlanta_01,2024-12-27,100.72517909060188,108.09903276871832,117.6088060532954,108.64532033077371
Tron-o-matic 5,Atlanta_01,2024-12-28,129.47317180622298,138.69826704739995,145.1167335984101,138.05048379609096
Tron-o-matic 5,Atlanta_01,2024-12-29,100.65491666579584,111.71564841313315,120.41078051248219,111.0999275796817
Tron-o-matic 5,Atlanta_01,2024-12-30,104.10061234436824,113.22243100024414,119.51529553252705,112.4089585798389
Tron-o-matic 5,Atlanta_01,2024-12-31,125.68839677137179,133.58317940181487,141.72297833970103,133.76338071485807
Tron-o-matic 5 Pro,Online_Store,2024-10-01,1318.7591909101457,1430.6772023528601,1547.0829185920961,1429.3861875591028
Tron-o-matic 5 Pro,Online_Store,2024-10-02,1958.3814232935665,2078.128318313588,2182.801222780292,2078.533759626486
Tron-o-matic 5 Pro,Online_Store,2024-10-03,1295.0313010700315,1433.3540652002077,1523.4874873399574,1417.4978791961369
Tron-o-matic 5 Pro,Online_Store,2024-10-04,1546.7211906789562,1669.0062926563287,1782.5229216202354,1664.5827501796762
Tron-o-matic 5 Pro,Online_Store,2024-10-05,1318.7754989073212,1436.217321140826,1549.9252128183123,1430.6727883129572
Tron-o-matic 5 Pro,Online_Store,2024-10-06,2085.4991923769435,2183.967816017055,2294.4528542509597,2189.742732162248
Tron-o-matic 5 Pro,Online_Store,2024-10-07,1285.774598355847,1434.8265438924248,1562.0022103257265,1428.6911086325072
Tron-o-matic 5 Pro,Online_Store,2024-10-08,1313.985408612615,1424.784539771553,1551.1934354669684,1426.2205062124021
Tron-o-matic 5 Pro,Online_Store,2024-10-09,1715.1873168604095,1829.8626037176414,1930.8253559553746,1820.8639069048215
Tron-o-matic 5 Pro,Online_Store,2024-10-10,1446.1826790041473,1569.4990319936996,1681.7792831987972,1564.0055955624664
Tron-o-matic 5 Pro,Online_Store,2024-10-11,1346.5190257737333,1470.8342509476672,1571.5540282113132,1459.84832442492
Tron-o-matic 5 Pro,Online_Store,2024-10-12,1321.1336504602648,1449.427409203567,1524.7533475821406,1431.6967687019298
Tron-o-matic 5 Pro,Online_Store,2024-10-13,1308.6677153594585,1409.585503434494,1561.5817682837665,1419.7702345433413
Tron-o-matic 5 Pro,Online_Store,2024-10-14,1327.4968173086074,1411.2772688351965,1514.5046108833353,1411.7976241875251
Tron-o-matic 5 Pro,Online_Store,2024-10-15,1323.7266281941156,1425.562678988599,1533.4792355438856,1428.248126245435
Tron-o-matic 5 Pro,Online_Store,2024-10-16,1312.1230768478465,1418.5789441992656,1538.6116567838217,1422.0671149515983
Tron-o-matic 5 Pro,Online_Store,2024-10-17,1305.09400848388,1408.216879952683,1518.8891841301113,1412.2287386230748
Tron-o-matic 5 Pro,Online_Store,2024-10-18,1355.6198061716584,1435.383619818901,1545.1783687662546,1442.9744032321596
Tron-o-matic 5 Pro,Online_Store,2024-10-19,1337.5562971073807,1410.778395377804,1523.4175915344053,1421.4667143674922
Tron-o-matic 5 Pro,Online_Store,2024-10-20,1306.5390549629067,1418.5563267461914,1509.9159172197078,1409.7004997428667
Tron-o-matic 5 Pro,Online_Store,2024-10-21,1281.623673266199,1401.5248872383202,1495.308130813829,1400.8213225951745
Tron-o-matic 5 Pro,Online_Store,2024-10-22,1299.9930458704484,1417.7258869667116,1533.54420912506,1419.8062953884353
Tron-o-matic 5 Pro,Online_Store,2024-10-23,1300.766385469215,1389.519921079835,1491.034796292793,1392.513213073757
Tron-o-matic 5 Pro,Online_Store,2024-10-24,1315.3068934442902,1416.3360652885813,1533.639992542765,1417.172237274888
Tron-o-matic 5 Pro,Online_Store,2024-10-25,1308.7268556731851,1415.7155849109402,1524.816060509848,1414.876478943075
Tron-o-matic 5 Pro,Online_Store,2024-10-26,1286.6229229377136,1381.4384663809521,1518.9752220234175,1391.1268144391684
Tron-o-matic 5 Pro,Online_Store,2024-10-27,1284.7798855928486,1384.1174298781987,1478.4741741890764,1379.7890326916386
Tron-o-matic 5 Pro,Online_Store,2024-10-28,1637.697149293235,1761.3127793719123,1854.435145581208,1753.726558070762
Tron-o-matic 5 Pro,Online_Store,2024-10-29,1243.3299824300293,1366.6637782000287,1456.4334815010986,1362.604003989914
Tron-o-matic 5 Pro,Online_Store,2024-10-30,1245.2564546753931,1354.8750901081332,1464.206275108465,1357.4818257310515
Tron-o-matic 5 Pro,Online_Store,2024-10-31,1268.695183325618,1376.4198713148533,1480.2401019149354,1372.2681479692176
Tron-o-matic 5 Pro,Online_Store,2024-11-01,2274.4236966838534,2385.40477963464,2478.778652529139,2381.6284981576428
Tron-o-matic 5 Pro,Online_Store,2024-11-02,1232.1340528360186,1343.2021281280793,1450.9873123973266,1342.404317185059
Tron-o-matic 5 Pro,Online_Store,2024-11-03,1420.3346321271376,1556.8340197194673,1659.8610852993497,1548.3298793317535
Tron-o-matic 5 Pro,Online_Store,2024-11-04,1858.9907658917498,1967.472842122591,2083.0408563600317,1965.276549227198
Tron-o-matic 5 Pro,Online_Store,2024-11-05,1504.7871795536503,1586.7870615572997,1693.3646569977575,1593.3024975236576
Tron-o-matic 5 Pro,Online_Store,2024-11-06,1643.8371287158623,1780.5988806369498,1876.2816284795276,1768.6965654616447
Tron-o-matic 5 Pro,Online_Store,2024-11-07,2132.3463398058034,2221.311822258458,2346.970789332505,2227.853869920287
Tron-o-matic 5 Pro,Online_Store,2024-11-08,1239.3340853806478,1325.1904791968213,1420.618249891636,1329.9921217551405
Tron-o-matic 5 Pro,Online_Store,2024-11-09,1453.0363816098152,1565.6279540599319,1683.5203505819727,1570.0871121053435
Tron-o-matic 5 Pro,Online_Store,2024-11-10,1417.2304310275576,1531.2559856769133,1632.378613326471,1526.49064732869
Tron-o-matic 5 Pro,Online_Store,2024-11-11,1189.8684011932407,1286.0189898745948,1390.665701392575,1292.4527633854877
Tron-o-matic 5 Pro,Online_Store,2024-11-12,1189.342686123433,1298.118614317247,1401.0501973868525,1300.3660142648905
Tron-o-matic 5 Pro,Online_Store,2024-11-13,1191.2219594968194,1287.199642502146,1395.8914656652082,1285.4928058281664
Tron-o-matic 5 Pro,Online_Store,2024-11-14,1154.1636852929967,1273.6494671731784,1394.4926890718718,1269.2077475629474
Tron-o-matic 5 Pro,Online_Store,2024-11-15,1202.0488860498817,1321.3957348804047,1418.9566198386779,1313.8360410104337
Tron-o-matic 5 Pro,Online_Store,2024-11-16,2111.123300174728,2212.8739338438677,2326.0748575398547,2213.0095785256067
Tron-o-matic 5 Pro,Online_Store,2024-11-17,1158.8636769963184,1262.5927462434622,1367.0537614798197,1263.5923088166878
Tron-o-matic 5 Pro,Online_Store,2024-11-18,1161.1726585419974,1267.6009763607472,1355.7958922526745,1261.3619851041358
Tron-o-matic 5 Pro,Online_Store,2024-11-19,1122.279583846577,1269.9835033393567,1391.788712584102,1263.2098543404352
Tron-o-matic 5 Pro,Online_Store,2024-11-20,1881.320260786832,1977.896624879259,2112.467302504843,1982.4333709213088
Tron-o-matic 5 Pro,Online_Store,2024-11-21,1146.1183613518565,1274.581161755643,1402.6159729314054,1268.5550631474161
Tron-o-matic 5 Pro,Online_Store,2024-11-22,1154.227703722835,1276.121193275624,1401.3048074333492,1273.9036595381167
Tron-o-matic 5 Pro,Online_Store,2024-11-23,1422.6468293133487,1553.5039713346616,1653.5742490889274,1545.1895095984978
Tron-o-matic 5 Pro,Online_Store,2024-11-24,2025.2892676767297,2125.0812418792925,2228.136507513291,2128.440827090946
Tron-o-matic 5 Pro,Online_Store,2024-11-25,1142.5779942365182,1253.6630716262375,1379.584432986564,1253.2862335920604
Tron-o-matic 5 Pro,Online_Store,2024-11-26,1129.6038999967982,1276.5332325453317,1356.9775961998755,1258.952436162087
Tron-o-matic 5 Pro,Online_Store,2024-11-27,2098.352456042851,2197.790409581483,2290.192696152249,2199.6721045043946
Tron-o-matic 5 Pro,Online_Store,2024-11-28,1139.8294375891155,1263.3144149537054,1392.1441191384529,1269.8925069658762
Tron-o-matic 5 Pro,Online_Store,2024-11-29,2171.9329451467947,2282.670090070017,2392.7395582281815,2284.8056218454226
Tron-o-matic 5 Pro,Online_Store,2024-11-30,1161.2005529785836,1269.8954980136905,1357.2103743541559,1267.724437904346
Tron-o-matic 5 Pro,Online_Store,2024-12-01,1514.3548565140486,1608.8238942398164,1727.025509854642,1609.4490219889924
Tron-o-matic 5 Pro,Online_Store,2024-12-02,1191.656244046296,1291.3125824850852,1396.1660350216198,1292.3643766271252
Tron-o-matic 5 Pro,Online_Store,2024-12-03,1165.2714979155578,1281.68598524463,1401.231126025004,1285.1513626852225
Tron-o-matic 5 Pro,Online_Store,2024-12-04,1182.9631496330917,1281.7308610147065,1394.360878335117,1280.8777153933436
Tron-o-matic 5 Pro,Online_Store,2024-12-05,1183.575330389384,1300.526781098424,1387.881546492068,1294.2771069352045
Tron-o-matic 5 Pro,Online_Store,2024-12-06,1982.1316108794038,2103.3396104805706,2204.125063117787,2098.24965726468
Tron-o-matic 5 Pro,Online_Store,2024-12-07,1184.3146115485479,1295.7243641336108,1390.6788573947822,1293.6178913112506
Tron-o-matic 5 Pro,Online_Store,2024-12-08,1180.9064382908637,1300.9622367518805,1395.23855025122,1294.7980960583322
Tron-o-matic 5 Pro,Online_Store,2024-12-09,1173.0280272251896,1299.6955278866494,1385.4339562614568,1291.8339095445567
Tron-o-matic 5 Pro,Online_Store,2024-12-10,1205.253371516263,1301.2254360220788,1416.2113296044708,1307.9158194708452
Tron-o-matic 5 Pro,Online_Store,2024-12-11,1193.850955744341,1303.3431947731106,1423.7808383808826,1300.8467936575164
Tron-o-matic 5 Pro,Online_Store,2024-12-12,1197.9646975193857,1280.9737098851097,1404.2000989852365,1286.0383263054869
Tron-o-matic 5 Pro,Online_Store,2024-12-13,1571.0375158150516,1696.7289767324805,1824.6559135264413,1695.208904121113
Tron-o-matic 5 Pro,Online_Store,2024-12-14,1199.197972076605,1321.5992882671344,1432.2747003206348,1319.5759576215112
Tron-o-matic 5 Pro,Online_Store,2024-12-15,1179.0687425746617,1299.267187276657,1392.3502912798547,1299.8827031235821
Tron-o-matic 5 Pro,Online_Store,2024-12-16,1397.1263184713848,1522.8567312936673,1588.715060554749,1503.9313836311724
Tron-o-matic 5 Pro,Online_Store,2024-12-17,1178.1575285783736,1299.3871800030386,1422.1506630969732,1297.0566276970249
Tron-o-matic 5 Pro,Online_Store,2024-12-18,1184.8386822369348,1280.0446286324795,1388.1230503092168,1283.8091938799228
Tron-o-matic 5 Pro,Online_Store,2024-12-19,1524.133895657403,1598.107713457368,1727.1499911103515,1606.226153947206
Tron-o-matic 5 Pro,Online_Store,2024-12-20,1230.3317555189483,1319.7175130436601,1439.7119104787853,1326.2183926388743
Tron-o-matic 5 Pro,Online_Store,2024-12-21,1387.380829238666,1523.8158580923634,1616.0844568218643,1514.0871340631898
Tron-o-matic 5 Pro,Online_Store,2024-12-22,1427.1248573662936,1548.4914503771884,1650.060541825579,1545.4892888934098
Tron-o-matic 5 Pro,Online_Store,2024-12-23,1507.2561285435183,1620.3714015892617,1724.4314540188711,1619.4691671277512
Tron-o-matic 5 Pro,Online_Store,2024-12-24,1499.1341643103021,1589.6074466813,1703.8476635332404,1599.2731538465239
Tron-o-matic 5 Pro,Online_Store,2024-12-25,1361.8082647851065,1482.4061996968544,1594.6570589719645,1476.8135774592376
Tron-o-matic 5 Pro,Online_Store,2024-12-26,1203.9377877973375,1308.4230036999004,1402.4770714747192,1304.5444298744578
Tron-o-matic 5 Pro,Online_Store,2024-12-27,1991.4774409834351,2090.444239855406,2200.7361941795407,2093.02486271177
Tron-o-matic 5 Pro,Online_Store,2024-12-28,1203.6107398434576,1312.302910493976,1409.9969428381435,1311.7999888804643
Tron-o-matic 5 Pro,Online_Store,2024-12-29,1207.5717919218657,1275.063119784826,1406.4503737365037,1290.4609876919035
Tron-o-matic 5 Pro,Online_Store,2024-12-30,2159.0941268870993,2304.1708602866215,2389.657974637457,2284.855419779137
Tron-o-matic 5 Pro,Online_Store,2024-12-31,1214.8714491014139,1343.149855280475,1442.5877895680817,1333.0797294080976
Tron-o-matic 5,Chicago_01,2024-10-01,223.94412557472668,240.20518008280555,255.90539107679024,241.00466031151632
Tron-o-matic 5,Chicago_01,2024-10-02,321.86178938838174,339.26203681896294,354.46505600287594,338.93375157501134
Tron-o-matic 5,Chicago_01,2024-10-03,207.368715775263,224.935156936598,235.7041200457569,223.67981725249072
Tron-o-matic 5,Chicago_01,2024-10-04,211.64025636308745,225.5046439904028,240.84267963603565,225.85703798499105
Tron-o-matic 5,Chicago_01,2024-10-05,237.02378571356564,252.88964909825916,269.4635304954744,252.62171226985433
Tron-o-matic 5,Chicago_01,2024-10-06,209.67437430457656,223.794006112661,241.2639342931975,224.12448549467797
Tron-o-matic 5,Chicago_01,2024-10-07,225.22856667817817,241.32228785571925,255.69264818446396,240.6351607610859
Tron-o-matic 5,Chicago_01,2024-10-08,175.6280239620083,188.52563706061702,205.7445228088455,190.17843604230737
Tron-o-matic 5,Chicago_01,2024-10-09,199.10383644605668,218.21118799762326,229.6595291630576,216.7683743109385
Tron-o-matic 5,Chicago_01,2024-10-10,177.27690014248182,191.80169543580286,204.61255362067402,191.299576747022
Tron-o-matic 5,Chicago_01,2024-10-11,275.142123660468,288.11613875696355,301.78873295211224,288.55541767334967
Tron-o-matic 5,Chicago_01,2024-10-12,172.81188706443157,188.87046650418145,203.7384352945478,187.47887750871527
Tron-o-matic 5,Chicago_01,2024-10-13,229.9818987532635,245.0723592842929,258.66530361937714,244.62860635113933
Tron-o-matic 5,Chicago_01,2024-10-14,178.66168939522012,190.92225744581634,207.4892660507781,192.11491937972238
Tron-o-matic 5,Chicago_01,2024-10-15,173.35550219357336,190.46651585897152,202.5384181031378,188.9056181766946
Tron-o-matic 5,Chicago_01,2024-10-16,212.29227647961082,233.41755094239429,253.4929703721201,232.2085235283899
Tron-o-matic 5,Chicago_01,2024-10-17,244.3149520341588,260.5630476819845,276.8608165256523,260.62478199346464
Tron-o-matic 5,Chicago_01,2024-10-18,209.04232061161997,223.47498681268561,236.33249828007305,223.74515266911072
Tron-o-matic 5,Chicago_01,2024-10-19,174.8582389444892,188.63490769264064,202.5774186113104,187.94153780252014
Tron-o-matic 5,Chicago_01,2024-10-20,174.72489535034362,189.19592421158285,203.00568760671712,188.29505492419864
Tron-o-matic 5,Chicago_01,2024-10-21,172.498590696126,189.07911750232677,204.24049446062432,188.77335127657392
Tron-o-matic 5,Chicago_01,2024-10-22,173.22114595478266,187.53089999088198,202.29040567646325,186.81039169173448
Tron-o-matic 5,Chicago_01,2024-10-23,168.90485352725761,185.82302868404938,201.09929040574153,185.28171404312653
Tron-o-matic 5,Chicago_01,2024-10-24,170.27733278578188,182.56953511534428,195.44757693600664,183.11768644644337
Tron-o-matic 5,Chicago_01,2024-10-25,235.51118950282083,249.9540003010005,266.42298742085933,250.14666531668104
Tron-o-matic 5,Chicago_01,2024-10-26,169.0711640926713,185.0674572998708,199.15923935826908,184.73638482045627
Tron-o-matic 5,Chicago_01,2024-10-27,212.47256255886634,224.52355892506674,237.6930174049541,224.81264009988485
Tron-o-matic 5,Chicago_01,2024-10-28,318.60526240045493,335.32598393437877,349.6874427392087,334.0057049772081
Tron-o-matic 5,Chicago_01,2024-10-29,168.34680661747785,182.6620588786565,199.64411470719637,183.7362104453796
Tron-o-matic 5,Chicago_01,2024-10-30,307.6715891834064,325.9310932459197,341.39800561736,325.3316006483564
Tron-o-matic 5,Chicago_01,2024-10-31,164.45041609885018,179.58597712504022,194.772550190078,178.97756770439696
Tron-o-matic 5,Chicago_01,2024-11-01,163.31831878615014,179.21488782163718,191.1063342927775,177.62635558911825
Tron-o-matic 5,Chicago_01,2024-11-02,161.26452644205102,180.22087110705706,193.01465437119109,178.59145245014804
Tron-o-matic 5,Chicago_01,2024-11-03,214.43539645372852,226.81030512025222,244.5017944944008,227.83930410369197
Tron-o-matic 5,Chicago_01,2024-11-04,161.82861740107515,177.99198177051633,191.71507884369086,177.21775632371646
Tron-o-matic 5,Chicago_01,2024-11-05,213.83333288107636,230.0705356000874,244.34126870185383,229.59180435156858
Tron-o-matic 5,Chicago_01,2024-11-06,197.065733744338,208.92649691517343,224.50495961218348,209.20741941333395
Tron-o-matic 5,Chicago_01,2024-11-07,161.7917222838799,176.85976023911743,187.79606253026452,175.69590297895348
Tron-o-matic 5,Chicago_01,2024-11-08,158.17537048069897,173.02949645360107,188.62269239033517,173.0178627813053
Tron-o-matic 5,Chicago_01,2024-11-09,159.5652403823263,172.0529359675584,189.12178139133894,172.14517734281327
Tron-o-matic 5,Chicago_01,2024-11-10,156.46083383484847,173.90692335083767,187.6386998628019,172.26526340765113
Tron-o-matic 5,Chicago_01,2024-11-11,160.87633506400448,175.09202829781236,189.4792999215893,175.1067104448938
Tron-o-matic 5,Chicago_01,2024-11-12,210.45675711504379,229.9280301292462,243.3081776064828,228.40309663559756
Tron-o-matic 5,Chicago_01,2024-11-13,193.71578704945242,207.25600580423995,222.111733993711,208.19332285929423
Tron-o-matic 5,Chicago_01,2024-11-14,267.7609019867961,282.3090255590966,299.3630607288845,283.02148331866084
Tron-o-matic 5,Chicago_01,2024-11-15,153.75710741441318,168.3110041988234,181.61090945786464,167.63938630003173
Tron-o-matic 5,Chicago_01,2024-11-16,218.94036526307076,234.64610950953735,252.45878329617943,235.15002745014326
Tron-o-matic 5,Chicago_01,2024-11-17,152.56084140994855,166.38478508173534,180.8537415725702,167.37867748048228
Tron-o-matic 5,Chicago_01,2024-11-18,304.3785563676295,317.9491399968766,330.93727007421194,317.76523639371374
Tron-o-matic 5,Chicago_01,2024-11-19,156.51836598392543,170.80691116555028,182.47037174711403,169.60530102298125
Tron-o-matic 5,Chicago_01,2024-11-20,216.5407495891078,228.5310697716706,243.3435044593925,229.41879428232411
Tron-o-matic 5,Chicago_01,2024-11-21,218.33696200505432,235.45867751154518,248.9921920244235,234.29462140325631
Tron-o-matic 5,Chicago_01,2024-11-22,274.74876974215977,287.86700665492447,305.90828994252047,288.45455881126844
Tron-o-matic 5,Chicago_01,2024-11-23,154.13138444174112,167.7738462897251,185.78583489574697,168.87838339776707
Tron-o-matic 5,Chicago_01,2024-11-24,182.63365026418882,200.5519987296669,214.8016012221668,199.90117725469256
Tron-o-matic 5,Chicago_01,2024-11-25,162.0660501978428,173.7792572688832,186.96995120582258,173.68390248906758
Tron-o-matic 5,Chicago_01,2024-11-26,188.36818843146122,204.03652720909386,218.42362085766808,204.0349849749876
Tron-o-matic 5,Chicago_01,2024-11-27,220.0752531132676,234.34561478452056,249.09693116891958,234.0481131108419
Tron-o-matic 5,Chicago_01,2024-11-28,193.6957793725515,209.41991902680408,225.54977707858103,210.0887852681501
Tron-o-matic 5,Chicago_01,2024-11-29,315.47029023650583,329.1675719078314,346.32312212958544,329.9971510333359
Tron-o-matic 5,Chicago_01,2024-11-30,156.0166337214783,169.39492262542106,183.3292401894587,169.17968516854413
Tron-o-matic 5,Chicago_01,2024-12-01,153.1053097725254,169.70647800145164,182.46502964783522,169.01408210758177
Tron-o-matic 5,Chicago_01,2024-12-02,284.3640036555589,297.8232567313607,311.3694222211241,296.99476508491847
Tron-o-matic 5,Chicago_01,2024-12-03,307.83727647037426,320.5255474412513,334.2015244092764,320.812668939865
Tron-o-matic 5,Chicago_01,2024-12-04,157.0912562629627,172.18505114694227,187.97574601362368,171.37105350797398
Tron-o-matic 5,Chicago_01,2024-12-05,155.67036139194988,172.73295154748448,184.80887089679464,171.01502850965878
Tron-o-matic 5,Chicago_01,2024-12-06,154.65836121877823,169.78240532315272,183.94561881566503,169.62212460935967
Tron-o-matic 5,Chicago_01,2024-12-07,157.69777100597076,172.819166468785,185.41035613765555,172.69059226990987
Tron-o-matic 5,Chicago_01,2024-12-08,155.8238401296918,173.1800153054451,186.8056009788448,171.86227863029436
Tron-o-matic 5,Chicago_01,2024-12-09,158.2299498231655,171.82330306773088,189.4578886113098,172.75234420211711
Tron-o-matic 5,Chicago_01,2024-12-10,153.15480464492515,171.69377587810268,188.51872062234358,170.8004251808377
Tron-o-matic 5,Chicago_01,2024-12-11,273.2720193557235,288.8266553968157,304.47983157937756,289.7749520832687
Tron-o-matic 5,Chicago_01,2024-12-12,275.4135435859985,287.980370225489,301.6672495002461,288.33529236649446
Tron-o-matic 5,Chicago_01,2024-12-13,155.66587755820223,170.90418675435447,183.4439140625615,170.04766349134988
Tron-o-matic 5,Chicago_01,2024-12-14,154.74903450621883,172.98334320066274,184.99096741637624,171.15252784915867
Tron-o-matic 5,Chicago_01,2024-12-15,189.20631960099416,201.16355767843189,216.98538594939254,201.862873671509
Tron-o-matic 5,Chicago_01,2024-12-16,159.19043792491308,174.79757184579506,188.95273531887838,173.71777959762835
Tron-o-matic 5,Chicago_01,2024-12-17,157.82207713113985,171.98174640583017,185.34747885552446,171.49896644285164
Tron-o-matic 5,Chicago_01,2024-12-18,153.81859793084897,172.7292017396505,188.87713315656794,171.24167879863944
Tron-o-matic 5,Chicago_01,2024-12-19,156.3149930468349,169.79425105241748,185.28235466149948,169.98149407217417
Tron-o-matic 5,Chicago_01,2024-12-20,269.42427338626516,285.21277560721563,302.90417058503664,285.62704092139245
Tron-o-matic 5,Chicago_01,2024-12-21,278.2361434951945,294.8299643265411,310.40804803837847,294.84026037436365
Tron-o-matic 5,Chicago_01,2024-12-22,228.68180686337232,244.1722855470296,263.2963074261493,245.12216466485813
Tron-o-matic 5,Chicago_01,2024-12-23,183.547354970454,198.78868832575657,214.5584129124193,199.37674282796095
Tron-o-matic 5,Chicago_01,2024-12-24,161.82250977250877,175.00340578483568,189.27585763905785,175.72732120600512
Tron-o-matic 5,Chicago_01,2024-12-25,161.74597168817806,173.47218286646793,188.03103968945157,173.7063051191864
Tron-o-matic 5,Chicago_01,2024-12-26,158.0323436859901,170.93235086972996,186.551352764869,171.4905684702649
Tron-o-matic 5,Chicago_01,2024-12-27,161.2461199040692,175.74538404673766,188.5710337555098,175.25089683999963
Tron-o-matic 5,Chicago_01,2024-12-28,206.82606243139827,224.5028379841892,234.18991779161266,221.86072736374157
Tron-o-matic 5,Chicago_01,2024-12-29,165.55817562428646,178.25610405224103,193.16735524503494,178.51500908783103
Tron-o-matic 5,Chicago_01,2024-12-30,165.21510773659384,177.5112187456529,191.8769560574689,177.21495923361778
Tron-o-matic 5,Chicago_01,2024-12-31,200.44306221966295,215.64561013775827,231.38059177576312,215.01722791705836
Tron-o-matic 5,Dallas_01,2024-10-01,183.631846535329,193.16913366135796,203.24608052731793,192.7458462946522
Tron-o-matic 5,Dallas_01,2024-10-02,262.8539179954069,275.71254523045764,285.9173807244888,275.70092170164577
Tron-o-matic 5,Dallas_01,2024-10-03,166.5468826654068,181.89712686861012,194.69331109656292,181.01034252217332
Tron-o-matic 5,Dallas_01,2024-10-04,167.3817876377786,179.7906677652337,192.44424843944503,179.83779489214834
Tron-o-matic 5,Dallas_01,2024-10-05,192.8792523205371,202.3871799799113,215.57683509845884,203.62998138166873
Tron-o-matic 5,Dallas_01,2024-10-06,173.16496987511533,181.66094970932497,192.36311458084214,181.6397062961519
Tron-o-matic 5,Dallas_01,2024-10-07,182.8195438239982,192.8748227021118,207.8861488532687,194.0636409739288
Tron-o-matic 5,Dallas_01,2024-10-08,142.2904685195474,154.25922614180368,164.8964538900539,153.3582663167778
Tron-o-matic 5,Dallas_01,2024-10-09,163.04295401273876,173.48067185935267,187.07914019112363,173.98612770963302
Tron-o-matic 5,Dallas_01,2024-10-10,143.4200051684296,152.95144178494155,166.8818978338974,154.06430878859044
Tron-o-matic 5,Dallas_01,2024-10-11,219.2623157742259,233.17872433848336,244.44075545622837,232.76851422154618
Tron-o-matic 5,Dallas_01,2024-10-12,139.89626176092614,156.40616910107337,165.60990472266374,155.51351029948725
Tron-o-matic 5,Dallas_01,2024-10-13,185.9818410290566,198.94717643156946,210.19763042175097,199.08245594007522
Tron-o-matic 5,Dallas_01,2024-10-14,143.99151825795306,152.09465060929867,164.96427393495216,153.23883676766766
Tron-o-matic 5,Dallas_01,2024-10-15,141.85700187664915,153.23803460691406,166.05102237105595,153.8606829453459
Tron-o-matic 5,Dallas_01,2024-10-16,174.19843091148064,189.33412679470118,200.39168147126225,188.28294250234697
Tron-o-matic 5,Dallas_01,2024-10-17,202.43958689347315,214.59226227271125,224.07749187585955,213.41583751707662
Tron-o-matic 5,Dallas_01,2024-10-18,171.01453877744166,181.87809219486138,193.16223243240316,181.5080398156706
Tron-o-matic 5,Dallas_01,2024-10-19,140.52528629569298,152.576195695174,164.54924118353603,152.13854968847178
Tron-o-matic 5,Dallas_01,2024-10-20,139.82829550094806,150.47944094905893,161.68759045048793,150.57271857326762
Tron-o-matic 5,Dallas_01,2024-10-21,141.60472457613182,152.7872059614225,167.04817423438485,153.567612109242
Tron-o-matic 5,Dallas_01,2024-10-22,137.34346004070613,149.6249330419733,160.9751032815852,149.13256579987845
Tron-o-matic 5,Dallas_01,2024-10-23,140.02685614555298,153.16187206358316,161.5090000506366,152.11839958271122
Tron-o-matic 5,Dallas_01,2024-10-24,140.9116926833754,151.6316586151875,163.90448571223132,151.89594231891763
Tron-o-matic 5,Dallas_01,2024-10-25,189.437472463858,198.76391458578053,210.9536597278866,199.4872701257039
Tron-o-matic 5,Dallas_01,2024-10-26,138.9480987173228,148.99469533298014,161.54698357481013,149.25041599693725
Tron-o-matic 5,Dallas_01,2024-10-27,165.42505325239358,180.27021809672075,190.81903288441814,179.328692857108
Tron-o-matic 5,Dallas_01,2024-10-28,259.8538367562685,270.43331827504795,281.9223705410344,270.3014802445556
Tron-o-matic 5,Dallas_01,2024-10-29,136.75351232768995,148.33896096845191,158.55389757337963,147.2048993761619
Tron-o-matic 5,Dallas_01,2024-10-30,250.08187202660443,262.8246872991154,271.2154983680742,261.4699969075832
Tron-o-matic 5,Dallas_01,2024-10-31,133.18469883418035,143.6907066910278,156.36917424860403,143.93634352545277
Tron-o-matic 5,Dallas_01,2024-11-01,131.0270803736499,140.87124336120877,153.43409860990138,141.60232970209364
Tron-o-matic 5,Dallas_01,2024-11-02,132.70251545599348,144.76893485901354,154.2361273489533,143.58380095687545
Tron-o-matic 5,Dallas_01,2024-11-03,173.6814181947565,185.34034580980114,194.84713086033176,183.9884042563807
Tron-o-matic 5,Dallas_01,2024-11-04,128.21882245827305,140.09423208269035,150.35867804460122,139.55213393683476
Tron-o-matic 5,Dallas_01,2024-11-05,172.73557304027435,182.39603123750652,194.5119189411043,182.98614282031724
Tron-o-matic 5,Dallas_01,2024-11-06,156.9865371987068,167.7500353696026,178.51099484058867,167.72438509805394
Tron-o-matic 5,Dallas_01,2024-11-07,126.93917581977169,140.94449187626518,152.94593885788547,140.4466550457304
Tron-o-matic 5,Dallas_01,2024-11-08,126.1422186323111,137.95181873137693,150.46537100365705,138.1655451124958
Tron-o-matic 5,Dallas_01,2024-11-09,125.45011355692458,139.7975384841068,151.11402262118702,138.84764213484945
Tron-o-matic 5,Dallas_01,2024-11-10,123.76158747814411,136.58128583586773,145.4144020393412,135.7146609191311
Tron-o-matic 5,Dallas_01,2024-11-11,129.17718623099486,137.84559309134312,151.25535710209127,138.9114105943772
Tron-o-matic 5,Dallas_01,2024-11-12,174.45977599986307,184.5049840601588,198.07902734962983,185.59555691623802
Tron-o-matic 5,Dallas_01,2024-11-13,158.04021690531332,168.26973039120742,179.27056807855678,169.16457061542224
Tron-o-matic 5,Dallas_01,2024-11-14,217.0915016318568,228.59788780477876,237.9456643423275,228.15899136520363
Tron-o-matic 5,Dallas_01,2024-11-15,120.6534443378459,134.7846180340076,145.69296726047614,134.22878878497167
Tron-o-matic 5,Dallas_01,2024-11-16,178.84070848324887,189.53961049092928,200.80269427783483,189.7208312919367
Tron-o-matic 5,Dallas_01,2024-11-17,124.96142234156727,135.98129687171894,145.90442400458227,135.94318325041885
Tron-o-matic 5,Dallas_01,2024-11-18,246.38647575441817,255.96478162736133,266.4397138524706,256.42381450267067
Tron-o-matic 5,Dallas_01,2024-11-19,124.60339316043921,134.8459295724969,147.13408630842213,135.95015756134353
Tron-o-matic 5,Dallas_01,2024-11-20,172.620424612688,183.2390114301214,194.42789839815222,183.39963285947633
Tron-o-matic 5,Dallas_01,2024-11-21,177.6282736644194,189.96567269609903,201.03889809604112,189.17064091946276
Tron-o-matic 5,Dallas_01,2024-11-22,219.2937221624984,230.04376260101554,242.84923349505956,230.3303158312735
Tron-o-matic 5,Dallas_01,2024-11-23,122.53144208754959,137.34274571510676,149.8029238195266,136.61158264338073
Tron-o-matic 5,Dallas_01,2024-11-24,146.67617292823422,160.10659589804735,170.5304690312919,159.91605591552508
Tron-o-matic 5,Dallas_01,2024-11-25,125.89307374339168,138.0716330593141,150.09390396632614,137.29703183791648
Tron-o-matic 5,Dallas_01,2024-11-26,149.87211064880546,161.6672279264636,175.23450774612596,161.96750641319187
Tron-o-matic 5,Dallas_01,2024-11-27,177.856279121649,189.4179468010505,202.61868105973647,189.42367254245116
Tron-o-matic 5,Dallas_01,2024-11-28,159.02290379397152,172.78354911776643,185.4479113532709,172.63432500468664
Tron-o-matic 5,Dallas_01,2024-11-29,253.09848224249038,265.322020685577,276.66776153490815,264.9088440939538
Tron-o-matic 5,Dallas_01,2024-11-30,127.91539853422925,137.12796745104546,151.75519284513464,138.4311921770472
Tron-o-matic 5,Dallas_01,2024-12-01,123.13507772351198,134.89690049742725,148.4270519561428,134.97357121018337
Tron-o-matic 5,Dallas_01,2024-12-02,225.967206906394,237.82002308651437,249.85948061126314,238.07823893485354
Tron-o-matic 5,Dallas_01,2024-12-03,240.75218001275297,254.30546198376055,266.5436894369624,253.2962561569467
Tron-o-matic 5,Dallas_01,2024-12-04,125.75491319181968,138.98479813555142,151.25905649837023,138.50435486594182
Tron-o-matic 5,Dallas_01,2024-12-05,125.46353653955161,137.40443674800576,148.71432467550326,137.18102495440942
Tron-o-matic 5,Dallas_01,2024-12-06,124.3184323817391,135.67251854616376,146.38229734924667,135.22286604291523
Tron-o-matic 5,Dallas_01,2024-12-07,123.85539962725719,134.86579769548771,146.64038997702394,135.42122741348692
Tron-o-matic 5,Dallas_01,2024-12-08,123.99351583515865,133.30435352409313,144.47592302949778,133.97012560592916
Tron-o-matic 5,Dallas_01,2024-12-09,126.56282055366108,135.51923223552288,150.58822014050082,136.4041492515412
Tron-o-matic 5,Dallas_01,2024-12-10,123.54510493527044,135.04746288415086,144.6253497397081,134.60307529380182
Tron-o-matic 5,Dallas_01,2024-12-11,217.3313705213183,230.20038093513864,244.4918301211774,230.79604019160476
Tron-o-matic 5,Dallas_01,2024-12-12,218.5905853633491,227.19521099210306,241.7101386312419,228.9694667821649
Tron-o-matic 5,Dallas_01,2024-12-13,119.59697319089877,134.57377094665924,143.87577797824082,132.66117256736396
Tron-o-matic 5,Dallas_01,2024-12-14,123.00904412411843,136.0560715165433,146.92245108359788,135.71474317971197
Tron-o-matic 5,Dallas_01,2024-12-15,148.48044717140294,158.62530422475814,171.6705808195304,159.04677025446964
Tron-o-matic 5,Dallas_01,2024-12-16,124.98860840342452,135.65048930982428,147.31996575924722,136.13230668973023
Tron-o-matic 5,Dallas_01,2024-12-17,119.8306053026288,135.04262109754296,148.77382419359907,134.58177449660482
Tron-o-matic 5,Dallas_01,2024-12-18,126.24752097396708,136.13230668691094,148.50662425878733,136.71524204355603
Tron-o-matic 5,Dallas_01,2024-12-19,124.5797086501452,135.85883648595896,150.58822003197386,136.50129216018865
Tron-o-matic 5,Dallas_01,2024-12-20,217.96210673422652,225.95014550711963,241.37410479651356,227.661122935002
Tron-o-matic 5,Dallas_01,2024-12-21,226.09619090188937,239.11216762499947,247.26477444935875,237.98525902022848
Tron-o-matic 5,Dallas_01,2024-12-22,183.28820569005998,197.85730611176155,206.68730898776795,196.4637008329424
Tron-o-matic 5,Dallas_01,2024-12-23,148.66254602357085,157.72140925980494,172.18386803017736,158.64061450893306
Tron-o-matic 5,Dallas_01,2024-12-24,127.55668871689333,138.08680131063178,152.30800335068164,138.74207935094202
Tron-o-matic 5,Dallas_01,2024-12-25,128.5239632843033,140.52264439668446,151.89500455083933,139.85873628821022
Tron-o-matic 5,Dallas_01,2024-12-26,128.45746992197166,138.68114906931316,150.6432848181355,139.07563989240788
Tron-o-matic 5,Dallas_01,2024-12-27,130.58346353208535,138.1144710542509,152.4630834963741,139.12704241893226
Tron-o-matic 5,Dallas_01,2024-12-28,166.79042804984428,179.83900249296073,190.88303465423547,179.13833668352268
Tron-o-matic 5,Dallas_01,2024-12-29,128.79925144347635,142.99496353891405,153.396878502607,142.10439402992708
Tron-o-matic 5,Dallas_01,2024-12-30,126.55467523344961,142.0048462014594,154.99474371336763,141.35918343060746
Tron-o-matic 5,Dallas_01,2024-12-31,159.71503231665525,172.04355530390254,182.7052554759853,171.50339090644192
Tron-o-matic 5,NewYork_01,2024-10-01,226.64110848685388,241.86199255602062,263.7251401608952,244.04583481329072
Tron-o-matic 5,NewYork_01,2024-10-02,324.70575801704115,341.83097299045824,359.02362307330355,341.90724194834235
Tron-o-matic 5,NewYork_01,2024-10-03,210.1911800572637,225.2961628665802,238.33943074410138,225.31861795185446
Tron-o-matic 5,NewYork_01,2024-10-04,212.256191049089,225.85029318890705,241.39693169388022,226.9240217535724
Tron-o-matic 5,NewYork_01,2024-10-05,231.94356555471774,248.45646613691275,261.91315241444215,246.9484335766422
Tron-o-matic 5,NewYork_01,2024-10-06,209.6756819895078,225.6126541947404,238.84520778201008,224.63489682978732
Tron-o-matic 5,NewYork_01,2024-10-07,223.5902502360202,241.0064724486632,257.86660354104833,240.72482388033188
Tron-o-matic 5,NewYork_01,2024-10-08,178.54216925774688,191.17901766810593,203.950119492212,191.09817267588002
Tron-o-matic 5,NewYork_01,2024-10-09,206.17642450851116,217.4362379075988,234.22758576395128,217.5190887618405
Tron-o-matic 5,NewYork_01,2024-10-10,172.76366926986395,190.84505347487388,207.14623532841966,190.42773197603822
Tron-o-matic 5,NewYork_01,2024-10-11,273.2052868413574,289.0122502784919,304.1956120526543,288.8048741403003
Tron-o-matic 5,NewYork_01,2024-10-12,170.48633178826896,187.1808277477164,202.90913075954,186.96909748113424
Tron-o-matic 5,NewYork_01,2024-10-13,228.71929677301267,243.38096483952484,258.1392739502743,243.54777087243482
Tron-o-matic 5,NewYork_01,2024-10-14,172.1039730336592,190.73052550363113,204.4189725603868,189.39210190500583
Tron-o-matic 5,NewYork_01,2024-10-15,175.31359601072515,188.00328412088416,203.4046325274425,188.32984875778436
Tron-o-matic 5,NewYork_01,2024-10-16,211.33825719767935,231.55959878341724,246.3913891147814,229.68903345605113
Tron-o-matic 5,NewYork_01,2024-10-17,244.99284673477626,259.5485648457825,272.9704328312846,259.09861315640563
Tron-o-matic 5,NewYork_01,2024-10-18,205.71889558824864,223.75691205102112,235.33159233646305,221.4929436441772
Tron-o-matic 5,NewYork_01,2024-10-19,167.64604592925178,185.35627081182326,201.33054945696327,184.0113764089725
Tron-o-matic 5,NewYork_01,2024-10-20,173.58184471225448,184.78950149161756,201.10871343419555,185.85216377250126
Tron-o-matic 5,NewYork_01,2024-10-21,173.6820307299672,190.2282967360948,201.4408250450819,188.96584731644015
Tron-o-matic 5,NewYork_01,2024-10-22,168.4627503913131,182.80612574730083,198.25646147791005,183.62932602667652
Tron-o-matic 5,NewYork_01,2024-10-23,168.12081037406682,183.02222663979376,200.0237990711961,183.79267912453528
Tron-o-matic 5,NewYork_01,2024-10-24,170.76135099592983,188.16696782588394,202.67392580646583,186.6562727549059
Tron-o-matic 5,NewYork_01,2024-10-25,232.1490021732072,248.6345157438928,265.15092000942457,248.04824899094945
Tron-o-matic 5,NewYork_01,2024-10-26,168.0882597632609,182.7380024547138,195.09504205340554,182.14048025949472
Tron-o-matic 5,NewYork_01,2024-10-27,207.31219167749205,220.99333565530074,235.35130225581156,221.72660396067695
Tron-o-matic 5,NewYork_01,2024-10-28,313.7504649346987,330.4879621973359,347.7945164390226,330.52233527921476
Tron-o-matic 5,NewYork_01,2024-10-29,166.69313907369752,180.27792865268816,196.0365434699346,181.06831427778087
Tron-o-matic 5,NewYork_01,2024-10-30,310.5309410941394,320.05547386852686,334.9235709784993,321.5518889708376
Tron-o-matic 5,NewYork_01,2024-10-31,165.68537941049752,182.2101357493201,195.73826928456396,180.86905115497976
Tron-o-matic 5,NewYork_01,2024-11-01,163.89143443745724,176.97428039224164,190.6878802619524,176.45219217766234
Tron-o-matic 5,NewYork_01,2024-11-02,155.21226251986647,177.0213887632066,191.3604710033726,174.1460563290025
Tron-o-matic 5,NewYork_01,2024-11-03,212.90920889222286,225.58843677989114,238.60254613999007,225.5897435217836
Tron-o-matic 5,NewYork_01,2024-11-04,160.14879885030794,176.46444694198107,195.3649041679642,176.99247932933724
Tron-o-matic 5,NewYork_01,2024-11-05,212.06056393106866,227.60915621132085,242.78532230193713,226.59063713044998
Tron-o-matic 5,NewYork_01,2024-11-06,191.65919259425777,205.7494705594932,219.21593027362587,205.17900237622308
Tron-o-matic 5,NewYork_01,2024-11-07,156.49478384690124,172.56293846957126,186.95980062084428,172.13185041991355
Tron-o-matic 5,NewYork_01,2024-11-08,152.79178063754873,168.13022187905645,182.06973349830707,168.34312383208024
Tron-o-matic 5,NewYork_01,2024-11-09,150.9748118434506,167.79073431812358,183.4501179992862,166.90018872688913
Tron-o-matic 5,NewYork_01,2024-11-10,155.33847361272956,168.61999771274637,181.72511997713798,168.30402932537686
Tron-o-matic 5,NewYork_01,2024-11-11,153.863884303026,167.79295457134296,185.59335262287686,168.9291459636956
Tron-o-matic 5,NewYork_01,2024-11-12,209.7532080481312,225.76858092082466,242.6187794365907,226.5608741387722
Tron-o-matic 5,NewYork_01,2024-11-13,191.38181966053358,203.75919651378,217.99983112139398,204.63237831092897
Tron-o-matic 5,NewYork_01,2024-11-14,264.3362668489913,278.7444739589958,291.46095867108806,278.2671382479113
Tron-o-matic 5,NewYork_01,2024-11-15,150.61430588623446,164.66827582084488,179.82890291884246,164.82417223584198
Tron-o-matic 5,NewYork_01,2024-11-16,214.03848855766879,232.6538786297034,249.56670020898756,231.25623423622375
Tron-o-matic 5,NewYork_01,2024-11-17,148.56450889318793,162.0758621576827,179.89406081175704,163.0816641852919
Tron-o-matic 5,NewYork_01,2024-11-18,299.30828082372557,314.5092032808098,330.543500766742,314.32195665933807
Tron-o-matic 5,NewYork_01,2024-11-19,150.80304543723594,165.7295646719936,179.6410200411706,165.74390260501772
Tron-o-matic 5,NewYork_01,2024-11-20,209.24837576161553,225.06477042033737,240.27500052035097,225.2107774464057
Tron-o-matic 5,NewYork_01,2024-11-21,218.30050308265038,231.49069163607575,247.37512403681924,232.48438362431298
Tron-o-matic 5,NewYork_01,2024-11-22,267.2060291429382,283.035848409472,297.1000495830261,282.68393504019275
Tron-o-matic 5,NewYork_01,2024-11-23,151.53932219119176,163.83272716197652,175.43183883528363,163.6110123294489
Tron-o-matic 5,NewYork_01,2024-11-24,181.56050838726506,194.68653691787637,208.6064294951759,195.02688785013527
Tron-o-matic 5,NewYork_01,2024-11-25,152.94488676528167,168.36243559355407,183.8883970804791,167.9357550433594
Tron-o-matic 5,NewYork_01,2024-11-26,186.7174592820752,200.75201275262063,215.30513535035817,200.84982680466553
Tron-o-matic 5,NewYork_01,2024-11-27,216.65508611960348,231.11389222452334,247.07101071241132,231.7924175582192
Tron-o-matic 5,NewYork_01,2024-11-28,194.61530934588717,210.7347126243555,226.89593883856645,210.06471137452817
Tron-o-matic 5,NewYork_01,2024-11-29,312.57536675942737,328.64653108854776,342.9605090258017,329.0226556867687
Tron-o-matic 5,NewYork_01,2024-11-30,151.8913650838614,168.94221431275477,182.8145931139015,167.54092922175224
Tron-o-matic 5,NewYork_01,2024-12-01,153.8953011960384,173.25524722139775,190.0119264063332,172.7853156676916
Tron-o-matic 5,NewYork_01,2024-12-02,275.9772658685493,298.6110181950682,314.19243683814676,297.73046681462256
Tron-o-matic 5,NewYork_01,2024-12-03,300.4073956771085,319.0282808787583,330.76701955646297,317.7341543033164
Tron-o-matic 5,NewYork_01,2024-12-04,158.94756156667293,170.25135673892706,186.69734612755337,171.75028804428337
Tron-o-matic 5,NewYork_01,2024-12-05,160.09972554581006,172.15779784553834,188.6302762400484,173.61972893132787
Tron-o-matic 5,NewYork_01,2024-12-06,158.11120342873375,173.20085040088395,184.341901397443,172.45387056617813
Tron-o-matic 5,NewYork_01,2024-12-07,157.31347023057728,171.9971780846755,184.26289937230587,171.83425610984307
Tron-o-matic 5,NewYork_01,2024-12-08,159.42162285281097,172.22872310277597,186.32544644772835,172.42391689215393
Tron-o-matic 5,NewYork_01,2024-12-09,160.53973253554398,173.83985974575668,191.02693259108327,174.9518833033202
Tron-o-matic 5,NewYork_01,2024-12-10,155.53425272386403,173.07075907827064,188.50784542938334,172.95189177971235
Tron-o-matic 5,NewYork_01,2024-12-11,277.65935380227745,292.60088131884885,304.0991793539858,291.73861644217624
Tron-o-matic 5,NewYork_01,2024-12-12,270.8074217349741,289.1107949240303,303.8603285563198,288.5446372651664
Tron-o-matic 5,NewYork_01,2024-12-13,158.10960216477324,174.02150245909675,185.06543179078176,171.87689820125144
Tron-o-matic 5,NewYork_01,2024-12-14,153.5232291291221,171.9609962984119,185.30673398108252,170.37407583131235
Tron-o-matic 5,NewYork_01,2024-12-15,185.77577933072018,199.40174302437947,213.66199657551894,200.49805684784727
Tron-o-matic 5,NewYork_01,2024-12-16,155.9487910267684,172.6446017297212,187.26380286068752,172.34192637564018
Tron-o-matic 5,NewYork_01,2024-12-17,160.70825199090822,174.12386872138956,187.45350326780152,173.49198616955985
Tron-o-matic 5,NewYork_01,2024-12-18,156.58602415757605,173.3527376385036,190.48943960655305,173.21221894121652
Tron-o-matic 5,NewYork_01,2024-12-19,159.23780661051893,175.93459069414178,192.92281211929037,174.84808685037513
Tron-o-matic 5,NewYork_01,2024-12-20,272.7053981041485,286.56971657522047,300.07301066405745,286.0082175938355
Tron-o-matic 5,NewYork_01,2024-12-21,281.0839185661076,296.0877024095024,312.3869371239579,296.18575417264094
Tron-o-matic 5,NewYork_01,2024-12-22,231.09068673263593,242.05773122212577,252.98235073652438,242.0956991708168
Tron-o-matic 5,NewYork_01,2024-12-23,184.79607848836716,200.13256628120516,216.03145079450164,199.91273288451706
Tron-o-matic 5,NewYork_01,2024-12-24,155.9250421122791,172.41495480682156,187.5112622537548,172.64988217092196
Tron-o-matic 5,NewYork_01,2024-12-25,158.80491604498167,171.36542820829007,190.54285797344184,172.97065376324835
Tron-o-matic 5,NewYork_01,2024-12-26,161.69345948393703,174.68378957751625,189.60838742296235,174.41123081238274
Tron-o-matic 5,NewYork_01,2024-12-27,156.39717336227346,175.715151341157,188.89511614061382,174.10507785185146
Tron-o-matic 5,NewYork_01,2024-12-28,208.0735697942961,221.1321512645288,239.15785243126288,222.16296543345416
Tron-o-matic 5,NewYork_01,2024-12-29,157.28386110393444,175.68393813560894,193.28813254973366,176.67071063886414
Tron-o-matic 5,NewYork_01,2024-12-30,167.4399651693874,180.96343305787863,196.08885804173704,180.85638260329705
Tron-o-matic 5,NewYork_01,2024-12-31,199.21475727285818,214.59605844873593,230.38256465708355,214.06259059807184
Tron-o-matic 5,Houston_01,2024-10-01,170.87221173786799,181.78736919650026,190.95445045231236,181.25414212679368
Tron-o-matic 5,Houston_01,2024-10-02,247.76314724949526,257.8492897588074,269.70844850048974,258.1313899690005
Tron-o-matic 5,Houston_01,2024-10-03,158.21287426382835,167.5784566455901,179.72559502495682,168.43960461482334
Tron-o-matic 5,Houston_01,2024-10-04,160.73404805266074,171.58405785095056,181.70674056626643,171.0670274105944
Tron-o-matic 5,Houston_01,2024-10-05,181.49338875804602,191.2750631197903,201.45691508680207,191.31594337455599
Tron-o-matic 5,Houston_01,2024-10-06,155.6254163184279,168.95062439610862,179.00900602295107,168.29723856798762
Tron-o-matic 5,Houston_01,2024-10-07,170.25366465723977,179.95158619977423,193.46640946920914,181.64050244184895
Tron-o-matic 5,Houston_01,2024-10-08,132.731927364744,147.81497691575225,155.30406499871648,145.65261711447428
Tron-o-matic 5,Houston_01,2024-10-09,152.83616096139474,164.9139199581859,174.349412000772,164.12604203739843
Tron-o-matic 5,Houston_01,2024-10-10,131.42827193290867,141.25061264575993,151.43802428515332,141.01732507793605
Tron-o-matic 5,Houston_01,2024-10-11,209.6370889847033,220.08364577998165,230.86310999854385,220.0838177151775
Tron-o-matic 5,Houston_01,2024-10-12,132.79255612775566,145.14623914559888,155.7330132693481,144.43140990689378
Tron-o-matic 5,Houston_01,2024-10-13,176.39329904331123,186.94296199502898,194.81268469664846,186.49696291057106
Tron-o-matic 5,Houston_01,2024-10-14,131.577099568886,145.09837569296042,156.06120137781096,144.79354637006526
Tron-o-matic 5,Houston_01,2024-10-15,133.37325398069623,144.02623279536357,154.9626141480394,143.95708130470285
Tron-o-matic 5,Houston_01,2024-10-16,167.46675670522077,175.49657831037354,187.13873986050237,176.3790883601916
Tron-o-matic 5,Houston_01,2024-10-17,185.91740052849863,196.73941987297815,208.41486756184918,197.06568797044713
Tron-o-matic 5,Houston_01,2024-10-18,159.35283216504985,169.57827027719367,180.35174965787328,169.56069327700982
Tron-o-matic 5,Houston_01,2024-10-19,133.47276800514476,143.65403328251995,156.6077223897562,144.09955703823255
Tron-o-matic 5,Houston_01,2024-10-20,131.13823046479408,141.82591484471837,152.67243610947537,141.6673177188686
Tron-o-matic 5,Houston_01,2024-10-21,132.4453493468755,144.11437822347034,154.32263442523225,143.82101159493214
Tron-o-matic 5,Houston_01,2024-10-22,131.9458486692383,143.22706623707452,152.42347830764555,142.29151609367807
Tron-o-matic 5,Houston_01,2024-10-23,130.6892796074712,141.21018244968403,152.15800749421362,140.53650575170403
Tron-o-matic 5,Houston_01,2024-10-24,130.6502593733996,142.20034473466515,149.54607000959976,141.28385888871034
Tron-o-matic 5,Houston_01,2024-10-25,175.80750365944496,187.6836720314516,197.18721739087022,187.16129486092188
Tron-o-matic 5,Houston_01,2024-10-26,130.37152093527916,139.58672660514065,151.19794877974147,140.26669766559957
Tron-o-matic 5,Houston_01,2024-10-27,159.90840085504888,170.6101989520873,180.53311088920896,170.3362377208718
Tron-o-matic 5,Houston_01,2024-10-28,240.23107765962834,252.31311438998262,263.9956206437624,252.21395328465695
Tron-o-matic 5,Houston_01,2024-10-29,127.1119682964111,138.27097798984929,149.00050331842792,138.08749350461736
Tron-o-matic 5,Houston_01,2024-10-30,231.03498683928686,243.97425311001123,253.02030143703155,242.8589863363339
Tron-o-matic 5,Houston_01,2024-10-31,127.00518879369544,134.8467964520267,145.77006937441655,136.0211524242226
Tron-o-matic 5,Houston_01,2024-11-01,123.84867339466922,134.28194494863834,148.59414243729742,134.8936204761751
Tron-o-matic 5,Houston_01,2024-11-02,126.24228332470497,136.4398362192897,147.96493719365182,136.6372173622814
Tron-o-matic 5,Houston_01,2024-11-03,161.5988060274555,172.73432333860686,181.65531004470006,172.51139569474745
Tron-o-matic 5,Houston_01,2024-11-04,123.2912746793111,134.0556166597702,143.53381113782513,133.71323655948063
Tron-o-matic 5,Houston_01,2024-11-05,162.12303767070406,170.9280119347628,182.16667238516783,171.63065669002862
Tron-o-matic 5,Houston_01,2024-11-06,144.7411706322008,157.26604876668281,167.2795029091577,156.92560069984512
Tron-o-matic 5,Houston_01,2024-11-07,118.97735064069279,130.84578565765864,139.30289880990165,130.38285905321126
Tron-o-matic 5,Houston_01,2024-11-08,120.6646429317292,128.6217471407309,140.45479588947558,129.5628001315963
Tron-o-matic 5,Houston_01,2024-11-09,120.3193964011397,133.77646838503819,142.64376646334227,132.7684863945067
Tron-o-matic 5,Houston_01,2024-11-10,116.46274774431059,128.94067850148397,140.13313356506328,128.2663748084748
Tron-o-matic 5,Houston_01,2024-11-11,120.47660214923476,132.2139398316953,143.74230152649827,131.87294958191706
Tron-o-matic 5,Houston_01,2024-11-12,165.41845324868046,174.15796829358584,185.37326090697434,174.41918514669788
Tron-o-matic 5,Houston_01,2024-11-13,146.11547673421904,159.18874158840097,167.49836012190764,157.63284661533083
Tron-o-matic 5,Houston_01,2024-11-14,200.66932961419195,211.53509797611974,222.94670371016016,211.69358231306717
Tron-o-matic 5,Houston_01,2024-11-15,115.61143511910626,127.58474576455401,138.92562242791504,127.1321098011767
Tron-o-matic 5,Houston_01,2024-11-16,168.57016133307562,178.2328285759975,189.2439347539641,178.3436163123082
Tron-o-matic 5,Houston_01,2024-11-17,118.29426041951885,127.35906352282043,139.06738360449916,127.72491663700553
Tron-o-matic 5,Houston_01,2024-11-18,227.4607225026493,237.30309469450953,247.38681205902833,237.48356983570906
Tron-o-matic 5,Houston_01,2024-11-19,115.2727706033207,128.554641062851,141.3027917251125,128.28242542278718
Tron-o-matic 5,Houston_01,2024-11-20,162.4118719250524,173.97430950232905,184.59953056827732,173.17501161448453
Tron-o-matic 5,Houston_01,2024-11-21,164.38271795768114,174.17716397481627,185.07977586742152,175.26900164454153
Tron-o-matic 5,Houston_01,2024-11-22,205.7341710909174,216.43613191300372,227.5615987212863,216.02919011627884
Tron-o-matic 5,Houston_01,2024-11-23,115.77328960358487,129.4636219228843,142.26397072649164,129.9627239419062
Tron-o-matic 5,Houston_01,2024-11-24,140.09169339992175,150.5945238889109,162.52805163902164,151.1561322665948
Tron-o-matic 5,Houston_01,2024-11-25,116.75141735298533,129.43328256331918,140.20628693003925,129.46632515586256
Tron-o-matic 5,Houston_01,2024-11-26,144.36287765533854,155.98555880597732,166.6603664390377,155.59056400708386
Tron-o-matic 5,Houston_01,2024-11-27,166.8182395975282,177.60279391934924,186.63773396466775,177.03310282312407
Tron-o-matic 5,Houston_01,2024-11-28,147.64269348651598,158.14961898231306,170.03661436638637,159.35160276577992
Tron-o-matic 5,Houston_01,2024-11-29,238.17065863253873,249.89393299759436,259.9239794591798,249.38880872661775
Tron-o-matic 5,Houston_01,2024-11-30,120.50463405196713,131.9062552038779,143.4579188785635,132.0305505088544
Tron-o-matic 5,Houston_01,2024-12-01,117.67471346390397,128.00481454456872,139.59406755383847,128.87336581538258
Tron-o-matic 5,Houston_01,2024-12-02,214.9739821404405,224.66573119301265,234.5885532182461,224.75038362200723
Tron-o-matic 5,Houston_01,2024-12-03,230.51629264096545,239.8275926204931,249.47769572079426,239.74806839763107
Tron-o-matic 5,Houston_01,2024-12-04,121.1254152503177,133.2475992124115,142.6017800285556,132.13915543229723
Tron-o-matic 5,Houston_01,2024-12-05,118.83198181845212,130.41034556461932,141.84892026528928,130.32668871140822
Tron-o-matic 5,Houston_01,2024-12-06,121.99249625214202,129.94824588391853,139.94798713848516,130.89398519781795
Tron-o-matic 5,Houston_01,2024-12-07,122.3462126323205,130.85881605620548,143.15697492544896,131.83751084789844
Tron-o-matic 5,Houston_01,2024-12-08,120.30720170934332,130.62154598905465,138.97260442969397,130.2127225153309
Tron-o-matic 5,Houston_01,2024-12-09,121.04841753274272,131.52637859889848,139.615591148362,130.89874748134446
Tron-o-matic 5,Houston_01,2024-12-10,119.1715509440776,130.5975070252467,141.3917196320538,129.95573563373927
Tron-o-matic 5,Houston_01,2024-12-11,206.7328235382063,216.58471859951916,228.2806235098173,217.21075819755617
Tron-o-matic 5,Houston_01,2024-12-12,205.38406552224617,215.79376859281086,227.16333408008236,215.65485737336738
Tron-o-matic 5,Houston_01,2024-12-13,120.40734289629287,131.47395842502237,140.41348279656748,130.4080761092576
Tron-o-matic 5,Houston_01,2024-12-14,120.9219396513211,131.68036673923166,144.405647996022,131.93282487682552
Tron-o-matic 5,Houston_01,2024-12-15,141.676276356653,153.70711838597532,163.5302566537314,153.37081327212246
Tron-o-matic 5,Houston_01,2024-12-16,118.51056138000281,130.78136334337333,142.05933246169744,130.29942725220263
Tron-o-matic 5,Houston_01,2024-12-17,119.1493928265995,129.98198525321965,141.83549982557847,130.2450174314122
Tron-o-matic 5,Houston_01,2024-12-18,116.14804027342598,127.7314909591067,141.0901902592041,128.3278855826305
Tron-o-matic 5,Houston_01,2024-12-19,118.12834475794432,130.68763150322022,139.9160172494178,129.32273861051135
Tron-o-matic 5,Houston_01,2024-12-20,206.10274915029225,215.77965604509993,225.9950993017013,216.12610149077574
Tron-o-matic 5,Houston_01,2024-12-21,211.73811896781604,223.05076944590326,233.48361622318316,223.22704300925068
Tron-o-matic 5,Houston_01,2024-12-22,172.4378220700608,183.96397571882326,196.27614432820613,184.52475832819917
Tron-o-matic 5,Houston_01,2024-12-23,139.55766840176253,150.38679705931457,162.52279165688822,150.78651093228652
Tron-o-matic 5,Houston_01,2024-12-24,120.00628113534698,131.1230598875536,141.70300729964677,131.14110884353562
Tron-o-matic 5,Houston_01,2024-12-25,121.51896412820315,133.20887878612558,144.73492784796593,132.85908251435822
Tron-o-matic 5,Houston_01,2024-12-26,121.24670928678984,130.9698268192872,140.003286051468,130.64942363931476
Tron-o-matic 5,Houston_01,2024-12-27,120.21528167705546,132.56161364030092,142.74643986999163,132.3791048579893
Tron-o-matic 5,Houston_01,2024-12-28,158.51353919927317,168.29588875990123,176.9740272282479,167.8577294651443
Tron-o-matic 5,Houston_01,2024-12-29,123.13144451802002,132.8339618052072,142.801644264859,132.59513695851376
Tron-o-matic 5,Houston_01,2024-12-30,122.8102355903433,135.6526187160365,145.79326484893605,134.62465365882662
Tron-o-matic 5,Houston_01,2024-12-31,149.1427953827484,161.6845020876682,170.98388947361758,160.34727635256957
Tron-o-matic 5,LosAngeles_01,2024-10-01,292.8303375425884,309.8658811224391,327.6524222911384,309.8271546364838
Tron-o-matic 5,LosAngeles_01,2024-10-02,422.9759859335712,439.7437486021302,458.5072029346858,439.42760577687557
Tron-o-matic 5,LosAngeles_01,2024-10-03,266.79183258936575,289.9714228792564,309.7926186667775,288.9675637643247
Tron-o-matic 5,LosAngeles_01,2024-10-04,266.66116023022374,283.3074624734174,302.15158870137225,284.50419756710846
Tron-o-matic 5,LosAngeles_01,2024-10-05,302.1260888113974,322.4477780962527,343.4159317873455,322.25603032707335
Tron-o-matic 5,LosAngeles_01,2024-10-06,269.11382930480926,287.26911645695276,307.51131783377235,287.8830264170522
Tron-o-matic 5,LosAngeles_01,2024-10-07,290.4315943949615,306.9135634233037,330.7191177806871,308.6951094148481
Tron-o-matic 5,LosAngeles_01,2024-10-08,232.55605232889747,246.45981397923924,261.01485184167746,246.1795808258843
Tron-o-matic 5,LosAngeles_01,2024-10-09,255.2653595104584,276.6082805564836,294.73803856267244,275.54979994712306
Tron-o-matic 5,LosAngeles_01,2024-10-10,225.80048299475123,242.50334249062195,266.0060032907237,244.46641149483938
Tron-o-matic 5,LosAngeles_01,2024-10-11,351.10635236988816,367.12911410411755,385.21490993075486,368.34364686217066
Tron-o-matic 5,LosAngeles_01,2024-10-12,221.254536186113,240.06347437611274,259.90757883370935,240.53964481310618
Tron-o-matic 5,LosAngeles_01,2024-10-13,298.05421918946695,317.47470476082776,333.33981784259487,315.8589010466346
Tron-o-matic 5,LosAngeles_01,2024-10-14,223.7009505889711,242.0306158651905,264.3566053702631,243.3138895846718
Tron-o-matic 5,LosAngeles_01,2024-10-15,225.32363040967445,242.50558682683885,257.00089846021626,241.5548234800386
Tron-o-matic 5,LosAngeles_01,2024-10-16,277.32469396062925,296.5114333007038,316.88627406363514,296.9662044336284
Tron-o-matic 5,LosAngeles_01,2024-10-17,318.0410673176746,335.9143724878886,353.14377169350365,336.0190960387334
Tron-o-matic 5,LosAngeles_01,2024-10-18,264.4209619181289,288.2183608432443,305.8431281764181,286.63232140284674
Tron-o-matic 5,LosAngeles_01,2024-10-19,222.09842785949473,243.0660771696363,259.4920951133377,241.05193093122648
Tron-o-matic 5,LosAngeles_01,2024-10-20,220.64577156354565,239.93567638697377,257.6907532325919,238.50687804498256
Tron-o-matic 5,LosAngeles_01,2024-10-21,219.00108739858985,240.81023314126375,260.393764135527,240.60727566183968
Tron-o-matic 5,LosAngeles_01,2024-10-22,216.7560462482371,240.12433513162838,256.36769287096865,237.860077853567
Tron-o-matic 5,LosAngeles_01,2024-10-23,219.24832522685674,239.04517102805633,262.90916522078095,239.76635728708635
Tron-o-matic 5,LosAngeles_01,2024-10-24,219.30798749810376,240.3065796381726,259.1531622221447,240.48088720571607
Tron-o-matic 5,LosAngeles_01,2024-10-25,295.2368084290778,318.07663945373656,341.99902158823346,318.7477108021416
Tron-o-matic 5,LosAngeles_01,2024-10-26,215.3696118020281,236.76813581614,256.1595611636595,235.1433157913917
Tron-o-matic 5,LosAngeles_01,2024-10-27,266.2477168014182,282.2010459605556,302.4648859460992,282.83073927570314
Tron-o-matic 5,LosAngeles_01,2024-10-28,410.6548018206869,427.6665223350546,443.7895087033309,427.4217546335447
Tron-o-matic 5,LosAngeles_01,2024-10-29,209.61255166056878,229.40636913279715,248.649787072111,229.91956513718404
Tron-o-matic 5,LosAngeles_01,2024-10-30,396.44088432493567,417.73055742360344,442.144678684774,418.12758850587096
Tron-o-matic 5,LosAngeles_01,2024-10-31,215.29577576817138,231.25601978012782,248.9307307614627,231.42408821488817
Tron-o-matic 5,LosAngeles_01,2024-11-01,205.05422359680566,227.28002626653011,245.56571368144424,226.4096921044103
Tron-o-matic 5,LosAngeles_01,2024-11-02,209.1614053488008,226.60295247988074,246.94193505584306,227.47312881779945
Tron-o-matic 5,LosAngeles_01,2024-11-03,272.1627212431643,290.3117103480323,310.49229536493,290.8389299191637
Tron-o-matic 5,LosAngeles_01,2024-11-04,208.35835144870586,227.653762798402,243.33206614939158,226.32624270961304
Tron-o-matic 5,LosAngeles_01,2024-11-05,271.5403292607708,289.67099196240395,309.6080132802094,290.52682107472555
Tron-o-matic 5,LosAngeles_01,2024-11-06,250.24687901110735,269.69121064063984,288.17170825102346,268.762944727854
Tron-o-matic 5,LosAngeles_01,2024-11-07,205.0774413964535,223.8368059206132,238.6763501119156,222.93936081067557
Tron-o-matic 5,LosAngeles_01,2024-11-08,198.1267164881275,219.7061031586843,242.5751280824229,219.76731075604567
Tron-o-matic 5,LosAngeles_01,2024-11-09,203.95180611699317,222.1537805714971,241.26893416352866,221.51630545980828
Tron-o-matic 5,LosAngeles_01,2024-11-10,197.54201348624443,213.41991114933637,233.50194241500284,214.14069882223578
Tron-o-matic 5,LosAngeles_01,2024-11-11,204.33124572076457,218.4503689954285,239.7191247651328,220.12904230302615
Tron-o-matic 5,LosAngeles_01,2024-11-12,273.42039837348176,292.8132029113303,313.29787046365357,291.9560023774096
Tron-o-matic 5,LosAngeles_01,2024-11-13,250.13548716931425,269.0353735209199,288.02824252222183,268.88344523690887
Tron-o-matic 5,LosAngeles_01,2024-11-14,344.18861820664216,364.86674783839356,384.1967090182067,364.5908802893734
Tron-o-matic 5,LosAngeles_01,2024-11-15,194.0252883602775,215.6189947680649,231.73937012477094,214.81366645461392
Tron-o-matic 5,LosAngeles_01,2024-11-16,285.85659352842856,305.727239572827,318.75976925541875,303.2582355549752
Tron-o-matic 5,LosAngeles_01,2024-11-17,193.39958408477003,211.75825850004512,227.83896642162114,211.4170013457308
Tron-o-matic 5,LosAngeles_01,2024-11-18,389.3560595100087,406.3744901388012,431.48564804244876,409.1240725212335
Tron-o-matic 5,LosAngeles_01,2024-11-19,195.09506416522981,213.5533699194761,231.18989885139564,213.2618882982716
Tron-o-matic 5,LosAngeles_01,2024-11-20,274.2756427406111,292.3509679298469,309.828082830771,291.53083654326053
Tron-o-matic 5,LosAngeles_01,2024-11-21,275.0485344449653,296.28729697815675,320.24004367598155,297.3280142693797
Tron-o-matic 5,LosAngeles_01,2024-11-22,344.94688586701443,365.4899006507088,387.0322047870952,366.3500914655875
Tron-o-matic 5,LosAngeles_01,2024-11-23,191.41884912518614,212.76973869681842,231.54812119677996,213.08800955702017
Tron-o-matic 5,LosAngeles_01,2024-11-24,230.85812587152444,248.80505018437506,268.32915061061266,249.00205649201953
Tron-o-matic 5,LosAngeles_01,2024-11-25,200.89738797304153,214.56123572671135,235.20646407100054,217.31289751782552
Tron-o-matic 5,LosAngeles_01,2024-11-26,238.9428386647187,254.59532780201783,277.61396964241203,256.0806641405159
Tron-o-matic 5,LosAngeles_01,2024-11-27,279.8692827109068,296.5874274616819,315.7065429109354,296.1964889394234
Tron-o-matic 5,LosAngeles_01,2024-11-28,247.76554168694653,267.9042704982161,290.7286374973645,268.51966596119235
Tron-o-matic 5,LosAngeles_01,2024-11-29,396.870588391131,419.35494014199134,440.26930999743144,419.5192650372217
Tron-o-matic 5,LosAngeles_01,2024-11-30,192.14441904958505,212.39764686373678,230.56002259252364,211.62949356976037
Tron-o-matic 5,LosAngeles_01,2024-12-01,187.11873008283658,212.4104721238453,229.63737455320634,210.06870185341072
Tron-o-matic 5,LosAngeles_01,2024-12-02,357.236955731246,376.5530012028039,393.89008172740205,377.0998648685654
Tron-o-matic 5,LosAngeles_01,2024-12-03,382.0041233248845,401.7241751718412,424.51731967707764,402.0571625124653
Tron-o-matic 5,LosAngeles_01,2024-12-04,199.67916604820599,216.23735664329132,234.15086895247543,217.4015044129939
Tron-o-matic 5,LosAngeles_01,2024-12-05,197.02086960838687,219.81502975435657,236.9536632408758,217.58971793938946
Tron-o-matic 5,LosAngeles_01,2024-12-06,195.28199330157958,218.872548269935,233.72537798478976,217.26597939269362
Tron-o-matic 5,LosAngeles_01,2024-12-07,198.0189050968634,213.57559823197798,233.42203146641663,214.4764813270832
Tron-o-matic 5,LosAngeles_01,2024-12-08,191.77300201649294,213.62392921127832,228.29749666305355,212.05626759354206
Tron-o-matic 5,LosAngeles_01,2024-12-09,198.0012980151995,220.18585200351305,237.6199578248185,218.26858004203189
Tron-o-matic 5,LosAngeles_01,2024-12-10,194.90375035382547,216.21589161564268,232.82210809292943,215.4552541410949
Tron-o-matic 5,LosAngeles_01,2024-12-11,352.57057819473505,370.68291442766963,392.2811389894573,371.1107057801063
Tron-o-matic 5,LosAngeles_01,2024-12-12,350.6378975062646,369.8344210190249,387.7985873966613,368.76664448206816
Tron-o-matic 5,LosAngeles_01,2024-12-13,202.18890268394355,217.85626890021084,235.01663177492063,218.23559833592302
Tron-o-matic 5,LosAngeles_01,2024-12-14,201.8032332800817,219.24691961067177,240.1410720388412,218.8273103890798
Tron-o-matic 5,LosAngeles_01,2024-12-15,238.64586519532693,257.4061425793167,277.71738404686226,257.35373284627354
Tron-o-matic 5,LosAngeles_01,2024-12-16,198.8010811546781,221.2171957482795,238.7663537195718,221.19974439415967
Tron-o-matic 5,LosAngeles_01,2024-12-17,200.47476931054916,221.65176021864423,241.92025629254545,221.04047367876387
Tron-o-matic 5,LosAngeles_01,2024-12-18,199.9223535538619,222.13799361144532,236.52733860580366,220.59306272682088
Tron-o-matic 5,LosAngeles_01,2024-12-19,203.09138161825783,221.0787099156478,241.86719865372845,221.68662238982373
Tron-o-matic 5,LosAngeles_01,2024-12-20,350.79806551141564,367.2144791633805,383.5800391373707,366.2783747252828
Tron-o-matic 5,LosAngeles_01,2024-12-21,364.2172692818897,379.98886499909435,400.63918762652577,381.74588009889544
Tron-o-matic 5,LosAngeles_01,2024-12-22,293.1051472627957,310.941448118977,326.0678768652065,310.41340539228895
Tron-o-matic 5,LosAngeles_01,2024-12-23,237.1831183031344,257.06768359073385,275.0577786921611,255.98443320780996
Tron-o-matic 5,LosAngeles_01,2024-12-24,198.56663051203628,220.55524879654556,239.07639461819437,218.8708630852121
Tron-o-matic 5,LosAngeles_01,2024-12-25,202.87334546803402,225.5098439642276,244.30559922389926,223.92126034190613
Tron-o-matic 5,LosAngeles_01,2024-12-26,201.29030826533327,222.3387375688608,241.99571923934639,222.5049223159115
Tron-o-matic 5,LosAngeles_01,2024-12-27,201.01233406441554,219.8453142270569,240.1915539157368,219.9509386957133
Tron-o-matic 5,LosAngeles_01,2024-12-28,264.74103105232234,286.3166805211543,303.2593714067424,284.7549329457917
Tron-o-matic 5,LosAngeles_01,2024-12-29,197.84462274870106,218.09424942036435,236.95490136987203,218.15473202236987
Tron-o-matic 5,LosAngeles_01,2024-12-30,206.96706240444888,226.07756970085373,245.9484481793684,225.61802474577613
Tron-o-matic 5,LosAngeles_01,2024-12-31,248.36755165894232,269.76380607332453,289.25997752170997,269.2033927517657
Tron-o-matic 5,Philadelphia_01,2024-10-01,139.6810171666059,148.68544413144352,156.77981145204708,147.99842210165409
Tron-o-matic 5,Philadelphia_01,2024-10-02,201.06876535095532,211.24616858231133,219.64045561175365,211.0670773053342
Tron-o-matic 5,Philadelphia_01,2024-10-03,129.96061889066254,139.76620928346205,150.6658683015517,139.76871468125535
Tron-o-matic 5,Philadelphia_01,2024-10-04,129.36275664198348,140.36848775604625,150.103602393606,139.76705136431627
Tron-o-matic 5,Philadelphia_01,2024-10-05,143.9331843172626,154.58083136246435,163.94692078130026,153.8511531323194
Tron-o-matic 5,Philadelphia_01,2024-10-06,130.92746623678417,138.9199859359732,147.54195384839028,139.40424521295495
Tron-o-matic 5,Philadelphia_01,2024-10-07,138.7760719441635,148.0552501432211,155.640670724638,147.76683445248906
Tron-o-matic 5,Philadelphia_01,2024-10-08,110.37227235618144,118.10626260227684,128.92289470369377,118.82672519790111
Tron-o-matic 5,Philadelphia_01,2024-10-09,124.84865845703543,133.2405511203766,143.3153733659064,133.83923020312537
Tron-o-matic 5,Philadelphia_01,2024-10-10,110.37221720496711,118.94482169281605,126.03423956710857,118.47074070238651
Tron-o-matic 5,Philadelphia_01,2024-10-11,171.00043896306084,178.9040854978994,186.43854523013462,178.66577799236012
Tron-o-matic 5,Philadelphia_01,2024-10-12,108.29143531900073,118.23228971079611,125.9068647765003,117.69205249564116
Tron-o-matic 5,Philadelphia_01,2024-10-13,143.7159921396358,151.97391214271292,161.54429725057275,151.92148239476256
Tron-o-matic 5,Philadelphia_01,2024-10-14,107.26738324900629,117.76874359480448,127.54058459307603,117.31911778882514
Tron-o-matic 5,Philadelphia_01,2024-10-15,110.1907537532731,116.24664171643882,123.95843201192275,116.59884573796884
Tron-o-matic 5,Philadelphia_01,2024-10-16,133.73159924053593,142.35440034306825,151.0597879401581,142.60664799244321
Tron-o-matic 5,Philadelphia_01,2024-10-17,154.03599215641165,160.7118120229111,171.34018531853644,161.64003197531056
Tron-o-matic 5,Philadelphia_01,2024-10-18,130.09426154005058,137.73210461531386,146.25540270349256,137.84695414552712
Tron-o-matic 5,Philadelphia_01,2024-10-19,106.96286868378486,115.14058328932457,122.00383918561967,114.7807561409009
Tron-o-matic 5,Philadelphia_01,2024-10-20,106.20132031290301,114.78450119461934,122.90567300423245,114.55284615921835
Tron-o-matic 5,Philadelphia_01,2024-10-21,108.27097773038358,117.12536881093727,124.22561482018229,117.02625630278764
Tron-o-matic 5,Philadelphia_01,2024-10-22,104.85352863078674,114.40278574847633,123.48681843563199,113.96133247769131
Tron-o-matic 5,Philadelphia_01,2024-10-23,102.4719075775987,112.42212335935368,123.60903758597874,112.47180472039678
Tron-o-matic 5,Philadelphia_01,2024-10-24,106.11129191674947,115.55714021072004,123.50391786475733,115.02144962800148
Tron-o-matic 5,Philadelphia_01,2024-10-25,143.62275544265577,152.1373290658107,161.26141301237786,152.03076830049318
Tron-o-matic 5,Philadelphia_01,2024-10-26,100.55321111152134,111.2132519687513,120.70620086623337,111.51916562297848
Tron-o-matic 5,Philadelphia_01,2024-10-27,128.23766456447458,137.08829513118542,143.3127993635644,136.0505699883264
Tron-o-matic 5,Philadelphia_01,2024-10-28,193.05698858376704,202.71509408349723,212.92736074412252,202.6585280901259
Tron-o-matic 5,Philadelphia_01,2024-10-29,102.43122697292813,111.14939563007286,119.7260285201365,110.99282729450397
Tron-o-matic 5,Philadelphia_01,2024-10-30,188.86135521473204,197.59630563562487,206.82144033291297,197.75853234624992
Tron-o-matic 5,Philadelphia_01,2024-10-31,101.03739924161725,110.19530171535405,117.22747332338184,109.90910713582211
Tron-o-matic 5,Philadelphia_01,2024-11-01,99.90914793752859,108.41970459242903,118.18621376071435,108.5368488240166
Tron-o-matic 5,Philadelphia_01,2024-11-02,99.54393670684469,108.07756137342184,115.89509914389964,107.84419186886778
Tron-o-matic 5,Philadelphia_01,2024-11-03,131.30984733041893,137.73183421809057,145.22040992755933,137.5361522519734
Tron-o-matic 5,Philadelphia_01,2024-11-04,99.05158403782096,108.3918898381486,116.46740838384554,107.79959184830464
Tron-o-matic 5,Philadelphia_01,2024-11-05,130.4737197786389,138.43446618171762,147.71319924070735,138.69855856399047
Tron-o-matic 5,Philadelphia_01,2024-11-06,116.05337506665792,126.70676911651573,135.79646076015337,125.943142839253
Tron-o-matic 5,Philadelphia_01,2024-11-07,99.60097503923542,107.54667036997822,115.54685018916112,107.51293488877177
Tron-o-matic 5,Philadelphia_01,2024-11-08,96.17771227931925,106.56001374847914,115.3727987706294,106.1382141482543
Tron-o-matic 5,Philadelphia_01,2024-11-09,94.93305707797029,102.74859788399205,113.77020780088752,104.18292519942328
Tron-o-matic 5,Philadelphia_01,2024-11-10,94.84294588320772,104.69590774135158,114.235006770078,104.87642154179117
Tron-o-matic 5,Philadelphia_01,2024-11-11,96.88699267684544,105.5625107415935,115.27940771442171,105.889448652906
Tron-o-matic 5,Philadelphia_01,2024-11-12,130.1176342589501,139.79574881333093,148.15816749686786,139.42356919555883
Tron-o-matic 5,Philadelphia_01,2024-11-13,116.70683158172334,126.39379903794203,134.55484999108813,126.06718110118237
Tron-o-matic 5,Philadelphia_01,2024-11-14,164.45915768711967,171.46023172452777,180.73318568771444,172.02011790113977
Tron-o-matic 5,Philadelphia_01,2024-11-15,95.39786472768279,103.25535751459913,112.94671148638425,103.21493532046888
Tron-o-matic 5,Philadelphia_01,2024-11-16,136.7543656373572,144.72341523140744,154.5913914240409,144.76567018354135
Tron-o-matic 5,Philadelphia_01,2024-11-17,91.75099452747396,101.4419140440737,112.39625636746972,101.35821358012333
Tron-o-matic 5,Philadelphia_01,2024-11-18,182.84700178339992,192.16455883332173,203.86833289931235,192.7216113393463
Tron-o-matic 5,Philadelphia_01,2024-11-19,95.93046238237086,102.8843067112668,111.25286040987078,103.53382141509448
Tron-o-matic 5,Philadelphia_01,2024-11-20,132.60550513579753,140.04156600739975,145.72886999119387,139.33195860746747
Tron-o-matic 5,Philadelphia_01,2024-11-21,133.48168333394514,142.26278746512955,152.8386684863421,142.70181112892283
Tron-o-matic 5,Philadelphia_01,2024-11-22,167.1097789645652,176.32115793283174,183.599047145781,175.3567511176265
Tron-o-matic 5,Philadelphia_01,2024-11-23,94.7056331976458,103.99900488430147,113.83589113578934,103.93358652838263
Tron-o-matic 5,Philadelphia_01,2024-11-24,111.80931552772924,120.61111671616531,127.09625571472583,120.40284952582084
Tron-o-matic 5,Philadelphia_01,2024-11-25,94.2678029754206,106.51770398709823,112.58597221660223,105.06505154240314
Tron-o-matic 5,Philadelphia_01,2024-11-26,115.7215749196425,124.15303479648064,130.86953270390006,123.52641908647682
Tron-o-matic 5,Philadelphia_01,2024-11-27,133.51667146921108,142.6630845988153,151.5928944433995,142.40186904329906
Tron-o-matic 5,Philadelphia_01,2024-11-28,119.78366482265442,128.79073050073373,136.797514585883,128.58470764844725
Tron-o-matic 5,Philadelphia_01,2024-11-29,191.65222446577306,199.59523016303498,208.44771246644547,200.1586196548347
Tron-o-matic 5,Philadelphia_01,2024-11-30,94.57469068917848,104.71147275619174,112.44490054596473,103.79504273414521
Tron-o-matic 5,Philadelphia_01,2024-12-01,96.41971449593709,103.84184972995526,112.72786074885522,104.35724047957197
Tron-o-matic 5,Philadelphia_01,2024-12-02,173.04912324553908,180.05397351335975,190.95839922011004,180.8699482613195
Tron-o-matic 5,Philadelphia_01,2024-12-03,184.8849343014189,193.9037655329778,200.7847718790209,193.33075353716737
Tron-o-matic 5,Philadelphia_01,2024-12-04,94.40609058601528,103.83717912034456,113.5094748896161,103.48453160513981
Tron-o-matic 5,Philadelphia_01,2024-12-05,97.55464666265951,106.54964717659449,114.92709569402619,106.57478713313114
Tron-o-matic 5,Philadelphia_01,2024-12-06,96.4844202155207,104.64494038622594,113.06212095721298,104.55331758355011
Tron-o-matic 5,Philadelphia_01,2024-12-07,95.89375638491029,105.25069609353707,113.38751748737472,104.93338627333361
Tron-o-matic 5,Philadelphia_01,2024-12-08,96.08762426554277,104.2427547555774,113.51530948366504,104.92171135230507
Tron-o-matic 5,Philadelphia_01,2024-12-09,96.44487735528276,104.33035644729432,113.84957981252012,104.86202318065065
Tron-o-matic 5,Philadelphia_01,2024-12-10,97.13397082385046,107.15563680638239,115.15828869921555,106.72414502314815
Tron-o-matic 5,Philadelphia_01,2024-12-11,169.78697670622054,178.60381374701217,187.2452434881493,178.33652442270187
Tron-o-matic 5,Philadelphia_01,2024-12-12,168.37891434451583,178.20757677148097,186.17676131434192,177.22397276920455
Tron-o-matic 5,Philadelphia_01,2024-12-13,96.89140097324457,107.0754783599246,115.70192899226676,106.78447436317484
Tron-o-matic 5,Philadelphia_01,2024-12-14,96.5579064684917,108.72311879990002,114.40864940483023,107.03210764773331
Tron-o-matic 5,Philadelphia_01,2024-12-15,116.08008245694569,126.21425188895452,132.88926936731008,125.38203874270778
Tron-o-matic 5,Philadelphia_01,2024-12-16,102.0357636997289,107.99236942154295,115.34260689870732,108.5952434211728
Tron-o-matic 5,Philadelphia_01,2024-12-17,99.62228783116446,106.87980623432908,116.14189332289618,107.3889462543664
Tron-o-matic 5,Philadelphia_01,2024-12-18,96.90052596439259,105.71711570859085,114.58638996940014,105.4496931856008
Tron-o-matic 5,Philadelphia_01,2024-12-19,99.1580820551411,107.15325796250374,115.68416978596942,106.82392558582987
Tron-o-matic 5,Philadelphia_01,2024-12-20,169.96668637933797,179.04348923310386,186.66420793105314,177.83818840136612
Tron-o-matic 5,Philadelphia_01,2024-12-21,173.60265603782838,183.53838728249613,192.50327622515184,183.86478899858398
Tron-o-matic 5,Philadelphia_01,2024-12-22,143.7824164575018,151.82057496265773,159.2964869096285,151.62291225420276
Tron-o-matic 5,Philadelphia_01,2024-12-23,114.52570250469996,124.10248546537346,132.698745622959,123.61859221879911
Tron-o-matic 5,Philadelphia_01,2024-12-24,98.80834896250823,106.6899338434745,116.91043915379471,106.99072020678001
Tron-o-matic 5,Philadelphia_01,2024-12-25,97.7349289032975,108.94900407516872,117.69650052496866,108.22008269866568
Tron-o-matic 5,Philadelphia_01,2024-12-26,99.90555679170959,108.15119733438966,117.57060031393004,108.4024364255961
Tron-o-matic 5,Philadelphia_01,2024-12-27,98.98612401765251,106.53932689478938,116.14355666508632,107.13472253243732
Tron-o-matic 5,Philadelphia_01,2024-12-28,126.4852384629895,137.2140250987649,146.46893341244754,136.69918612426173
Tron-o-matic 5,Philadelphia_01,2024-12-29,97.44040001959397,107.78702947593028,116.04212224543015,107.51798584073873
Tron-o-matic 5,Philadelphia_01,2024-12-30,99.88704094414585,108.88492523151311,117.09830168319559,108.83863480354849
Tron-o-matic 5,Philadelphia_01,2024-12-31,121.68920284260712,129.32637118729795,139.04426570525416,129.88325241288624
Tron-o-matic 5,NewYork_02,2024-10-01,224.9046240444604,240.71362690204438,256.6480479309825,240.60055735622026
Tron-o-matic 5,NewYork_02,2024-10-02,329.26294166978397,343.1448612841406,360.02666137285587,343.239310571623
Tron-o-matic 5,NewYork_02,2024-10-03,208.497855095057,224.66892687435308,239.67215181806984,224.32306899876804
Tron-o-matic 5,NewYork_02,2024-10-04,211.40933463932032,226.52016064651716,242.53464707462533,226.8755911001976
Tron-o-matic 5,NewYork_02,2024-10-05,234.59460879698184,250.36003488260346,263.9109889168095,249.9515496660937
Tron-o-matic 5,NewYork_02,2024-10-06,208.53375246031402,225.79007257094997,236.690216140758,223.65880146932923
Tron-o-matic 5,NewYork_02,2024-10-07,225.98635411578252,239.7356503440203,257.05023061383037,240.2687557854243
Tron-o-matic 5,NewYork_02,2024-10-08,174.00651068593723,189.3904890180012,207.17551505486315,190.03414530559698
Tron-o-matic 5,NewYork_02,2024-10-09,199.38810855089608,216.84055928637235,230.9616576283979,216.0232878647318
Tron-o-matic 5,NewYork_02,2024-10-10,171.4865169950623,189.51447736706,205.46676982368845,187.94180844616074
Tron-o-matic 5,NewYork_02,2024-10-11,271.72293293218104,285.9054069172175,300.28903677414263,285.6647989750427
Tron-o-matic 5,NewYork_02,2024-10-12,173.5610193020057,189.78679930052576,202.55665559009321,189.09891463003453
Tron-o-matic 5,NewYork_02,2024-10-13,230.66565422874612,245.83988090673574,259.65541971935414,245.31228817815557
Tron-o-matic 5,NewYork_02,2024-10-14,174.63963440462916,187.7557864253172,205.633403249385,189.11383309012734
Tron-o-matic 5,NewYork_02,2024-10-15,168.74262784694088,186.62125874486668,202.60489635225406,185.87236457467532
Tron-o-matic 5,NewYork_02,2024-10-16,212.89233214264723,229.78359788151505,242.15359617881305,228.8876729078533
Tron-o-matic 5,NewYork_02,2024-10-17,242.65944788104107,260.08639124948667,275.17199650922595,259.50359927448534
Tron-o-matic 5,NewYork_02,2024-10-18,207.1604020680293,221.5242534496099,235.79619580043573,221.1248105710773
Tron-o-matic 5,NewYork_02,2024-10-19,169.70484137833847,184.33033192166363,201.1655554567186,184.5537349556021
Tron-o-matic 5,NewYork_02,2024-10-20,166.17170421070526,180.47491033976624,198.54190310874998,181.19050054494969
Tron-o-matic 5,NewYork_02,2024-10-21,173.54552382472644,187.1741008721274,201.73708211512147,186.9695628978048
Tron-o-matic 5,NewYork_02,2024-10-22,168.07179889511525,181.06245151192792,195.58799926950354,181.40229897786116
Tron-o-matic 5,NewYork_02,2024-10-23,164.5916683301997,180.07586111124365,192.78169675880102,179.4653957879796
Tron-o-matic 5,NewYork_02,2024-10-24,170.0832789731301,183.0908487183529,196.52031579749283,182.55265444290032
Tron-o-matic 5,NewYork_02,2024-10-25,226.5785975780674,244.3458170056627,258.46522840838617,243.1596087751722
Tron-o-matic 5,NewYork_02,2024-10-26,162.39682116974603,180.67546115383595,196.89286312737352,180.4879149960693
Tron-o-matic 5,NewYork_02,2024-10-27,201.31070326094684,215.49203385020058,235.18964390069507,216.082445823173
Tron-o-matic 5,NewYork_02,2024-10-28,312.8937681601741,329.24507351192324,342.422198097794,328.7350716253811
Tron-o-matic 5,NewYork_02,2024-10-29,162.2065012659906,176.09434233400074,191.31409158616657,176.59848364869205
Tron-o-matic 5,NewYork_02,2024-10-30,301.22407725131137,321.14291352829184,337.61054545732156,321.3378031318856
Tron-o-matic 5,NewYork_02,2024-10-31,161.65333236586363,176.96223567822426,192.23361019891948,177.23646238205677
Tron-o-matic 5,NewYork_02,2024-11-01,160.33031747243004,173.03544183940522,185.9463089321889,172.8457032118308
Tron-o-matic 5,NewYork_02,2024-11-02,156.76345865363737,172.10020147884725,185.68324590325798,171.15403331125327
Tron-o-matic 5,NewYork_02,2024-11-03,208.77787040508815,221.2952992670116,234.85132040020957,221.550415482061
Tron-o-matic 5,NewYork_02,2024-11-04,157.99770945159435,173.26515021105752,188.7039529331972,174.02428723115372
Tron-o-matic 5,NewYork_02,2024-11-05,207.34541660802137,222.0418021573864,237.18031073432508,222.07045412585242
Tron-o-matic 5,NewYork_02,2024-11-06,189.31602569468248,205.40643275064522,221.23875066281477,205.25232610563734
Tron-o-matic 5,NewYork_02,2024-11-07,157.3739165626,174.2620522097917,186.37447153734544,172.51180788366972
Tron-o-matic 5,NewYork_02,2024-11-08,149.27255223063398,166.79692211773448,183.3230724990827,166.67176439410238
Tron-o-matic 5,NewYork_02,2024-11-09,154.25493662314014,168.28032023846518,184.66809666167765,167.66078490173285
Tron-o-matic 5,NewYork_02,2024-11-10,149.89663858501265,166.7240736557313,182.98313270811155,165.58448830840447
Tron-o-matic 5,NewYork_02,2024-11-11,156.87666142585158,172.13204794669363,185.4520031046942,171.74907952329647
Tron-o-matic 5,NewYork_02,2024-11-12,209.37415063704714,228.38077067348763,240.42231086754666,226.91036504823205
Tron-o-matic 5,NewYork_02,2024-11-13,191.6741566403398,207.63338229040582,221.56065662295265,206.18928671410177
Tron-o-matic 5,NewYork_02,2024-11-14,266.21633861199047,283.2437874672463,295.53341027720995,281.8353756827829
Tron-o-matic 5,NewYork_02,2024-11-15,150.73314942226946,167.9543684629183,180.66095325748046,166.93165560438376
Tron-o-matic 5,NewYork_02,2024-11-16,220.6445052020128,232.13260919106932,248.84516864017255,233.39967842931608
Tron-o-matic 5,NewYork_02,2024-11-17,147.99931502142877,163.52215372545413,179.87662037010193,164.15639056533516
Tron-o-matic 5,NewYork_02,2024-11-18,302.6826372959841,315.49697113547336,332.39522752897784,316.1892736149007
Tron-o-matic 5,NewYork_02,2024-11-19,153.07225202799094,169.0731450337642,183.53636706585246,168.7918368752223
Tron-o-matic 5,NewYork_02,2024-11-20,212.37756306016806,224.3996569225161,239.89422220297527,226.19301227454514
Tron-o-matic 5,NewYork_02,2024-11-21,216.39692122702752,234.64484512608252,249.25148063242173,234.17929885400096
Tron-o-matic 5,NewYork_02,2024-11-22,272.34907409939825,289.4739204017413,300.9581837818504,287.6899927369487
Tron-o-matic 5,NewYork_02,2024-11-23,152.44713372020794,167.82404518226122,186.48418136187448,169.43944421443936
Tron-o-matic 5,NewYork_02,2024-11-24,180.02735460026125,195.46175109817895,212.19604841191432,195.996723612423
Tron-o-matic 5,NewYork_02,2024-11-25,154.3212395496184,170.47458734731669,185.58346618648358,170.57024087758475
Tron-o-matic 5,NewYork_02,2024-11-26,183.9645625997449,200.85221801269495,212.77987049991629,199.38240249134026
Tron-o-matic 5,NewYork_02,2024-11-27,210.54805161064206,228.33679564723653,245.63578182937763,228.77637721527154
Tron-o-matic 5,NewYork_02,2024-11-28,194.36891847720239,209.3981668799968,227.38187608520838,210.08227764435512
Tron-o-matic 5,NewYork_02,2024-11-29,310.9844066545986,323.49145562128325,339.53362349657607,325.47672769834475
Tron-o-matic 5,NewYork_02,2024-11-30,149.6044993978948,168.97712832257764,184.32236154323766,167.77621592613352
Tron-o-matic 5,NewYork_02,2024-12-01,147.64465450228255,162.37443872502817,176.68301256139353,162.0738981715469
Tron-o-matic 5,NewYork_02,2024-12-02,280.08720229589915,294.4563300640721,311.8248874998378,295.704240230599
Tron-o-matic 5,NewYork_02,2024-12-03,298.7882472368995,314.6979297444071,326.54914258673494,313.13317117295327
Tron-o-matic 5,NewYork_02,2024-12-04,159.06213332210226,172.73972111520644,186.85915152858522,171.92497509688485
Tron-o-matic 5,NewYork_02,2024-12-05,158.45590903421166,172.79214822972307,187.08009520706975,171.37693300207096
Tron-o-matic 5,NewYork_02,2024-12-06,152.56020008120862,168.53691774404356,185.52529720047585,168.806671630705
Tron-o-matic 5,NewYork_02,2024-12-07,150.84273351074094,168.66876744870567,179.63639058510728,166.94475010792837
Tron-o-matic 5,NewYork_02,2024-12-08,153.23234400500965,168.15608491891112,184.86608629113556,168.8460092129884
Tron-o-matic 5,NewYork_02,2024-12-09,153.34687420836093,173.96489794053198,186.84237154261598,172.37430951541933
Tron-o-matic 5,NewYork_02,2024-12-10,154.4927780661725,169.3395587475303,187.16094866455268,170.76606867862694
Tron-o-matic 5,NewYork_02,2024-12-11,274.87978538222546,289.2446474016811,304.84324724483156,289.5518755002075
Tron-o-matic 5,NewYork_02,2024-12-12,270.32697871578296,288.97148690752886,300.55318325562473,287.5369022482535
Tron-o-matic 5,NewYork_02,2024-12-13,155.021887553946,168.13978113446004,185.1379928091077,168.9597795096398
Tron-o-matic 5,NewYork_02,2024-12-14,154.93839695292712,169.80314176705903,184.646641032499,169.80769391240094
Tron-o-matic 5,NewYork_02,2024-12-15,182.29024895629394,196.3591360878241,211.42669159219682,197.03046482158658
Tron-o-matic 5,NewYork_02,2024-12-16,156.3246227352666,174.00692835270885,189.26000861313702,172.94341234252494
Tron-o-matic 5,NewYork_02,2024-12-17,158.62788370252858,170.9638231049439,186.43427895961347,171.44542735621036
Tron-o-matic 5,NewYork_02,2024-12-18,156.12951191912973,172.1249357044026,188.44837611533802,172.2373136135172
Tron-o-matic 5,NewYork_02,2024-12-19,163.175553914913,175.64014395312964,189.33357713782183,175.07779151584467
Tron-o-matic 5,NewYork_02,2024-12-20,271.0587662757073,284.16390560722397,299.02200184074053,284.55737322374074
Tron-o-matic 5,NewYork_02,2024-12-21,280.90775782739337,295.54638677825386,309.5067139420236,295.4161833617607
Tron-o-matic 5,NewYork_02,2024-12-22,224.80361106962445,239.89991812625738,256.6581370826779,240.4642731602315
Tron-o-matic 5,NewYork_02,2024-12-23,185.6459595336041,197.98782231615715,212.6512888275094,199.09043344359318
Tron-o-matic 5,NewYork_02,2024-12-24,156.4621975331206,171.18733807500132,186.892801592917,171.6597314274146
Tron-o-matic 5,NewYork_02,2024-12-25,155.50233275969262,171.33747917627176,187.2269558505571,171.41113510231582
Tron-o-matic 5,NewYork_02,2024-12-26,157.84796310303233,175.27133526029326,188.92884660327417,172.70176897062677
Tron-o-matic 5,NewYork_02,2024-12-27,154.56903587605504,171.01778268862714,183.80181836037815,169.87932166565008
Tron-o-matic 5,NewYork_02,2024-12-28,205.6494263743375,221.57460882794436,235.35499622013197,220.64152777982443
Tron-o-matic 5,NewYork_02,2024-12-29,157.75584680968453,173.3170895499023,184.4178717806344,172.04908396796824
Tron-o-matic 5,NewYork_02,2024-12-30,160.8372157706073,176.7091138338495,189.70480603375174,176.71622837067832
Tron-o-matic 5,NewYork_02,2024-12-31,193.21181962711037,210.262569894205,225.59708974143476,209.64200193035947
Tron-o-matic 5,WashingtonDC_01,2024-10-01,142.20984649842077,152.35672306093522,162.52115425275596,151.7696743784506
Tron-o-matic 5,WashingtonDC_01,2024-10-02,205.20610535050653,214.418353318154,225.06089403971046,214.70032698895614
Tron-o-matic 5,WashingtonDC_01,2024-10-03,130.69781184523046,140.66196040307355,150.36414264865562,141.04378582284497
Tron-o-matic 5,WashingtonDC_01,2024-10-04,133.74546406246844,140.4009481014648,151.20561701027393,141.25082036464585
Tron-o-matic 5,WashingtonDC_01,2024-10-05,147.47965657837966,156.36674590039476,167.60411894320228,157.1338703966259
Tron-o-matic 5,WashingtonDC_01,2024-10-06,130.4243840614339,140.9689649693397,150.5759727263286,140.01500251111855
Tron-o-matic 5,WashingtonDC_01,2024-10-07,141.14578275053938,151.9546437106372,160.1806027708492,151.09499584275784
Tron-o-matic 5,WashingtonDC_01,2024-10-08,109.28533461458916,117.53286907063985,127.46002378249096,117.55595527564847
Tron-o-matic 5,WashingtonDC_01,2024-10-09,125.49481597523088,133.52456245864596,142.89570099207532,134.11332002556912
Tron-o-matic 5,WashingtonDC_01,2024-10-10,110.59585325248383,118.26319584823011,129.06571491241792,118.94545937843318
Tron-o-matic 5,WashingtonDC_01,2024-10-11,172.08770540936212,178.66199266666473,186.88299074856678,178.94504371144788
Tron-o-matic 5,WashingtonDC_01,2024-10-12,106.43413894537395,115.67199941355628,123.87856468737421,116.04234316645196
Tron-o-matic 5,WashingtonDC_01,2024-10-13,144.4672207890029,152.16577052163782,165.51343581090586,152.88420849377647
Tron-o-matic 5,WashingtonDC_01,2024-10-14,108.84750312513296,119.75735518117784,126.78512881595604,118.44872938362063
Tron-o-matic 5,WashingtonDC_01,2024-10-15,108.23552561454511,116.64768956965324,122.25106821039293,115.8283340905375
Tron-o-matic 5,WashingtonDC_01,2024-10-16,133.5562243383213,141.75311006477534,152.07315028769472,142.08303556647255
Tron-o-matic 5,WashingtonDC_01,2024-10-17,156.22306371966332,162.64271181752383,173.07719875709753,163.51399224443813
Tron-o-matic 5,WashingtonDC_01,2024-10-18,130.5811343530882,138.9989791514631,146.41313782987322,139.173405329244
Tron-o-matic 5,WashingtonDC_01,2024-10-19,106.99918218765579,116.92970285096712,123.80513202308278,115.88402198425774
Tron-o-matic 5,WashingtonDC_01,2024-10-20,105.0581402442727,113.81533603779131,122.21957336907955,113.91193124814563
Tron-o-matic 5,WashingtonDC_01,2024-10-21,108.25873602311648,116.15348933828444,125.44768188918223,116.7983109359204
Tron-o-matic 5,WashingtonDC_01,2024-10-22,103.77498629045954,115.3026405404226,123.4824389918271,114.92942288395614
Tron-o-matic 5,WashingtonDC_01,2024-10-23,105.72219382821567,114.24365401217892,122.11786737576347,113.85116606766223
Tron-o-matic 5,WashingtonDC_01,2024-10-24,106.1926951558804,114.623045294631,124.58348809684496,115.07636348170583
Tron-o-matic 5,WashingtonDC_01,2024-10-25,146.2117237417323,153.41793177256235,163.28655153670488,154.3717598010024
Tron-o-matic 5,WashingtonDC_01,2024-10-26,104.46548825180636,112.81854379374077,122.3540746461048,112.89727951413586
Tron-o-matic 5,WashingtonDC_01,2024-10-27,132.03470401522648,139.54106737663994,147.90811466168853,139.3507688243691
Tron-o-matic 5,WashingtonDC_01,2024-10-28,201.57032510125305,209.40007349607285,218.86918343318396,209.46175573390028
Tron-o-matic 5,WashingtonDC_01,2024-10-29,104.82552042312288,113.08414744603643,121.21184821940247,112.70178971368794
Tron-o-matic 5,WashingtonDC_01,2024-10-30,195.74450667069942,203.59885024162264,213.56096684339278,203.94022883305487
Tron-o-matic 5,WashingtonDC_01,2024-10-31,103.97682912475446,113.21078654363485,123.12786088807485,113.62034102955205
Tron-o-matic 5,WashingtonDC_01,2024-11-01,101.58879682118287,110.62178113765334,121.89320655693,110.86717598970142
Tron-o-matic 5,WashingtonDC_01,2024-11-02,102.26879311096387,111.13457379552206,118.74422856143377,110.98988357479149
Tron-o-matic 5,WashingtonDC_01,2024-11-03,134.3843157279787,144.57708884493013,151.8744799874229,143.51441550299143
Tron-o-matic 5,WashingtonDC_01,2024-11-04,105.84672956252491,114.796543128723,122.42464774668188,113.98182014715762
Tron-o-matic 5,WashingtonDC_01,2024-11-05,135.63016944692868,144.38635602109588,154.18240308037397,144.41343982408318
Tron-o-matic 5,WashingtonDC_01,2024-11-06,121.12627554683439,131.1776873827682,140.88593177531513,130.46834371384125
Tron-o-matic 5,WashingtonDC_01,2024-11-07,101.51605298412116,110.77476643361915,118.86196666418721,109.92405021585864
Tron-o-matic 5,WashingtonDC_01,2024-11-08,98.61367008160451,108.73156333887232,117.60993423574314,108.32052314303456
Tron-o-matic 5,WashingtonDC_01,2024-11-09,100.62196592097976,108.66875808368638,118.98824101802455,109.38932240142789
Tron-o-matic 5,WashingtonDC_01,2024-11-10,99.06480552256637,107.24789023204856,118.46676353332475,107.7943505135161
Tron-o-matic 5,WashingtonDC_01,2024-11-11,100.81964500032484,108.32237550550467,119.84844268369554,109.6853657213438
Tron-o-matic 5,WashingtonDC_01,2024-11-12,138.73603218043382,144.41360772546014,153.50683322775353,144.6190119570482
Tron-o-matic 5,WashingtonDC_01,2024-11-13,125.87277229415301,132.43049990757862,142.96630390069663,133.34652596272497
Tron-o-matic 5,WashingtonDC_01,2024-11-14,170.53573361248235,180.42380312751226,189.5851802236263,180.42838353142997
Tron-o-matic 5,WashingtonDC_01,2024-11-15,97.51466949734889,107.54454171565371,117.0313513748843,107.13205031612411
Tron-o-matic 5,WashingtonDC_01,2024-11-16,142.44672465092623,149.4751868433833,158.88618559406532,150.3634868526664
Tron-o-matic 5,WashingtonDC_01,2024-11-17,98.08694288173426,106.74239239377198,116.01516169849789,106.69190260048845
Tron-o-matic 5,WashingtonDC_01,2024-11-18,192.2138451719722,201.82042221099027,210.59395232571816,201.4896834561901
Tron-o-matic 5,WashingtonDC_01,2024-11-19,97.58742901242918,105.6949084469105,114.58648662086424,106.09193083004043
Tron-o-matic 5,WashingtonDC_01,2024-11-20,134.13317996079226,143.0550520272796,151.41584173905107,143.39859898445414
Tron-o-matic 5,WashingtonDC_01,2024-11-21,138.4823233898976,149.12094090059182,157.07020163238738,148.36602638734607
Tron-o-matic 5,WashingtonDC_01,2024-11-22,173.88920178190315,181.2537636319117,189.72173565160062,181.5561341663741
Tron-o-matic 5,WashingtonDC_01,2024-11-23,97.77263367550086,106.79921043734274,116.5369501034391,106.84432502872102
Tron-o-matic 5,WashingtonDC_01,2024-11-24,113.93546919851825,125.11335157192791,134.15856561882524,125.11571514101202
Tron-o-matic 5,WashingtonDC_01,2024-11-25,99.02112263161868,109.12087923827862,117.51775031683114,108.14450384105368
Tron-o-matic 5,WashingtonDC_01,2024-11-26,120.63366870892753,128.64822581093338,134.49749373053925,127.92036478405451
Tron-o-matic 5,WashingtonDC_01,2024-11-27,137.8448530678208,147.43219610619084,155.75714137363744,146.79715124474663
Tron-o-matic 5,WashingtonDC_01,2024-11-28,125.66546599317198,134.9579200059124,144.2792719821961,134.44133095460919
Tron-o-matic 5,WashingtonDC_01,2024-11-29,198.83031837316193,206.3785552491105,216.04871024177262,207.11936249846127
Tron-o-matic 5,WashingtonDC_01,2024-11-30,101.2601074631624,109.67973558280787,116.15505698235886,109.12323297300566
Tron-o-matic 5,WashingtonDC_01,2024-12-01,97.62488356294733,105.59638175612073,114.68423307168732,105.489167598112
Tron-o-matic 5,WashingtonDC_01,2024-12-02,179.89373178278086,188.5006216192564,197.08963065123544,188.4823361237095
Tron-o-matic 5,WashingtonDC_01,2024-12-03,191.19496822476248,200.26338080699793,208.7792553132136,200.41299855438905
Tron-o-matic 5,WashingtonDC_01,2024-12-04,95.14231259990709,107.56380003346136,117.44195314823155,107.23893034857467
Tron-o-matic 5,WashingtonDC_01,2024-12-05,99.321574464203,108.40101473014315,117.7361273882561,108.7021361911519
Tron-o-matic 5,WashingtonDC_01,2024-12-06,96.87055299525097,108.06129392486537,116.8906051598246,107.66818126491125
Tron-o-matic 5,WashingtonDC_01,2024-12-07,100.00380954215008,107.63655943232098,114.386548537516,106.93088688108355
Tron-o-matic 5,WashingtonDC_01,2024-12-08,98.4701662217498,105.52412300148153,115.3188011543135,106.30872615036489
Tron-o-matic 5,WashingtonDC_01,2024-12-09,98.56413812087564,108.95936744090555,118.98328572563729,109.10913497272207
Tron-o-matic 5,WashingtonDC_01,2024-12-10,99.23092897276898,107.29697399366474,115.27458667821615,107.18879744666972
Tron-o-matic 5,WashingtonDC_01,2024-12-11,174.87638600987597,181.5533525132188,190.14763805858692,181.8600287005945
Tron-o-matic 5,WashingtonDC_01,2024-12-12,171.85147475824175,179.73989860884737,189.04197130097702,180.26259887461453
Tron-o-matic 5,WashingtonDC_01,2024-12-13,96.50595988331084,105.95910186986028,113.80009468780067,105.92724436326924
Tron-o-matic 5,WashingtonDC_01,2024-12-14,96.34191745675994,106.79821487310987,114.430253483864,106.22733959360637
Tron-o-matic 5,WashingtonDC_01,2024-12-15,116.52765526276625,125.48116767832731,135.1752179881187,125.88755876230164
Tron-o-matic 5,WashingtonDC_01,2024-12-16,100.80728172394686,110.65828428792706,119.58489138058525,110.0184158792574
Tron-o-matic 5,WashingtonDC_01,2024-12-17,97.37331734021596,106.57551798319378,113.95037514031317,106.49158339780433
Tron-o-matic 5,WashingtonDC_01,2024-12-18,97.8652029144161,108.54120060373185,116.99733396017764,107.88199473463023
Tron-o-matic 5,WashingtonDC_01,2024-12-19,97.737700831174,106.68532928119603,117.40273158799047,107.10137248702428
Tron-o-matic 5,WashingtonDC_01,2024-12-20,169.423231481795,177.41231200750258,187.53671649384444,177.91068564775492
Tron-o-matic 5,WashingtonDC_01,2024-12-21,177.12024879562912,186.53908457345122,195.2601373187357,186.19230035759094
Tron-o-matic 5,WashingtonDC_01,2024-12-22,143.77535728268325,153.1811676063623,162.39518658488413,152.88123390022068
Tron-o-matic 5,WashingtonDC_01,2024-12-23,115.09011845142004,126.16700674083148,135.6778586550276,125.4507911705401
Tron-o-matic 5,WashingtonDC_01,2024-12-24,98.38525988196169,108.15677058169372,116.88346499365103,108.43166536503436
Tron-o-matic 5,WashingtonDC_01,2024-12-25,99.07640121148222,105.94879900232827,115.02049426275961,106.99206153961194
Tron-o-matic 5,WashingtonDC_01,2024-12-26,100.7058269802598,109.23638544097575,120.48928081359674,109.89689126740093
Tron-o-matic 5,WashingtonDC_01,2024-12-27,97.60231065018799,108.97249360369554,116.63665578225402,108.604193062467
Tron-o-matic 5,WashingtonDC_01,2024-12-28,130.1749793113883,139.06247418999115,147.11328332267954,138.79695787570714
Tron-o-matic 5,WashingtonDC_01,2024-12-29,100.71152397121395,109.21019189558262,118.03012201331691,108.72911296225422
Tron-o-matic 5,WashingtonDC_01,2024-12-30,103.00586094222285,111.58630974405774,120.74795062243078,112.06802654694741
Tron-o-matic 5,WashingtonDC_01,2024-12-31,124.56933002335526,132.71307151027702,142.21865740609456,132.89382370466012
Tron-o-matic 5,Online_Store,2024-10-01,4538.147797510758,4840.282930294936,5117.764027929359,4838.1087563833335
Tron-o-matic 5,Online_Store,2024-10-02,6554.423784093145,6831.550095926793,7111.69395817816,6821.5668798529705
Tron-o-matic 5,Online_Store,2024-10-03,4184.614936669208,4533.871484357229,4854.670208140406,4522.913899317559
Tron-o-matic 5,Online_Store,2024-10-04,4269.587427521226,4533.440127067728,4813.323722643608,4538.196457652078
Tron-o-matic 5,Online_Store,2024-10-05,4671.456682825958,5021.713398775208,5226.568103493971,4991.794555517137
Tron-o-matic 5,Online_Store,2024-10-06,4251.118319530174,4521.57306470892,4793.270181242158,4514.465243257496
Tron-o-matic 5,Online_Store,2024-10-07,4596.167235630138,4822.630880322603,5112.16681361201,4841.341202405973
Tron-o-matic 5,Online_Store,2024-10-08,3613.5291834650116,3831.526542221647,4222.672226384347,3870.0970994909626
Tron-o-matic 5,Online_Store,2024-10-09,3986.569982022992,4370.396838261561,4645.6156145152,4339.492373736877
Tron-o-matic 5,Online_Store,2024-10-10,3546.808757012529,3806.000674511341,4136.663520904773,3816.1500002291787
Tron-o-matic 5,Online_Store,2024-10-11,5491.918227171636,5809.895106064713,6063.77679830085,5789.767271701758
Tron-o-matic 5,Online_Store,2024-10-12,3528.7233246648707,3881.297613046995,4130.192486367768,3835.8489600524604
Tron-o-matic 5,Online_Store,2024-10-13,4648.430502902822,4928.911556660322,5298.202321856391,4934.421327092875
Tron-o-matic 5,Online_Store,2024-10-14,3581.4386619117618,3875.5180113907522,4135.918427375239,3866.4472091069206
Tron-o-matic 5,Online_Store,2024-10-15,3587.4296816568376,3887.4461694137285,4207.278890127184,3883.783786912921
Tron-o-matic 5,Online_Store,2024-10-16,4421.402975416988,4724.994014811593,5083.585473496459,4730.373833057841
Tron-o-matic 5,Online_Store,2024-10-17,4995.416933330791,5300.090374042174,5588.131777626512,5296.991906564089
Tron-o-matic 5,Online_Store,2024-10-18,4177.621105093864,4540.991760482597,4823.247507472165,4525.315060433752
Tron-o-matic 5,Online_Store,2024-10-19,3389.7831367162053,3784.32571543794,4070.0200652569138,3765.611789286245
Tron-o-matic 5,Online_Store,2024-10-20,3396.0230741487862,3790.0777257660716,4084.0587693941516,3767.310204916681
Tron-o-matic 5,Online_Store,2024-10-21,3504.780995870906,3776.0803428032673,4113.981929683511,3778.9514331319106
Tron-o-matic 5,Online_Store,2024-10-22,3500.422760557727,3785.0679133352833,4092.69812085707,3782.53780669361
Tron-o-matic 5,Online_Store,2024-10-23,3445.2346206250936,3752.292194491788,4113.221392079984,3750.0954010245546
Tron-o-matic 5,Online_Store,2024-10-24,3504.200323246832,3870.690758654517,4087.1179131340577,3828.0673730957124
Tron-o-matic 5,Online_Store,2024-10-25,4721.077624971394,5046.469891218214,5303.691233764734,5040.043338018072
Tron-o-matic 5,Online_Store,2024-10-26,3444.4130553659315,3712.5629588527304,3946.637103102494,3690.395722435864
Tron-o-matic 5,Online_Store,2024-10-27,4161.799970772465,4477.732920164883,4745.872409540761,4465.359213650446
Tron-o-matic 5,Online_Store,2024-10-28,6350.801467623297,6650.740628700222,7023.445154508662,6666.881493396351
Tron-o-matic 5,Online_Store,2024-10-29,3377.822805666033,3729.0651448105878,4058.477884283525,3719.237308388709
Tron-o-matic 5,Online_Store,2024-10-30,6187.345045606859,6545.4278929452,6855.731577840652,6534.087933508425
Tron-o-matic 5,Online_Store,2024-10-31,3375.910532320624,3619.927411239559,3915.420613538887,3651.0548428942075
Tron-o-matic 5,Online_Store,2024-11-01,3258.099118739825,3537.6787097800834,3805.515556392785,3548.033248886341
Tron-o-matic 5,Online_Store,2024-11-02,3267.7896099864156,3582.97813681434,3895.2710953008495,3569.708988440581
Tron-o-matic 5,Online_Store,2024-11-03,4216.945538531871,4550.6506577088685,4899.273936900626,4550.920393502788
Tron-o-matic 5,Online_Store,2024-11-04,3294.114881177791,3601.0557650325795,3895.3803724045524,3596.8030360480752
Tron-o-matic 5,Online_Store,2024-11-05,4372.850943732271,4632.422520118865,4899.276798913302,4632.824263415804
Tron-o-matic 5,Online_Store,2024-11-06,3868.931071104806,4200.5220567394335,4445.137201024369,4181.002102749045
Tron-o-matic 5,Online_Store,2024-11-07,3141.190922712359,3524.787212950607,3874.8888218035318,3514.5356848773163
Tron-o-matic 5,Online_Store,2024-11-08,3196.238812610148,3455.1536005606904,3745.2436012322237,3457.357046401076
Tron-o-matic 5,Online_Store,2024-11-09,3137.2807664243446,3474.8113425514375,3754.652941048528,3443.4029741627946
Tron-o-matic 5,Online_Store,2024-11-10,3174.219772878337,3430.6285036535437,3777.093926001604,3469.061161901635
Tron-o-matic 5,Online_Store,2024-11-11,3197.1667289123357,3498.6556302969443,3743.9801575306788,3484.344569032215
Tron-o-matic 5,Online_Store,2024-11-12,4304.333448430575,4604.548866558236,4874.437040260369,4576.9686813725375
Tron-o-matic 5,Online_Store,2024-11-13,3911.696900399778,4187.816158175781,4528.618496507719,4202.178403503028
Tron-o-matic 5,Online_Store,2024-11-14,5334.964549920945,5681.579379586763,5968.696989580825,5660.621365377754
Tron-o-matic 5,Online_Store,2024-11-15,3114.112976738761,3470.6011263315254,3686.008510767894,3412.4534996318744
Tron-o-matic 5,Online_Store,2024-11-16,4371.3259878090485,4697.569561704249,5005.967168934952,4681.844411896782
Tron-o-matic 5,Online_Store,2024-11-17,3029.272159879222,3321.5572299311525,3577.8926644266485,3314.6504655010194
Tron-o-matic 5,Online_Store,2024-11-18,5968.286692634748,6279.2958107993745,6541.103616131392,6274.655671349398
Tron-o-matic 5,Online_Store,2024-11-19,3099.3752148504495,3368.1013485471085,3713.6483265243146,3387.5942228724057
Tron-o-matic 5,Online_Store,2024-11-20,4320.547113516691,4575.9287570465285,4869.345436257172,4600.919401693713
Tron-o-matic 5,Online_Store,2024-11-21,4385.11581846651,4661.878032130663,5072.8162049346165,4698.229501028324
Tron-o-matic 5,Online_Store,2024-11-22,5446.038308048739,5690.788605521695,6010.31191413623,5703.978193965409
Tron-o-matic 5,Online_Store,2024-11-23,3104.4661102516193,3375.6175512011205,3612.79153468591,3370.425523922095
Tron-o-matic 5,Online_Store,2024-11-24,3615.7530798540947,3998.274855381144,4268.063274608966,3957.3038582489767
Tron-o-matic 5,Online_Store,2024-11-25,3143.95431716059,3448.871306856828,3749.9778726465083,3448.148722169896
Tron-o-matic 5,Online_Store,2024-11-26,3830.0288312511616,4077.031375583996,4435.446028958544,4115.531691155112
Tron-o-matic 5,Online_Store,2024-11-27,4375.65029960862,4667.09903724502,4975.533137378032,4674.595155973581
Tron-o-matic 5,Online_Store,2024-11-28,3970.385185292911,4237.700750461283,4550.240542601114,4246.42956038477
Tron-o-matic 5,Online_Store,2024-11-29,6310.595106362284,6518.582087951407,6842.686548775503,6542.024709252482
Tron-o-matic 5,Online_Store,2024-11-30,3078.703586777033,3427.3344699464574,3665.4028561257287,3397.531067392527
Tron-o-matic 5,Online_Store,2024-12-01,3102.4165649741894,3402.7475713093345,3723.050331602199,3404.8442709396254
Tron-o-matic 5,Online_Store,2024-12-02,5649.67548069557,5947.563480923975,6272.038023496219,5961.535552054578
Tron-o-matic 5,Online_Store,2024-12-03,6066.496597975026,6387.731466623932,6689.5926042048295,6381.87490187788
Tron-o-matic 5,Online_Store,2024-12-04,3173.6145835209127,3527.955569597201,3771.843483907129,3497.985429241081
Tron-o-matic 5,Online_Store,2024-12-05,3225.833676350858,3531.5057459390364,3855.1275005550624,3530.3471724508563
Tron-o-matic 5,Online_Store,2024-12-06,3154.9719859670754,3492.402724147604,3738.24209867756,3455.8702770817904
Tron-o-matic 5,Online_Store,2024-12-07,3206.34606328444,3487.851656943608,3811.717828630485,3492.007854464117
Tron-o-matic 5,Online_Store,2024-12-08,3174.3213778409204,3468.766073619932,3758.6999277682376,3482.933718293508
Tron-o-matic 5,Online_Store,2024-12-09,3226.4284617344983,3545.638797189961,3802.282710617468,3545.898050798642
Tron-o-matic 5,Online_Store,2024-12-10,3150.48244038264,3516.5931586647453,3884.750843187257,3534.3066689669345
Tron-o-matic 5,Online_Store,2024-12-11,5514.82528422085,5855.707142521248,6129.188360232826,5827.491050350369
Tron-o-matic 5,Online_Store,2024-12-12,5541.50195575772,5819.982983476689,6038.391598518938,5798.126089719212
Tron-o-matic 5,Online_Store,2024-12-13,3172.084767432055,3489.2709010737835,3830.934495489876,3487.041619603415
Tron-o-matic 5,Online_Store,2024-12-14,3120.4140610806094,3406.9022579942466,3737.8302606525863,3421.5493701882606
Tron-o-matic 5,Online_Store,2024-12-15,3813.263452793669,4030.5132435947335,4229.9376564133945,4023.2252233876475
Tron-o-matic 5,Online_Store,2024-12-16,3216.4453637907636,3551.029454168525,3789.0640915598738,3518.320792602375
Tron-o-matic 5,Online_Store,2024-12-17,3153.9920892394393,3523.7817984272024,3842.3856397245922,3503.7614473344274
Tron-o-matic 5,Online_Store,2024-12-18,3231.714009233908,3564.5019149566706,3878.953067087607,3551.702791923689
Tron-o-matic 5,Online_Store,2024-12-19,3194.3631711121425,3494.8043616358405,3823.7719214693366,3482.7658348322475
Tron-o-matic 5,Online_Store,2024-12-20,5362.602740346169,5757.706747823599,6023.631239824366,5713.451162337983
Tron-o-matic 5,Online_Store,2024-12-21,5632.309104936468,5893.9327693647065,6147.1128684208215,5902.254339804577
Tron-o-matic 5,Online_Store,2024-12-22,4607.275007971821,4890.687380712993,5145.956287622501,4866.565103949153
Tron-o-matic 5,Online_Store,2024-12-23,3716.4992988827066,3997.271720560845,4314.156389473917,4009.3329152160063
Tron-o-matic 5,Online_Store,2024-12-24,3170.328787185501,3472.035374891866,3776.6659654055993,3473.068541521238
Tron-o-matic 5,Online_Store,2024-12-25,3219.34574257536,3502.983530660403,3791.853815440081,3500.1392141482293
Tron-o-matic 5,Online_Store,2024-12-26,3212.665324612754,3509.5040873072567,3844.5925658806827,3528.600331093199
Tron-o-matic 5,Online_Store,2024-12-27,3237.2564831986147,3498.827860085039,3796.910198620804,3512.6951196117843
Tron-o-matic 5,Online_Store,2024-12-28,4102.057579097325,4418.778658999179,4731.374993898434,4423.016600175277
Tron-o-matic 5,Online_Store,2024-12-29,3216.1954597221584,3508.6197072952177,3815.7956477468124,3514.5808417183994
Tron-o-matic 5,Online_Store,2024-12-30,3291.0019541700335,3605.105783955519,3918.378528263284,3602.0008647853533
Tron-o-matic 5,Online_Store,2024-12-31,4017.1931554729986,4296.733516400754,4559.206770256372,4296.716295669851
