Product_ID,Store_ID,Date,p10,p50,p90,mean
Tron-o-matic 1,Atlanta_01,2024-10-01,ERROR,ERROR,ERROR,ERROR
Tron-o-matic 1,Atlanta_01,2024-10-02,ERROR,ERROR,ERROR,ERROR
Tron-o-matic 1,Atlanta_01,2024-10-03,ERROR,ERROR,ERROR,ERROR
Tron-o-matic 1,Atlanta_01,2024-10-04,ERROR,ERROR,ERROR,ERROR
Tron-o-matic 1,Atlanta_01,2024-10-05,ERROR,ERROR,ERROR,ERROR
Tron-o-matic 1,Atlanta_01,2024-10-06,ERROR,ERROR,ERROR,ERROR
Tron-o-matic 1,Atlanta_01,2024-10-07,ERROR,ERROR,ERROR,ERROR
Tron-o-matic 1,Atlanta_01,2024-10-08,ERROR,ERROR,ERROR,ERROR
Tron-o-matic 1,Atlanta_01,2024-10-09,ERROR,ERROR,ERROR,ERROR
Tron-o-matic 1,Atlanta_01,2024-10-10,ERROR,ERROR,ERROR,ERROR
Tron-o-matic 1,Atlanta_01,2024-10-11,ERROR,ERROR,ERROR,ERROR
Tron-o-matic 1,Atlanta_01,2024-10-12,ERROR,ERROR,ERROR,ERROR
Tron-o-matic 1,Atlanta_01,2024-10-13,ERROR,ERROR,ERROR,ERROR
Tron-o-matic 1,Atlanta_01,2024-10-14,ERROR,ERROR,ERROR,ERROR
Tron-o-matic 1,Atlanta_01,2024-10-15,ERROR,ERROR,ERROR,ERROR
Tron-o-matic 1,Atlanta_01,2024-10-16,ERROR,ERROR,ERROR,ERROR
Tron-o-matic 1,Atlanta_01,2024-10-17,ERROR,ERROR,ERROR,ERROR
Tron-o-matic 1,Atlanta_01,2024-10-18,ERROR,ERROR,ERROR,ERROR
Tron-o-matic 1,Atlanta_01,2024-10-19,ERROR,ERROR,ERROR,ERROR
Tron-o-matic 1,Atlanta_01,2024-10-20,ERROR,ERROR,ERROR,ERROR
Tron-o-matic 1,Atlanta_01,2024-10-21,ERROR,ERROR,ERROR,ERROR
Tron-o-matic 1,Atlanta_01,2024-10-22,ERROR,ERROR,ERROR,ERROR
Tron-o-matic 1,Atlanta_01,2024-10-23,ERROR,ERROR,ERROR,ERROR
Tron-o-matic 1,Atlanta_01,2024-10-24,ERROR,ERROR,ERROR,ERROR
Tron-o-matic 1,Atlanta_01,2024-10-25,ERROR,ERROR,ERROR,ERROR
Tron-o-matic 1,Atlanta_01,2024-10-26,ERROR,ERROR,ERROR,ERROR
Tron-o-matic 1,Atlanta_01,2024-10-27,ERROR,ERROR,ERROR,ERROR
Tron-o-matic 1,Atlanta_01,2024-10-28,ERROR,ERROR,ERROR,ERROR
Tron-o-matic 1,Atlanta_01,2024-10-29,ERROR,ERROR,ERROR,ERROR
Tron-o-matic 1,Atlanta_01,2024-10-30,ERROR,ERROR,ERROR,ERROR
Tron-o-matic 1,Atlanta_01,2024-10-31,ERROR,ERROR,ERROR,ERROR
Tron-o-matic 1,Atlanta_01,2024-11-01,ERROR,ERROR,ERROR,ERROR
Tron-o-matic 1,Atlanta_01,2024-11-02,ERROR,ERROR,ERROR,ERROR
Tron-o-matic 1,Atlanta_01,2024-11-03,ERROR,ERROR,ERROR,ERROR
Tron-o-matic 1,Atlanta_01,2024-11-04,ERROR,ERROR,ERROR,ERROR
Tron-o-matic 1,Atlanta_01,2024-11-05,ERROR,ERROR,ERROR,ERROR
Tron-o-matic 1,Atlanta_01,2024-11-06,ERROR,ERROR,ERROR,ERROR
Tron-o-matic 1,Atlanta_01,2024-11-07,ERROR,ERROR,ERROR,ERROR
Tron-o-matic 1,Atlanta_01,2024-11-08,ERROR,ERROR,ERROR,ERROR
Tron-o-matic 1,Atlanta_01,2024-11-09,ERROR,ERROR,ERROR,ERROR
Tron-o-matic 1,Atlanta_01,2024-11-10,ERROR,ERROR,ERROR,ERROR
Tron-o-matic 1,Atlanta_01,2024-11-11,ERROR,ERROR,ERROR,ERROR
Tron-o-matic 1,Atlanta_01,2024-11-12,ERROR,ERROR,ERROR,ERROR
Tron-o-matic 1,Atlanta_01,2024-11-13,ERROR,ERROR,ERROR,ERROR
Tron-o-matic 1,Atlanta_01,2024-11-14,ERROR,ERROR,ERROR,ERROR
Tron-o-matic 1,Atlanta_01,2024-11-15,ERROR,ERROR,ERROR,ERROR
Tron-o-matic 1,Atlanta_01,2024-11-16,ERROR,ERROR,ERROR,ERROR
Tron-o-matic 1,Atlanta_01,2024-11-17,ERROR,ERROR,ERROR,ERROR
Tron-o-matic 1,Atlanta_01,2024-11-18,ERROR,ERROR,ERROR,ERROR
Tron-o-matic 1,Atlanta_01,2024-11-19,ERROR,ERROR,ERROR,ERROR
Tron-o-matic 1,Atlanta_01,2024-11-20,ERROR,ERROR,ERROR,ERROR
Tron-o-matic 1,Atlanta_01,2024-11-21,ERROR,ERROR,ERROR,ERROR
Tron-o-matic 1,Atlanta_01,2024-11-22,ERROR,ERROR,ERROR,ERROR
Tron-o-matic 1,Atlanta_01,2024-11-23,ERROR,ERROR,ERROR,ERROR
Tron-o-matic 1,Atlanta_01,2024-11-24,ERROR,ERROR,ERROR,ERROR
Tron-o-matic 1,Atlanta_01,2024-11-25,ERROR,ERROR,ERROR,ERROR
Tron-o-matic 1,Atlanta_01,2024-11-26,ERROR,ERROR,ERROR,ERROR
Tron-o-matic 1,Atlanta_01,2024-11-27,ERROR,ERROR,ERROR,ERROR
Tron-o-matic 1,Atlanta_01,2024-11-28,ERROR,ERROR,ERROR,ERROR
Tron-o-matic 1,Atlanta_01,2024-11-29,ERROR,ERROR,ERROR,ERROR
Tron-o-matic 1,Atlanta_01,2024-11-30,ERROR,ERROR,ERROR,ERROR
Tron-o-matic 1,Atlanta_01,2024-12-01,ERROR,ERROR,ERROR,ERROR
Tron-o-matic 1,Atlanta_01,2024-12-02,ERROR,ERROR,ERROR,ERROR
Tron-o-matic 1,Atlanta_01,2024-12-03,ERROR,ERROR,ERROR,ERROR
Tron-o-matic 1,Atlanta_01,2024-12-04,ERROR,ERROR,ERROR,ERROR
Tron-o-matic 1,Atlanta_01,2024-12-05,ERROR,ERROR,ERROR,ERROR
Tron-o-matic 1,Atlanta_01,2024-12-06,ERROR,ERROR,ERROR,ERROR
Tron-o-matic 1,Atlanta_01,2024-12-07,ERROR,ERROR,ERROR,ERROR
Tron-o-matic 1,Atlanta_01,2024-12-08,ERROR,ERROR,ERROR,ERROR
Tron-o-matic 1,Atlanta_01,2024-12-09,ERROR,ERROR,ERROR,ERROR
Tron-o-matic 1,Atlanta_01,2024-12-10,ERROR,ERROR,ERROR,ERROR
Tron-o-matic 1,Atlanta_01,2024-12-11,ERROR,ERROR,ERROR,ERROR
Tron-o-matic 1,Atlanta_01,2024-12-12,ERROR,ERROR,ERROR,ERROR
Tron-o-matic 1,Atlanta_01,2024-12-13,ERROR,ERROR,ERROR,ERROR
Tron-o-matic 1,Atlanta_01,2024-12-14,ERROR,ERROR,ERROR,ERROR
Tron-o-matic 1,Atlanta_01,2024-12-15,ERROR,ERROR,ERROR,ERROR
Tron-o-matic 1,Atlanta_01,2024-12-16,ERROR,ERROR,ERROR,ERROR
Tron-o-matic 1,Atlanta_01,2024-12-17,ERROR,ERROR,ERROR,ERROR
Tron-o-matic 1,Atlanta_01,2024-12-18,ERROR,ERROR,ERROR,ERROR
Tron-o-matic 1,Atlanta_01,2024-12-19,ERROR,ERROR,ERROR,ERROR
Tron-o-matic 1,Atlanta_01,2024-12-20,ERROR,ERROR,ERROR,ERROR
Tron-o-matic 1,Atlanta_01,2024-12-21,ERROR,ERROR,ERROR,ERROR
Tron-o-matic 1,Atlanta_01,2024-12-22,ERROR,ERROR,ERROR,ERROR
Tron-o-matic 1,Atlanta_01,2024-12-23,ERROR,ERROR,ERROR,ERROR
Tron-o-matic 1,Atlanta_01,2024-12-24,ERROR,ERROR,ERROR,ERROR
Tron-o-matic 1,Atlanta_01,2024-12-25,ERROR,ERROR,ERROR,ERROR
Tron-o-matic 1,Atlanta_01,2024-12-26,ERROR,ERROR,ERROR,ERROR
Tron-o-matic 1,Atlanta_01,2024-12-27,ERROR,ERROR,ERROR,ERROR
Tron-o-matic 1,Atlanta_01,2024-12-28,ERROR,ERROR,ERROR,ERROR
Tron-o-matic 1,Atlanta_01,2024-12-29,ERROR,ERROR,ERROR,ERROR
Tron-o-matic 1,Atlanta_01,2024-12-30,ERROR,ERROR,ERROR,ERROR
Tron-o-matic 1,Atlanta_01,2024-12-31,ERROR,ERROR,ERROR,ERROR
Tron-o-matic 1 Pro,Houston_01,2024-10-01,ERROR,ERROR,ERROR,ERROR
Tron-o-matic 1 Pro,Houston_01,2024-10-02,ERROR,ERROR,ERROR,ERROR
Tron-o-matic 1 Pro,Houston_01,2024-10-03,ERROR,ERROR,ERROR,ERROR
Tron-o-matic 1 Pro,Houston_01,2024-10-04,ERROR,ERROR,ERROR,ERROR
Tron-o-matic 1 Pro,Houston_01,2024-10-05,ERROR,ERROR,ERROR,ERROR
Tron-o-matic 1 Pro,Houston_01,2024-10-06,ERROR,ERROR,ERROR,ERROR
Tron-o-matic 1 Pro,Houston_01,2024-10-07,ERROR,ERROR,ERROR,ERROR
Tron-o-matic 1 Pro,Houston_01,2024-10-08,ERROR,ERROR,ERROR,ERROR
Tron-o-matic 1 Pro,Houston_01,2024-10-09,ERROR,ERROR,ERROR,ERROR
Tron-o-matic 1 Pro,Houston_01,2024-10-10,ERROR,ERROR,ERROR,ERROR
Tron-o-matic 1 Pro,Houston_01,2024-10-11,ERROR,ERROR,ERROR,ERROR
Tron-o-matic 1 Pro,Houston_01,2024-10-12,ERROR,ERROR,ERROR,ERROR
Tron-o-matic 1 Pro,Houston_01,2024-10-13,ERROR,ERROR,ERROR,ERROR
Tron-o-matic 1 Pro,Houston_01,2024-10-14,ERROR,ERROR,ERROR,ERROR
Tron-o-matic 1 Pro,Houston_01,2024-10-15,ERROR,ERROR,ERROR,ERROR
Tron-o-matic 1 Pro,Houston_01,2024-10-16,ERROR,ERROR,ERROR,ERROR
Tron-o-matic 1 Pro,Houston_01,2024-10-17,ERROR,ERROR,ERROR,ERROR
Tron-o-matic 1 Pro,Houston_01,2024-10-18,ERROR,ERROR,ERROR,ERROR
Tron-o-matic 1 Pro,Houston_01,2024-10-19,ERROR,ERROR,ERROR,ERROR
Tron-o-matic 1 Pro,Houston_01,2024-10-20,ERROR,ERROR,ERROR,ERROR
Tron-o-matic 1 Pro,Houston_01,2024-10-21,ERROR,ERROR,ERROR,ERROR
Tron-o-matic 1 Pro,Houston_01,2024-10-22,ERROR,ERROR,ERROR,ERROR
Tron-o-matic 1 Pro,Houston_01,2024-10-23,ERROR,ERROR,ERROR,ERROR
Tron-o-matic 1 Pro,Houston_01,2024-10-24,ERROR,ERROR,ERROR,ERROR
Tron-o-matic 1 Pro,Houston_01,2024-10-25,ERROR,ERROR,ERROR,ERROR
Tron-o-matic 1 Pro,Houston_01,2024-10-26,ERROR,ERROR,ERROR,ERROR
Tron-o-matic 1 Pro,Houston_01,2024-10-27,ERROR,ERROR,ERROR,ERROR
Tron-o-matic 1 Pro,Houston_01,2024-10-28,ERROR,ERROR,ERROR,ERROR
Tron-o-matic 1 Pro,Houston_01,2024-10-29,ERROR,ERROR,ERROR,ERROR
Tron-o-matic 1 Pro,Houston_01,2024-10-30,ERROR,ERROR,ERROR,ERROR
Tron-o-matic 1 Pro,Houston_01,2024-10-31,ERROR,ERROR,ERROR,ERROR
Tron-o-matic 1 Pro,Houston_01,2024-11-01,ERROR,ERROR,ERROR,ERROR
Tron-o-matic 1 Pro,Houston_01,2024-11-02,ERROR,ERROR,ERROR,ERROR
Tron-o-matic 1 Pro,Houston_01,2024-11-03,ERROR,ERROR,ERROR,ERROR
Tron-o-matic 1 Pro,Houston_01,2024-11-04,ERROR,ERROR,ERROR,ERROR
Tron-o-matic 1 Pro,Houston_01,2024-11-05,ERROR,ERROR,ERROR,ERROR
Tron-o-matic 1 Pro,Houston_01,2024-11-06,ERROR,ERROR,ERROR,ERROR
Tron-o-matic 1 Pro,Houston_01,2024-11-07,ERROR,ERROR,ERROR,ERROR
Tron-o-matic 1 Pro,Houston_01,2024-11-08,ERROR,ERROR,ERROR,ERROR
Tron-o-matic 1 Pro,Houston_01,2024-11-09,ERROR,ERROR,ERROR,ERROR
Tron-o-matic 1 Pro,Houston_01,2024-11-10,ERROR,ERROR,ERROR,ERROR
Tron-o-matic 1 Pro,Houston_01,2024-11-11,ERROR,ERROR,ERROR,ERROR
Tron-o-matic 1 Pro,Houston_01,2024-11-12,ERROR,ERROR,ERROR,ERROR
Tron-o-matic 1 Pro,Houston_01,2024-11-13,ERROR,ERROR,ERROR,ERROR
Tron-o-matic 1 Pro,Houston_01,2024-11-14,ERROR,ERROR,ERROR,ERROR
Tron-o-matic 1 Pro,Houston_01,2024-11-15,ERROR,ERROR,ERROR,ERROR
Tron-o-matic 1 Pro,Houston_01,2024-11-16,ERROR,ERROR,ERROR,ERROR
Tron-o-matic 1 Pro,Houston_01,2024-11-17,ERROR,ERROR,ERROR,ERROR
Tron-o-matic 1 Pro,Houston_01,2024-11-18,ERROR,ERROR,ERROR,ERROR
Tron-o-matic 1 Pro,Houston_01,2024-11-19,ERROR,ERROR,ERROR,ERROR
Tron-o-matic 1 Pro,Houston_01,2024-11-20,ERROR,ERROR,ERROR,ERROR
Tron-o-matic 1 Pro,Houston_01,2024-11-21,ERROR,ERROR,ERROR,ERROR
Tron-o-matic 1 Pro,Houston_01,2024-11-22,ERROR,ERROR,ERROR,ERROR
Tron-o-matic 1 Pro,Houston_01,2024-11-23,ERROR,ERROR,ERROR,ERROR
Tron-o-matic 1 Pro,Houston_01,2024-11-24,ERROR,ERROR,ERROR,ERROR
Tron-o-matic 1 Pro,Houston_01,2024-11-25,ERROR,ERROR,ERROR,ERROR
Tron-o-matic 1 Pro,Houston_01,2024-11-26,ERROR,ERROR,ERROR,ERROR
Tron-o-matic 1 Pro,Houston_01,2024-11-27,ERROR,ERROR,ERROR,ERROR
Tron-o-matic 1 Pro,Houston_01,2024-11-28,ERROR,ERROR,ERROR,ERROR
Tron-o-matic 1 Pro,Houston_01,2024-11-29,ERROR,ERROR,ERROR,ERROR
Tron-o-matic 1 Pro,Houston_01,2024-11-30,ERROR,ERROR,ERROR,ERROR
Tron-o-matic 1 Pro,Houston_01,2024-12-01,ERROR,ERROR,ERROR,ERROR
Tron-o-matic 1 Pro,Houston_01,2024-12-02,ERROR,ERROR,ERROR,ERROR
Tron-o-matic 1 Pro,Houston_01,2024-12-03,ERROR,ERROR,ERROR,ERROR
Tron-o-matic 1 Pro,Houston_01,2024-12-04,ERROR,ERROR,ERROR,ERROR
Tron-o-matic 1 Pro,Houston_01,2024-12-05,ERROR,ERROR,ERROR,ERROR
Tron-o-matic 1 Pro,Houston_01,2024-12-06,ERROR,ERROR,ERROR,ERROR
Tron-o-matic 1 Pro,Houston_01,2024-12-07,ERROR,ERROR,ERROR,ERROR
Tron-o-matic 1 Pro,Houston_01,2024-12-08,ERROR,ERROR,ERROR,ERROR
Tron-o-matic 1 Pro,Houston_01,2024-12-09,ERROR,ERROR,ERROR,ERROR
Tron-o-matic 1 Pro,Houston_01,2024-12-10,ERROR,ERROR,ERROR,ERROR
Tron-o-matic 1 Pro,Houston_01,2024-12-11,ERROR,ERROR,ERROR,ERROR
Tron-o-matic 1 Pro,Houston_01,2024-12-12,ERROR,ERROR,ERROR,ERROR
Tron-o-matic 1 Pro,Houston_01,2024-12-13,ERROR,ERROR,ERROR,ERROR
Tron-o-matic 1 Pro,Houston_01,2024-12-14,ERROR,ERROR,ERROR,ERROR
Tron-o-matic 1 Pro,Houston_01,2024-12-15,ERROR,ERROR,ERROR,ERROR
Tron-o-matic 1 Pro,Houston_01,2024-12-16,ERROR,ERROR,ERROR,ERROR
Tron-o-matic 1 Pro,Houston_01,2024-12-17,ERROR,ERROR,ERROR,ERROR
Tron-o-matic 1 Pro,Houston_01,2024-12-18,ERROR,ERROR,ERROR,ERROR
Tron-o-matic 1 Pro,Houston_01,2024-12-19,ERROR,ERROR,ERROR,ERROR
Tron-o-matic 1 Pro,Houston_01,2024-12-20,ERROR,ERROR,ERROR,ERROR
Tron-o-matic 1 Pro,Houston_01,2024-12-21,ERROR,ERROR,ERROR,ERROR
Tron-o-matic 1 Pro,Houston_01,2024-12-22,ERROR,ERROR,ERROR,ERROR
Tron-o-matic 1 Pro,Houston_01,2024-12-23,ERROR,ERROR,ERROR,ERROR
Tron-o-matic 1 Pro,Houston_01,2024-12-24,ERROR,ERROR,ERROR,ERROR
Tron-o-matic 1 Pro,Houston_01,2024-12-25,ERROR,ERROR,ERROR,ERROR
Tron-o-matic 1 Pro,Houston_01,2024-12-26,ERROR,ERROR,ERROR,ERROR
Tron-o-matic 1 Pro,Houston_01,2024-12-27,ERROR,ERROR,ERROR,ERROR
Tron-o-matic 1 Pro,Houston_01,2024-12-28,ERROR,ERROR,ERROR,ERROR
Tron-o-matic 1 Pro,Houston_01,2024-12-29,ERROR,ERROR,ERROR,ERROR
Tron-o-matic 1 Pro,Houston_01,2024-12-30,ERROR,ERROR,ERROR,ERROR
Tron-o-matic 1 Pro,Houston_01,2024-12-31,ERROR,ERROR,ERROR,ERROR
Tron-o-matic 1,Houston_01,2024-10-01,ERROR,ERROR,ERROR,ERROR
Tron-o-matic 1,Houston_01,2024-10-02,ERROR,ERROR,ERROR,ERROR
Tron-o-matic 1,Houston_01,2024-10-03,ERROR,ERROR,ERROR,ERROR
Tron-o-matic 1,Houston_01,2024-10-04,ERROR,ERROR,ERROR,ERROR
Tron-o-matic 1,Houston_01,2024-10-05,ERROR,ERROR,ERROR,ERROR
Tron-o-matic 1,Houston_01,2024-10-06,ERROR,ERROR,ERROR,ERROR
Tron-o-matic 1,Houston_01,2024-10-07,ERROR,ERROR,ERROR,ERROR
Tron-o-matic 1,Houston_01,2024-10-08,ERROR,ERROR,ERROR,ERROR
Tron-o-matic 1,Houston_01,2024-10-09,ERROR,ERROR,ERROR,ERROR
Tron-o-matic 1,Houston_01,2024-10-10,ERROR,ERROR,ERROR,ERROR
Tron-o-matic 1,Houston_01,2024-10-11,ERROR,ERROR,ERROR,ERROR
Tron-o-matic 1,Houston_01,2024-10-12,ERROR,ERROR,ERROR,ERROR
Tron-o-matic 1,Houston_01,2024-10-13,ERROR,ERROR,ERROR,ERROR
Tron-o-matic 1,Houston_01,2024-10-14,ERROR,ERROR,ERROR,ERROR
Tron-o-matic 1,Houston_01,2024-10-15,ERROR,ERROR,ERROR,ERROR
Tron-o-matic 1,Houston_01,2024-10-16,ERROR,ERROR,ERROR,ERROR
Tron-o-matic 1,Houston_01,2024-10-17,ERROR,ERROR,ERROR,ERROR
Tron-o-matic 1,Houston_01,2024-10-18,ERROR,ERROR,ERROR,ERROR
Tron-o-matic 1,Houston_01,2024-10-19,ERROR,ERROR,ERROR,ERROR
Tron-o-matic 1,Houston_01,2024-10-20,ERROR,ERROR,ERROR,ERROR
Tron-o-matic 1,Houston_01,2024-10-21,ERROR,ERROR,ERROR,ERROR
Tron-o-matic 1,Houston_01,2024-10-22,ERROR,ERROR,ERROR,ERROR
Tron-o-matic 1,Houston_01,2024-10-23,ERROR,ERROR,ERROR,ERROR
Tron-o-matic 1,Houston_01,2024-10-24,ERROR,ERROR,ERROR,ERROR
Tron-o-matic 1,Houston_01,2024-10-25,ERROR,ERROR,ERROR,ERROR
Tron-o-matic 1,Houston_01,2024-10-26,ERROR,ERROR,ERROR,ERROR
Tron-o-matic 1,Houston_01,2024-10-27,ERROR,ERROR,ERROR,ERROR
Tron-o-matic 1,Houston_01,2024-10-28,ERROR,ERROR,ERROR,ERROR
Tron-o-matic 1,Houston_01,2024-10-29,ERROR,ERROR,ERROR,ERROR
Tron-o-matic 1,Houston_01,2024-10-30,ERROR,ERROR,ERROR,ERROR
Tron-o-matic 1,Houston_01,2024-10-31,ERROR,ERROR,ERROR,ERROR
Tron-o-matic 1,Houston_01,2024-11-01,ERROR,ERROR,ERROR,ERROR
Tron-o-matic 1,Houston_01,2024-11-02,ERROR,ERROR,ERROR,ERROR
Tron-o-matic 1,Houston_01,2024-11-03,ERROR,ERROR,ERROR,ERROR
Tron-o-matic 1,Houston_01,2024-11-04,ERROR,ERROR,ERROR,ERROR
Tron-o-matic 1,Houston_01,2024-11-05,ERROR,ERROR,ERROR,ERROR
Tron-o-matic 1,Houston_01,2024-11-06,ERROR,ERROR,ERROR,ERROR
Tron-o-matic 1,Houston_01,2024-11-07,ERROR,ERROR,ERROR,ERROR
Tron-o-matic 1,Houston_01,2024-11-08,ERROR,ERROR,ERROR,ERROR
Tron-o-matic 1,Houston_01,2024-11-09,ERROR,ERROR,ERROR,ERROR
Tron-o-matic 1,Houston_01,2024-11-10,ERROR,ERROR,ERROR,ERROR
Tron-o-matic 1,Houston_01,2024-11-11,ERROR,ERROR,ERROR,ERROR
Tron-o-matic 1,Houston_01,2024-11-12,ERROR,ERROR,ERROR,ERROR
Tron-o-matic 1,Houston_01,2024-11-13,ERROR,ERROR,ERROR,ERROR
Tron-o-matic 1,Houston_01,2024-11-14,ERROR,ERROR,ERROR,ERROR
Tron-o-matic 1,Houston_01,2024-11-15,ERROR,ERROR,ERROR,ERROR
Tron-o-matic 1,Houston_01,2024-11-16,ERROR,ERROR,ERROR,ERROR
Tron-o-matic 1,Houston_01,2024-11-17,ERROR,ERROR,ERROR,ERROR
Tron-o-matic 1,Houston_01,2024-11-18,ERROR,ERROR,ERROR,ERROR
Tron-o-matic 1,Houston_01,2024-11-19,ERROR,ERROR,ERROR,ERROR
Tron-o-matic 1,Houston_01,2024-11-20,ERROR,ERROR,ERROR,ERROR
Tron-o-matic 1,Houston_01,2024-11-21,ERROR,ERROR,ERROR,ERROR
Tron-o-matic 1,Houston_01,2024-11-22,ERROR,ERROR,ERROR,ERROR
Tron-o-matic 1,Houston_01,2024-11-23,ERROR,ERROR,ERROR,ERROR
Tron-o-matic 1,Houston_01,2024-11-24,ERROR,ERROR,ERROR,ERROR
Tron-o-matic 1,Houston_01,2024-11-25,ERROR,ERROR,ERROR,ERROR
Tron-o-matic 1,Houston_01,2024-11-26,ERROR,ERROR,ERROR,ERROR
Tron-o-matic 1,Houston_01,2024-11-27,ERROR,ERROR,ERROR,ERROR
Tron-o-matic 1,Houston_01,2024-11-28,ERROR,ERROR,ERROR,ERROR
Tron-o-matic 1,Houston_01,2024-11-29,ERROR,ERROR,ERROR,ERROR
Tron-o-matic 1,Houston_01,2024-11-30,ERROR,ERROR,ERROR,ERROR
Tron-o-matic 1,Houston_01,2024-12-01,ERROR,ERROR,ERROR,ERROR
Tron-o-matic 1,Houston_01,2024-12-02,ERROR,ERROR,ERROR,ERROR
Tron-o-matic 1,Houston_01,2024-12-03,ERROR,ERROR,ERROR,ERROR
Tron-o-matic 1,Houston_01,2024-12-04,ERROR,ERROR,ERROR,ERROR
Tron-o-matic 1,Houston_01,2024-12-05,ERROR,ERROR,ERROR,ERROR
Tron-o-matic 1,Houston_01,2024-12-06,ERROR,ERROR,ERROR,ERROR
Tron-o-matic 1,Houston_01,2024-12-07,ERROR,ERROR,ERROR,ERROR
Tron-o-matic 1,Houston_01,2024-12-08,ERROR,ERROR,ERROR,ERROR
Tron-o-matic 1,Houston_01,2024-12-09,ERROR,ERROR,ERROR,ERROR
Tron-o-matic 1,Houston_01,2024-12-10,ERROR,ERROR,ERROR,ERROR
Tron-o-matic 1,Houston_01,2024-12-11,ERROR,ERROR,ERROR,ERROR
Tron-o-matic 1,Houston_01,2024-12-12,ERROR,ERROR,ERROR,ERROR
Tron-o-matic 1,Houston_01,2024-12-13,ERROR,ERROR,ERROR,ERROR
Tron-o-matic 1,Houston_01,2024-12-14,ERROR,ERROR,ERROR,ERROR
Tron-o-matic 1,Houston_01,2024-12-15,ERROR,ERROR,ERROR,ERROR
Tron-o-matic 1,Houston_01,2024-12-16,ERROR,ERROR,ERROR,ERROR
Tron-o-matic 1,Houston_01,2024-12-17,ERROR,ERROR,ERROR,ERROR
Tron-o-matic 1,Houston_01,2024-12-18,ERROR,ERROR,ERROR,ERROR
Tron-o-matic 1,Houston_01,2024-12-19,ERROR,ERROR,ERROR,ERROR
Tron-o-matic 1,Houston_01,2024-12-20,ERROR,ERROR,ERROR,ERROR
Tron-o-matic 1,Houston_01,2024-12-21,ERROR,ERROR,ERROR,ERROR
Tron-o-matic 1,Houston_01,2024-12-22,ERROR,ERROR,ERROR,ERROR
Tron-o-matic 1,Houston_01,2024-12-23,ERROR,ERROR,ERROR,ERROR
Tron-o-matic 1,Houston_01,2024-12-24,ERROR,ERROR,ERROR,ERROR
Tron-o-matic 1,Houston_01,2024-12-25,ERROR,ERROR,ERROR,ERROR
Tron-o-matic 1,Houston_01,2024-12-26,ERROR,ERROR,ERROR,ERROR
Tron-o-matic 1,Houston_01,2024-12-27,ERROR,ERROR,ERROR,ERROR
Tron-o-matic 1,Houston_01,2024-12-28,ERROR,ERROR,ERROR,ERROR
Tron-o-matic 1,Houston_01,2024-12-29,ERROR,ERROR,ERROR,ERROR
Tron-o-matic 1,Houston_01,2024-12-30,ERROR,ERROR,ERROR,ERROR
Tron-o-matic 1,Houston_01,2024-12-31,ERROR,ERROR,ERROR,ERROR
Tron-o-matic 1 Pro,NewYork_01,2024-10-01,ERROR,ERROR,ERROR,ERROR
Tron-o-matic 1 Pro,NewYork_01,2024-10-02,ERROR,ERROR,ERROR,ERROR
Tron-o-matic 1 Pro,NewYork_01,2024-10-03,ERROR,ERROR,ERROR,ERROR
Tron-o-matic 1 Pro,NewYork_01,2024-10-04,ERROR,ERROR,ERROR,ERROR
Tron-o-matic 1 Pro,NewYork_01,2024-10-05,ERROR,ERROR,ERROR,ERROR
Tron-o-matic 1 Pro,NewYork_01,2024-10-06,ERROR,ERROR,ERROR,ERROR
Tron-o-matic 1 Pro,NewYork_01,2024-10-07,ERROR,ERROR,ERROR,ERROR
Tron-o-matic 1 Pro,NewYork_01,2024-10-08,ERROR,ERROR,ERROR,ERROR
Tron-o-matic 1 Pro,NewYork_01,2024-10-09,ERROR,ERROR,ERROR,ERROR
Tron-o-matic 1 Pro,NewYork_01,2024-10-10,ERROR,ERROR,ERROR,ERROR
Tron-o-matic 1 Pro,NewYork_01,2024-10-11,ERROR,ERROR,ERROR,ERROR
Tron-o-matic 1 Pro,NewYork_01,2024-10-12,ERROR,ERROR,ERROR,ERROR
Tron-o-matic 1 Pro,NewYork_01,2024-10-13,ERROR,ERROR,ERROR,ERROR
Tron-o-matic 1 Pro,NewYork_01,2024-10-14,ERROR,ERROR,ERROR,ERROR
Tron-o-matic 1 Pro,NewYork_01,2024-10-15,ERROR,ERROR,ERROR,ERROR
Tron-o-matic 1 Pro,NewYork_01,2024-10-16,ERROR,ERROR,ERROR,ERROR
Tron-o-matic 1 Pro,NewYork_01,2024-10-17,ERROR,ERROR,ERROR,ERROR
Tron-o-matic 1 Pro,NewYork_01,2024-10-18,ERROR,ERROR,ERROR,ERROR
Tron-o-matic 1 Pro,NewYork_01,2024-10-19,ERROR,ERROR,ERROR,ERROR
Tron-o-matic 1 Pro,NewYork_01,2024-10-20,ERROR,ERROR,ERROR,ERROR
Tron-o-matic 1 Pro,NewYork_01,2024-10-21,ERROR,ERROR,ERROR,ERROR
Tron-o-matic 1 Pro,NewYork_01,2024-10-22,ERROR,ERROR,ERROR,ERROR
Tron-o-matic 1 Pro,NewYork_01,2024-10-23,ERROR,ERROR,ERROR,ERROR
Tron-o-matic 1 Pro,NewYork_01,2024-10-24,ERROR,ERROR,ERROR,ERROR
Tron-o-matic 1 Pro,NewYork_01,2024-10-25,ERROR,ERROR,ERROR,ERROR
Tron-o-matic 1 Pro,NewYork_01,2024-10-26,ERROR,ERROR,ERROR,ERROR
Tron-o-matic 1 Pro,NewYork_01,2024-10-27,ERROR,ERROR,ERROR,ERROR
Tron-o-matic 1 Pro,NewYork_01,2024-10-28,ERROR,ERROR,ERROR,ERROR
Tron-o-matic 1 Pro,NewYork_01,2024-10-29,ERROR,ERROR,ERROR,ERROR
Tron-o-matic 1 Pro,NewYork_01,2024-10-30,ERROR,ERROR,ERROR,ERROR
Tron-o-matic 1 Pro,NewYork_01,2024-10-31,ERROR,ERROR,ERROR,ERROR
Tron-o-matic 1 Pro,NewYork_01,2024-11-01,ERROR,ERROR,ERROR,ERROR
Tron-o-matic 1 Pro,NewYork_01,2024-11-02,ERROR,ERROR,ERROR,ERROR
Tron-o-matic 1 Pro,NewYork_01,2024-11-03,ERROR,ERROR,ERROR,ERROR
Tron-o-matic 1 Pro,NewYork_01,2024-11-04,ERROR,ERROR,ERROR,ERROR
Tron-o-matic 1 Pro,NewYork_01,2024-11-05,ERROR,ERROR,ERROR,ERROR
Tron-o-matic 1 Pro,NewYork_01,2024-11-06,ERROR,ERROR,ERROR,ERROR
Tron-o-matic 1 Pro,NewYork_01,2024-11-07,ERROR,ERROR,ERROR,ERROR
Tron-o-matic 1 Pro,NewYork_01,2024-11-08,ERROR,ERROR,ERROR,ERROR
Tron-o-matic 1 Pro,NewYork_01,2024-11-09,ERROR,ERROR,ERROR,ERROR
Tron-o-matic 1 Pro,NewYork_01,2024-11-10,ERROR,ERROR,ERROR,ERROR
Tron-o-matic 1 Pro,NewYork_01,2024-11-11,ERROR,ERROR,ERROR,ERROR
Tron-o-matic 1 Pro,NewYork_01,2024-11-12,ERROR,ERROR,ERROR,ERROR
Tron-o-matic 1 Pro,NewYork_01,2024-11-13,ERROR,ERROR,ERROR,ERROR
Tron-o-matic 1 Pro,NewYork_01,2024-11-14,ERROR,ERROR,ERROR,ERROR
Tron-o-matic 1 Pro,NewYork_01,2024-11-15,ERROR,ERROR,ERROR,ERROR
Tron-o-matic 1 Pro,NewYork_01,2024-11-16,ERROR,ERROR,ERROR,ERROR
Tron-o-matic 1 Pro,NewYork_01,2024-11-17,ERROR,ERROR,ERROR,ERROR
Tron-o-matic 1 Pro,NewYork_01,2024-11-18,ERROR,ERROR,ERROR,ERROR
Tron-o-matic 1 Pro,NewYork_01,2024-11-19,ERROR,ERROR,ERROR,ERROR
Tron-o-matic 1 Pro,NewYork_01,2024-11-20,ERROR,ERROR,ERROR,ERROR
Tron-o-matic 1 Pro,NewYork_01,2024-11-21,ERROR,ERROR,ERROR,ERROR
Tron-o-matic 1 Pro,NewYork_01,2024-11-22,ERROR,ERROR,ERROR,ERROR
Tron-o-matic 1 Pro,NewYork_01,2024-11-23,ERROR,ERROR,ERROR,ERROR
Tron-o-matic 1 Pro,NewYork_01,2024-11-24,ERROR,ERROR,ERROR,ERROR
Tron-o-matic 1 Pro,NewYork_01,2024-11-25,ERROR,ERROR,ERROR,ERROR
Tron-o-matic 1 Pro,NewYork_01,2024-11-26,ERROR,ERROR,ERROR,ERROR
Tron-o-matic 1 Pro,NewYork_01,2024-11-27,ERROR,ERROR,ERROR,ERROR
Tron-o-matic 1 Pro,NewYork_01,2024-11-28,ERROR,ERROR,ERROR,ERROR
Tron-o-matic 1 Pro,NewYork_01,2024-11-29,ERROR,ERROR,ERROR,ERROR
Tron-o-matic 1 Pro,NewYork_01,2024-11-30,ERROR,ERROR,ERROR,ERROR
Tron-o-matic 1 Pro,NewYork_01,2024-12-01,ERROR,ERROR,ERROR,ERROR
Tron-o-matic 1 Pro,NewYork_01,2024-12-02,ERROR,ERROR,ERROR,ERROR
Tron-o-matic 1 Pro,NewYork_01,2024-12-03,ERROR,ERROR,ERROR,ERROR
Tron-o-matic 1 Pro,NewYork_01,2024-12-04,ERROR,ERROR,ERROR,ERROR
Tron-o-matic 1 Pro,NewYork_01,2024-12-05,ERROR,ERROR,ERROR,ERROR
Tron-o-matic 1 Pro,NewYork_01,2024-12-06,ERROR,ERROR,ERROR,ERROR
Tron-o-matic 1 Pro,NewYork_01,2024-12-07,ERROR,ERROR,ERROR,ERROR
Tron-o-matic 1 Pro,NewYork_01,2024-12-08,ERROR,ERROR,ERROR,ERROR
Tron-o-matic 1 Pro,NewYork_01,2024-12-09,ERROR,ERROR,ERROR,ERROR
Tron-o-matic 1 Pro,NewYork_01,2024-12-10,ERROR,ERROR,ERROR,ERROR
Tron-o-matic 1 Pro,NewYork_01,2024-12-11,ERROR,ERROR,ERROR,ERROR
Tron-o-matic 1 Pro,NewYork_01,2024-12-12,ERROR,ERROR,ERROR,ERROR
Tron-o-matic 1 Pro,NewYork_01,2024-12-13,ERROR,ERROR,ERROR,ERROR
Tron-o-matic 1 Pro,NewYork_01,2024-12-14,ERROR,ERROR,ERROR,ERROR
Tron-o-matic 1 Pro,NewYork_01,2024-12-15,ERROR,ERROR,ERROR,ERROR
Tron-o-matic 1 Pro,NewYork_01,2024-12-16,ERROR,ERROR,ERROR,ERROR
Tron-o-matic 1 Pro,NewYork_01,2024-12-17,ERROR,ERROR,ERROR,ERROR
Tron-o-matic 1 Pro,NewYork_01,2024-12-18,ERROR,ERROR,ERROR,ERROR
Tron-o-matic 1 Pro,NewYork_01,2024-12-19,ERROR,ERROR,ERROR,ERROR
Tron-o-matic 1 Pro,NewYork_01,2024-12-20,ERROR,ERROR,ERROR,ERROR
Tron-o-matic 1 Pro,NewYork_01,2024-12-21,ERROR,ERROR,ERROR,ERROR
Tron-o-matic 1 Pro,NewYork_01,2024-12-22,ERROR,ERROR,ERROR,ERROR
Tron-o-matic 1 Pro,NewYork_01,2024-12-23,ERROR,ERROR,ERROR,ERROR
Tron-o-matic 1 Pro,NewYork_01,2024-12-24,ERROR,ERROR,ERROR,ERROR
Tron-o-matic 1 Pro,NewYork_01,2024-12-25,ERROR,ERROR,ERROR,ERROR
Tron-o-matic 1 Pro,NewYork_01,2024-12-26,ERROR,ERROR,ERROR,ERROR
Tron-o-matic 1 Pro,NewYork_01,2024-12-27,ERROR,ERROR,ERROR,ERROR
Tron-o-matic 1 Pro,NewYork_01,2024-12-28,ERROR,ERROR,ERROR,ERROR
Tron-o-matic 1 Pro,NewYork_01,2024-12-29,ERROR,ERROR,ERROR,ERROR
Tron-o-matic 1 Pro,NewYork_01,2024-12-30,ERROR,ERROR,ERROR,ERROR
Tron-o-matic 1 Pro,NewYork_01,2024-12-31,ERROR,ERROR,ERROR,ERROR
Tron-o-matic 1 Pro,Atlanta_01,2024-10-01,ERROR,ERROR,ERROR,ERROR
Tron-o-matic 1 Pro,Atlanta_01,2024-10-02,ERROR,ERROR,ERROR,ERROR
Tron-o-matic 1 Pro,Atlanta_01,2024-10-03,ERROR,ERROR,ERROR,ERROR
Tron-o-matic 1 Pro,Atlanta_01,2024-10-04,ERROR,ERROR,ERROR,ERROR
Tron-o-matic 1 Pro,Atlanta_01,2024-10-05,ERROR,ERROR,ERROR,ERROR
Tron-o-matic 1 Pro,Atlanta_01,2024-10-06,ERROR,ERROR,ERROR,ERROR
Tron-o-matic 1 Pro,Atlanta_01,2024-10-07,ERROR,ERROR,ERROR,ERROR
Tron-o-matic 1 Pro,Atlanta_01,2024-10-08,ERROR,ERROR,ERROR,ERROR
Tron-o-matic 1 Pro,Atlanta_01,2024-10-09,ERROR,ERROR,ERROR,ERROR
Tron-o-matic 1 Pro,Atlanta_01,2024-10-10,ERROR,ERROR,ERROR,ERROR
Tron-o-matic 1 Pro,Atlanta_01,2024-10-11,ERROR,ERROR,ERROR,ERROR
Tron-o-matic 1 Pro,Atlanta_01,2024-10-12,ERROR,ERROR,ERROR,ERROR
Tron-o-matic 1 Pro,Atlanta_01,2024-10-13,ERROR,ERROR,ERROR,ERROR
Tron-o-matic 1 Pro,Atlanta_01,2024-10-14,ERROR,ERROR,ERROR,ERROR
Tron-o-matic 1 Pro,Atlanta_01,2024-10-15,ERROR,ERROR,ERROR,ERROR
Tron-o-matic 1 Pro,Atlanta_01,2024-10-16,ERROR,ERROR,ERROR,ERROR
Tron-o-matic 1 Pro,Atlanta_01,2024-10-17,ERROR,ERROR,ERROR,ERROR
Tron-o-matic 1 Pro,Atlanta_01,2024-10-18,ERROR,ERROR,ERROR,ERROR
Tron-o-matic 1 Pro,Atlanta_01,2024-10-19,ERROR,ERROR,ERROR,ERROR
Tron-o-matic 1 Pro,Atlanta_01,2024-10-20,ERROR,ERROR,ERROR,ERROR
Tron-o-matic 1 Pro,Atlanta_01,2024-10-21,ERROR,ERROR,ERROR,ERROR
Tron-o-matic 1 Pro,Atlanta_01,2024-10-22,ERROR,ERROR,ERROR,ERROR
Tron-o-matic 1 Pro,Atlanta_01,2024-10-23,ERROR,ERROR,ERROR,ERROR
Tron-o-matic 1 Pro,Atlanta_01,2024-10-24,ERROR,ERROR,ERROR,ERROR
Tron-o-matic 1 Pro,Atlanta_01,2024-10-25,ERROR,ERROR,ERROR,ERROR
Tron-o-matic 1 Pro,Atlanta_01,2024-10-26,ERROR,ERROR,ERROR,ERROR
Tron-o-matic 1 Pro,Atlanta_01,2024-10-27,ERROR,ERROR,ERROR,ERROR
Tron-o-matic 1 Pro,Atlanta_01,2024-10-28,ERROR,ERROR,ERROR,ERROR
Tron-o-matic 1 Pro,Atlanta_01,2024-10-29,ERROR,ERROR,ERROR,ERROR
Tron-o-matic 1 Pro,Atlanta_01,2024-10-30,ERROR,ERROR,ERROR,ERROR
Tron-o-matic 1 Pro,Atlanta_01,2024-10-31,ERROR,ERROR,ERROR,ERROR
Tron-o-matic 1 Pro,Atlanta_01,2024-11-01,ERROR,ERROR,ERROR,ERROR
Tron-o-matic 1 Pro,Atlanta_01,2024-11-02,ERROR,ERROR,ERROR,ERROR
Tron-o-matic 1 Pro,Atlanta_01,2024-11-03,ERROR,ERROR,ERROR,ERROR
Tron-o-matic 1 Pro,Atlanta_01,2024-11-04,ERROR,ERROR,ERROR,ERROR
Tron-o-matic 1 Pro,Atlanta_01,2024-11-05,ERROR,ERROR,ERROR,ERROR
Tron-o-matic 1 Pro,Atlanta_01,2024-11-06,ERROR,ERROR,ERROR,ERROR
Tron-o-matic 1 Pro,Atlanta_01,2024-11-07,ERROR,ERROR,ERROR,ERROR
Tron-o-matic 1 Pro,Atlanta_01,2024-11-08,ERROR,ERROR,ERROR,ERROR
Tron-o-matic 1 Pro,Atlanta_01,2024-11-09,ERROR,ERROR,ERROR,ERROR
Tron-o-matic 1 Pro,Atlanta_01,2024-11-10,ERROR,ERROR,ERROR,ERROR
Tron-o-matic 1 Pro,Atlanta_01,2024-11-11,ERROR,ERROR,ERROR,ERROR
Tron-o-matic 1 Pro,Atlanta_01,2024-11-12,ERROR,ERROR,ERROR,ERROR
Tron-o-matic 1 Pro,Atlanta_01,2024-11-13,ERROR,ERROR,ERROR,ERROR
Tron-o-matic 1 Pro,Atlanta_01,2024-11-14,ERROR,ERROR,ERROR,ERROR
Tron-o-matic 1 Pro,Atlanta_01,2024-11-15,ERROR,ERROR,ERROR,ERROR
Tron-o-matic 1 Pro,Atlanta_01,2024-11-16,ERROR,ERROR,ERROR,ERROR
Tron-o-matic 1 Pro,Atlanta_01,2024-11-17,ERROR,ERROR,ERROR,ERROR
Tron-o-matic 1 Pro,Atlanta_01,2024-11-18,ERROR,ERROR,ERROR,ERROR
Tron-o-matic 1 Pro,Atlanta_01,2024-11-19,ERROR,ERROR,ERROR,ERROR
Tron-o-matic 1 Pro,Atlanta_01,2024-11-20,ERROR,ERROR,ERROR,ERROR
Tron-o-matic 1 Pro,Atlanta_01,2024-11-21,ERROR,ERROR,ERROR,ERROR
Tron-o-matic 1 Pro,Atlanta_01,2024-11-22,ERROR,ERROR,ERROR,ERROR
Tron-o-matic 1 Pro,Atlanta_01,2024-11-23,ERROR,ERROR,ERROR,ERROR
Tron-o-matic 1 Pro,Atlanta_01,2024-11-24,ERROR,ERROR,ERROR,ERROR
Tron-o-matic 1 Pro,Atlanta_01,2024-11-25,ERROR,ERROR,ERROR,ERROR
Tron-o-matic 1 Pro,Atlanta_01,2024-11-26,ERROR,ERROR,ERROR,ERROR
Tron-o-matic 1 Pro,Atlanta_01,2024-11-27,ERROR,ERROR,ERROR,ERROR
Tron-o-matic 1 Pro,Atlanta_01,2024-11-28,ERROR,ERROR,ERROR,ERROR
Tron-o-matic 1 Pro,Atlanta_01,2024-11-29,ERROR,ERROR,ERROR,ERROR
Tron-o-matic 1 Pro,Atlanta_01,2024-11-30,ERROR,ERROR,ERROR,ERROR
Tron-o-matic 1 Pro,Atlanta_01,2024-12-01,ERROR,ERROR,ERROR,ERROR
Tron-o-matic 1 Pro,Atlanta_01,2024-12-02,ERROR,ERROR,ERROR,ERROR
Tron-o-matic 1 Pro,Atlanta_01,2024-12-03,ERROR,ERROR,ERROR,ERROR
Tron-o-matic 1 Pro,Atlanta_01,2024-12-04,ERROR,ERROR,ERROR,ERROR
Tron-o-matic 1 Pro,Atlanta_01,2024-12-05,ERROR,ERROR,ERROR,ERROR
Tron-o-matic 1 Pro,Atlanta_01,2024-12-06,ERROR,ERROR,ERROR,ERROR
Tron-o-matic 1 Pro,Atlanta_01,2024-12-07,ERROR,ERROR,ERROR,ERROR
Tron-o-matic 1 Pro,Atlanta_01,2024-12-08,ERROR,ERROR,ERROR,ERROR
Tron-o-matic 1 Pro,Atlanta_01,2024-12-09,ERROR,ERROR,ERROR,ERROR
Tron-o-matic 1 Pro,Atlanta_01,2024-12-10,ERROR,ERROR,ERROR,ERROR
Tron-o-matic 1 Pro,Atlanta_01,2024-12-11,ERROR,ERROR,ERROR,ERROR
Tron-o-matic 1 Pro,Atlanta_01,2024-12-12,ERROR,ERROR,ERROR,ERROR
Tron-o-matic 1 Pro,Atlanta_01,2024-12-13,ERROR,ERROR,ERROR,ERROR
Tron-o-matic 1 Pro,Atlanta_01,2024-12-14,ERROR,ERROR,ERROR,ERROR
Tron-o-matic 1 Pro,Atlanta_01,2024-12-15,ERROR,ERROR,ERROR,ERROR
Tron-o-matic 1 Pro,Atlanta_01,2024-12-16,ERROR,ERROR,ERROR,ERROR
Tron-o-matic 1 Pro,Atlanta_01,2024-12-17,ERROR,ERROR,ERROR,ERROR
Tron-o-matic 1 Pro,Atlanta_01,2024-12-18,ERROR,ERROR,ERROR,ERROR
Tron-o-matic 1 Pro,Atlanta_01,2024-12-19,ERROR,ERROR,ERROR,ERROR
Tron-o-matic 1 Pro,Atlanta_01,2024-12-20,ERROR,ERROR,ERROR,ERROR
Tron-o-matic 1 Pro,Atlanta_01,2024-12-21,ERROR,ERROR,ERROR,ERROR
Tron-o-matic 1 Pro,Atlanta_01,2024-12-22,ERROR,ERROR,ERROR,ERROR
Tron-o-matic 1 Pro,Atlanta_01,2024-12-23,ERROR,ERROR,ERROR,ERROR
Tron-o-matic 1 Pro,Atlanta_01,2024-12-24,ERROR,ERROR,ERROR,ERROR
Tron-o-matic 1 Pro,Atlanta_01,2024-12-25,ERROR,ERROR,ERROR,ERROR
Tron-o-matic 1 Pro,Atlanta_01,2024-12-26,ERROR,ERROR,ERROR,ERROR
Tron-o-matic 1 Pro,Atlanta_01,2024-12-27,ERROR,ERROR,ERROR,ERROR
Tron-o-matic 1 Pro,Atlanta_01,2024-12-28,ERROR,ERROR,ERROR,ERROR
Tron-o-matic 1 Pro,Atlanta_01,2024-12-29,ERROR,ERROR,ERROR,ERROR
Tron-o-matic 1 Pro,Atlanta_01,2024-12-30,ERROR,ERROR,ERROR,ERROR
Tron-o-matic 1 Pro,Atlanta_01,2024-12-31,ERROR,ERROR,ERROR,ERROR
Tron-o-matic 1 Pro,Chicago_01,2024-10-01,ERROR,ERROR,ERROR,ERROR
Tron-o-matic 1 Pro,Chicago_01,2024-10-02,ERROR,ERROR,ERROR,ERROR
Tron-o-matic 1 Pro,Chicago_01,2024-10-03,ERROR,ERROR,ERROR,ERROR
Tron-o-matic 1 Pro,Chicago_01,2024-10-04,ERROR,ERROR,ERROR,ERROR
Tron-o-matic 1 Pro,Chicago_01,2024-10-05,ERROR,ERROR,ERROR,ERROR
Tron-o-matic 1 Pro,Chicago_01,2024-10-06,ERROR,ERROR,ERROR,ERROR
Tron-o-matic 1 Pro,Chicago_01,2024-10-07,ERROR,ERROR,ERROR,ERROR
Tron-o-matic 1 Pro,Chicago_01,2024-10-08,ERROR,ERROR,ERROR,ERROR
Tron-o-matic 1 Pro,Chicago_01,2024-10-09,ERROR,ERROR,ERROR,ERROR
Tron-o-matic 1 Pro,Chicago_01,2024-10-10,ERROR,ERROR,ERROR,ERROR
Tron-o-matic 1 Pro,Chicago_01,2024-10-11,ERROR,ERROR,ERROR,ERROR
Tron-o-matic 1 Pro,Chicago_01,2024-10-12,ERROR,ERROR,ERROR,ERROR
Tron-o-matic 1 Pro,Chicago_01,2024-10-13,ERROR,ERROR,ERROR,ERROR
Tron-o-matic 1 Pro,Chicago_01,2024-10-14,ERROR,ERROR,ERROR,ERROR
Tron-o-matic 1 Pro,Chicago_01,2024-10-15,ERROR,ERROR,ERROR,ERROR
Tron-o-matic 1 Pro,Chicago_01,2024-10-16,ERROR,ERROR,ERROR,ERROR
Tron-o-matic 1 Pro,Chicago_01,2024-10-17,ERROR,ERROR,ERROR,ERROR
Tron-o-matic 1 Pro,Chicago_01,2024-10-18,ERROR,ERROR,ERROR,ERROR
Tron-o-matic 1 Pro,Chicago_01,2024-10-19,ERROR,ERROR,ERROR,ERROR
Tron-o-matic 1 Pro,Chicago_01,2024-10-20,ERROR,ERROR,ERROR,ERROR
Tron-o-matic 1 Pro,Chicago_01,2024-10-21,ERROR,ERROR,ERROR,ERROR
Tron-o-matic 1 Pro,Chicago_01,2024-10-22,ERROR,ERROR,ERROR,ERROR
Tron-o-matic 1 Pro,Chicago_01,2024-10-23,ERROR,ERROR,ERROR,ERROR
Tron-o-matic 1 Pro,Chicago_01,2024-10-24,ERROR,ERROR,ERROR,ERROR
Tron-o-matic 1 Pro,Chicago_01,2024-10-25,ERROR,ERROR,ERROR,ERROR
Tron-o-matic 1 Pro,Chicago_01,2024-10-26,ERROR,ERROR,ERROR,ERROR
Tron-o-matic 1 Pro,Chicago_01,2024-10-27,ERROR,ERROR,ERROR,ERROR
Tron-o-matic 1 Pro,Chicago_01,2024-10-28,ERROR,ERROR,ERROR,ERROR
Tron-o-matic 1 Pro,Chicago_01,2024-10-29,ERROR,ERROR,ERROR,ERROR
Tron-o-matic 1 Pro,Chicago_01,2024-10-30,ERROR,ERROR,ERROR,ERROR
Tron-o-matic 1 Pro,Chicago_01,2024-10-31,ERROR,ERROR,ERROR,ERROR
Tron-o-matic 1 Pro,Chicago_01,2024-11-01,ERROR,ERROR,ERROR,ERROR
Tron-o-matic 1 Pro,Chicago_01,2024-11-02,ERROR,ERROR,ERROR,ERROR
Tron-o-matic 1 Pro,Chicago_01,2024-11-03,ERROR,ERROR,ERROR,ERROR
Tron-o-matic 1 Pro,Chicago_01,2024-11-04,ERROR,ERROR,ERROR,ERROR
Tron-o-matic 1 Pro,Chicago_01,2024-11-05,ERROR,ERROR,ERROR,ERROR
Tron-o-matic 1 Pro,Chicago_01,2024-11-06,ERROR,ERROR,ERROR,ERROR
Tron-o-matic 1 Pro,Chicago_01,2024-11-07,ERROR,ERROR,ERROR,ERROR
Tron-o-matic 1 Pro,Chicago_01,2024-11-08,ERROR,ERROR,ERROR,ERROR
Tron-o-matic 1 Pro,Chicago_01,2024-11-09,ERROR,ERROR,ERROR,ERROR
Tron-o-matic 1 Pro,Chicago_01,2024-11-10,ERROR,ERROR,ERROR,ERROR
Tron-o-matic 1 Pro,Chicago_01,2024-11-11,ERROR,ERROR,ERROR,ERROR
Tron-o-matic 1 Pro,Chicago_01,2024-11-12,ERROR,ERROR,ERROR,ERROR
Tron-o-matic 1 Pro,Chicago_01,2024-11-13,ERROR,ERROR,ERROR,ERROR
Tron-o-matic 1 Pro,Chicago_01,2024-11-14,ERROR,ERROR,ERROR,ERROR
Tron-o-matic 1 Pro,Chicago_01,2024-11-15,ERROR,ERROR,ERROR,ERROR
Tron-o-matic 1 Pro,Chicago_01,2024-11-16,ERROR,ERROR,ERROR,ERROR
Tron-o-matic 1 Pro,Chicago_01,2024-11-17,ERROR,ERROR,ERROR,ERROR
Tron-o-matic 1 Pro,Chicago_01,2024-11-18,ERROR,ERROR,ERROR,ERROR
Tron-o-matic 1 Pro,Chicago_01,2024-11-19,ERROR,ERROR,ERROR,ERROR
Tron-o-matic 1 Pro,Chicago_01,2024-11-20,ERROR,ERROR,ERROR,ERROR
Tron-o-matic 1 Pro,Chicago_01,2024-11-21,ERROR,ERROR,ERROR,ERROR
Tron-o-matic 1 Pro,Chicago_01,2024-11-22,ERROR,ERROR,ERROR,ERROR
Tron-o-matic 1 Pro,Chicago_01,2024-11-23,ERROR,ERROR,ERROR,ERROR
Tron-o-matic 1 Pro,Chicago_01,2024-11-24,ERROR,ERROR,ERROR,ERROR
Tron-o-matic 1 Pro,Chicago_01,2024-11-25,ERROR,ERROR,ERROR,ERROR
Tron-o-matic 1 Pro,Chicago_01,2024-11-26,ERROR,ERROR,ERROR,ERROR
Tron-o-matic 1 Pro,Chicago_01,2024-11-27,ERROR,ERROR,ERROR,ERROR
Tron-o-matic 1 Pro,Chicago_01,2024-11-28,ERROR,ERROR,ERROR,ERROR
Tron-o-matic 1 Pro,Chicago_01,2024-11-29,ERROR,ERROR,ERROR,ERROR
Tron-o-matic 1 Pro,Chicago_01,2024-11-30,ERROR,ERROR,ERROR,ERROR
Tron-o-matic 1 Pro,Chicago_01,2024-12-01,ERROR,ERROR,ERROR,ERROR
Tron-o-matic 1 Pro,Chicago_01,2024-12-02,ERROR,ERROR,ERROR,ERROR
Tron-o-matic 1 Pro,Chicago_01,2024-12-03,ERROR,ERROR,ERROR,ERROR
Tron-o-matic 1 Pro,Chicago_01,2024-12-04,ERROR,ERROR,ERROR,ERROR
Tron-o-matic 1 Pro,Chicago_01,2024-12-05,ERROR,ERROR,ERROR,ERROR
Tron-o-matic 1 Pro,Chicago_01,2024-12-06,ERROR,ERROR,ERROR,ERROR
Tron-o-matic 1 Pro,Chicago_01,2024-12-07,ERROR,ERROR,ERROR,ERROR
Tron-o-matic 1 Pro,Chicago_01,2024-12-08,ERROR,ERROR,ERROR,ERROR
Tron-o-matic 1 Pro,Chicago_01,2024-12-09,ERROR,ERROR,ERROR,ERROR
Tron-o-matic 1 Pro,Chicago_01,2024-12-10,ERROR,ERROR,ERROR,ERROR
Tron-o-matic 1 Pro,Chicago_01,2024-12-11,ERROR,ERROR,ERROR,ERROR
Tron-o-matic 1 Pro,Chicago_01,2024-12-12,ERROR,ERROR,ERROR,ERROR
Tron-o-matic 1 Pro,Chicago_01,2024-12-13,ERROR,ERROR,ERROR,ERROR
Tron-o-matic 1 Pro,Chicago_01,2024-12-14,ERROR,ERROR,ERROR,ERROR
Tron-o-matic 1 Pro,Chicago_01,2024-12-15,ERROR,ERROR,ERROR,ERROR
Tron-o-matic 1 Pro,Chicago_01,2024-12-16,ERROR,ERROR,ERROR,ERROR
Tron-o-matic 1 Pro,Chicago_01,2024-12-17,ERROR,ERROR,ERROR,ERROR
Tron-o-matic 1 Pro,Chicago_01,2024-12-18,ERROR,ERROR,ERROR,ERROR
Tron-o-matic 1 Pro,Chicago_01,2024-12-19,ERROR,ERROR,ERROR,ERROR
Tron-o-matic 1 Pro,Chicago_01,2024-12-20,ERROR,ERROR,ERROR,ERROR
Tron-o-matic 1 Pro,Chicago_01,2024-12-21,ERROR,ERROR,ERROR,ERROR
Tron-o-matic 1 Pro,Chicago_01,2024-12-22,ERROR,ERROR,ERROR,ERROR
Tron-o-matic 1 Pro,Chicago_01,2024-12-23,ERROR,ERROR,ERROR,ERROR
Tron-o-matic 1 Pro,Chicago_01,2024-12-24,ERROR,ERROR,ERROR,ERROR
Tron-o-matic 1 Pro,Chicago_01,2024-12-25,ERROR,ERROR,ERROR,ERROR
Tron-o-matic 1 Pro,Chicago_01,2024-12-26,ERROR,ERROR,ERROR,ERROR
Tron-o-matic 1 Pro,Chicago_01,2024-12-27,ERROR,ERROR,ERROR,ERROR
Tron-o-matic 1 Pro,Chicago_01,2024-12-28,ERROR,ERROR,ERROR,ERROR
Tron-o-matic 1 Pro,Chicago_01,2024-12-29,ERROR,ERROR,ERROR,ERROR
Tron-o-matic 1 Pro,Chicago_01,2024-12-30,ERROR,ERROR,ERROR,ERROR
Tron-o-matic 1 Pro,Chicago_01,2024-12-31,ERROR,ERROR,ERROR,ERROR
Tron-o-matic 1,NewYork_01,2024-10-01,ERROR,ERROR,ERROR,ERROR
Tron-o-matic 1,NewYork_01,2024-10-02,ERROR,ERROR,ERROR,ERROR
Tron-o-matic 1,NewYork_01,2024-10-03,ERROR,ERROR,ERROR,ERROR
Tron-o-matic 1,NewYork_01,2024-10-04,ERROR,ERROR,ERROR,ERROR
Tron-o-matic 1,NewYork_01,2024-10-05,ERROR,ERROR,ERROR,ERROR
Tron-o-matic 1,NewYork_01,2024-10-06,ERROR,ERROR,ERROR,ERROR
Tron-o-matic 1,NewYork_01,2024-10-07,ERROR,ERROR,ERROR,ERROR
Tron-o-matic 1,NewYork_01,2024-10-08,ERROR,ERROR,ERROR,ERROR
Tron-o-matic 1,NewYork_01,2024-10-09,ERROR,ERROR,ERROR,ERROR
Tron-o-matic 1,NewYork_01,2024-10-10,ERROR,ERROR,ERROR,ERROR
Tron-o-matic 1,NewYork_01,2024-10-11,ERROR,ERROR,ERROR,ERROR
Tron-o-matic 1,NewYork_01,2024-10-12,ERROR,ERROR,ERROR,ERROR
Tron-o-matic 1,NewYork_01,2024-10-13,ERROR,ERROR,ERROR,ERROR
Tron-o-matic 1,NewYork_01,2024-10-14,ERROR,ERROR,ERROR,ERROR
Tron-o-matic 1,NewYork_01,2024-10-15,ERROR,ERROR,ERROR,ERROR
Tron-o-matic 1,NewYork_01,2024-10-16,ERROR,ERROR,ERROR,ERROR
Tron-o-matic 1,NewYork_01,2024-10-17,ERROR,ERROR,ERROR,ERROR
Tron-o-matic 1,NewYork_01,2024-10-18,ERROR,ERROR,ERROR,ERROR
Tron-o-matic 1,NewYork_01,2024-10-19,ERROR,ERROR,ERROR,ERROR
Tron-o-matic 1,NewYork_01,2024-10-20,ERROR,ERROR,ERROR,ERROR
Tron-o-matic 1,NewYork_01,2024-10-21,ERROR,ERROR,ERROR,ERROR
Tron-o-matic 1,NewYork_01,2024-10-22,ERROR,ERROR,ERROR,ERROR
Tron-o-matic 1,NewYork_01,2024-10-23,ERROR,ERROR,ERROR,ERROR
Tron-o-matic 1,NewYork_01,2024-10-24,ERROR,ERROR,ERROR,ERROR
Tron-o-matic 1,NewYork_01,2024-10-25,ERROR,ERROR,ERROR,ERROR
Tron-o-matic 1,NewYork_01,2024-10-26,ERROR,ERROR,ERROR,ERROR
Tron-o-matic 1,NewYork_01,2024-10-27,ERROR,ERROR,ERROR,ERROR
Tron-o-matic 1,NewYork_01,2024-10-28,ERROR,ERROR,ERROR,ERROR
Tron-o-matic 1,NewYork_01,2024-10-29,ERROR,ERROR,ERROR,ERROR
Tron-o-matic 1,NewYork_01,2024-10-30,ERROR,ERROR,ERROR,ERROR
Tron-o-matic 1,NewYork_01,2024-10-31,ERROR,ERROR,ERROR,ERROR
Tron-o-matic 1,NewYork_01,2024-11-01,ERROR,ERROR,ERROR,ERROR
Tron-o-matic 1,NewYork_01,2024-11-02,ERROR,ERROR,ERROR,ERROR
Tron-o-matic 1,NewYork_01,2024-11-03,ERROR,ERROR,ERROR,ERROR
Tron-o-matic 1,NewYork_01,2024-11-04,ERROR,ERROR,ERROR,ERROR
Tron-o-matic 1,NewYork_01,2024-11-05,ERROR,ERROR,ERROR,ERROR
Tron-o-matic 1,NewYork_01,2024-11-06,ERROR,ERROR,ERROR,ERROR
Tron-o-matic 1,NewYork_01,2024-11-07,ERROR,ERROR,ERROR,ERROR
Tron-o-matic 1,NewYork_01,2024-11-08,ERROR,ERROR,ERROR,ERROR
Tron-o-matic 1,NewYork_01,2024-11-09,ERROR,ERROR,ERROR,ERROR
Tron-o-matic 1,NewYork_01,2024-11-10,ERROR,ERROR,ERROR,ERROR
Tron-o-matic 1,NewYork_01,2024-11-11,ERROR,ERROR,ERROR,ERROR
Tron-o-matic 1,NewYork_01,2024-11-12,ERROR,ERROR,ERROR,ERROR
Tron-o-matic 1,NewYork_01,2024-11-13,ERROR,ERROR,ERROR,ERROR
Tron-o-matic 1,NewYork_01,2024-11-14,ERROR,ERROR,ERROR,ERROR
Tron-o-matic 1,NewYork_01,2024-11-15,ERROR,ERROR,ERROR,ERROR
Tron-o-matic 1,NewYork_01,2024-11-16,ERROR,ERROR,ERROR,ERROR
Tron-o-matic 1,NewYork_01,2024-11-17,ERROR,ERROR,ERROR,ERROR
Tron-o-matic 1,NewYork_01,2024-11-18,ERROR,ERROR,ERROR,ERROR
Tron-o-matic 1,NewYork_01,2024-11-19,ERROR,ERROR,ERROR,ERROR
Tron-o-matic 1,NewYork_01,2024-11-20,ERROR,ERROR,ERROR,ERROR
Tron-o-matic 1,NewYork_01,2024-11-21,ERROR,ERROR,ERROR,ERROR
Tron-o-matic 1,NewYork_01,2024-11-22,ERROR,ERROR,ERROR,ERROR
Tron-o-matic 1,NewYork_01,2024-11-23,ERROR,ERROR,ERROR,ERROR
Tron-o-matic 1,NewYork_01,2024-11-24,ERROR,ERROR,ERROR,ERROR
Tron-o-matic 1,NewYork_01,2024-11-25,ERROR,ERROR,ERROR,ERROR
Tron-o-matic 1,NewYork_01,2024-11-26,ERROR,ERROR,ERROR,ERROR
Tron-o-matic 1,NewYork_01,2024-11-27,ERROR,ERROR,ERROR,ERROR
Tron-o-matic 1,NewYork_01,2024-11-28,ERROR,ERROR,ERROR,ERROR
Tron-o-matic 1,NewYork_01,2024-11-29,ERROR,ERROR,ERROR,ERROR
Tron-o-matic 1,NewYork_01,2024-11-30,ERROR,ERROR,ERROR,ERROR
Tron-o-matic 1,NewYork_01,2024-12-01,ERROR,ERROR,ERROR,ERROR
Tron-o-matic 1,NewYork_01,2024-12-02,ERROR,ERROR,ERROR,ERROR
Tron-o-matic 1,NewYork_01,2024-12-03,ERROR,ERROR,ERROR,ERROR
Tron-o-matic 1,NewYork_01,2024-12-04,ERROR,ERROR,ERROR,ERROR
Tron-o-matic 1,NewYork_01,2024-12-05,ERROR,ERROR,ERROR,ERROR
Tron-o-matic 1,NewYork_01,2024-12-06,ERROR,ERROR,ERROR,ERROR
Tron-o-matic 1,NewYork_01,2024-12-07,ERROR,ERROR,ERROR,ERROR
Tron-o-matic 1,NewYork_01,2024-12-08,ERROR,ERROR,ERROR,ERROR
Tron-o-matic 1,NewYork_01,2024-12-09,ERROR,ERROR,ERROR,ERROR
Tron-o-matic 1,NewYork_01,2024-12-10,ERROR,ERROR,ERROR,ERROR
Tron-o-matic 1,NewYork_01,2024-12-11,ERROR,ERROR,ERROR,ERROR
Tron-o-matic 1,NewYork_01,2024-12-12,ERROR,ERROR,ERROR,ERROR
Tron-o-matic 1,NewYork_01,2024-12-13,ERROR,ERROR,ERROR,ERROR
Tron-o-matic 1,NewYork_01,2024-12-14,ERROR,ERROR,ERROR,ERROR
Tron-o-matic 1,NewYork_01,2024-12-15,ERROR,ERROR,ERROR,ERROR
Tron-o-matic 1,NewYork_01,2024-12-16,ERROR,ERROR,ERROR,ERROR
Tron-o-matic 1,NewYork_01,2024-12-17,ERROR,ERROR,ERROR,ERROR
Tron-o-matic 1,NewYork_01,2024-12-18,ERROR,ERROR,ERROR,ERROR
Tron-o-matic 1,NewYork_01,2024-12-19,ERROR,ERROR,ERROR,ERROR
Tron-o-matic 1,NewYork_01,2024-12-20,ERROR,ERROR,ERROR,ERROR
Tron-o-matic 1,NewYork_01,2024-12-21,ERROR,ERROR,ERROR,ERROR
Tron-o-matic 1,NewYork_01,2024-12-22,ERROR,ERROR,ERROR,ERROR
Tron-o-matic 1,NewYork_01,2024-12-23,ERROR,ERROR,ERROR,ERROR
Tron-o-matic 1,NewYork_01,2024-12-24,ERROR,ERROR,ERROR,ERROR
Tron-o-matic 1,NewYork_01,2024-12-25,ERROR,ERROR,ERROR,ERROR
Tron-o-matic 1,NewYork_01,2024-12-26,ERROR,ERROR,ERROR,ERROR
Tron-o-matic 1,NewYork_01,2024-12-27,ERROR,ERROR,ERROR,ERROR
Tron-o-matic 1,NewYork_01,2024-12-28,ERROR,ERROR,ERROR,ERROR
Tron-o-matic 1,NewYork_01,2024-12-29,ERROR,ERROR,ERROR,ERROR
Tron-o-matic 1,NewYork_01,2024-12-30,ERROR,ERROR,ERROR,ERROR
Tron-o-matic 1,NewYork_01,2024-12-31,ERROR,ERROR,ERROR,ERROR
Tron-o-matic 1 Pro,LosAngeles_01,2024-10-01,ERROR,ERROR,ERROR,ERROR
Tron-o-matic 1 Pro,LosAngeles_01,2024-10-02,ERROR,ERROR,ERROR,ERROR
Tron-o-matic 1 Pro,LosAngeles_01,2024-10-03,ERROR,ERROR,ERROR,ERROR
Tron-o-matic 1 Pro,LosAngeles_01,2024-10-04,ERROR,ERROR,ERROR,ERROR
Tron-o-matic 1 Pro,LosAngeles_01,2024-10-05,ERROR,ERROR,ERROR,ERROR
Tron-o-matic 1 Pro,LosAngeles_01,2024-10-06,ERROR,ERROR,ERROR,ERROR
Tron-o-matic 1 Pro,LosAngeles_01,2024-10-07,ERROR,ERROR,ERROR,ERROR
Tron-o-matic 1 Pro,LosAngeles_01,2024-10-08,ERROR,ERROR,ERROR,ERROR
Tron-o-matic 1 Pro,LosAngeles_01,2024-10-09,ERROR,ERROR,ERROR,ERROR
Tron-o-matic 1 Pro,LosAngeles_01,2024-10-10,ERROR,ERROR,ERROR,ERROR
Tron-o-matic 1 Pro,LosAngeles_01,2024-10-11,ERROR,ERROR,ERROR,ERROR
Tron-o-matic 1 Pro,LosAngeles_01,2024-10-12,ERROR,ERROR,ERROR,ERROR
Tron-o-matic 1 Pro,LosAngeles_01,2024-10-13,ERROR,ERROR,ERROR,ERROR
Tron-o-matic 1 Pro,LosAngeles_01,2024-10-14,ERROR,ERROR,ERROR,ERROR
Tron-o-matic 1 Pro,LosAngeles_01,2024-10-15,ERROR,ERROR,ERROR,ERROR
Tron-o-matic 1 Pro,LosAngeles_01,2024-10-16,ERROR,ERROR,ERROR,ERROR
Tron-o-matic 1 Pro,LosAngeles_01,2024-10-17,ERROR,ERROR,ERROR,ERROR
Tron-o-matic 1 Pro,LosAngeles_01,2024-10-18,ERROR,ERROR,ERROR,ERROR
Tron-o-matic 1 Pro,LosAngeles_01,2024-10-19,ERROR,ERROR,ERROR,ERROR
Tron-o-matic 1 Pro,LosAngeles_01,2024-10-20,ERROR,ERROR,ERROR,ERROR
Tron-o-matic 1 Pro,LosAngeles_01,2024-10-21,ERROR,ERROR,ERROR,ERROR
Tron-o-matic 1 Pro,LosAngeles_01,2024-10-22,ERROR,ERROR,ERROR,ERROR
Tron-o-matic 1 Pro,LosAngeles_01,2024-10-23,ERROR,ERROR,ERROR,ERROR
Tron-o-matic 1 Pro,LosAngeles_01,2024-10-24,ERROR,ERROR,ERROR,ERROR
Tron-o-matic 1 Pro,LosAngeles_01,2024-10-25,ERROR,ERROR,ERROR,ERROR
Tron-o-matic 1 Pro,LosAngeles_01,2024-10-26,ERROR,ERROR,ERROR,ERROR
Tron-o-matic 1 Pro,LosAngeles_01,2024-10-27,ERROR,ERROR,ERROR,ERROR
Tron-o-matic 1 Pro,LosAngeles_01,2024-10-28,ERROR,ERROR,ERROR,ERROR
Tron-o-matic 1 Pro,LosAngeles_01,2024-10-29,ERROR,ERROR,ERROR,ERROR
Tron-o-matic 1 Pro,LosAngeles_01,2024-10-30,ERROR,ERROR,ERROR,ERROR
Tron-o-matic 1 Pro,LosAngeles_01,2024-10-31,ERROR,ERROR,ERROR,ERROR
Tron-o-matic 1 Pro,LosAngeles_01,2024-11-01,ERROR,ERROR,ERROR,ERROR
Tron-o-matic 1 Pro,LosAngeles_01,2024-11-02,ERROR,ERROR,ERROR,ERROR
Tron-o-matic 1 Pro,LosAngeles_01,2024-11-03,ERROR,ERROR,ERROR,ERROR
Tron-o-matic 1 Pro,LosAngeles_01,2024-11-04,ERROR,ERROR,ERROR,ERROR
Tron-o-matic 1 Pro,LosAngeles_01,2024-11-05,ERROR,ERROR,ERROR,ERROR
Tron-o-matic 1 Pro,LosAngeles_01,2024-11-06,ERROR,ERROR,ERROR,ERROR
Tron-o-matic 1 Pro,LosAngeles_01,2024-11-07,ERROR,ERROR,ERROR,ERROR
Tron-o-matic 1 Pro,LosAngeles_01,2024-11-08,ERROR,ERROR,ERROR,ERROR
Tron-o-matic 1 Pro,LosAngeles_01,2024-11-09,ERROR,ERROR,ERROR,ERROR
Tron-o-matic 1 Pro,LosAngeles_01,2024-11-10,ERROR,ERROR,ERROR,ERROR
Tron-o-matic 1 Pro,LosAngeles_01,2024-11-11,ERROR,ERROR,ERROR,ERROR
Tron-o-matic 1 Pro,LosAngeles_01,2024-11-12,ERROR,ERROR,ERROR,ERROR
Tron-o-matic 1 Pro,LosAngeles_01,2024-11-13,ERROR,ERROR,ERROR,ERROR
Tron-o-matic 1 Pro,LosAngeles_01,2024-11-14,ERROR,ERROR,ERROR,ERROR
Tron-o-matic 1 Pro,LosAngeles_01,2024-11-15,ERROR,ERROR,ERROR,ERROR
Tron-o-matic 1 Pro,LosAngeles_01,2024-11-16,ERROR,ERROR,ERROR,ERROR
Tron-o-matic 1 Pro,LosAngeles_01,2024-11-17,ERROR,ERROR,ERROR,ERROR
Tron-o-matic 1 Pro,LosAngeles_01,2024-11-18,ERROR,ERROR,ERROR,ERROR
Tron-o-matic 1 Pro,LosAngeles_01,2024-11-19,ERROR,ERROR,ERROR,ERROR
Tron-o-matic 1 Pro,LosAngeles_01,2024-11-20,ERROR,ERROR,ERROR,ERROR
Tron-o-matic 1 Pro,LosAngeles_01,2024-11-21,ERROR,ERROR,ERROR,ERROR
Tron-o-matic 1 Pro,LosAngeles_01,2024-11-22,ERROR,ERROR,ERROR,ERROR
Tron-o-matic 1 Pro,LosAngeles_01,2024-11-23,ERROR,ERROR,ERROR,ERROR
Tron-o-matic 1 Pro,LosAngeles_01,2024-11-24,ERROR,ERROR,ERROR,ERROR
Tron-o-matic 1 Pro,LosAngeles_01,2024-11-25,ERROR,ERROR,ERROR,ERROR
Tron-o-matic 1 Pro,LosAngeles_01,2024-11-26,ERROR,ERROR,ERROR,ERROR
Tron-o-matic 1 Pro,LosAngeles_01,2024-11-27,ERROR,ERROR,ERROR,ERROR
Tron-o-matic 1 Pro,LosAngeles_01,2024-11-28,ERROR,ERROR,ERROR,ERROR
Tron-o-matic 1 Pro,LosAngeles_01,2024-11-29,ERROR,ERROR,ERROR,ERROR
Tron-o-matic 1 Pro,LosAngeles_01,2024-11-30,ERROR,ERROR,ERROR,ERROR
Tron-o-matic 1 Pro,LosAngeles_01,2024-12-01,ERROR,ERROR,ERROR,ERROR
Tron-o-matic 1 Pro,LosAngeles_01,2024-12-02,ERROR,ERROR,ERROR,ERROR
Tron-o-matic 1 Pro,LosAngeles_01,2024-12-03,ERROR,ERROR,ERROR,ERROR
Tron-o-matic 1 Pro,LosAngeles_01,2024-12-04,ERROR,ERROR,ERROR,ERROR
Tron-o-matic 1 Pro,LosAngeles_01,2024-12-05,ERROR,ERROR,ERROR,ERROR
Tron-o-matic 1 Pro,LosAngeles_01,2024-12-06,ERROR,ERROR,ERROR,ERROR
Tron-o-matic 1 Pro,LosAngeles_01,2024-12-07,ERROR,ERROR,ERROR,ERROR
Tron-o-matic 1 Pro,LosAngeles_01,2024-12-08,ERROR,ERROR,ERROR,ERROR
Tron-o-matic 1 Pro,LosAngeles_01,2024-12-09,ERROR,ERROR,ERROR,ERROR
Tron-o-matic 1 Pro,LosAngeles_01,2024-12-10,ERROR,ERROR,ERROR,ERROR
Tron-o-matic 1 Pro,LosAngeles_01,2024-12-11,ERROR,ERROR,ERROR,ERROR
Tron-o-matic 1 Pro,LosAngeles_01,2024-12-12,ERROR,ERROR,ERROR,ERROR
Tron-o-matic 1 Pro,LosAngeles_01,2024-12-13,ERROR,ERROR,ERROR,ERROR
Tron-o-matic 1 Pro,LosAngeles_01,2024-12-14,ERROR,ERROR,ERROR,ERROR
Tron-o-matic 1 Pro,LosAngeles_01,2024-12-15,ERROR,ERROR,ERROR,ERROR
Tron-o-matic 1 Pro,LosAngeles_01,2024-12-16,ERROR,ERROR,ERROR,ERROR
Tron-o-matic 1 Pro,LosAngeles_01,2024-12-17,ERROR,ERROR,ERROR,ERROR
Tron-o-matic 1 Pro,LosAngeles_01,2024-12-18,ERROR,ERROR,ERROR,ERROR
Tron-o-matic 1 Pro,LosAngeles_01,2024-12-19,ERROR,ERROR,ERROR,ERROR
Tron-o-matic 1 Pro,LosAngeles_01,2024-12-20,ERROR,ERROR,ERROR,ERROR
Tron-o-matic 1 Pro,LosAngeles_01,2024-12-21,ERROR,ERROR,ERROR,ERROR
Tron-o-matic 1 Pro,LosAngeles_01,2024-12-22,ERROR,ERROR,ERROR,ERROR
Tron-o-matic 1 Pro,LosAngeles_01,2024-12-23,ERROR,ERROR,ERROR,ERROR
Tron-o-matic 1 Pro,LosAngeles_01,2024-12-24,ERROR,ERROR,ERROR,ERROR
Tron-o-matic 1 Pro,LosAngeles_01,2024-12-25,ERROR,ERROR,ERROR,ERROR
Tron-o-matic 1 Pro,LosAngeles_01,2024-12-26,ERROR,ERROR,ERROR,ERROR
Tron-o-matic 1 Pro,LosAngeles_01,2024-12-27,ERROR,ERROR,ERROR,ERROR
Tron-o-matic 1 Pro,LosAngeles_01,2024-12-28,ERROR,ERROR,ERROR,ERROR
Tron-o-matic 1 Pro,LosAngeles_01,2024-12-29,ERROR,ERROR,ERROR,ERROR
Tron-o-matic 1 Pro,LosAngeles_01,2024-12-30,ERROR,ERROR,ERROR,ERROR
Tron-o-matic 1 Pro,LosAngeles_01,2024-12-31,ERROR,ERROR,ERROR,ERROR
Tron-o-matic 1 Pro,Philadelphia_01,2024-10-01,ERROR,ERROR,ERROR,ERROR
Tron-o-matic 1 Pro,Philadelphia_01,2024-10-02,ERROR,ERROR,ERROR,ERROR
Tron-o-matic 1 Pro,Philadelphia_01,2024-10-03,ERROR,ERROR,ERROR,ERROR
Tron-o-matic 1 Pro,Philadelphia_01,2024-10-04,ERROR,ERROR,ERROR,ERROR
Tron-o-matic 1 Pro,Philadelphia_01,2024-10-05,ERROR,ERROR,ERROR,ERROR
Tron-o-matic 1 Pro,Philadelphia_01,2024-10-06,ERROR,ERROR,ERROR,ERROR
Tron-o-matic 1 Pro,Philadelphia_01,2024-10-07,ERROR,ERROR,ERROR,ERROR
Tron-o-matic 1 Pro,Philadelphia_01,2024-10-08,ERROR,ERROR,ERROR,ERROR
Tron-o-matic 1 Pro,Philadelphia_01,2024-10-09,ERROR,ERROR,ERROR,ERROR
Tron-o-matic 1 Pro,Philadelphia_01,2024-10-10,ERROR,ERROR,ERROR,ERROR
Tron-o-matic 1 Pro,Philadelphia_01,2024-10-11,ERROR,ERROR,ERROR,ERROR
Tron-o-matic 1 Pro,Philadelphia_01,2024-10-12,ERROR,ERROR,ERROR,ERROR
Tron-o-matic 1 Pro,Philadelphia_01,2024-10-13,ERROR,ERROR,ERROR,ERROR
Tron-o-matic 1 Pro,Philadelphia_01,2024-10-14,ERROR,ERROR,ERROR,ERROR
Tron-o-matic 1 Pro,Philadelphia_01,2024-10-15,ERROR,ERROR,ERROR,ERROR
Tron-o-matic 1 Pro,Philadelphia_01,2024-10-16,ERROR,ERROR,ERROR,ERROR
Tron-o-matic 1 Pro,Philadelphia_01,2024-10-17,ERROR,ERROR,ERROR,ERROR
Tron-o-matic 1 Pro,Philadelphia_01,2024-10-18,ERROR,ERROR,ERROR,ERROR
Tron-o-matic 1 Pro,Philadelphia_01,2024-10-19,ERROR,ERROR,ERROR,ERROR
Tron-o-matic 1 Pro,Philadelphia_01,2024-10-20,ERROR,ERROR,ERROR,ERROR
Tron-o-matic 1 Pro,Philadelphia_01,2024-10-21,ERROR,ERROR,ERROR,ERROR
Tron-o-matic 1 Pro,Philadelphia_01,2024-10-22,ERROR,ERROR,ERROR,ERROR
Tron-o-matic 1 Pro,Philadelphia_01,2024-10-23,ERROR,ERROR,ERROR,ERROR
Tron-o-matic 1 Pro,Philadelphia_01,2024-10-24,ERROR,ERROR,ERROR,ERROR
Tron-o-matic 1 Pro,Philadelphia_01,2024-10-25,ERROR,ERROR,ERROR,ERROR
Tron-o-matic 1 Pro,Philadelphia_01,2024-10-26,ERROR,ERROR,ERROR,ERROR
Tron-o-matic 1 Pro,Philadelphia_01,2024-10-27,ERROR,ERROR,ERROR,ERROR
Tron-o-matic 1 Pro,Philadelphia_01,2024-10-28,ERROR,ERROR,ERROR,ERROR
Tron-o-matic 1 Pro,Philadelphia_01,2024-10-29,ERROR,ERROR,ERROR,ERROR
Tron-o-matic 1 Pro,Philadelphia_01,2024-10-30,ERROR,ERROR,ERROR,ERROR
Tron-o-matic 1 Pro,Philadelphia_01,2024-10-31,ERROR,ERROR,ERROR,ERROR
Tron-o-matic 1 Pro,Philadelphia_01,2024-11-01,ERROR,ERROR,ERROR,ERROR
Tron-o-matic 1 Pro,Philadelphia_01,2024-11-02,ERROR,ERROR,ERROR,ERROR
Tron-o-matic 1 Pro,Philadelphia_01,2024-11-03,ERROR,ERROR,ERROR,ERROR
Tron-o-matic 1 Pro,Philadelphia_01,2024-11-04,ERROR,ERROR,ERROR,ERROR
Tron-o-matic 1 Pro,Philadelphia_01,2024-11-05,ERROR,ERROR,ERROR,ERROR
Tron-o-matic 1 Pro,Philadelphia_01,2024-11-06,ERROR,ERROR,ERROR,ERROR
Tron-o-matic 1 Pro,Philadelphia_01,2024-11-07,ERROR,ERROR,ERROR,ERROR
Tron-o-matic 1 Pro,Philadelphia_01,2024-11-08,ERROR,ERROR,ERROR,ERROR
Tron-o-matic 1 Pro,Philadelphia_01,2024-11-09,ERROR,ERROR,ERROR,ERROR
Tron-o-matic 1 Pro,Philadelphia_01,2024-11-10,ERROR,ERROR,ERROR,ERROR
Tron-o-matic 1 Pro,Philadelphia_01,2024-11-11,ERROR,ERROR,ERROR,ERROR
Tron-o-matic 1 Pro,Philadelphia_01,2024-11-12,ERROR,ERROR,ERROR,ERROR
Tron-o-matic 1 Pro,Philadelphia_01,2024-11-13,ERROR,ERROR,ERROR,ERROR
Tron-o-matic 1 Pro,Philadelphia_01,2024-11-14,ERROR,ERROR,ERROR,ERROR
Tron-o-matic 1 Pro,Philadelphia_01,2024-11-15,ERROR,ERROR,ERROR,ERROR
Tron-o-matic 1 Pro,Philadelphia_01,2024-11-16,ERROR,ERROR,ERROR,ERROR
Tron-o-matic 1 Pro,Philadelphia_01,2024-11-17,ERROR,ERROR,ERROR,ERROR
Tron-o-matic 1 Pro,Philadelphia_01,2024-11-18,ERROR,ERROR,ERROR,ERROR
Tron-o-matic 1 Pro,Philadelphia_01,2024-11-19,ERROR,ERROR,ERROR,ERROR
Tron-o-matic 1 Pro,Philadelphia_01,2024-11-20,ERROR,ERROR,ERROR,ERROR
Tron-o-matic 1 Pro,Philadelphia_01,2024-11-21,ERROR,ERROR,ERROR,ERROR
Tron-o-matic 1 Pro,Philadelphia_01,2024-11-22,ERROR,ERROR,ERROR,ERROR
Tron-o-matic 1 Pro,Philadelphia_01,2024-11-23,ERROR,ERROR,ERROR,ERROR
Tron-o-matic 1 Pro,Philadelphia_01,2024-11-24,ERROR,ERROR,ERROR,ERROR
Tron-o-matic 1 Pro,Philadelphia_01,2024-11-25,ERROR,ERROR,ERROR,ERROR
Tron-o-matic 1 Pro,Philadelphia_01,2024-11-26,ERROR,ERROR,ERROR,ERROR
Tron-o-matic 1 Pro,Philadelphia_01,2024-11-27,ERROR,ERROR,ERROR,ERROR
Tron-o-matic 1 Pro,Philadelphia_01,2024-11-28,ERROR,ERROR,ERROR,ERROR
Tron-o-matic 1 Pro,Philadelphia_01,2024-11-29,ERROR,ERROR,ERROR,ERROR
Tron-o-matic 1 Pro,Philadelphia_01,2024-11-30,ERROR,ERROR,ERROR,ERROR
Tron-o-matic 1 Pro,Philadelphia_01,2024-12-01,ERROR,ERROR,ERROR,ERROR
Tron-o-matic 1 Pro,Philadelphia_01,2024-12-02,ERROR,ERROR,ERROR,ERROR
Tron-o-matic 1 Pro,Philadelphia_01,2024-12-03,ERROR,ERROR,ERROR,ERROR
Tron-o-matic 1 Pro,Philadelphia_01,2024-12-04,ERROR,ERROR,ERROR,ERROR
Tron-o-matic 1 Pro,Philadelphia_01,2024-12-05,ERROR,ERROR,ERROR,ERROR
Tron-o-matic 1 Pro,Philadelphia_01,2024-12-06,ERROR,ERROR,ERROR,ERROR
Tron-o-matic 1 Pro,Philadelphia_01,2024-12-07,ERROR,ERROR,ERROR,ERROR
Tron-o-matic 1 Pro,Philadelphia_01,2024-12-08,ERROR,ERROR,ERROR,ERROR
Tron-o-matic 1 Pro,Philadelphia_01,2024-12-09,ERROR,ERROR,ERROR,ERROR
Tron-o-matic 1 Pro,Philadelphia_01,2024-12-10,ERROR,ERROR,ERROR,ERROR
Tron-o-matic 1 Pro,Philadelphia_01,2024-12-11,ERROR,ERROR,ERROR,ERROR
Tron-o-matic 1 Pro,Philadelphia_01,2024-12-12,ERROR,ERROR,ERROR,ERROR
Tron-o-matic 1 Pro,Philadelphia_01,2024-12-13,ERROR,ERROR,ERROR,ERROR
Tron-o-matic 1 Pro,Philadelphia_01,2024-12-14,ERROR,ERROR,ERROR,ERROR
Tron-o-matic 1 Pro,Philadelphia_01,2024-12-15,ERROR,ERROR,ERROR,ERROR
Tron-o-matic 1 Pro,Philadelphia_01,2024-12-16,ERROR,ERROR,ERROR,ERROR
Tron-o-matic 1 Pro,Philadelphia_01,2024-12-17,ERROR,ERROR,ERROR,ERROR
Tron-o-matic 1 Pro,Philadelphia_01,2024-12-18,ERROR,ERROR,ERROR,ERROR
Tron-o-matic 1 Pro,Philadelphia_01,2024-12-19,ERROR,ERROR,ERROR,ERROR
Tron-o-matic 1 Pro,Philadelphia_01,2024-12-20,ERROR,ERROR,ERROR,ERROR
Tron-o-matic 1 Pro,Philadelphia_01,2024-12-21,ERROR,ERROR,ERROR,ERROR
Tron-o-matic 1 Pro,Philadelphia_01,2024-12-22,ERROR,ERROR,ERROR,ERROR
Tron-o-matic 1 Pro,Philadelphia_01,2024-12-23,ERROR,ERROR,ERROR,ERROR
Tron-o-matic 1 Pro,Philadelphia_01,2024-12-24,ERROR,ERROR,ERROR,ERROR
Tron-o-matic 1 Pro,Philadelphia_01,2024-12-25,ERROR,ERROR,ERROR,ERROR
Tron-o-matic 1 Pro,Philadelphia_01,2024-12-26,ERROR,ERROR,ERROR,ERROR
Tron-o-matic 1 Pro,Philadelphia_01,2024-12-27,ERROR,ERROR,ERROR,ERROR
Tron-o-matic 1 Pro,Philadelphia_01,2024-12-28,ERROR,ERROR,ERROR,ERROR
Tron-o-matic 1 Pro,Philadelphia_01,2024-12-29,ERROR,ERROR,ERROR,ERROR
Tron-o-matic 1 Pro,Philadelphia_01,2024-12-30,ERROR,ERROR,ERROR,ERROR
Tron-o-matic 1 Pro,Philadelphia_01,2024-12-31,ERROR,ERROR,ERROR,ERROR
Tron-o-matic 1 Pro,Dallas_01,2024-10-01,ERROR,ERROR,ERROR,ERROR
Tron-o-matic 1 Pro,Dallas_01,2024-10-02,ERROR,ERROR,ERROR,ERROR
Tron-o-matic 1 Pro,Dallas_01,2024-10-03,ERROR,ERROR,ERROR,ERROR
Tron-o-matic 1 Pro,Dallas_01,2024-10-04,ERROR,ERROR,ERROR,ERROR
Tron-o-matic 1 Pro,Dallas_01,2024-10-05,ERROR,ERROR,ERROR,ERROR
Tron-o-matic 1 Pro,Dallas_01,2024-10-06,ERROR,ERROR,ERROR,ERROR
Tron-o-matic 1 Pro,Dallas_01,2024-10-07,ERROR,ERROR,ERROR,ERROR
Tron-o-matic 1 Pro,Dallas_01,2024-10-08,ERROR,ERROR,ERROR,ERROR
Tron-o-matic 1 Pro,Dallas_01,2024-10-09,ERROR,ERROR,ERROR,ERROR
Tron-o-matic 1 Pro,Dallas_01,2024-10-10,ERROR,ERROR,ERROR,ERROR
Tron-o-matic 1 Pro,Dallas_01,2024-10-11,ERROR,ERROR,ERROR,ERROR
Tron-o-matic 1 Pro,Dallas_01,2024-10-12,ERROR,ERROR,ERROR,ERROR
Tron-o-matic 1 Pro,Dallas_01,2024-10-13,ERROR,ERROR,ERROR,ERROR
Tron-o-matic 1 Pro,Dallas_01,2024-10-14,ERROR,ERROR,ERROR,ERROR
Tron-o-matic 1 Pro,Dallas_01,2024-10-15,ERROR,ERROR,ERROR,ERROR
Tron-o-matic 1 Pro,Dallas_01,2024-10-16,ERROR,ERROR,ERROR,ERROR
Tron-o-matic 1 Pro,Dallas_01,2024-10-17,ERROR,ERROR,ERROR,ERROR
Tron-o-matic 1 Pro,Dallas_01,2024-10-18,ERROR,ERROR,ERROR,ERROR
Tron-o-matic 1 Pro,Dallas_01,2024-10-19,ERROR,ERROR,ERROR,ERROR
Tron-o-matic 1 Pro,Dallas_01,2024-10-20,ERROR,ERROR,ERROR,ERROR
Tron-o-matic 1 Pro,Dallas_01,2024-10-21,ERROR,ERROR,ERROR,ERROR
Tron-o-matic 1 Pro,Dallas_01,2024-10-22,ERROR,ERROR,ERROR,ERROR
Tron-o-matic 1 Pro,Dallas_01,2024-10-23,ERROR,ERROR,ERROR,ERROR
Tron-o-matic 1 Pro,Dallas_01,2024-10-24,ERROR,ERROR,ERROR,ERROR
Tron-o-matic 1 Pro,Dallas_01,2024-10-25,ERROR,ERROR,ERROR,ERROR
Tron-o-matic 1 Pro,Dallas_01,2024-10-26,ERROR,ERROR,ERROR,ERROR
Tron-o-matic 1 Pro,Dallas_01,2024-10-27,ERROR,ERROR,ERROR,ERROR
Tron-o-matic 1 Pro,Dallas_01,2024-10-28,ERROR,ERROR,ERROR,ERROR
Tron-o-matic 1 Pro,Dallas_01,2024-10-29,ERROR,ERROR,ERROR,ERROR
Tron-o-matic 1 Pro,Dallas_01,2024-10-30,ERROR,ERROR,ERROR,ERROR
Tron-o-matic 1 Pro,Dallas_01,2024-10-31,ERROR,ERROR,ERROR,ERROR
Tron-o-matic 1 Pro,Dallas_01,2024-11-01,ERROR,ERROR,ERROR,ERROR
Tron-o-matic 1 Pro,Dallas_01,2024-11-02,ERROR,ERROR,ERROR,ERROR
Tron-o-matic 1 Pro,Dallas_01,2024-11-03,ERROR,ERROR,ERROR,ERROR
Tron-o-matic 1 Pro,Dallas_01,2024-11-04,ERROR,ERROR,ERROR,ERROR
Tron-o-matic 1 Pro,Dallas_01,2024-11-05,ERROR,ERROR,ERROR,ERROR
Tron-o-matic 1 Pro,Dallas_01,2024-11-06,ERROR,ERROR,ERROR,ERROR
Tron-o-matic 1 Pro,Dallas_01,2024-11-07,ERROR,ERROR,ERROR,ERROR
Tron-o-matic 1 Pro,Dallas_01,2024-11-08,ERROR,ERROR,ERROR,ERROR
Tron-o-matic 1 Pro,Dallas_01,2024-11-09,ERROR,ERROR,ERROR,ERROR
Tron-o-matic 1 Pro,Dallas_01,2024-11-10,ERROR,ERROR,ERROR,ERROR
Tron-o-matic 1 Pro,Dallas_01,2024-11-11,ERROR,ERROR,ERROR,ERROR
Tron-o-matic 1 Pro,Dallas_01,2024-11-12,ERROR,ERROR,ERROR,ERROR
Tron-o-matic 1 Pro,Dallas_01,2024-11-13,ERROR,ERROR,ERROR,ERROR
Tron-o-matic 1 Pro,Dallas_01,2024-11-14,ERROR,ERROR,ERROR,ERROR
Tron-o-matic 1 Pro,Dallas_01,2024-11-15,ERROR,ERROR,ERROR,ERROR
Tron-o-matic 1 Pro,Dallas_01,2024-11-16,ERROR,ERROR,ERROR,ERROR
Tron-o-matic 1 Pro,Dallas_01,2024-11-17,ERROR,ERROR,ERROR,ERROR
Tron-o-matic 1 Pro,Dallas_01,2024-11-18,ERROR,ERROR,ERROR,ERROR
Tron-o-matic 1 Pro,Dallas_01,2024-11-19,ERROR,ERROR,ERROR,ERROR
Tron-o-matic 1 Pro,Dallas_01,2024-11-20,ERROR,ERROR,ERROR,ERROR
Tron-o-matic 1 Pro,Dallas_01,2024-11-21,ERROR,ERROR,ERROR,ERROR
Tron-o-matic 1 Pro,Dallas_01,2024-11-22,ERROR,ERROR,ERROR,ERROR
Tron-o-matic 1 Pro,Dallas_01,2024-11-23,ERROR,ERROR,ERROR,ERROR
Tron-o-matic 1 Pro,Dallas_01,2024-11-24,ERROR,ERROR,ERROR,ERROR
Tron-o-matic 1 Pro,Dallas_01,2024-11-25,ERROR,ERROR,ERROR,ERROR
Tron-o-matic 1 Pro,Dallas_01,2024-11-26,ERROR,ERROR,ERROR,ERROR
Tron-o-matic 1 Pro,Dallas_01,2024-11-27,ERROR,ERROR,ERROR,ERROR
Tron-o-matic 1 Pro,Dallas_01,2024-11-28,ERROR,ERROR,ERROR,ERROR
Tron-o-matic 1 Pro,Dallas_01,2024-11-29,ERROR,ERROR,ERROR,ERROR
Tron-o-matic 1 Pro,Dallas_01,2024-11-30,ERROR,ERROR,ERROR,ERROR
Tron-o-matic 1 Pro,Dallas_01,2024-12-01,ERROR,ERROR,ERROR,ERROR
Tron-o-matic 1 Pro,Dallas_01,2024-12-02,ERROR,ERROR,ERROR,ERROR
Tron-o-matic 1 Pro,Dallas_01,2024-12-03,ERROR,ERROR,ERROR,ERROR
Tron-o-matic 1 Pro,Dallas_01,2024-12-04,ERROR,ERROR,ERROR,ERROR
Tron-o-matic 1 Pro,Dallas_01,2024-12-05,ERROR,ERROR,ERROR,ERROR
Tron-o-matic 1 Pro,Dallas_01,2024-12-06,ERROR,ERROR,ERROR,ERROR
Tron-o-matic 1 Pro,Dallas_01,2024-12-07,ERROR,ERROR,ERROR,ERROR
Tron-o-matic 1 Pro,Dallas_01,2024-12-08,ERROR,ERROR,ERROR,ERROR
Tron-o-matic 1 Pro,Dallas_01,2024-12-09,ERROR,ERROR,ERROR,ERROR
Tron-o-matic 1 Pro,Dallas_01,2024-12-10,ERROR,ERROR,ERROR,ERROR
Tron-o-matic 1 Pro,Dallas_01,2024-12-11,ERROR,ERROR,ERROR,ERROR
Tron-o-matic 1 Pro,Dallas_01,2024-12-12,ERROR,ERROR,ERROR,ERROR
Tron-o-matic 1 Pro,Dallas_01,2024-12-13,ERROR,ERROR,ERROR,ERROR
Tron-o-matic 1 Pro,Dallas_01,2024-12-14,ERROR,ERROR,ERROR,ERROR
Tron-o-matic 1 Pro,Dallas_01,2024-12-15,ERROR,ERROR,ERROR,ERROR
Tron-o-matic 1 Pro,Dallas_01,2024-12-16,ERROR,ERROR,ERROR,ERROR
Tron-o-matic 1 Pro,Dallas_01,2024-12-17,ERROR,ERROR,ERROR,ERROR
Tron-o-matic 1 Pro,Dallas_01,2024-12-18,ERROR,ERROR,ERROR,ERROR
Tron-o-matic 1 Pro,Dallas_01,2024-12-19,ERROR,ERROR,ERROR,ERROR
Tron-o-matic 1 Pro,Dallas_01,2024-12-20,ERROR,ERROR,ERROR,ERROR
Tron-o-matic 1 Pro,Dallas_01,2024-12-21,ERROR,ERROR,ERROR,ERROR
Tron-o-matic 1 Pro,Dallas_01,2024-12-22,ERROR,ERROR,ERROR,ERROR
Tron-o-matic 1 Pro,Dallas_01,2024-12-23,ERROR,ERROR,ERROR,ERROR
Tron-o-matic 1 Pro,Dallas_01,2024-12-24,ERROR,ERROR,ERROR,ERROR
Tron-o-matic 1 Pro,Dallas_01,2024-12-25,ERROR,ERROR,ERROR,ERROR
Tron-o-matic 1 Pro,Dallas_01,2024-12-26,ERROR,ERROR,ERROR,ERROR
Tron-o-matic 1 Pro,Dallas_01,2024-12-27,ERROR,ERROR,ERROR,ERROR
Tron-o-matic 1 Pro,Dallas_01,2024-12-28,ERROR,ERROR,ERROR,ERROR
Tron-o-matic 1 Pro,Dallas_01,2024-12-29,ERROR,ERROR,ERROR,ERROR
Tron-o-matic 1 Pro,Dallas_01,2024-12-30,ERROR,ERROR,ERROR,ERROR
Tron-o-matic 1 Pro,Dallas_01,2024-12-31,ERROR,ERROR,ERROR,ERROR
Tron-o-matic 1 Pro,Online_Store,2024-10-01,ERROR,ERROR,ERROR,ERROR
Tron-o-matic 1 Pro,Online_Store,2024-10-02,ERROR,ERROR,ERROR,ERROR
Tron-o-matic 1 Pro,Online_Store,2024-10-03,ERROR,ERROR,ERROR,ERROR
Tron-o-matic 1 Pro,Online_Store,2024-10-04,ERROR,ERROR,ERROR,ERROR
Tron-o-matic 1 Pro,Online_Store,2024-10-05,ERROR,ERROR,ERROR,ERROR
Tron-o-matic 1 Pro,Online_Store,2024-10-06,ERROR,ERROR,ERROR,ERROR
Tron-o-matic 1 Pro,Online_Store,2024-10-07,ERROR,ERROR,ERROR,ERROR
Tron-o-matic 1 Pro,Online_Store,2024-10-08,ERROR,ERROR,ERROR,ERROR
Tron-o-matic 1 Pro,Online_Store,2024-10-09,ERROR,ERROR,ERROR,ERROR
Tron-o-matic 1 Pro,Online_Store,2024-10-10,ERROR,ERROR,ERROR,ERROR
Tron-o-matic 1 Pro,Online_Store,2024-10-11,ERROR,ERROR,ERROR,ERROR
Tron-o-matic 1 Pro,Online_Store,2024-10-12,ERROR,ERROR,ERROR,ERROR
Tron-o-matic 1 Pro,Online_Store,2024-10-13,ERROR,ERROR,ERROR,ERROR
Tron-o-matic 1 Pro,Online_Store,2024-10-14,ERROR,ERROR,ERROR,ERROR
Tron-o-matic 1 Pro,Online_Store,2024-10-15,ERROR,ERROR,ERROR,ERROR
Tron-o-matic 1 Pro,Online_Store,2024-10-16,ERROR,ERROR,ERROR,ERROR
Tron-o-matic 1 Pro,Online_Store,2024-10-17,ERROR,ERROR,ERROR,ERROR
Tron-o-matic 1 Pro,Online_Store,2024-10-18,ERROR,ERROR,ERROR,ERROR
Tron-o-matic 1 Pro,Online_Store,2024-10-19,ERROR,ERROR,ERROR,ERROR
Tron-o-matic 1 Pro,Online_Store,2024-10-20,ERROR,ERROR,ERROR,ERROR
Tron-o-matic 1 Pro,Online_Store,2024-10-21,ERROR,ERROR,ERROR,ERROR
Tron-o-matic 1 Pro,Online_Store,2024-10-22,ERROR,ERROR,ERROR,ERROR
Tron-o-matic 1 Pro,Online_Store,2024-10-23,ERROR,ERROR,ERROR,ERROR
Tron-o-matic 1 Pro,Online_Store,2024-10-24,ERROR,ERROR,ERROR,ERROR
Tron-o-matic 1 Pro,Online_Store,2024-10-25,ERROR,ERROR,ERROR,ERROR
Tron-o-matic 1 Pro,Online_Store,2024-10-26,ERROR,ERROR,ERROR,ERROR
Tron-o-matic 1 Pro,Online_Store,2024-10-27,ERROR,ERROR,ERROR,ERROR
Tron-o-matic 1 Pro,Online_Store,2024-10-28,ERROR,ERROR,ERROR,ERROR
Tron-o-matic 1 Pro,Online_Store,2024-10-29,ERROR,ERROR,ERROR,ERROR
Tron-o-matic 1 Pro,Online_Store,2024-10-30,ERROR,ERROR,ERROR,ERROR
Tron-o-matic 1 Pro,Online_Store,2024-10-31,ERROR,ERROR,ERROR,ERROR
Tron-o-matic 1 Pro,Online_Store,2024-11-01,ERROR,ERROR,ERROR,ERROR
Tron-o-matic 1 Pro,Online_Store,2024-11-02,ERROR,ERROR,ERROR,ERROR
Tron-o-matic 1 Pro,Online_Store,2024-11-03,ERROR,ERROR,ERROR,ERROR
Tron-o-matic 1 Pro,Online_Store,2024-11-04,ERROR,ERROR,ERROR,ERROR
Tron-o-matic 1 Pro,Online_Store,2024-11-05,ERROR,ERROR,ERROR,ERROR
Tron-o-matic 1 Pro,Online_Store,2024-11-06,ERROR,ERROR,ERROR,ERROR
Tron-o-matic 1 Pro,Online_Store,2024-11-07,ERROR,ERROR,ERROR,ERROR
Tron-o-matic 1 Pro,Online_Store,2024-11-08,ERROR,ERROR,ERROR,ERROR
Tron-o-matic 1 Pro,Online_Store,2024-11-09,ERROR,ERROR,ERROR,ERROR
Tron-o-matic 1 Pro,Online_Store,2024-11-10,ERROR,ERROR,ERROR,ERROR
Tron-o-matic 1 Pro,Online_Store,2024-11-11,ERROR,ERROR,ERROR,ERROR
Tron-o-matic 1 Pro,Online_Store,2024-11-12,ERROR,ERROR,ERROR,ERROR
Tron-o-matic 1 Pro,Online_Store,2024-11-13,ERROR,ERROR,ERROR,ERROR
Tron-o-matic 1 Pro,Online_Store,2024-11-14,ERROR,ERROR,ERROR,ERROR
Tron-o-matic 1 Pro,Online_Store,2024-11-15,ERROR,ERROR,ERROR,ERROR
Tron-o-matic 1 Pro,Online_Store,2024-11-16,ERROR,ERROR,ERROR,ERROR
Tron-o-matic 1 Pro,Online_Store,2024-11-17,ERROR,ERROR,ERROR,ERROR
Tron-o-matic 1 Pro,Online_Store,2024-11-18,ERROR,ERROR,ERROR,ERROR
Tron-o-matic 1 Pro,Online_Store,2024-11-19,ERROR,ERROR,ERROR,ERROR
Tron-o-matic 1 Pro,Online_Store,2024-11-20,ERROR,ERROR,ERROR,ERROR
Tron-o-matic 1 Pro,Online_Store,2024-11-21,ERROR,ERROR,ERROR,ERROR
Tron-o-matic 1 Pro,Online_Store,2024-11-22,ERROR,ERROR,ERROR,ERROR
Tron-o-matic 1 Pro,Online_Store,2024-11-23,ERROR,ERROR,ERROR,ERROR
Tron-o-matic 1 Pro,Online_Store,2024-11-24,ERROR,ERROR,ERROR,ERROR
Tron-o-matic 1 Pro,Online_Store,2024-11-25,ERROR,ERROR,ERROR,ERROR
Tron-o-matic 1 Pro,Online_Store,2024-11-26,ERROR,ERROR,ERROR,ERROR
Tron-o-matic 1 Pro,Online_Store,2024-11-27,ERROR,ERROR,ERROR,ERROR
Tron-o-matic 1 Pro,Online_Store,2024-11-28,ERROR,ERROR,ERROR,ERROR
Tron-o-matic 1 Pro,Online_Store,2024-11-29,ERROR,ERROR,ERROR,ERROR
Tron-o-matic 1 Pro,Online_Store,2024-11-30,ERROR,ERROR,ERROR,ERROR
Tron-o-matic 1 Pro,Online_Store,2024-12-01,ERROR,ERROR,ERROR,ERROR
Tron-o-matic 1 Pro,Online_Store,2024-12-02,ERROR,ERROR,ERROR,ERROR
Tron-o-matic 1 Pro,Online_Store,2024-12-03,ERROR,ERROR,ERROR,ERROR
Tron-o-matic 1 Pro,Online_Store,2024-12-04,ERROR,ERROR,ERROR,ERROR
Tron-o-matic 1 Pro,Online_Store,2024-12-05,ERROR,ERROR,ERROR,ERROR
Tron-o-matic 1 Pro,Online_Store,2024-12-06,ERROR,ERROR,ERROR,ERROR
Tron-o-matic 1 Pro,Online_Store,2024-12-07,ERROR,ERROR,ERROR,ERROR
Tron-o-matic 1 Pro,Online_Store,2024-12-08,ERROR,ERROR,ERROR,ERROR
Tron-o-matic 1 Pro,Online_Store,2024-12-09,ERROR,ERROR,ERROR,ERROR
Tron-o-matic 1 Pro,Online_Store,2024-12-10,ERROR,ERROR,ERROR,ERROR
Tron-o-matic 1 Pro,Online_Store,2024-12-11,ERROR,ERROR,ERROR,ERROR
Tron-o-matic 1 Pro,Online_Store,2024-12-12,ERROR,ERROR,ERROR,ERROR
Tron-o-matic 1 Pro,Online_Store,2024-12-13,ERROR,ERROR,ERROR,ERROR
Tron-o-matic 1 Pro,Online_Store,2024-12-14,ERROR,ERROR,ERROR,ERROR
Tron-o-matic 1 Pro,Online_Store,2024-12-15,ERROR,ERROR,ERROR,ERROR
Tron-o-matic 1 Pro,Online_Store,2024-12-16,ERROR,ERROR,ERROR,ERROR
Tron-o-matic 1 Pro,Online_Store,2024-12-17,ERROR,ERROR,ERROR,ERROR
Tron-o-matic 1 Pro,Online_Store,2024-12-18,ERROR,ERROR,ERROR,ERROR
Tron-o-matic 1 Pro,Online_Store,2024-12-19,ERROR,ERROR,ERROR,ERROR
Tron-o-matic 1 Pro,Online_Store,2024-12-20,ERROR,ERROR,ERROR,ERROR
Tron-o-matic 1 Pro,Online_Store,2024-12-21,ERROR,ERROR,ERROR,ERROR
Tron-o-matic 1 Pro,Online_Store,2024-12-22,ERROR,ERROR,ERROR,ERROR
Tron-o-matic 1 Pro,Online_Store,2024-12-23,ERROR,ERROR,ERROR,ERROR
Tron-o-matic 1 Pro,Online_Store,2024-12-24,ERROR,ERROR,ERROR,ERROR
Tron-o-matic 1 Pro,Online_Store,2024-12-25,ERROR,ERROR,ERROR,ERROR
Tron-o-matic 1 Pro,Online_Store,2024-12-26,ERROR,ERROR,ERROR,ERROR
Tron-o-matic 1 Pro,Online_Store,2024-12-27,ERROR,ERROR,ERROR,ERROR
Tron-o-matic 1 Pro,Online_Store,2024-12-28,ERROR,ERROR,ERROR,ERROR
Tron-o-matic 1 Pro,Online_Store,2024-12-29,ERROR,ERROR,ERROR,ERROR
Tron-o-matic 1 Pro,Online_Store,2024-12-30,ERROR,ERROR,ERROR,ERROR
Tron-o-matic 1 Pro,Online_Store,2024-12-31,ERROR,ERROR,ERROR,ERROR
Tron-o-matic 1,NewYork_02,2024-10-01,ERROR,ERROR,ERROR,ERROR
Tron-o-matic 1,NewYork_02,2024-10-02,ERROR,ERROR,ERROR,ERROR
Tron-o-matic 1,NewYork_02,2024-10-03,ERROR,ERROR,ERROR,ERROR
Tron-o-matic 1,NewYork_02,2024-10-04,ERROR,ERROR,ERROR,ERROR
Tron-o-matic 1,NewYork_02,2024-10-05,ERROR,ERROR,ERROR,ERROR
Tron-o-matic 1,NewYork_02,2024-10-06,ERROR,ERROR,ERROR,ERROR
Tron-o-matic 1,NewYork_02,2024-10-07,ERROR,ERROR,ERROR,ERROR
Tron-o-matic 1,NewYork_02,2024-10-08,ERROR,ERROR,ERROR,ERROR
Tron-o-matic 1,NewYork_02,2024-10-09,ERROR,ERROR,ERROR,ERROR
Tron-o-matic 1,NewYork_02,2024-10-10,ERROR,ERROR,ERROR,ERROR
Tron-o-matic 1,NewYork_02,2024-10-11,ERROR,ERROR,ERROR,ERROR
Tron-o-matic 1,NewYork_02,2024-10-12,ERROR,ERROR,ERROR,ERROR
Tron-o-matic 1,NewYork_02,2024-10-13,ERROR,ERROR,ERROR,ERROR
Tron-o-matic 1,NewYork_02,2024-10-14,ERROR,ERROR,ERROR,ERROR
Tron-o-matic 1,NewYork_02,2024-10-15,ERROR,ERROR,ERROR,ERROR
Tron-o-matic 1,NewYork_02,2024-10-16,ERROR,ERROR,ERROR,ERROR
Tron-o-matic 1,NewYork_02,2024-10-17,ERROR,ERROR,ERROR,ERROR
Tron-o-matic 1,NewYork_02,2024-10-18,ERROR,ERROR,ERROR,ERROR
Tron-o-matic 1,NewYork_02,2024-10-19,ERROR,ERROR,ERROR,ERROR
Tron-o-matic 1,NewYork_02,2024-10-20,ERROR,ERROR,ERROR,ERROR
Tron-o-matic 1,NewYork_02,2024-10-21,ERROR,ERROR,ERROR,ERROR
Tron-o-matic 1,NewYork_02,2024-10-22,ERROR,ERROR,ERROR,ERROR
Tron-o-matic 1,NewYork_02,2024-10-23,ERROR,ERROR,ERROR,ERROR
Tron-o-matic 1,NewYork_02,2024-10-24,ERROR,ERROR,ERROR,ERROR
Tron-o-matic 1,NewYork_02,2024-10-25,ERROR,ERROR,ERROR,ERROR
Tron-o-matic 1,NewYork_02,2024-10-26,ERROR,ERROR,ERROR,ERROR
Tron-o-matic 1,NewYork_02,2024-10-27,ERROR,ERROR,ERROR,ERROR
Tron-o-matic 1,NewYork_02,2024-10-28,ERROR,ERROR,ERROR,ERROR
Tron-o-matic 1,NewYork_02,2024-10-29,ERROR,ERROR,ERROR,ERROR
Tron-o-matic 1,NewYork_02,2024-10-30,ERROR,ERROR,ERROR,ERROR
Tron-o-matic 1,NewYork_02,2024-10-31,ERROR,ERROR,ERROR,ERROR
Tron-o-matic 1,NewYork_02,2024-11-01,ERROR,ERROR,ERROR,ERROR
Tron-o-matic 1,NewYork_02,2024-11-02,ERROR,ERROR,ERROR,ERROR
Tron-o-matic 1,NewYork_02,2024-11-03,ERROR,ERROR,ERROR,ERROR
Tron-o-matic 1,NewYork_02,2024-11-04,ERROR,ERROR,ERROR,ERROR
Tron-o-matic 1,NewYork_02,2024-11-05,ERROR,ERROR,ERROR,ERROR
Tron-o-matic 1,NewYork_02,2024-11-06,ERROR,ERROR,ERROR,ERROR
Tron-o-matic 1,NewYork_02,2024-11-07,ERROR,ERROR,ERROR,ERROR
Tron-o-matic 1,NewYork_02,2024-11-08,ERROR,ERROR,ERROR,ERROR
Tron-o-matic 1,NewYork_02,2024-11-09,ERROR,ERROR,ERROR,ERROR
Tron-o-matic 1,NewYork_02,2024-11-10,ERROR,ERROR,ERROR,ERROR
Tron-o-matic 1,NewYork_02,2024-11-11,ERROR,ERROR,ERROR,ERROR
Tron-o-matic 1,NewYork_02,2024-11-12,ERROR,ERROR,ERROR,ERROR
Tron-o-matic 1,NewYork_02,2024-11-13,ERROR,ERROR,ERROR,ERROR
Tron-o-matic 1,NewYork_02,2024-11-14,ERROR,ERROR,ERROR,ERROR
Tron-o-matic 1,NewYork_02,2024-11-15,ERROR,ERROR,ERROR,ERROR
Tron-o-matic 1,NewYork_02,2024-11-16,ERROR,ERROR,ERROR,ERROR
Tron-o-matic 1,NewYork_02,2024-11-17,ERROR,ERROR,ERROR,ERROR
Tron-o-matic 1,NewYork_02,2024-11-18,ERROR,ERROR,ERROR,ERROR
Tron-o-matic 1,NewYork_02,2024-11-19,ERROR,ERROR,ERROR,ERROR
Tron-o-matic 1,NewYork_02,2024-11-20,ERROR,ERROR,ERROR,ERROR
Tron-o-matic 1,NewYork_02,2024-11-21,ERROR,ERROR,ERROR,ERROR
Tron-o-matic 1,NewYork_02,2024-11-22,ERROR,ERROR,ERROR,ERROR
Tron-o-matic 1,NewYork_02,2024-11-23,ERROR,ERROR,ERROR,ERROR
Tron-o-matic 1,NewYork_02,2024-11-24,ERROR,ERROR,ERROR,ERROR
Tron-o-matic 1,NewYork_02,2024-11-25,ERROR,ERROR,ERROR,ERROR
Tron-o-matic 1,NewYork_02,2024-11-26,ERROR,ERROR,ERROR,ERROR
Tron-o-matic 1,NewYork_02,2024-11-27,ERROR,ERROR,ERROR,ERROR
Tron-o-matic 1,NewYork_02,2024-11-28,ERROR,ERROR,ERROR,ERROR
Tron-o-matic 1,NewYork_02,2024-11-29,ERROR,ERROR,ERROR,ERROR
Tron-o-matic 1,NewYork_02,2024-11-30,ERROR,ERROR,ERROR,ERROR
Tron-o-matic 1,NewYork_02,2024-12-01,ERROR,ERROR,ERROR,ERROR
Tron-o-matic 1,NewYork_02,2024-12-02,ERROR,ERROR,ERROR,ERROR
Tron-o-matic 1,NewYork_02,2024-12-03,ERROR,ERROR,ERROR,ERROR
Tron-o-matic 1,NewYork_02,2024-12-04,ERROR,ERROR,ERROR,ERROR
Tron-o-matic 1,NewYork_02,2024-12-05,ERROR,ERROR,ERROR,ERROR
Tron-o-matic 1,NewYork_02,2024-12-06,ERROR,ERROR,ERROR,ERROR
Tron-o-matic 1,NewYork_02,2024-12-07,ERROR,ERROR,ERROR,ERROR
Tron-o-matic 1,NewYork_02,2024-12-08,ERROR,ERROR,ERROR,ERROR
Tron-o-matic 1,NewYork_02,2024-12-09,ERROR,ERROR,ERROR,ERROR
Tron-o-matic 1,NewYork_02,2024-12-10,ERROR,ERROR,ERROR,ERROR
Tron-o-matic 1,NewYork_02,2024-12-11,ERROR,ERROR,ERROR,ERROR
Tron-o-matic 1,NewYork_02,2024-12-12,ERROR,ERROR,ERROR,ERROR
Tron-o-matic 1,NewYork_02,2024-12-13,ERROR,ERROR,ERROR,ERROR
Tron-o-matic 1,NewYork_02,2024-12-14,ERROR,ERROR,ERROR,ERROR
Tron-o-matic 1,NewYork_02,2024-12-15,ERROR,ERROR,ERROR,ERROR
Tron-o-matic 1,NewYork_02,2024-12-16,ERROR,ERROR,ERROR,ERROR
Tron-o-matic 1,NewYork_02,2024-12-17,ERROR,ERROR,ERROR,ERROR
Tron-o-matic 1,NewYork_02,2024-12-18,ERROR,ERROR,ERROR,ERROR
Tron-o-matic 1,NewYork_02,2024-12-19,ERROR,ERROR,ERROR,ERROR
Tron-o-matic 1,NewYork_02,2024-12-20,ERROR,ERROR,ERROR,ERROR
Tron-o-matic 1,NewYork_02,2024-12-21,ERROR,ERROR,ERROR,ERROR
Tron-o-matic 1,NewYork_02,2024-12-22,ERROR,ERROR,ERROR,ERROR
Tron-o-matic 1,NewYork_02,2024-12-23,ERROR,ERROR,ERROR,ERROR
Tron-o-matic 1,NewYork_02,2024-12-24,ERROR,ERROR,ERROR,ERROR
Tron-o-matic 1,NewYork_02,2024-12-25,ERROR,ERROR,ERROR,ERROR
Tron-o-matic 1,NewYork_02,2024-12-26,ERROR,ERROR,ERROR,ERROR
Tron-o-matic 1,NewYork_02,2024-12-27,ERROR,ERROR,ERROR,ERROR
Tron-o-matic 1,NewYork_02,2024-12-28,ERROR,ERROR,ERROR,ERROR
Tron-o-matic 1,NewYork_02,2024-12-29,ERROR,ERROR,ERROR,ERROR
Tron-o-matic 1,NewYork_02,2024-12-30,ERROR,ERROR,ERROR,ERROR
Tron-o-matic 1,NewYork_02,2024-12-31,ERROR,ERROR,ERROR,ERROR
Tron-o-matic 1,Chicago_01,2024-10-01,ERROR,ERROR,ERROR,ERROR
Tron-o-matic 1,Chicago_01,2024-10-02,ERROR,ERROR,ERROR,ERROR
Tron-o-matic 1,Chicago_01,2024-10-03,ERROR,ERROR,ERROR,ERROR
Tron-o-matic 1,Chicago_01,2024-10-04,ERROR,ERROR,ERROR,ERROR
Tron-o-matic 1,Chicago_01,2024-10-05,ERROR,ERROR,ERROR,ERROR
Tron-o-matic 1,Chicago_01,2024-10-06,ERROR,ERROR,ERROR,ERROR
Tron-o-matic 1,Chicago_01,2024-10-07,ERROR,ERROR,ERROR,ERROR
Tron-o-matic 1,Chicago_01,2024-10-08,ERROR,ERROR,ERROR,ERROR
Tron-o-matic 1,Chicago_01,2024-10-09,ERROR,ERROR,ERROR,ERROR
Tron-o-matic 1,Chicago_01,2024-10-10,ERROR,ERROR,ERROR,ERROR
Tron-o-matic 1,Chicago_01,2024-10-11,ERROR,ERROR,ERROR,ERROR
Tron-o-matic 1,Chicago_01,2024-10-12,ERROR,ERROR,ERROR,ERROR
Tron-o-matic 1,Chicago_01,2024-10-13,ERROR,ERROR,ERROR,ERROR
Tron-o-matic 1,Chicago_01,2024-10-14,ERROR,ERROR,ERROR,ERROR
Tron-o-matic 1,Chicago_01,2024-10-15,ERROR,ERROR,ERROR,ERROR
Tron-o-matic 1,Chicago_01,2024-10-16,ERROR,ERROR,ERROR,ERROR
Tron-o-matic 1,Chicago_01,2024-10-17,ERROR,ERROR,ERROR,ERROR
Tron-o-matic 1,Chicago_01,2024-10-18,ERROR,ERROR,ERROR,ERROR
Tron-o-matic 1,Chicago_01,2024-10-19,ERROR,ERROR,ERROR,ERROR
Tron-o-matic 1,Chicago_01,2024-10-20,ERROR,ERROR,ERROR,ERROR
Tron-o-matic 1,Chicago_01,2024-10-21,ERROR,ERROR,ERROR,ERROR
Tron-o-matic 1,Chicago_01,2024-10-22,ERROR,ERROR,ERROR,ERROR
Tron-o-matic 1,Chicago_01,2024-10-23,ERROR,ERROR,ERROR,ERROR
Tron-o-matic 1,Chicago_01,2024-10-24,ERROR,ERROR,ERROR,ERROR
Tron-o-matic 1,Chicago_01,2024-10-25,ERROR,ERROR,ERROR,ERROR
Tron-o-matic 1,Chicago_01,2024-10-26,ERROR,ERROR,ERROR,ERROR
Tron-o-matic 1,Chicago_01,2024-10-27,ERROR,ERROR,ERROR,ERROR
Tron-o-matic 1,Chicago_01,2024-10-28,ERROR,ERROR,ERROR,ERROR
Tron-o-matic 1,Chicago_01,2024-10-29,ERROR,ERROR,ERROR,ERROR
Tron-o-matic 1,Chicago_01,2024-10-30,ERROR,ERROR,ERROR,ERROR
Tron-o-matic 1,Chicago_01,2024-10-31,ERROR,ERROR,ERROR,ERROR
Tron-o-matic 1,Chicago_01,2024-11-01,ERROR,ERROR,ERROR,ERROR
Tron-o-matic 1,Chicago_01,2024-11-02,ERROR,ERROR,ERROR,ERROR
Tron-o-matic 1,Chicago_01,2024-11-03,ERROR,ERROR,ERROR,ERROR
Tron-o-matic 1,Chicago_01,2024-11-04,ERROR,ERROR,ERROR,ERROR
Tron-o-matic 1,Chicago_01,2024-11-05,ERROR,ERROR,ERROR,ERROR
Tron-o-matic 1,Chicago_01,2024-11-06,ERROR,ERROR,ERROR,ERROR
Tron-o-matic 1,Chicago_01,2024-11-07,ERROR,ERROR,ERROR,ERROR
Tron-o-matic 1,Chicago_01,2024-11-08,ERROR,ERROR,ERROR,ERROR
Tron-o-matic 1,Chicago_01,2024-11-09,ERROR,ERROR,ERROR,ERROR
Tron-o-matic 1,Chicago_01,2024-11-10,ERROR,ERROR,ERROR,ERROR
Tron-o-matic 1,Chicago_01,2024-11-11,ERROR,ERROR,ERROR,ERROR
Tron-o-matic 1,Chicago_01,2024-11-12,ERROR,ERROR,ERROR,ERROR
Tron-o-matic 1,Chicago_01,2024-11-13,ERROR,ERROR,ERROR,ERROR
Tron-o-matic 1,Chicago_01,2024-11-14,ERROR,ERROR,ERROR,ERROR
Tron-o-matic 1,Chicago_01,2024-11-15,ERROR,ERROR,ERROR,ERROR
Tron-o-matic 1,Chicago_01,2024-11-16,ERROR,ERROR,ERROR,ERROR
Tron-o-matic 1,Chicago_01,2024-11-17,ERROR,ERROR,ERROR,ERROR
Tron-o-matic 1,Chicago_01,2024-11-18,ERROR,ERROR,ERROR,ERROR
Tron-o-matic 1,Chicago_01,2024-11-19,ERROR,ERROR,ERROR,ERROR
Tron-o-matic 1,Chicago_01,2024-11-20,ERROR,ERROR,ERROR,ERROR
Tron-o-matic 1,Chicago_01,2024-11-21,ERROR,ERROR,ERROR,ERROR
Tron-o-matic 1,Chicago_01,2024-11-22,ERROR,ERROR,ERROR,ERROR
Tron-o-matic 1,Chicago_01,2024-11-23,ERROR,ERROR,ERROR,ERROR
Tron-o-matic 1,Chicago_01,2024-11-24,ERROR,ERROR,ERROR,ERROR
Tron-o-matic 1,Chicago_01,2024-11-25,ERROR,ERROR,ERROR,ERROR
Tron-o-matic 1,Chicago_01,2024-11-26,ERROR,ERROR,ERROR,ERROR
Tron-o-matic 1,Chicago_01,2024-11-27,ERROR,ERROR,ERROR,ERROR
Tron-o-matic 1,Chicago_01,2024-11-28,ERROR,ERROR,ERROR,ERROR
Tron-o-matic 1,Chicago_01,2024-11-29,ERROR,ERROR,ERROR,ERROR
Tron-o-matic 1,Chicago_01,2024-11-30,ERROR,ERROR,ERROR,ERROR
Tron-o-matic 1,Chicago_01,2024-12-01,ERROR,ERROR,ERROR,ERROR
Tron-o-matic 1,Chicago_01,2024-12-02,ERROR,ERROR,ERROR,ERROR
Tron-o-matic 1,Chicago_01,2024-12-03,ERROR,ERROR,ERROR,ERROR
Tron-o-matic 1,Chicago_01,2024-12-04,ERROR,ERROR,ERROR,ERROR
Tron-o-matic 1,Chicago_01,2024-12-05,ERROR,ERROR,ERROR,ERROR
Tron-o-matic 1,Chicago_01,2024-12-06,ERROR,ERROR,ERROR,ERROR
Tron-o-matic 1,Chicago_01,2024-12-07,ERROR,ERROR,ERROR,ERROR
Tron-o-matic 1,Chicago_01,2024-12-08,ERROR,ERROR,ERROR,ERROR
Tron-o-matic 1,Chicago_01,2024-12-09,ERROR,ERROR,ERROR,ERROR
Tron-o-matic 1,Chicago_01,2024-12-10,ERROR,ERROR,ERROR,ERROR
Tron-o-matic 1,Chicago_01,2024-12-11,ERROR,ERROR,ERROR,ERROR
Tron-o-matic 1,Chicago_01,2024-12-12,ERROR,ERROR,ERROR,ERROR
Tron-o-matic 1,Chicago_01,2024-12-13,ERROR,ERROR,ERROR,ERROR
Tron-o-matic 1,Chicago_01,2024-12-14,ERROR,ERROR,ERROR,ERROR
Tron-o-matic 1,Chicago_01,2024-12-15,ERROR,ERROR,ERROR,ERROR
Tron-o-matic 1,Chicago_01,2024-12-16,ERROR,ERROR,ERROR,ERROR
Tron-o-matic 1,Chicago_01,2024-12-17,ERROR,ERROR,ERROR,ERROR
Tron-o-matic 1,Chicago_01,2024-12-18,ERROR,ERROR,ERROR,ERROR
Tron-o-matic 1,Chicago_01,2024-12-19,ERROR,ERROR,ERROR,ERROR
Tron-o-matic 1,Chicago_01,2024-12-20,ERROR,ERROR,ERROR,ERROR
Tron-o-matic 1,Chicago_01,2024-12-21,ERROR,ERROR,ERROR,ERROR
Tron-o-matic 1,Chicago_01,2024-12-22,ERROR,ERROR,ERROR,ERROR
Tron-o-matic 1,Chicago_01,2024-12-23,ERROR,ERROR,ERROR,ERROR
Tron-o-matic 1,Chicago_01,2024-12-24,ERROR,ERROR,ERROR,ERROR
Tron-o-matic 1,Chicago_01,2024-12-25,ERROR,ERROR,ERROR,ERROR
Tron-o-matic 1,Chicago_01,2024-12-26,ERROR,ERROR,ERROR,ERROR
Tron-o-matic 1,Chicago_01,2024-12-27,ERROR,ERROR,ERROR,ERROR
Tron-o-matic 1,Chicago_01,2024-12-28,ERROR,ERROR,ERROR,ERROR
Tron-o-matic 1,Chicago_01,2024-12-29,ERROR,ERROR,ERROR,ERROR
Tron-o-matic 1,Chicago_01,2024-12-30,ERROR,ERROR,ERROR,ERROR
Tron-o-matic 1,Chicago_01,2024-12-31,ERROR,ERROR,ERROR,ERROR
Tron-o-matic 1,Dallas_01,2024-10-01,ERROR,ERROR,ERROR,ERROR
Tron-o-matic 1,Dallas_01,2024-10-02,ERROR,ERROR,ERROR,ERROR
Tron-o-matic 1,Dallas_01,2024-10-03,ERROR,ERROR,ERROR,ERROR
Tron-o-matic 1,Dallas_01,2024-10-04,ERROR,ERROR,ERROR,ERROR
Tron-o-matic 1,Dallas_01,2024-10-05,ERROR,ERROR,ERROR,ERROR
Tron-o-matic 1,Dallas_01,2024-10-06,ERROR,ERROR,ERROR,ERROR
Tron-o-matic 1,Dallas_01,2024-10-07,ERROR,ERROR,ERROR,ERROR
Tron-o-matic 1,Dallas_01,2024-10-08,ERROR,ERROR,ERROR,ERROR
Tron-o-matic 1,Dallas_01,2024-10-09,ERROR,ERROR,ERROR,ERROR
Tron-o-matic 1,Dallas_01,2024-10-10,ERROR,ERROR,ERROR,ERROR
Tron-o-matic 1,Dallas_01,2024-10-11,ERROR,ERROR,ERROR,ERROR
Tron-o-matic 1,Dallas_01,2024-10-12,ERROR,ERROR,ERROR,ERROR
Tron-o-matic 1,Dallas_01,2024-10-13,ERROR,ERROR,ERROR,ERROR
Tron-o-matic 1,Dallas_01,2024-10-14,ERROR,ERROR,ERROR,ERROR
Tron-o-matic 1,Dallas_01,2024-10-15,ERROR,ERROR,ERROR,ERROR
Tron-o-matic 1,Dallas_01,2024-10-16,ERROR,ERROR,ERROR,ERROR
Tron-o-matic 1,Dallas_01,2024-10-17,ERROR,ERROR,ERROR,ERROR
Tron-o-matic 1,Dallas_01,2024-10-18,ERROR,ERROR,ERROR,ERROR
Tron-o-matic 1,Dallas_01,2024-10-19,ERROR,ERROR,ERROR,ERROR
Tron-o-matic 1,Dallas_01,2024-10-20,ERROR,ERROR,ERROR,ERROR
Tron-o-matic 1,Dallas_01,2024-10-21,ERROR,ERROR,ERROR,ERROR
Tron-o-matic 1,Dallas_01,2024-10-22,ERROR,ERROR,ERROR,ERROR
Tron-o-matic 1,Dallas_01,2024-10-23,ERROR,ERROR,ERROR,ERROR
Tron-o-matic 1,Dallas_01,2024-10-24,ERROR,ERROR,ERROR,ERROR
Tron-o-matic 1,Dallas_01,2024-10-25,ERROR,ERROR,ERROR,ERROR
Tron-o-matic 1,Dallas_01,2024-10-26,ERROR,ERROR,ERROR,ERROR
Tron-o-matic 1,Dallas_01,2024-10-27,ERROR,ERROR,ERROR,ERROR
Tron-o-matic 1,Dallas_01,2024-10-28,ERROR,ERROR,ERROR,ERROR
Tron-o-matic 1,Dallas_01,2024-10-29,ERROR,ERROR,ERROR,ERROR
Tron-o-matic 1,Dallas_01,2024-10-30,ERROR,ERROR,ERROR,ERROR
Tron-o-matic 1,Dallas_01,2024-10-31,ERROR,ERROR,ERROR,ERROR
Tron-o-matic 1,Dallas_01,2024-11-01,ERROR,ERROR,ERROR,ERROR
Tron-o-matic 1,Dallas_01,2024-11-02,ERROR,ERROR,ERROR,ERROR
Tron-o-matic 1,Dallas_01,2024-11-03,ERROR,ERROR,ERROR,ERROR
Tron-o-matic 1,Dallas_01,2024-11-04,ERROR,ERROR,ERROR,ERROR
Tron-o-matic 1,Dallas_01,2024-11-05,ERROR,ERROR,ERROR,ERROR
Tron-o-matic 1,Dallas_01,2024-11-06,ERROR,ERROR,ERROR,ERROR
Tron-o-matic 1,Dallas_01,2024-11-07,ERROR,ERROR,ERROR,ERROR
Tron-o-matic 1,Dallas_01,2024-11-08,ERROR,ERROR,ERROR,ERROR
Tron-o-matic 1,Dallas_01,2024-11-09,ERROR,ERROR,ERROR,ERROR
Tron-o-matic 1,Dallas_01,2024-11-10,ERROR,ERROR,ERROR,ERROR
Tron-o-matic 1,Dallas_01,2024-11-11,ERROR,ERROR,ERROR,ERROR
Tron-o-matic 1,Dallas_01,2024-11-12,ERROR,ERROR,ERROR,ERROR
Tron-o-matic 1,Dallas_01,2024-11-13,ERROR,ERROR,ERROR,ERROR
Tron-o-matic 1,Dallas_01,2024-11-14,ERROR,ERROR,ERROR,ERROR
Tron-o-matic 1,Dallas_01,2024-11-15,ERROR,ERROR,ERROR,ERROR
Tron-o-matic 1,Dallas_01,2024-11-16,ERROR,ERROR,ERROR,ERROR
Tron-o-matic 1,Dallas_01,2024-11-17,ERROR,ERROR,ERROR,ERROR
Tron-o-matic 1,Dallas_01,2024-11-18,ERROR,ERROR,ERROR,ERROR
Tron-o-matic 1,Dallas_01,2024-11-19,ERROR,ERROR,ERROR,ERROR
Tron-o-matic 1,Dallas_01,2024-11-20,ERROR,ERROR,ERROR,ERROR
Tron-o-matic 1,Dallas_01,2024-11-21,ERROR,ERROR,ERROR,ERROR
Tron-o-matic 1,Dallas_01,2024-11-22,ERROR,ERROR,ERROR,ERROR
Tron-o-matic 1,Dallas_01,2024-11-23,ERROR,ERROR,ERROR,ERROR
Tron-o-matic 1,Dallas_01,2024-11-24,ERROR,ERROR,ERROR,ERROR
Tron-o-matic 1,Dallas_01,2024-11-25,ERROR,ERROR,ERROR,ERROR
Tron-o-matic 1,Dallas_01,2024-11-26,ERROR,ERROR,ERROR,ERROR
Tron-o-matic 1,Dallas_01,2024-11-27,ERROR,ERROR,ERROR,ERROR
Tron-o-matic 1,Dallas_01,2024-11-28,ERROR,ERROR,ERROR,ERROR
Tron-o-matic 1,Dallas_01,2024-11-29,ERROR,ERROR,ERROR,ERROR
Tron-o-matic 1,Dallas_01,2024-11-30,ERROR,ERROR,ERROR,ERROR
Tron-o-matic 1,Dallas_01,2024-12-01,ERROR,ERROR,ERROR,ERROR
Tron-o-matic 1,Dallas_01,2024-12-02,ERROR,ERROR,ERROR,ERROR
Tron-o-matic 1,Dallas_01,2024-12-03,ERROR,ERROR,ERROR,ERROR
Tron-o-matic 1,Dallas_01,2024-12-04,ERROR,ERROR,ERROR,ERROR
Tron-o-matic 1,Dallas_01,2024-12-05,ERROR,ERROR,ERROR,ERROR
Tron-o-matic 1,Dallas_01,2024-12-06,ERROR,ERROR,ERROR,ERROR
Tron-o-matic 1,Dallas_01,2024-12-07,ERROR,ERROR,ERROR,ERROR
Tron-o-matic 1,Dallas_01,2024-12-08,ERROR,ERROR,ERROR,ERROR
Tron-o-matic 1,Dallas_01,2024-12-09,ERROR,ERROR,ERROR,ERROR
Tron-o-matic 1,Dallas_01,2024-12-10,ERROR,ERROR,ERROR,ERROR
Tron-o-matic 1,Dallas_01,2024-12-11,ERROR,ERROR,ERROR,ERROR
Tron-o-matic 1,Dallas_01,2024-12-12,ERROR,ERROR,ERROR,ERROR
Tron-o-matic 1,Dallas_01,2024-12-13,ERROR,ERROR,ERROR,ERROR
Tron-o-matic 1,Dallas_01,2024-12-14,ERROR,ERROR,ERROR,ERROR
Tron-o-matic 1,Dallas_01,2024-12-15,ERROR,ERROR,ERROR,ERROR
Tron-o-matic 1,Dallas_01,2024-12-16,ERROR,ERROR,ERROR,ERROR
Tron-o-matic 1,Dallas_01,2024-12-17,ERROR,ERROR,ERROR,ERROR
Tron-o-matic 1,Dallas_01,2024-12-18,ERROR,ERROR,ERROR,ERROR
Tron-o-matic 1,Dallas_01,2024-12-19,ERROR,ERROR,ERROR,ERROR
Tron-o-matic 1,Dallas_01,2024-12-20,ERROR,ERROR,ERROR,ERROR
Tron-o-matic 1,Dallas_01,2024-12-21,ERROR,ERROR,ERROR,ERROR
Tron-o-matic 1,Dallas_01,2024-12-22,ERROR,ERROR,ERROR,ERROR
Tron-o-matic 1,Dallas_01,2024-12-23,ERROR,ERROR,ERROR,ERROR
Tron-o-matic 1,Dallas_01,2024-12-24,ERROR,ERROR,ERROR,ERROR
Tron-o-matic 1,Dallas_01,2024-12-25,ERROR,ERROR,ERROR,ERROR
Tron-o-matic 1,Dallas_01,2024-12-26,ERROR,ERROR,ERROR,ERROR
Tron-o-matic 1,Dallas_01,2024-12-27,ERROR,ERROR,ERROR,ERROR
Tron-o-matic 1,Dallas_01,2024-12-28,ERROR,ERROR,ERROR,ERROR
Tron-o-matic 1,Dallas_01,2024-12-29,ERROR,ERROR,ERROR,ERROR
Tron-o-matic 1,Dallas_01,2024-12-30,ERROR,ERROR,ERROR,ERROR
Tron-o-matic 1,Dallas_01,2024-12-31,ERROR,ERROR,ERROR,ERROR
Tron-o-matic 1,LosAngeles_01,2024-10-01,ERROR,ERROR,ERROR,ERROR
Tron-o-matic 1,LosAngeles_01,2024-10-02,ERROR,ERROR,ERROR,ERROR
Tron-o-matic 1,LosAngeles_01,2024-10-03,ERROR,ERROR,ERROR,ERROR
Tron-o-matic 1,LosAngeles_01,2024-10-04,ERROR,ERROR,ERROR,ERROR
Tron-o-matic 1,LosAngeles_01,2024-10-05,ERROR,ERROR,ERROR,ERROR
Tron-o-matic 1,LosAngeles_01,2024-10-06,ERROR,ERROR,ERROR,ERROR
Tron-o-matic 1,LosAngeles_01,2024-10-07,ERROR,ERROR,ERROR,ERROR
Tron-o-matic 1,LosAngeles_01,2024-10-08,ERROR,ERROR,ERROR,ERROR
Tron-o-matic 1,LosAngeles_01,2024-10-09,ERROR,ERROR,ERROR,ERROR
Tron-o-matic 1,LosAngeles_01,2024-10-10,ERROR,ERROR,ERROR,ERROR
Tron-o-matic 1,LosAngeles_01,2024-10-11,ERROR,ERROR,ERROR,ERROR
Tron-o-matic 1,LosAngeles_01,2024-10-12,ERROR,ERROR,ERROR,ERROR
Tron-o-matic 1,LosAngeles_01,2024-10-13,ERROR,ERROR,ERROR,ERROR
Tron-o-matic 1,LosAngeles_01,2024-10-14,ERROR,ERROR,ERROR,ERROR
Tron-o-matic 1,LosAngeles_01,2024-10-15,ERROR,ERROR,ERROR,ERROR
Tron-o-matic 1,LosAngeles_01,2024-10-16,ERROR,ERROR,ERROR,ERROR
Tron-o-matic 1,LosAngeles_01,2024-10-17,ERROR,ERROR,ERROR,ERROR
Tron-o-matic 1,LosAngeles_01,2024-10-18,ERROR,ERROR,ERROR,ERROR
Tron-o-matic 1,LosAngeles_01,2024-10-19,ERROR,ERROR,ERROR,ERROR
Tron-o-matic 1,LosAngeles_01,2024-10-20,ERROR,ERROR,ERROR,ERROR
Tron-o-matic 1,LosAngeles_01,2024-10-21,ERROR,ERROR,ERROR,ERROR
Tron-o-matic 1,LosAngeles_01,2024-10-22,ERROR,ERROR,ERROR,ERROR
Tron-o-matic 1,LosAngeles_01,2024-10-23,ERROR,ERROR,ERROR,ERROR
Tron-o-matic 1,LosAngeles_01,2024-10-24,ERROR,ERROR,ERROR,ERROR
Tron-o-matic 1,LosAngeles_01,2024-10-25,ERROR,ERROR,ERROR,ERROR
Tron-o-matic 1,LosAngeles_01,2024-10-26,ERROR,ERROR,ERROR,ERROR
Tron-o-matic 1,LosAngeles_01,2024-10-27,ERROR,ERROR,ERROR,ERROR
Tron-o-matic 1,LosAngeles_01,2024-10-28,ERROR,ERROR,ERROR,ERROR
Tron-o-matic 1,LosAngeles_01,2024-10-29,ERROR,ERROR,ERROR,ERROR
Tron-o-matic 1,LosAngeles_01,2024-10-30,ERROR,ERROR,ERROR,ERROR
Tron-o-matic 1,LosAngeles_01,2024-10-31,ERROR,ERROR,ERROR,ERROR
Tron-o-matic 1,LosAngeles_01,2024-11-01,ERROR,ERROR,ERROR,ERROR
Tron-o-matic 1,LosAngeles_01,2024-11-02,ERROR,ERROR,ERROR,ERROR
Tron-o-matic 1,LosAngeles_01,2024-11-03,ERROR,ERROR,ERROR,ERROR
Tron-o-matic 1,LosAngeles_01,2024-11-04,ERROR,ERROR,ERROR,ERROR
Tron-o-matic 1,LosAngeles_01,2024-11-05,ERROR,ERROR,ERROR,ERROR
Tron-o-matic 1,LosAngeles_01,2024-11-06,ERROR,ERROR,ERROR,ERROR
Tron-o-matic 1,LosAngeles_01,2024-11-07,ERROR,ERROR,ERROR,ERROR
Tron-o-matic 1,LosAngeles_01,2024-11-08,ERROR,ERROR,ERROR,ERROR
Tron-o-matic 1,LosAngeles_01,2024-11-09,ERROR,ERROR,ERROR,ERROR
Tron-o-matic 1,LosAngeles_01,2024-11-10,ERROR,ERROR,ERROR,ERROR
Tron-o-matic 1,LosAngeles_01,2024-11-11,ERROR,ERROR,ERROR,ERROR
Tron-o-matic 1,LosAngeles_01,2024-11-12,ERROR,ERROR,ERROR,ERROR
Tron-o-matic 1,LosAngeles_01,2024-11-13,ERROR,ERROR,ERROR,ERROR
Tron-o-matic 1,LosAngeles_01,2024-11-14,ERROR,ERROR,ERROR,ERROR
Tron-o-matic 1,LosAngeles_01,2024-11-15,ERROR,ERROR,ERROR,ERROR
Tron-o-matic 1,LosAngeles_01,2024-11-16,ERROR,ERROR,ERROR,ERROR
Tron-o-matic 1,LosAngeles_01,2024-11-17,ERROR,ERROR,ERROR,ERROR
Tron-o-matic 1,LosAngeles_01,2024-11-18,ERROR,ERROR,ERROR,ERROR
Tron-o-matic 1,LosAngeles_01,2024-11-19,ERROR,ERROR,ERROR,ERROR
Tron-o-matic 1,LosAngeles_01,2024-11-20,ERROR,ERROR,ERROR,ERROR
Tron-o-matic 1,LosAngeles_01,2024-11-21,ERROR,ERROR,ERROR,ERROR
Tron-o-matic 1,LosAngeles_01,2024-11-22,ERROR,ERROR,ERROR,ERROR
Tron-o-matic 1,LosAngeles_01,2024-11-23,ERROR,ERROR,ERROR,ERROR
Tron-o-matic 1,LosAngeles_01,2024-11-24,ERROR,ERROR,ERROR,ERROR
Tron-o-matic 1,LosAngeles_01,2024-11-25,ERROR,ERROR,ERROR,ERROR
Tron-o-matic 1,LosAngeles_01,2024-11-26,ERROR,ERROR,ERROR,ERROR
Tron-o-matic 1,LosAngeles_01,2024-11-27,ERROR,ERROR,ERROR,ERROR
Tron-o-matic 1,LosAngeles_01,2024-11-28,ERROR,ERROR,ERROR,ERROR
Tron-o-matic 1,LosAngeles_01,2024-11-29,ERROR,ERROR,ERROR,ERROR
Tron-o-matic 1,LosAngeles_01,2024-11-30,ERROR,ERROR,ERROR,ERROR
Tron-o-matic 1,LosAngeles_01,2024-12-01,ERROR,ERROR,ERROR,ERROR
Tron-o-matic 1,LosAngeles_01,2024-12-02,ERROR,ERROR,ERROR,ERROR
Tron-o-matic 1,LosAngeles_01,2024-12-03,ERROR,ERROR,ERROR,ERROR
Tron-o-matic 1,LosAngeles_01,2024-12-04,ERROR,ERROR,ERROR,ERROR
Tron-o-matic 1,LosAngeles_01,2024-12-05,ERROR,ERROR,ERROR,ERROR
Tron-o-matic 1,LosAngeles_01,2024-12-06,ERROR,ERROR,ERROR,ERROR
Tron-o-matic 1,LosAngeles_01,2024-12-07,ERROR,ERROR,ERROR,ERROR
Tron-o-matic 1,LosAngeles_01,2024-12-08,ERROR,ERROR,ERROR,ERROR
Tron-o-matic 1,LosAngeles_01,2024-12-09,ERROR,ERROR,ERROR,ERROR
Tron-o-matic 1,LosAngeles_01,2024-12-10,ERROR,ERROR,ERROR,ERROR
Tron-o-matic 1,LosAngeles_01,2024-12-11,ERROR,ERROR,ERROR,ERROR
Tron-o-matic 1,LosAngeles_01,2024-12-12,ERROR,ERROR,ERROR,ERROR
Tron-o-matic 1,LosAngeles_01,2024-12-13,ERROR,ERROR,ERROR,ERROR
Tron-o-matic 1,LosAngeles_01,2024-12-14,ERROR,ERROR,ERROR,ERROR
Tron-o-matic 1,LosAngeles_01,2024-12-15,ERROR,ERROR,ERROR,ERROR
Tron-o-matic 1,LosAngeles_01,2024-12-16,ERROR,ERROR,ERROR,ERROR
Tron-o-matic 1,LosAngeles_01,2024-12-17,ERROR,ERROR,ERROR,ERROR
Tron-o-matic 1,LosAngeles_01,2024-12-18,ERROR,ERROR,ERROR,ERROR
Tron-o-matic 1,LosAngeles_01,2024-12-19,ERROR,ERROR,ERROR,ERROR
Tron-o-matic 1,LosAngeles_01,2024-12-20,ERROR,ERROR,ERROR,ERROR
Tron-o-matic 1,LosAngeles_01,2024-12-21,ERROR,ERROR,ERROR,ERROR
Tron-o-matic 1,LosAngeles_01,2024-12-22,ERROR,ERROR,ERROR,ERROR
Tron-o-matic 1,LosAngeles_01,2024-12-23,ERROR,ERROR,ERROR,ERROR
Tron-o-matic 1,LosAngeles_01,2024-12-24,ERROR,ERROR,ERROR,ERROR
Tron-o-matic 1,LosAngeles_01,2024-12-25,ERROR,ERROR,ERROR,ERROR
Tron-o-matic 1,LosAngeles_01,2024-12-26,ERROR,ERROR,ERROR,ERROR
Tron-o-matic 1,LosAngeles_01,2024-12-27,ERROR,ERROR,ERROR,ERROR
Tron-o-matic 1,LosAngeles_01,2024-12-28,ERROR,ERROR,ERROR,ERROR
Tron-o-matic 1,LosAngeles_01,2024-12-29,ERROR,ERROR,ERROR,ERROR
Tron-o-matic 1,LosAngeles_01,2024-12-30,ERROR,ERROR,ERROR,ERROR
Tron-o-matic 1,LosAngeles_01,2024-12-31,ERROR,ERROR,ERROR,ERROR
Tron-o-matic 1,Online_Store,2024-10-01,ERROR,ERROR,ERROR,ERROR
Tron-o-matic 1,Online_Store,2024-10-02,ERROR,ERROR,ERROR,ERROR
Tron-o-matic 1,Online_Store,2024-10-03,ERROR,ERROR,ERROR,ERROR
Tron-o-matic 1,Online_Store,2024-10-04,ERROR,ERROR,ERROR,ERROR
Tron-o-matic 1,Online_Store,2024-10-05,ERROR,ERROR,ERROR,ERROR
Tron-o-matic 1,Online_Store,2024-10-06,ERROR,ERROR,ERROR,ERROR
Tron-o-matic 1,Online_Store,2024-10-07,ERROR,ERROR,ERROR,ERROR
Tron-o-matic 1,Online_Store,2024-10-08,ERROR,ERROR,ERROR,ERROR
Tron-o-matic 1,Online_Store,2024-10-09,ERROR,ERROR,ERROR,ERROR
Tron-o-matic 1,Online_Store,2024-10-10,ERROR,ERROR,ERROR,ERROR
Tron-o-matic 1,Online_Store,2024-10-11,ERROR,ERROR,ERROR,ERROR
Tron-o-matic 1,Online_Store,2024-10-12,ERROR,ERROR,ERROR,ERROR
Tron-o-matic 1,Online_Store,2024-10-13,ERROR,ERROR,ERROR,ERROR
Tron-o-matic 1,Online_Store,2024-10-14,ERROR,ERROR,ERROR,ERROR
Tron-o-matic 1,Online_Store,2024-10-15,ERROR,ERROR,ERROR,ERROR
Tron-o-matic 1,Online_Store,2024-10-16,ERROR,ERROR,ERROR,ERROR
Tron-o-matic 1,Online_Store,2024-10-17,ERROR,ERROR,ERROR,ERROR
Tron-o-matic 1,Online_Store,2024-10-18,ERROR,ERROR,ERROR,ERROR
Tron-o-matic 1,Online_Store,2024-10-19,ERROR,ERROR,ERROR,ERROR
Tron-o-matic 1,Online_Store,2024-10-20,ERROR,ERROR,ERROR,ERROR
Tron-o-matic 1,Online_Store,2024-10-21,ERROR,ERROR,ERROR,ERROR
Tron-o-matic 1,Online_Store,2024-10-22,ERROR,ERROR,ERROR,ERROR
Tron-o-matic 1,Online_Store,2024-10-23,ERROR,ERROR,ERROR,ERROR
Tron-o-matic 1,Online_Store,2024-10-24,ERROR,ERROR,ERROR,ERROR
Tron-o-matic 1,Online_Store,2024-10-25,ERROR,ERROR,ERROR,ERROR
Tron-o-matic 1,Online_Store,2024-10-26,ERROR,ERROR,ERROR,ERROR
Tron-o-matic 1,Online_Store,2024-10-27,ERROR,ERROR,ERROR,ERROR
Tron-o-matic 1,Online_Store,2024-10-28,ERROR,ERROR,ERROR,ERROR
Tron-o-matic 1,Online_Store,2024-10-29,ERROR,ERROR,ERROR,ERROR
Tron-o-matic 1,Online_Store,2024-10-30,ERROR,ERROR,ERROR,ERROR
Tron-o-matic 1,Online_Store,2024-10-31,ERROR,ERROR,ERROR,ERROR
Tron-o-matic 1,Online_Store,2024-11-01,ERROR,ERROR,ERROR,ERROR
Tron-o-matic 1,Online_Store,2024-11-02,ERROR,ERROR,ERROR,ERROR
Tron-o-matic 1,Online_Store,2024-11-03,ERROR,ERROR,ERROR,ERROR
Tron-o-matic 1,Online_Store,2024-11-04,ERROR,ERROR,ERROR,ERROR
Tron-o-matic 1,Online_Store,2024-11-05,ERROR,ERROR,ERROR,ERROR
Tron-o-matic 1,Online_Store,2024-11-06,ERROR,ERROR,ERROR,ERROR
Tron-o-matic 1,Online_Store,2024-11-07,ERROR,ERROR,ERROR,ERROR
Tron-o-matic 1,Online_Store,2024-11-08,ERROR,ERROR,ERROR,ERROR
Tron-o-matic 1,Online_Store,2024-11-09,ERROR,ERROR,ERROR,ERROR
Tron-o-matic 1,Online_Store,2024-11-10,ERROR,ERROR,ERROR,ERROR
Tron-o-matic 1,Online_Store,2024-11-11,ERROR,ERROR,ERROR,ERROR
Tron-o-matic 1,Online_Store,2024-11-12,ERROR,ERROR,ERROR,ERROR
Tron-o-matic 1,Online_Store,2024-11-13,ERROR,ERROR,ERROR,ERROR
Tron-o-matic 1,Online_Store,2024-11-14,ERROR,ERROR,ERROR,ERROR
Tron-o-matic 1,Online_Store,2024-11-15,ERROR,ERROR,ERROR,ERROR
Tron-o-matic 1,Online_Store,2024-11-16,ERROR,ERROR,ERROR,ERROR
Tron-o-matic 1,Online_Store,2024-11-17,ERROR,ERROR,ERROR,ERROR
Tron-o-matic 1,Online_Store,2024-11-18,ERROR,ERROR,ERROR,ERROR
Tron-o-matic 1,Online_Store,2024-11-19,ERROR,ERROR,ERROR,ERROR
Tron-o-matic 1,Online_Store,2024-11-20,ERROR,ERROR,ERROR,ERROR
Tron-o-matic 1,Online_Store,2024-11-21,ERROR,ERROR,ERROR,ERROR
Tron-o-matic 1,Online_Store,2024-11-22,ERROR,ERROR,ERROR,ERROR
Tron-o-matic 1,Online_Store,2024-11-23,ERROR,ERROR,ERROR,ERROR
Tron-o-matic 1,Online_Store,2024-11-24,ERROR,ERROR,ERROR,ERROR
Tron-o-matic 1,Online_Store,2024-11-25,ERROR,ERROR,ERROR,ERROR
Tron-o-matic 1,Online_Store,2024-11-26,ERROR,ERROR,ERROR,ERROR
Tron-o-matic 1,Online_Store,2024-11-27,ERROR,ERROR,ERROR,ERROR
Tron-o-matic 1,Online_Store,2024-11-28,ERROR,ERROR,ERROR,ERROR
Tron-o-matic 1,Online_Store,2024-11-29,ERROR,ERROR,ERROR,ERROR
Tron-o-matic 1,Online_Store,2024-11-30,ERROR,ERROR,ERROR,ERROR
Tron-o-matic 1,Online_Store,2024-12-01,ERROR,ERROR,ERROR,ERROR
Tron-o-matic 1,Online_Store,2024-12-02,ERROR,ERROR,ERROR,ERROR
Tron-o-matic 1,Online_Store,2024-12-03,ERROR,ERROR,ERROR,ERROR
Tron-o-matic 1,Online_Store,2024-12-04,ERROR,ERROR,ERROR,ERROR
Tron-o-matic 1,Online_Store,2024-12-05,ERROR,ERROR,ERROR,ERROR
Tron-o-matic 1,Online_Store,2024-12-06,ERROR,ERROR,ERROR,ERROR
Tron-o-matic 1,Online_Store,2024-12-07,ERROR,ERROR,ERROR,ERROR
Tron-o-matic 1,Online_Store,2024-12-08,ERROR,ERROR,ERROR,ERROR
Tron-o-matic 1,Online_Store,2024-12-09,ERROR,ERROR,ERROR,ERROR
Tron-o-matic 1,Online_Store,2024-12-10,ERROR,ERROR,ERROR,ERROR
Tron-o-matic 1,Online_Store,2024-12-11,ERROR,ERROR,ERROR,ERROR
Tron-o-matic 1,Online_Store,2024-12-12,ERROR,ERROR,ERROR,ERROR
Tron-o-matic 1,Online_Store,2024-12-13,ERROR,ERROR,ERROR,ERROR
Tron-o-matic 1,Online_Store,2024-12-14,ERROR,ERROR,ERROR,ERROR
Tron-o-matic 1,Online_Store,2024-12-15,ERROR,ERROR,ERROR,ERROR
Tron-o-matic 1,Online_Store,2024-12-16,ERROR,ERROR,ERROR,ERROR
Tron-o-matic 1,Online_Store,2024-12-17,ERROR,ERROR,ERROR,ERROR
Tron-o-matic 1,Online_Store,2024-12-18,ERROR,ERROR,ERROR,ERROR
Tron-o-matic 1,Online_Store,2024-12-19,ERROR,ERROR,ERROR,ERROR
Tron-o-matic 1,Online_Store,2024-12-20,ERROR,ERROR,ERROR,ERROR
Tron-o-matic 1,Online_Store,2024-12-21,ERROR,ERROR,ERROR,ERROR
Tron-o-matic 1,Online_Store,2024-12-22,ERROR,ERROR,ERROR,ERROR
Tron-o-matic 1,Online_Store,2024-12-23,ERROR,ERROR,ERROR,ERROR
Tron-o-matic 1,Online_Store,2024-12-24,ERROR,ERROR,ERROR,ERROR
Tron-o-matic 1,Online_Store,2024-12-25,ERROR,ERROR,ERROR,ERROR
Tron-o-matic 1,Online_Store,2024-12-26,ERROR,ERROR,ERROR,ERROR
Tron-o-matic 1,Online_Store,2024-12-27,ERROR,ERROR,ERROR,ERROR
Tron-o-matic 1,Online_Store,2024-12-28,ERROR,ERROR,ERROR,ERROR
Tron-o-matic 1,Online_Store,2024-12-29,ERROR,ERROR,ERROR,ERROR
Tron-o-matic 1,Online_Store,2024-12-30,ERROR,ERROR,ERROR,ERROR
Tron-o-matic 1,Online_Store,2024-12-31,ERROR,ERROR,ERROR,ERROR
Tron-o-matic 1 Pro,WashingtonDC_01,2024-10-01,ERROR,ERROR,ERROR,ERROR
Tron-o-matic 1 Pro,WashingtonDC_01,2024-10-02,ERROR,ERROR,ERROR,ERROR
Tron-o-matic 1 Pro,WashingtonDC_01,2024-10-03,ERROR,ERROR,ERROR,ERROR
Tron-o-matic 1 Pro,WashingtonDC_01,2024-10-04,ERROR,ERROR,ERROR,ERROR
Tron-o-matic 1 Pro,WashingtonDC_01,2024-10-05,ERROR,ERROR,ERROR,ERROR
Tron-o-matic 1 Pro,WashingtonDC_01,2024-10-06,ERROR,ERROR,ERROR,ERROR
Tron-o-matic 1 Pro,WashingtonDC_01,2024-10-07,ERROR,ERROR,ERROR,ERROR
Tron-o-matic 1 Pro,WashingtonDC_01,2024-10-08,ERROR,ERROR,ERROR,ERROR
Tron-o-matic 1 Pro,WashingtonDC_01,2024-10-09,ERROR,ERROR,ERROR,ERROR
Tron-o-matic 1 Pro,WashingtonDC_01,2024-10-10,ERROR,ERROR,ERROR,ERROR
Tron-o-matic 1 Pro,WashingtonDC_01,2024-10-11,ERROR,ERROR,ERROR,ERROR
Tron-o-matic 1 Pro,WashingtonDC_01,2024-10-12,ERROR,ERROR,ERROR,ERROR
Tron-o-matic 1 Pro,WashingtonDC_01,2024-10-13,ERROR,ERROR,ERROR,ERROR
Tron-o-matic 1 Pro,WashingtonDC_01,2024-10-14,ERROR,ERROR,ERROR,ERROR
Tron-o-matic 1 Pro,WashingtonDC_01,2024-10-15,ERROR,ERROR,ERROR,ERROR
Tron-o-matic 1 Pro,WashingtonDC_01,2024-10-16,ERROR,ERROR,ERROR,ERROR
Tron-o-matic 1 Pro,WashingtonDC_01,2024-10-17,ERROR,ERROR,ERROR,ERROR
Tron-o-matic 1 Pro,WashingtonDC_01,2024-10-18,ERROR,ERROR,ERROR,ERROR
Tron-o-matic 1 Pro,WashingtonDC_01,2024-10-19,ERROR,ERROR,ERROR,ERROR
Tron-o-matic 1 Pro,WashingtonDC_01,2024-10-20,ERROR,ERROR,ERROR,ERROR
Tron-o-matic 1 Pro,WashingtonDC_01,2024-10-21,ERROR,ERROR,ERROR,ERROR
Tron-o-matic 1 Pro,WashingtonDC_01,2024-10-22,ERROR,ERROR,ERROR,ERROR
Tron-o-matic 1 Pro,WashingtonDC_01,2024-10-23,ERROR,ERROR,ERROR,ERROR
Tron-o-matic 1 Pro,WashingtonDC_01,2024-10-24,ERROR,ERROR,ERROR,ERROR
Tron-o-matic 1 Pro,WashingtonDC_01,2024-10-25,ERROR,ERROR,ERROR,ERROR
Tron-o-matic 1 Pro,WashingtonDC_01,2024-10-26,ERROR,ERROR,ERROR,ERROR
Tron-o-matic 1 Pro,WashingtonDC_01,2024-10-27,ERROR,ERROR,ERROR,ERROR
Tron-o-matic 1 Pro,WashingtonDC_01,2024-10-28,ERROR,ERROR,ERROR,ERROR
Tron-o-matic 1 Pro,WashingtonDC_01,2024-10-29,ERROR,ERROR,ERROR,ERROR
Tron-o-matic 1 Pro,WashingtonDC_01,2024-10-30,ERROR,ERROR,ERROR,ERROR
Tron-o-matic 1 Pro,WashingtonDC_01,2024-10-31,ERROR,ERROR,ERROR,ERROR
Tron-o-matic 1 Pro,WashingtonDC_01,2024-11-01,ERROR,ERROR,ERROR,ERROR
Tron-o-matic 1 Pro,WashingtonDC_01,2024-11-02,ERROR,ERROR,ERROR,ERROR
Tron-o-matic 1 Pro,WashingtonDC_01,2024-11-03,ERROR,ERROR,ERROR,ERROR
Tron-o-matic 1 Pro,WashingtonDC_01,2024-11-04,ERROR,ERROR,ERROR,ERROR
Tron-o-matic 1 Pro,WashingtonDC_01,2024-11-05,ERROR,ERROR,ERROR,ERROR
Tron-o-matic 1 Pro,WashingtonDC_01,2024-11-06,ERROR,ERROR,ERROR,ERROR
Tron-o-matic 1 Pro,WashingtonDC_01,2024-11-07,ERROR,ERROR,ERROR,ERROR
Tron-o-matic 1 Pro,WashingtonDC_01,2024-11-08,ERROR,ERROR,ERROR,ERROR
Tron-o-matic 1 Pro,WashingtonDC_01,2024-11-09,ERROR,ERROR,ERROR,ERROR
Tron-o-matic 1 Pro,WashingtonDC_01,2024-11-10,ERROR,ERROR,ERROR,ERROR
Tron-o-matic 1 Pro,WashingtonDC_01,2024-11-11,ERROR,ERROR,ERROR,ERROR
Tron-o-matic 1 Pro,WashingtonDC_01,2024-11-12,ERROR,ERROR,ERROR,ERROR
Tron-o-matic 1 Pro,WashingtonDC_01,2024-11-13,ERROR,ERROR,ERROR,ERROR
Tron-o-matic 1 Pro,WashingtonDC_01,2024-11-14,ERROR,ERROR,ERROR,ERROR
Tron-o-matic 1 Pro,WashingtonDC_01,2024-11-15,ERROR,ERROR,ERROR,ERROR
Tron-o-matic 1 Pro,WashingtonDC_01,2024-11-16,ERROR,ERROR,ERROR,ERROR
Tron-o-matic 1 Pro,WashingtonDC_01,2024-11-17,ERROR,ERROR,ERROR,ERROR
Tron-o-matic 1 Pro,WashingtonDC_01,2024-11-18,ERROR,ERROR,ERROR,ERROR
Tron-o-matic 1 Pro,WashingtonDC_01,2024-11-19,ERROR,ERROR,ERROR,ERROR
Tron-o-matic 1 Pro,WashingtonDC_01,2024-11-20,ERROR,ERROR,ERROR,ERROR
Tron-o-matic 1 Pro,WashingtonDC_01,2024-11-21,ERROR,ERROR,ERROR,ERROR
Tron-o-matic 1 Pro,WashingtonDC_01,2024-11-22,ERROR,ERROR,ERROR,ERROR
Tron-o-matic 1 Pro,WashingtonDC_01,2024-11-23,ERROR,ERROR,ERROR,ERROR
Tron-o-matic 1 Pro,WashingtonDC_01,2024-11-24,ERROR,ERROR,ERROR,ERROR
Tron-o-matic 1 Pro,WashingtonDC_01,2024-11-25,ERROR,ERROR,ERROR,ERROR
Tron-o-matic 1 Pro,WashingtonDC_01,2024-11-26,ERROR,ERROR,ERROR,ERROR
Tron-o-matic 1 Pro,WashingtonDC_01,2024-11-27,ERROR,ERROR,ERROR,ERROR
Tron-o-matic 1 Pro,WashingtonDC_01,2024-11-28,ERROR,ERROR,ERROR,ERROR
Tron-o-matic 1 Pro,WashingtonDC_01,2024-11-29,ERROR,ERROR,ERROR,ERROR
Tron-o-matic 1 Pro,WashingtonDC_01,2024-11-30,ERROR,ERROR,ERROR,ERROR
Tron-o-matic 1 Pro,WashingtonDC_01,2024-12-01,ERROR,ERROR,ERROR,ERROR
Tron-o-matic 1 Pro,WashingtonDC_01,2024-12-02,ERROR,ERROR,ERROR,ERROR
Tron-o-matic 1 Pro,WashingtonDC_01,2024-12-03,ERROR,ERROR,ERROR,ERROR
Tron-o-matic 1 Pro,WashingtonDC_01,2024-12-04,ERROR,ERROR,ERROR,ERROR
Tron-o-matic 1 Pro,WashingtonDC_01,2024-12-05,ERROR,ERROR,ERROR,ERROR
Tron-o-matic 1 Pro,WashingtonDC_01,2024-12-06,ERROR,ERROR,ERROR,ERROR
Tron-o-matic 1 Pro,WashingtonDC_01,2024-12-07,ERROR,ERROR,ERROR,ERROR
Tron-o-matic 1 Pro,WashingtonDC_01,2024-12-08,ERROR,ERROR,ERROR,ERROR
Tron-o-matic 1 Pro,WashingtonDC_01,2024-12-09,ERROR,ERROR,ERROR,ERROR
Tron-o-matic 1 Pro,WashingtonDC_01,2024-12-10,ERROR,ERROR,ERROR,ERROR
Tron-o-matic 1 Pro,WashingtonDC_01,2024-12-11,ERROR,ERROR,ERROR,ERROR
Tron-o-matic 1 Pro,WashingtonDC_01,2024-12-12,ERROR,ERROR,ERROR,ERROR
Tron-o-matic 1 Pro,WashingtonDC_01,2024-12-13,ERROR,ERROR,ERROR,ERROR
Tron-o-matic 1 Pro,WashingtonDC_01,2024-12-14,ERROR,ERROR,ERROR,ERROR
Tron-o-matic 1 Pro,WashingtonDC_01,2024-12-15,ERROR,ERROR,ERROR,ERROR
Tron-o-matic 1 Pro,WashingtonDC_01,2024-12-16,ERROR,ERROR,ERROR,ERROR
Tron-o-matic 1 Pro,WashingtonDC_01,2024-12-17,ERROR,ERROR,ERROR,ERROR
Tron-o-matic 1 Pro,WashingtonDC_01,2024-12-18,ERROR,ERROR,ERROR,ERROR
Tron-o-matic 1 Pro,WashingtonDC_01,2024-12-19,ERROR,ERROR,ERROR,ERROR
Tron-o-matic 1 Pro,WashingtonDC_01,2024-12-20,ERROR,ERROR,ERROR,ERROR
Tron-o-matic 1 Pro,WashingtonDC_01,2024-12-21,ERROR,ERROR,ERROR,ERROR
Tron-o-matic 1 Pro,WashingtonDC_01,2024-12-22,ERROR,ERROR,ERROR,ERROR
Tron-o-matic 1 Pro,WashingtonDC_01,2024-12-23,ERROR,ERROR,ERROR,ERROR
Tron-o-matic 1 Pro,WashingtonDC_01,2024-12-24,ERROR,ERROR,ERROR,ERROR
Tron-o-matic 1 Pro,WashingtonDC_01,2024-12-25,ERROR,ERROR,ERROR,ERROR
Tron-o-matic 1 Pro,WashingtonDC_01,2024-12-26,ERROR,ERROR,ERROR,ERROR
Tron-o-matic 1 Pro,WashingtonDC_01,2024-12-27,ERROR,ERROR,ERROR,ERROR
Tron-o-matic 1 Pro,WashingtonDC_01,2024-12-28,ERROR,ERROR,ERROR,ERROR
Tron-o-matic 1 Pro,WashingtonDC_01,2024-12-29,ERROR,ERROR,ERROR,ERROR
Tron-o-matic 1 Pro,WashingtonDC_01,2024-12-30,ERROR,ERROR,ERROR,ERROR
Tron-o-matic 1 Pro,WashingtonDC_01,2024-12-31,ERROR,ERROR,ERROR,ERROR
Tron-o-matic 1,Philadelphia_01,2024-10-01,ERROR,ERROR,ERROR,ERROR
Tron-o-matic 1,Philadelphia_01,2024-10-02,ERROR,ERROR,ERROR,ERROR
Tron-o-matic 1,Philadelphia_01,2024-10-03,ERROR,ERROR,ERROR,ERROR
Tron-o-matic 1,Philadelphia_01,2024-10-04,ERROR,ERROR,ERROR,ERROR
Tron-o-matic 1,Philadelphia_01,2024-10-05,ERROR,ERROR,ERROR,ERROR
Tron-o-matic 1,Philadelphia_01,2024-10-06,ERROR,ERROR,ERROR,ERROR
Tron-o-matic 1,Philadelphia_01,2024-10-07,ERROR,ERROR,ERROR,ERROR
Tron-o-matic 1,Philadelphia_01,2024-10-08,ERROR,ERROR,ERROR,ERROR
Tron-o-matic 1,Philadelphia_01,2024-10-09,ERROR,ERROR,ERROR,ERROR
Tron-o-matic 1,Philadelphia_01,2024-10-10,ERROR,ERROR,ERROR,ERROR
Tron-o-matic 1,Philadelphia_01,2024-10-11,ERROR,ERROR,ERROR,ERROR
Tron-o-matic 1,Philadelphia_01,2024-10-12,ERROR,ERROR,ERROR,ERROR
Tron-o-matic 1,Philadelphia_01,2024-10-13,ERROR,ERROR,ERROR,ERROR
Tron-o-matic 1,Philadelphia_01,2024-10-14,ERROR,ERROR,ERROR,ERROR
Tron-o-matic 1,Philadelphia_01,2024-10-15,ERROR,ERROR,ERROR,ERROR
Tron-o-matic 1,Philadelphia_01,2024-10-16,ERROR,ERROR,ERROR,ERROR
Tron-o-matic 1,Philadelphia_01,2024-10-17,ERROR,ERROR,ERROR,ERROR
Tron-o-matic 1,Philadelphia_01,2024-10-18,ERROR,ERROR,ERROR,ERROR
Tron-o-matic 1,Philadelphia_01,2024-10-19,ERROR,ERROR,ERROR,ERROR
Tron-o-matic 1,Philadelphia_01,2024-10-20,ERROR,ERROR,ERROR,ERROR
Tron-o-matic 1,Philadelphia_01,2024-10-21,ERROR,ERROR,ERROR,ERROR
Tron-o-matic 1,Philadelphia_01,2024-10-22,ERROR,ERROR,ERROR,ERROR
Tron-o-matic 1,Philadelphia_01,2024-10-23,ERROR,ERROR,ERROR,ERROR
Tron-o-matic 1,Philadelphia_01,2024-10-24,ERROR,ERROR,ERROR,ERROR
Tron-o-matic 1,Philadelphia_01,2024-10-25,ERROR,ERROR,ERROR,ERROR
Tron-o-matic 1,Philadelphia_01,2024-10-26,ERROR,ERROR,ERROR,ERROR
Tron-o-matic 1,Philadelphia_01,2024-10-27,ERROR,ERROR,ERROR,ERROR
Tron-o-matic 1,Philadelphia_01,2024-10-28,ERROR,ERROR,ERROR,ERROR
Tron-o-matic 1,Philadelphia_01,2024-10-29,ERROR,ERROR,ERROR,ERROR
Tron-o-matic 1,Philadelphia_01,2024-10-30,ERROR,ERROR,ERROR,ERROR
Tron-o-matic 1,Philadelphia_01,2024-10-31,ERROR,ERROR,ERROR,ERROR
Tron-o-matic 1,Philadelphia_01,2024-11-01,ERROR,ERROR,ERROR,ERROR
Tron-o-matic 1,Philadelphia_01,2024-11-02,ERROR,ERROR,ERROR,ERROR
Tron-o-matic 1,Philadelphia_01,2024-11-03,ERROR,ERROR,ERROR,ERROR
Tron-o-matic 1,Philadelphia_01,2024-11-04,ERROR,ERROR,ERROR,ERROR
Tron-o-matic 1,Philadelphia_01,2024-11-05,ERROR,ERROR,ERROR,ERROR
Tron-o-matic 1,Philadelphia_01,2024-11-06,ERROR,ERROR,ERROR,ERROR
Tron-o-matic 1,Philadelphia_01,2024-11-07,ERROR,ERROR,ERROR,ERROR
Tron-o-matic 1,Philadelphia_01,2024-11-08,ERROR,ERROR,ERROR,ERROR
Tron-o-matic 1,Philadelphia_01,2024-11-09,ERROR,ERROR,ERROR,ERROR
Tron-o-matic 1,Philadelphia_01,2024-11-10,ERROR,ERROR,ERROR,ERROR
Tron-o-matic 1,Philadelphia_01,2024-11-11,ERROR,ERROR,ERROR,ERROR
Tron-o-matic 1,Philadelphia_01,2024-11-12,ERROR,ERROR,ERROR,ERROR
Tron-o-matic 1,Philadelphia_01,2024-11-13,ERROR,ERROR,ERROR,ERROR
Tron-o-matic 1,Philadelphia_01,2024-11-14,ERROR,ERROR,ERROR,ERROR
Tron-o-matic 1,Philadelphia_01,2024-11-15,ERROR,ERROR,ERROR,ERROR
Tron-o-matic 1,Philadelphia_01,2024-11-16,ERROR,ERROR,ERROR,ERROR
Tron-o-matic 1,Philadelphia_01,2024-11-17,ERROR,ERROR,ERROR,ERROR
Tron-o-matic 1,Philadelphia_01,2024-11-18,ERROR,ERROR,ERROR,ERROR
Tron-o-matic 1,Philadelphia_01,2024-11-19,ERROR,ERROR,ERROR,ERROR
Tron-o-matic 1,Philadelphia_01,2024-11-20,ERROR,ERROR,ERROR,ERROR
Tron-o-matic 1,Philadelphia_01,2024-11-21,ERROR,ERROR,ERROR,ERROR
Tron-o-matic 1,Philadelphia_01,2024-11-22,ERROR,ERROR,ERROR,ERROR
Tron-o-matic 1,Philadelphia_01,2024-11-23,ERROR,ERROR,ERROR,ERROR
Tron-o-matic 1,Philadelphia_01,2024-11-24,ERROR,ERROR,ERROR,ERROR
Tron-o-matic 1,Philadelphia_01,2024-11-25,ERROR,ERROR,ERROR,ERROR
Tron-o-matic 1,Philadelphia_01,2024-11-26,ERROR,ERROR,ERROR,ERROR
Tron-o-matic 1,Philadelphia_01,2024-11-27,ERROR,ERROR,ERROR,ERROR
Tron-o-matic 1,Philadelphia_01,2024-11-28,ERROR,ERROR,ERROR,ERROR
Tron-o-matic 1,Philadelphia_01,2024-11-29,ERROR,ERROR,ERROR,ERROR
Tron-o-matic 1,Philadelphia_01,2024-11-30,ERROR,ERROR,ERROR,ERROR
Tron-o-matic 1,Philadelphia_01,2024-12-01,ERROR,ERROR,ERROR,ERROR
Tron-o-matic 1,Philadelphia_01,2024-12-02,ERROR,ERROR,ERROR,ERROR
Tron-o-matic 1,Philadelphia_01,2024-12-03,ERROR,ERROR,ERROR,ERROR
Tron-o-matic 1,Philadelphia_01,2024-12-04,ERROR,ERROR,ERROR,ERROR
Tron-o-matic 1,Philadelphia_01,2024-12-05,ERROR,ERROR,ERROR,ERROR
Tron-o-matic 1,Philadelphia_01,2024-12-06,ERROR,ERROR,ERROR,ERROR
Tron-o-matic 1,Philadelphia_01,2024-12-07,ERROR,ERROR,ERROR,ERROR
Tron-o-matic 1,Philadelphia_01,2024-12-08,ERROR,ERROR,ERROR,ERROR
Tron-o-matic 1,Philadelphia_01,2024-12-09,ERROR,ERROR,ERROR,ERROR
Tron-o-matic 1,Philadelphia_01,2024-12-10,ERROR,ERROR,ERROR,ERROR
Tron-o-matic 1,Philadelphia_01,2024-12-11,ERROR,ERROR,ERROR,ERROR
Tron-o-matic 1,Philadelphia_01,2024-12-12,ERROR,ERROR,ERROR,ERROR
Tron-o-matic 1,Philadelphia_01,2024-12-13,ERROR,ERROR,ERROR,ERROR
Tron-o-matic 1,Philadelphia_01,2024-12-14,ERROR,ERROR,ERROR,ERROR
Tron-o-matic 1,Philadelphia_01,2024-12-15,ERROR,ERROR,ERROR,ERROR
Tron-o-matic 1,Philadelphia_01,2024-12-16,ERROR,ERROR,ERROR,ERROR
Tron-o-matic 1,Philadelphia_01,2024-12-17,ERROR,ERROR,ERROR,ERROR
Tron-o-matic 1,Philadelphia_01,2024-12-18,ERROR,ERROR,ERROR,ERROR
Tron-o-matic 1,Philadelphia_01,2024-12-19,ERROR,ERROR,ERROR,ERROR
Tron-o-matic 1,Philadelphia_01,2024-12-20,ERROR,ERROR,ERROR,ERROR
Tron-o-matic 1,Philadelphia_01,2024-12-21,ERROR,ERROR,ERROR,ERROR
Tron-o-matic 1,Philadelphia_01,2024-12-22,ERROR,ERROR,ERROR,ERROR
Tron-o-matic 1,Philadelphia_01,2024-12-23,ERROR,ERROR,ERROR,ERROR
Tron-o-matic 1,Philadelphia_01,2024-12-24,ERROR,ERROR,ERROR,ERROR
Tron-o-matic 1,Philadelphia_01,2024-12-25,ERROR,ERROR,ERROR,ERROR
Tron-o-matic 1,Philadelphia_01,2024-12-26,ERROR,ERROR,ERROR,ERROR
Tron-o-matic 1,Philadelphia_01,2024-12-27,ERROR,ERROR,ERROR,ERROR
Tron-o-matic 1,Philadelphia_01,2024-12-28,ERROR,ERROR,ERROR,ERROR
Tron-o-matic 1,Philadelphia_01,2024-12-29,ERROR,ERROR,ERROR,ERROR
Tron-o-matic 1,Philadelphia_01,2024-12-30,ERROR,ERROR,ERROR,ERROR
Tron-o-matic 1,Philadelphia_01,2024-12-31,ERROR,ERROR,ERROR,ERROR
Tron-o-matic 1 Pro,NewYork_02,2024-10-01,ERROR,ERROR,ERROR,ERROR
Tron-o-matic 1 Pro,NewYork_02,2024-10-02,ERROR,ERROR,ERROR,ERROR
Tron-o-matic 1 Pro,NewYork_02,2024-10-03,ERROR,ERROR,ERROR,ERROR
Tron-o-matic 1 Pro,NewYork_02,2024-10-04,ERROR,ERROR,ERROR,ERROR
Tron-o-matic 1 Pro,NewYork_02,2024-10-05,ERROR,ERROR,ERROR,ERROR
Tron-o-matic 1 Pro,NewYork_02,2024-10-06,ERROR,ERROR,ERROR,ERROR
Tron-o-matic 1 Pro,NewYork_02,2024-10-07,ERROR,ERROR,ERROR,ERROR
Tron-o-matic 1 Pro,NewYork_02,2024-10-08,ERROR,ERROR,ERROR,ERROR
Tron-o-matic 1 Pro,NewYork_02,2024-10-09,ERROR,ERROR,ERROR,ERROR
Tron-o-matic 1 Pro,NewYork_02,2024-10-10,ERROR,ERROR,ERROR,ERROR
Tron-o-matic 1 Pro,NewYork_02,2024-10-11,ERROR,ERROR,ERROR,ERROR
Tron-o-matic 1 Pro,NewYork_02,2024-10-12,ERROR,ERROR,ERROR,ERROR
Tron-o-matic 1 Pro,NewYork_02,2024-10-13,ERROR,ERROR,ERROR,ERROR
Tron-o-matic 1 Pro,NewYork_02,2024-10-14,ERROR,ERROR,ERROR,ERROR
Tron-o-matic 1 Pro,NewYork_02,2024-10-15,ERROR,ERROR,ERROR,ERROR
Tron-o-matic 1 Pro,NewYork_02,2024-10-16,ERROR,ERROR,ERROR,ERROR
Tron-o-matic 1 Pro,NewYork_02,2024-10-17,ERROR,ERROR,ERROR,ERROR
Tron-o-matic 1 Pro,NewYork_02,2024-10-18,ERROR,ERROR,ERROR,ERROR
Tron-o-matic 1 Pro,NewYork_02,2024-10-19,ERROR,ERROR,ERROR,ERROR
Tron-o-matic 1 Pro,NewYork_02,2024-10-20,ERROR,ERROR,ERROR,ERROR
Tron-o-matic 1 Pro,NewYork_02,2024-10-21,ERROR,ERROR,ERROR,ERROR
Tron-o-matic 1 Pro,NewYork_02,2024-10-22,ERROR,ERROR,ERROR,ERROR
Tron-o-matic 1 Pro,NewYork_02,2024-10-23,ERROR,ERROR,ERROR,ERROR
Tron-o-matic 1 Pro,NewYork_02,2024-10-24,ERROR,ERROR,ERROR,ERROR
Tron-o-matic 1 Pro,NewYork_02,2024-10-25,ERROR,ERROR,ERROR,ERROR
Tron-o-matic 1 Pro,NewYork_02,2024-10-26,ERROR,ERROR,ERROR,ERROR
Tron-o-matic 1 Pro,NewYork_02,2024-10-27,ERROR,ERROR,ERROR,ERROR
Tron-o-matic 1 Pro,NewYork_02,2024-10-28,ERROR,ERROR,ERROR,ERROR
Tron-o-matic 1 Pro,NewYork_02,2024-10-29,ERROR,ERROR,ERROR,ERROR
Tron-o-matic 1 Pro,NewYork_02,2024-10-30,ERROR,ERROR,ERROR,ERROR
Tron-o-matic 1 Pro,NewYork_02,2024-10-31,ERROR,ERROR,ERROR,ERROR
Tron-o-matic 1 Pro,NewYork_02,2024-11-01,ERROR,ERROR,ERROR,ERROR
Tron-o-matic 1 Pro,NewYork_02,2024-11-02,ERROR,ERROR,ERROR,ERROR
Tron-o-matic 1 Pro,NewYork_02,2024-11-03,ERROR,ERROR,ERROR,ERROR
Tron-o-matic 1 Pro,NewYork_02,2024-11-04,ERROR,ERROR,ERROR,ERROR
Tron-o-matic 1 Pro,NewYork_02,2024-11-05,ERROR,ERROR,ERROR,ERROR
Tron-o-matic 1 Pro,NewYork_02,2024-11-06,ERROR,ERROR,ERROR,ERROR
Tron-o-matic 1 Pro,NewYork_02,2024-11-07,ERROR,ERROR,ERROR,ERROR
Tron-o-matic 1 Pro,NewYork_02,2024-11-08,ERROR,ERROR,ERROR,ERROR
Tron-o-matic 1 Pro,NewYork_02,2024-11-09,ERROR,ERROR,ERROR,ERROR
Tron-o-matic 1 Pro,NewYork_02,2024-11-10,ERROR,ERROR,ERROR,ERROR
Tron-o-matic 1 Pro,NewYork_02,2024-11-11,ERROR,ERROR,ERROR,ERROR
Tron-o-matic 1 Pro,NewYork_02,2024-11-12,ERROR,ERROR,ERROR,ERROR
Tron-o-matic 1 Pro,NewYork_02,2024-11-13,ERROR,ERROR,ERROR,ERROR
Tron-o-matic 1 Pro,NewYork_02,2024-11-14,ERROR,ERROR,ERROR,ERROR
Tron-o-matic 1 Pro,NewYork_02,2024-11-15,ERROR,ERROR,ERROR,ERROR
Tron-o-matic 1 Pro,NewYork_02,2024-11-16,ERROR,ERROR,ERROR,ERROR
Tron-o-matic 1 Pro,NewYork_02,2024-11-17,ERROR,ERROR,ERROR,ERROR
Tron-o-matic 1 Pro,NewYork_02,2024-11-18,ERROR,ERROR,ERROR,ERROR
Tron-o-matic 1 Pro,NewYork_02,2024-11-19,ERROR,ERROR,ERROR,ERROR
Tron-o-matic 1 Pro,NewYork_02,2024-11-20,ERROR,ERROR,ERROR,ERROR
Tron-o-matic 1 Pro,NewYork_02,2024-11-21,ERROR,ERROR,ERROR,ERROR
Tron-o-matic 1 Pro,NewYork_02,2024-11-22,ERROR,ERROR,ERROR,ERROR
Tron-o-matic 1 Pro,NewYork_02,2024-11-23,ERROR,ERROR,ERROR,ERROR
Tron-o-matic 1 Pro,NewYork_02,2024-11-24,ERROR,ERROR,ERROR,ERROR
Tron-o-matic 1 Pro,NewYork_02,2024-11-25,ERROR,ERROR,ERROR,ERROR
Tron-o-matic 1 Pro,NewYork_02,2024-11-26,ERROR,ERROR,ERROR,ERROR
Tron-o-matic 1 Pro,NewYork_02,2024-11-27,ERROR,ERROR,ERROR,ERROR
Tron-o-matic 1 Pro,NewYork_02,2024-11-28,ERROR,ERROR,ERROR,ERROR
Tron-o-matic 1 Pro,NewYork_02,2024-11-29,ERROR,ERROR,ERROR,ERROR
Tron-o-matic 1 Pro,NewYork_02,2024-11-30,ERROR,ERROR,ERROR,ERROR
Tron-o-matic 1 Pro,NewYork_02,2024-12-01,ERROR,ERROR,ERROR,ERROR
Tron-o-matic 1 Pro,NewYork_02,2024-12-02,ERROR,ERROR,ERROR,ERROR
Tron-o-matic 1 Pro,NewYork_02,2024-12-03,ERROR,ERROR,ERROR,ERROR
Tron-o-matic 1 Pro,NewYork_02,2024-12-04,ERROR,ERROR,ERROR,ERROR
Tron-o-matic 1 Pro,NewYork_02,2024-12-05,ERROR,ERROR,ERROR,ERROR
Tron-o-matic 1 Pro,NewYork_02,2024-12-06,ERROR,ERROR,ERROR,ERROR
Tron-o-matic 1 Pro,NewYork_02,2024-12-07,ERROR,ERROR,ERROR,ERROR
Tron-o-matic 1 Pro,NewYork_02,2024-12-08,ERROR,ERROR,ERROR,ERROR
Tron-o-matic 1 Pro,NewYork_02,2024-12-09,ERROR,ERROR,ERROR,ERROR
Tron-o-matic 1 Pro,NewYork_02,2024-12-10,ERROR,ERROR,ERROR,ERROR
Tron-o-matic 1 Pro,NewYork_02,2024-12-11,ERROR,ERROR,ERROR,ERROR
Tron-o-matic 1 Pro,NewYork_02,2024-12-12,ERROR,ERROR,ERROR,ERROR
Tron-o-matic 1 Pro,NewYork_02,2024-12-13,ERROR,ERROR,ERROR,ERROR
Tron-o-matic 1 Pro,NewYork_02,2024-12-14,ERROR,ERROR,ERROR,ERROR
Tron-o-matic 1 Pro,NewYork_02,2024-12-15,ERROR,ERROR,ERROR,ERROR
Tron-o-matic 1 Pro,NewYork_02,2024-12-16,ERROR,ERROR,ERROR,ERROR
Tron-o-matic 1 Pro,NewYork_02,2024-12-17,ERROR,ERROR,ERROR,ERROR
Tron-o-matic 1 Pro,NewYork_02,2024-12-18,ERROR,ERROR,ERROR,ERROR
Tron-o-matic 1 Pro,NewYork_02,2024-12-19,ERROR,ERROR,ERROR,ERROR
Tron-o-matic 1 Pro,NewYork_02,2024-12-20,ERROR,ERROR,ERROR,ERROR
Tron-o-matic 1 Pro,NewYork_02,2024-12-21,ERROR,ERROR,ERROR,ERROR
Tron-o-matic 1 Pro,NewYork_02,2024-12-22,ERROR,ERROR,ERROR,ERROR
Tron-o-matic 1 Pro,NewYork_02,2024-12-23,ERROR,ERROR,ERROR,ERROR
Tron-o-matic 1 Pro,NewYork_02,2024-12-24,ERROR,ERROR,ERROR,ERROR
Tron-o-matic 1 Pro,NewYork_02,2024-12-25,ERROR,ERROR,ERROR,ERROR
Tron-o-matic 1 Pro,NewYork_02,2024-12-26,ERROR,ERROR,ERROR,ERROR
Tron-o-matic 1 Pro,NewYork_02,2024-12-27,ERROR,ERROR,ERROR,ERROR
Tron-o-matic 1 Pro,NewYork_02,2024-12-28,ERROR,ERROR,ERROR,ERROR
Tron-o-matic 1 Pro,NewYork_02,2024-12-29,ERROR,ERROR,ERROR,ERROR
Tron-o-matic 1 Pro,NewYork_02,2024-12-30,ERROR,ERROR,ERROR,ERROR
Tron-o-matic 1 Pro,NewYork_02,2024-12-31,ERROR,ERROR,ERROR,ERROR
Tron-o-matic 1,WashingtonDC_01,2024-10-01,ERROR,ERROR,ERROR,ERROR
Tron-o-matic 1,WashingtonDC_01,2024-10-02,ERROR,ERROR,ERROR,ERROR
Tron-o-matic 1,WashingtonDC_01,2024-10-03,ERROR,ERROR,ERROR,ERROR
Tron-o-matic 1,WashingtonDC_01,2024-10-04,ERROR,ERROR,ERROR,ERROR
Tron-o-matic 1,WashingtonDC_01,2024-10-05,ERROR,ERROR,ERROR,ERROR
Tron-o-matic 1,WashingtonDC_01,2024-10-06,ERROR,ERROR,ERROR,ERROR
Tron-o-matic 1,WashingtonDC_01,2024-10-07,ERROR,ERROR,ERROR,ERROR
Tron-o-matic 1,WashingtonDC_01,2024-10-08,ERROR,ERROR,ERROR,ERROR
Tron-o-matic 1,WashingtonDC_01,2024-10-09,ERROR,ERROR,ERROR,ERROR
Tron-o-matic 1,WashingtonDC_01,2024-10-10,ERROR,ERROR,ERROR,ERROR
Tron-o-matic 1,WashingtonDC_01,2024-10-11,ERROR,ERROR,ERROR,ERROR
Tron-o-matic 1,WashingtonDC_01,2024-10-12,ERROR,ERROR,ERROR,ERROR
Tron-o-matic 1,WashingtonDC_01,2024-10-13,ERROR,ERROR,ERROR,ERROR
Tron-o-matic 1,WashingtonDC_01,2024-10-14,ERROR,ERROR,ERROR,ERROR
Tron-o-matic 1,WashingtonDC_01,2024-10-15,ERROR,ERROR,ERROR,ERROR
Tron-o-matic 1,WashingtonDC_01,2024-10-16,ERROR,ERROR,ERROR,ERROR
Tron-o-matic 1,WashingtonDC_01,2024-10-17,ERROR,ERROR,ERROR,ERROR
Tron-o-matic 1,WashingtonDC_01,2024-10-18,ERROR,ERROR,ERROR,ERROR
Tron-o-matic 1,WashingtonDC_01,2024-10-19,ERROR,ERROR,ERROR,ERROR
Tron-o-matic 1,WashingtonDC_01,2024-10-20,ERROR,ERROR,ERROR,ERROR
Tron-o-matic 1,WashingtonDC_01,2024-10-21,ERROR,ERROR,ERROR,ERROR
Tron-o-matic 1,WashingtonDC_01,2024-10-22,ERROR,ERROR,ERROR,ERROR
Tron-o-matic 1,WashingtonDC_01,2024-10-23,ERROR,ERROR,ERROR,ERROR
Tron-o-matic 1,WashingtonDC_01,2024-10-24,ERROR,ERROR,ERROR,ERROR
Tron-o-matic 1,WashingtonDC_01,2024-10-25,ERROR,ERROR,ERROR,ERROR
Tron-o-matic 1,WashingtonDC_01,2024-10-26,ERROR,ERROR,ERROR,ERROR
Tron-o-matic 1,WashingtonDC_01,2024-10-27,ERROR,ERROR,ERROR,ERROR
Tron-o-matic 1,WashingtonDC_01,2024-10-28,ERROR,ERROR,ERROR,ERROR
Tron-o-matic 1,WashingtonDC_01,2024-10-29,ERROR,ERROR,ERROR,ERROR
Tron-o-matic 1,WashingtonDC_01,2024-10-30,ERROR,ERROR,ERROR,ERROR
Tron-o-matic 1,WashingtonDC_01,2024-10-31,ERROR,ERROR,ERROR,ERROR
Tron-o-matic 1,WashingtonDC_01,2024-11-01,ERROR,ERROR,ERROR,ERROR
Tron-o-matic 1,WashingtonDC_01,2024-11-02,ERROR,ERROR,ERROR,ERROR
Tron-o-matic 1,WashingtonDC_01,2024-11-03,ERROR,ERROR,ERROR,ERROR
Tron-o-matic 1,WashingtonDC_01,2024-11-04,ERROR,ERROR,ERROR,ERROR
Tron-o-matic 1,WashingtonDC_01,2024-11-05,ERROR,ERROR,ERROR,ERROR
Tron-o-matic 1,WashingtonDC_01,2024-11-06,ERROR,ERROR,ERROR,ERROR
Tron-o-matic 1,WashingtonDC_01,2024-11-07,ERROR,ERROR,ERROR,ERROR
Tron-o-matic 1,WashingtonDC_01,2024-11-08,ERROR,ERROR,ERROR,ERROR
Tron-o-matic 1,WashingtonDC_01,2024-11-09,ERROR,ERROR,ERROR,ERROR
Tron-o-matic 1,WashingtonDC_01,2024-11-10,ERROR,ERROR,ERROR,ERROR
Tron-o-matic 1,WashingtonDC_01,2024-11-11,ERROR,ERROR,ERROR,ERROR
Tron-o-matic 1,WashingtonDC_01,2024-11-12,ERROR,ERROR,ERROR,ERROR
Tron-o-matic 1,WashingtonDC_01,2024-11-13,ERROR,ERROR,ERROR,ERROR
Tron-o-matic 1,WashingtonDC_01,2024-11-14,ERROR,ERROR,ERROR,ERROR
Tron-o-matic 1,WashingtonDC_01,2024-11-15,ERROR,ERROR,ERROR,ERROR
Tron-o-matic 1,WashingtonDC_01,2024-11-16,ERROR,ERROR,ERROR,ERROR
Tron-o-matic 1,WashingtonDC_01,2024-11-17,ERROR,ERROR,ERROR,ERROR
Tron-o-matic 1,WashingtonDC_01,2024-11-18,ERROR,ERROR,ERROR,ERROR
Tron-o-matic 1,WashingtonDC_01,2024-11-19,ERROR,ERROR,ERROR,ERROR
Tron-o-matic 1,WashingtonDC_01,2024-11-20,ERROR,ERROR,ERROR,ERROR
Tron-o-matic 1,WashingtonDC_01,2024-11-21,ERROR,ERROR,ERROR,ERROR
Tron-o-matic 1,WashingtonDC_01,2024-11-22,ERROR,ERROR,ERROR,ERROR
Tron-o-matic 1,WashingtonDC_01,2024-11-23,ERROR,ERROR,ERROR,ERROR
Tron-o-matic 1,WashingtonDC_01,2024-11-24,ERROR,ERROR,ERROR,ERROR
Tron-o-matic 1,WashingtonDC_01,2024-11-25,ERROR,ERROR,ERROR,ERROR
Tron-o-matic 1,WashingtonDC_01,2024-11-26,ERROR,ERROR,ERROR,ERROR
Tron-o-matic 1,WashingtonDC_01,2024-11-27,ERROR,ERROR,ERROR,ERROR
Tron-o-matic 1,WashingtonDC_01,2024-11-28,ERROR,ERROR,ERROR,ERROR
Tron-o-matic 1,WashingtonDC_01,2024-11-29,ERROR,ERROR,ERROR,ERROR
Tron-o-matic 1,WashingtonDC_01,2024-11-30,ERROR,ERROR,ERROR,ERROR
Tron-o-matic 1,WashingtonDC_01,2024-12-01,ERROR,ERROR,ERROR,ERROR
Tron-o-matic 1,WashingtonDC_01,2024-12-02,ERROR,ERROR,ERROR,ERROR
Tron-o-matic 1,WashingtonDC_01,2024-12-03,ERROR,ERROR,ERROR,ERROR
Tron-o-matic 1,WashingtonDC_01,2024-12-04,ERROR,ERROR,ERROR,ERROR
Tron-o-matic 1,WashingtonDC_01,2024-12-05,ERROR,ERROR,ERROR,ERROR
Tron-o-matic 1,WashingtonDC_01,2024-12-06,ERROR,ERROR,ERROR,ERROR
Tron-o-matic 1,WashingtonDC_01,2024-12-07,ERROR,ERROR,ERROR,ERROR
Tron-o-matic 1,WashingtonDC_01,2024-12-08,ERROR,ERROR,ERROR,ERROR
Tron-o-matic 1,WashingtonDC_01,2024-12-09,ERROR,ERROR,ERROR,ERROR
Tron-o-matic 1,WashingtonDC_01,2024-12-10,ERROR,ERROR,ERROR,ERROR
Tron-o-matic 1,WashingtonDC_01,2024-12-11,ERROR,ERROR,ERROR,ERROR
Tron-o-matic 1,WashingtonDC_01,2024-12-12,ERROR,ERROR,ERROR,ERROR
Tron-o-matic 1,WashingtonDC_01,2024-12-13,ERROR,ERROR,ERROR,ERROR
Tron-o-matic 1,WashingtonDC_01,2024-12-14,ERROR,ERROR,ERROR,ERROR
Tron-o-matic 1,WashingtonDC_01,2024-12-15,ERROR,ERROR,ERROR,ERROR
Tron-o-matic 1,WashingtonDC_01,2024-12-16,ERROR,ERROR,ERROR,ERROR
Tron-o-matic 1,WashingtonDC_01,2024-12-17,ERROR,ERROR,ERROR,ERROR
Tron-o-matic 1,WashingtonDC_01,2024-12-18,ERROR,ERROR,ERROR,ERROR
Tron-o-matic 1,WashingtonDC_01,2024-12-19,ERROR,ERROR,ERROR,ERROR
Tron-o-matic 1,WashingtonDC_01,2024-12-20,ERROR,ERROR,ERROR,ERROR
Tron-o-matic 1,WashingtonDC_01,2024-12-21,ERROR,ERROR,ERROR,ERROR
Tron-o-matic 1,WashingtonDC_01,2024-12-22,ERROR,ERROR,ERROR,ERROR
Tron-o-matic 1,WashingtonDC_01,2024-12-23,ERROR,ERROR,ERROR,ERROR
Tron-o-matic 1,WashingtonDC_01,2024-12-24,ERROR,ERROR,ERROR,ERROR
Tron-o-matic 1,WashingtonDC_01,2024-12-25,ERROR,ERROR,ERROR,ERROR
Tron-o-matic 1,WashingtonDC_01,2024-12-26,ERROR,ERROR,ERROR,ERROR
Tron-o-matic 1,WashingtonDC_01,2024-12-27,ERROR,ERROR,ERROR,ERROR
Tron-o-matic 1,WashingtonDC_01,2024-12-28,ERROR,ERROR,ERROR,ERROR
Tron-o-matic 1,WashingtonDC_01,2024-12-29,ERROR,ERROR,ERROR,ERROR
Tron-o-matic 1,WashingtonDC_01,2024-12-30,ERROR,ERROR,ERROR,ERROR
Tron-o-matic 1,WashingtonDC_01,2024-12-31,ERROR,ERROR,ERROR,ERROR
Tron-o-matic 2 Pro,Atlanta_01,2024-10-01,19.952301837657696,22.205932845107185,24.57905731200085,22.167938121612483
Tron-o-matic 2 Pro,Atlanta_01,2024-10-02,17.02514834419931,19.229787621300307,21.629158135993343,19.305262456667332
Tron-o-matic 2 Pro,Atlanta_01,2024-10-03,16.78910525181925,18.522068989755184,20.75998535863248,18.635292629788253
Tron-o-matic 2 Pro,Atlanta_01,2024-10-04,19.93854477004735,21.720636231487788,23.853931767037512,21.70745270519194
Tron-o-matic 2 Pro,Atlanta_01,2024-10-05,28.962471081732645,30.843300198012,32.637759021189964,30.867323662289245
Tron-o-matic 2 Pro,Atlanta_01,2024-10-06,22.790799933051826,25.003877820448842,26.721460973932082,24.891323908492506
Tron-o-matic 2 Pro,Atlanta_01,2024-10-07,19.685498182738908,21.514802411847498,23.208141360806014,21.511532464852884
Tron-o-matic 2 Pro,Atlanta_01,2024-10-08,22.722285893545074,24.62604755637706,27.108095166092923,24.816168134688713
Tron-o-matic 2 Pro,Atlanta_01,2024-10-09,17.328377630428697,19.033100927665938,21.07838242631722,19.118139838286897
Tron-o-matic 2 Pro,Atlanta_01,2024-10-10,16.89137192169776,18.742816854147716,20.54101391477292,18.766501904042602
Tron-o-matic 2 Pro,Atlanta_01,2024-10-11,19.78257420818634,21.577140049716615,23.37270793341474,21.598152393914873
Tron-o-matic 2 Pro,Atlanta_01,2024-10-12,16.641067651894705,18.324821478754117,20.26461359313867,18.387635625816404
Tron-o-matic 2 Pro,Atlanta_01,2024-10-13,16.9433485767772,18.840387710785834,20.66172912541309,18.819659254434807
Tron-o-matic 2 Pro,Atlanta_01,2024-10-14,16.990050346785974,18.657734430004798,20.35617548391301,18.600487492154247
Tron-o-matic 2 Pro,Atlanta_01,2024-10-15,20.242810333730844,22.575267185113404,24.594722113696182,22.557668176453202
Tron-o-matic 2 Pro,Atlanta_01,2024-10-16,16.783550438744985,19.064896328561836,21.047349957567153,18.907108425220134
Tron-o-matic 2 Pro,Atlanta_01,2024-10-17,16.509642429222836,18.049811740966334,19.955798332646943,18.0959472909419
Tron-o-matic 2 Pro,Atlanta_01,2024-10-18,29.708371764718628,31.7946111223122,33.33197556149169,31.618038819362724
Tron-o-matic 2 Pro,Atlanta_01,2024-10-19,20.49966624504883,22.172487365480205,23.793110948962415,22.083787786171925
Tron-o-matic 2 Pro,Atlanta_01,2024-10-20,16.483823693760574,18.832549391127714,20.484701374062887,18.560032773348972
Tron-o-matic 2 Pro,Atlanta_01,2024-10-21,16.313268928360202,18.050440277381064,20.454048739353226,18.168044497344376
Tron-o-matic 2 Pro,Atlanta_01,2024-10-22,16.368126941198312,18.68089366534086,19.989733807449717,18.4174385030513
Tron-o-matic 2 Pro,Atlanta_01,2024-10-23,18.808759558863436,20.938236254397477,22.741139906034554,20.810687057479786
Tron-o-matic 2 Pro,Atlanta_01,2024-10-24,15.933640955678644,17.532035100803274,19.842605463919075,17.707938155498876
Tron-o-matic 2 Pro,Atlanta_01,2024-10-25,29.77528435312557,31.778762410996837,33.24495000231368,31.593165857727836
Tron-o-matic 2 Pro,Atlanta_01,2024-10-26,21.555290595258647,23.82384145954675,25.95909048433809,23.795000363962487
Tron-o-matic 2 Pro,Atlanta_01,2024-10-27,16.26641691392117,17.707980429727474,19.560961553202368,17.74172562051545
Tron-o-matic 2 Pro,Atlanta_01,2024-10-28,30.256610345622498,31.983903248218063,34.05345025942437,32.05998039416573
Tron-o-matic 2 Pro,Atlanta_01,2024-10-29,31.8939864722734,33.91464507868045,35.84516144983309,33.88652302549758
Tron-o-matic 2 Pro,Atlanta_01,2024-10-30,18.91099105330828,20.568065929209485,22.564846813758752,20.705870790608973
Tron-o-matic 2 Pro,Atlanta_01,2024-10-31,15.26218973432422,17.01881139571829,19.18295893733835,17.120412416569295
Tron-o-matic 2 Pro,Atlanta_01,2024-11-01,21.86848453579141,23.63426317508233,25.665678876021307,23.639204929512186
Tron-o-matic 2 Pro,Atlanta_01,2024-11-02,15.047997172605582,16.597219209373364,18.933709348306827,16.791051206765577
Tron-o-matic 2 Pro,Atlanta_01,2024-11-03,14.512405709910777,16.79145112422009,18.522106329536676,16.813421557877163
Tron-o-matic 2 Pro,Atlanta_01,2024-11-04,14.850872981069546,17.04590121649209,18.717146326436687,16.798479763497063
Tron-o-matic 2 Pro,Atlanta_01,2024-11-05,14.909089157813765,16.57395892592427,18.700286118552196,16.72551972730516
Tron-o-matic 2 Pro,Atlanta_01,2024-11-06,19.919772230400657,21.954966051624485,23.848378084740492,21.73328748741864
Tron-o-matic 2 Pro,Atlanta_01,2024-11-07,14.84416884608953,16.81085861264289,18.42774134462373,16.531157833927416
Tron-o-matic 2 Pro,Atlanta_01,2024-11-08,14.627280580928446,16.510978519744267,18.220369096950574,16.48538946799225
Tron-o-matic 2 Pro,Atlanta_01,2024-11-09,14.824903043468105,16.624921048879607,17.94204222706136,16.436096255093908
Tron-o-matic 2 Pro,Atlanta_01,2024-11-10,14.543111581138174,16.326996231587692,18.608988901149164,16.505352203981417
Tron-o-matic 2 Pro,Atlanta_01,2024-11-11,14.435045559290021,16.409965147905126,18.011393854222018,16.290486590480764
Tron-o-matic 2 Pro,Atlanta_01,2024-11-12,14.799818093190554,16.763600151501663,18.70885518005819,16.67638195248885
Tron-o-matic 2 Pro,Atlanta_01,2024-11-13,20.78862325297454,22.596322867209118,24.419940231709166,22.613927705364553
Tron-o-matic 2 Pro,Atlanta_01,2024-11-14,13.721512714362952,15.972510295595784,17.799333933032802,15.8127953016125
Tron-o-matic 2 Pro,Atlanta_01,2024-11-15,14.059641669655514,16.351963881678735,18.284552894386756,16.205083711933213
Tron-o-matic 2 Pro,Atlanta_01,2024-11-16,13.84209082434228,15.737504243800064,17.675897393288707,15.7597831987879
Tron-o-matic 2 Pro,Atlanta_01,2024-11-17,19.647559083553375,21.563951358943857,23.654508267591897,21.599189258273103
Tron-o-matic 2 Pro,Atlanta_01,2024-11-18,18.48984406702444,20.63551260940583,22.793547838818416,20.68897538905163
Tron-o-matic 2 Pro,Atlanta_01,2024-11-19,19.722148114467156,21.914392324518946,23.785624818767037,21.851931913666277
Tron-o-matic 2 Pro,Atlanta_01,2024-11-20,28.05845800020654,29.633590665466997,31.48234146298103,29.68335608836282
Tron-o-matic 2 Pro,Atlanta_01,2024-11-21,14.02947081874747,15.700752633559595,17.665901389726297,15.767215472709188
Tron-o-matic 2 Pro,Atlanta_01,2024-11-22,28.970196559316978,31.438395579460064,32.831137064835644,31.135647089899535
Tron-o-matic 2 Pro,Atlanta_01,2024-11-23,25.628091255126165,27.540280238726698,29.377521361475203,27.454597475537213
Tron-o-matic 2 Pro,Atlanta_01,2024-11-24,20.075690795907782,22.138775798436498,23.95839050896302,22.152901910806005
Tron-o-matic 2 Pro,Atlanta_01,2024-11-25,26.342826731282507,28.464435566261,30.226119085195183,28.36273185750086
Tron-o-matic 2 Pro,Atlanta_01,2024-11-26,18.09610456410134,19.8797871231347,21.38714175066685,19.782418364671276
Tron-o-matic 2 Pro,Atlanta_01,2024-11-27,13.838753765130132,15.930021735541994,17.9696167960004,15.949194236493954
Tron-o-matic 2 Pro,Atlanta_01,2024-11-28,13.498552854939653,15.825454733455482,17.589720251681808,15.662219498598981
Tron-o-matic 2 Pro,Atlanta_01,2024-11-29,31.882833717234018,33.712365657687194,35.51478375001207,33.67732269290436
Tron-o-matic 2 Pro,Atlanta_01,2024-11-30,17.74640140525068,19.692183184952093,21.09233925126904,19.552893735211768
Tron-o-matic 2 Pro,Atlanta_01,2024-12-01,25.584501003141625,27.72698470403444,29.72791342119157,27.702246655277133
Tron-o-matic 2 Pro,Atlanta_01,2024-12-02,14.202925963360546,15.692284692764506,17.597179448250937,15.811248710823698
Tron-o-matic 2 Pro,Atlanta_01,2024-12-03,14.14549037761112,16.022650691372807,18.271374493923425,16.06342610090974
Tron-o-matic 2 Pro,Atlanta_01,2024-12-04,14.916072387015943,16.262374089268505,17.9752325686595,16.374228044063813
Tron-o-matic 2 Pro,Atlanta_01,2024-12-05,13.732096293906986,15.675261555125344,17.69148248489064,15.644382757942408
Tron-o-matic 2 Pro,Atlanta_01,2024-12-06,13.782557878618205,15.856501504176236,17.74337226683853,15.695004545107032
Tron-o-matic 2 Pro,Atlanta_01,2024-12-07,19.970147988850943,21.923734399145218,23.880780369643922,22.040395050614663
Tron-o-matic 2 Pro,Atlanta_01,2024-12-08,14.385971309588967,16.0922535649389,17.82627411452907,16.19349082492334
Tron-o-matic 2 Pro,Atlanta_01,2024-12-09,25.58606596285777,28.10348249248659,30.137885326477125,28.062314993990544
Tron-o-matic 2 Pro,Atlanta_01,2024-12-10,14.039252841251265,16.323965109831107,18.054805785612736,16.22836045102147
Tron-o-matic 2 Pro,Atlanta_01,2024-12-11,26.548102392329778,28.386788516378935,30.34044011556618,28.436004603645955
Tron-o-matic 2 Pro,Atlanta_01,2024-12-12,14.127145515663637,15.98420756543066,17.75455635027874,15.987640306571935
Tron-o-matic 2 Pro,Atlanta_01,2024-12-13,13.70475092650471,15.82650731381094,17.992485239217586,15.745715177413352
Tron-o-matic 2 Pro,Atlanta_01,2024-12-14,13.658577007358133,15.731569211171509,17.79749872680996,15.652708712562546
Tron-o-matic 2 Pro,Atlanta_01,2024-12-15,17.967604650701976,20.032813872885875,21.931875169757728,19.950237989684492
Tron-o-matic 2 Pro,Atlanta_01,2024-12-16,16.785732396064265,18.873682807134117,20.790307745845574,18.831500663654218
Tron-o-matic 2 Pro,Atlanta_01,2024-12-17,21.78959070946766,23.881624010099245,26.037665262563664,23.778978040720204
Tron-o-matic 2 Pro,Atlanta_01,2024-12-18,13.518421309134265,15.743412087778339,17.907429946976038,15.826035601276937
Tron-o-matic 2 Pro,Atlanta_01,2024-12-19,29.9517833975153,31.8520609808364,33.70471527007901,31.80678078786512
Tron-o-matic 2 Pro,Atlanta_01,2024-12-20,17.670172668733997,19.482219611447142,21.509313379698284,19.48197469552243
Tron-o-matic 2 Pro,Atlanta_01,2024-12-21,14.10923668767379,15.866274267880824,17.829817654533905,15.830041416933641
Tron-o-matic 2 Pro,Atlanta_01,2024-12-22,14.108241307187262,16.21375977674581,17.877444955405643,16.089686660178536
Tron-o-matic 2 Pro,Atlanta_01,2024-12-23,26.26300658547479,28.15734843619579,30.14567801333268,28.195782101963367
Tron-o-matic 2 Pro,Atlanta_01,2024-12-24,14.208561075697025,16.243845982042217,18.357698512586516,16.3691621224266
Tron-o-matic 2 Pro,Atlanta_01,2024-12-25,14.619768836342526,16.630956767830558,18.387339718860535,16.48147428055638
Tron-o-matic 2 Pro,Atlanta_01,2024-12-26,14.140181779025937,16.138643063221163,17.848440588112307,16.14300811018707
Tron-o-matic 2 Pro,Atlanta_01,2024-12-27,14.294541843206977,16.136947829013994,18.175360814830785,16.19474297928511
Tron-o-matic 2 Pro,Atlanta_01,2024-12-28,14.256351696675441,16.16822123783561,18.239912252452406,16.244816851026634
Tron-o-matic 2 Pro,Atlanta_01,2024-12-29,14.498275595801408,16.728019865006658,19.283618337625747,16.64770318982839
Tron-o-matic 2 Pro,Atlanta_01,2024-12-30,14.787229481181274,16.626930807077652,18.858318258453227,16.583884582100982
Tron-o-matic 2 Pro,Atlanta_01,2024-12-31,21.82059664776716,23.87379580106251,25.72787122927663,23.796239643558742
Tron-o-matic 2 Pro,Philadelphia_01,2024-10-01,19.645140376881184,21.7036406719234,23.384631047768483,21.71045151726603
Tron-o-matic 2 Pro,Philadelphia_01,2024-10-02,16.70357512901045,19.19691520503747,21.17385068011013,19.032274440201903
Tron-o-matic 2 Pro,Philadelphia_01,2024-10-03,16.814403144585018,18.669221022222747,20.844964849948198,18.808803049778213
Tron-o-matic 2 Pro,Philadelphia_01,2024-10-04,20.08029849704269,21.928231397388664,23.81232386641626,21.875419111974903
Tron-o-matic 2 Pro,Philadelphia_01,2024-10-05,29.096696192960874,31.11687884865794,32.96972025935441,31.088152438270402
Tron-o-matic 2 Pro,Philadelphia_01,2024-10-06,23.292906840956455,24.808817046930812,26.91028264485438,24.93428980224753
Tron-o-matic 2 Pro,Philadelphia_01,2024-10-07,19.559812043469687,21.73541065687978,23.638010250572236,21.65656000060982
Tron-o-matic 2 Pro,Philadelphia_01,2024-10-08,22.24707310725063,24.28985366250522,26.16435927270499,24.24330241850709
Tron-o-matic 2 Pro,Philadelphia_01,2024-10-09,16.799964324513553,18.850677073739504,20.49179902536002,18.7934799595374
Tron-o-matic 2 Pro,Philadelphia_01,2024-10-10,16.68199054161429,18.2061194701337,20.609014583598608,18.397857085354225
Tron-o-matic 2 Pro,Philadelphia_01,2024-10-11,19.67243806963965,21.682986307047894,23.218656791029943,21.581304552624488
Tron-o-matic 2 Pro,Philadelphia_01,2024-10-12,16.69838781385031,18.71362099727686,20.532486576795275,18.680441694184058
Tron-o-matic 2 Pro,Philadelphia_01,2024-10-13,16.767071980196878,18.75669337387129,20.949768218544722,18.772609366071926
Tron-o-matic 2 Pro,Philadelphia_01,2024-10-14,16.82134656682706,18.61310280516674,20.187192576972972,18.559544340505955
Tron-o-matic 2 Pro,Philadelphia_01,2024-10-15,20.46880449197859,22.471310728115128,24.175334427526696,22.45936806393729
Tron-o-matic 2 Pro,Philadelphia_01,2024-10-16,16.743698934171427,18.43467256874339,20.440811183044506,18.509947828011573
Tron-o-matic 2 Pro,Philadelphia_01,2024-10-17,16.23220972654662,18.16977689373365,20.242499499744653,18.224056981124264
Tron-o-matic 2 Pro,Philadelphia_01,2024-10-18,30.16724777369063,31.852154862642067,34.01752742221874,31.971114032666293
Tron-o-matic 2 Pro,Philadelphia_01,2024-10-19,20.305341243373444,22.250498669154087,24.189384021899244,22.311692671943547
Tron-o-matic 2 Pro,Philadelphia_01,2024-10-20,16.50380460666959,18.275613453927345,20.52239863510699,18.372734730437575
Tron-o-matic 2 Pro,Philadelphia_01,2024-10-21,15.929284889303686,18.204651728604276,20.414025113923035,18.144141588962306
Tron-o-matic 2 Pro,Philadelphia_01,2024-10-22,15.805504036255053,18.025393067768853,20.27557933477721,18.125555369756313
Tron-o-matic 2 Pro,Philadelphia_01,2024-10-23,19.02969701587689,20.72975037925203,22.956620845285062,20.856002361994634
Tron-o-matic 2 Pro,Philadelphia_01,2024-10-24,15.403684288965172,17.700404492643397,19.392406133062252,17.548833426002496
Tron-o-matic 2 Pro,Philadelphia_01,2024-10-25,29.505649958533606,31.354058746709452,33.359334841748044,31.314714160647668
Tron-o-matic 2 Pro,Philadelphia_01,2024-10-26,22.185488174757,24.195937035918554,25.899572493305307,24.159887178502345
Tron-o-matic 2 Pro,Philadelphia_01,2024-10-27,15.671470508976794,17.498899582144823,19.26554750304143,17.490099012350473
Tron-o-matic 2 Pro,Philadelphia_01,2024-10-28,29.537064677795914,31.836254638048743,34.02801958465763,31.78687054721579
Tron-o-matic 2 Pro,Philadelphia_01,2024-10-29,31.891462285315654,34.18669132722736,36.28985081333949,34.034811325276756
Tron-o-matic 2 Pro,Philadelphia_01,2024-10-30,19.00233172419622,20.815655902485776,22.484864221444763,20.74345121351224
Tron-o-matic 2 Pro,Philadelphia_01,2024-10-31,14.826126898022402,16.876314081348976,18.90664153308586,16.940851895495033
Tron-o-matic 2 Pro,Philadelphia_01,2024-11-01,21.52280553553561,23.509600853908008,25.49436454740099,23.53829485012294
Tron-o-matic 2 Pro,Philadelphia_01,2024-11-02,15.182269023990198,16.975838720135833,19.191712508902608,17.101240788888813
Tron-o-matic 2 Pro,Philadelphia_01,2024-11-03,15.040764194001692,17.08869921621003,18.707336312095496,17.003157883796113
Tron-o-matic 2 Pro,Philadelphia_01,2024-11-04,15.069834494023826,16.669634546765494,18.488002827954467,16.73016211450787
Tron-o-matic 2 Pro,Philadelphia_01,2024-11-05,14.637293095721597,16.766528153714386,18.603125438077715,16.731177054503412
Tron-o-matic 2 Pro,Philadelphia_01,2024-11-06,19.52249531216797,21.900783007135132,24.263015902098516,21.880656748709207
Tron-o-matic 2 Pro,Philadelphia_01,2024-11-07,14.131265201403087,16.333844314221533,18.30308298452618,16.214562177981858
Tron-o-matic 2 Pro,Philadelphia_01,2024-11-08,14.813420594205992,16.538033756986994,18.779230816499442,16.690367706086143
Tron-o-matic 2 Pro,Philadelphia_01,2024-11-09,14.176995256332106,15.657950797622172,17.967417316281793,15.876115617005347
Tron-o-matic 2 Pro,Philadelphia_01,2024-11-10,13.954872534928167,16.444017407814126,18.529251384676265,16.25272951259527
Tron-o-matic 2 Pro,Philadelphia_01,2024-11-11,14.677339187422382,16.426894171605593,18.203677798606883,16.43708708268743
Tron-o-matic 2 Pro,Philadelphia_01,2024-11-12,14.5005936643067,16.535587528630227,18.62358335800061,16.50586630760479
Tron-o-matic 2 Pro,Philadelphia_01,2024-11-13,20.413080109783763,22.21531876252582,24.89905342543068,22.33757003810178
Tron-o-matic 2 Pro,Philadelphia_01,2024-11-14,14.562711965527463,16.392871846733698,18.218249364238602,16.329846143328368
Tron-o-matic 2 Pro,Philadelphia_01,2024-11-15,13.741737500025565,15.863517202184196,18.010119213052533,15.90913685508928
Tron-o-matic 2 Pro,Philadelphia_01,2024-11-16,14.159707939141105,16.284633193359554,18.29349861503167,16.17472185224144
Tron-o-matic 2 Pro,Philadelphia_01,2024-11-17,19.71435027386055,21.588084489920384,23.687615334733557,21.592760551946057
Tron-o-matic 2 Pro,Philadelphia_01,2024-11-18,18.800808822426184,20.478105554154666,22.42631782263095,20.458797240031007
Tron-o-matic 2 Pro,Philadelphia_01,2024-11-19,19.48704443965737,21.65562923506225,23.63010964040938,21.677973487930952
Tron-o-matic 2 Pro,Philadelphia_01,2024-11-20,27.064821609676628,29.12184803557844,30.944295803966416,29.119913136532105
Tron-o-matic 2 Pro,Philadelphia_01,2024-11-21,13.405793167918429,15.542389735073733,17.662584960013962,15.684794242491824
Tron-o-matic 2 Pro,Philadelphia_01,2024-11-22,29.490417947516303,31.52280693038727,33.56192587322098,31.467241296792853
Tron-o-matic 2 Pro,Philadelphia_01,2024-11-23,25.190738933774394,27.316073245113028,29.20502738794629,27.314662407089433
Tron-o-matic 2 Pro,Philadelphia_01,2024-11-24,20.54779007815952,22.11737322509694,24.406838400250436,22.37098461458294
Tron-o-matic 2 Pro,Philadelphia_01,2024-11-25,26.20472059311733,28.21649970514242,30.448071462131534,28.341607396660606
Tron-o-matic 2 Pro,Philadelphia_01,2024-11-26,17.921234114415093,19.974595247609226,21.68769125262605,19.786271104309403
Tron-o-matic 2 Pro,Philadelphia_01,2024-11-27,13.56813109657862,15.602286822615525,17.436832261946616,15.60005397865865
Tron-o-matic 2 Pro,Philadelphia_01,2024-11-28,13.181485854154294,15.586465889064552,17.51491323772481,15.432269073615899
Tron-o-matic 2 Pro,Philadelphia_01,2024-11-29,31.5760403616894,33.389853288635706,35.71137094852074,33.57167491509019
Tron-o-matic 2 Pro,Philadelphia_01,2024-11-30,17.554971891885838,19.568196195188726,21.58549217621916,19.529068099873886
Tron-o-matic 2 Pro,Philadelphia_01,2024-12-01,25.450523656781144,27.78469361304981,30.000331553334064,27.778046100462717
Tron-o-matic 2 Pro,Philadelphia_01,2024-12-02,13.388254201868245,15.441127407640455,17.82005182452175,15.553739352145898
Tron-o-matic 2 Pro,Philadelphia_01,2024-12-03,14.206749451152907,16.129844144523126,17.731299310946213,16.033547799732634
Tron-o-matic 2 Pro,Philadelphia_01,2024-12-04,13.852647973909281,15.62855807662646,17.8217203619092,15.649335205131013
Tron-o-matic 2 Pro,Philadelphia_01,2024-12-05,12.855267970732692,15.709135667346684,17.48237235293673,15.363659987325846
Tron-o-matic 2 Pro,Philadelphia_01,2024-12-06,13.758716593383381,16.03639682433863,17.839479301143484,15.854384139553732
Tron-o-matic 2 Pro,Philadelphia_01,2024-12-07,20.326025059567247,22.341554067329337,24.35132350557261,22.25889147907411
Tron-o-matic 2 Pro,Philadelphia_01,2024-12-08,13.49594555714818,15.933337575875035,18.148427611151206,15.794184523927175
Tron-o-matic 2 Pro,Philadelphia_01,2024-12-09,26.332793169462327,28.239530501507225,30.593939972526783,28.467869308867417
Tron-o-matic 2 Pro,Philadelphia_01,2024-12-10,13.658158856605654,15.705990045774092,17.638097538603898,15.72488089832786
Tron-o-matic 2 Pro,Philadelphia_01,2024-12-11,26.08348340634797,28.136256003945057,30.41847897494177,28.16017199947761
Tron-o-matic 2 Pro,Philadelphia_01,2024-12-12,13.645235765601276,15.770390525505691,17.784544793325473,15.676010135485432
Tron-o-matic 2 Pro,Philadelphia_01,2024-12-13,13.653464143020624,15.294055507024018,17.364689607437086,15.417957133341211
Tron-o-matic 2 Pro,Philadelphia_01,2024-12-14,13.59143778102802,15.624737115700379,17.377274757534632,15.535039562372292
Tron-o-matic 2 Pro,Philadelphia_01,2024-12-15,18.224324511597946,20.02420476169289,22.005153526827513,20.10930967580874
Tron-o-matic 2 Pro,Philadelphia_01,2024-12-16,16.60818188658006,18.469659489722183,20.351711769100614,18.48718015622174
Tron-o-matic 2 Pro,Philadelphia_01,2024-12-17,22.109933589312888,24.232415600002355,25.740432408835087,23.90518218335265
Tron-o-matic 2 Pro,Philadelphia_01,2024-12-18,14.027600211014526,16.08437829110115,18.298832105696835,16.10939417331696
Tron-o-matic 2 Pro,Philadelphia_01,2024-12-19,30.05063990463661,31.973470000299795,34.438076830767876,32.08848344833367
Tron-o-matic 2 Pro,Philadelphia_01,2024-12-20,17.06939878194572,19.92466539721157,21.436063187302857,19.64330322359389
Tron-o-matic 2 Pro,Philadelphia_01,2024-12-21,13.589353935958854,15.936260518304042,17.810005717563033,15.705374752316825
Tron-o-matic 2 Pro,Philadelphia_01,2024-12-22,14.043980101629963,16.254297875292735,18.060753963065608,16.125093827417633
Tron-o-matic 2 Pro,Philadelphia_01,2024-12-23,25.96618305453455,28.341237154081195,30.078039916674175,28.095969153790083
Tron-o-matic 2 Pro,Philadelphia_01,2024-12-24,14.201231339269698,16.106605996703113,18.518109962138997,16.237301218876244
Tron-o-matic 2 Pro,Philadelphia_01,2024-12-25,14.793485729313737,16.320275577078935,18.202970363956517,16.327260196992377
Tron-o-matic 2 Pro,Philadelphia_01,2024-12-26,13.91744875932261,16.027065963821457,17.78796711622649,15.95258848607552
Tron-o-matic 2 Pro,Philadelphia_01,2024-12-27,14.604805791367127,16.111155089853142,17.99419388172205,16.223720013631482
Tron-o-matic 2 Pro,Philadelphia_01,2024-12-28,14.721561490285056,16.41694510811524,18.150473723770343,16.34242064575746
Tron-o-matic 2 Pro,Philadelphia_01,2024-12-29,14.38102814325363,16.474129738992936,18.342174693904155,16.53177083652196
Tron-o-matic 2 Pro,Philadelphia_01,2024-12-30,14.078589921571574,16.325444103078123,18.006977397423107,16.257193122932865
Tron-o-matic 2 Pro,Philadelphia_01,2024-12-31,21.055015214105417,23.53222845956406,25.471120327149038,23.47420258439297
Tron-o-matic 2 Pro,Chicago_01,2024-10-01,30.41268169043959,34.07053908710975,37.311199947426395,33.87731850043351
Tron-o-matic 2 Pro,Chicago_01,2024-10-02,26.39678971655581,29.361568007434542,33.07003919438685,29.585201674253913
Tron-o-matic 2 Pro,Chicago_01,2024-10-03,26.82818487443451,29.899914472028815,33.48089667167793,29.917267348763104
Tron-o-matic 2 Pro,Chicago_01,2024-10-04,31.618099495190933,34.58772653385802,37.2652169324652,34.429086532132985
Tron-o-matic 2 Pro,Chicago_01,2024-10-05,46.75588661845213,49.07197596363498,52.59866174289334,49.42555962941913
Tron-o-matic 2 Pro,Chicago_01,2024-10-06,36.42885167566576,39.58260486693313,42.993091816560934,39.619526751966085
Tron-o-matic 2 Pro,Chicago_01,2024-10-07,31.434302648415716,34.32429297568476,37.92740091768897,34.40361960407571
Tron-o-matic 2 Pro,Chicago_01,2024-10-08,35.84937061200121,39.13990137905961,42.5010540264575,39.06133978862594
Tron-o-matic 2 Pro,Chicago_01,2024-10-09,26.627744647843127,30.034335763244243,32.81140525315498,29.65152529937616
Tron-o-matic 2 Pro,Chicago_01,2024-10-10,26.534686586169233,29.56934499402024,32.58045165244806,29.492200426920945
Tron-o-matic 2 Pro,Chicago_01,2024-10-11,31.214690688258266,34.349817225164465,37.50507883995248,34.49901449886295
Tron-o-matic 2 Pro,Chicago_01,2024-10-12,26.80558907937835,30.328391411785454,33.53633812263848,30.097910609334182
Tron-o-matic 2 Pro,Chicago_01,2024-10-13,26.436370780375,29.60864902126805,33.00830494278304,29.723179726084844
Tron-o-matic 2 Pro,Chicago_01,2024-10-14,26.297687101783634,29.437949851232787,32.90012845774608,29.387736651901474
Tron-o-matic 2 Pro,Chicago_01,2024-10-15,32.07317916606024,34.94442502202695,38.95608382687665,35.087942074799834
Tron-o-matic 2 Pro,Chicago_01,2024-10-16,25.834264756602913,29.247422277134024,32.6332377985136,29.089764745224628
Tron-o-matic 2 Pro,Chicago_01,2024-10-17,25.845982512742456,29.14563059697469,32.92201833691202,29.14106928514894
Tron-o-matic 2 Pro,Chicago_01,2024-10-18,47.726001484173345,50.41662742133852,54.2416167144874,50.62947790773282
Tron-o-matic 2 Pro,Chicago_01,2024-10-19,32.701564491133816,35.77283892711932,38.15074922429945,35.57172961380993
Tron-o-matic 2 Pro,Chicago_01,2024-10-20,26.190233402697466,29.17317683609876,32.43706664177118,29.25695526714308
Tron-o-matic 2 Pro,Chicago_01,2024-10-21,25.564746602446235,28.63502927059168,31.553550815091253,28.625694835839557
Tron-o-matic 2 Pro,Chicago_01,2024-10-22,24.80467846472197,28.86434890266812,32.415684528870656,28.659913110150033
Tron-o-matic 2 Pro,Chicago_01,2024-10-23,30.617746689009962,33.36677633337788,36.11456333210582,33.37843919728304
Tron-o-matic 2 Pro,Chicago_01,2024-10-24,25.714613366104576,27.994739737399463,31.141809174276577,28.270408981136683
Tron-o-matic 2 Pro,Chicago_01,2024-10-25,46.76278650105946,50.039817206034876,53.81384856462176,50.05540629144295
Tron-o-matic 2 Pro,Chicago_01,2024-10-26,34.922540846832845,38.325447626359015,40.588243236419615,37.92004727655093
Tron-o-matic 2 Pro,Chicago_01,2024-10-27,25.48551810195056,28.240148955505088,31.23443663373545,28.256594904567187
Tron-o-matic 2 Pro,Chicago_01,2024-10-28,48.3697943846949,50.813811199163,53.596289165532454,50.82926676551169
Tron-o-matic 2 Pro,Chicago_01,2024-10-29,50.541955608244436,54.01056179777896,56.68172689699545,53.81675626648317
Tron-o-matic 2 Pro,Chicago_01,2024-10-30,29.945226116723425,32.83870713756543,36.29915740457573,32.855352678129464
Tron-o-matic 2 Pro,Chicago_01,2024-10-31,23.65814077341511,26.748550249473567,30.3268656663396,26.915082341356882
Tron-o-matic 2 Pro,Chicago_01,2024-11-01,34.591348196828584,37.2111098595539,40.75300683105396,37.46243506526423
Tron-o-matic 2 Pro,Chicago_01,2024-11-02,23.517390404408758,27.300505932982542,30.027920863350573,27.00729095824266
Tron-o-matic 2 Pro,Chicago_01,2024-11-03,23.93786213799721,27.41987555900229,29.959764377831785,27.03986910454285
Tron-o-matic 2 Pro,Chicago_01,2024-11-04,23.895498262134847,26.85555649965049,30.446144233056486,26.65626473401489
Tron-o-matic 2 Pro,Chicago_01,2024-11-05,23.914567143790517,27.023198902117173,29.782978277015918,26.83810568268989
Tron-o-matic 2 Pro,Chicago_01,2024-11-06,30.69830620031297,33.94622636553243,37.32463626391357,34.03880785975927
Tron-o-matic 2 Pro,Chicago_01,2024-11-07,22.98994624836342,25.981292086387327,28.828839640804595,25.865101882603145
Tron-o-matic 2 Pro,Chicago_01,2024-11-08,23.053571107935113,25.353382591894228,28.957830046412962,25.680712002080682
Tron-o-matic 2 Pro,Chicago_01,2024-11-09,22.71548169849399,25.562470581950784,28.057895095321165,25.468375368894794
Tron-o-matic 2 Pro,Chicago_01,2024-11-10,22.821924248922123,25.592925290164402,28.619942848021765,25.54245104480063
Tron-o-matic 2 Pro,Chicago_01,2024-11-11,22.65938444748726,25.372769995868843,27.987708941138735,25.32261420703089
Tron-o-matic 2 Pro,Chicago_01,2024-11-12,22.028204842719934,24.772414895097075,28.29189040682416,24.97762706047592
Tron-o-matic 2 Pro,Chicago_01,2024-11-13,31.644217629856144,35.63093484714592,38.228086430196406,35.13520476826246
Tron-o-matic 2 Pro,Chicago_01,2024-11-14,21.98064268373949,25.577736271419,28.60869207160787,25.43085910046161
Tron-o-matic 2 Pro,Chicago_01,2024-11-15,22.25860164345989,26.103439533090985,28.84150538168233,25.64388976628686
Tron-o-matic 2 Pro,Chicago_01,2024-11-16,22.33102423023694,25.733641178455166,28.18192395113569,25.388293206897252
Tron-o-matic 2 Pro,Chicago_01,2024-11-17,30.401646021634924,33.79453987442047,37.599370895143025,34.031202826668476
Tron-o-matic 2 Pro,Chicago_01,2024-11-18,30.33970861526346,33.11730516284496,36.32982631882007,33.124456703304624
Tron-o-matic 2 Pro,Chicago_01,2024-11-19,31.15639380178142,33.973408781921286,37.38239182062592,34.231878093094736
Tron-o-matic 2 Pro,Chicago_01,2024-11-20,43.47453651850447,46.839726754100376,50.19674924339451,46.82544257162739
Tron-o-matic 2 Pro,Chicago_01,2024-11-21,21.45637164351174,24.925214331905607,28.678135959452778,24.942416321070763
Tron-o-matic 2 Pro,Chicago_01,2024-11-22,47.19730971689684,50.2530489325032,52.76830537033107,50.04313743119502
Tron-o-matic 2 Pro,Chicago_01,2024-11-23,39.807508973695654,43.92283010398607,47.43993181152358,43.79257605133908
Tron-o-matic 2 Pro,Chicago_01,2024-11-24,32.20653597791635,35.72024561268361,38.46280947381581,35.419358119767566
Tron-o-matic 2 Pro,Chicago_01,2024-11-25,42.4489093451042,45.39077379904278,47.9995180132684,45.39765810528047
Tron-o-matic 2 Pro,Chicago_01,2024-11-26,28.025896817514216,31.09437633824989,33.94015450076188,30.95840731917259
Tron-o-matic 2 Pro,Chicago_01,2024-11-27,21.7542647337526,24.779247839485855,28.028473584100794,24.785055550665515
Tron-o-matic 2 Pro,Chicago_01,2024-11-28,21.989032713115378,25.046639182227725,28.51057935694914,25.002202594412108
Tron-o-matic 2 Pro,Chicago_01,2024-11-29,50.69030787390886,54.21724660685576,57.33109755863077,54.09504715350827
Tron-o-matic 2 Pro,Chicago_01,2024-11-30,27.825407022298897,31.00533395316855,34.25902220298731,31.13887693887472
Tron-o-matic 2 Pro,Chicago_01,2024-12-01,41.02752913658863,44.53755038545495,47.5719068072752,44.331334009652835
Tron-o-matic 2 Pro,Chicago_01,2024-12-02,21.190293211362732,24.997549033054213,27.617931326454155,24.80650511061128
Tron-o-matic 2 Pro,Chicago_01,2024-12-03,21.302750784554437,24.687034408115696,28.405894297868414,24.687739831314712
Tron-o-matic 2 Pro,Chicago_01,2024-12-04,21.848501311463135,24.764708919500574,27.642298658164655,24.656469511089185
Tron-o-matic 2 Pro,Chicago_01,2024-12-05,21.810038907475125,24.828743119899425,28.11014928770902,25.06329818716179
Tron-o-matic 2 Pro,Chicago_01,2024-12-06,21.91102657901492,24.65569480903838,27.871230865973015,24.858677232559195
Tron-o-matic 2 Pro,Chicago_01,2024-12-07,32.120683702779566,34.99333506203582,38.156330090061864,35.04929041752791
Tron-o-matic 2 Pro,Chicago_01,2024-12-08,22.459260547268528,25.129223305184816,28.201132868467667,25.21007179196293
Tron-o-matic 2 Pro,Chicago_01,2024-12-09,42.62104750549103,45.77334234305133,48.49522796315025,45.86399394932776
Tron-o-matic 2 Pro,Chicago_01,2024-12-10,21.457044071242933,25.057304630619175,27.66045251490306,24.90711045036062
Tron-o-matic 2 Pro,Chicago_01,2024-12-11,41.732805584455036,45.01447584610318,48.5578678029898,45.002603262986355
Tron-o-matic 2 Pro,Chicago_01,2024-12-12,22.29954119587873,25.18361660314577,28.418009172529867,25.21425916157963
Tron-o-matic 2 Pro,Chicago_01,2024-12-13,21.876484588142503,25.282363169184812,28.06515875573459,25.066580318504222
Tron-o-matic 2 Pro,Chicago_01,2024-12-14,21.624142967956693,24.713705357026715,28.536035840387456,24.96470017843769
Tron-o-matic 2 Pro,Chicago_01,2024-12-15,28.161847502896066,32.36903893558119,36.0055084848188,32.20830746338536
Tron-o-matic 2 Pro,Chicago_01,2024-12-16,26.115010156520196,29.75377845941454,33.283976199691665,29.612887714866773
Tron-o-matic 2 Pro,Chicago_01,2024-12-17,34.30823909021247,37.87525291103259,40.91065164361398,37.76750204137082
Tron-o-matic 2 Pro,Chicago_01,2024-12-18,21.704509834424595,24.632854222969037,27.981199308100482,24.697465910101403
Tron-o-matic 2 Pro,Chicago_01,2024-12-19,47.92147361593759,50.919001726553965,54.05258669774496,50.90333997563121
Tron-o-matic 2 Pro,Chicago_01,2024-12-20,27.67831884693441,31.619430724300965,33.393338025473504,30.958165848753815
Tron-o-matic 2 Pro,Chicago_01,2024-12-21,22.530915244359775,25.6392006732164,28.058612888266506,25.454993162552547
Tron-o-matic 2 Pro,Chicago_01,2024-12-22,22.03682586424605,24.85278822778887,28.698646035084895,25.141564971028618
Tron-o-matic 2 Pro,Chicago_01,2024-12-23,42.227230291503226,45.020205977960366,47.759310116397884,45.09310865887727
Tron-o-matic 2 Pro,Chicago_01,2024-12-24,21.39707404005261,24.736187797981675,28.8210024934029,25.05457029869474
Tron-o-matic 2 Pro,Chicago_01,2024-12-25,21.20891823484597,25.37715813980545,28.218496477841168,25.072844065482514
Tron-o-matic 2 Pro,Chicago_01,2024-12-26,21.540500235038714,24.866206935707318,28.781609593383482,25.15379647485544
Tron-o-matic 2 Pro,Chicago_01,2024-12-27,22.736434100497124,25.486546538658377,28.59754657206862,25.703162806770564
Tron-o-matic 2 Pro,Chicago_01,2024-12-28,22.686559548160446,25.476913011390913,28.410671805402874,25.365986671239344
Tron-o-matic 2 Pro,Chicago_01,2024-12-29,23.368094170682507,26.52733574902591,29.148631655986634,26.25651119127428
Tron-o-matic 2 Pro,Chicago_01,2024-12-30,22.560050056836577,26.115913384033597,29.50622014526511,26.085649184182543
Tron-o-matic 2 Pro,Chicago_01,2024-12-31,34.096405673559865,37.31004150245811,40.55169710610155,37.29678310970215
Tron-o-matic 2 Pro,Dallas_01,2024-10-01,26.09972758162604,28.379148381793527,30.645783416273467,28.369615102002154
Tron-o-matic 2 Pro,Dallas_01,2024-10-02,21.61000161472975,24.86246787526194,27.317774565499967,24.630568506609197
Tron-o-matic 2 Pro,Dallas_01,2024-10-03,22.081235702546714,24.397854001390524,26.603577273172082,24.34221507539192
Tron-o-matic 2 Pro,Dallas_01,2024-10-04,25.3811031826226,28.29077932932056,29.985411298980924,28.009965905217868
Tron-o-matic 2 Pro,Dallas_01,2024-10-05,37.482540175534055,40.18428467976059,42.42212386800455,40.04221755254541
Tron-o-matic 2 Pro,Dallas_01,2024-10-06,28.691140157949476,32.065785797003095,34.86278530498719,31.97045196323838
Tron-o-matic 2 Pro,Dallas_01,2024-10-07,25.173254706780416,28.194875160085875,31.127177963817097,28.050988823125085
Tron-o-matic 2 Pro,Dallas_01,2024-10-08,29.58972249605499,31.774464669219544,34.53552369439484,31.970468296240302
Tron-o-matic 2 Pro,Dallas_01,2024-10-09,21.502796939980175,24.177786765088143,26.767141927453807,24.27206198636857
Tron-o-matic 2 Pro,Dallas_01,2024-10-10,22.113124042597217,24.271793816653542,26.842625569259987,24.41962186470698
Tron-o-matic 2 Pro,Dallas_01,2024-10-11,25.799081341864767,28.04459207214496,30.585279113026886,28.21151946086129
Tron-o-matic 2 Pro,Dallas_01,2024-10-12,22.03308456218233,24.645734826679607,27.715712877071635,24.579474450435672
Tron-o-matic 2 Pro,Dallas_01,2024-10-13,21.204687965586253,23.871611169750544,25.822161980186632,23.754413812532867
Tron-o-matic 2 Pro,Dallas_01,2024-10-14,22.069961517841318,24.751329394896302,27.134215476413388,24.48426082942777
Tron-o-matic 2 Pro,Dallas_01,2024-10-15,26.767321884535225,29.377890358782675,31.854142504526124,29.233930219717337
Tron-o-matic 2 Pro,Dallas_01,2024-10-16,22.45712632782251,24.282610133388545,26.70053980466414,24.35089624275037
Tron-o-matic 2 Pro,Dallas_01,2024-10-17,22.14990261304382,24.286416297885015,26.721678233429646,24.37063421278809
Tron-o-matic 2 Pro,Dallas_01,2024-10-18,38.703056013619474,40.937601800780136,43.504259988075724,41.10881416181922
Tron-o-matic 2 Pro,Dallas_01,2024-10-19,26.52759817192363,28.80655560918083,31.17050506435919,28.833753252080463
Tron-o-matic 2 Pro,Dallas_01,2024-10-20,20.72018744575566,23.731595461942803,26.05220025491652,23.483679832840707
Tron-o-matic 2 Pro,Dallas_01,2024-10-21,21.522753447451294,23.51338278853568,25.96070553599176,23.63222507597871
Tron-o-matic 2 Pro,Dallas_01,2024-10-22,21.612325720386647,23.612521283239595,25.761130825291282,23.593730290199947
Tron-o-matic 2 Pro,Dallas_01,2024-10-23,25.30728510359388,27.25067242550749,29.376849019489814,27.2936023898738
Tron-o-matic 2 Pro,Dallas_01,2024-10-24,21.033251403895143,23.280465317483422,25.852170281692874,23.202932148006525
Tron-o-matic 2 Pro,Dallas_01,2024-10-25,38.34456274635237,41.236227553192144,43.557143895280554,41.133769372462396
Tron-o-matic 2 Pro,Dallas_01,2024-10-26,28.615581075195756,30.987306559501434,33.67882359932078,31.04487235549901
Tron-o-matic 2 Pro,Dallas_01,2024-10-27,20.155674420232426,22.61731869188542,25.103535516414293,22.514722431938026
Tron-o-matic 2 Pro,Dallas_01,2024-10-28,39.68943917963532,41.829639068692586,44.43207169665012,41.949264362192274
Tron-o-matic 2 Pro,Dallas_01,2024-10-29,41.64300214229288,44.69589210431631,47.51128938471889,44.542912906104284
Tron-o-matic 2 Pro,Dallas_01,2024-10-30,25.160684529362538,27.10266260369265,29.54909308202174,27.175861200825125
Tron-o-matic 2 Pro,Dallas_01,2024-10-31,19.507729282420147,22.529727043655807,25.659396157554504,22.59551239244476
Tron-o-matic 2 Pro,Dallas_01,2024-11-01,28.518349460129045,30.916023188814528,33.30797497653552,30.934684630034635
Tron-o-matic 2 Pro,Dallas_01,2024-11-02,19.872071062455802,22.356970684195357,25.152362212974776,22.32241745091246
Tron-o-matic 2 Pro,Dallas_01,2024-11-03,19.47046735891549,21.733626186310296,24.325341034929497,21.862955394973692
Tron-o-matic 2 Pro,Dallas_01,2024-11-04,18.9595907267364,21.40443685801858,24.049559187063057,21.459677792725394
Tron-o-matic 2 Pro,Dallas_01,2024-11-05,19.48349472945093,22.545108727042862,24.931441990575337,22.2442371670083
Tron-o-matic 2 Pro,Dallas_01,2024-11-06,24.973513202929222,27.848514092235053,31.16524661129635,27.87213545019951
Tron-o-matic 2 Pro,Dallas_01,2024-11-07,18.753857498060047,21.721805307417995,24.215513160538116,21.440480519107652
Tron-o-matic 2 Pro,Dallas_01,2024-11-08,19.274475608185824,20.89881502389816,23.905294007777208,21.14721002697961
Tron-o-matic 2 Pro,Dallas_01,2024-11-09,19.15443252159424,21.094901216579267,23.61797343622645,21.26314509401199
Tron-o-matic 2 Pro,Dallas_01,2024-11-10,18.20333004097226,20.808614080023254,23.196493489603654,20.733615612122207
Tron-o-matic 2 Pro,Dallas_01,2024-11-11,19.46291215755895,21.751933205158572,23.61519720809599,21.571191058717076
Tron-o-matic 2 Pro,Dallas_01,2024-11-12,18.695133621503977,21.19440532241335,23.592480485153885,21.20544739446325
Tron-o-matic 2 Pro,Dallas_01,2024-11-13,26.149183663703976,29.03865934653169,31.277569745019186,28.934936305102216
Tron-o-matic 2 Pro,Dallas_01,2024-11-14,18.27650281831614,20.90939598457757,23.413239972873566,20.866061959144744
Tron-o-matic 2 Pro,Dallas_01,2024-11-15,17.37907840181514,20.500931017746787,22.667729136344676,20.239541833664777
Tron-o-matic 2 Pro,Dallas_01,2024-11-16,18.33143920642105,20.72004796131021,22.650641375456722,20.561367574393056
Tron-o-matic 2 Pro,Dallas_01,2024-11-17,24.485885765262534,27.497790856242254,30.001836373354198,27.408908002127657
Tron-o-matic 2 Pro,Dallas_01,2024-11-18,23.86131213616472,26.43992550067815,29.01146128422824,26.53022352482191
Tron-o-matic 2 Pro,Dallas_01,2024-11-19,25.094263088551454,27.847948299024043,31.023730451568163,28.203778671785752
Tron-o-matic 2 Pro,Dallas_01,2024-11-20,35.68782932239892,37.73705089880523,39.92169726510861,37.71156774281598
Tron-o-matic 2 Pro,Dallas_01,2024-11-21,18.186490443991932,20.824932685231495,22.72177896522298,20.460387847723734
Tron-o-matic 2 Pro,Dallas_01,2024-11-22,38.19437319709451,40.42166461519541,42.60817097921093,40.43295650135968
Tron-o-matic 2 Pro,Dallas_01,2024-11-23,33.0815368101662,35.561932908228286,38.00788525788433,35.627261909227
Tron-o-matic 2 Pro,Dallas_01,2024-11-24,25.838088664294684,29.562706222801808,31.1944370248829,29.10578663928608
Tron-o-matic 2 Pro,Dallas_01,2024-11-25,34.32372832151362,36.70735983505975,39.14604667322027,36.57101137251801
Tron-o-matic 2 Pro,Dallas_01,2024-11-26,23.47349118207732,25.98183609271309,28.49962774130707,25.968889517161593
Tron-o-matic 2 Pro,Dallas_01,2024-11-27,18.429958399650626,20.06245420927292,23.520405269123184,20.584370253725815
Tron-o-matic 2 Pro,Dallas_01,2024-11-28,17.474347343738536,20.85893612799527,22.928305757582727,20.414779871145043
Tron-o-matic 2 Pro,Dallas_01,2024-11-29,41.48438752116756,44.14816708268544,46.66469889536694,43.96664009991985
Tron-o-matic 2 Pro,Dallas_01,2024-11-30,22.865497332908635,25.239105712461704,28.273361974343658,25.524802188618956
Tron-o-matic 2 Pro,Dallas_01,2024-12-01,33.10486635924807,35.60006935658881,38.208713094809504,35.57031543215001
Tron-o-matic 2 Pro,Dallas_01,2024-12-02,17.995831101865036,21.080287032453917,23.263900914187843,20.76791133735438
Tron-o-matic 2 Pro,Dallas_01,2024-12-03,18.855345133823334,20.946859363473198,23.503096374660466,20.966327731497174
Tron-o-matic 2 Pro,Dallas_01,2024-12-04,18.52015284191053,21.29204573186166,23.2294826689673,21.058309883914315
Tron-o-matic 2 Pro,Dallas_01,2024-12-05,18.126178027215648,20.972023875133033,23.38830991673804,20.899273209446818
Tron-o-matic 2 Pro,Dallas_01,2024-12-06,18.216367590882694,20.89257097907347,22.950842085619005,20.767246988046104
Tron-o-matic 2 Pro,Dallas_01,2024-12-07,26.265407067374895,29.02137736519226,31.80869050276164,29.030209290152378
Tron-o-matic 2 Pro,Dallas_01,2024-12-08,18.43938477687503,21.15879739829711,23.32716875826091,20.94866376163312
Tron-o-matic 2 Pro,Dallas_01,2024-12-09,35.16165343670218,37.3312992690684,39.57092912433985,37.327193490701255
Tron-o-matic 2 Pro,Dallas_01,2024-12-10,18.506732166895265,20.808316785994464,23.51138647416078,20.850849152520176
Tron-o-matic 2 Pro,Dallas_01,2024-12-11,35.22950056184636,37.18694369532631,39.086740191051355,37.226391676152986
Tron-o-matic 2 Pro,Dallas_01,2024-12-12,17.773604643465845,20.698766469391046,23.82367018509974,20.583641877962283
Tron-o-matic 2 Pro,Dallas_01,2024-12-13,18.277032507158207,21.178436419597467,23.038638241250982,20.871749745434826
Tron-o-matic 2 Pro,Dallas_01,2024-12-14,18.383272200100116,21.249831651196452,23.882517743599983,21.07209301925195
Tron-o-matic 2 Pro,Dallas_01,2024-12-15,23.76588751014916,26.376726975516444,28.414448631407083,26.262336456932427
Tron-o-matic 2 Pro,Dallas_01,2024-12-16,21.691837820145906,24.35642118650312,27.03030557368727,24.43067020191566
Tron-o-matic 2 Pro,Dallas_01,2024-12-17,29.267472153480274,31.69628280091048,33.81589332930093,31.501480155638696
Tron-o-matic 2 Pro,Dallas_01,2024-12-18,18.592133818948188,21.394074711357398,23.311782846741057,21.065053436438944
Tron-o-matic 2 Pro,Dallas_01,2024-12-19,39.385883854273104,41.69277320425469,44.15222107206083,41.6726756702729
Tron-o-matic 2 Pro,Dallas_01,2024-12-20,23.376811919718506,25.52174984738791,27.653621643242015,25.519594396633853
Tron-o-matic 2 Pro,Dallas_01,2024-12-21,18.443842700500554,20.76298145326867,23.711372099009264,20.941381367160446
Tron-o-matic 2 Pro,Dallas_01,2024-12-22,18.041575025462578,20.249388121884365,22.654914605181744,20.242105252233277
Tron-o-matic 2 Pro,Dallas_01,2024-12-23,34.18270801491094,37.25288070251205,39.09497758546162,36.90028871947306
Tron-o-matic 2 Pro,Dallas_01,2024-12-24,18.740940625787243,21.052013568523865,24.304164647973078,21.16817673879051
Tron-o-matic 2 Pro,Dallas_01,2024-12-25,18.681772097128437,21.367390596395918,23.762299067674714,21.23568153006247
Tron-o-matic 2 Pro,Dallas_01,2024-12-26,18.57881085932464,20.98333040994459,23.530072222255136,21.095955607724605
Tron-o-matic 2 Pro,Dallas_01,2024-12-27,18.76490021573888,20.72238232710263,23.450634550592817,20.92850726430941
Tron-o-matic 2 Pro,Dallas_01,2024-12-28,18.374838162699852,21.27266638047807,23.58620340920388,21.173618647710285
Tron-o-matic 2 Pro,Dallas_01,2024-12-29,18.59698346490594,21.007737413739765,23.987732055920212,21.12328261803441
Tron-o-matic 2 Pro,Dallas_01,2024-12-30,18.648355698000564,20.967003702234766,23.802670251147187,21.02153625951104
Tron-o-matic 2 Pro,Dallas_01,2024-12-31,28.048391331176326,30.736615274370006,33.0141322924936,30.527801661738117
Tron-o-matic 2 Pro,Houston_01,2024-10-01,24.178558855663468,26.071554481178218,28.33894137182339,26.11956554134304
Tron-o-matic 2 Pro,Houston_01,2024-10-02,20.166880989852626,22.46654052281684,24.610514590338166,22.448010048649465
Tron-o-matic 2 Pro,Houston_01,2024-10-03,20.129613527667974,22.420280138346612,25.061257366199307,22.544942327526282
Tron-o-matic 2 Pro,Houston_01,2024-10-04,24.09967362145873,26.037773103796646,27.92394807585177,25.98231050654957
Tron-o-matic 2 Pro,Houston_01,2024-10-05,35.182282483462906,37.39705347888809,39.14742544332984,37.19125560648235
Tron-o-matic 2 Pro,Houston_01,2024-10-06,27.42327330777681,29.29683097481907,31.85838722380542,29.414722770719724
Tron-o-matic 2 Pro,Houston_01,2024-10-07,23.79839137912319,26.496623566464297,28.49180706837144,26.191252440465064
Tron-o-matic 2 Pro,Houston_01,2024-10-08,27.269428431002936,29.964710088136773,32.385492283234306,29.799128576720396
Tron-o-matic 2 Pro,Houston_01,2024-10-09,20.155630985533442,22.154230364942286,25.093164626221675,22.410257720163596
Tron-o-matic 2 Pro,Houston_01,2024-10-10,19.974053710552287,22.854534146624076,25.230647065669476,22.589966813540624
Tron-o-matic 2 Pro,Houston_01,2024-10-11,23.770204081426087,25.834546155452163,28.810239789560526,26.007677038954494
Tron-o-matic 2 Pro,Houston_01,2024-10-12,20.424877384555412,22.889313701355817,25.346695053461307,22.829140643058995
Tron-o-matic 2 Pro,Houston_01,2024-10-13,19.9267696988611,22.523863690173393,24.58919790373246,22.45821517258015
Tron-o-matic 2 Pro,Houston_01,2024-10-14,20.534654244191483,23.00740953839444,25.252203063955026,22.746285342649617
Tron-o-matic 2 Pro,Houston_01,2024-10-15,24.544857463131834,26.91842358386104,29.286490765530488,26.972262654017282
Tron-o-matic 2 Pro,Houston_01,2024-10-16,19.63508501795827,22.395443339593427,24.545049098571706,22.236082216043222
Tron-o-matic 2 Pro,Houston_01,2024-10-17,19.358548059541587,21.73930243425541,24.793695916954785,21.94991879462321
Tron-o-matic 2 Pro,Houston_01,2024-10-18,35.758277750671056,38.116935498352525,40.52634635457088,38.10709092783984
Tron-o-matic 2 Pro,Houston_01,2024-10-19,25.170753659283065,26.817038823336404,28.871065258049132,26.84752298679348
Tron-o-matic 2 Pro,Houston_01,2024-10-20,19.668412884905127,21.706600933320242,23.911675703204992,21.829515028320596
Tron-o-matic 2 Pro,Houston_01,2024-10-21,19.256672352116887,21.982824382023992,24.175070301333854,21.81330022849793
Tron-o-matic 2 Pro,Houston_01,2024-10-22,19.89426697302307,22.239472336974192,23.960034500058605,22.078519408517003
Tron-o-matic 2 Pro,Houston_01,2024-10-23,22.731859594928547,25.08916737172421,27.40820990331166,24.97232636619927
Tron-o-matic 2 Pro,Houston_01,2024-10-24,18.615635011782718,20.909113111004086,23.467380931955052,21.04694773484323
Tron-o-matic 2 Pro,Houston_01,2024-10-25,35.53843011703719,38.00132170034488,40.168859165187726,37.84796694140346
Tron-o-matic 2 Pro,Houston_01,2024-10-26,26.564637230730845,29.136403368636714,31.672798219825907,29.23426826654752
Tron-o-matic 2 Pro,Houston_01,2024-10-27,18.523047094849193,20.872502389722094,22.910670779836174,20.802591883445174
Tron-o-matic 2 Pro,Houston_01,2024-10-28,36.396912412177194,38.94810907655112,41.0741083579606,38.80277632932537
Tron-o-matic 2 Pro,Houston_01,2024-10-29,38.387499922895685,41.202249048125275,43.84297809095556,41.13692338792346
Tron-o-matic 2 Pro,Houston_01,2024-10-30,22.27394904373616,24.95718950929124,27.15447032513257,24.80508527477811
Tron-o-matic 2 Pro,Houston_01,2024-10-31,17.782795727702275,20.463472004716802,22.794120208284152,20.300328478655914
Tron-o-matic 2 Pro,Houston_01,2024-11-01,26.407212145616615,28.72812471795817,31.006514222202853,28.72378751162455
Tron-o-matic 2 Pro,Houston_01,2024-11-02,18.261418750211426,20.679815742104214,22.811161835949843,20.59259581893975
Tron-o-matic 2 Pro,Houston_01,2024-11-03,17.54233320019829,20.03225773892186,23.01078731603914,20.18437211315511
Tron-o-matic 2 Pro,Houston_01,2024-11-04,17.76505163778214,19.98466082279583,22.664481906485822,20.04841978584857
Tron-o-matic 2 Pro,Houston_01,2024-11-05,17.55089532750394,20.307254578027464,22.969656745721384,20.27943567966413
Tron-o-matic 2 Pro,Houston_01,2024-11-06,23.687664971356973,26.41478240626617,28.676351814965916,26.266451506599246
Tron-o-matic 2 Pro,Houston_01,2024-11-07,17.5024858777847,19.627078590380663,21.707491211957567,19.703916162134853
Tron-o-matic 2 Pro,Houston_01,2024-11-08,17.28292263441373,19.54522425085725,22.26287440339928,19.629511716493756
Tron-o-matic 2 Pro,Houston_01,2024-11-09,18.19778002258089,20.514829783897635,22.401157721462223,20.358353250103136
Tron-o-matic 2 Pro,Houston_01,2024-11-10,17.10946225972669,19.274045628152628,21.347251818480093,19.284051236428315
Tron-o-matic 2 Pro,Houston_01,2024-11-11,16.85875517924977,19.95731212336337,21.81173941662885,19.642134186922878
Tron-o-matic 2 Pro,Houston_01,2024-11-12,17.2369840848459,19.528873822800843,21.341688279783355,19.442318676821927
Tron-o-matic 2 Pro,Houston_01,2024-11-13,24.213253896080772,26.569932390908843,28.82269637900765,26.553952283622536
Tron-o-matic 2 Pro,Houston_01,2024-11-14,17.094792422639607,19.459148452588195,21.875203759299378,19.38526510652059
Tron-o-matic 2 Pro,Houston_01,2024-11-15,17.132761878952284,19.182509725628258,21.545176387923153,19.218793125560303
Tron-o-matic 2 Pro,Houston_01,2024-11-16,16.751918979877335,19.20260618735591,22.264387915327088,19.328462157473652
Tron-o-matic 2 Pro,Houston_01,2024-11-17,23.529644909215236,25.879069688096134,28.18896996869445,25.924525924140394
Tron-o-matic 2 Pro,Houston_01,2024-11-18,22.456388426144393,24.92087380772928,27.263983271636366,24.723121944851755
Tron-o-matic 2 Pro,Houston_01,2024-11-19,23.9174891048088,26.041492844829392,28.887947566084133,26.120101257955852
Tron-o-matic 2 Pro,Houston_01,2024-11-20,32.34605934500178,34.667238657299286,37.11782080584516,34.74816491283076
Tron-o-matic 2 Pro,Houston_01,2024-11-21,17.00050719126986,19.251058044238214,21.857423293660002,19.370410182545278
Tron-o-matic 2 Pro,Houston_01,2024-11-22,34.89537063198554,37.432594864906314,39.53944316376882,37.359060816231
Tron-o-matic 2 Pro,Houston_01,2024-11-23,30.96701361682445,33.195633999420586,35.673936558152214,33.20353707762234
Tron-o-matic 2 Pro,Houston_01,2024-11-24,24.82426474161359,26.92601908934651,28.961457491265147,26.760684260735246
Tron-o-matic 2 Pro,Houston_01,2024-11-25,31.9512779424145,33.96146702983074,36.09964713146774,34.07298968042423
Tron-o-matic 2 Pro,Houston_01,2024-11-26,21.806996627331028,23.929117067160963,26.073168127998482,23.893108634025324
Tron-o-matic 2 Pro,Houston_01,2024-11-27,16.62052240725703,18.824640390316198,21.011542422706704,18.775950801949847
Tron-o-matic 2 Pro,Houston_01,2024-11-28,16.824203748862807,19.060314787133656,21.448566222965454,19.152242751897944
Tron-o-matic 2 Pro,Houston_01,2024-11-29,37.959336476185726,40.83172652167096,42.99443778326731,40.558447572193515
Tron-o-matic 2 Pro,Houston_01,2024-11-30,21.335918420738473,23.810536108157496,26.589146029680325,23.709302088634725
Tron-o-matic 2 Pro,Houston_01,2024-12-01,30.556946493321412,32.93939428676314,35.840536480907524,32.92415997184256
Tron-o-matic 2 Pro,Houston_01,2024-12-02,16.430884463202624,18.810206331880615,21.756925985130454,18.885851154349997
Tron-o-matic 2 Pro,Houston_01,2024-12-03,16.72093284891732,19.073035731716114,21.649663135028753,19.046583978034548
Tron-o-matic 2 Pro,Houston_01,2024-12-04,16.777439168131295,18.775618364084167,21.194357656316686,18.863242850760326
Tron-o-matic 2 Pro,Houston_01,2024-12-05,16.901476887646787,18.998655711655186,21.45053856237066,19.144159174693957
Tron-o-matic 2 Pro,Houston_01,2024-12-06,16.513131354229255,19.158465355081916,21.402952363120363,18.950630706842432
Tron-o-matic 2 Pro,Houston_01,2024-12-07,24.489718108619744,26.45627826041575,28.824851666002154,26.589924700878242
Tron-o-matic 2 Pro,Houston_01,2024-12-08,16.520194213951214,18.976531247014016,21.393540835602966,19.02588341422252
Tron-o-matic 2 Pro,Houston_01,2024-12-09,31.676883255107033,34.51553867653123,36.818276397847924,34.2638067174369
Tron-o-matic 2 Pro,Houston_01,2024-12-10,16.945230450318046,19.032107977367712,20.647276656327538,19.012065676014593
Tron-o-matic 2 Pro,Houston_01,2024-12-11,31.80546198555123,34.05316797908596,35.95912418742308,33.97935892136895
Tron-o-matic 2 Pro,Houston_01,2024-12-12,16.58664850703228,19.034049220126608,21.6757974595763,18.92708471319342
Tron-o-matic 2 Pro,Houston_01,2024-12-13,16.679338000134763,18.937186897483425,21.181246706036,18.94873208632955
Tron-o-matic 2 Pro,Houston_01,2024-12-14,17.055109955471476,19.41220660197639,21.76690228029096,19.383184192170816
Tron-o-matic 2 Pro,Houston_01,2024-12-15,21.22779971354922,24.03322193776291,26.316607395077657,23.781966791175833
Tron-o-matic 2 Pro,Houston_01,2024-12-16,20.180116810270118,22.536398610785454,25.014075433559423,22.452098212225014
Tron-o-matic 2 Pro,Houston_01,2024-12-17,26.652271815973485,28.610808138098086,31.230807819527254,28.787373811970575
Tron-o-matic 2 Pro,Houston_01,2024-12-18,16.202394259382917,19.29054888043234,21.20337176030901,19.071734523657334
Tron-o-matic 2 Pro,Houston_01,2024-12-19,35.98317907510321,37.828420315466,40.56008757601781,38.20631918140457
Tron-o-matic 2 Pro,Houston_01,2024-12-20,21.0863678233377,23.77022331056714,25.657461913256846,23.405516153117777
Tron-o-matic 2 Pro,Houston_01,2024-12-21,16.599299604208,19.136921456826695,21.53539450088509,19.087799527488485
Tron-o-matic 2 Pro,Houston_01,2024-12-22,16.625167507271755,18.93264652887785,21.983594226980998,19.04252620043654
Tron-o-matic 2 Pro,Houston_01,2024-12-23,31.446442428806524,33.46791400083284,36.37220520930809,33.68579168884391
Tron-o-matic 2 Pro,Houston_01,2024-12-24,17.151804281856496,19.28420845097335,21.551641418150254,19.324501454515204
Tron-o-matic 2 Pro,Houston_01,2024-12-25,16.952357130274635,19.262512672038607,21.435644583005477,19.123640802888715
Tron-o-matic 2 Pro,Houston_01,2024-12-26,16.570202394436272,19.123335620794474,21.16982814328309,18.8914577732602
Tron-o-matic 2 Pro,Houston_01,2024-12-27,16.65186216138037,18.781873737071727,20.597959834986632,18.656122965656724
Tron-o-matic 2 Pro,Houston_01,2024-12-28,16.48424987056745,19.176646416861853,21.75422930973358,19.1898808812625
Tron-o-matic 2 Pro,Houston_01,2024-12-29,16.34219297438551,19.482095185742786,21.817949546041486,19.16766386204358
Tron-o-matic 2 Pro,Houston_01,2024-12-30,16.794774684688196,19.251077473630378,21.44217741858811,19.292922095309546
Tron-o-matic 2 Pro,Houston_01,2024-12-31,25.131297438148856,27.99556292962076,30.267301676220647,27.97162571750024
Tron-o-matic 2 Pro,LosAngeles_01,2024-10-01,40.74925195645054,44.60557899786389,48.34012422258302,44.649331002329944
Tron-o-matic 2 Pro,LosAngeles_01,2024-10-02,34.876350757687284,39.27889448230493,43.6736231390126,39.28799195051638
Tron-o-matic 2 Pro,LosAngeles_01,2024-10-03,34.556950223859914,39.00841289722395,42.6426503281575,38.86807416409903
Tron-o-matic 2 Pro,LosAngeles_01,2024-10-04,41.152880985124604,44.97635244715847,49.545516967700905,45.05937928925048
Tron-o-matic 2 Pro,LosAngeles_01,2024-10-05,59.70902651847685,63.5798010797374,67.2835287804028,63.66153014475106
Tron-o-matic 2 Pro,LosAngeles_01,2024-10-06,47.647120747770515,51.46228190215809,56.31491748526755,51.627733334625646
Tron-o-matic 2 Pro,LosAngeles_01,2024-10-07,40.89200309056597,44.30321517234047,48.29265538966055,44.35026806896177
Tron-o-matic 2 Pro,LosAngeles_01,2024-10-08,46.894838680681104,50.59637895470313,54.59825979485434,50.56229421171839
Tron-o-matic 2 Pro,LosAngeles_01,2024-10-09,34.39613012436691,38.24536019256394,42.31137031070049,38.18422425274384
Tron-o-matic 2 Pro,LosAngeles_01,2024-10-10,34.70852581572764,38.54465714505299,41.186124923445036,38.1887425143003
Tron-o-matic 2 Pro,LosAngeles_01,2024-10-11,40.21794870623349,44.18055956189142,47.42909677739813,44.097890256770995
Tron-o-matic 2 Pro,LosAngeles_01,2024-10-12,34.172972914798294,38.4178823953229,42.05165097604937,38.409369006292785
Tron-o-matic 2 Pro,LosAngeles_01,2024-10-13,35.01849161490998,38.90975250783348,43.146083616919185,39.00318110997569
Tron-o-matic 2 Pro,LosAngeles_01,2024-10-14,35.070082331384654,38.40131951495325,42.823674514091216,38.59965437639119
Tron-o-matic 2 Pro,LosAngeles_01,2024-10-15,42.984949997273716,46.428642905849095,50.6193383584385,46.53760367263354
Tron-o-matic 2 Pro,LosAngeles_01,2024-10-16,33.28833258478096,38.01338500935154,41.36745089166331,37.90602999146796
Tron-o-matic 2 Pro,LosAngeles_01,2024-10-17,33.69195588191387,38.00436979613413,41.526842841339175,37.720606603633996
Tron-o-matic 2 Pro,LosAngeles_01,2024-10-18,62.20658676969759,65.63309725851248,68.6411265749405,65.43126587284578
Tron-o-matic 2 Pro,LosAngeles_01,2024-10-19,42.60464989543633,46.57990682924115,50.13041351564359,46.54237043973609
Tron-o-matic 2 Pro,LosAngeles_01,2024-10-20,34.67710600679168,38.23209712556072,42.36155067799898,38.277555807452885
Tron-o-matic 2 Pro,LosAngeles_01,2024-10-21,33.59312784357122,37.69761489768805,41.16474486619919,37.67737256895117
Tron-o-matic 2 Pro,LosAngeles_01,2024-10-22,33.657406226333265,37.67750822696248,42.34518878882047,38.07137300540639
Tron-o-matic 2 Pro,LosAngeles_01,2024-10-23,39.25360462610492,43.02309883263184,46.11984062714214,42.97746163024093
Tron-o-matic 2 Pro,LosAngeles_01,2024-10-24,33.61057291003254,37.3868647786383,40.7253363971834,37.21681678027608
Tron-o-matic 2 Pro,LosAngeles_01,2024-10-25,61.85746663099751,65.36367386254014,69.44859823727131,65.58204249426221
Tron-o-matic 2 Pro,LosAngeles_01,2024-10-26,46.15946506676048,50.19657522360273,54.44531836593596,50.33949186631648
Tron-o-matic 2 Pro,LosAngeles_01,2024-10-27,33.25114438749453,36.5557360931151,39.80962170583882,36.68563352901883
Tron-o-matic 2 Pro,LosAngeles_01,2024-10-28,63.58432312551088,67.02227775062299,70.11049329016353,66.83808890683687
Tron-o-matic 2 Pro,LosAngeles_01,2024-10-29,66.8542363006131,71.0825427298979,73.96735252860319,70.69815861417884
Tron-o-matic 2 Pro,LosAngeles_01,2024-10-30,39.05352448850923,42.685574546004716,46.47174066983646,42.75435847011242
Tron-o-matic 2 Pro,LosAngeles_01,2024-10-31,30.45095728571248,34.560686358314946,38.53937939130667,34.6167459829006
Tron-o-matic 2 Pro,LosAngeles_01,2024-11-01,45.01975954124841,49.22773291192345,52.980383986225604,48.95982251517682
Tron-o-matic 2 Pro,LosAngeles_01,2024-11-02,30.58941521002382,34.78520753528527,37.63090222724349,34.62288577242783
Tron-o-matic 2 Pro,LosAngeles_01,2024-11-03,30.284632559267322,34.95013298135931,38.00531481001795,34.51652193470794
Tron-o-matic 2 Pro,LosAngeles_01,2024-11-04,30.24383364702491,34.49789781420419,38.91295521102744,34.5714426211596
Tron-o-matic 2 Pro,LosAngeles_01,2024-11-05,29.876839076883428,34.290568332738836,37.729987866119785,33.9150265489827
Tron-o-matic 2 Pro,LosAngeles_01,2024-11-06,40.433959971964214,45.31204657889028,48.49373138249606,44.71774383368853
Tron-o-matic 2 Pro,LosAngeles_01,2024-11-07,29.690541453128272,32.90265750960569,37.71142244333005,33.10591971583705
Tron-o-matic 2 Pro,LosAngeles_01,2024-11-08,28.633049444795816,32.86582929054917,36.586278802095215,32.806190650524506
Tron-o-matic 2 Pro,LosAngeles_01,2024-11-09,28.884924252128766,33.316608641257176,37.51109324836965,33.08978020284761
Tron-o-matic 2 Pro,LosAngeles_01,2024-11-10,29.116085346830992,32.890494446873944,36.86557144747388,32.92772128987029
Tron-o-matic 2 Pro,LosAngeles_01,2024-11-11,29.195194268161675,33.351795215414604,37.10578679259889,33.02981215701298
Tron-o-matic 2 Pro,LosAngeles_01,2024-11-12,29.482945233453055,33.50730122127132,36.824961654551586,33.35898459296461
Tron-o-matic 2 Pro,LosAngeles_01,2024-11-13,41.51121958574805,45.39913692387736,48.02228241535454,45.090587729359676
Tron-o-matic 2 Pro,LosAngeles_01,2024-11-14,28.22234496086569,32.10209414451602,35.313961105829485,31.92455400171211
Tron-o-matic 2 Pro,LosAngeles_01,2024-11-15,27.713628310311716,32.04534971727917,36.03620220281805,32.07046793487594
Tron-o-matic 2 Pro,LosAngeles_01,2024-11-16,28.192213019816606,32.14458712795384,36.88656712504182,32.29321735424643
Tron-o-matic 2 Pro,LosAngeles_01,2024-11-17,40.091806049454895,43.5660679621936,47.60241775212263,43.636990260742365
Tron-o-matic 2 Pro,LosAngeles_01,2024-11-18,38.2680944574145,42.525808255972606,46.68575828200902,42.60455293373073
Tron-o-matic 2 Pro,LosAngeles_01,2024-11-19,40.3679596445531,44.92660545778186,48.24208637744766,44.46443297139932
Tron-o-matic 2 Pro,LosAngeles_01,2024-11-20,56.39531294642717,60.7832869808491,64.08308975787192,60.437378928188494
Tron-o-matic 2 Pro,LosAngeles_01,2024-11-21,28.01519543940144,31.359745014224355,35.1767905412648,31.43796596562083
Tron-o-matic 2 Pro,LosAngeles_01,2024-11-22,59.51450331192019,64.10207058866597,68.18939461802456,64.09398263035524
Tron-o-matic 2 Pro,LosAngeles_01,2024-11-23,53.35902899142291,57.02644055783483,61.39236055260713,57.0350918164914
Tron-o-matic 2 Pro,LosAngeles_01,2024-11-24,40.91892759430783,46.489332868467926,50.12410412197535,46.0365754697391
Tron-o-matic 2 Pro,LosAngeles_01,2024-11-25,55.18167458989808,57.96332644872645,61.20394539173749,58.220328244427336
Tron-o-matic 2 Pro,LosAngeles_01,2024-11-26,37.114793391134974,40.54442075283926,44.9188211755521,40.786577781404525
Tron-o-matic 2 Pro,LosAngeles_01,2024-11-27,28.230398243515246,32.45103444630446,36.18326357855526,32.3354292214161
Tron-o-matic 2 Pro,LosAngeles_01,2024-11-28,28.570915483455618,32.47775461295394,35.825740621108274,32.45643497068126
Tron-o-matic 2 Pro,LosAngeles_01,2024-11-29,67.27357820635378,70.23575386033264,74.07914402013569,70.4101178533703
Tron-o-matic 2 Pro,LosAngeles_01,2024-11-30,36.2496046684411,40.56667949715514,44.28785583056116,40.54482660758444
Tron-o-matic 2 Pro,LosAngeles_01,2024-12-01,53.69639137229956,57.24142508741162,61.06170683386578,57.28377256142855
Tron-o-matic 2 Pro,LosAngeles_01,2024-12-02,28.847815353178888,32.711607627820825,36.072062523478046,32.4763900560595
Tron-o-matic 2 Pro,LosAngeles_01,2024-12-03,29.407567346126843,32.31966726222862,36.36423960824845,32.78079588698383
Tron-o-matic 2 Pro,LosAngeles_01,2024-12-04,28.058395636439556,32.90562287985753,35.998381953695336,32.42314373354574
Tron-o-matic 2 Pro,LosAngeles_01,2024-12-05,28.271789922398018,32.3027634956643,36.26814397905661,32.25877806815157
Tron-o-matic 2 Pro,LosAngeles_01,2024-12-06,28.6134262771783,32.9534474781861,35.57926814234095,32.44668134657707
Tron-o-matic 2 Pro,LosAngeles_01,2024-12-07,42.39128106967345,46.241637239655475,49.96935792791636,46.05536176253544
Tron-o-matic 2 Pro,LosAngeles_01,2024-12-08,29.24324367068927,32.605115267802766,37.09917148290771,32.88925696521316
Tron-o-matic 2 Pro,LosAngeles_01,2024-12-09,55.229985516564696,59.50070240169855,63.36236564124458,59.46375764985509
Tron-o-matic 2 Pro,LosAngeles_01,2024-12-10,29.3692680348304,33.509567092459015,36.99598570484016,33.28688800756904
Tron-o-matic 2 Pro,LosAngeles_01,2024-12-11,54.67979762653671,58.84385995348882,62.45081661637743,58.99322930782693
Tron-o-matic 2 Pro,LosAngeles_01,2024-12-12,28.916146965592333,33.232491991161766,36.64409534297985,33.105704132115406
Tron-o-matic 2 Pro,LosAngeles_01,2024-12-13,27.80510162182786,31.978086590087734,35.92568576744904,31.889661546972565
Tron-o-matic 2 Pro,LosAngeles_01,2024-12-14,29.201044334658178,32.54973103596878,36.26513907188991,32.34086429688392
Tron-o-matic 2 Pro,LosAngeles_01,2024-12-15,36.82984581952382,41.689632484026454,45.169522712476216,41.122283339503355
Tron-o-matic 2 Pro,LosAngeles_01,2024-12-16,34.45828882807866,38.332603657403894,42.559356344909816,38.47827336108301
Tron-o-matic 2 Pro,LosAngeles_01,2024-12-17,45.27104041569508,49.32877084514476,52.85358829770225,49.42446454378998
Tron-o-matic 2 Pro,LosAngeles_01,2024-12-18,28.568945050404132,32.93119713484208,36.44124165895071,32.63853224032358
Tron-o-matic 2 Pro,LosAngeles_01,2024-12-19,61.93204068559586,66.10156744600705,70.50807861551891,66.05706082170326
Tron-o-matic 2 Pro,LosAngeles_01,2024-12-20,36.474100200873586,39.669245744292525,44.31186273299236,39.88927391214677
Tron-o-matic 2 Pro,LosAngeles_01,2024-12-21,28.877761813203232,31.885359437450667,35.4962701294212,31.979531973558807
Tron-o-matic 2 Pro,LosAngeles_01,2024-12-22,28.206010318158803,32.18559291797793,36.17497176630187,32.21409635183023
Tron-o-matic 2 Pro,LosAngeles_01,2024-12-23,54.526444828630126,58.188681209493424,62.577560838464166,58.48880633616921
Tron-o-matic 2 Pro,LosAngeles_01,2024-12-24,28.67826357744592,32.91834353238692,35.96937009697714,32.615550347114876
Tron-o-matic 2 Pro,LosAngeles_01,2024-12-25,28.860341722714985,32.891372017242325,37.00203762424758,32.76331629067334
Tron-o-matic 2 Pro,LosAngeles_01,2024-12-26,28.39845069720163,31.32188613066599,36.264450959459374,31.993471204418242
Tron-o-matic 2 Pro,LosAngeles_01,2024-12-27,28.943762573014244,32.495170263318485,35.918720991561194,32.29671811802456
Tron-o-matic 2 Pro,LosAngeles_01,2024-12-28,29.104570378576987,32.97971210513799,37.16993057314903,33.021260838810086
Tron-o-matic 2 Pro,LosAngeles_01,2024-12-29,28.47863682204277,32.899807378856224,35.94321237858855,32.570623653182366
Tron-o-matic 2 Pro,LosAngeles_01,2024-12-30,30.176338717532722,33.77451368484269,37.32042879995288,34.00189056615135
Tron-o-matic 2 Pro,LosAngeles_01,2024-12-31,44.07771075125093,48.44990405154018,52.312591944275184,48.28408951060585
Tron-o-matic 2 Pro,Online_Store,2024-10-01,630.3509327428453,694.3058458546603,760.4467485538743,693.0440721242957
Tron-o-matic 2 Pro,Online_Store,2024-10-02,534.5028151179495,610.3375898706745,676.2497030797003,605.187735212179
Tron-o-matic 2 Pro,Online_Store,2024-10-03,522.4819806835408,585.3171220920373,649.6196312218638,586.4405654960204
Tron-o-matic 2 Pro,Online_Store,2024-10-04,621.105912685415,686.9308576825322,739.3700105037907,686.3122441614386
Tron-o-matic 2 Pro,Online_Store,2024-10-05,933.633561478726,999.5615276011637,1048.5961487264199,994.420969327483
Tron-o-matic 2 Pro,Online_Store,2024-10-06,718.4109549388899,792.2721753633127,876.1022589054438,792.1757503279377
Tron-o-matic 2 Pro,Online_Store,2024-10-07,619.3718347263085,690.2201141867818,751.551663570867,686.0513053463638
Tron-o-matic 2 Pro,Online_Store,2024-10-08,727.5203517690732,790.2639872149568,842.0254700363898,787.9248564902944
Tron-o-matic 2 Pro,Online_Store,2024-10-09,531.5357285209219,606.7556837349651,675.6763230795972,601.696028662387
Tron-o-matic 2 Pro,Online_Store,2024-10-10,530.0807551676479,599.5416352789357,658.4835285519813,596.0090526530711
Tron-o-matic 2 Pro,Online_Store,2024-10-11,659.421361024625,701.0952391999028,749.239911026272,700.3692470746577
Tron-o-matic 2 Pro,Online_Store,2024-10-12,538.9008440940055,598.3581247466385,666.7507094096006,596.6710780973864
Tron-o-matic 2 Pro,Online_Store,2024-10-13,518.8666788164724,593.6806867236775,665.7597174096884,592.3045365059212
Tron-o-matic 2 Pro,Online_Store,2024-10-14,526.6559289284887,594.5851551744889,650.9530740616988,590.55589900345
Tron-o-matic 2 Pro,Online_Store,2024-10-15,672.2458792252314,724.2487787783733,779.6321815803378,725.7794975120514
Tron-o-matic 2 Pro,Online_Store,2024-10-16,537.7606181924964,595.4346375069824,651.7360240716278,595.8133245809312
Tron-o-matic 2 Pro,Online_Store,2024-10-17,518.1357291027869,574.1489635824101,641.8201857228207,574.4170700521979
Tron-o-matic 2 Pro,Online_Store,2024-10-18,950.5279501633984,1022.6201451474262,1073.737707939317,1015.6637968668356
Tron-o-matic 2 Pro,Online_Store,2024-10-19,667.99323110357,732.8170753332281,798.2471481842869,730.5827588898111
Tron-o-matic 2 Pro,Online_Store,2024-10-20,521.5421554253312,590.2115065378066,635.2495592018289,583.9242113761372
Tron-o-matic 2 Pro,Online_Store,2024-10-21,517.5174781832728,580.9584124983846,647.0196467104737,579.3301363407579
Tron-o-matic 2 Pro,Online_Store,2024-10-22,516.2631159266242,589.7534141319526,644.4260700530839,583.9785050315182
Tron-o-matic 2 Pro,Online_Store,2024-10-23,583.2503488892646,658.5310102975398,725.364593312131,656.5966586912941
Tron-o-matic 2 Pro,Online_Store,2024-10-24,500.93895056182794,564.706031794632,620.9049475687779,560.1224059348792
Tron-o-matic 2 Pro,Online_Store,2024-10-25,956.4422036267722,1024.6595863384716,1074.296728467904,1020.2539689505012
Tron-o-matic 2 Pro,Online_Store,2024-10-26,712.712221223456,779.2367049446059,842.8382921182356,781.6777841679236
Tron-o-matic 2 Pro,Online_Store,2024-10-27,476.2419299958708,542.1976539752717,616.8708589512619,544.7329267086642
Tron-o-matic 2 Pro,Online_Store,2024-10-28,972.6522082250412,1035.7168371494893,1099.4684981680646,1032.7288998860283
Tron-o-matic 2 Pro,Online_Store,2024-10-29,1023.7302722594625,1094.9504584368472,1160.618798196619,1097.2839651446402
Tron-o-matic 2 Pro,Online_Store,2024-10-30,592.9388526896698,657.9415813041559,711.9385320845172,654.8445554507347
Tron-o-matic 2 Pro,Online_Store,2024-10-31,475.066035474996,538.6874885983209,603.7987666613983,541.2664011756626
Tron-o-matic 2 Pro,Online_Store,2024-11-01,702.9086797952936,757.7173001534142,811.8398435624867,757.0127747838071
Tron-o-matic 2 Pro,Online_Store,2024-11-02,475.30459791096524,539.0355777439312,612.2846374710623,541.5339621469742
Tron-o-matic 2 Pro,Online_Store,2024-11-03,455.72598185727537,516.1970133626938,579.8224624800373,522.5370517795578
Tron-o-matic 2 Pro,Online_Store,2024-11-04,482.05795082719953,538.4048677910554,603.7941370893595,541.4979199413801
Tron-o-matic 2 Pro,Online_Store,2024-11-05,470.9494942245939,529.595019359213,599.0269580987491,530.3723227112644
Tron-o-matic 2 Pro,Online_Store,2024-11-06,628.4372555023616,691.6634841002697,760.8601615279116,692.7297540147514
Tron-o-matic 2 Pro,Online_Store,2024-11-07,443.2082720552431,521.1920955159869,585.269388949888,514.9605687725241
Tron-o-matic 2 Pro,Online_Store,2024-11-08,453.35569966019284,526.7389399890344,584.2949180221849,520.841133693734
Tron-o-matic 2 Pro,Online_Store,2024-11-09,460.5932518915164,511.3764667825486,570.412031906787,512.3455478622195
Tron-o-matic 2 Pro,Online_Store,2024-11-10,450.01496945663,512.8240956004125,574.1648513593116,513.1105631535588
Tron-o-matic 2 Pro,Online_Store,2024-11-11,454.03320923402293,509.5585578465807,568.6235005823032,513.1340252767661
Tron-o-matic 2 Pro,Online_Store,2024-11-12,462.8882810302822,517.3976144543734,582.646597644697,518.4375761023468
Tron-o-matic 2 Pro,Online_Store,2024-11-13,656.212443275589,717.7032979428087,769.1249067485113,715.921883731634
Tron-o-matic 2 Pro,Online_Store,2024-11-14,441.6121356726572,507.08946300378716,572.8999586657534,506.5709198822508
Tron-o-matic 2 Pro,Online_Store,2024-11-15,443.900394509404,510.26020069588037,560.3059227772976,506.1713164430375
Tron-o-matic 2 Pro,Online_Store,2024-11-16,443.5619611701563,515.8161000327054,574.2116552355512,514.7502225978822
Tron-o-matic 2 Pro,Online_Store,2024-11-17,635.2627586540137,691.6410113859935,759.9251757961804,692.7268041655592
Tron-o-matic 2 Pro,Online_Store,2024-11-18,601.680473141299,659.6158022565899,725.5334330276482,658.6438385411737
Tron-o-matic 2 Pro,Online_Store,2024-11-19,631.8840223300565,689.855813233517,759.9496223553818,692.6406948116124
Tron-o-matic 2 Pro,Online_Store,2024-11-20,869.2926986744039,939.9723986017151,993.1894018861242,934.1771644368085
Tron-o-matic 2 Pro,Online_Store,2024-11-21,447.83349527175926,510.92510425660123,564.3987272465055,508.9300653822094
Tron-o-matic 2 Pro,Online_Store,2024-11-22,956.852301843775,1012.0071708037665,1075.4706201147878,1012.2415585166954
Tron-o-matic 2 Pro,Online_Store,2024-11-23,829.3401290032083,883.5758565541721,943.6993809271262,882.7505900526438
Tron-o-matic 2 Pro,Online_Store,2024-11-24,637.1858919297779,708.8332619458441,781.462508064642,708.883180539317
Tron-o-matic 2 Pro,Online_Store,2024-11-25,846.7249611389981,913.1653193685053,966.7147368525967,908.8941611319622
Tron-o-matic 2 Pro,Online_Store,2024-11-26,579.6360539819997,651.9033879841749,701.3319288425753,643.5148173834384
Tron-o-matic 2 Pro,Online_Store,2024-11-27,434.87528437092453,493.17104105503114,552.5015335609957,494.4633695825453
Tron-o-matic 2 Pro,Online_Store,2024-11-28,449.99838284549867,508.41128298662426,555.3522323595306,505.5325100181471
Tron-o-matic 2 Pro,Online_Store,2024-11-29,1029.0381890628687,1089.50387166578,1156.9864336150433,1087.38024198874
Tron-o-matic 2 Pro,Online_Store,2024-11-30,552.9282681874301,623.9985918848504,680.7172584495901,624.7934657396081
Tron-o-matic 2 Pro,Online_Store,2024-12-01,817.0517465126931,894.2310533179216,953.0309132731462,889.3211992589655
Tron-o-matic 2 Pro,Online_Store,2024-12-02,451.20702064897654,508.59610348128587,576.9065484842615,510.75134732198575
Tron-o-matic 2 Pro,Online_Store,2024-12-03,452.02063843215717,510.2590935250897,565.7646396220572,509.9686189606709
Tron-o-matic 2 Pro,Online_Store,2024-12-04,437.39710552360333,496.6590618656815,567.0264936332464,499.7206347787736
Tron-o-matic 2 Pro,Online_Store,2024-12-05,441.6239308975369,508.5972590059243,558.5306968544338,503.37120024630184
Tron-o-matic 2 Pro,Online_Store,2024-12-06,429.02767282231525,497.1724285585477,560.4823119294473,497.31357224389774
Tron-o-matic 2 Pro,Online_Store,2024-12-07,644.8080349898712,708.2167480297086,774.068512408659,710.7926939670245
Tron-o-matic 2 Pro,Online_Store,2024-12-08,450.0739481856705,509.59496864171945,562.767685828681,505.96807124700507
Tron-o-matic 2 Pro,Online_Store,2024-12-09,857.3636362037826,922.380423977856,986.5609244183623,921.4935442889268
Tron-o-matic 2 Pro,Online_Store,2024-12-10,445.37403563901,511.2412940557481,573.2467891871264,509.4693344853782
Tron-o-matic 2 Pro,Online_Store,2024-12-11,852.1024935829942,906.3757440067715,954.3304200771183,906.5196423721443
Tron-o-matic 2 Pro,Online_Store,2024-12-12,441.20544586236247,503.89533335142727,553.2668262244173,502.04526425513154
Tron-o-matic 2 Pro,Online_Store,2024-12-13,435.7225883553295,493.6499325082747,554.5443382183895,496.9624585896475
Tron-o-matic 2 Pro,Online_Store,2024-12-14,452.66709903973856,518.4401743430482,568.4392135158699,516.1731068742124
Tron-o-matic 2 Pro,Online_Store,2024-12-15,564.1313027004122,635.0117010394093,704.8340643668346,634.1193139214117
Tron-o-matic 2 Pro,Online_Store,2024-12-16,532.8887454668737,594.6110707060224,653.2790916227542,593.3625095948853
Tron-o-matic 2 Pro,Online_Store,2024-12-17,709.1467316381442,765.4590820537165,837.020895876632,764.3776047411335
Tron-o-matic 2 Pro,Online_Store,2024-12-18,431.76743680247444,503.4620587563535,557.5519989465342,496.82102716483337
Tron-o-matic 2 Pro,Online_Store,2024-12-19,968.4173733497246,1033.8089994645266,1104.5898591187201,1036.9055370803644
Tron-o-matic 2 Pro,Online_Store,2024-12-20,565.077053707031,632.6834430484344,698.290104343469,628.1357600146812
Tron-o-matic 2 Pro,Online_Store,2024-12-21,456.82688907710536,520.3615072034628,566.6763690982223,514.2117071600528
Tron-o-matic 2 Pro,Online_Store,2024-12-22,445.7205570277079,507.5435069039741,558.5382445645461,505.82690999002307
Tron-o-matic 2 Pro,Online_Store,2024-12-23,846.7907252028141,911.5701583994157,972.4445856590492,910.1452063478424
Tron-o-matic 2 Pro,Online_Store,2024-12-24,443.9521842394915,508.8919142704914,568.9757213450155,506.1083283833986
Tron-o-matic 2 Pro,Online_Store,2024-12-25,433.40156741301894,516.892681782944,570.7135136797014,512.1853629278637
Tron-o-matic 2 Pro,Online_Store,2024-12-26,436.14550558151177,509.25058456798604,556.9979503062882,502.69103911150637
Tron-o-matic 2 Pro,Online_Store,2024-12-27,427.6170236241546,511.268708612889,574.9636408371077,502.26154517444616
Tron-o-matic 2 Pro,Online_Store,2024-12-28,441.197235586435,507.06156365800103,588.1647695237372,509.0077515548159
Tron-o-matic 2 Pro,Online_Store,2024-12-29,445.863064604171,502.6672557052606,574.100147619881,508.48732641784585
Tron-o-matic 2 Pro,Online_Store,2024-12-30,454.61655670543314,510.3574845949796,572.6507171909572,511.26226704682654
Tron-o-matic 2 Pro,Online_Store,2024-12-31,699.0345602181475,747.2740568570193,815.5649708138915,756.318996879208
Tron-o-matic 2 Pro,WashingtonDC_01,2024-10-01,19.542041450381173,21.646335006558136,23.686555535403016,21.656169735660086
Tron-o-matic 2 Pro,WashingtonDC_01,2024-10-02,17.474565729819666,19.177574865915684,21.033142182329264,19.173513467009872
Tron-o-matic 2 Pro,WashingtonDC_01,2024-10-03,17.131528274518203,19.22230516122328,20.991870516646053,19.090726214264865
Tron-o-matic 2 Pro,WashingtonDC_01,2024-10-04,19.77436706046113,21.875849513280844,23.680890541711207,21.78696423611198
Tron-o-matic 2 Pro,WashingtonDC_01,2024-10-05,28.843042292771088,30.847287286991016,33.15377823765576,30.983366186089928
Tron-o-matic 2 Pro,WashingtonDC_01,2024-10-06,23.1246695247774,24.8387141089546,27.016542956079533,24.91625547797527
Tron-o-matic 2 Pro,WashingtonDC_01,2024-10-07,19.304250263921222,21.241109061592223,23.127690450574427,21.274553897290012
Tron-o-matic 2 Pro,WashingtonDC_01,2024-10-08,23.10995498483443,24.94154386052096,26.88256680850196,24.87844161135141
Tron-o-matic 2 Pro,WashingtonDC_01,2024-10-09,17.736458615295152,18.997942907838134,21.006743431421867,19.18313730722115
Tron-o-matic 2 Pro,WashingtonDC_01,2024-10-10,16.921741695435713,18.804673572745486,20.780134128891078,18.748982351235064
Tron-o-matic 2 Pro,WashingtonDC_01,2024-10-11,19.641040399806556,21.734887135159607,23.85802910563398,21.712689589771415
Tron-o-matic 2 Pro,WashingtonDC_01,2024-10-12,16.845126168064,18.68369845701212,21.091515306755053,18.834821434991717
Tron-o-matic 2 Pro,WashingtonDC_01,2024-10-13,17.08216377833614,18.68174184532096,20.944642029541683,18.92133635143432
Tron-o-matic 2 Pro,WashingtonDC_01,2024-10-14,16.522563651728014,18.82714418093341,20.941405004639062,18.743727306127
Tron-o-matic 2 Pro,WashingtonDC_01,2024-10-15,19.85274789169967,22.03037042399302,24.26080264583185,22.037172734927157
Tron-o-matic 2 Pro,WashingtonDC_01,2024-10-16,16.81263047945878,18.796545461076192,20.968714659353136,18.85462408382803
Tron-o-matic 2 Pro,WashingtonDC_01,2024-10-17,16.456059563314074,18.559557252483447,20.582821001964362,18.531338330976183
Tron-o-matic 2 Pro,WashingtonDC_01,2024-10-18,29.934927011964227,31.732334601717728,33.74870140253164,31.793515190785833
Tron-o-matic 2 Pro,WashingtonDC_01,2024-10-19,20.964647107848798,22.57487773813072,24.4928604054512,22.712609144576444
Tron-o-matic 2 Pro,WashingtonDC_01,2024-10-20,16.486239016838745,18.412095775678893,20.2243852692319,18.402795212892457
Tron-o-matic 2 Pro,WashingtonDC_01,2024-10-21,16.914617711993216,18.267353993765973,20.352739938293478,18.465429462565613
Tron-o-matic 2 Pro,WashingtonDC_01,2024-10-22,16.047524727795302,18.27170124030964,20.338724506595447,18.25555389412939
Tron-o-matic 2 Pro,WashingtonDC_01,2024-10-23,18.879992500879617,21.17307250376189,23.1234207808634,21.02376399716279
Tron-o-matic 2 Pro,WashingtonDC_01,2024-10-24,15.937730539322297,17.84428993540436,19.796723548785515,17.836879035407442
Tron-o-matic 2 Pro,WashingtonDC_01,2024-10-25,29.388293162647248,31.772090175602692,34.15769708345403,31.874805623333557
Tron-o-matic 2 Pro,WashingtonDC_01,2024-10-26,22.291503750108767,24.186530002316395,26.194973865799223,24.384628341015787
Tron-o-matic 2 Pro,WashingtonDC_01,2024-10-27,15.739559584042587,17.531530684032596,19.56764996875614,17.621967791281037
Tron-o-matic 2 Pro,WashingtonDC_01,2024-10-28,30.438535487366583,32.357292990729434,34.131202973677446,32.347674021045
Tron-o-matic 2 Pro,WashingtonDC_01,2024-10-29,31.6108194524125,34.060283116156576,35.45804022558656,33.82525901369279
Tron-o-matic 2 Pro,WashingtonDC_01,2024-10-30,18.661731472909207,20.681417580939975,22.642378782249505,20.645264586560142
Tron-o-matic 2 Pro,WashingtonDC_01,2024-10-31,15.11971822471727,17.101004339188513,18.770697351742925,17.111787364178404
Tron-o-matic 2 Pro,WashingtonDC_01,2024-11-01,21.477684286403225,23.720565357205018,25.73725793595243,23.692114910509794
Tron-o-matic 2 Pro,WashingtonDC_01,2024-11-02,14.768800657595559,16.568731346269693,18.54300080585602,16.640650252730417
Tron-o-matic 2 Pro,WashingtonDC_01,2024-11-03,14.423171194943626,16.95070456421055,19.173059651057663,16.84967232516384
Tron-o-matic 2 Pro,WashingtonDC_01,2024-11-04,14.196390215651977,16.345324952043086,18.559909401423578,16.335948183711363
Tron-o-matic 2 Pro,WashingtonDC_01,2024-11-05,14.299537432877543,16.229778683425476,18.50647185451511,16.226568540701585
Tron-o-matic 2 Pro,WashingtonDC_01,2024-11-06,19.961977048249736,21.75616708373936,23.84656778242671,21.83285995327425
Tron-o-matic 2 Pro,WashingtonDC_01,2024-11-07,13.928492169500242,15.916541396362913,17.837426622543667,15.888040952053954
Tron-o-matic 2 Pro,WashingtonDC_01,2024-11-08,14.16158074747688,16.207309484640767,17.64858618092885,16.011826973705112
Tron-o-matic 2 Pro,WashingtonDC_01,2024-11-09,13.903438598306733,15.855451130793679,18.44832687663915,16.015388347781
Tron-o-matic 2 Pro,WashingtonDC_01,2024-11-10,13.780271401479588,15.691919903185974,17.803939631146225,15.801886251498452
Tron-o-matic 2 Pro,WashingtonDC_01,2024-11-11,13.724876726736074,15.957332041070151,17.394936903372347,15.777604785287703
Tron-o-matic 2 Pro,WashingtonDC_01,2024-11-12,13.728069217632665,15.772013843228182,17.771577011089047,15.737179989630574
Tron-o-matic 2 Pro,WashingtonDC_01,2024-11-13,20.261553836508497,22.282598986100727,24.373330970487014,22.33808791753033
Tron-o-matic 2 Pro,WashingtonDC_01,2024-11-14,13.742561066602853,15.802078373483045,17.48894522269658,15.777031372368835
Tron-o-matic 2 Pro,WashingtonDC_01,2024-11-15,13.571193479424975,15.758550860982494,18.22813785380475,15.85916365858419
Tron-o-matic 2 Pro,WashingtonDC_01,2024-11-16,13.4719223602548,15.601162491331593,17.73377439621382,15.478562749542409
Tron-o-matic 2 Pro,WashingtonDC_01,2024-11-17,19.066279567424633,21.023262621395407,23.48416913697821,21.15510758588953
Tron-o-matic 2 Pro,WashingtonDC_01,2024-11-18,18.54068717392878,20.65045279085024,22.92018605589011,20.64755775386836
Tron-o-matic 2 Pro,WashingtonDC_01,2024-11-19,19.035813418336637,20.842409762307376,22.773040244447618,20.854167147293484
Tron-o-matic 2 Pro,WashingtonDC_01,2024-11-20,27.492131081877105,29.549475659243917,31.027704794113177,29.32706647736188
Tron-o-matic 2 Pro,WashingtonDC_01,2024-11-21,13.688967499477197,15.524128390155946,17.602298196521613,15.560897555790707
Tron-o-matic 2 Pro,WashingtonDC_01,2024-11-22,29.054167254872002,31.339535762871527,33.601345808951045,31.27571320783707
Tron-o-matic 2 Pro,WashingtonDC_01,2024-11-23,25.073717158918825,27.293833469480905,29.591883164196563,27.284146757747866
Tron-o-matic 2 Pro,WashingtonDC_01,2024-11-24,19.71644850036624,22.146199991442106,24.40795464204531,22.097701500520415
Tron-o-matic 2 Pro,WashingtonDC_01,2024-11-25,26.223084796464406,28.439239139924293,30.889304083548417,28.45789171695515
Tron-o-matic 2 Pro,WashingtonDC_01,2024-11-26,17.6766663480836,19.500718713900287,21.408290478049278,19.536237831211935
Tron-o-matic 2 Pro,WashingtonDC_01,2024-11-27,14.25303850537483,15.890628589367433,17.687336231772846,15.977452097070234
Tron-o-matic 2 Pro,WashingtonDC_01,2024-11-28,13.91110342127656,16.0228695457954,17.422541108270025,15.780462539742174
Tron-o-matic 2 Pro,WashingtonDC_01,2024-11-29,32.63636435343306,34.529454261397326,36.43579630792697,34.49677943126612
Tron-o-matic 2 Pro,WashingtonDC_01,2024-11-30,17.083440312773913,19.25692964220651,21.323303765941272,19.26182056685586
Tron-o-matic 2 Pro,WashingtonDC_01,2024-12-01,26.020599694323842,28.223301504305255,29.898566490617917,28.028412236904913
Tron-o-matic 2 Pro,WashingtonDC_01,2024-12-02,14.06862403660606,15.77285249703939,18.29324855998226,15.970212161432697
Tron-o-matic 2 Pro,WashingtonDC_01,2024-12-03,14.001210612450881,16.064638462033823,18.109817013113716,16.05570101846091
Tron-o-matic 2 Pro,WashingtonDC_01,2024-12-04,14.35797058426305,16.346302407877698,18.00215791824848,16.27162352883314
Tron-o-matic 2 Pro,WashingtonDC_01,2024-12-05,14.36133033800417,15.858713904339167,17.913080831259236,16.006102367337956
Tron-o-matic 2 Pro,WashingtonDC_01,2024-12-06,14.203277376783948,16.54680289953656,18.35149462669802,16.3692938778021
Tron-o-matic 2 Pro,WashingtonDC_01,2024-12-07,21.023479681685334,22.5540228911134,24.82157971879939,22.717798572670517
Tron-o-matic 2 Pro,WashingtonDC_01,2024-12-08,14.334017742544779,16.25200826650254,18.096323067150138,16.231276181097986
Tron-o-matic 2 Pro,WashingtonDC_01,2024-12-09,26.76915525834315,28.945166740670775,30.66102025214011,28.779897839559563
Tron-o-matic 2 Pro,WashingtonDC_01,2024-12-10,13.769488837223928,16.11249407010169,18.257875606024623,16.03484653060116
Tron-o-matic 2 Pro,WashingtonDC_01,2024-12-11,26.69872434452032,28.525679629519534,30.919300202251467,28.630684600463546
Tron-o-matic 2 Pro,WashingtonDC_01,2024-12-12,13.751360169228022,16.063708165828604,18.104221778232926,15.891164072951247
Tron-o-matic 2 Pro,WashingtonDC_01,2024-12-13,14.05289643408628,16.159367558452217,18.368617110925264,16.031236510707323
Tron-o-matic 2 Pro,WashingtonDC_01,2024-12-14,13.914811090769094,16.174585750904907,18.038480971648198,16.069830882584313
Tron-o-matic 2 Pro,WashingtonDC_01,2024-12-15,18.50906670697976,20.48358209197153,22.118707378519524,20.299517367594948
Tron-o-matic 2 Pro,WashingtonDC_01,2024-12-16,16.596284859110078,18.633792017451334,20.360520595362967,18.575624785451865
Tron-o-matic 2 Pro,WashingtonDC_01,2024-12-17,22.416990543275418,24.156782039666474,26.07661191143226,24.133547916081035
Tron-o-matic 2 Pro,WashingtonDC_01,2024-12-18,13.810789285635396,15.74352470234384,17.844016417097627,15.7575521126446
Tron-o-matic 2 Pro,WashingtonDC_01,2024-12-19,30.19869550129846,32.28176304929405,34.104876013390616,32.20773358537801
Tron-o-matic 2 Pro,WashingtonDC_01,2024-12-20,17.51935228556928,19.23296472169097,20.74248281939303,19.20732121093094
Tron-o-matic 2 Pro,WashingtonDC_01,2024-12-21,13.726091213774374,15.344969615063688,17.450054681139758,15.497385570015574
Tron-o-matic 2 Pro,WashingtonDC_01,2024-12-22,13.406951546772774,15.66739333696272,17.55381895781688,15.660101712805451
Tron-o-matic 2 Pro,WashingtonDC_01,2024-12-23,25.67092066950921,27.881106711370894,30.332449482476363,27.961690193997295
Tron-o-matic 2 Pro,WashingtonDC_01,2024-12-24,13.42217216043787,15.644134389206487,17.65861037304257,15.544033162820062
Tron-o-matic 2 Pro,WashingtonDC_01,2024-12-25,14.057871015710601,16.002913531251416,18.119976068616516,15.989115906365875
Tron-o-matic 2 Pro,WashingtonDC_01,2024-12-26,13.744239979524139,15.645790857835138,17.805472033892435,15.70259427219428
Tron-o-matic 2 Pro,WashingtonDC_01,2024-12-27,13.43451485060345,15.481430389714903,17.687381561859087,15.513687493637642
Tron-o-matic 2 Pro,WashingtonDC_01,2024-12-28,13.88706321001543,15.78010187724318,17.536309157274964,15.606260402762134
Tron-o-matic 2 Pro,WashingtonDC_01,2024-12-29,14.156751567766468,15.914030620720345,17.93494698755933,15.992191795716964
Tron-o-matic 2 Pro,WashingtonDC_01,2024-12-30,14.249653669627328,15.927534686902549,18.047438107992573,16.026575422771472
Tron-o-matic 2 Pro,WashingtonDC_01,2024-12-31,20.818292581455133,23.190588174776828,24.75698777775842,22.969598968620144
Tron-o-matic 2 Pro,NewYork_01,2024-10-01,32.54491738927329,35.86489261731763,37.987510186020764,35.46553426172395
Tron-o-matic 2 Pro,NewYork_01,2024-10-02,27.472714007076405,30.433574016686887,33.72655660955169,30.611430442112265
Tron-o-matic 2 Pro,NewYork_01,2024-10-03,27.50558440924952,30.18501689134098,33.379645905220414,30.147584772965637
Tron-o-matic 2 Pro,NewYork_01,2024-10-04,31.97469964033804,35.47164106099358,39.02844184184427,35.52234723290829
Tron-o-matic 2 Pro,NewYork_01,2024-10-05,47.21248241357023,50.734548787245096,53.10886248540841,50.39360338070376
Tron-o-matic 2 Pro,NewYork_01,2024-10-06,36.75683274880207,39.99274516200354,42.450918578745714,39.85725318569835
Tron-o-matic 2 Pro,NewYork_01,2024-10-07,30.608293813207872,34.646156082106856,38.72368811481531,34.801435246589605
Tron-o-matic 2 Pro,NewYork_01,2024-10-08,36.3043213542463,40.295102730777465,42.754516034950896,39.84565897361419
Tron-o-matic 2 Pro,NewYork_01,2024-10-09,27.119657875593333,30.69826053856172,33.58738027829325,30.403833347847918
Tron-o-matic 2 Pro,NewYork_01,2024-10-10,26.87510415313609,30.810102729205965,33.14457146809103,30.42989990901622
Tron-o-matic 2 Pro,NewYork_01,2024-10-11,32.74059634070806,35.085879054845456,38.064193815087016,35.24935898865024
Tron-o-matic 2 Pro,NewYork_01,2024-10-12,27.616713695936507,30.830359436359903,34.0678542600467,30.944521278199055
Tron-o-matic 2 Pro,NewYork_01,2024-10-13,27.480851117673357,30.12114274198325,33.35106445116342,30.206804719922797
Tron-o-matic 2 Pro,NewYork_01,2024-10-14,27.203085728147684,30.431322060566515,33.20001710504909,30.316876148704782
Tron-o-matic 2 Pro,NewYork_01,2024-10-15,33.230708467671526,36.600576299162306,39.459198914394925,36.45288203355178
Tron-o-matic 2 Pro,NewYork_01,2024-10-16,27.99034773611831,31.166164190459384,34.06534487020439,31.031628804410083
Tron-o-matic 2 Pro,NewYork_01,2024-10-17,26.761369231494463,29.66173276651934,33.48824781467237,29.910100885419606
Tron-o-matic 2 Pro,NewYork_01,2024-10-18,48.0842750372282,51.51250699257568,54.64554659812163,51.469010176163664
Tron-o-matic 2 Pro,NewYork_01,2024-10-19,33.03373184646848,36.442529490458114,39.99301372522721,36.52501613268525
Tron-o-matic 2 Pro,NewYork_01,2024-10-20,25.669748134672655,29.357739562848817,32.66385810449936,29.367963257729965
Tron-o-matic 2 Pro,NewYork_01,2024-10-21,26.273479063250306,29.179353371424938,31.882177974969572,29.29780676994419
Tron-o-matic 2 Pro,NewYork_01,2024-10-22,26.266895266036276,29.501060630364343,32.95906277040833,29.63849205659622
Tron-o-matic 2 Pro,NewYork_01,2024-10-23,30.022147008827,33.5913984550409,36.846586260762344,33.76200958646774
Tron-o-matic 2 Pro,NewYork_01,2024-10-24,25.961030816596622,28.51293511220562,31.3475480243157,28.54461939255829
Tron-o-matic 2 Pro,NewYork_01,2024-10-25,47.761249199765615,50.84067540956825,53.46554129770858,50.769897774621974
Tron-o-matic 2 Pro,NewYork_01,2024-10-26,35.778958056892655,39.038542089110145,42.0463242237558,39.07906769048143
Tron-o-matic 2 Pro,NewYork_01,2024-10-27,26.1930870545113,28.737679900709292,31.868796620394708,28.842229192721316
Tron-o-matic 2 Pro,NewYork_01,2024-10-28,48.79383700298918,51.826322267215716,54.267843335546395,51.680815037652316
Tron-o-matic 2 Pro,NewYork_01,2024-10-29,52.17296152357435,54.434397586288306,57.58720055987227,54.65773111433231
Tron-o-matic 2 Pro,NewYork_01,2024-10-30,29.977456060522048,33.251791067324575,37.39283181794137,33.47878197680926
Tron-o-matic 2 Pro,NewYork_01,2024-10-31,24.192501422060104,27.241009392476904,30.92783855699483,27.598597978896738
Tron-o-matic 2 Pro,NewYork_01,2024-11-01,35.32232023881687,38.85625267187042,41.511856488755306,38.59848775231432
Tron-o-matic 2 Pro,NewYork_01,2024-11-02,24.50207438822007,27.527244699585275,31.227884740594064,27.6023872831699
Tron-o-matic 2 Pro,NewYork_01,2024-11-03,24.839947047473615,26.92701526609234,29.98842662014012,27.202417284701088
Tron-o-matic 2 Pro,NewYork_01,2024-11-04,23.922904802538305,26.67126126000963,30.139035396414513,26.939961826036434
Tron-o-matic 2 Pro,NewYork_01,2024-11-05,23.644070158266356,27.150344721376374,30.429006280162522,26.983780608295113
Tron-o-matic 2 Pro,NewYork_01,2024-11-06,31.647394609277324,34.89234957025725,37.9383358301556,34.737097607572224
Tron-o-matic 2 Pro,NewYork_01,2024-11-07,22.92150119319102,26.50056720432618,29.520883734871706,26.30596744489004
Tron-o-matic 2 Pro,NewYork_01,2024-11-08,23.37647934840358,26.165344497743803,29.742318495421262,26.297168981829927
Tron-o-matic 2 Pro,NewYork_01,2024-11-09,23.606897842621308,26.836706058129796,30.024955991238212,27.02195031998242
Tron-o-matic 2 Pro,NewYork_01,2024-11-10,21.96339833463339,26.221285435580427,28.84646305128518,25.81917558603371
Tron-o-matic 2 Pro,NewYork_01,2024-11-11,23.324419290490127,26.06199297467033,28.83473673241667,25.938617992374176
Tron-o-matic 2 Pro,NewYork_01,2024-11-12,23.463997822631786,26.56148918692033,29.96351616239602,26.547436980680455
Tron-o-matic 2 Pro,NewYork_01,2024-11-13,33.27374566836943,36.238876556556356,39.42458895860538,36.22449552879286
Tron-o-matic 2 Pro,NewYork_01,2024-11-14,22.16574607692596,26.032494414491865,29.36209367655294,26.01629521103524
Tron-o-matic 2 Pro,NewYork_01,2024-11-15,22.069298637870624,25.591763302183942,29.078480821831448,25.56032371271776
Tron-o-matic 2 Pro,NewYork_01,2024-11-16,22.95890864653243,26.001571933572237,29.369478591509335,26.025573273730725
Tron-o-matic 2 Pro,NewYork_01,2024-11-17,31.138337080179703,34.29680202546597,37.5756146034385,34.19466508474785
Tron-o-matic 2 Pro,NewYork_01,2024-11-18,30.663721387281722,33.32575639039504,36.7922783296705,33.54689679122524
Tron-o-matic 2 Pro,NewYork_01,2024-11-19,31.707782147658556,35.080436788296126,38.41008386979354,34.78867818415212
Tron-o-matic 2 Pro,NewYork_01,2024-11-20,44.41446898310087,47.90274502301801,50.90292579718656,47.665289485567584
Tron-o-matic 2 Pro,NewYork_01,2024-11-21,22.84952469893077,25.635278415810095,28.633085561513663,25.686229765590323
Tron-o-matic 2 Pro,NewYork_01,2024-11-22,47.643988335084494,50.20299855659859,53.78872943301086,50.665852752852004
Tron-o-matic 2 Pro,NewYork_01,2024-11-23,41.8442484762274,44.67242113985943,48.26453046403556,44.893558823803744
Tron-o-matic 2 Pro,NewYork_01,2024-11-24,32.95092238455263,36.896473394744405,39.27254381102709,36.31158964121539
Tron-o-matic 2 Pro,NewYork_01,2024-11-25,42.45144021677411,45.93663471099501,49.19092976380306,45.827776091697835
Tron-o-matic 2 Pro,NewYork_01,2024-11-26,29.447636318399457,32.07779118694076,35.37545808551846,32.18139640228273
Tron-o-matic 2 Pro,NewYork_01,2024-11-27,23.042938008221725,25.79359275754026,29.44290155565369,25.920413278740707
Tron-o-matic 2 Pro,NewYork_01,2024-11-28,22.95229230651912,26.02084065473346,29.294551856374014,26.12544729354789
Tron-o-matic 2 Pro,NewYork_01,2024-11-29,51.861804328106714,54.81456951839352,56.914720963360935,54.61936998785849
Tron-o-matic 2 Pro,NewYork_01,2024-11-30,28.777393898386094,31.543101119266446,35.38024890339786,31.772132695983323
Tron-o-matic 2 Pro,NewYork_01,2024-12-01,41.44379372581517,44.49885922645816,47.49633449619918,44.53117926301672
Tron-o-matic 2 Pro,NewYork_01,2024-12-02,22.56935542647128,26.166657833510936,28.9159924938484,25.963610037584058
Tron-o-matic 2 Pro,NewYork_01,2024-12-03,23.16771386291865,26.331922013577472,29.105668860735474,26.175202331972645
Tron-o-matic 2 Pro,NewYork_01,2024-12-04,22.84984643753972,26.625224056091298,29.41535289205213,26.21172882737747
Tron-o-matic 2 Pro,NewYork_01,2024-12-05,22.805144936167927,25.94136872136681,29.38310478505085,26.071628798219372
Tron-o-matic 2 Pro,NewYork_01,2024-12-06,22.500724149570367,25.84013431628145,28.602392521807896,25.6968190308029
Tron-o-matic 2 Pro,NewYork_01,2024-12-07,33.06935678451768,36.31492674903812,39.6238399903505,36.192443129538816
Tron-o-matic 2 Pro,NewYork_01,2024-12-08,23.01416431411221,26.16575970198561,29.059877090067975,26.08725799276353
Tron-o-matic 2 Pro,NewYork_01,2024-12-09,43.370976686005065,46.66568194245516,49.685610357632164,46.58937196856891
Tron-o-matic 2 Pro,NewYork_01,2024-12-10,22.893679474583408,25.920186728335356,28.95663159153879,26.071618023444795
Tron-o-matic 2 Pro,NewYork_01,2024-12-11,42.921094465387824,46.405530203524876,49.036051360568464,46.0813542816076
Tron-o-matic 2 Pro,NewYork_01,2024-12-12,22.845274305365077,25.695399545454322,29.230611892653684,25.789060448589552
Tron-o-matic 2 Pro,NewYork_01,2024-12-13,23.178554972776745,25.64242761938517,29.20245388796618,25.99051655993224
Tron-o-matic 2 Pro,NewYork_01,2024-12-14,23.264731515629645,26.733340019655596,29.053505043360317,26.450848799320983
Tron-o-matic 2 Pro,NewYork_01,2024-12-15,29.229906955645962,32.22878423126992,35.78888800917129,32.46290631561594
Tron-o-matic 2 Pro,NewYork_01,2024-12-16,27.284299290667576,30.176025762698927,33.984656196696946,30.567056193041836
Tron-o-matic 2 Pro,NewYork_01,2024-12-17,35.195732640886774,38.694070501421145,41.856209839387475,38.75727379332285
Tron-o-matic 2 Pro,NewYork_01,2024-12-18,23.887244577316768,25.99910787139147,29.185884251224408,26.287095531416206
Tron-o-matic 2 Pro,NewYork_01,2024-12-19,48.491145977677206,52.19515658314307,55.23680504511228,51.98640458296509
Tron-o-matic 2 Pro,NewYork_01,2024-12-20,29.125389834216634,32.30369462925632,35.606930423875134,32.26489270235761
Tron-o-matic 2 Pro,NewYork_01,2024-12-21,22.63162819231891,26.401014393950508,29.736804692372566,26.356666032418662
Tron-o-matic 2 Pro,NewYork_01,2024-12-22,22.98857294192223,26.192678295106155,29.78079192195244,26.212850258286693
Tron-o-matic 2 Pro,NewYork_01,2024-12-23,43.28945323756311,45.68094269483911,48.656962559020506,45.77199221347102
Tron-o-matic 2 Pro,NewYork_01,2024-12-24,23.636924737951293,26.707179243763953,30.37693213949544,26.754779662252663
Tron-o-matic 2 Pro,NewYork_01,2024-12-25,23.075564572042307,26.794907483989995,29.133038397275726,26.461366207295892
Tron-o-matic 2 Pro,NewYork_01,2024-12-26,23.140959629089444,26.137191076549925,29.109812883470116,26.0780385211686
Tron-o-matic 2 Pro,NewYork_01,2024-12-27,23.244197136746987,26.585892634766882,30.091211665214704,26.541827357447133
Tron-o-matic 2 Pro,NewYork_01,2024-12-28,23.557376285929966,26.93885004770439,29.631239634320377,26.718935387006397
Tron-o-matic 2 Pro,NewYork_01,2024-12-29,23.90365512849439,26.23438596897933,29.692581442075692,26.72718526326206
Tron-o-matic 2 Pro,NewYork_01,2024-12-30,23.196595540572243,27.18785292431589,30.180772541243922,26.738446925892926
Tron-o-matic 2 Pro,NewYork_01,2024-12-31,34.29821074237918,37.675146862412376,40.406725580358874,37.46831749039813
Tron-o-matic 2 Pro,NewYork_02,2024-10-01,31.619914033335416,34.76200627627365,37.86604558234918,34.71871254447719
Tron-o-matic 2 Pro,NewYork_02,2024-10-02,27.58682189984097,30.4831071879625,33.6308763499154,30.812797508829725
Tron-o-matic 2 Pro,NewYork_02,2024-10-03,27.424724487813506,30.802393241782315,33.49788034961946,30.457649001413913
Tron-o-matic 2 Pro,NewYork_02,2024-10-04,31.394240350411767,35.304373420088574,38.16131764901661,35.06868073962015
Tron-o-matic 2 Pro,NewYork_02,2024-10-05,46.80734319418251,49.77957866993354,52.733847554442164,49.82239245409146
Tron-o-matic 2 Pro,NewYork_02,2024-10-06,36.600284091928,39.71949486681242,43.43500131653133,39.88661948400304
Tron-o-matic 2 Pro,NewYork_02,2024-10-07,31.558779684953187,34.824960799188204,38.39662048896301,34.795997198967264
Tron-o-matic 2 Pro,NewYork_02,2024-10-08,37.14988405643767,39.61046098901657,42.04021672243903,39.49675460952484
Tron-o-matic 2 Pro,NewYork_02,2024-10-09,27.565610706145694,30.307186688806784,34.067527974779324,30.68461356039018
Tron-o-matic 2 Pro,NewYork_02,2024-10-10,27.05760436581813,29.78686793493949,32.85891334144825,29.95258608902012
Tron-o-matic 2 Pro,NewYork_02,2024-10-11,32.0627795759318,35.136693034810556,38.17120500194555,35.07548618450995
Tron-o-matic 2 Pro,NewYork_02,2024-10-12,26.983695129891284,30.097892235249063,33.18749070288231,30.15553640562011
Tron-o-matic 2 Pro,NewYork_02,2024-10-13,27.13374409669053,30.108806184584644,33.39643130136758,30.187342344054557
Tron-o-matic 2 Pro,NewYork_02,2024-10-14,26.588489310318945,30.309973648176896,33.282582965167016,30.06314478251279
Tron-o-matic 2 Pro,NewYork_02,2024-10-15,32.86530409415423,36.20887037005201,39.13051556426265,36.23187457205649
Tron-o-matic 2 Pro,NewYork_02,2024-10-16,27.09450943941603,29.894710537156588,33.43009364162037,30.15226180777746
Tron-o-matic 2 Pro,NewYork_02,2024-10-17,26.60022085032983,29.559945230675826,32.1662394095673,29.56633989510372
Tron-o-matic 2 Pro,NewYork_02,2024-10-18,47.27584317910358,50.920827086703724,53.35414390296074,50.56269424954211
Tron-o-matic 2 Pro,NewYork_02,2024-10-19,33.70085642249553,36.40317176295938,38.92230581492802,36.36762236833544
Tron-o-matic 2 Pro,NewYork_02,2024-10-20,25.77079536543688,29.71383727435572,32.428165832269244,29.521352377335425
Tron-o-matic 2 Pro,NewYork_02,2024-10-21,26.382415264081555,28.95961197159432,32.219212717337626,29.124637916555468
Tron-o-matic 2 Pro,NewYork_02,2024-10-22,26.459892485694272,29.233736738830874,31.20232349031236,29.051741788604364
Tron-o-matic 2 Pro,NewYork_02,2024-10-23,30.930789651486897,33.76566780709913,36.089679711260594,33.590802225819345
Tron-o-matic 2 Pro,NewYork_02,2024-10-24,25.111714108398065,28.854124744238597,31.784143191068075,28.452204647052245
Tron-o-matic 2 Pro,NewYork_02,2024-10-25,47.392396203006555,51.039342273937194,54.06337241044904,50.8678823830571
Tron-o-matic 2 Pro,NewYork_02,2024-10-26,36.00667270182551,38.76162987477977,41.29393951696144,38.784390392093194
Tron-o-matic 2 Pro,NewYork_02,2024-10-27,24.837288793806664,28.325036060349557,30.739828278387392,27.975384883537558
Tron-o-matic 2 Pro,NewYork_02,2024-10-28,47.68856164448404,50.834710845514905,54.573052641754046,51.09547069993358
Tron-o-matic 2 Pro,NewYork_02,2024-10-29,50.992500697555336,53.64111339398992,56.9359082664059,53.80143239187624
Tron-o-matic 2 Pro,NewYork_02,2024-10-30,29.63275813649301,33.37608756966871,36.708311562633156,33.35340371634509
Tron-o-matic 2 Pro,NewYork_02,2024-10-31,23.75229584103193,27.26964812565559,31.085662965340674,27.428026565113885
Tron-o-matic 2 Pro,NewYork_02,2024-11-01,34.12476272645228,38.327523221743476,40.633963391749404,37.753738945109724
Tron-o-matic 2 Pro,NewYork_02,2024-11-02,24.304252681763035,27.209147963519882,29.576940357360222,27.15509084861897
Tron-o-matic 2 Pro,NewYork_02,2024-11-03,23.2822497714311,26.839888256774174,29.637828223557264,26.632007157926555
Tron-o-matic 2 Pro,NewYork_02,2024-11-04,23.223991590834494,26.969535514999084,29.5747313195751,26.68904591047268
Tron-o-matic 2 Pro,NewYork_02,2024-11-05,23.964725977879556,26.83883628310179,30.066541644917894,26.95829883836903
Tron-o-matic 2 Pro,NewYork_02,2024-11-06,30.79534119545336,34.52815325403475,37.27460481802882,34.41233570922343
Tron-o-matic 2 Pro,NewYork_02,2024-11-07,23.026815556728977,26.44068974761777,29.881983925058954,26.353119558371244
Tron-o-matic 2 Pro,NewYork_02,2024-11-08,23.413060434697744,26.114713623756327,29.38827483650592,26.227679906590364
Tron-o-matic 2 Pro,NewYork_02,2024-11-09,23.443117483385297,26.139434314162873,28.40711289595839,26.14265886110572
Tron-o-matic 2 Pro,NewYork_02,2024-11-10,23.01852180668922,26.17104821453945,29.353573041126857,26.145086703248413
Tron-o-matic 2 Pro,NewYork_02,2024-11-11,23.29827979782729,26.75667635957079,29.14011959802528,26.521365009231335
Tron-o-matic 2 Pro,NewYork_02,2024-11-12,22.98611961336314,26.148449039798965,29.132056555924425,26.102689305299588
Tron-o-matic 2 Pro,NewYork_02,2024-11-13,33.06752722794668,36.42811683742982,39.513325737079896,36.25381021147804
Tron-o-matic 2 Pro,NewYork_02,2024-11-14,22.512521821455028,25.837844405002148,29.077638526863723,25.750076099907165
Tron-o-matic 2 Pro,NewYork_02,2024-11-15,23.233571367460517,25.70894636428771,28.169250641556356,25.660964750284496
Tron-o-matic 2 Pro,NewYork_02,2024-11-16,22.429026933773827,25.646316944797224,28.519358271322126,25.473067391051906
Tron-o-matic 2 Pro,NewYork_02,2024-11-17,31.62750564309376,34.76374587836839,37.26873453199843,34.601525549132305
Tron-o-matic 2 Pro,NewYork_02,2024-11-18,30.537798726680744,33.53062227154373,36.82108989914536,33.677595839130134
Tron-o-matic 2 Pro,NewYork_02,2024-11-19,31.29133768873259,35.1459412400538,38.52986372144512,35.082495110323386
Tron-o-matic 2 Pro,NewYork_02,2024-11-20,44.48301699669418,47.03031568319515,49.67577491457871,47.102248901149196
Tron-o-matic 2 Pro,NewYork_02,2024-11-21,22.342649449793896,25.514732047348193,28.189633312761497,25.462469977172553
Tron-o-matic 2 Pro,NewYork_02,2024-11-22,47.22276524102349,49.66408841369391,52.47225002405948,49.76032765488509
Tron-o-matic 2 Pro,NewYork_02,2024-11-23,41.655557646729605,44.370965181190705,47.76771595965676,44.38179966416341
Tron-o-matic 2 Pro,NewYork_02,2024-11-24,33.421355923632504,36.411478854996105,39.06248875782914,36.199333012623654
Tron-o-matic 2 Pro,NewYork_02,2024-11-25,42.06344165738509,45.67678083090594,47.70928177036419,45.28206667526699
Tron-o-matic 2 Pro,NewYork_02,2024-11-26,28.557123923040322,31.88432135602681,35.061912226448435,31.86742892591753
Tron-o-matic 2 Pro,NewYork_02,2024-11-27,22.97792710163729,25.680761475367895,28.631838161256425,25.7268376235701
Tron-o-matic 2 Pro,NewYork_02,2024-11-28,23.068851462215516,25.508355437296554,29.192377468723986,25.80444726977554
Tron-o-matic 2 Pro,NewYork_02,2024-11-29,50.92213250306479,53.63427654894502,57.07447938438121,53.83890864509553
Tron-o-matic 2 Pro,NewYork_02,2024-11-30,27.85039123416296,31.080775705452012,34.91518988426302,31.183388629449624
Tron-o-matic 2 Pro,NewYork_02,2024-12-01,41.7436946707723,44.300256165050094,47.39528286034913,44.31964412638072
Tron-o-matic 2 Pro,NewYork_02,2024-12-02,23.3329579094002,26.153757421642037,29.212108347310437,25.939719138329064
Tron-o-matic 2 Pro,NewYork_02,2024-12-03,22.205211961565062,25.349065177020474,27.92756366294657,25.187788998521572
Tron-o-matic 2 Pro,NewYork_02,2024-12-04,22.160790306155956,25.102900224930565,28.35336152932814,25.31447018073076
Tron-o-matic 2 Pro,NewYork_02,2024-12-05,22.01732459804923,25.205369511864028,28.661650264529918,25.412740160646173
Tron-o-matic 2 Pro,NewYork_02,2024-12-06,22.0001821613324,25.133935948608855,28.069229994764395,25.292510719205943
Tron-o-matic 2 Pro,NewYork_02,2024-12-07,32.16444199261295,35.43382523201564,38.50433664610831,35.29498755594606
Tron-o-matic 2 Pro,NewYork_02,2024-12-08,22.335171438731543,25.66425332806443,28.533641818997587,25.598097405335956
Tron-o-matic 2 Pro,NewYork_02,2024-12-09,42.877857856291996,45.72701777680965,48.81858895486315,45.8388722072387
Tron-o-matic 2 Pro,NewYork_02,2024-12-10,23.094224539268726,25.717445786816832,28.02191422797255,25.565783553942097
Tron-o-matic 2 Pro,NewYork_02,2024-12-11,42.73285214894616,45.60052288881219,48.1341675783383,45.52932783107465
Tron-o-matic 2 Pro,NewYork_02,2024-12-12,22.04484057554557,25.569728017724188,27.880830848197753,25.264895998843336
Tron-o-matic 2 Pro,NewYork_02,2024-12-13,21.04249976175018,24.490116151422715,27.642093634041288,24.43216175128785
Tron-o-matic 2 Pro,NewYork_02,2024-12-14,22.070695423977096,25.57651058834551,28.104585879015875,25.320922362517816
Tron-o-matic 2 Pro,NewYork_02,2024-12-15,28.861794802225848,31.76735619831686,35.743016390189744,32.028021508933755
Tron-o-matic 2 Pro,NewYork_02,2024-12-16,26.29883178358324,28.65460918617079,31.65713057935207,28.930529958502103
Tron-o-matic 2 Pro,NewYork_02,2024-12-17,36.15797582557838,39.25766821823937,41.92445256773497,39.14743345516052
Tron-o-matic 2 Pro,NewYork_02,2024-12-18,22.347109879913937,25.510492655425026,28.146288447054342,25.376717942021013
Tron-o-matic 2 Pro,NewYork_02,2024-12-19,47.460936183525796,50.55260036993629,53.715526437316846,50.7612422328215
Tron-o-matic 2 Pro,NewYork_02,2024-12-20,28.409154467017792,31.100711712096086,33.7080593085513,31.065047307436046
Tron-o-matic 2 Pro,NewYork_02,2024-12-21,22.16103049282194,24.891870750488923,28.328530541074613,25.158087388688244
Tron-o-matic 2 Pro,NewYork_02,2024-12-22,23.21611040114209,25.440482167704296,28.472241969165424,25.541959896877753
Tron-o-matic 2 Pro,NewYork_02,2024-12-23,42.047171177084984,45.64823879903307,48.693319794213714,45.3256766777817
Tron-o-matic 2 Pro,NewYork_02,2024-12-24,22.89651366639892,26.029513337449522,29.039902745036322,26.0924217771411
Tron-o-matic 2 Pro,NewYork_02,2024-12-25,22.867830125308192,25.650714008016433,28.671475527304473,25.811807207856358
Tron-o-matic 2 Pro,NewYork_02,2024-12-26,22.037557372107674,25.720801796103792,28.224383497653132,25.38285247025011
Tron-o-matic 2 Pro,NewYork_02,2024-12-27,23.313996845033323,25.858726251415995,28.449663802635662,25.74011279858043
Tron-o-matic 2 Pro,NewYork_02,2024-12-28,22.878057899646034,25.662012179818923,29.413111535331126,25.870219489629722
Tron-o-matic 2 Pro,NewYork_02,2024-12-29,23.23987801937065,25.965311828307534,29.405575916132758,26.108114176017175
Tron-o-matic 2 Pro,NewYork_02,2024-12-30,22.393621745111595,25.85633205837266,28.625267000359194,25.708049144831204
Tron-o-matic 2 Pro,NewYork_02,2024-12-31,34.806877705887516,37.99963159783317,40.389190008181686,37.6445324890293
Tron-o-matic 2,Houston_01,2024-10-01,50.01125866004365,56.85864829229195,63.999649678702035,56.74994942302118
Tron-o-matic 2,Houston_01,2024-10-02,50.01173032252168,55.46982541190673,64.27371359366985,56.41418527251076
Tron-o-matic 2,Houston_01,2024-10-03,49.4975501736771,56.353601499230734,63.92601728991076,56.32444500010739
Tron-o-matic 2,Houston_01,2024-10-04,49.4118368315288,57.25149233364976,65.18748891886966,56.963822563887135
Tron-o-matic 2,Houston_01,2024-10-05,49.61090345688907,56.20131283909411,62.43906689032987,56.113726857175976
Tron-o-matic 2,Houston_01,2024-10-06,47.83330262446575,55.19937147142093,62.11994418953833,54.694016589860574
Tron-o-matic 2,Houston_01,2024-10-07,100.81487405805424,108.97135727365661,117.24851237819603,109.08557245142092
Tron-o-matic 2,Houston_01,2024-10-08,48.86494539686136,57.12245418443349,65.93893914926875,57.32357478005693
Tron-o-matic 2,Houston_01,2024-10-09,67.64007692407961,73.58682310864813,82.1106428756622,74.53039766235506
Tron-o-matic 2,Houston_01,2024-10-10,83.33729337123997,92.09574843528385,99.07253989023916,91.45146911750584
Tron-o-matic 2,Houston_01,2024-10-11,130.3278094518323,137.56043388060178,142.32142161414785,136.53853214408912
Tron-o-matic 2,Houston_01,2024-10-12,49.43597548101283,55.42856158762682,63.199928539354666,55.98370121636283
Tron-o-matic 2,Houston_01,2024-10-13,45.42514626261832,53.667987499202944,61.05538913210197,53.50900374959642
Tron-o-matic 2,Houston_01,2024-10-14,47.8413931015619,56.106968483575564,62.75280616560799,55.65718215329713
Tron-o-matic 2,Houston_01,2024-10-15,49.30905231037262,55.3412906569086,62.829760864087014,55.76333162328579
Tron-o-matic 2,Houston_01,2024-10-16,47.117382301324795,54.3623479481084,61.91887988274987,54.63520165944558
Tron-o-matic 2,Houston_01,2024-10-17,72.33245514330112,79.74535959067775,88.37355668905994,80.31413101964651
Tron-o-matic 2,Houston_01,2024-10-18,47.52164499777338,55.59571438012563,62.613335927616156,54.95613183899942
Tron-o-matic 2,Houston_01,2024-10-19,63.151227356313825,69.64653462283606,76.13095908235692,69.49647397329062
Tron-o-matic 2,Houston_01,2024-10-20,45.54212221764055,53.47194703160501,61.32830512401375,53.315580736379886
Tron-o-matic 2,Houston_01,2024-10-21,107.98430089172456,115.36760756543994,121.22349772575409,115.14398470204029
Tron-o-matic 2,Houston_01,2024-10-22,46.60162861381076,52.60221169169957,60.769405005822776,53.21255341446451
Tron-o-matic 2,Houston_01,2024-10-23,127.81106880788435,135.26360001458235,142.02653184586094,135.17437339050278
Tron-o-matic 2,Houston_01,2024-10-24,108.18373002970729,113.68767110320312,120.44512651281971,114.25500900140688
Tron-o-matic 2,Houston_01,2024-10-25,44.39049154063747,51.68435110648758,61.08273357967629,52.097670333616605
Tron-o-matic 2,Houston_01,2024-10-26,122.0465778647008,131.8088894976041,141.01311235672623,132.14994612123482
Tron-o-matic 2,Houston_01,2024-10-27,80.66937823933968,87.28263077600622,92.63773962470873,86.99063994599183
Tron-o-matic 2,Houston_01,2024-10-28,59.015502296731604,67.53169463635852,75.14531442656545,66.99075412012657
Tron-o-matic 2,Houston_01,2024-10-29,122.8893664286917,131.3824215657076,137.9121193663398,131.2442972003979
Tron-o-matic 2,Houston_01,2024-10-30,55.47577285961514,62.67145537052326,70.02597008392529,62.49009184414507
Tron-o-matic 2,Houston_01,2024-10-31,42.06446526760965,49.08996445651018,56.384961544967354,49.135149713873744
Tron-o-matic 2,Houston_01,2024-11-01,67.64946814679226,74.14446894017739,82.42320180038767,74.19995924667214
Tron-o-matic 2,Houston_01,2024-11-02,41.99764374263812,49.96605152160919,57.17349512397357,49.655827231765215
Tron-o-matic 2,Houston_01,2024-11-03,40.456365000107766,48.353522470625016,54.76103801691176,48.14391545210403
Tron-o-matic 2,Houston_01,2024-11-04,41.6906189873297,48.884857977793196,56.12584958080845,48.76253487055319
Tron-o-matic 2,Houston_01,2024-11-05,41.27825617777861,47.30399338684798,53.81280280172191,47.426842003239074
Tron-o-matic 2,Houston_01,2024-11-06,68.37675619398361,75.11683232620715,80.57411103393162,74.7071160220658
Tron-o-matic 2,Houston_01,2024-11-07,106.24517088678618,112.12085736682823,119.79240334978164,112.71919166888802
Tron-o-matic 2,Houston_01,2024-11-08,93.13835469845246,101.5053015997367,107.9152406489421,101.25792324317165
Tron-o-matic 2,Houston_01,2024-11-09,111.29958818387126,119.18992916140749,127.75069303230497,119.4160281110872
Tron-o-matic 2,Houston_01,2024-11-10,38.164378362921745,45.8357551017214,54.155509363072696,46.012823009917035
Tron-o-matic 2,Houston_01,2024-11-11,70.2374326690113,76.79609859258653,83.03914402753716,76.89511733689706
Tron-o-matic 2,Houston_01,2024-11-12,41.19133685715448,47.114774327120514,54.59099797891964,47.48450263926503
Tron-o-matic 2,Houston_01,2024-11-13,102.1203859918526,109.35609208102152,116.7510258254923,109.73396996582512
Tron-o-matic 2,Houston_01,2024-11-14,63.6568351253064,74.08484628192728,82.87067053916677,74.23459228329993
Tron-o-matic 2,Houston_01,2024-11-15,72.76775386990778,82.63767968275496,87.9678713020577,81.43329467782799
Tron-o-matic 2,Houston_01,2024-11-16,38.21598633352187,46.492525030559314,54.01418458016424,46.142522906414115
Tron-o-matic 2,Houston_01,2024-11-17,36.9872248049221,45.43824386051919,51.40640455964429,45.393728191056844
Tron-o-matic 2,Houston_01,2024-11-18,97.39124485323713,106.25414577117468,113.43912656573472,106.29478879219782
Tron-o-matic 2,Houston_01,2024-11-19,73.15990266172997,79.4687854196388,86.50132403271179,79.44372467471273
Tron-o-matic 2,Houston_01,2024-11-20,38.87319130005193,46.479692679606096,52.26906016636547,46.108271577338236
Tron-o-matic 2,Houston_01,2024-11-21,39.15575258255632,46.30912868783444,53.56370793778176,46.07496416758132
Tron-o-matic 2,Houston_01,2024-11-22,102.57507065821679,111.22442802712865,117.36607988342502,110.30233405763055
Tron-o-matic 2,Houston_01,2024-11-23,38.84431090487976,45.86070021279195,52.283777420210036,45.86133562604301
Tron-o-matic 2,Houston_01,2024-11-24,37.944864355840295,43.355920723340645,50.607664450236356,44.08693840220915
Tron-o-matic 2,Houston_01,2024-11-25,36.87087438682546,44.68931663399558,53.6931721583492,45.49265198195117
Tron-o-matic 2,Houston_01,2024-11-26,39.05448305231941,46.817525329572625,54.852047164057,47.17478078275665
Tron-o-matic 2,Houston_01,2024-11-27,62.52586104189929,69.68228438120194,75.41542179654368,69.33635374819225
Tron-o-matic 2,Houston_01,2024-11-28,98.16748943861417,104.76019285121271,110.7487759664696,104.4811917045056
Tron-o-matic 2,Houston_01,2024-11-29,121.12708250895727,127.5783911686139,138.1722805826573,128.38149325755046
Tron-o-matic 2,Houston_01,2024-11-30,39.14378041787264,45.37740737875813,53.94801612115271,45.86352541127914
Tron-o-matic 2,Houston_01,2024-12-01,60.75139007417432,68.43327401093988,76.17291196660668,68.30176179143282
Tron-o-matic 2,Houston_01,2024-12-02,40.332267518453385,46.498172166841,54.26107854187631,46.780299567114795
Tron-o-matic 2,Houston_01,2024-12-03,69.35100566476022,75.88921976801929,84.4657362792773,76.41376593009602
Tron-o-matic 2,Houston_01,2024-12-04,38.29876974357814,46.600789867132754,54.423920702685315,46.362508514390605
Tron-o-matic 2,Houston_01,2024-12-05,41.68864236154997,46.930726405250184,53.86263272982683,47.2184074745265
Tron-o-matic 2,Houston_01,2024-12-06,60.67492848764912,68.23537118223159,76.64130686205984,68.56814584485518
Tron-o-matic 2,Houston_01,2024-12-07,53.253613379507506,61.314858203294044,68.80846424593237,60.927346045937576
Tron-o-matic 2,Houston_01,2024-12-08,36.915498904826684,46.60348093274122,52.814765802955804,45.470527811487074
Tron-o-matic 2,Houston_01,2024-12-09,39.99313324153118,45.94995181306005,53.214836304097176,45.81707733954542
Tron-o-matic 2,Houston_01,2024-12-10,116.29292933651361,123.45719038333121,132.59003124227456,123.7580786979373
Tron-o-matic 2,Houston_01,2024-12-11,38.72555389247413,46.306875692808646,54.32051580000121,46.08283712383753
Tron-o-matic 2,Houston_01,2024-12-12,57.91952293889258,65.90310958585489,73.35642933257526,65.93976919188002
Tron-o-matic 2,Houston_01,2024-12-13,38.90702181718838,46.65591938867045,52.984902369809696,46.22761610372217
Tron-o-matic 2,Houston_01,2024-12-14,39.60761678070275,47.821197726180166,55.354710846572644,47.52666973791399
Tron-o-matic 2,Houston_01,2024-12-15,39.08778920141458,46.598539639993525,53.77143195845468,46.474798145307865
Tron-o-matic 2,Houston_01,2024-12-16,72.6610280072582,79.20724367321563,85.41553447072792,78.85624234870409
Tron-o-matic 2,Houston_01,2024-12-17,102.99866666496213,109.84398706593117,116.94228978077768,110.05246158081634
Tron-o-matic 2,Houston_01,2024-12-18,38.798929625819,45.88120216771092,53.67437343286055,46.27527522026188
Tron-o-matic 2,Houston_01,2024-12-19,65.63399123727073,71.89030564007358,79.13494749967164,71.65217187730174
Tron-o-matic 2,Houston_01,2024-12-20,39.68540200781838,46.73540562900039,53.0723184119594,46.68076805783358
Tron-o-matic 2,Houston_01,2024-12-21,119.62942115931371,127.03216834662284,135.74216779678162,127.63329629262735
Tron-o-matic 2,Houston_01,2024-12-22,37.540358417763706,45.057697273787575,52.57970820454553,45.25540651793951
Tron-o-matic 2,Houston_01,2024-12-23,40.88243624199266,46.77840636216042,53.595627272970745,46.88971996516103
Tron-o-matic 2,Houston_01,2024-12-24,38.08625091083389,46.61831121648177,55.0979306708561,46.54924475294301
Tron-o-matic 2,Houston_01,2024-12-25,38.579641203130095,45.81012134840564,53.763900527431325,45.62484936301319
Tron-o-matic 2,Houston_01,2024-12-26,61.12022856789204,69.7612630562528,76.2510071613665,69.211434979674
Tron-o-matic 2,Houston_01,2024-12-27,69.5556776370328,78.86492242335507,86.09027286632623,77.81826886823596
Tron-o-matic 2,Houston_01,2024-12-28,51.0454402525725,58.84962617639139,66.20879488590953,58.82883825485258
Tron-o-matic 2,Houston_01,2024-12-29,72.36055205758262,79.29138276618048,87.23291196773978,79.5146405839426
Tron-o-matic 2,Houston_01,2024-12-30,38.824357007672674,46.03751669751844,52.66520023460803,45.717392031430954
Tron-o-matic 2,Houston_01,2024-12-31,37.19021214096832,46.83208638373568,55.66247285086977,46.5088476553361
Tron-o-matic 2,Atlanta_01,2024-10-01,41.68836778420099,48.06437092310627,55.01018351531912,48.28165658658417
Tron-o-matic 2,Atlanta_01,2024-10-02,42.22686838678417,48.58168364644729,55.76140576165505,48.715931069249784
Tron-o-matic 2,Atlanta_01,2024-10-03,40.714118012502865,46.799690598019005,53.52445658583173,47.25710317850177
Tron-o-matic 2,Atlanta_01,2024-10-04,43.024579497123526,47.06470035044413,52.97635705077318,47.3785512466436
Tron-o-matic 2,Atlanta_01,2024-10-05,41.22730345026238,48.29925909799262,54.263247869723315,47.97380054447005
Tron-o-matic 2,Atlanta_01,2024-10-06,42.66148186460812,48.165688475615994,54.78237421822469,48.255210599265375
Tron-o-matic 2,Atlanta_01,2024-10-07,85.88006108110046,92.41813292518846,98.74772975934354,92.59015786980514
Tron-o-matic 2,Atlanta_01,2024-10-08,41.2357268231123,46.81464688084802,53.04652483803894,46.81299063778492
Tron-o-matic 2,Atlanta_01,2024-10-09,57.37739478860902,64.13593409094756,71.27963095969572,64.2388755084122
Tron-o-matic 2,Atlanta_01,2024-10-10,71.25063274581466,76.25339952821999,82.84509538909701,76.62115207790737
Tron-o-matic 2,Atlanta_01,2024-10-11,109.92500820875301,114.53554699091485,119.79681142150294,114.74616189066249
Tron-o-matic 2,Atlanta_01,2024-10-12,39.81397468907224,46.78553405479461,52.86500873989007,47.03750174633118
Tron-o-matic 2,Atlanta_01,2024-10-13,40.65894894061407,46.39503244250422,53.14625886799475,46.60153154106833
Tron-o-matic 2,Atlanta_01,2024-10-14,39.75549490381667,46.96509796310125,54.81548341393221,47.338299590263475
Tron-o-matic 2,Atlanta_01,2024-10-15,41.23570053543678,47.84630338801299,54.16349042041624,47.61485058539099
Tron-o-matic 2,Atlanta_01,2024-10-16,40.907978247639306,46.541064645728326,53.069341464462944,46.733372341195384
Tron-o-matic 2,Atlanta_01,2024-10-17,60.68194579452009,68.10628431979508,74.74963096112062,67.67167393180695
Tron-o-matic 2,Atlanta_01,2024-10-18,37.31256253036348,44.89340496636978,52.55703300896362,44.94171540908349
Tron-o-matic 2,Atlanta_01,2024-10-19,53.46464810084963,58.76656306309169,64.93411953006881,59.03168594535869
Tron-o-matic 2,Atlanta_01,2024-10-20,38.020432916167444,45.05744601969111,52.797715094884815,45.11481365054165
Tron-o-matic 2,Atlanta_01,2024-10-21,90.09179693499742,97.02427737219254,103.87393300850867,96.74298432240279
Tron-o-matic 2,Atlanta_01,2024-10-22,39.05829893307088,45.191749915096466,52.007784062936295,45.43848295146182
Tron-o-matic 2,Atlanta_01,2024-10-23,107.26937323121504,114.86717583577447,120.70226126048483,114.62027995817897
Tron-o-matic 2,Atlanta_01,2024-10-24,90.47158504421328,96.43226949801935,101.70019272908763,96.38753397903102
Tron-o-matic 2,Atlanta_01,2024-10-25,36.96656146129858,43.49826734303911,49.517160457442245,43.16642050966438
Tron-o-matic 2,Atlanta_01,2024-10-26,107.75140181516227,112.56746944058196,118.71581038154358,112.80719105152033
Tron-o-matic 2,Atlanta_01,2024-10-27,69.38096364935188,76.00821964119064,80.44428975980243,75.22525572172992
Tron-o-matic 2,Atlanta_01,2024-10-28,49.708545721505025,56.19939707877094,63.653188933342214,56.47662546618114
Tron-o-matic 2,Atlanta_01,2024-10-29,104.85411734411639,110.99150639572741,117.17726846510078,110.92830960810215
Tron-o-matic 2,Atlanta_01,2024-10-30,47.6077892593802,53.85204186993475,60.72807842875545,54.142384107175566
Tron-o-matic 2,Atlanta_01,2024-10-31,35.15283781732854,42.37628890251783,51.24020506327133,42.96122331118291
Tron-o-matic 2,Atlanta_01,2024-11-01,57.0187816715179,62.6470357956464,68.49977571376103,62.890666723885715
Tron-o-matic 2,Atlanta_01,2024-11-02,34.374921228525665,41.55846123226521,48.99266715752429,41.82646424516792
Tron-o-matic 2,Atlanta_01,2024-11-03,35.14373599039949,40.977028053804176,46.81318258730179,40.92184667566712
Tron-o-matic 2,Atlanta_01,2024-11-04,34.37394634167816,40.94008411356899,47.93112697207695,41.31407515121688
Tron-o-matic 2,Atlanta_01,2024-11-05,33.4401738040585,39.76272100113404,46.024963051907044,39.86240456913524
Tron-o-matic 2,Atlanta_01,2024-11-06,57.58366803618226,64.50379602883524,69.97694668927396,63.884387281471035
Tron-o-matic 2,Atlanta_01,2024-11-07,88.09434079228471,94.93250830163068,99.84101070413155,94.59488183252583
Tron-o-matic 2,Atlanta_01,2024-11-08,79.258410792662,85.1313153913221,90.91729867816653,84.99311356282448
Tron-o-matic 2,Atlanta_01,2024-11-09,93.61701001309466,101.24948090733078,106.63181579384205,100.81689072629402
Tron-o-matic 2,Atlanta_01,2024-11-10,32.08017312037046,39.087478716085776,45.64946809464709,39.09814584031873
Tron-o-matic 2,Atlanta_01,2024-11-11,59.853077274274455,65.00030139321814,70.66176179539434,64.98556653846477
Tron-o-matic 2,Atlanta_01,2024-11-12,32.97882278236518,40.25298591621633,45.45444658285591,39.51569404525683
Tron-o-matic 2,Atlanta_01,2024-11-13,86.04636509772745,92.10677523758228,99.3175365112999,92.31325253347251
Tron-o-matic 2,Atlanta_01,2024-11-14,53.16839026390166,60.36434478559096,66.73391311139741,60.26573247950165
Tron-o-matic 2,Atlanta_01,2024-11-15,62.50640679398738,67.741410681864,73.32832272633426,67.74665356157251
Tron-o-matic 2,Atlanta_01,2024-11-16,32.47654642837586,39.48827711421527,44.74220127249201,39.1577016622536
Tron-o-matic 2,Atlanta_01,2024-11-17,32.56426326968955,39.07055598903454,44.698340114636956,38.47456772075436
Tron-o-matic 2,Atlanta_01,2024-11-18,83.4045184314994,89.87454365544033,96.56798699217933,89.87205846890186
Tron-o-matic 2,Atlanta_01,2024-11-19,59.88390053271038,66.46767083187447,72.92616120658096,66.24255848602188
Tron-o-matic 2,Atlanta_01,2024-11-20,32.98719786705284,38.5695147139399,46.36921111880967,38.86808567656386
Tron-o-matic 2,Atlanta_01,2024-11-21,31.040192145169925,38.019901165073556,44.39864751589027,38.15939303585434
Tron-o-matic 2,Atlanta_01,2024-11-22,84.19621361032918,91.21500524981977,97.55417474901796,90.96073370555456
Tron-o-matic 2,Atlanta_01,2024-11-23,32.08595444284576,37.99551399125061,43.920491346686674,37.982472198476714
Tron-o-matic 2,Atlanta_01,2024-11-24,32.590227193491415,37.75759791206022,43.99195351520214,38.01518649075048
Tron-o-matic 2,Atlanta_01,2024-11-25,30.75288195867071,37.8962077829678,43.13640349205982,37.42270273671605
Tron-o-matic 2,Atlanta_01,2024-11-26,31.231391149144024,38.23362919346001,43.775955148940206,38.029450203246085
Tron-o-matic 2,Atlanta_01,2024-11-27,52.45454012791772,59.85334738657057,66.12278016196682,59.81196550155218
Tron-o-matic 2,Atlanta_01,2024-11-28,81.59274542981343,87.72251746028847,93.19614262985557,87.49944952248259
Tron-o-matic 2,Atlanta_01,2024-11-29,102.21045293274884,108.6028854665498,115.05957949326049,108.65620010400136
Tron-o-matic 2,Atlanta_01,2024-11-30,33.07883994662109,38.92616267691355,44.40289507573588,38.87616323071054
Tron-o-matic 2,Atlanta_01,2024-12-01,53.553965622552546,59.85570720762925,65.69161666198167,59.9715774936615
Tron-o-matic 2,Atlanta_01,2024-12-02,31.28850846276034,38.43600334889499,44.66097890329698,37.95505119263275
Tron-o-matic 2,Atlanta_01,2024-12-03,56.967598016590095,63.42392995280669,69.69921739514069,63.56984245153677
Tron-o-matic 2,Atlanta_01,2024-12-04,32.489396670846006,38.73320875738149,44.05563051982086,38.364946184920626
Tron-o-matic 2,Atlanta_01,2024-12-05,31.70636124446053,37.82820348290028,44.38435820989408,37.78066390097553
Tron-o-matic 2,Atlanta_01,2024-12-06,50.969091779352595,58.1136477988077,61.98236267454539,57.21488868948518
Tron-o-matic 2,Atlanta_01,2024-12-07,44.74271545784792,51.66086113184505,58.92346306849038,52.1814764653316
Tron-o-matic 2,Atlanta_01,2024-12-08,33.107718251752665,39.19675101814572,45.20889636799833,39.15324694971815
Tron-o-matic 2,Atlanta_01,2024-12-09,33.15034073534369,38.574120507109136,44.36320843078818,38.616607531299636
Tron-o-matic 2,Atlanta_01,2024-12-10,97.79294955227375,104.61799894780465,111.43069907547576,104.81588347938595
Tron-o-matic 2,Atlanta_01,2024-12-11,34.11860044844957,39.46517314005528,46.380366248815534,39.5863105787794
Tron-o-matic 2,Atlanta_01,2024-12-12,46.6678899087153,52.83456252020086,59.18740054156889,53.263542997554595
Tron-o-matic 2,Atlanta_01,2024-12-13,32.36816928462476,39.17932064636355,43.86443700412465,38.60650733209884
Tron-o-matic 2,Atlanta_01,2024-12-14,32.95110460153875,38.872825582177626,45.43730248213897,38.845891847304536
Tron-o-matic 2,Atlanta_01,2024-12-15,32.33026703430396,38.88627057704617,45.144089675459334,38.73882460778832
Tron-o-matic 2,Atlanta_01,2024-12-16,59.35185822368482,65.09281957868846,70.96048902579395,65.16774093334072
Tron-o-matic 2,Atlanta_01,2024-12-17,86.06407818208118,92.84776360051205,99.65325249183981,92.46891217560974
Tron-o-matic 2,Atlanta_01,2024-12-18,32.82591380435206,38.96806147441043,46.07879492601288,39.02935465503629
Tron-o-matic 2,Atlanta_01,2024-12-19,52.897380643909834,60.84395378190659,67.82950916231408,60.49405265240674
Tron-o-matic 2,Atlanta_01,2024-12-20,33.06947160103923,38.524023522129454,46.309994135304485,39.28341189744959
Tron-o-matic 2,Atlanta_01,2024-12-21,102.21552657019569,108.69001790632589,114.76829941959873,108.34442734398519
Tron-o-matic 2,Atlanta_01,2024-12-22,32.06957756648744,39.98710564315426,45.480753254428194,39.164301057584495
Tron-o-matic 2,Atlanta_01,2024-12-23,32.48067709745456,39.51639309059906,45.473099765466685,38.80475185246625
Tron-o-matic 2,Atlanta_01,2024-12-24,32.486567015592414,38.48682900136832,45.656978889604616,38.60111410871877
Tron-o-matic 2,Atlanta_01,2024-12-25,33.806400441060546,38.82362188710643,43.03306766316577,38.693063263128295
Tron-o-matic 2,Atlanta_01,2024-12-26,50.964726965327905,57.506154723282556,63.446695251666455,57.327138480569566
Tron-o-matic 2,Atlanta_01,2024-12-27,60.61863992345215,66.19463577386423,73.09524717175574,66.50831693494757
Tron-o-matic 2,Atlanta_01,2024-12-28,44.071419777404465,49.19237680442246,55.69528939783115,49.42744585391744
Tron-o-matic 2,Atlanta_01,2024-12-29,60.486902096311425,67.52810525585384,74.31766266862026,67.52167126178134
Tron-o-matic 2,Atlanta_01,2024-12-30,32.95808375525414,39.215034205738675,46.43566909274502,39.52409354387626
Tron-o-matic 2,Atlanta_01,2024-12-31,35.1788149830124,40.53316505179065,45.89561661342499,40.40472083351904
Tron-o-matic 2,Chicago_01,2024-10-01,63.6353767292791,74.38096654473841,84.56880850982267,74.02419870646992
Tron-o-matic 2,Chicago_01,2024-10-02,64.48021464472555,74.55661783385968,83.70696346032919,74.42258111269012
Tron-o-matic 2,Chicago_01,2024-10-03,64.50801880792234,74.33650660344352,84.51435639670063,74.81794499142728
Tron-o-matic 2,Chicago_01,2024-10-04,65.74157855789234,74.39054903120102,84.87058074048,74.78836539233741
Tron-o-matic 2,Chicago_01,2024-10-05,62.84278354656498,74.3141978723432,83.67656471565371,73.97024788387556
Tron-o-matic 2,Chicago_01,2024-10-06,63.855809245396586,73.74870741546766,83.24633403343677,73.81334968259551
Tron-o-matic 2,Chicago_01,2024-10-07,136.09967403256218,145.53580571133082,154.6591989031645,145.3713168959038
Tron-o-matic 2,Chicago_01,2024-10-08,64.73656798431233,74.39552089207095,84.63546652812079,74.71389876222813
Tron-o-matic 2,Chicago_01,2024-10-09,90.59857697634855,100.36222117777767,110.2393795247704,99.91372016729537
Tron-o-matic 2,Chicago_01,2024-10-10,110.94031698145679,119.68817803390922,129.86034689627382,120.40985305071614
Tron-o-matic 2,Chicago_01,2024-10-11,171.51628191874065,182.50713197373088,192.89084025144527,181.91148755245595
Tron-o-matic 2,Chicago_01,2024-10-12,64.39009355817952,75.14306600299142,84.96085404261517,74.36928364481875
Tron-o-matic 2,Chicago_01,2024-10-13,65.24254633290175,72.36868611420891,80.38530753674945,72.4699365878004
Tron-o-matic 2,Chicago_01,2024-10-14,64.11315593430966,73.49971013385307,82.39087490768662,73.69348186536003
Tron-o-matic 2,Chicago_01,2024-10-15,65.38137387879846,74.62682957406706,82.27176317269672,74.13959359196805
Tron-o-matic 2,Chicago_01,2024-10-16,66.14662906018738,74.79197093596753,83.59589481003184,74.36730924552644
Tron-o-matic 2,Chicago_01,2024-10-17,95.3259940990192,104.79047343202811,115.27147282868177,105.14891546298492
Tron-o-matic 2,Chicago_01,2024-10-18,63.97087798186538,72.50931380933723,81.41294882128915,72.72958368485119
Tron-o-matic 2,Chicago_01,2024-10-19,82.00318535657964,92.3459586583122,102.0047590126786,91.84245837040606
Tron-o-matic 2,Chicago_01,2024-10-20,61.58906886434211,72.37928212218385,83.66300688656325,72.34079272592899
Tron-o-matic 2,Chicago_01,2024-10-21,143.60565578518435,154.4843007261903,165.15056244300595,154.79952401030883
Tron-o-matic 2,Chicago_01,2024-10-22,62.19565443262223,71.67625233368312,81.39599442322081,71.22821105924073
Tron-o-matic 2,Chicago_01,2024-10-23,170.69887919046977,179.77429543046264,187.50521277863913,179.82493647414
Tron-o-matic 2,Chicago_01,2024-10-24,144.6519527027475,152.48262858407736,162.92410650219168,153.2357943329075
Tron-o-matic 2,Chicago_01,2024-10-25,64.060914054379,71.63344721160814,78.90866818660992,71.58863322992664
Tron-o-matic 2,Chicago_01,2024-10-26,169.38629101406335,179.271362779538,187.34444157154763,178.27505628068823
Tron-o-matic 2,Chicago_01,2024-10-27,110.24195880078491,119.36076027300236,130.19941066109385,119.56604729111358
Tron-o-matic 2,Chicago_01,2024-10-28,75.73007694274145,88.47288433053247,98.07984626894304,88.21379427588023
Tron-o-matic 2,Chicago_01,2024-10-29,166.26606930382118,176.7934652412006,186.88856753383652,176.34458221219433
Tron-o-matic 2,Chicago_01,2024-10-30,75.81635098345826,86.76265328548325,95.6974306698486,86.01315746339189
Tron-o-matic 2,Chicago_01,2024-10-31,59.02071469944077,67.85425126889297,78.23789374492596,67.64011554401922
Tron-o-matic 2,Chicago_01,2024-11-01,91.13701491330139,100.42916834394383,110.14800606858194,100.53365313403185
Tron-o-matic 2,Chicago_01,2024-11-02,57.401101073071075,65.29965511100866,76.526507095613,66.5659847546081
Tron-o-matic 2,Chicago_01,2024-11-03,55.906595516515864,65.639768170397,74.59415008247193,65.07392413427415
Tron-o-matic 2,Chicago_01,2024-11-04,52.329616418272664,63.225530451303946,72.764281683185,62.718007857414925
Tron-o-matic 2,Chicago_01,2024-11-05,56.072955013590374,64.8835620227591,72.76158861125734,64.7317467719861
Tron-o-matic 2,Chicago_01,2024-11-06,90.52282424882414,99.97606310462383,110.69645549473263,100.36066082761351
Tron-o-matic 2,Chicago_01,2024-11-07,141.61792067457603,150.14204766318838,158.96818132359056,150.17273223483252
Tron-o-matic 2,Chicago_01,2024-11-08,125.90888910109844,136.27308341677278,145.70094357074515,136.0024881542315
Tron-o-matic 2,Chicago_01,2024-11-09,147.89874121649285,157.73029562016598,166.94455177118567,157.47740999219468
Tron-o-matic 2,Chicago_01,2024-11-10,53.20985692606338,62.85865382472697,70.79244199671507,62.69300307132637
Tron-o-matic 2,Chicago_01,2024-11-11,89.39749461749322,101.09280120034695,110.99343231023657,100.81643031351825
Tron-o-matic 2,Chicago_01,2024-11-12,49.63359787460196,58.27516354046934,71.48970445428215,59.82374874777983
Tron-o-matic 2,Chicago_01,2024-11-13,132.80320890335085,145.56364518445454,153.76231252785192,144.48759309238687
Tron-o-matic 2,Chicago_01,2024-11-14,86.55751124839585,95.54078885879666,105.31572908705222,95.3731835904948
Tron-o-matic 2,Chicago_01,2024-11-15,95.2553875560352,107.3411634654239,117.51212337055168,106.56253060196902
Tron-o-matic 2,Chicago_01,2024-11-16,51.7316854489719,59.51264790880824,71.79625018740408,60.737739748551675
Tron-o-matic 2,Chicago_01,2024-11-17,52.64014606134309,61.13605682945004,70.38095944942111,61.20360397510084
Tron-o-matic 2,Chicago_01,2024-11-18,129.4346428874653,139.70998379242235,150.8546333942145,139.86170954893979
Tron-o-matic 2,Chicago_01,2024-11-19,93.3620101507015,101.263986521274,111.36803553583643,101.91128053819159
Tron-o-matic 2,Chicago_01,2024-11-20,47.06748488464076,58.88946372778695,69.41892583191556,58.75058242715827
Tron-o-matic 2,Chicago_01,2024-11-21,50.03189044981299,58.415031315946784,67.42634259991691,58.356757242337416
Tron-o-matic 2,Chicago_01,2024-11-22,135.97221518725954,145.13436241251006,153.53951750260774,145.1198335852993
Tron-o-matic 2,Chicago_01,2024-11-23,51.016802512521785,60.56684091412926,69.09511721671224,60.141053779726604
Tron-o-matic 2,Chicago_01,2024-11-24,50.71810297764263,59.1497628406619,68.03995311051088,58.83384688492472
Tron-o-matic 2,Chicago_01,2024-11-25,48.66750078064247,60.72113862438848,68.73249668323066,59.708556142377034
Tron-o-matic 2,Chicago_01,2024-11-26,52.184228784238016,60.77031757821045,70.03276966001431,61.24260392745665
Tron-o-matic 2,Chicago_01,2024-11-27,83.4291285010311,92.62409024738618,100.5808735389644,92.11978463392208
Tron-o-matic 2,Chicago_01,2024-11-28,125.84393976956008,136.93225944924038,146.5053605878881,136.95640822854978
Tron-o-matic 2,Chicago_01,2024-11-29,159.4095203606887,170.6493993735138,178.94067733744876,170.61338107137405
Tron-o-matic 2,Chicago_01,2024-11-30,51.1215507723486,61.8645193058133,70.80074065105885,61.147297345943436
Tron-o-matic 2,Chicago_01,2024-12-01,81.34580284496435,89.73653303519347,100.00356715787397,90.0946775204532
Tron-o-matic 2,Chicago_01,2024-12-02,50.46317301171551,60.83997098478535,68.88136898369847,60.009897351795196
Tron-o-matic 2,Chicago_01,2024-12-03,91.53353243300911,100.24246273361315,108.5448512461365,100.51761236168859
Tron-o-matic 2,Chicago_01,2024-12-04,50.60197961448465,59.1399753337755,69.24734894480801,59.662504075361085
Tron-o-matic 2,Chicago_01,2024-12-05,52.5212494581954,61.57042041110108,72.05429236990331,61.58027353986706
Tron-o-matic 2,Chicago_01,2024-12-06,80.124647723725,89.15579903813811,101.32141778818202,90.43708786697219
Tron-o-matic 2,Chicago_01,2024-12-07,71.54554914098249,81.66711561945311,91.74897437278845,81.91473637944263
Tron-o-matic 2,Chicago_01,2024-12-08,50.03106404982612,59.4481421126306,72.42436613837036,60.26048781077754
Tron-o-matic 2,Chicago_01,2024-12-09,51.298974970975095,60.86461093190017,69.42136609367815,60.36711791722174
Tron-o-matic 2,Chicago_01,2024-12-10,155.62418630245529,166.05221092684204,176.42372062135968,166.38550673459943
Tron-o-matic 2,Chicago_01,2024-12-11,52.27671520964578,62.60592163074276,71.72732613342227,62.170142804211395
Tron-o-matic 2,Chicago_01,2024-12-12,76.29115660042987,85.65562465986768,95.35182434757776,86.17311248011096
Tron-o-matic 2,Chicago_01,2024-12-13,49.430308032779365,61.44484228534526,70.11121010010277,60.59638196422124
Tron-o-matic 2,Chicago_01,2024-12-14,52.09076973035132,61.00711517813317,71.02516779648465,61.19368203254615
Tron-o-matic 2,Chicago_01,2024-12-15,52.1019846874,60.39289081628425,70.16092182808782,61.55165722164178
Tron-o-matic 2,Chicago_01,2024-12-16,96.01447456778246,103.24980748271648,114.75906913022875,104.24828035607872
Tron-o-matic 2,Chicago_01,2024-12-17,137.57178867177691,147.33084638828356,157.135622436898,147.25786277071728
Tron-o-matic 2,Chicago_01,2024-12-18,50.91720384001971,60.97767711363689,71.16745486041316,61.15368291512314
Tron-o-matic 2,Chicago_01,2024-12-19,85.38502763440144,93.30117378188208,104.66309135350825,93.73277286119843
Tron-o-matic 2,Chicago_01,2024-12-20,48.45790995752117,59.42215833891628,70.42122706622682,60.08244506972836
Tron-o-matic 2,Chicago_01,2024-12-21,160.83857977805397,169.22426524526722,182.05837956272651,170.136704693307
Tron-o-matic 2,Chicago_01,2024-12-22,52.08649263365835,60.25082139473131,69.50290218336066,60.7320582193922
Tron-o-matic 2,Chicago_01,2024-12-23,50.47927358480044,60.5883465610773,68.26866737092179,59.731128360390514
Tron-o-matic 2,Chicago_01,2024-12-24,54.466893567102936,62.43995452832803,71.21049776979753,62.346112250575445
Tron-o-matic 2,Chicago_01,2024-12-25,49.6730118884807,60.028950752335376,71.54150873043892,60.89494548582574
Tron-o-matic 2,Chicago_01,2024-12-26,82.50645261544227,93.02489070586442,99.89258297767327,92.45664718761184
Tron-o-matic 2,Chicago_01,2024-12-27,96.68606921970041,104.68749686740001,115.87123567962789,105.26871108513978
Tron-o-matic 2,Chicago_01,2024-12-28,67.36936915333436,77.90081784539827,89.24073776206855,78.35640014628507
Tron-o-matic 2,Chicago_01,2024-12-29,96.63646781167031,106.4499565544711,119.6359547646288,106.80891375503933
Tron-o-matic 2,Chicago_01,2024-12-30,52.95322016607995,61.89225334982172,70.42249493509095,62.104976449052856
Tron-o-matic 2,Chicago_01,2024-12-31,52.31925680427315,62.90029423226323,73.97776511116919,62.358006983636486
Tron-o-matic 2,LosAngeles_01,2024-10-01,83.35186304109612,94.99840867590486,110.11682462091146,95.77385661624639
Tron-o-matic 2,LosAngeles_01,2024-10-02,85.33861360269687,98.36206609025444,110.38369096810108,97.30471329055572
Tron-o-matic 2,LosAngeles_01,2024-10-03,84.25830776206679,96.1678630085496,109.82779291699225,96.36940840300994
Tron-o-matic 2,LosAngeles_01,2024-10-04,81.36962352088989,97.30362159485449,108.10040467266231,96.42238278736069
Tron-o-matic 2,LosAngeles_01,2024-10-05,80.6776180766614,98.21776979112238,109.00812901029296,96.14576521793055
Tron-o-matic 2,LosAngeles_01,2024-10-06,82.88828108454965,96.50045251914705,110.14999727817947,96.73236104496532
Tron-o-matic 2,LosAngeles_01,2024-10-07,180.80102766395228,189.8276458652696,203.93470558595567,190.85440052567952
Tron-o-matic 2,LosAngeles_01,2024-10-08,85.9815723927769,97.47408294602958,107.78238860328007,96.8476557155934
Tron-o-matic 2,LosAngeles_01,2024-10-09,116.54279402377104,128.29142248081087,140.26321246107716,127.73675484795953
Tron-o-matic 2,LosAngeles_01,2024-10-10,143.67896065470808,156.78452986676942,168.74310780637742,156.74380522966268
Tron-o-matic 2,LosAngeles_01,2024-10-11,223.00402304925294,237.93652834238227,249.69207094009917,236.97061512405517
Tron-o-matic 2,LosAngeles_01,2024-10-12,82.834740453755,95.85321676219597,107.36911465746226,95.91390066037592
Tron-o-matic 2,LosAngeles_01,2024-10-13,82.96652302893426,93.95201358808129,109.13030953596507,95.22587383888326
Tron-o-matic 2,LosAngeles_01,2024-10-14,82.80201062953581,92.0146224827991,109.78572347418856,94.4123217028667
Tron-o-matic 2,LosAngeles_01,2024-10-15,80.94373698586362,94.38998575816461,108.92208419628373,94.22151443750776
Tron-o-matic 2,LosAngeles_01,2024-10-16,82.75150869235439,95.19695988718654,105.51114257776187,94.5760284687515
Tron-o-matic 2,LosAngeles_01,2024-10-17,126.81262690683187,140.6528254487676,151.63834530540063,139.76544846703587
Tron-o-matic 2,LosAngeles_01,2024-10-18,79.95343207260827,93.07466277997555,105.08816571452664,93.20909952483406
Tron-o-matic 2,LosAngeles_01,2024-10-19,110.08739022701263,119.5470561953361,130.05221694136026,119.58627017632689
Tron-o-matic 2,LosAngeles_01,2024-10-20,78.3638413271135,90.27348029162678,101.67153137826948,90.81302744987592
Tron-o-matic 2,LosAngeles_01,2024-10-21,184.54566728112943,197.69218925014374,207.7917046175094,197.03870840940402
Tron-o-matic 2,LosAngeles_01,2024-10-22,80.49619206655456,93.58851613474502,106.86514814896103,93.57240451931537
Tron-o-matic 2,LosAngeles_01,2024-10-23,220.00155708345977,231.17404607571206,245.1104301097863,231.75565526710133
Tron-o-matic 2,LosAngeles_01,2024-10-24,183.14161042576515,197.24125265143107,209.0225077397278,197.03513746911213
Tron-o-matic 2,LosAngeles_01,2024-10-25,78.76574223084123,90.08881857150507,100.81005067990034,89.70538708932523
Tron-o-matic 2,LosAngeles_01,2024-10-26,218.6617267894088,233.3144721891066,245.52975642958768,232.32008856214804
Tron-o-matic 2,LosAngeles_01,2024-10-27,135.83441618725138,150.96310940582575,164.79372827309717,150.83100435092797
Tron-o-matic 2,LosAngeles_01,2024-10-28,100.46618888470744,115.46012080678419,130.21404804925103,114.82570005199423
Tron-o-matic 2,LosAngeles_01,2024-10-29,218.46012121143065,229.6178184141544,242.01729089614312,229.45870719461135
Tron-o-matic 2,LosAngeles_01,2024-10-30,94.03431293213049,106.09548090082365,119.65648635320446,106.41119284654238
Tron-o-matic 2,LosAngeles_01,2024-10-31,74.92043572140616,86.3384501978392,98.99401894580997,86.26486828626666
Tron-o-matic 2,LosAngeles_01,2024-11-01,119.15932215916291,129.31634800459432,143.3524397076364,130.57317274817288
Tron-o-matic 2,LosAngeles_01,2024-11-02,71.56159666991044,83.96562845963582,94.70156868873154,83.54478639642952
Tron-o-matic 2,LosAngeles_01,2024-11-03,68.11389296910195,82.26640531520465,94.14561534077767,81.71530700492428
Tron-o-matic 2,LosAngeles_01,2024-11-04,70.94000433908562,81.89779807919311,95.19176152704765,82.27731801788963
Tron-o-matic 2,LosAngeles_01,2024-11-05,69.31670553030345,81.38228276721091,93.15830396769572,81.34146798109253
Tron-o-matic 2,LosAngeles_01,2024-11-06,117.39338842521116,130.00770857455143,141.01441650660672,129.37629906398206
Tron-o-matic 2,LosAngeles_01,2024-11-07,182.04900979809563,197.76070691761106,211.08120967126024,196.63107795471677
Tron-o-matic 2,LosAngeles_01,2024-11-08,161.46375595894156,176.89652887191693,190.24217474123395,176.6028601969582
Tron-o-matic 2,LosAngeles_01,2024-11-09,197.00768049605918,208.55319482844124,221.88663105973575,208.69442950035952
Tron-o-matic 2,LosAngeles_01,2024-11-10,67.15245243870591,77.47754831559544,90.18290961934252,78.49645640409715
Tron-o-matic 2,LosAngeles_01,2024-11-11,120.50673674568327,131.11611936569685,144.23350231393283,131.83021391963416
Tron-o-matic 2,LosAngeles_01,2024-11-12,66.57213336160314,81.30042039885366,92.38285269742373,80.0817284844084
Tron-o-matic 2,LosAngeles_01,2024-11-13,178.14306072776608,190.51632984457885,199.770332888543,190.3482014321327
Tron-o-matic 2,LosAngeles_01,2024-11-14,110.8547129712759,124.9095357111195,138.47425803563627,124.76555122346345
Tron-o-matic 2,LosAngeles_01,2024-11-15,128.19415070031744,139.96475429456729,154.111969117472,139.52831901063308
Tron-o-matic 2,LosAngeles_01,2024-11-16,66.76765529125443,78.87898185881275,89.05262918675132,78.08940338323006
Tron-o-matic 2,LosAngeles_01,2024-11-17,61.64697942829628,74.72743959033538,86.69191003861953,74.43600136321429
Tron-o-matic 2,LosAngeles_01,2024-11-18,173.56482492995818,185.39281217013266,198.71301613075047,185.20526299392196
Tron-o-matic 2,LosAngeles_01,2024-11-19,125.4726181572642,134.28094804591424,148.86234897905618,135.46822066390342
Tron-o-matic 2,LosAngeles_01,2024-11-20,63.50762720795149,77.93251127552911,86.9645093229302,76.83193010053515
Tron-o-matic 2,LosAngeles_01,2024-11-21,64.36280724866776,75.19660902527002,88.70276094252387,75.84100332992958
Tron-o-matic 2,LosAngeles_01,2024-11-22,177.14351651907404,188.8227193526147,201.83021363703128,189.14177598362375
Tron-o-matic 2,LosAngeles_01,2024-11-23,65.98498186783121,77.60726435540866,92.7720827107814,78.89453381977175
Tron-o-matic 2,LosAngeles_01,2024-11-24,62.57243877976192,74.64388888032927,88.340820678235,75.43332699319134
Tron-o-matic 2,LosAngeles_01,2024-11-25,62.974177541986535,76.61146702296544,87.38199334971387,75.28555069875955
Tron-o-matic 2,LosAngeles_01,2024-11-26,64.89638691444728,75.54687039273517,91.7720362621272,77.17143310864815
Tron-o-matic 2,LosAngeles_01,2024-11-27,107.5569381132049,120.08676933548915,131.8057785782611,119.83712864292676
Tron-o-matic 2,LosAngeles_01,2024-11-28,165.08048364441868,176.56286806067894,190.78221032898932,177.09507665003466
Tron-o-matic 2,LosAngeles_01,2024-11-29,210.02981371730715,222.64426525716905,232.5094782089023,222.11070175262023
Tron-o-matic 2,LosAngeles_01,2024-11-30,62.38077852317865,76.56300973604344,86.85327731145665,76.00201548521198
Tron-o-matic 2,LosAngeles_01,2024-12-01,97.41117257764138,113.2258173292952,127.85803955292229,112.80423376239429
Tron-o-matic 2,LosAngeles_01,2024-12-02,62.42789696618988,73.2041827196477,88.3867584190233,74.45715452773373
Tron-o-matic 2,LosAngeles_01,2024-12-03,116.99750168484815,128.92131061107574,138.84860577245402,128.35218025455796
Tron-o-matic 2,LosAngeles_01,2024-12-04,66.63648998303451,76.84713097724602,87.46426152294698,77.24894879586674
Tron-o-matic 2,LosAngeles_01,2024-12-05,61.58825500879976,75.2225379468195,89.77006715729982,75.64689291039116
Tron-o-matic 2,LosAngeles_01,2024-12-06,105.31783529488669,116.19756423871408,132.10094916116225,117.4520960013645
Tron-o-matic 2,LosAngeles_01,2024-12-07,90.26452462095037,104.02230822002426,116.55831827337859,103.37809251330162
Tron-o-matic 2,LosAngeles_01,2024-12-08,64.50692183103143,75.46034490995663,89.7593164366644,76.85291964126887
Tron-o-matic 2,LosAngeles_01,2024-12-09,64.98132190670009,75.96474701393451,87.94612783482518,76.11907197710997
Tron-o-matic 2,LosAngeles_01,2024-12-10,201.3382430422945,212.86482555179606,223.9564258538124,213.5446386134766
Tron-o-matic 2,LosAngeles_01,2024-12-11,65.6599603897896,78.85657807966537,90.33645811169288,78.9165622261862
Tron-o-matic 2,LosAngeles_01,2024-12-12,95.85809187920155,110.24393526065471,119.92724752479566,108.94938908096748
Tron-o-matic 2,LosAngeles_01,2024-12-13,64.1690530845884,77.49863644126451,89.57888239357356,77.28461375546014
Tron-o-matic 2,LosAngeles_01,2024-12-14,64.62935605022689,76.04933857837135,89.38246312241633,76.12786001307563
Tron-o-matic 2,LosAngeles_01,2024-12-15,65.33378880509531,78.6410384838072,91.16402802501673,77.96570909517885
Tron-o-matic 2,LosAngeles_01,2024-12-16,118.31024670778541,133.60149345658542,145.9936276004088,133.1628023351074
Tron-o-matic 2,LosAngeles_01,2024-12-17,175.837074096987,189.86125468275583,202.81613291176623,189.30829825352987
Tron-o-matic 2,LosAngeles_01,2024-12-18,65.44327584600558,77.48497874864798,91.94445629326697,77.2235044435788
Tron-o-matic 2,LosAngeles_01,2024-12-19,107.86625483351517,122.58218281874,136.1604495421991,121.96871050149257
Tron-o-matic 2,LosAngeles_01,2024-12-20,61.40977550939193,75.21066693089291,90.1810515464515,76.20647457672928
Tron-o-matic 2,LosAngeles_01,2024-12-21,208.71648432417547,224.12309182237277,235.86303044127735,223.3336182961906
Tron-o-matic 2,LosAngeles_01,2024-12-22,66.71314525479104,78.24337834069581,92.14059357366843,78.84633342229954
Tron-o-matic 2,LosAngeles_01,2024-12-23,65.23238953080597,77.89620237356394,92.65111810155035,78.08459356441483
Tron-o-matic 2,LosAngeles_01,2024-12-24,66.33910114296131,77.54709601843574,91.08915411443996,78.5130563550236
Tron-o-matic 2,LosAngeles_01,2024-12-25,65.32060589263983,79.70702126916949,92.41620631252587,79.72652295367566
Tron-o-matic 2,LosAngeles_01,2024-12-26,106.6845500321773,119.35544587782613,133.5723385995534,120.11847519391203
Tron-o-matic 2,LosAngeles_01,2024-12-27,122.54390017083493,133.25109023674725,147.2596176350331,134.24386897699634
Tron-o-matic 2,LosAngeles_01,2024-12-28,90.29991768002942,101.5058118494571,114.1630955570711,101.60963643884101
Tron-o-matic 2,LosAngeles_01,2024-12-29,121.59311023494207,136.70336419999293,150.54424981720982,136.30747778647364
Tron-o-matic 2,LosAngeles_01,2024-12-30,65.63974843058165,80.27566576470117,90.34185513760127,79.40407048625387
Tron-o-matic 2,LosAngeles_01,2024-12-31,68.37141880909067,79.53281427816124,93.84644975718143,79.6402590080986
Tron-o-matic 2,Dallas_01,2024-10-01,53.4781210267119,60.548166364157865,68.51102139381626,60.8230580850672
Tron-o-matic 2,Dallas_01,2024-10-02,51.28597865151137,59.03045966120396,70.08836251357191,59.82431880960531
Tron-o-matic 2,Dallas_01,2024-10-03,52.5327379497675,61.34301947823918,69.94713183895036,61.72423019831378
Tron-o-matic 2,Dallas_01,2024-10-04,52.87471933468563,60.60092705352738,69.55232764623362,60.68207982064209
Tron-o-matic 2,Dallas_01,2024-10-05,53.12405413836122,58.812186234332074,70.02378942065151,60.3712186833297
Tron-o-matic 2,Dallas_01,2024-10-06,53.715832732513945,60.389718245962875,66.95727483806706,60.39583168973916
Tron-o-matic 2,Dallas_01,2024-10-07,109.92042565024796,119.43007193441518,129.1244595057277,119.05297501082586
Tron-o-matic 2,Dallas_01,2024-10-08,52.91809725597175,61.58459997396245,69.6872354777451,61.11366223642253
Tron-o-matic 2,Dallas_01,2024-10-09,72.56408499829226,83.50971713298125,91.18309999915193,82.45960421574284
Tron-o-matic 2,Dallas_01,2024-10-10,89.67114920964015,98.39834063988152,105.4232398074596,98.1267720917678
Tron-o-matic 2,Dallas_01,2024-10-11,139.9231938564625,148.54759051097534,157.25541989485632,148.63772455826577
Tron-o-matic 2,Dallas_01,2024-10-12,52.32383466811159,59.36285351860509,69.27558195432309,60.17271849350735
Tron-o-matic 2,Dallas_01,2024-10-13,50.38457898732659,57.937727459509205,65.79148643875305,58.13337168726469
Tron-o-matic 2,Dallas_01,2024-10-14,47.811602984048086,58.517027254959274,65.41718976236135,57.5537663461565
Tron-o-matic 2,Dallas_01,2024-10-15,53.28369063080919,59.54768596290422,67.0169845850096,59.7914153808315
Tron-o-matic 2,Dallas_01,2024-10-16,52.42367393624005,59.97171217242816,67.77426178615437,59.86541279879202
Tron-o-matic 2,Dallas_01,2024-10-17,78.95474308082004,87.15398265517943,95.75681552986508,87.35151447669446
Tron-o-matic 2,Dallas_01,2024-10-18,50.36151085017767,58.770085575762174,66.64207489181892,58.57832768751826
Tron-o-matic 2,Dallas_01,2024-10-19,67.70636012396581,75.436940108417,84.2022012557562,75.31412563811242
Tron-o-matic 2,Dallas_01,2024-10-20,49.58434275858358,58.67322557591289,68.14080845137029,58.7114062106107
Tron-o-matic 2,Dallas_01,2024-10-21,116.27299845564117,123.69791871741144,132.73128304569212,123.81794261752891
Tron-o-matic 2,Dallas_01,2024-10-22,49.2272847269402,56.486265544404816,66.03632752283383,56.81946153627068
Tron-o-matic 2,Dallas_01,2024-10-23,137.1442048778791,146.1505485858286,153.94526065511116,145.7243818349558
Tron-o-matic 2,Dallas_01,2024-10-24,115.0794429886235,124.57737587034553,131.66381886209817,123.66407372155722
Tron-o-matic 2,Dallas_01,2024-10-25,48.80080043762457,57.06125634456375,65.71705798514358,57.08367502501157
Tron-o-matic 2,Dallas_01,2024-10-26,136.9983612159431,145.8887152591118,153.03664326482547,145.27483853026573
Tron-o-matic 2,Dallas_01,2024-10-27,88.41159559249992,95.97379713912527,103.48119401335778,95.71052987228681
Tron-o-matic 2,Dallas_01,2024-10-28,63.31430766498843,70.49541238643955,80.3806804982111,70.89439456876947
Tron-o-matic 2,Dallas_01,2024-10-29,136.79277488322248,144.69965568761972,152.18159951128544,144.45193285904182
Tron-o-matic 2,Dallas_01,2024-10-30,60.451410401839524,67.93316958082617,77.2493165781461,67.98429325090578
Tron-o-matic 2,Dallas_01,2024-10-31,47.60658778323355,53.329878984655494,61.56827334159985,53.81859736327052
Tron-o-matic 2,Dallas_01,2024-11-01,71.45161302602506,79.32673089510492,89.49804069221044,79.93634381306227
Tron-o-matic 2,Dallas_01,2024-11-02,44.69005114145182,53.29688755840972,60.60737295053957,52.589416907040196
Tron-o-matic 2,Dallas_01,2024-11-03,43.42793707719097,52.858702206415835,60.35766485023785,51.92355586222971
Tron-o-matic 2,Dallas_01,2024-11-04,44.110757627592804,51.19569098682067,59.4379948127074,51.487179675043556
Tron-o-matic 2,Dallas_01,2024-11-05,45.0984141626898,51.73481600242055,61.54851597534456,52.658431570462625
Tron-o-matic 2,Dallas_01,2024-11-06,74.99158076055173,82.09941217180305,90.95713123394236,82.0239751894286
Tron-o-matic 2,Dallas_01,2024-11-07,115.0339928100937,122.71514180518803,130.19510677618786,122.98427625085917
Tron-o-matic 2,Dallas_01,2024-11-08,100.63343330352619,110.63070572127825,118.30110567664589,109.8730118407655
Tron-o-matic 2,Dallas_01,2024-11-09,123.17457224084376,130.46480746212052,138.62140702876508,130.72888161715684
Tron-o-matic 2,Dallas_01,2024-11-10,42.31314693542622,48.886804120380624,56.67494637559952,49.180299982035706
Tron-o-matic 2,Dallas_01,2024-11-11,74.6538548632728,81.43713376510284,88.45876562516747,81.67889520958418
Tron-o-matic 2,Dallas_01,2024-11-12,40.278011636602216,49.42028906346215,55.8043318846815,49.02645706114422
Tron-o-matic 2,Dallas_01,2024-11-13,109.0874500330145,118.31803046154505,127.39454291433842,118.30881124034431
Tron-o-matic 2,Dallas_01,2024-11-14,70.96121377579298,78.61222825535623,86.38035481216265,78.81112979236724
Tron-o-matic 2,Dallas_01,2024-11-15,79.22459191456386,87.40624545289198,95.31926838287623,87.62409877162035
Tron-o-matic 2,Dallas_01,2024-11-16,41.48292991752186,49.23288897825075,59.60731440415856,49.59562719461778
Tron-o-matic 2,Dallas_01,2024-11-17,43.30513829298805,48.71610968364809,56.676997095214475,49.23048671839005
Tron-o-matic 2,Dallas_01,2024-11-18,107.4934368687469,115.3310188778441,124.04911681206012,115.56286438530067
Tron-o-matic 2,Dallas_01,2024-11-19,77.30903365357044,85.36972721420614,92.68616891917527,85.11438992884183
Tron-o-matic 2,Dallas_01,2024-11-20,41.14535478790522,48.101519944678564,56.39908378516926,48.737346293772525
Tron-o-matic 2,Dallas_01,2024-11-21,39.93274503335175,49.09408913901788,56.620242691250475,48.64005993794372
Tron-o-matic 2,Dallas_01,2024-11-22,111.21760498257964,120.36254030468336,127.57338817712713,119.45281764471073
Tron-o-matic 2,Dallas_01,2024-11-23,42.872850243697584,49.89250112683124,57.155094388102626,49.78606195990736
Tron-o-matic 2,Dallas_01,2024-11-24,39.70241651572019,50.405297035426905,56.78091122400268,49.246141370721205
Tron-o-matic 2,Dallas_01,2024-11-25,40.86112687700037,48.243875688683104,57.37887758251955,48.381758423657836
Tron-o-matic 2,Dallas_01,2024-11-26,41.462876138269046,50.19660692973996,58.27556840070546,50.07225236713729
Tron-o-matic 2,Dallas_01,2024-11-27,67.45237960980297,77.3480654209807,83.28084060718595,76.49920121850047
Tron-o-matic 2,Dallas_01,2024-11-28,103.21100854754661,111.42393406047135,120.57411790389277,111.62532894610753
Tron-o-matic 2,Dallas_01,2024-11-29,131.49751775059931,140.35546115845423,147.98105823139446,139.74899781437693
Tron-o-matic 2,Dallas_01,2024-11-30,43.05980595643314,50.08458839301679,58.20817045403609,50.11477903863174
Tron-o-matic 2,Dallas_01,2024-12-01,66.93082208906128,73.53560602134148,82.32138868457575,73.93311047058059
Tron-o-matic 2,Dallas_01,2024-12-02,37.96117504633791,48.12576118384479,57.420234633183675,48.133589479136184
Tron-o-matic 2,Dallas_01,2024-12-03,72.47043175417936,81.57208555912484,91.51929618846505,81.4488131372394
Tron-o-matic 2,Dallas_01,2024-12-04,42.715514172544104,50.73296499611635,58.88307694235278,50.509637513924055
Tron-o-matic 2,Dallas_01,2024-12-05,42.77383003477549,49.769751144189506,58.29726592618914,49.91461926909817
Tron-o-matic 2,Dallas_01,2024-12-06,66.6157315285089,73.26858108765785,82.9739933423441,74.21839520560833
Tron-o-matic 2,Dallas_01,2024-12-07,57.63522435676415,64.26623326656566,72.79654705849667,65.13695375989536
Tron-o-matic 2,Dallas_01,2024-12-08,41.56834859253696,50.04128410284126,59.715469316008004,50.58000570629995
Tron-o-matic 2,Dallas_01,2024-12-09,39.789722435870466,47.17180866892692,55.69372808372208,47.8113674429956
Tron-o-matic 2,Dallas_01,2024-12-10,125.82590183908816,134.8375488808606,144.48833132473337,134.88636630639027
Tron-o-matic 2,Dallas_01,2024-12-11,42.20883050550041,50.219614961261385,58.005391610611,50.12950624654237
Tron-o-matic 2,Dallas_01,2024-12-12,61.05914122178293,68.30368267962092,77.37153726751993,68.60042228501962
Tron-o-matic 2,Dallas_01,2024-12-13,40.057928637008374,49.39164327061839,56.86407959247236,48.812888911929456
Tron-o-matic 2,Dallas_01,2024-12-14,41.76358807334517,50.42201560751529,58.728497318219034,50.41816466571062
Tron-o-matic 2,Dallas_01,2024-12-15,39.18475923813865,48.443511330158735,57.48798430801033,48.348512693470575
Tron-o-matic 2,Dallas_01,2024-12-16,75.11089250421408,84.69653838890322,91.27696736027943,83.77632230311389
Tron-o-matic 2,Dallas_01,2024-12-17,111.73152124236434,120.68547884802932,129.16902086204547,120.54196379967512
Tron-o-matic 2,Dallas_01,2024-12-18,42.1613309510259,49.06606971551807,59.21316782001449,49.58901823974018
Tron-o-matic 2,Dallas_01,2024-12-19,70.3519043179352,76.07360528026044,87.70290281941912,77.11527876606635
Tron-o-matic 2,Dallas_01,2024-12-20,41.847050845197835,49.581850040868424,57.627157794167545,49.5626253224238
Tron-o-matic 2,Dallas_01,2024-12-21,131.15386314910523,139.21876964634836,147.14402758906144,138.97337789851196
Tron-o-matic 2,Dallas_01,2024-12-22,40.973854499554534,48.51926432531505,55.00044372434448,48.119540405199956
Tron-o-matic 2,Dallas_01,2024-12-23,38.553878936123866,48.775021255229575,56.98719786573288,48.62224470026502
Tron-o-matic 2,Dallas_01,2024-12-24,41.82898637208133,51.35694170645613,58.23686710807446,50.38773704548723
Tron-o-matic 2,Dallas_01,2024-12-25,41.97680293524063,51.45213349098583,57.08765661127449,50.46638014575065
Tron-o-matic 2,Dallas_01,2024-12-26,66.30881916299553,75.21120002845441,82.9094635027078,74.83577587211376
Tron-o-matic 2,Dallas_01,2024-12-27,75.3947113582682,82.89187904036835,91.219610397095,83.27071676775067
Tron-o-matic 2,Dallas_01,2024-12-28,57.52024105539752,64.0700906074288,73.3545770038155,64.44833842068724
Tron-o-matic 2,Dallas_01,2024-12-29,76.72147128787577,83.96582253320797,93.00601914434606,84.3078229957911
Tron-o-matic 2,Dallas_01,2024-12-30,42.07854505191427,49.804647634761146,58.65884682049176,49.66836733762747
Tron-o-matic 2,Dallas_01,2024-12-31,43.01009341758429,51.32284034086216,59.53943278303561,51.13468313286592
Tron-o-matic 2,NewYork_02,2024-10-01,65.49541817441164,73.83537097823923,83.52487323236873,74.0629015252946
Tron-o-matic 2,NewYork_02,2024-10-02,64.89976493447745,73.34415079230511,85.19298027351391,74.23209466981483
Tron-o-matic 2,NewYork_02,2024-10-03,65.45923249388856,74.23571174411084,82.97473172951963,74.56829465135584
Tron-o-matic 2,NewYork_02,2024-10-04,61.84462167476386,73.42153067031133,84.394320698491,73.71557943381157
Tron-o-matic 2,NewYork_02,2024-10-05,59.883584410072224,73.95828690689244,86.28736112002727,73.99782999851854
Tron-o-matic 2,NewYork_02,2024-10-06,64.22694831587755,73.26983412945359,83.65858753918263,73.78553447085788
Tron-o-matic 2,NewYork_02,2024-10-07,137.80566743728627,145.822406918957,155.1971751275242,145.5771963290922
Tron-o-matic 2,NewYork_02,2024-10-08,64.25635754164423,76.57728903735912,87.8109195679786,75.80937318237719
Tron-o-matic 2,NewYork_02,2024-10-09,89.47160905769083,100.38316337682524,109.23943822636961,99.94143350406426
Tron-o-matic 2,NewYork_02,2024-10-10,111.19334876990739,120.979409405309,130.43635698752513,120.50442679209002
Tron-o-matic 2,NewYork_02,2024-10-11,172.27232820680146,181.72690672976228,192.10272941996877,181.44482755382384
Tron-o-matic 2,NewYork_02,2024-10-12,64.93351752687236,73.01451304317405,82.03930964843312,73.49445628555046
Tron-o-matic 2,NewYork_02,2024-10-13,61.6224620736438,73.15261687577066,83.59573740515414,72.78506099046875
Tron-o-matic 2,NewYork_02,2024-10-14,63.21367326844651,73.98992056046515,83.67262667811181,73.29056549203345
Tron-o-matic 2,NewYork_02,2024-10-15,62.429395949272504,73.46840626356182,83.25703182602459,73.10569054925823
Tron-o-matic 2,NewYork_02,2024-10-16,63.481282767695205,72.02175576457329,83.08630128493866,72.96597130165684
Tron-o-matic 2,NewYork_02,2024-10-17,98.22315353961142,107.96307334728573,116.90926630199361,107.83174468158172
Tron-o-matic 2,NewYork_02,2024-10-18,59.77117816546643,72.45462924119079,80.64797277766876,71.39332153509935
Tron-o-matic 2,NewYork_02,2024-10-19,82.85789710201429,91.52581403028461,102.83700844201594,91.96234691795891
Tron-o-matic 2,NewYork_02,2024-10-20,60.86917553670324,70.88648225949875,80.64247715127911,71.0819753552641
Tron-o-matic 2,NewYork_02,2024-10-21,144.42122228080225,154.38529724223156,162.7410773728694,153.42133975353957
Tron-o-matic 2,NewYork_02,2024-10-22,57.90143290788184,73.4112025279313,82.20183799728757,71.39700287964494
Tron-o-matic 2,NewYork_02,2024-10-23,168.9617231999594,179.99786865753967,189.7532181392411,179.4856802890442
Tron-o-matic 2,NewYork_02,2024-10-24,141.64881292723274,151.77628850999983,162.37080891314793,151.88897431580446
Tron-o-matic 2,NewYork_02,2024-10-25,60.38552826196424,69.86970600566255,79.0984548391749,69.80968386448441
Tron-o-matic 2,NewYork_02,2024-10-26,167.58240329362684,179.05870495534623,190.8255851941088,178.60487472143686
Tron-o-matic 2,NewYork_02,2024-10-27,109.71620371822122,116.66912362309453,124.99199235356171,116.54615998192855
Tron-o-matic 2,NewYork_02,2024-10-28,79.62290082425906,88.35823675225664,97.40559995617636,87.97464510166874
Tron-o-matic 2,NewYork_02,2024-10-29,165.10488188441167,175.61911894337615,184.61076971975436,176.0982389876555
Tron-o-matic 2,NewYork_02,2024-10-30,73.90968913625831,81.84005836761645,93.52173959999186,82.71482148111753
Tron-o-matic 2,NewYork_02,2024-10-31,56.99421448301388,65.75447585943755,75.48616483415752,65.84885748778066
Tron-o-matic 2,NewYork_02,2024-11-01,89.45143873173184,99.3978092126576,107.77890530700525,98.88053595627598
Tron-o-matic 2,NewYork_02,2024-11-02,54.01667869071434,64.60728800351544,73.02128784626568,64.09117500257615
Tron-o-matic 2,NewYork_02,2024-11-03,56.96952862290547,63.976664743634664,71.64903787241089,63.8788503691749
Tron-o-matic 2,NewYork_02,2024-11-04,53.148961481050115,63.36520108353925,71.59423536755655,63.42979252277073
Tron-o-matic 2,NewYork_02,2024-11-05,51.63093702076371,63.98999367199773,72.77281188944994,63.20523171464979
Tron-o-matic 2,NewYork_02,2024-11-06,90.62921951624969,100.47149574675477,109.50648777070327,100.08575990837016
Tron-o-matic 2,NewYork_02,2024-11-07,138.71332136855597,145.92881023077402,158.81785283321918,147.12060167174312
Tron-o-matic 2,NewYork_02,2024-11-08,122.9295174630887,133.631253343881,145.8499285989212,134.08803811100518
Tron-o-matic 2,NewYork_02,2024-11-09,149.6454867272256,159.93167839808038,168.6993939413522,159.88873266480758
Tron-o-matic 2,NewYork_02,2024-11-10,50.81493495040671,60.645986381392916,69.73363574787052,61.03131934539726
Tron-o-matic 2,NewYork_02,2024-11-11,91.06448369897795,101.10688471325709,110.69085214368562,101.26819045400278
Tron-o-matic 2,NewYork_02,2024-11-12,51.80336913552918,60.880239005191044,68.80503672150141,60.16635283602481
Tron-o-matic 2,NewYork_02,2024-11-13,136.3584929931617,146.75974439758647,156.2282597494568,146.19818992635902
Tron-o-matic 2,NewYork_02,2024-11-14,87.8565227861599,96.1842648008267,104.23003554887119,96.06167530377193
Tron-o-matic 2,NewYork_02,2024-11-15,94.32695567941367,103.09320868034187,113.41995416794808,103.61076438205976
Tron-o-matic 2,NewYork_02,2024-11-16,49.38818378587474,59.15250724336618,68.5245545815795,58.827537450441696
Tron-o-matic 2,NewYork_02,2024-11-17,50.85532823791678,60.493629037356015,68.4388064993606,60.1764318431046
Tron-o-matic 2,NewYork_02,2024-11-18,130.30435579896442,141.73321377661512,151.95394536171509,141.77165532667206
Tron-o-matic 2,NewYork_02,2024-11-19,95.80440067118343,102.79542947397705,113.70794227713927,103.99051796176431
Tron-o-matic 2,NewYork_02,2024-11-20,50.77762036030261,61.74780804337459,72.0333156584567,61.20742562641656
Tron-o-matic 2,NewYork_02,2024-11-21,50.56781896649948,59.48888012227887,68.81746957923428,59.496673748038845
Tron-o-matic 2,NewYork_02,2024-11-22,134.1553916035375,144.90571429040153,154.30039441724117,144.37406654348968
Tron-o-matic 2,NewYork_02,2024-11-23,51.6084297856571,62.03505944190643,70.10310212891017,61.25429779973537
Tron-o-matic 2,NewYork_02,2024-11-24,50.98973714231654,59.75067980832007,69.85318397318437,59.7610292692797
Tron-o-matic 2,NewYork_02,2024-11-25,51.130336969040535,60.32789151081254,68.95653641362131,60.206917581964156
Tron-o-matic 2,NewYork_02,2024-11-26,51.24352105817776,61.69979220065333,69.94892204377713,61.39529044489914
Tron-o-matic 2,NewYork_02,2024-11-27,83.45790312491259,93.532072916086,102.51625832073333,93.4072622608126
Tron-o-matic 2,NewYork_02,2024-11-28,129.70142813795871,139.22212686254917,149.02372705394373,138.93973767669613
Tron-o-matic 2,NewYork_02,2024-11-29,161.42160496521632,169.70517936548978,180.18089578532772,170.36468646371355
Tron-o-matic 2,NewYork_02,2024-11-30,49.993641724303416,60.62078852906371,70.24795684513538,60.79720137184017
Tron-o-matic 2,NewYork_02,2024-12-01,84.97883535262919,91.22884349341646,100.94414555162264,92.14340002980113
Tron-o-matic 2,NewYork_02,2024-12-02,52.05123597380981,62.59244073791271,71.16955180345096,61.45463848320155
Tron-o-matic 2,NewYork_02,2024-12-03,89.66286292889306,99.24851728806003,109.95271483527274,99.37928391465051
Tron-o-matic 2,NewYork_02,2024-12-04,50.623088261853304,61.095970732146085,71.55712981380321,61.287447253779185
Tron-o-matic 2,NewYork_02,2024-12-05,50.63221948586971,60.40768854418467,70.76479413794729,60.49959232317811
Tron-o-matic 2,NewYork_02,2024-12-06,82.98432714609967,91.50362531574082,101.20333967607976,91.47546046104749
Tron-o-matic 2,NewYork_02,2024-12-07,73.19420065446393,82.5993119670559,91.56163964799536,82.26563288671474
Tron-o-matic 2,NewYork_02,2024-12-08,45.784073417796755,58.600809754752476,67.57510190222972,58.408327459673494
Tron-o-matic 2,NewYork_02,2024-12-09,52.03018923417912,61.04160837067514,69.00562723049885,60.53089845913584
Tron-o-matic 2,NewYork_02,2024-12-10,156.52465430957577,164.9171097786999,173.87393380926284,164.8523677749883
Tron-o-matic 2,NewYork_02,2024-12-11,52.11713001041978,59.75759215249169,71.07162488104078,60.23359189824912
Tron-o-matic 2,NewYork_02,2024-12-12,75.93538342309145,84.89028830799019,95.21747745854283,85.00033767391234
Tron-o-matic 2,NewYork_02,2024-12-13,52.16885839477442,59.51042265010575,67.86240383064393,59.59965966197699
Tron-o-matic 2,NewYork_02,2024-12-14,51.154743947605816,59.967902767449154,70.758550861614,60.2740948611095
Tron-o-matic 2,NewYork_02,2024-12-15,49.435055400165396,59.261450999378994,73.58017187134882,60.23183650773071
Tron-o-matic 2,NewYork_02,2024-12-16,93.26932645027551,103.50132525002948,117.52854242674914,104.14255770679242
Tron-o-matic 2,NewYork_02,2024-12-17,137.60200166783218,145.82420588588704,157.12528624599446,147.2819004459281
Tron-o-matic 2,NewYork_02,2024-12-18,51.64429019491432,59.781321344617496,69.69492449415338,60.273139091920896
Tron-o-matic 2,NewYork_02,2024-12-19,83.87290027035719,94.15462853477716,106.53350272794744,94.85016886506912
Tron-o-matic 2,NewYork_02,2024-12-20,50.56602299585484,61.315771347023066,70.1099565770161,60.98813729727002
Tron-o-matic 2,NewYork_02,2024-12-21,160.58935523006357,170.93523425846237,179.6911654823655,171.08213945089562
Tron-o-matic 2,NewYork_02,2024-12-22,51.40433763533003,60.930942233539085,71.02097924080475,60.98368827500746
Tron-o-matic 2,NewYork_02,2024-12-23,50.313195122633,61.17064380380688,70.22420237088464,60.5284080521338
Tron-o-matic 2,NewYork_02,2024-12-24,51.82596402618684,61.22278529326982,68.1204778610371,60.20938438587274
Tron-o-matic 2,NewYork_02,2024-12-25,52.39845993527903,60.85359024782451,71.1704034622136,61.334959009480166
Tron-o-matic 2,NewYork_02,2024-12-26,81.85605123576399,91.13828978252313,102.27731067090033,91.71668162675842
Tron-o-matic 2,NewYork_02,2024-12-27,95.10875230297071,105.78594701799483,116.50629735717058,105.62806726898746
Tron-o-matic 2,NewYork_02,2024-12-28,66.55097280804218,76.96048534614525,88.38517786360568,77.08438814811471
Tron-o-matic 2,NewYork_02,2024-12-29,97.12896311942701,106.79293697748308,118.63052205650234,107.37285496538983
Tron-o-matic 2,NewYork_02,2024-12-30,51.06603640593666,61.18398324153548,72.47255868823511,61.26896467575785
Tron-o-matic 2,NewYork_02,2024-12-31,53.0185605118165,63.37497232485391,71.98001060995958,63.04946300253241
Tron-o-matic 2,WashingtonDC_01,2024-10-01,40.518079130954646,47.539574445660534,53.4124822398459,47.229745510822156
Tron-o-matic 2,WashingtonDC_01,2024-10-02,39.58453885147526,46.4497236709946,53.2436628762215,46.479171982174236
Tron-o-matic 2,WashingtonDC_01,2024-10-03,41.055056724948166,47.23655244557291,51.79645675803286,46.934434936484706
Tron-o-matic 2,WashingtonDC_01,2024-10-04,40.556177723749656,47.02645059506267,53.138876756448674,47.15911557789494
Tron-o-matic 2,WashingtonDC_01,2024-10-05,39.679352175065915,47.1286052014161,53.57770675771778,46.67320207467949
Tron-o-matic 2,WashingtonDC_01,2024-10-06,40.562979703519304,45.91173572365883,53.785987814807974,46.478260469012085
Tron-o-matic 2,WashingtonDC_01,2024-10-07,87.0578293651555,92.15427553149902,98.28591033165891,92.34668580036352
Tron-o-matic 2,WashingtonDC_01,2024-10-08,41.93304418586074,47.40792693591662,55.33699426704643,47.625141177822925
Tron-o-matic 2,WashingtonDC_01,2024-10-09,57.01602158198037,63.30194304639859,69.9984171647981,63.23918366306196
Tron-o-matic 2,WashingtonDC_01,2024-10-10,69.92388150838474,76.14348733322804,83.3818215773337,76.09124348950637
Tron-o-matic 2,WashingtonDC_01,2024-10-11,108.11790099834083,116.12565492771249,122.17660618657696,115.38621148259303
Tron-o-matic 2,WashingtonDC_01,2024-10-12,39.985063436415764,46.221269193945574,52.543969209541494,46.095401254635306
Tron-o-matic 2,WashingtonDC_01,2024-10-13,39.395205955599536,45.05581068609696,51.30256588234259,45.254350120165576
Tron-o-matic 2,WashingtonDC_01,2024-10-14,40.272416492371626,45.8231187396634,50.52340130845474,45.54057822902136
Tron-o-matic 2,WashingtonDC_01,2024-10-15,40.47039184112575,46.112556998888955,53.49165795286622,46.35162011030138
Tron-o-matic 2,WashingtonDC_01,2024-10-16,40.37511703259171,45.74619331263072,51.96365369496546,46.21496504882679
Tron-o-matic 2,WashingtonDC_01,2024-10-17,60.80775908035794,66.219615412775,73.46034982328287,66.76928596250237
Tron-o-matic 2,WashingtonDC_01,2024-10-18,38.47934404760379,44.8647489174712,51.618411389182555,44.811375290643895
Tron-o-matic 2,WashingtonDC_01,2024-10-19,51.175311949439894,56.91756068580738,63.5753312206453,57.057047737134624
Tron-o-matic 2,WashingtonDC_01,2024-10-20,38.788674623313426,44.07619343392942,51.13505631315316,44.492753313945116
Tron-o-matic 2,WashingtonDC_01,2024-10-21,89.81414810867454,97.63188983841266,104.25134770002748,97.23408141137025
Tron-o-matic 2,WashingtonDC_01,2024-10-22,37.6261279071546,44.640618094242775,51.47503253907261,44.62821097002971
Tron-o-matic 2,WashingtonDC_01,2024-10-23,108.06786712437606,114.07779839373718,120.32683862915181,114.11500470339026
Tron-o-matic 2,WashingtonDC_01,2024-10-24,89.26579764662199,95.38168296878368,102.76224258731939,95.40894266647702
Tron-o-matic 2,WashingtonDC_01,2024-10-25,37.38071381776685,42.19773376348458,48.74548450668335,42.55977837103729
Tron-o-matic 2,WashingtonDC_01,2024-10-26,106.6214896732815,112.24396647355644,118.67530968699448,112.35186360771506
Tron-o-matic 2,WashingtonDC_01,2024-10-27,66.90811119103311,73.96753822682241,78.84331386038363,73.28053382538332
Tron-o-matic 2,WashingtonDC_01,2024-10-28,49.359589775289336,55.169624564854715,61.18120602386506,55.670995172986416
Tron-o-matic 2,WashingtonDC_01,2024-10-29,104.61421057401387,111.81512487773801,116.9962962654794,111.48409446971249
Tron-o-matic 2,WashingtonDC_01,2024-10-30,46.83773191859458,52.27002640620042,57.62010083199467,52.16257401570727
Tron-o-matic 2,WashingtonDC_01,2024-10-31,34.797846021446375,39.673844996701355,48.20251981195203,40.516258412997566
Tron-o-matic 2,WashingtonDC_01,2024-11-01,55.004175317141545,62.631453044403266,68.71735802765131,62.508452092799814
Tron-o-matic 2,WashingtonDC_01,2024-11-02,34.248557974712355,39.873717232969774,46.300067351026144,40.38404931922367
Tron-o-matic 2,WashingtonDC_01,2024-11-03,33.548276525869035,40.23060801489818,47.72074565162612,40.398526536615975
Tron-o-matic 2,WashingtonDC_01,2024-11-04,32.896083472170154,39.78448205829263,45.17433456421958,39.39231695424823
Tron-o-matic 2,WashingtonDC_01,2024-11-05,32.82564524913802,39.75550722424765,45.3547681384547,39.47087675367747
Tron-o-matic 2,WashingtonDC_01,2024-11-06,56.39196081338237,62.320395331254524,67.82218384495665,62.09756393067677
Tron-o-matic 2,WashingtonDC_01,2024-11-07,88.78418127258016,94.10818414921094,99.67649151581462,93.90864280143538
Tron-o-matic 2,WashingtonDC_01,2024-11-08,78.44050851617963,84.09763828194116,91.75909380395156,84.81169837664378
Tron-o-matic 2,WashingtonDC_01,2024-11-09,93.42059438466966,99.90426996326659,107.32208809209256,100.36525999923998
Tron-o-matic 2,WashingtonDC_01,2024-11-10,32.26924733454596,38.397066222023916,44.34760375294035,38.19390093807929
Tron-o-matic 2,WashingtonDC_01,2024-11-11,57.38638450863696,64.78591477582958,70.3097073086902,64.3719790941695
Tron-o-matic 2,WashingtonDC_01,2024-11-12,31.29234695480681,38.21876606763186,44.489527987823784,38.22792663979623
Tron-o-matic 2,WashingtonDC_01,2024-11-13,84.72982729001436,91.90104218245568,98.89060610860695,91.85309094511089
Tron-o-matic 2,WashingtonDC_01,2024-11-14,55.91928066690218,62.52741562633299,67.60882405757799,62.23179365036822
Tron-o-matic 2,WashingtonDC_01,2024-11-15,62.68276574293498,67.32585105270921,73.54331297054462,67.73625862497089
Tron-o-matic 2,WashingtonDC_01,2024-11-16,33.08322647103387,37.992486635949604,43.135993278057306,38.0559863896648
Tron-o-matic 2,WashingtonDC_01,2024-11-17,32.89008973457678,38.503519017122656,43.38434705831966,38.26279237389066
Tron-o-matic 2,WashingtonDC_01,2024-11-18,83.95559584668217,90.99634208690478,96.23124831070497,90.23028358498654
Tron-o-matic 2,WashingtonDC_01,2024-11-19,60.95821154197654,65.950572773131,73.25118345287571,66.35478153869786
Tron-o-matic 2,WashingtonDC_01,2024-11-20,30.260980735813472,37.02720038294128,44.383871463973456,37.22808986092274
Tron-o-matic 2,WashingtonDC_01,2024-11-21,33.62742830602656,38.40697675215083,43.4723982093991,38.518065667460114
Tron-o-matic 2,WashingtonDC_01,2024-11-22,87.44097014023832,92.76350568756783,99.33499746344415,93.13636272802209
Tron-o-matic 2,WashingtonDC_01,2024-11-23,30.89458259837611,39.73278437748921,45.4465530272166,38.803730559696426
Tron-o-matic 2,WashingtonDC_01,2024-11-24,32.86539800981264,37.81413224250261,43.82791222326786,37.974815388264176
Tron-o-matic 2,WashingtonDC_01,2024-11-25,30.757590107109166,38.54876725295379,46.74865576042635,38.62339173857411
Tron-o-matic 2,WashingtonDC_01,2024-11-26,31.932944755014766,38.20734498040057,43.596722332108094,37.9726985142885
Tron-o-matic 2,WashingtonDC_01,2024-11-27,52.36212672948631,59.28868489596716,65.6099403933959,58.89714139386335
Tron-o-matic 2,WashingtonDC_01,2024-11-28,80.87090421894284,87.49458057247625,95.00201426118127,87.98463853607672
Tron-o-matic 2,WashingtonDC_01,2024-11-29,100.47114118367081,108.47665694087667,114.6349545517473,108.11785629489725
Tron-o-matic 2,WashingtonDC_01,2024-11-30,33.79292021965188,39.59366394354294,44.580430946479204,39.001789424118435
Tron-o-matic 2,WashingtonDC_01,2024-12-01,51.67349518339667,59.05292237474206,63.67364108893197,58.12051193396549
Tron-o-matic 2,WashingtonDC_01,2024-12-02,32.5301482548151,37.19580757718094,43.778341884903604,37.428384125787645
Tron-o-matic 2,WashingtonDC_01,2024-12-03,56.26480516489557,63.41571944448891,68.91161681194777,62.83372460873884
Tron-o-matic 2,WashingtonDC_01,2024-12-04,33.280961465344674,38.39131877713564,44.51276535602447,38.55894200266925
Tron-o-matic 2,WashingtonDC_01,2024-12-05,32.669199840106636,38.817499518263055,43.93908473549941,38.261563291015825
Tron-o-matic 2,WashingtonDC_01,2024-12-06,51.50228322048273,58.44277930279741,65.08199929696421,58.221383536547734
Tron-o-matic 2,WashingtonDC_01,2024-12-07,43.72107489431452,50.98553912821592,57.638768127308666,51.14706707330574
Tron-o-matic 2,WashingtonDC_01,2024-12-08,33.893099391971944,39.43847681353775,44.31014751859086,39.27393117240809
Tron-o-matic 2,WashingtonDC_01,2024-12-09,32.30586382653016,38.20824353484801,44.53668325728643,38.147677570733194
Tron-o-matic 2,WashingtonDC_01,2024-12-10,98.88897392113124,104.39863046898847,112.25661458527523,105.20479268591934
Tron-o-matic 2,WashingtonDC_01,2024-12-11,30.993930587043387,37.946865056335696,44.720151928255646,37.978218509534734
Tron-o-matic 2,WashingtonDC_01,2024-12-12,47.67731481062582,55.10845578528556,60.070649839706974,54.6672277579687
Tron-o-matic 2,WashingtonDC_01,2024-12-13,29.6020277754673,38.7582201779201,44.444464660136,37.67821688514877
Tron-o-matic 2,WashingtonDC_01,2024-12-14,32.43767049664103,39.03931411730282,44.68380573132011,38.63910684511466
Tron-o-matic 2,WashingtonDC_01,2024-12-15,32.1959849079601,39.380915533330864,44.00341003419978,38.568521819924314
Tron-o-matic 2,WashingtonDC_01,2024-12-16,60.64089756343546,66.47359530900644,72.02056203707967,66.19845051456043
Tron-o-matic 2,WashingtonDC_01,2024-12-17,86.02920372451814,92.53801828393809,97.70802263936436,92.33605426126927
Tron-o-matic 2,WashingtonDC_01,2024-12-18,31.891987983715673,37.15243813196607,45.52350141622981,37.85066060037414
Tron-o-matic 2,WashingtonDC_01,2024-12-19,51.778343416510474,59.43010038881268,66.4888919921129,59.20633496239692
Tron-o-matic 2,WashingtonDC_01,2024-12-20,32.237070946080735,37.84934104140742,44.08238885334326,37.84696939133537
Tron-o-matic 2,WashingtonDC_01,2024-12-21,100.51654489129629,106.50550496121359,114.12852667665766,106.83768963212859
Tron-o-matic 2,WashingtonDC_01,2024-12-22,33.91024896321537,39.101251202158174,44.385835517738585,38.659093312045584
Tron-o-matic 2,WashingtonDC_01,2024-12-23,32.295698959654,38.49145031174511,44.70940804347423,38.49689460379123
Tron-o-matic 2,WashingtonDC_01,2024-12-24,30.64834977488245,37.76284918294433,44.802011891205005,37.879362571967334
Tron-o-matic 2,WashingtonDC_01,2024-12-25,31.728311462095967,37.291726760940634,43.812553303071226,37.55430814644891
Tron-o-matic 2,WashingtonDC_01,2024-12-26,52.2851229054655,59.411550920807656,64.07589866546635,58.651022343285405
Tron-o-matic 2,WashingtonDC_01,2024-12-27,59.094647702989676,66.01890484419974,70.91474982548586,65.34836458746415
Tron-o-matic 2,WashingtonDC_01,2024-12-28,43.48618832626187,49.31789782364477,55.000751678135096,49.24559034804825
Tron-o-matic 2,WashingtonDC_01,2024-12-29,59.91186183709445,65.63606449121266,70.75299886186636,65.32845375627186
Tron-o-matic 2,WashingtonDC_01,2024-12-30,33.67753457663908,39.184114262417154,46.19713173367419,39.4680334101885
Tron-o-matic 2,WashingtonDC_01,2024-12-31,33.813671031847406,39.830524214694044,45.36482455814091,39.73873208930793
Tron-o-matic 2,Online_Store,2024-10-01,1326.0722038671322,1489.0747997147923,1666.1518563110683,1494.1698770645382
Tron-o-matic 2,Online_Store,2024-10-02,1301.5288908031885,1500.6753677924476,1734.819877720785,1505.5968812195051
Tron-o-matic 2,Online_Store,2024-10-03,1295.5156883027848,1504.9414692036867,1723.68009538942,1497.7690524288964
Tron-o-matic 2,Online_Store,2024-10-04,1273.5291923117727,1475.776365752526,1673.7650166713624,1479.9063177370099
Tron-o-matic 2,Online_Store,2024-10-05,1274.3550771086323,1498.492274030986,1659.8974744052784,1485.6743320816106
Tron-o-matic 2,Online_Store,2024-10-06,1266.6071684072517,1490.3963019485927,1708.4853560993988,1484.1363751572565
Tron-o-matic 2,Online_Store,2024-10-07,2716.243373598223,2932.201256495733,3135.5997078944274,2919.1541532916926
Tron-o-matic 2,Online_Store,2024-10-08,1327.2166402343753,1500.8563253015884,1702.675028439356,1505.0566985191535
Tron-o-matic 2,Online_Store,2024-10-09,1788.4848703785053,1995.8403943600622,2218.347360916649,1996.4529037682307
Tron-o-matic 2,Online_Store,2024-10-10,2235.87594257013,2416.673605411104,2600.878449693968,2411.832088469849
Tron-o-matic 2,Online_Store,2024-10-11,3354.461163717379,3589.7556870028657,3814.928106551665,3585.5054223894367
Tron-o-matic 2,Online_Store,2024-10-12,1237.2078035956943,1494.113201402696,1694.1822961914418,1478.8722891718705
Tron-o-matic 2,Online_Store,2024-10-13,1284.0258295173878,1481.163765798637,1662.956245972652,1467.9951280392543
Tron-o-matic 2,Online_Store,2024-10-14,1308.6495980626555,1476.8972182386558,1648.1303474367414,1482.1523171753702
Tron-o-matic 2,Online_Store,2024-10-15,1230.3935855454697,1407.8796733255895,1641.135260572391,1425.254430614633
Tron-o-matic 2,Online_Store,2024-10-16,1266.1542524683114,1441.0455557033854,1618.3041835436634,1443.169797462596
Tron-o-matic 2,Online_Store,2024-10-17,1957.687647768483,2130.854096882232,2350.8740727480945,2138.5792680539626
Tron-o-matic 2,Online_Store,2024-10-18,1228.632869289069,1407.0320136395237,1608.459582285455,1417.424250256645
Tron-o-matic 2,Online_Store,2024-10-19,1621.385355957056,1844.6558430609412,2063.2838925493343,1838.4212787547146
Tron-o-matic 2,Online_Store,2024-10-20,1186.270532766273,1429.0276112502895,1612.3364354411192,1421.1309988344854
Tron-o-matic 2,Online_Store,2024-10-21,2869.8782680820177,3081.616122903999,3277.949986729845,3076.249346321081
Tron-o-matic 2,Online_Store,2024-10-22,1230.6815374003302,1419.8418227478862,1636.6008191990995,1418.9729143201037
Tron-o-matic 2,Online_Store,2024-10-23,3338.0986707758298,3580.9579629139407,3760.5188245642903,3565.675464782292
Tron-o-matic 2,Online_Store,2024-10-24,2889.9861712945617,3038.882060916006,3252.034159021767,3053.6788644797716
Tron-o-matic 2,Online_Store,2024-10-25,1169.7277989308225,1366.09289772918,1549.0936383175047,1359.1200687427136
Tron-o-matic 2,Online_Store,2024-10-26,3345.30155834427,3556.516494619883,3729.551292362568,3554.8041644528503
Tron-o-matic 2,Online_Store,2024-10-27,2121.908121656232,2324.690753929337,2559.081008613441,2324.9113366042347
Tron-o-matic 2,Online_Store,2024-10-28,1544.7716800113838,1739.8841468100213,1961.791082277185,1752.6884243509653
Tron-o-matic 2,Online_Store,2024-10-29,3342.689014734446,3528.757242047804,3702.0641461453856,3522.016563125876
Tron-o-matic 2,Online_Store,2024-10-30,1472.7679674791143,1682.8693902328355,1828.5558622680078,1669.302133929981
Tron-o-matic 2,Online_Store,2024-10-31,1135.7456705214202,1332.9133029974812,1536.0066374511018,1331.7485727491737
Tron-o-matic 2,Online_Store,2024-11-01,1771.1313360231939,1964.3259554161707,2140.318381676591,1965.259324621161
Tron-o-matic 2,Online_Store,2024-11-02,1100.89326187691,1284.445400318349,1494.0674566897105,1290.9324515015912
Tron-o-matic 2,Online_Store,2024-11-03,1075.5858351414147,1294.6821489120846,1478.9479568907427,1286.557545040866
Tron-o-matic 2,Online_Store,2024-11-04,1093.6851502328475,1246.7412724951357,1446.2653100845525,1263.335280631872
Tron-o-matic 2,Online_Store,2024-11-05,1093.3014381181822,1253.9662564612559,1468.7569457965403,1261.3445142287949
Tron-o-matic 2,Online_Store,2024-11-06,1850.5410676711713,2015.5251027915594,2208.3980509761373,2015.3075998470947
Tron-o-matic 2,Online_Store,2024-11-07,2815.2319960249515,3015.258788443339,3213.8700877360307,3014.8707393358454
Tron-o-matic 2,Online_Store,2024-11-08,2478.7597311374548,2694.4026824896837,2858.534068522218,2683.8719548710883
Tron-o-matic 2,Online_Store,2024-11-09,2980.364004716926,3187.062229754179,3408.474674027246,3188.4905663573377
Tron-o-matic 2,Online_Store,2024-11-10,1009.3369969534479,1244.062208445763,1479.063899403577,1245.8741894556476
Tron-o-matic 2,Online_Store,2024-11-11,1871.169452112797,2047.5507664326235,2249.213780328764,2048.015230403601
Tron-o-matic 2,Online_Store,2024-11-12,1044.9128223388723,1209.2201517444462,1441.1395891050045,1219.4649951970873
Tron-o-matic 2,Online_Store,2024-11-13,2816.9637257066856,2969.888737670992,3152.963628023037,2977.9193158089074
Tron-o-matic 2,Online_Store,2024-11-14,1738.5023432273447,1963.4900205512295,2142.9867064616724,1955.68468591851
Tron-o-matic 2,Online_Store,2024-11-15,1954.2591629507085,2162.6950799186984,2334.4369838705325,2142.2019047704925
Tron-o-matic 2,Online_Store,2024-11-16,1010.699661587366,1227.4168004484595,1407.7466662201339,1217.5584398653853
Tron-o-matic 2,Online_Store,2024-11-17,1010.7343156593888,1204.3632978822527,1388.3685799274954,1199.5523054707605
Tron-o-matic 2,Online_Store,2024-11-18,2643.3931751078353,2902.1501955921603,3069.251240015855,2865.8533010295982
Tron-o-matic 2,Online_Store,2024-11-19,1901.9205461373558,2053.4560568228067,2278.4364731872665,2067.9720555605954
Tron-o-matic 2,Online_Store,2024-11-20,1052.7787176285826,1213.7203603995351,1431.7016066329113,1223.5572388801272
Tron-o-matic 2,Online_Store,2024-11-21,1060.9422524397391,1244.056765623228,1482.1130148031705,1248.7600350279197
Tron-o-matic 2,Online_Store,2024-11-22,2763.4723480422354,2937.1733478182314,3104.8424820181112,2934.141179060773
Tron-o-matic 2,Online_Store,2024-11-23,1022.4512852431877,1225.146491495514,1428.4647675422323,1221.11843516758
Tron-o-matic 2,Online_Store,2024-11-24,988.8350593468411,1219.0081122603176,1407.9894230362331,1201.7341066875642
Tron-o-matic 2,Online_Store,2024-11-25,938.9523605733128,1209.6855195415123,1401.3912100634343,1189.400646758903
Tron-o-matic 2,Online_Store,2024-11-26,1034.2262931720654,1212.8852891542247,1426.1435337098194,1223.0988580474223
Tron-o-matic 2,Online_Store,2024-11-27,1688.5817963736874,1879.7805127107767,2082.274886721364,1889.3080148471092
Tron-o-matic 2,Online_Store,2024-11-28,2561.4293058087433,2771.971441588848,2982.64414881073,2774.5421226888657
Tron-o-matic 2,Online_Store,2024-11-29,3203.079789287068,3415.792732052263,3640.633017061632,3420.34935176932
Tron-o-matic 2,Online_Store,2024-11-30,1028.2365595075894,1220.2816611715507,1414.6998049353551,1208.1051301578068
Tron-o-matic 2,Online_Store,2024-12-01,1658.628768679456,1837.086088430209,2019.3516878418118,1838.2390511270103
Tron-o-matic 2,Online_Store,2024-12-02,1053.7427181242124,1206.4619890836082,1400.3744467510535,1216.381465629131
Tron-o-matic 2,Online_Store,2024-12-03,1794.7388384381768,1990.4002874625278,2171.5327339087717,1987.0122849050824
Tron-o-matic 2,Online_Store,2024-12-04,1017.0876732683126,1193.8185521654593,1360.5243570243613,1187.4830092048142
Tron-o-matic 2,Online_Store,2024-12-05,1023.2417311524475,1214.9655030115978,1411.6097424159702,1214.7868395470618
Tron-o-matic 2,Online_Store,2024-12-06,1616.7418943432099,1839.157810437398,1975.9097240741942,1807.1332113913793
Tron-o-matic 2,Online_Store,2024-12-07,1417.992903606308,1608.8378671804146,1794.8274755911364,1607.0364968184876
Tron-o-matic 2,Online_Store,2024-12-08,1044.4755392182221,1216.785589456627,1380.772154280808,1209.8990476011754
Tron-o-matic 2,Online_Store,2024-12-09,1021.46551060858,1205.8491857984648,1439.98983776571,1205.9237181657838
Tron-o-matic 2,Online_Store,2024-12-10,3122.3962581987744,3306.2771349971135,3507.560482843886,3311.6083777415274
Tron-o-matic 2,Online_Store,2024-12-11,979.2952353550302,1226.8345224786879,1438.1929486533113,1209.0484631133577
Tron-o-matic 2,Online_Store,2024-12-12,1538.8767588913693,1727.9387814411484,1917.9004205316137,1719.0801323504963
Tron-o-matic 2,Online_Store,2024-12-13,963.4005991897543,1190.236399372651,1415.0547586522316,1196.9886668929319
Tron-o-matic 2,Online_Store,2024-12-14,1002.4305186444078,1207.2156966003708,1403.1182743067664,1203.41742087332
Tron-o-matic 2,Online_Store,2024-12-15,1011.6393805974276,1202.234397625782,1376.9733986635936,1198.897749304599
Tron-o-matic 2,Online_Store,2024-12-16,1869.1103316589183,2060.0835067922876,2276.4860580328614,2062.9747420155113
Tron-o-matic 2,Online_Store,2024-12-17,2744.701412187337,2940.6673603369522,3152.28478307283,2935.7953287814557
Tron-o-matic 2,Online_Store,2024-12-18,996.1102988266504,1224.895335631551,1417.8989363726168,1222.9196887072242
Tron-o-matic 2,Online_Store,2024-12-19,1736.0341617666218,1913.6660502479365,2135.343900586571,1922.9008719543967
Tron-o-matic 2,Online_Store,2024-12-20,961.552990529472,1193.09846889477,1377.1531841605793,1189.7040673839576
Tron-o-matic 2,Online_Store,2024-12-21,3255.689333091642,3428.9845241430503,3638.7290196492663,3429.2092901819283
Tron-o-matic 2,Online_Store,2024-12-22,1011.8723278561922,1205.7663391132667,1363.0495167571873,1194.5018236159442
Tron-o-matic 2,Online_Store,2024-12-23,1041.601330441502,1215.4020016398013,1395.6116146905713,1221.322187423556
Tron-o-matic 2,Online_Store,2024-12-24,1085.835988855614,1231.671856520861,1431.1651526271003,1247.5980103620072
Tron-o-matic 2,Online_Store,2024-12-25,1028.9394445941864,1228.990745218572,1400.403469888018,1229.326986124136
Tron-o-matic 2,Online_Store,2024-12-26,1675.298975860406,1857.6904818419375,2008.5414704110378,1856.0171108149693
Tron-o-matic 2,Online_Store,2024-12-27,1876.3095306373712,2063.8620822311104,2258.246501080709,2066.0237934172824
Tron-o-matic 2,Online_Store,2024-12-28,1340.3362969089442,1557.5843063243094,1784.584205224703,1563.5063131956483
Tron-o-matic 2,Online_Store,2024-12-29,1945.4694144350658,2163.695658280279,2323.8194296386605,2149.5225554768026
Tron-o-matic 2,Online_Store,2024-12-30,1087.5755861458597,1244.7024903428314,1479.5036191284034,1265.5928395990504
Tron-o-matic 2,Online_Store,2024-12-31,1043.405499361049,1270.635218716457,1447.4532405932684,1267.7688246405319
Tron-o-matic 2,NewYork_01,2024-10-01,64.87335691629679,74.77972751891855,84.01451233786787,74.757177446462
Tron-o-matic 2,NewYork_01,2024-10-02,64.43263551404651,73.93885430239963,84.76567334158878,74.20814896057415
Tron-o-matic 2,NewYork_01,2024-10-03,64.494507658325,73.49537131025343,84.12807359008592,73.54010467722108
Tron-o-matic 2,NewYork_01,2024-10-04,65.40121293195405,74.95299947478584,84.72688850756342,74.97209032305304
Tron-o-matic 2,NewYork_01,2024-10-05,62.604407843891124,71.64207751210301,81.87123044139196,71.6466600873752
Tron-o-matic 2,NewYork_01,2024-10-06,61.00554364269973,71.46629155600884,83.09017259630134,71.58320819339251
Tron-o-matic 2,NewYork_01,2024-10-07,135.65564110508748,145.13249299822434,155.1631525228782,144.60022481586185
Tron-o-matic 2,NewYork_01,2024-10-08,61.72083306723615,72.2361835295729,84.16878725053303,72.84614733370604
Tron-o-matic 2,NewYork_01,2024-10-09,88.08746085168673,98.33848186213501,110.16935383282036,98.61011692318287
Tron-o-matic 2,NewYork_01,2024-10-10,111.67419309388892,121.58774156759695,129.84046244165188,121.24326141567533
Tron-o-matic 2,NewYork_01,2024-10-11,167.9983551068446,179.5837317618488,191.5413675475604,179.49611351830444
Tron-o-matic 2,NewYork_01,2024-10-12,60.98471054823903,70.60180824062431,81.16163519941549,71.5008541702582
Tron-o-matic 2,NewYork_01,2024-10-13,62.28440240217719,71.28649709684757,82.2778743743722,71.84378523926149
Tron-o-matic 2,NewYork_01,2024-10-14,62.51555985342015,72.04310290181867,80.97198538066584,72.19212380746472
Tron-o-matic 2,NewYork_01,2024-10-15,60.9659536322378,71.63084502021866,80.27270142628129,71.39914514848613
Tron-o-matic 2,NewYork_01,2024-10-16,64.21695433655813,72.35333990389051,81.54940691781606,72.54795091117835
Tron-o-matic 2,NewYork_01,2024-10-17,95.15731116569233,107.28466058639069,117.81237428303744,106.82394323548112
Tron-o-matic 2,NewYork_01,2024-10-18,62.68536339029451,72.6392589413188,84.34114398630805,72.45490121338338
Tron-o-matic 2,NewYork_01,2024-10-19,80.88891761856904,91.25993350194013,101.61370405424817,91.30978246586355
Tron-o-matic 2,NewYork_01,2024-10-20,60.74409731451964,71.0028509309326,81.2204191248991,70.8633643667718
Tron-o-matic 2,NewYork_01,2024-10-21,144.16865253506964,153.0375478995357,162.76102353465515,153.3815956979453
Tron-o-matic 2,NewYork_01,2024-10-22,60.69549209492156,69.90551196580394,78.85583090976034,70.01086389106914
Tron-o-matic 2,NewYork_01,2024-10-23,169.71925984003425,180.4944124323042,191.39710639128828,180.1140574565231
Tron-o-matic 2,NewYork_01,2024-10-24,142.0466838313818,154.38234563115574,163.68663586898367,153.3633810931169
Tron-o-matic 2,NewYork_01,2024-10-25,61.28904398518537,70.46044004456537,81.27250686678671,70.78034357920126
Tron-o-matic 2,NewYork_01,2024-10-26,167.25467912130824,177.70828088589593,188.6157724424453,178.0005154283932
Tron-o-matic 2,NewYork_01,2024-10-27,104.16198702113759,116.57404721094318,128.2921330641782,116.74285791285982
Tron-o-matic 2,NewYork_01,2024-10-28,78.62207081382691,88.29362689111073,100.70797865515483,88.91161054873557
Tron-o-matic 2,NewYork_01,2024-10-29,165.20752587232184,175.03521985557003,186.06764505549964,174.86034775651962
Tron-o-matic 2,NewYork_01,2024-10-30,72.51734314790983,84.56444654491304,95.91503992387595,84.01374359962787
Tron-o-matic 2,NewYork_01,2024-10-31,56.7550014719345,67.75151328906264,77.53357671339391,67.54039876612622
Tron-o-matic 2,NewYork_01,2024-11-01,88.13562054466358,100.21877978203976,109.4885690353837,99.7355167191109
Tron-o-matic 2,NewYork_01,2024-11-02,57.61826426277861,64.93753731308294,74.32626545517577,65.51081228248194
Tron-o-matic 2,NewYork_01,2024-11-03,52.48545957806485,65.2221654206739,73.8337916395299,64.00552409899804
Tron-o-matic 2,NewYork_01,2024-11-04,50.85008104536751,62.07752969433873,72.92075682859877,62.228236511201985
Tron-o-matic 2,NewYork_01,2024-11-05,54.45154531234097,63.29568541401191,71.84473527159093,63.32567236450973
Tron-o-matic 2,NewYork_01,2024-11-06,92.0257259917767,101.04076617427692,112.17525470910584,101.49195415740608
Tron-o-matic 2,NewYork_01,2024-11-07,141.02998424803252,151.53710137219727,162.36323631671624,150.94168497614152
Tron-o-matic 2,NewYork_01,2024-11-08,126.65685818342038,136.09968006651448,146.63373216411458,135.88397495329966
Tron-o-matic 2,NewYork_01,2024-11-09,149.1975735121047,158.96698851000772,167.74546077493852,158.52281687111582
Tron-o-matic 2,NewYork_01,2024-11-10,51.3813499450594,60.37382840718125,71.98430286084391,60.823563206308265
Tron-o-matic 2,NewYork_01,2024-11-11,91.81591774920462,101.89631350987995,112.61284056015074,101.98190281250444
Tron-o-matic 2,NewYork_01,2024-11-12,50.4429283392733,61.21470387212391,71.72270791030256,61.496117408593555
Tron-o-matic 2,NewYork_01,2024-11-13,136.27479146071468,146.4346757077335,155.2018716370056,145.79494237362604
Tron-o-matic 2,NewYork_01,2024-11-14,87.21977215286961,97.26261950716736,106.5947074930523,97.71957435605157
Tron-o-matic 2,NewYork_01,2024-11-15,96.40834726536504,106.19030743224938,116.56122557897085,106.42052524169459
Tron-o-matic 2,NewYork_01,2024-11-16,51.67526825097748,62.06262372756972,72.08119162464195,61.13325065151357
Tron-o-matic 2,NewYork_01,2024-11-17,48.95161700372718,60.434928072429706,72.0297627786132,59.77911542830665
Tron-o-matic 2,NewYork_01,2024-11-18,130.85257881087256,141.82313069448665,152.0058112668205,141.77092577487275
Tron-o-matic 2,NewYork_01,2024-11-19,93.8018186899152,104.79697215753902,115.58283848446075,104.26822028381432
Tron-o-matic 2,NewYork_01,2024-11-20,51.028051307123846,61.928144238734944,71.11635589817183,60.79933964809799
Tron-o-matic 2,NewYork_01,2024-11-21,49.96385965501585,60.45954150126605,68.06592424643961,59.60728084952238
Tron-o-matic 2,NewYork_01,2024-11-22,137.90080318666693,147.11260162314068,155.98057662053895,146.83620698104346
Tron-o-matic 2,NewYork_01,2024-11-23,50.298684131389855,61.00291821837014,68.09197227230534,59.77358859736347
Tron-o-matic 2,NewYork_01,2024-11-24,48.33477712423523,59.71040201309958,69.09239953208345,59.100687450129314
Tron-o-matic 2,NewYork_01,2024-11-25,48.86186461165019,57.46654523576063,72.65767696900329,59.01912535309869
Tron-o-matic 2,NewYork_01,2024-11-26,50.57750085388442,60.13143224403452,68.46273653631701,59.946941925239834
Tron-o-matic 2,NewYork_01,2024-11-27,81.60438561855591,94.80558057979958,103.24249566864128,93.79038833021112
Tron-o-matic 2,NewYork_01,2024-11-28,127.11764668321847,138.74385920566814,145.79681230584333,137.8874026318681
Tron-o-matic 2,NewYork_01,2024-11-29,160.10242014709476,167.5105982537051,177.25077677166232,168.6506714653199
Tron-o-matic 2,NewYork_01,2024-11-30,49.02318843833294,60.105537003175364,69.75133100656618,59.601709256823376
Tron-o-matic 2,NewYork_01,2024-12-01,80.14155681138301,90.49558713750174,100.9726126784836,90.4845856551828
Tron-o-matic 2,NewYork_01,2024-12-02,50.60559963690618,58.93950045875364,71.04533290767196,59.24680007370894
Tron-o-matic 2,NewYork_01,2024-12-03,90.16378313903014,99.47887216900168,108.51074983721212,99.63843005915992
Tron-o-matic 2,NewYork_01,2024-12-04,51.096161016234234,61.22978828680821,70.48001431059487,61.1422900856444
Tron-o-matic 2,NewYork_01,2024-12-05,50.59753989861315,61.028179710468685,70.84843526869888,60.51688897146014
Tron-o-matic 2,NewYork_01,2024-12-06,81.89795903225095,90.20471762484257,98.85022273961258,90.39240146374064
Tron-o-matic 2,NewYork_01,2024-12-07,71.78197990580631,80.02507692996433,91.84931303098799,80.84986292006084
Tron-o-matic 2,NewYork_01,2024-12-08,50.55519272041801,60.19731234170388,70.1214320968164,60.27091902743038
Tron-o-matic 2,NewYork_01,2024-12-09,51.687594856707435,60.905931058101274,70.335555895622,60.4225058633448
Tron-o-matic 2,NewYork_01,2024-12-10,151.89038491982944,164.11984848129356,174.90554870454366,163.95421097186417
Tron-o-matic 2,NewYork_01,2024-12-11,50.60392722564265,62.94763548324238,71.65017802475198,61.874677368589225
Tron-o-matic 2,NewYork_01,2024-12-12,76.67198495588403,87.10006752821393,97.89473953255522,87.23436281937404
Tron-o-matic 2,NewYork_01,2024-12-13,51.62896810202406,61.13543403932071,72.78580117198314,61.67840863808338
Tron-o-matic 2,NewYork_01,2024-12-14,50.77241805847237,60.52410073427252,69.63337790842029,60.12855111169392
Tron-o-matic 2,NewYork_01,2024-12-15,50.53070262415194,59.67139012604292,70.62883791057905,60.05231954487435
Tron-o-matic 2,NewYork_01,2024-12-16,94.96284668720058,103.28771956805586,111.63937750327932,103.45150588276736
Tron-o-matic 2,NewYork_01,2024-12-17,135.236469030206,145.89275384239565,157.07702218323357,145.91108152393716
Tron-o-matic 2,NewYork_01,2024-12-18,50.92491461971808,61.4859969384547,69.71257014950804,60.81837363033634
Tron-o-matic 2,NewYork_01,2024-12-19,84.48187664270911,96.79988155015731,106.77082294805669,96.17484378110686
Tron-o-matic 2,NewYork_01,2024-12-20,53.10687803068907,62.789426319386685,69.11306513020057,61.56865293662294
Tron-o-matic 2,NewYork_01,2024-12-21,162.6595894410267,170.05648292900466,178.5354095889522,170.13818076697066
Tron-o-matic 2,NewYork_01,2024-12-22,53.82132975964737,63.64179114248273,75.55174027517987,63.72475975152329
Tron-o-matic 2,NewYork_01,2024-12-23,50.70964409763394,61.92260622513789,71.88618831095901,61.656680089031376
Tron-o-matic 2,NewYork_01,2024-12-24,53.21314314979099,62.2749503058298,72.6493968975842,62.87033994489941
Tron-o-matic 2,NewYork_01,2024-12-25,54.09485552335654,63.75156869932957,73.71304521584953,63.992521980108414
Tron-o-matic 2,NewYork_01,2024-12-26,82.54592503168973,95.12198121586323,105.43443368989844,94.40953903296322
Tron-o-matic 2,NewYork_01,2024-12-27,93.61379658025713,104.1176532787742,113.94775649844459,104.41959398682815
Tron-o-matic 2,NewYork_01,2024-12-28,69.45017802967021,78.77373136799304,88.58709770338474,78.86300659672315
Tron-o-matic 2,NewYork_01,2024-12-29,99.95861067516199,108.13338634326327,118.90261225442245,108.63133160171499
Tron-o-matic 2,NewYork_01,2024-12-30,53.824076297489334,63.84069475510838,73.27228592044457,64.16619649986248
Tron-o-matic 2,NewYork_01,2024-12-31,53.57996537312145,63.390436564367356,75.28928948278808,64.03188934009314
Tron-o-matic 3 Pro,Chicago_01,2024-10-01,56.32852457518533,63.28898940791142,68.08255032181364,62.7305851466426
Tron-o-matic 3 Pro,Chicago_01,2024-10-02,56.32916086636902,62.875099119400296,67.00692282197495,62.33397142174592
Tron-o-matic 3 Pro,Chicago_01,2024-10-03,57.01403753234004,62.52302514402923,67.39061506468194,62.32951762006272
Tron-o-matic 3 Pro,Chicago_01,2024-10-04,94.87124036464331,99.9069377837213,104.42463653273792,99.64771051162649
Tron-o-matic 3 Pro,Chicago_01,2024-10-05,57.67084421745885,62.218546565290566,66.68964082048122,62.30616152411984
Tron-o-matic 3 Pro,Chicago_01,2024-10-06,59.53690843803877,63.0165046802071,67.46235415336697,63.31912064770041
Tron-o-matic 3 Pro,Chicago_01,2024-10-07,66.59646620587766,70.85791082681165,76.0200110608514,70.88785940101829
Tron-o-matic 3 Pro,Chicago_01,2024-10-08,55.515985066287016,61.6438801420827,67.95742465492935,61.73266544625154
Tron-o-matic 3 Pro,Chicago_01,2024-10-09,69.02982351863459,74.09818448040664,79.97905699467655,74.49706536347384
Tron-o-matic 3 Pro,Chicago_01,2024-10-10,57.51357268351852,62.451853693057785,67.93171726675713,62.340572114165425
Tron-o-matic 3 Pro,Chicago_01,2024-10-11,56.784760927533206,61.949337401995855,67.48240436928565,62.03120644923806
Tron-o-matic 3 Pro,Chicago_01,2024-10-12,57.31341983999268,62.28942605580562,67.77491963685993,62.39609525736452
Tron-o-matic 3 Pro,Chicago_01,2024-10-13,58.27673510052506,62.64233715120811,67.05971905564272,62.80900571695016
Tron-o-matic 3 Pro,Chicago_01,2024-10-14,56.57477490710268,61.873136693694086,66.73246772546662,61.63484230112321
Tron-o-matic 3 Pro,Chicago_01,2024-10-15,56.59909059582932,62.13266755857005,66.4012311812835,61.72264998749983
Tron-o-matic 3 Pro,Chicago_01,2024-10-16,56.73097521592548,60.741513962814025,67.29152035283781,61.357424126550974
Tron-o-matic 3 Pro,Chicago_01,2024-10-17,56.189095159583694,61.6788822516285,67.21243384770135,61.667482992562874
Tron-o-matic 3 Pro,Chicago_01,2024-10-18,56.0639906964595,61.81247853092644,65.69159296777251,61.385629069035446
Tron-o-matic 3 Pro,Chicago_01,2024-10-19,56.728413334685015,61.694046545493514,67.15774084851485,61.70867522555584
Tron-o-matic 3 Pro,Chicago_01,2024-10-20,87.02736447924745,91.7891827952053,96.07774215911468,91.59914805426715
Tron-o-matic 3 Pro,Chicago_01,2024-10-21,61.98831887129151,67.248854460878,72.82376786029552,67.27535858348627
Tron-o-matic 3 Pro,Chicago_01,2024-10-22,70.47788863973912,75.02316701326816,79.29984719288734,75.00100299035748
Tron-o-matic 3 Pro,Chicago_01,2024-10-23,72.4636484347428,78.29118649258321,83.80645037162157,78.18910051047203
Tron-o-matic 3 Pro,Chicago_01,2024-10-24,54.96303019967801,60.810808825699155,64.88117997702831,60.23210036222574
Tron-o-matic 3 Pro,Chicago_01,2024-10-25,94.31436280663416,99.29276158165509,104.0172682448198,99.16113525824956
Tron-o-matic 3 Pro,Chicago_01,2024-10-26,65.29949314273426,70.04671468059583,73.7705356759086,69.64647914713511
Tron-o-matic 3 Pro,Chicago_01,2024-10-27,53.009231241297435,61.02619044559235,65.45376607440265,60.09395207812492
Tron-o-matic 3 Pro,Chicago_01,2024-10-28,66.7129926504582,71.88305043579884,77.75989058261428,71.97934099753378
Tron-o-matic 3 Pro,Chicago_01,2024-10-29,53.666297392716885,59.20028582954559,64.31866131140461,58.85822919219033
Tron-o-matic 3 Pro,Chicago_01,2024-10-30,93.02506974679655,98.09640422203395,102.40581005551653,97.77347367848472
Tron-o-matic 3 Pro,Chicago_01,2024-10-31,53.812949510437974,58.36429299196638,62.970096708756664,58.048868645709334
Tron-o-matic 3 Pro,Chicago_01,2024-11-01,70.1984577153371,75.33949096477345,79.56693815451031,75.11703001346777
Tron-o-matic 3 Pro,Chicago_01,2024-11-02,54.42865329816152,58.7656966302243,65.670544479084,59.424723012412166
Tron-o-matic 3 Pro,Chicago_01,2024-11-03,54.022999538200246,57.767174952193585,62.793593609309134,57.964207489299916
Tron-o-matic 3 Pro,Chicago_01,2024-11-04,51.88905663604785,57.78024305009108,63.7377585838483,57.9303388999513
Tron-o-matic 3 Pro,Chicago_01,2024-11-05,52.15819411074765,56.75475513864841,61.970766101735784,57.09157887362401
Tron-o-matic 3 Pro,Chicago_01,2024-11-06,50.86323959473222,56.448908103759656,63.11647249385544,56.944266658193484
Tron-o-matic 3 Pro,Chicago_01,2024-11-07,51.656382559233066,56.50997390840004,61.02226980140165,56.53643243830963
Tron-o-matic 3 Pro,Chicago_01,2024-11-08,62.20209556482142,68.18500444043477,73.70787718022622,68.18869790367023
Tron-o-matic 3 Pro,Chicago_01,2024-11-09,87.7982149734142,91.5636627925472,96.67986681549837,91.98163781540647
Tron-o-matic 3 Pro,Chicago_01,2024-11-10,49.734881771979424,56.159513381684384,61.50599027482786,56.167960502255426
Tron-o-matic 3 Pro,Chicago_01,2024-11-11,50.47189064872374,56.439830233692874,60.51387395685613,56.070833276826825
Tron-o-matic 3 Pro,Chicago_01,2024-11-12,88.74096799729841,93.70398401195658,98.62647925740833,93.64399543947982
Tron-o-matic 3 Pro,Chicago_01,2024-11-13,51.057187578798114,56.268751254072015,61.03873509861827,55.93367518740478
Tron-o-matic 3 Pro,Chicago_01,2024-11-14,50.03137334489389,56.03203501037848,60.87424062401938,55.56829514547642
Tron-o-matic 3 Pro,Chicago_01,2024-11-15,49.4130981425792,55.73429149939142,60.55054067239149,55.283926052906956
Tron-o-matic 3 Pro,Chicago_01,2024-11-16,50.18129767161658,55.55679705256443,62.27604194592227,55.52363175551322
Tron-o-matic 3 Pro,Chicago_01,2024-11-17,49.47839506845381,55.4017687510325,60.58092283834832,55.18177366490826
Tron-o-matic 3 Pro,Chicago_01,2024-11-18,63.847970432560025,69.3137755838135,74.70094129902536,69.33188831589868
Tron-o-matic 3 Pro,Chicago_01,2024-11-19,50.12815108971022,54.489108395622,59.415994879504936,54.509946467049616
Tron-o-matic 3 Pro,Chicago_01,2024-11-20,60.24044899580505,66.12847480518028,70.77339825439807,65.79117791118526
Tron-o-matic 3 Pro,Chicago_01,2024-11-21,82.17636468375295,86.4042593533569,91.60042116228936,86.892476056417
Tron-o-matic 3 Pro,Chicago_01,2024-11-22,57.294842031011534,62.53087643071494,66.82374024543863,62.00317205835081
Tron-o-matic 3 Pro,Chicago_01,2024-11-23,50.56801802523774,55.75250797782676,59.9274511436705,55.4432869168444
Tron-o-matic 3 Pro,Chicago_01,2024-11-24,49.319487100350216,55.66949985326304,61.04618975603651,55.39118626033678
Tron-o-matic 3 Pro,Chicago_01,2024-11-25,50.09181727386393,56.131081445967446,61.497681796044844,55.83226258389918
Tron-o-matic 3 Pro,Chicago_01,2024-11-26,59.558161073716455,63.611087148056775,68.3566292318084,63.68986730281681
Tron-o-matic 3 Pro,Chicago_01,2024-11-27,83.62907744031978,88.90916429687633,94.96231428606757,88.92229835800583
Tron-o-matic 3 Pro,Chicago_01,2024-11-28,49.165182104074134,55.47835120719571,61.00569455225758,55.47739425279703
Tron-o-matic 3 Pro,Chicago_01,2024-11-29,90.71661565000466,95.26103400981414,101.75614034427038,95.70794495702631
Tron-o-matic 3 Pro,Chicago_01,2024-11-30,51.30471500589868,56.36437635824213,60.060368179748345,56.18525877911659
Tron-o-matic 3 Pro,Chicago_01,2024-12-01,81.10525642939929,88.66638048132377,93.62666837794599,88.02882544586562
Tron-o-matic 3 Pro,Chicago_01,2024-12-02,52.8065163906599,57.347847656088014,61.89052023556749,57.07978579476255
Tron-o-matic 3 Pro,Chicago_01,2024-12-03,51.191199436669315,55.609565696710625,58.846854486905656,55.35683795297924
Tron-o-matic 3 Pro,Chicago_01,2024-12-04,77.13117474671691,81.84009758872133,86.8694611008812,81.57134328106835
Tron-o-matic 3 Pro,Chicago_01,2024-12-05,50.54624593108009,55.522166838729426,60.25922524661714,55.37810076093017
Tron-o-matic 3 Pro,Chicago_01,2024-12-06,50.37538168192694,55.156334626534914,60.07304831935416,55.29127480186294
Tron-o-matic 3 Pro,Chicago_01,2024-12-07,57.72145597012469,62.217315136544336,67.77400257873018,62.279758679284896
Tron-o-matic 3 Pro,Chicago_01,2024-12-08,91.42580813079923,95.4149171669853,100.38242996273594,95.7818058811934
Tron-o-matic 3 Pro,Chicago_01,2024-12-09,51.211526726350186,56.320478349674985,60.624781439937685,56.122672326641975
Tron-o-matic 3 Pro,Chicago_01,2024-12-10,79.80419897565089,84.58858456890762,88.83752658767293,84.44914984750847
Tron-o-matic 3 Pro,Chicago_01,2024-12-11,49.815347447890275,55.68850834901861,60.71046553162863,55.99861287467531
Tron-o-matic 3 Pro,Chicago_01,2024-12-12,50.79243217669562,55.45339266912566,60.58358537656672,55.43723577263713
Tron-o-matic 3 Pro,Chicago_01,2024-12-13,63.03522451145737,69.3701050170199,73.45398089501245,68.87868958624644
Tron-o-matic 3 Pro,Chicago_01,2024-12-14,52.498581334744244,57.26793945751778,62.09396945058077,57.09581951781801
Tron-o-matic 3 Pro,Chicago_01,2024-12-15,90.38315507255484,95.08903966694797,100.7886525570029,95.25668168385842
Tron-o-matic 3 Pro,Chicago_01,2024-12-16,57.34995722167583,63.42924659825892,68.43739699440765,62.970603539671956
Tron-o-matic 3 Pro,Chicago_01,2024-12-17,50.03033411224281,54.42367102094783,59.520261408777294,54.64156611045031
Tron-o-matic 3 Pro,Chicago_01,2024-12-18,58.47740320055685,63.08489378244567,67.16798116433,63.00227108357081
Tron-o-matic 3 Pro,Chicago_01,2024-12-19,67.20524916410741,72.45397145171881,76.4653294921916,72.07133710963983
Tron-o-matic 3 Pro,Chicago_01,2024-12-20,49.958764834922384,55.105553932733464,60.64546195874977,55.33947164222023
Tron-o-matic 3 Pro,Chicago_01,2024-12-21,69.98081508264279,73.94779308922811,78.10128962132555,73.99217243836056
Tron-o-matic 3 Pro,Chicago_01,2024-12-22,90.57894635788489,95.8003263663223,101.27970295550746,95.84423833192496
Tron-o-matic 3 Pro,Chicago_01,2024-12-23,68.39375655153741,73.59538093495205,79.19648496365396,73.56462966350571
Tron-o-matic 3 Pro,Chicago_01,2024-12-24,51.0452531775148,55.62409230927165,59.27923495556562,55.37193882946927
Tron-o-matic 3 Pro,Chicago_01,2024-12-25,49.57111222226541,55.41543026488594,61.59975884702905,55.691052177889496
Tron-o-matic 3 Pro,Chicago_01,2024-12-26,51.75308025118315,56.04570688942193,61.69270763274262,56.37918391346205
Tron-o-matic 3 Pro,Chicago_01,2024-12-27,51.22375271436141,55.341457183072336,60.29805505500105,55.614069135710515
Tron-o-matic 3 Pro,Chicago_01,2024-12-28,52.06240604669627,57.783510637113906,63.808249203254135,57.51962641584366
Tron-o-matic 3 Pro,Chicago_01,2024-12-29,62.150482323553085,67.60084243403601,72.49004499253468,67.60762011212428
Tron-o-matic 3 Pro,Chicago_01,2024-12-30,52.109966280675266,57.606152808098976,63.23771486312532,57.58909769046734
Tron-o-matic 3 Pro,Chicago_01,2024-12-31,61.34021920965685,67.20030519670952,72.5997454134638,66.87521297089317
Tron-o-matic 3 Pro,LosAngeles_01,2024-10-01,74.37849315557786,80.3011182171349,87.25291910123542,80.45627818329774
Tron-o-matic 3 Pro,LosAngeles_01,2024-10-02,75.22344635529944,81.46385306198616,88.55947842164382,81.52658762661972
Tron-o-matic 3 Pro,LosAngeles_01,2024-10-03,73.76397370594906,80.71602457243412,88.26363658564374,80.67286038839303
Tron-o-matic 3 Pro,LosAngeles_01,2024-10-04,120.11673491139307,127.2822955276528,133.99468354312285,127.04090866431379
Tron-o-matic 3 Pro,LosAngeles_01,2024-10-05,75.27628537779661,81.535105371605,87.58389041850673,81.36896190609689
Tron-o-matic 3 Pro,LosAngeles_01,2024-10-06,75.12041048298796,80.99734543857903,86.45739023291216,80.6306505513167
Tron-o-matic 3 Pro,LosAngeles_01,2024-10-07,84.95425235548372,91.16713344977892,99.41242308946724,91.62469443812043
Tron-o-matic 3 Pro,LosAngeles_01,2024-10-08,74.20176704860975,80.9552513073228,87.19622372741573,80.7530304993838
Tron-o-matic 3 Pro,LosAngeles_01,2024-10-09,89.71966633299871,95.4694647069544,101.1065099281817,95.4642310787946
Tron-o-matic 3 Pro,LosAngeles_01,2024-10-10,74.15997302953923,81.09651179083966,86.56659826176538,80.8348475528925
Tron-o-matic 3 Pro,LosAngeles_01,2024-10-11,74.70006634076015,79.86220524624702,85.8016696346663,80.41079769471044
Tron-o-matic 3 Pro,LosAngeles_01,2024-10-12,74.07632558091238,81.96980108616908,88.02234452179361,81.62328857600365
Tron-o-matic 3 Pro,LosAngeles_01,2024-10-13,74.79152632850719,81.50218878558027,87.95854562559545,81.26983266097884
Tron-o-matic 3 Pro,LosAngeles_01,2024-10-14,74.5466690778353,80.57155273460242,86.94691318859387,80.9093435260988
Tron-o-matic 3 Pro,LosAngeles_01,2024-10-15,73.60688837255437,79.69032801273453,86.51720304529803,80.17349746539797
Tron-o-matic 3 Pro,LosAngeles_01,2024-10-16,73.0614756259495,80.80491170595545,85.48197366209787,80.0611545257682
Tron-o-matic 3 Pro,LosAngeles_01,2024-10-17,72.5280077614528,79.71658544744368,86.2332638832423,79.29430467703831
Tron-o-matic 3 Pro,LosAngeles_01,2024-10-18,70.70326620897796,78.54565448720533,84.75687479323595,78.16192361261291
Tron-o-matic 3 Pro,LosAngeles_01,2024-10-19,73.36418988310683,80.74454400885358,85.82818591184461,80.2066250269385
Tron-o-matic 3 Pro,LosAngeles_01,2024-10-20,111.63344695321481,116.24572831706531,123.20043855590873,116.78744423762731
Tron-o-matic 3 Pro,LosAngeles_01,2024-10-21,81.59928659771934,88.11826884515045,94.39912440893188,87.90918853696297
Tron-o-matic 3 Pro,LosAngeles_01,2024-10-22,90.48511105837564,97.62242896114071,101.90113186198755,96.85772242894518
Tron-o-matic 3 Pro,LosAngeles_01,2024-10-23,93.23818119409917,101.33472340808817,108.90596089847007,100.93073356566387
Tron-o-matic 3 Pro,LosAngeles_01,2024-10-24,71.62740174113264,77.30305762960036,83.98380856713247,77.58933902515402
Tron-o-matic 3 Pro,LosAngeles_01,2024-10-25,122.49088343283384,127.49500578030015,135.16979960933404,127.63591104403517
Tron-o-matic 3 Pro,LosAngeles_01,2024-10-26,81.78271493053927,89.12475785853795,94.4484486397074,88.45080320895096
Tron-o-matic 3 Pro,LosAngeles_01,2024-10-27,69.4227478454905,76.78698686104752,85.1872522705455,77.28573231547071
Tron-o-matic 3 Pro,LosAngeles_01,2024-10-28,83.69502665436124,92.78599695241718,98.66982904694511,91.8601481276854
Tron-o-matic 3 Pro,LosAngeles_01,2024-10-29,71.27056026580618,76.49234191538156,81.11946480428276,76.12450599183222
Tron-o-matic 3 Pro,LosAngeles_01,2024-10-30,116.95976272991591,124.83727421071548,130.93351952025853,124.6419631292183
Tron-o-matic 3 Pro,LosAngeles_01,2024-10-31,67.75002402498114,75.15034015065761,82.08213709120287,74.84826142883145
Tron-o-matic 3 Pro,LosAngeles_01,2024-11-01,91.75280032791325,97.62986222235435,102.7312264170069,97.16531738369363
Tron-o-matic 3 Pro,LosAngeles_01,2024-11-02,67.62534675245968,74.5970279789244,80.7889648448301,74.58563926787424
Tron-o-matic 3 Pro,LosAngeles_01,2024-11-03,67.04519354710622,74.24914112613779,80.37756414561368,73.72221826512
Tron-o-matic 3 Pro,LosAngeles_01,2024-11-04,67.27418815992318,74.94779850976703,80.6665686282038,74.62276537402562
Tron-o-matic 3 Pro,LosAngeles_01,2024-11-05,68.25154007139771,73.73968160000828,80.34648898702525,73.91775665172624
Tron-o-matic 3 Pro,LosAngeles_01,2024-11-06,66.64691403932754,72.50533236137223,79.07527382425451,73.13023645884276
Tron-o-matic 3 Pro,LosAngeles_01,2024-11-07,68.20812240995231,74.34184161476968,80.71293944124542,74.11350377414715
Tron-o-matic 3 Pro,LosAngeles_01,2024-11-08,81.82113693138928,87.00513294438754,93.86703374035746,87.4400338520881
Tron-o-matic 3 Pro,LosAngeles_01,2024-11-09,111.30548307513199,118.199191017304,124.09762384515591,117.804382446435
Tron-o-matic 3 Pro,LosAngeles_01,2024-11-10,65.66597314646323,72.6024115803605,78.45390514401609,72.17900383897152
Tron-o-matic 3 Pro,LosAngeles_01,2024-11-11,64.9929699304407,72.39058163216787,78.14910410897733,72.12723328562984
Tron-o-matic 3 Pro,LosAngeles_01,2024-11-12,112.99562938484877,119.40554966036314,125.53162702610126,119.44832766412301
Tron-o-matic 3 Pro,LosAngeles_01,2024-11-13,65.05554190516678,71.3680067782766,78.5574005907706,71.64435920136506
Tron-o-matic 3 Pro,LosAngeles_01,2024-11-14,64.52162196702004,71.94304420177966,78.19408372460255,71.34776237578987
Tron-o-matic 3 Pro,LosAngeles_01,2024-11-15,66.68803980826019,71.56176666573398,78.55279139387565,71.87761124196679
Tron-o-matic 3 Pro,LosAngeles_01,2024-11-16,64.40096080316161,72.32640314282818,77.8278009883439,71.7651618754246
Tron-o-matic 3 Pro,LosAngeles_01,2024-11-17,63.89196515036812,72.07049073970346,77.90618663237377,71.67171037475623
Tron-o-matic 3 Pro,LosAngeles_01,2024-11-18,83.02497419500135,87.98673675166901,95.12333862969435,88.76018770383233
Tron-o-matic 3 Pro,LosAngeles_01,2024-11-19,65.28690866117606,71.79791445893008,78.20939619940269,72.0432377723243
Tron-o-matic 3 Pro,LosAngeles_01,2024-11-20,79.25367889018936,85.92060117144645,91.19357923281709,85.27326132609289
Tron-o-matic 3 Pro,LosAngeles_01,2024-11-21,106.17948744858872,112.56818343095975,118.51169167056776,112.45974533977795
Tron-o-matic 3 Pro,LosAngeles_01,2024-11-22,73.63237611814564,79.88554775010212,85.982833372596,80.15284496931828
Tron-o-matic 3 Pro,LosAngeles_01,2024-11-23,65.18301320283896,71.8252365505307,77.32099683121012,71.41777979846069
Tron-o-matic 3 Pro,LosAngeles_01,2024-11-24,64.74057753681572,71.10271711548324,78.564401102559,70.99921804203828
Tron-o-matic 3 Pro,LosAngeles_01,2024-11-25,64.55023754552421,70.59484238487602,77.6313952797282,70.72495221988275
Tron-o-matic 3 Pro,LosAngeles_01,2024-11-26,75.04920658437966,82.59917269531695,88.42565112164063,82.08691597575931
Tron-o-matic 3 Pro,LosAngeles_01,2024-11-27,106.82157018623465,112.8032986900568,119.07844147357534,113.09129838007712
Tron-o-matic 3 Pro,LosAngeles_01,2024-11-28,65.70212916762645,72.21834314033768,78.49730469570258,72.0393023251126
Tron-o-matic 3 Pro,LosAngeles_01,2024-11-29,116.67102529313692,123.50140540138625,129.98534800831197,123.38292687653885
Tron-o-matic 3 Pro,LosAngeles_01,2024-11-30,66.04619033451154,71.93640266319689,78.20786576190999,72.05004318934321
Tron-o-matic 3 Pro,LosAngeles_01,2024-12-01,108.43712358093661,115.12236081044563,121.246857514062,114.47309082238499
Tron-o-matic 3 Pro,LosAngeles_01,2024-12-02,66.03637358465193,72.51534341818093,78.19286470461607,72.18356616368513
Tron-o-matic 3 Pro,LosAngeles_01,2024-12-03,66.72982661522082,71.69465597115651,79.16141298009293,72.21416181744294
Tron-o-matic 3 Pro,LosAngeles_01,2024-12-04,99.43967369100208,106.47146853833405,113.55602564310504,106.21963712681625
Tron-o-matic 3 Pro,LosAngeles_01,2024-12-05,65.65812210320478,72.65383783303298,77.86741971178454,72.08161737669681
Tron-o-matic 3 Pro,LosAngeles_01,2024-12-06,65.1485594101121,72.3290585541458,77.90185613990644,71.96075608508116
Tron-o-matic 3 Pro,LosAngeles_01,2024-12-07,74.27975721858499,81.49364310556943,87.30126575875074,80.6534376363888
Tron-o-matic 3 Pro,LosAngeles_01,2024-12-08,115.51036336708839,123.5204348903844,131.3299226782545,123.48983551588215
Tron-o-matic 3 Pro,LosAngeles_01,2024-12-09,65.22800365108878,72.95505267030667,80.57153270397689,72.62797432107259
Tron-o-matic 3 Pro,LosAngeles_01,2024-12-10,102.035743683672,109.06790012151335,115.52290151880422,108.91592698349152
Tron-o-matic 3 Pro,LosAngeles_01,2024-12-11,65.52569355313344,72.2173762454544,78.8410838978516,72.29895118342485
Tron-o-matic 3 Pro,LosAngeles_01,2024-12-12,63.96973693348673,71.51440847171466,78.4204040523344,71.16536967310596
Tron-o-matic 3 Pro,LosAngeles_01,2024-12-13,83.15427128597413,89.30296496096712,95.29912768397357,89.37396635423744
Tron-o-matic 3 Pro,LosAngeles_01,2024-12-14,65.97101026222701,71.2425417318707,78.3063108651938,71.61587875535818
Tron-o-matic 3 Pro,LosAngeles_01,2024-12-15,116.21282971828076,122.1262775052147,128.55471179770566,122.35917254586559
Tron-o-matic 3 Pro,LosAngeles_01,2024-12-16,73.90196734317577,80.79515404854577,87.08279391577622,80.47256199189742
Tron-o-matic 3 Pro,LosAngeles_01,2024-12-17,65.64491661224372,72.37589244234768,78.27249296137126,72.28803691127801
Tron-o-matic 3 Pro,LosAngeles_01,2024-12-18,74.52935496536536,82.50812505716598,87.64308628389962,81.5281496421417
Tron-o-matic 3 Pro,LosAngeles_01,2024-12-19,86.4454503871323,92.92696629467113,98.3783001739745,92.61411276897793
Tron-o-matic 3 Pro,LosAngeles_01,2024-12-20,65.6732882685789,71.7688284298069,77.61015972951066,71.48265178366442
Tron-o-matic 3 Pro,LosAngeles_01,2024-12-21,87.89417405296197,94.58224827171158,100.73575632371455,94.45407949468536
Tron-o-matic 3 Pro,LosAngeles_01,2024-12-22,117.034662287136,122.91430393056075,131.2892471263046,123.73337257326959
Tron-o-matic 3 Pro,LosAngeles_01,2024-12-23,87.82248546273287,95.68617173417395,102.05848207534527,95.47202717770408
Tron-o-matic 3 Pro,LosAngeles_01,2024-12-24,66.41007769786228,72.7559948724067,79.60363116146496,72.90254605316397
Tron-o-matic 3 Pro,LosAngeles_01,2024-12-25,66.63903872663477,72.4015514013644,78.71963183841147,72.46426711723963
Tron-o-matic 3 Pro,LosAngeles_01,2024-12-26,64.80059069658616,72.61705338068458,78.27611940284761,72.3511188494585
Tron-o-matic 3 Pro,LosAngeles_01,2024-12-27,67.40192399544895,72.42211991973394,79.2445054019113,72.84958893608074
Tron-o-matic 3 Pro,LosAngeles_01,2024-12-28,66.90244622044524,73.15661984680055,79.37338512587341,72.98582455982485
Tron-o-matic 3 Pro,LosAngeles_01,2024-12-29,80.38634293492079,87.10320693501653,94.30573302972692,87.40523475963904
Tron-o-matic 3 Pro,LosAngeles_01,2024-12-30,67.28312196426513,73.44390757006502,80.27566311731024,73.43815195629665
Tron-o-matic 3 Pro,LosAngeles_01,2024-12-31,80.5929630550341,87.16286146374819,94.5092363690199,87.00576710858441
Tron-o-matic 3 Pro,Atlanta_01,2024-10-01,36.16908825170646,38.99235102501319,42.767572751058374,39.2103428941065
Tron-o-matic 3 Pro,Atlanta_01,2024-10-02,36.04028446399117,38.946670446171474,42.48718255961414,39.129062128672054
Tron-o-matic 3 Pro,Atlanta_01,2024-10-03,34.84837467499356,38.14217958733692,41.288426833814654,38.1798521069335
Tron-o-matic 3 Pro,Atlanta_01,2024-10-04,58.67012489961986,61.9703491635869,64.62622899208601,61.81221501960846
Tron-o-matic 3 Pro,Atlanta_01,2024-10-05,36.320582691611875,39.30236940373601,42.37009237461553,39.222524269629886
Tron-o-matic 3 Pro,Atlanta_01,2024-10-06,35.09596215612475,38.6376391430319,42.12386612675694,38.585605812843454
Tron-o-matic 3 Pro,Atlanta_01,2024-10-07,40.845126439238136,44.36309703921881,46.879097295549784,44.13689940041366
Tron-o-matic 3 Pro,Atlanta_01,2024-10-08,34.99066658317695,38.73519204149533,42.880118151544096,38.83861935323701
Tron-o-matic 3 Pro,Atlanta_01,2024-10-09,42.971223396512656,46.51595254931217,49.09935867209286,46.28872606341528
Tron-o-matic 3 Pro,Atlanta_01,2024-10-10,35.50771634143384,38.38693241742527,42.0014787504633,38.52272881485027
Tron-o-matic 3 Pro,Atlanta_01,2024-10-11,35.63816268080352,39.59344370075431,42.12846572671198,39.0617079573665
Tron-o-matic 3 Pro,Atlanta_01,2024-10-12,35.8332606825875,39.05681436552684,41.73203660991188,38.81523357738298
Tron-o-matic 3 Pro,Atlanta_01,2024-10-13,36.05592518004655,38.745671490095646,42.33675189473324,38.897254445545556
Tron-o-matic 3 Pro,Atlanta_01,2024-10-14,35.40569565687136,38.79693050577637,42.17548320433324,38.67973684250509
Tron-o-matic 3 Pro,Atlanta_01,2024-10-15,35.069054935371085,38.51885058750761,41.41643141451329,38.35024250751839
Tron-o-matic 3 Pro,Atlanta_01,2024-10-16,36.122598866341015,38.73614143301417,41.57687474312934,38.825355903098085
Tron-o-matic 3 Pro,Atlanta_01,2024-10-17,34.89917588311648,38.34553278070363,41.54045439192452,38.29420154922958
Tron-o-matic 3 Pro,Atlanta_01,2024-10-18,35.059288300015304,38.99843431493186,41.35902128675689,38.530392719660654
Tron-o-matic 3 Pro,Atlanta_01,2024-10-19,35.62221334565359,38.126736002340586,42.99428031402037,38.60442063996785
Tron-o-matic 3 Pro,Atlanta_01,2024-10-20,53.62008233958446,56.993667330750846,60.56153826097461,57.02748214127061
Tron-o-matic 3 Pro,Atlanta_01,2024-10-21,39.132432293303616,42.543443535560556,45.51696414140259,42.40575329410288
Tron-o-matic 3 Pro,Atlanta_01,2024-10-22,43.91187099321351,46.9527922541688,50.021082098081266,46.86922410493976
Tron-o-matic 3 Pro,Atlanta_01,2024-10-23,44.86475710631707,49.65001777039656,52.407161908946634,49.14124523387634
Tron-o-matic 3 Pro,Atlanta_01,2024-10-24,34.39594459394573,37.93354184779025,41.3805457591398,37.825531913077505
Tron-o-matic 3 Pro,Atlanta_01,2024-10-25,58.6469841583504,62.30459855468628,66.1137660655821,62.35823711947494
Tron-o-matic 3 Pro,Atlanta_01,2024-10-26,40.08224095103583,42.80543493928265,45.61337776685386,42.797293612180574
Tron-o-matic 3 Pro,Atlanta_01,2024-10-27,33.55325307612432,37.27820924269545,40.032302580705654,37.052831946324424
Tron-o-matic 3 Pro,Atlanta_01,2024-10-28,40.45690852568898,43.789896716959156,46.81469154479045,43.754731486791655
Tron-o-matic 3 Pro,Atlanta_01,2024-10-29,33.62288300322787,36.83585334320804,40.02345839752976,36.817492241776584
Tron-o-matic 3 Pro,Atlanta_01,2024-10-30,57.4747492499954,60.27654517040785,64.24040438072218,60.488914974820055
Tron-o-matic 3 Pro,Atlanta_01,2024-10-31,32.79707159569832,35.77832204592975,39.655477011311575,35.99857663011956
Tron-o-matic 3 Pro,Atlanta_01,2024-11-01,43.357536174083066,46.54585934695275,49.380506871949976,46.53292236654452
Tron-o-matic 3 Pro,Atlanta_01,2024-11-02,33.12559567573076,35.99104411703832,38.89324039493123,36.02611724899302
Tron-o-matic 3 Pro,Atlanta_01,2024-11-03,33.14747849183224,36.08471423144696,39.42564590767918,35.97258625738059
Tron-o-matic 3 Pro,Atlanta_01,2024-11-04,31.845433423395594,35.22575647738623,38.484736655827454,35.24441773553423
Tron-o-matic 3 Pro,Atlanta_01,2024-11-05,30.98053964866529,35.26322486045104,38.0800771824769,34.87758313498125
Tron-o-matic 3 Pro,Atlanta_01,2024-11-06,32.52780496615861,35.205651933659134,37.8380392634463,35.13709748409601
Tron-o-matic 3 Pro,Atlanta_01,2024-11-07,31.774300128792966,35.00136525905933,37.9171097639675,35.03513421377315
Tron-o-matic 3 Pro,Atlanta_01,2024-11-08,38.59956251133312,42.021711306179256,46.027832595857745,42.09395764148166
Tron-o-matic 3 Pro,Atlanta_01,2024-11-09,52.98269544576045,56.2229598340251,59.311227903386815,56.1490611165058
Tron-o-matic 3 Pro,Atlanta_01,2024-11-10,31.005205697144095,34.29345823526365,36.9396268462192,34.08407402047368
Tron-o-matic 3 Pro,Atlanta_01,2024-11-11,30.80627345426464,34.252568477996874,37.75177523207737,34.3327697726813
Tron-o-matic 3 Pro,Atlanta_01,2024-11-12,55.127072047226626,58.28893519679794,61.92034784398631,58.26919231074014
Tron-o-matic 3 Pro,Atlanta_01,2024-11-13,31.3196775591997,34.56925815748661,36.86776286409207,34.15186544749001
Tron-o-matic 3 Pro,Atlanta_01,2024-11-14,29.97272388204192,33.88323463377809,37.11715582043728,33.675783998613696
Tron-o-matic 3 Pro,Atlanta_01,2024-11-15,30.73336004060652,34.63989280293935,37.22193670531252,34.34458304422879
Tron-o-matic 3 Pro,Atlanta_01,2024-11-16,31.018856008481098,34.03933922829743,37.67055560365504,34.11399930676002
Tron-o-matic 3 Pro,Atlanta_01,2024-11-17,30.073523321414804,33.930753653777614,36.80267381682582,33.687581163581534
Tron-o-matic 3 Pro,Atlanta_01,2024-11-18,39.018820238173845,42.62972416491641,45.94644895208089,42.39561524135179
Tron-o-matic 3 Pro,Atlanta_01,2024-11-19,30.458123793963498,33.60753371380692,36.71288341946616,33.570318627586076
Tron-o-matic 3 Pro,Atlanta_01,2024-11-20,38.16340999039272,41.16488108237529,44.103477020834084,40.87246497736513
Tron-o-matic 3 Pro,Atlanta_01,2024-11-21,50.99911955782638,54.1189187192031,57.11377907958455,53.808166621278275
Tron-o-matic 3 Pro,Atlanta_01,2024-11-22,35.050510992534804,38.36149416701654,43.19635837655644,38.713065301540425
Tron-o-matic 3 Pro,Atlanta_01,2024-11-23,30.479618956588535,33.56105621075735,37.727134494631756,33.76844974688386
Tron-o-matic 3 Pro,Atlanta_01,2024-11-24,31.316143259968733,34.51799399913037,37.58584028810688,34.41649820002508
Tron-o-matic 3 Pro,Atlanta_01,2024-11-25,30.649817504069873,34.43682131205178,37.465342194222025,34.20349762607075
Tron-o-matic 3 Pro,Atlanta_01,2024-11-26,36.336172229799274,39.77136757684286,42.724885846032464,39.597032400596845
Tron-o-matic 3 Pro,Atlanta_01,2024-11-27,52.02945588682901,55.17047442826063,58.763416819542876,55.11389120449592
Tron-o-matic 3 Pro,Atlanta_01,2024-11-28,30.65118505681113,34.3354665374028,37.101137393391106,34.28984884871999
Tron-o-matic 3 Pro,Atlanta_01,2024-11-29,56.43040482565015,59.77397991030232,62.90125767492539,59.63384517159654
Tron-o-matic 3 Pro,Atlanta_01,2024-11-30,31.886269204116335,34.8252816529611,37.77019643485193,34.873279548913715
Tron-o-matic 3 Pro,Atlanta_01,2024-12-01,51.96556501048756,55.292408659884224,58.057209521098734,55.05447944023986
Tron-o-matic 3 Pro,Atlanta_01,2024-12-02,31.707804556425017,34.81515161734558,38.324608429667755,34.935954123608
Tron-o-matic 3 Pro,Atlanta_01,2024-12-03,31.253383888411385,34.47879927909682,37.90707508000892,34.428822058440055
Tron-o-matic 3 Pro,Atlanta_01,2024-12-04,48.065573074962636,51.103786704621,54.699753292500475,51.09116446859968
Tron-o-matic 3 Pro,Atlanta_01,2024-12-05,30.935983881734415,34.379100041059445,37.87341490830655,34.28172215868708
Tron-o-matic 3 Pro,Atlanta_01,2024-12-06,31.41623876275976,35.07092298851838,37.72456324408562,34.7351740014471
Tron-o-matic 3 Pro,Atlanta_01,2024-12-07,36.026004279767356,39.393218524460444,42.12139176169943,38.997634172398676
Tron-o-matic 3 Pro,Atlanta_01,2024-12-08,55.65580326799903,59.08752506470741,62.73207254921866,59.25846192270228
Tron-o-matic 3 Pro,Atlanta_01,2024-12-09,31.95494870403021,35.17963391566351,38.622613758897806,35.18570911220139
Tron-o-matic 3 Pro,Atlanta_01,2024-12-10,48.913510074590036,52.741723167240835,55.1371103340542,52.43143046096014
Tron-o-matic 3 Pro,Atlanta_01,2024-12-11,30.565049714702884,34.861603295298295,38.760631945029445,34.926201823255795
Tron-o-matic 3 Pro,Atlanta_01,2024-12-12,30.74285626589837,34.547511634038926,37.59551653346655,34.43017808071024
Tron-o-matic 3 Pro,Atlanta_01,2024-12-13,40.31633052333849,43.520372405582,46.610256417955114,43.69736856414741
Tron-o-matic 3 Pro,Atlanta_01,2024-12-14,31.221515293949473,34.41989038333499,37.11403633497632,34.18977144821324
Tron-o-matic 3 Pro,Atlanta_01,2024-12-15,56.02803083886708,58.89181101155031,61.80281407641646,58.93555813838721
Tron-o-matic 3 Pro,Atlanta_01,2024-12-16,35.853618183167875,38.91628081231964,42.38417477283279,38.985615209037775
Tron-o-matic 3 Pro,Atlanta_01,2024-12-17,31.162192285826055,34.311821159503396,37.79653543723226,34.31653055302578
Tron-o-matic 3 Pro,Atlanta_01,2024-12-18,35.60517338533837,38.79376429845962,42.95130628326186,39.09739366562572
Tron-o-matic 3 Pro,Atlanta_01,2024-12-19,42.24593333518319,45.32964930381226,47.84291684983061,45.14670178025433
Tron-o-matic 3 Pro,Atlanta_01,2024-12-20,31.23241171739104,34.51876124172482,37.45438526915456,34.42884554140594
Tron-o-matic 3 Pro,Atlanta_01,2024-12-21,43.26636685427593,45.60367914784539,49.50275190141202,45.88711465747149
Tron-o-matic 3 Pro,Atlanta_01,2024-12-22,56.86061671990621,59.78029255326556,63.117627097503274,59.75160285532595
Tron-o-matic 3 Pro,Atlanta_01,2024-12-23,42.90717782152278,45.78082872508576,48.32039414065231,45.81736862682006
Tron-o-matic 3 Pro,Atlanta_01,2024-12-24,31.544631505193273,35.06251839387321,38.221172774721886,34.919308593598274
Tron-o-matic 3 Pro,Atlanta_01,2024-12-25,31.978390188518595,34.90200926159621,38.14147932975821,34.90585937523568
Tron-o-matic 3 Pro,Atlanta_01,2024-12-26,31.7754355922807,35.03168483517585,38.040265773920936,34.865493482703855
Tron-o-matic 3 Pro,Atlanta_01,2024-12-27,31.86360837890015,35.49222477641024,38.119776495878995,35.15227483684099
Tron-o-matic 3 Pro,Atlanta_01,2024-12-28,32.1764028218719,35.32150656585888,38.415011979161875,35.30153603918961
Tron-o-matic 3 Pro,Atlanta_01,2024-12-29,38.99022135877841,42.01090048685049,44.45248087126663,41.80046627541922
Tron-o-matic 3 Pro,Atlanta_01,2024-12-30,31.66865172604848,35.35084569423116,38.878192790894595,35.251305705900194
Tron-o-matic 3 Pro,Atlanta_01,2024-12-31,39.10528731038632,42.33334674380899,45.17247698746515,42.107250278651726
Tron-o-matic 2,Philadelphia_01,2024-10-01,41.10233097262088,47.21750100026316,52.664157798125906,46.79934899984712
Tron-o-matic 2,Philadelphia_01,2024-10-02,41.355153092820686,45.779482392037515,51.928477652006556,45.9730512680506
Tron-o-matic 2,Philadelphia_01,2024-10-03,40.996097412345634,46.21253896521581,53.25256906811016,46.510574177110094
Tron-o-matic 2,Philadelphia_01,2024-10-04,39.00143344013459,46.82020091226205,52.270106603630694,46.445163577854636
Tron-o-matic 2,Philadelphia_01,2024-10-05,39.9799631982603,46.36473518424994,51.02845376710132,45.90891842707532
Tron-o-matic 2,Philadelphia_01,2024-10-06,39.2488570725954,46.64414905617629,51.900694720379406,46.24095847677306
Tron-o-matic 2,Philadelphia_01,2024-10-07,83.8543638767008,90.3582446294989,96.43838261063553,90.02075418723533
Tron-o-matic 2,Philadelphia_01,2024-10-08,39.0345201879147,46.12232393146619,50.50111334780999,45.504362027180704
Tron-o-matic 2,Philadelphia_01,2024-10-09,55.524007732498,60.77465383353573,66.70075166413474,60.94258454704144
Tron-o-matic 2,Philadelphia_01,2024-10-10,68.46524810913647,74.52534306378135,80.13326072236225,74.57549735947578
Tron-o-matic 2,Philadelphia_01,2024-10-11,105.01722932626106,111.77283818309516,117.69508998174408,111.29205276307401
Tron-o-matic 2,Philadelphia_01,2024-10-12,41.16937192009082,46.05207876316592,51.01648369356934,45.7794967604601
Tron-o-matic 2,Philadelphia_01,2024-10-13,37.952310534141326,44.37212820307487,50.15757081384165,43.965899492481824
Tron-o-matic 2,Philadelphia_01,2024-10-14,38.79380552381965,44.748673953901104,51.41104864184872,44.68134106540802
Tron-o-matic 2,Philadelphia_01,2024-10-15,37.7992958086416,45.1724873311192,49.88541200915144,44.56590245231174
Tron-o-matic 2,Philadelphia_01,2024-10-16,40.198711317678274,45.882073398086824,51.255362829821024,45.30139055387443
Tron-o-matic 2,Philadelphia_01,2024-10-17,60.65107052156777,66.27388464266863,72.59747410164869,66.6519816413171
Tron-o-matic 2,Philadelphia_01,2024-10-18,37.60332284201929,43.41706986639695,49.74227840823659,43.57277321274377
Tron-o-matic 2,Philadelphia_01,2024-10-19,51.09935579068737,56.65515011710496,62.2129157565889,56.339668833336155
Tron-o-matic 2,Philadelphia_01,2024-10-20,37.57315561193165,44.07672602514513,49.332289723442,43.89341591685789
Tron-o-matic 2,Philadelphia_01,2024-10-21,89.27428813822222,95.48682339109413,101.0170443944706,95.16074661903063
Tron-o-matic 2,Philadelphia_01,2024-10-22,36.47311349509225,44.24052403427479,49.21054083346277,43.834171954887985
Tron-o-matic 2,Philadelphia_01,2024-10-23,104.88705319811108,110.73819242981352,117.80492968376697,110.7928771729512
Tron-o-matic 2,Philadelphia_01,2024-10-24,88.33646735724352,93.89652352149844,99.74537490570296,93.87528878158149
Tron-o-matic 2,Philadelphia_01,2024-10-25,36.39043818045502,42.1873285246547,47.3036920654207,41.968345617925124
Tron-o-matic 2,Philadelphia_01,2024-10-26,104.27752856213509,109.52388089067492,117.43124662052244,110.28749808973245
Tron-o-matic 2,Philadelphia_01,2024-10-27,67.41208534384666,73.76077440516973,78.72040827095202,73.17776209325089
Tron-o-matic 2,Philadelphia_01,2024-10-28,50.8624983859019,55.00501091104763,60.87268239358742,55.2795527902505
Tron-o-matic 2,Philadelphia_01,2024-10-29,102.20690439779169,109.60226884017565,115.69237951027273,109.45427013126734
Tron-o-matic 2,Philadelphia_01,2024-10-30,45.92243063955436,52.462952619524515,58.59389481173534,52.23724876899742
Tron-o-matic 2,Philadelphia_01,2024-10-31,35.59424511663109,42.49778849747868,47.410928464470416,42.01326057656674
Tron-o-matic 2,Philadelphia_01,2024-11-01,55.5626445022162,61.37551865653631,67.091544308553,61.46467434942572
Tron-o-matic 2,Philadelphia_01,2024-11-02,35.213194143445826,41.141933157717354,46.747320307201846,40.9315092406229
Tron-o-matic 2,Philadelphia_01,2024-11-03,33.76124689423394,41.36860971866827,47.6453648388077,41.24317487810578
Tron-o-matic 2,Philadelphia_01,2024-11-04,34.81469300586336,40.224958390607696,45.1543368191909,40.1806631159243
Tron-o-matic 2,Philadelphia_01,2024-11-05,35.23754017270563,41.376180347036396,46.40254141041017,41.049224892784686
Tron-o-matic 2,Philadelphia_01,2024-11-06,56.468023716829904,63.08571536421827,68.8427419703986,62.79993083616797
Tron-o-matic 2,Philadelphia_01,2024-11-07,85.92851102000567,93.34016266933394,98.76820511265868,93.06770690133506
Tron-o-matic 2,Philadelphia_01,2024-11-08,78.66416034702601,84.39939913494918,88.52059267352753,84.01988707022491
Tron-o-matic 2,Philadelphia_01,2024-11-09,91.8858176080845,99.32126221065603,106.33906635734195,98.97930180569587
Tron-o-matic 2,Philadelphia_01,2024-11-10,32.28367008886789,39.401635705704635,44.52207479360983,38.93154950978228
Tron-o-matic 2,Philadelphia_01,2024-11-11,58.239704431003965,64.05148672491705,69.82341790847492,63.82755455801624
Tron-o-matic 2,Philadelphia_01,2024-11-12,34.0261067477136,40.486796435778736,45.06776354204014,39.848224724083764
Tron-o-matic 2,Philadelphia_01,2024-11-13,85.45892293763846,90.20396866407404,95.9463930902693,90.56153222032728
Tron-o-matic 2,Philadelphia_01,2024-11-14,55.01622427930352,60.811553441590284,67.56264358818765,60.73402986342502
Tron-o-matic 2,Philadelphia_01,2024-11-15,58.884423827046675,66.20265189630626,71.44810817969633,65.60017280520336
Tron-o-matic 2,Philadelphia_01,2024-11-16,32.36244469246849,37.81904436784065,42.91118153884989,37.799934569237024
Tron-o-matic 2,Philadelphia_01,2024-11-17,32.35409278692904,38.19763807503656,44.8912359205565,38.62336021086704
Tron-o-matic 2,Philadelphia_01,2024-11-18,83.19912728172986,88.73322628998044,95.43977706755277,89.05755900601675
Tron-o-matic 2,Philadelphia_01,2024-11-19,56.69668842586523,64.27035632220664,72.65860705170427,64.50338320817872
Tron-o-matic 2,Philadelphia_01,2024-11-20,33.42237609297939,38.27030601564403,44.97307002738615,38.68580151935356
Tron-o-matic 2,Philadelphia_01,2024-11-21,32.8634461566865,38.55300473916586,43.6242502649323,38.25131985720742
Tron-o-matic 2,Philadelphia_01,2024-11-22,84.00166002458839,90.74781509591936,96.9968261128233,90.65781689591185
Tron-o-matic 2,Philadelphia_01,2024-11-23,31.036610409345506,37.44624151862195,44.65858081048273,37.507228417784255
Tron-o-matic 2,Philadelphia_01,2024-11-24,31.376508352417865,36.989257104066326,43.386998418490066,37.39891705857434
Tron-o-matic 2,Philadelphia_01,2024-11-25,31.625008164934854,37.928772777201154,44.54165353072722,37.858817073718086
Tron-o-matic 2,Philadelphia_01,2024-11-26,31.37333888930285,38.91887213884845,44.16794952071006,38.35023937758564
Tron-o-matic 2,Philadelphia_01,2024-11-27,51.0509720009476,58.76212329042228,65.47072812447536,58.36446149452236
Tron-o-matic 2,Philadelphia_01,2024-11-28,79.0556636091799,84.7908064676213,90.89141677178995,85.06834376811429
Tron-o-matic 2,Philadelphia_01,2024-11-29,100.23861509452973,105.3232119894173,112.2931187613464,105.67454442056479
Tron-o-matic 2,Philadelphia_01,2024-11-30,32.65525336920037,37.26991072244294,44.136233521892606,37.809087787773215
Tron-o-matic 2,Philadelphia_01,2024-12-01,50.41502467287484,56.05437355701238,62.44997475565929,56.22201499513991
Tron-o-matic 2,Philadelphia_01,2024-12-02,31.337615956823868,38.512847699439845,43.96044212731654,38.0088408643697
Tron-o-matic 2,Philadelphia_01,2024-12-03,57.300153721108046,62.821135592602545,68.48079402146529,62.653083713947105
Tron-o-matic 2,Philadelphia_01,2024-12-04,31.304216997841863,37.66832913230175,43.188441789453876,37.21093244273971
Tron-o-matic 2,Philadelphia_01,2024-12-05,32.15600720130314,38.29440439697152,43.66953903298734,38.22743227052043
Tron-o-matic 2,Philadelphia_01,2024-12-06,50.124640853140164,55.844389929264274,61.78799447116647,55.86776270228672
Tron-o-matic 2,Philadelphia_01,2024-12-07,44.321161654674384,49.607112924504946,56.10522259667848,50.06173900918971
Tron-o-matic 2,Philadelphia_01,2024-12-08,31.85375722149128,38.35275232816504,44.19557436758211,37.95774282431434
Tron-o-matic 2,Philadelphia_01,2024-12-09,30.901514088555118,37.01325046335936,42.67615547773166,36.713473090063275
Tron-o-matic 2,Philadelphia_01,2024-12-10,95.02289256875925,102.28222335838056,108.19468243082076,101.81905132994596
Tron-o-matic 2,Philadelphia_01,2024-12-11,32.30338706430583,36.664858025888975,42.46927835303033,36.894456195183395
Tron-o-matic 2,Philadelphia_01,2024-12-12,48.071877745674115,53.998094822239786,59.90660305384359,53.69690431039355
Tron-o-matic 2,Philadelphia_01,2024-12-13,31.441388728932623,37.2922895282726,41.48034797573035,36.78202402625911
Tron-o-matic 2,Philadelphia_01,2024-12-14,29.67093813990109,36.925563474961244,42.89013127059175,36.97452886862632
Tron-o-matic 2,Philadelphia_01,2024-12-15,31.375421094240025,37.57209978937499,43.16236265897395,37.26999071623674
Tron-o-matic 2,Philadelphia_01,2024-12-16,56.95807812534066,64.00242817822765,68.72082659557489,63.237085687939555
Tron-o-matic 2,Philadelphia_01,2024-12-17,85.06657117833059,90.80819362949744,96.01266668933208,90.88439050204676
Tron-o-matic 2,Philadelphia_01,2024-12-18,30.783994132058037,36.6752329022882,43.305953384068076,36.76899072301967
Tron-o-matic 2,Philadelphia_01,2024-12-19,53.62441955195333,59.15521610217109,64.16810085309851,58.77398295421508
Tron-o-matic 2,Philadelphia_01,2024-12-20,30.373314044428447,37.25803073666806,43.085242156534456,36.82294974324213
Tron-o-matic 2,Philadelphia_01,2024-12-21,97.94620887347978,104.22809869153156,109.21007274365328,103.96170142710797
Tron-o-matic 2,Philadelphia_01,2024-12-22,31.85618377298603,37.47203460437918,43.360724523271294,37.867641097023785
Tron-o-matic 2,Philadelphia_01,2024-12-23,32.473795360548,38.33049253310919,45.582754219037426,38.393511562048005
Tron-o-matic 2,Philadelphia_01,2024-12-24,31.001043024253235,37.67107278445955,44.302824838008746,37.81371908703531
Tron-o-matic 2,Philadelphia_01,2024-12-25,32.873863610636405,37.2138654683824,42.64030472399226,37.48360289049768
Tron-o-matic 2,Philadelphia_01,2024-12-26,49.934930894064664,57.63699903456354,63.43816979925529,57.10909723220803
Tron-o-matic 2,Philadelphia_01,2024-12-27,58.57801184975803,64.6239649366937,69.4498799184366,64.47114406705384
Tron-o-matic 2,Philadelphia_01,2024-12-28,42.99272625863081,49.20510608007138,54.877154351374564,49.025291113751834
Tron-o-matic 2,Philadelphia_01,2024-12-29,59.96870588787057,66.60640708748087,72.44343885754496,66.63399813270021
Tron-o-matic 2,Philadelphia_01,2024-12-30,33.58341585770065,39.22744202109721,44.02997331460142,38.90077237330689
Tron-o-matic 2,Philadelphia_01,2024-12-31,32.541425933359804,39.4789361633562,45.83472715574022,39.38559895576804
Tron-o-matic 3 Pro,Dallas_01,2024-10-01,46.930111336109995,50.26940169080988,53.61587779390035,50.314557560119866
Tron-o-matic 3 Pro,Dallas_01,2024-10-02,46.11299393017124,50.941238332213494,55.43225060713392,50.8413576959638
Tron-o-matic 3 Pro,Dallas_01,2024-10-03,46.9467461649189,49.69736943373549,54.99738098440595,50.43424501313265
Tron-o-matic 3 Pro,Dallas_01,2024-10-04,75.2804341370986,79.87465325499998,83.98604788388802,79.70402456103972
Tron-o-matic 3 Pro,Dallas_01,2024-10-05,46.383677983200215,51.030498850907826,55.65113719101139,50.97600387152974
Tron-o-matic 3 Pro,Dallas_01,2024-10-06,46.32336689492969,50.59813312395671,54.205805167357454,50.444048600573126
Tron-o-matic 3 Pro,Dallas_01,2024-10-07,52.537094534672406,57.587446078284366,61.70330232344251,57.49779233831562
Tron-o-matic 3 Pro,Dallas_01,2024-10-08,47.27792530246215,51.392547198927076,55.37357347482943,51.23280848573031
Tron-o-matic 3 Pro,Dallas_01,2024-10-09,55.71795701117332,59.52204128047794,63.720967228519825,59.606534115257325
Tron-o-matic 3 Pro,Dallas_01,2024-10-10,46.09153298610127,50.08865908926503,54.222229522175134,50.2472782642325
Tron-o-matic 3 Pro,Dallas_01,2024-10-11,46.754555286988996,50.76402659262145,54.2534298720635,50.540229986432585
Tron-o-matic 3 Pro,Dallas_01,2024-10-12,47.585114594851994,50.51466277442394,54.82010473072059,50.924084299370705
Tron-o-matic 3 Pro,Dallas_01,2024-10-13,45.61882454986335,50.511218675286784,54.51359592585994,50.37188285985791
Tron-o-matic 3 Pro,Dallas_01,2024-10-14,47.33323282597649,50.55382860794258,55.14304735920527,50.82306634086269
Tron-o-matic 3 Pro,Dallas_01,2024-10-15,46.43951092529914,50.448676891463876,54.26086823506721,50.439411854977976
Tron-o-matic 3 Pro,Dallas_01,2024-10-16,46.63440707279656,50.47336649222597,54.59110297003018,50.60184262266155
Tron-o-matic 3 Pro,Dallas_01,2024-10-17,46.44040872518347,49.4671470314869,55.2168984932855,50.10398418576304
Tron-o-matic 3 Pro,Dallas_01,2024-10-18,45.6314859028627,49.539560329889596,54.264358277673914,49.81052428975714
Tron-o-matic 3 Pro,Dallas_01,2024-10-19,45.94930463672357,50.208386527388775,54.52947314280174,50.39368823866025
Tron-o-matic 3 Pro,Dallas_01,2024-10-20,69.47670184398024,73.81446432639011,77.14038333636589,73.3774455300128
Tron-o-matic 3 Pro,Dallas_01,2024-10-21,51.035665744289226,55.35699107377655,59.472364057125105,55.29378085508458
Tron-o-matic 3 Pro,Dallas_01,2024-10-22,56.63000782462816,60.8024976768333,65.57796446116957,60.79260975732964
Tron-o-matic 3 Pro,Dallas_01,2024-10-23,59.366271167568335,63.67787188509872,67.45191595211598,63.58361191227244
Tron-o-matic 3 Pro,Dallas_01,2024-10-24,44.83365190827638,49.227883359660325,53.937180007867326,49.17719955381338
Tron-o-matic 3 Pro,Dallas_01,2024-10-25,76.63601723194141,79.53223306569478,85.16323928936018,80.1504005901475
Tron-o-matic 3 Pro,Dallas_01,2024-10-26,50.875170000933366,56.060604938410016,60.06988058190001,55.77519314862317
Tron-o-matic 3 Pro,Dallas_01,2024-10-27,44.53494056409113,48.31646286734487,52.015964684087194,48.24385919909234
Tron-o-matic 3 Pro,Dallas_01,2024-10-28,53.44345643849591,58.493081862139455,62.66779786955139,57.97651917210917
Tron-o-matic 3 Pro,Dallas_01,2024-10-29,43.093869167769896,47.64781556600354,52.327296329459664,47.980115361158525
Tron-o-matic 3 Pro,Dallas_01,2024-10-30,75.67898170460236,79.38875617022327,83.23669553484031,79.44812950353635
Tron-o-matic 3 Pro,Dallas_01,2024-10-31,42.86733372745857,47.60430379558295,51.55368434126276,47.31742701242668
Tron-o-matic 3 Pro,Dallas_01,2024-11-01,56.20665558901961,60.45092170894052,65.04856961638295,60.84988710667347
Tron-o-matic 3 Pro,Dallas_01,2024-11-02,41.87752960681986,46.817775303510295,51.42889435819819,46.709401422101266
Tron-o-matic 3 Pro,Dallas_01,2024-11-03,42.93644527449004,46.88086263604557,52.40512719467824,47.12139008197737
Tron-o-matic 3 Pro,Dallas_01,2024-11-04,42.295833568735674,46.62436721856835,50.94551059446807,46.54058169934683
Tron-o-matic 3 Pro,Dallas_01,2024-11-05,43.351076404793695,46.7444261968442,50.857749492504105,46.84956966178369
Tron-o-matic 3 Pro,Dallas_01,2024-11-06,42.254373605579666,46.51537754716772,50.71121442953072,46.45465922665615
Tron-o-matic 3 Pro,Dallas_01,2024-11-07,41.44983831582143,45.37871267948656,50.54760734603758,45.72645685588126
Tron-o-matic 3 Pro,Dallas_01,2024-11-08,51.7258312019527,56.015524453270366,60.2405539883201,55.96681541349638
Tron-o-matic 3 Pro,Dallas_01,2024-11-09,69.13703388547786,74.64198948899238,78.44070043121239,74.35542163148077
Tron-o-matic 3 Pro,Dallas_01,2024-11-10,42.37906692139006,46.40177072377488,50.616266149149986,46.328723698640324
Tron-o-matic 3 Pro,Dallas_01,2024-11-11,41.13141774634772,45.06960521932797,49.68079963089822,45.10385359221949
Tron-o-matic 3 Pro,Dallas_01,2024-11-12,72.97463350853629,76.62925341382324,80.31415698383135,76.44480511620871
Tron-o-matic 3 Pro,Dallas_01,2024-11-13,40.94236229217307,45.16078620730771,49.445949547743545,44.98283962815527
Tron-o-matic 3 Pro,Dallas_01,2024-11-14,40.85480615161984,44.97704277163476,48.976640408768915,44.95906154767071
Tron-o-matic 3 Pro,Dallas_01,2024-11-15,40.06064750605295,44.32607656054288,48.311039340989595,44.449129070623755
Tron-o-matic 3 Pro,Dallas_01,2024-11-16,41.08976685956396,45.79210377094414,48.65458860918878,45.26859857836292
Tron-o-matic 3 Pro,Dallas_01,2024-11-17,40.53490029258859,44.49756036578845,48.14794194411942,44.498643003144636
Tron-o-matic 3 Pro,Dallas_01,2024-11-18,53.04136919201598,56.560670282330804,60.603377365247624,56.46952930362445
Tron-o-matic 3 Pro,Dallas_01,2024-11-19,40.996292243840315,45.10286314772025,48.82172172617044,44.90526919874901
Tron-o-matic 3 Pro,Dallas_01,2024-11-20,48.36808934223648,53.66320091028344,57.16606491832612,53.285478154917946
Tron-o-matic 3 Pro,Dallas_01,2024-11-21,67.00385972914883,70.85901106738073,74.83771752460818,71.02812719177926
Tron-o-matic 3 Pro,Dallas_01,2024-11-22,46.023677437465444,51.06483934605204,54.4404099618036,50.701436567464086
Tron-o-matic 3 Pro,Dallas_01,2024-11-23,40.727358149331245,44.83508380148494,48.34291904378017,44.79157497673152
Tron-o-matic 3 Pro,Dallas_01,2024-11-24,40.63134641045319,44.37858221716794,49.706443176907975,44.70067700424471
Tron-o-matic 3 Pro,Dallas_01,2024-11-25,40.87649670860307,45.17848104492259,48.77726719628615,45.116237891894805
Tron-o-matic 3 Pro,Dallas_01,2024-11-26,48.958488805578895,51.34257421552864,55.436428720685036,51.80495778270343
Tron-o-matic 3 Pro,Dallas_01,2024-11-27,68.0402875756631,71.73044668657339,76.08591875884713,71.81973026131672
Tron-o-matic 3 Pro,Dallas_01,2024-11-28,40.4240891583001,45.158608303416116,48.72175916346973,45.01427961418003
Tron-o-matic 3 Pro,Dallas_01,2024-11-29,73.25044739646222,77.84909182700538,81.00626215510978,77.34117434120736
Tron-o-matic 3 Pro,Dallas_01,2024-11-30,41.800678737742075,45.569329051872174,48.59400029251251,45.393456098004016
Tron-o-matic 3 Pro,Dallas_01,2024-12-01,66.71180839565866,71.50574572095196,75.62301222414966,71.44749457778671
Tron-o-matic 3 Pro,Dallas_01,2024-12-02,41.12531575946901,45.09133732838503,49.28929528449411,45.2036329182819
Tron-o-matic 3 Pro,Dallas_01,2024-12-03,40.587151548094994,45.4906371238016,49.837038105235,45.456598560145906
Tron-o-matic 3 Pro,Dallas_01,2024-12-04,61.76362359799748,65.76575364686074,70.8202132893978,66.19030765726714
Tron-o-matic 3 Pro,Dallas_01,2024-12-05,39.91757608562054,45.19920450612613,49.70081013272936,44.95892063741843
Tron-o-matic 3 Pro,Dallas_01,2024-12-06,39.612885767385535,44.68639737734308,48.20604260700922,44.29427191716786
Tron-o-matic 3 Pro,Dallas_01,2024-12-07,46.814707114047536,50.149966822126295,54.34595189774819,50.276950423820836
Tron-o-matic 3 Pro,Dallas_01,2024-12-08,72.91045042684661,77.80441405971757,81.57483831021455,77.66649208709616
Tron-o-matic 3 Pro,Dallas_01,2024-12-09,40.6312011491911,44.702865593611335,49.37608690324477,44.91615000255195
Tron-o-matic 3 Pro,Dallas_01,2024-12-10,64.03433332166932,68.91468421569971,73.03181994209555,68.41460507600365
Tron-o-matic 3 Pro,Dallas_01,2024-12-11,41.17426403873023,44.93092178262811,49.66804339946051,45.15204705879513
Tron-o-matic 3 Pro,Dallas_01,2024-12-12,40.65456615544373,45.07029120642175,48.61268963913921,44.677647943918664
Tron-o-matic 3 Pro,Dallas_01,2024-12-13,51.319402840716826,56.17977459576878,59.45225316755522,55.66250627758219
Tron-o-matic 3 Pro,Dallas_01,2024-12-14,40.47898898526649,44.975518659023,48.288795923614714,44.502513988391264
Tron-o-matic 3 Pro,Dallas_01,2024-12-15,72.26362990708512,76.21780269637918,80.61453233991669,76.32397380637275
Tron-o-matic 3 Pro,Dallas_01,2024-12-16,45.60528316151106,50.388592014547115,54.4233037502425,50.164976267464766
Tron-o-matic 3 Pro,Dallas_01,2024-12-17,40.846718055049394,45.198592325847486,48.593784324365934,44.85339160061548
Tron-o-matic 3 Pro,Dallas_01,2024-12-18,46.55488085007885,51.71434896183026,55.33773619777085,51.26885180527071
Tron-o-matic 3 Pro,Dallas_01,2024-12-19,54.50016988809472,58.10816355142845,62.935052440648334,58.3253281941002
Tron-o-matic 3 Pro,Dallas_01,2024-12-20,40.70083370913333,45.125603294992025,48.82505456032328,45.048038902866764
Tron-o-matic 3 Pro,Dallas_01,2024-12-21,55.8299039852239,59.96309287267452,63.36376945867942,59.80480688085387
Tron-o-matic 3 Pro,Dallas_01,2024-12-22,73.93921882786908,77.90252735507077,81.7652588358254,77.75953902004076
Tron-o-matic 3 Pro,Dallas_01,2024-12-23,55.84060272748829,59.63048087990552,63.61716642530196,59.71594479231677
Tron-o-matic 3 Pro,Dallas_01,2024-12-24,41.7754420531686,46.23631197828252,50.197703323623074,45.72512230583966
Tron-o-matic 3 Pro,Dallas_01,2024-12-25,41.76012356250992,45.91558995442462,48.72560545723055,45.74105313693328
Tron-o-matic 3 Pro,Dallas_01,2024-12-26,42.99647084646264,45.914076097505564,49.72071183564628,45.87121282762935
Tron-o-matic 3 Pro,Dallas_01,2024-12-27,41.7303061469361,45.574518447431345,48.91907149077345,45.48416077190275
Tron-o-matic 3 Pro,Dallas_01,2024-12-28,41.630541079109655,46.49733036586864,50.181978577175464,45.97751765055605
Tron-o-matic 3 Pro,Dallas_01,2024-12-29,51.08717399038518,54.721656309348994,58.68391288245794,54.827949736050606
Tron-o-matic 3 Pro,Dallas_01,2024-12-30,42.55787915564745,46.433135492952104,49.61633641475824,46.249466325484924
Tron-o-matic 3 Pro,Dallas_01,2024-12-31,49.91187926263248,54.94639987160939,59.581098584263245,54.67001114286156
Tron-o-matic 3 Pro,Houston_01,2024-10-01,42.81698258635605,46.401061292459275,51.139409789772415,46.66947031977576
Tron-o-matic 3 Pro,Houston_01,2024-10-02,43.57453699874575,47.54711401370899,50.98697860138701,47.49312094417396
Tron-o-matic 3 Pro,Houston_01,2024-10-03,42.08676733154256,46.47253064898651,49.58184782673811,46.23562244206035
Tron-o-matic 3 Pro,Houston_01,2024-10-04,70.08926868784391,73.72394173944008,77.9649858991217,73.78974662766956
Tron-o-matic 3 Pro,Houston_01,2024-10-05,43.2339569008442,47.62340147568798,51.36339009976099,47.16273651413325
Tron-o-matic 3 Pro,Houston_01,2024-10-06,43.10888016508858,46.74728873379094,49.99483820134832,46.86103968377607
Tron-o-matic 3 Pro,Houston_01,2024-10-07,48.428335914833454,52.05308324408669,55.62916774135814,52.22161103228837
Tron-o-matic 3 Pro,Houston_01,2024-10-08,42.09043527881725,46.32929232323501,50.327152950043065,46.11179409408422
Tron-o-matic 3 Pro,Houston_01,2024-10-09,52.24711517675765,56.213229654304136,59.25524129300973,56.02750460222828
Tron-o-matic 3 Pro,Houston_01,2024-10-10,42.15392673969487,46.77890967833539,49.65302362683007,46.44592957857074
Tron-o-matic 3 Pro,Houston_01,2024-10-11,42.369889784469876,45.64652939802671,50.128289892432896,45.939719234580025
Tron-o-matic 3 Pro,Houston_01,2024-10-12,42.71846202605182,45.669682357932366,50.300638527564885,46.246888397432
Tron-o-matic 3 Pro,Houston_01,2024-10-13,43.325937573379285,46.9435979434733,50.26686007030464,46.85650940695766
Tron-o-matic 3 Pro,Houston_01,2024-10-14,42.64808794385947,46.62854327764879,50.292539626666695,46.45817094846935
Tron-o-matic 3 Pro,Houston_01,2024-10-15,42.94061713733588,45.831848705186914,50.37246827708535,46.146708234742064
Tron-o-matic 3 Pro,Houston_01,2024-10-16,42.751518976665025,46.665730327375705,50.12685239873363,46.50310299409511
Tron-o-matic 3 Pro,Houston_01,2024-10-17,41.96801677542165,45.460849157677146,49.55760213871233,45.57345307188769
Tron-o-matic 3 Pro,Houston_01,2024-10-18,41.8096448501289,45.95640944967865,50.40077429019087,45.90325286936899
Tron-o-matic 3 Pro,Houston_01,2024-10-19,41.353679725894786,45.27541460920836,49.92393181594623,45.505933902178164
Tron-o-matic 3 Pro,Houston_01,2024-10-20,64.14313622269881,68.43611931489907,71.31095746046799,68.14682684383324
Tron-o-matic 3 Pro,Houston_01,2024-10-21,45.32562248752826,49.587719182113595,54.06361506478353,49.65117161854254
Tron-o-matic 3 Pro,Houston_01,2024-10-22,51.912199936861725,55.6575600689142,60.37042529278184,56.13096219772642
Tron-o-matic 3 Pro,Houston_01,2024-10-23,53.912297036439284,58.980139300333576,62.1001134313987,58.35507811341561
Tron-o-matic 3 Pro,Houston_01,2024-10-24,40.94632197421165,45.11609462363691,48.94845187428082,44.78501483066107
Tron-o-matic 3 Pro,Houston_01,2024-10-25,69.79631547481249,73.79771450249171,77.13716162896766,73.58889236127543
Tron-o-matic 3 Pro,Houston_01,2024-10-26,48.64937124894764,51.98010760905229,56.48535315476471,52.27333548996259
Tron-o-matic 3 Pro,Houston_01,2024-10-27,40.55034507204746,44.73621524167572,48.49557229593662,44.47229728697647
Tron-o-matic 3 Pro,Houston_01,2024-10-28,49.65278361425339,53.014474496999405,56.54048472764683,52.98963587162553
Tron-o-matic 3 Pro,Houston_01,2024-10-29,39.64663634919728,43.59480877713948,48.13504412441581,43.57555745119583
Tron-o-matic 3 Pro,Houston_01,2024-10-30,68.22849496933162,72.75204296213049,76.39123664813239,72.50403127377756
Tron-o-matic 3 Pro,Houston_01,2024-10-31,38.838253259372706,42.787194036812785,46.036166771770674,42.75763673968765
Tron-o-matic 3 Pro,Houston_01,2024-11-01,52.57003620902671,55.99856671995224,58.8100934592671,55.91004794817061
Tron-o-matic 3 Pro,Houston_01,2024-11-02,39.41451444545582,43.22044937246871,47.13387932346825,43.11719343248359
Tron-o-matic 3 Pro,Houston_01,2024-11-03,39.17275680708078,42.95566725515386,46.885876335175865,43.0047045598732
Tron-o-matic 3 Pro,Houston_01,2024-11-04,38.60234499542804,42.1201740777816,46.44665457801728,42.517387452011405
Tron-o-matic 3 Pro,Houston_01,2024-11-05,37.91817932107882,42.36810029735163,46.0696250917995,42.19542005059615
Tron-o-matic 3 Pro,Houston_01,2024-11-06,38.98218883589306,42.32605320289132,45.96933271161632,42.42299321688919
Tron-o-matic 3 Pro,Houston_01,2024-11-07,38.460997951011166,41.94815591972753,45.87648371286385,42.17588872126496
Tron-o-matic 3 Pro,Houston_01,2024-11-08,46.44712736945578,50.96333235056024,54.85005681668376,50.89868832954523
Tron-o-matic 3 Pro,Houston_01,2024-11-09,65.09413559427679,69.10395767953969,72.96207108528071,69.08175723009262
Tron-o-matic 3 Pro,Houston_01,2024-11-10,38.00018951287619,42.14922057693173,46.659577699137564,42.166268932807235
Tron-o-matic 3 Pro,Houston_01,2024-11-11,37.237283355619184,41.67938692148683,44.950093658228624,41.39615707229672
Tron-o-matic 3 Pro,Houston_01,2024-11-12,65.9550381767665,70.9022407911334,74.38630624219391,70.271613047451
Tron-o-matic 3 Pro,Houston_01,2024-11-13,38.04429090340906,41.982932089666875,46.42040348557307,42.03310150746358
Tron-o-matic 3 Pro,Houston_01,2024-11-14,38.077654217923964,41.21098232532173,44.606763920336924,41.24517120035304
Tron-o-matic 3 Pro,Houston_01,2024-11-15,36.81558983034437,40.77705490686661,45.24840637693997,40.87019414092646
Tron-o-matic 3 Pro,Houston_01,2024-11-16,37.457602565238595,41.87738217581803,44.645653333699265,41.44755450828724
Tron-o-matic 3 Pro,Houston_01,2024-11-17,37.94435686990746,40.66427961590384,45.164134368965826,41.22372447527735
Tron-o-matic 3 Pro,Houston_01,2024-11-18,47.98986784272477,52.025470129081484,55.640074445585455,51.76525148698357
Tron-o-matic 3 Pro,Houston_01,2024-11-19,37.65103512279579,41.493771816815695,45.00252152238075,41.31573008460827
Tron-o-matic 3 Pro,Houston_01,2024-11-20,45.4285448447316,49.54114497411631,53.95254602641299,49.66830917274215
Tron-o-matic 3 Pro,Houston_01,2024-11-21,61.5282564340746,65.34315349323857,69.3405582296938,65.45651945577804
Tron-o-matic 3 Pro,Houston_01,2024-11-22,43.9757837194428,47.39556535934082,50.45335712123646,47.263704460092576
Tron-o-matic 3 Pro,Houston_01,2024-11-23,38.470831102474826,41.68523002484514,46.04843062383013,41.933133130406304
Tron-o-matic 3 Pro,Houston_01,2024-11-24,38.49173705564052,41.64035809495004,44.92076339061592,41.727653192732305
Tron-o-matic 3 Pro,Houston_01,2024-11-25,36.471032994962805,40.88937140660185,46.07970143512287,41.26768532175688
Tron-o-matic 3 Pro,Houston_01,2024-11-26,43.07021747682652,48.446780406828445,51.768672995256125,47.84873501821523
Tron-o-matic 3 Pro,Houston_01,2024-11-27,61.8286473272587,66.87300363577421,70.46196370693164,66.64384403157534
Tron-o-matic 3 Pro,Houston_01,2024-11-28,37.706913416020186,41.48918194875461,45.36094815607771,41.561633543759626
Tron-o-matic 3 Pro,Houston_01,2024-11-29,68.30255779272663,72.74123028045382,75.36096729053246,72.13512537522857
Tron-o-matic 3 Pro,Houston_01,2024-11-30,37.554200341806265,41.46562760349014,45.78551352889952,41.598328009425714
Tron-o-matic 3 Pro,Houston_01,2024-12-01,63.07579449128477,66.95694605823537,69.48299952326812,66.54345717864088
Tron-o-matic 3 Pro,Houston_01,2024-12-02,37.575312992802786,41.06558122640775,46.10610994373394,41.41609699975016
Tron-o-matic 3 Pro,Houston_01,2024-12-03,37.55367170189225,41.62663690637034,45.61583454359831,41.64845264002328
Tron-o-matic 3 Pro,Houston_01,2024-12-04,58.640869137663316,62.514347575568976,65.7350145500147,62.32760945657834
Tron-o-matic 3 Pro,Houston_01,2024-12-05,38.17941663471692,41.50263752231433,44.76534532660697,41.36788140963433
Tron-o-matic 3 Pro,Houston_01,2024-12-06,37.98993780993636,41.037938101032424,46.4763478507918,41.449145744262154
Tron-o-matic 3 Pro,Houston_01,2024-12-07,43.63944063170773,47.234661646193615,51.0696721900604,47.18975888295524
Tron-o-matic 3 Pro,Houston_01,2024-12-08,68.51301726133327,71.72289798503998,75.72440279207595,72.00971059408796
Tron-o-matic 3 Pro,Houston_01,2024-12-09,38.45391972457022,41.785707975641095,46.07795201616389,41.89908605144773
Tron-o-matic 3 Pro,Houston_01,2024-12-10,59.11073611053956,63.83703796760657,67.6895605293467,63.697719228055746
Tron-o-matic 3 Pro,Houston_01,2024-12-11,37.641832372032844,42.07310047137811,45.60045931946777,41.87591460512131
Tron-o-matic 3 Pro,Houston_01,2024-12-12,38.50282749850131,41.623425197139866,45.05168277133169,41.70836644671731
Tron-o-matic 3 Pro,Houston_01,2024-12-13,47.654747765925386,51.370897182159744,54.96754890512448,51.443091759013804
Tron-o-matic 3 Pro,Houston_01,2024-12-14,37.82303644298931,42.13817792754996,45.816861099786365,42.08730842877736
Tron-o-matic 3 Pro,Houston_01,2024-12-15,67.26644208359649,71.13570566137113,75.09541270382326,71.14148908211368
Tron-o-matic 3 Pro,Houston_01,2024-12-16,42.411600219308916,46.45963681365936,50.90238383609758,46.6328302451582
Tron-o-matic 3 Pro,Houston_01,2024-12-17,38.00068210821701,41.73877936543741,45.29991159192428,41.693080387256316
Tron-o-matic 3 Pro,Houston_01,2024-12-18,43.58749532187369,47.66644806017841,50.549393446348205,47.26696541583473
Tron-o-matic 3 Pro,Houston_01,2024-12-19,50.82526380752615,53.52389123482674,57.00122072076741,53.6976870386771
Tron-o-matic 3 Pro,Houston_01,2024-12-20,37.65932172135986,41.44783531844279,46.07092017269695,41.72159538285496
Tron-o-matic 3 Pro,Houston_01,2024-12-21,51.67411430005798,55.65118681373694,58.8018435878854,55.533175723851876
Tron-o-matic 3 Pro,Houston_01,2024-12-22,68.3112298298008,73.41788980335552,76.89158801559404,72.9058722926421
Tron-o-matic 3 Pro,Houston_01,2024-12-23,51.350421687206676,55.65370709095583,59.85660171043583,55.519027029390436
Tron-o-matic 3 Pro,Houston_01,2024-12-24,38.71973921802787,42.291537962863664,46.440928226948394,42.294837422953584
Tron-o-matic 3 Pro,Houston_01,2024-12-25,38.42631544625628,42.303093314202705,45.64458437578592,42.077582555644284
Tron-o-matic 3 Pro,Houston_01,2024-12-26,38.32977374279521,42.32656713280447,45.328626123412484,42.0647101482698
Tron-o-matic 3 Pro,Houston_01,2024-12-27,38.154760237395074,41.60928120558706,45.78262261200721,41.810414138554464
Tron-o-matic 3 Pro,Houston_01,2024-12-28,38.29578136403159,42.33155332916428,47.058360801858946,42.50929452968944
Tron-o-matic 3 Pro,Houston_01,2024-12-29,47.31658035453985,51.0621221044071,54.573728087527776,50.97180612863105
Tron-o-matic 3 Pro,Houston_01,2024-12-30,38.20354149337551,42.39376627070191,45.8245161675312,42.164361728037065
Tron-o-matic 3 Pro,Houston_01,2024-12-31,47.822985359390266,50.372735632991564,54.30023646216357,50.63778055285115
Tron-o-matic 3 Pro,NewYork_01,2024-10-01,56.41736642441533,61.211366521687864,66.12112388405714,61.14362212170981
Tron-o-matic 3 Pro,NewYork_01,2024-10-02,58.0796743597996,63.345557254153604,68.15445549646745,62.90579170327046
Tron-o-matic 3 Pro,NewYork_01,2024-10-03,56.629874855288264,61.83517632245683,66.73290478510748,61.904454006842954
Tron-o-matic 3 Pro,NewYork_01,2024-10-04,91.98883756855267,97.2694203594769,102.20678257518168,97.25669966960648
Tron-o-matic 3 Pro,NewYork_01,2024-10-05,55.73621474163205,61.62324577455249,67.32166628087852,61.50880792716237
Tron-o-matic 3 Pro,NewYork_01,2024-10-06,57.70480027234082,61.69134399400178,67.39081954643528,62.02149687852388
Tron-o-matic 3 Pro,NewYork_01,2024-10-07,65.30484562209692,68.91905482742577,74.95191856398989,69.48674088636781
Tron-o-matic 3 Pro,NewYork_01,2024-10-08,55.82360389335515,61.51787321365214,66.47304395419587,61.382917495436544
Tron-o-matic 3 Pro,NewYork_01,2024-10-09,68.66039680122574,73.24092517295134,78.51810913223613,73.1293624133143
Tron-o-matic 3 Pro,NewYork_01,2024-10-10,56.22247930787097,61.558776033683614,66.3288939751458,61.24374868252889
Tron-o-matic 3 Pro,NewYork_01,2024-10-11,55.69456082292561,61.65946949550583,66.01689272420607,61.08514922456139
Tron-o-matic 3 Pro,NewYork_01,2024-10-12,56.0729406962583,61.83715263199333,66.83477040488928,61.717946380982085
Tron-o-matic 3 Pro,NewYork_01,2024-10-13,55.71701530060893,60.533480529261304,64.88276040044154,60.59297574441096
Tron-o-matic 3 Pro,NewYork_01,2024-10-14,57.63782026881435,61.71383809592713,67.20688470518931,62.04628588136811
Tron-o-matic 3 Pro,NewYork_01,2024-10-15,55.141986321033684,60.63265629992198,64.97955913101589,60.52194150004859
Tron-o-matic 3 Pro,NewYork_01,2024-10-16,56.996847577712,62.55005633920581,67.11229964374803,62.297799299881966
Tron-o-matic 3 Pro,NewYork_01,2024-10-17,55.31950745620471,60.578998197310696,67.45925227069876,60.848660219139305
Tron-o-matic 3 Pro,NewYork_01,2024-10-18,55.84210765607796,61.437371600593664,66.44761677633693,61.56165341772556
Tron-o-matic 3 Pro,NewYork_01,2024-10-19,55.52717283111747,61.50592137212819,65.79026221150647,60.90580603742305
Tron-o-matic 3 Pro,NewYork_01,2024-10-20,85.41107042317196,90.34614648987684,95.13064075841285,90.47173735987144
Tron-o-matic 3 Pro,NewYork_01,2024-10-21,62.23542817402137,67.29536209726402,71.69241027764406,67.26347956350406
Tron-o-matic 3 Pro,NewYork_01,2024-10-22,68.8671319499715,74.3967876755335,79.96327307804629,74.52225630336956
Tron-o-matic 3 Pro,NewYork_01,2024-10-23,74.75711237322028,78.59395205571445,83.47722811328792,78.78517572225385
Tron-o-matic 3 Pro,NewYork_01,2024-10-24,55.81468029253549,59.47831932364123,65.31045952030726,59.89773765593378
Tron-o-matic 3 Pro,NewYork_01,2024-10-25,93.43275965975543,99.13722123780481,103.36114930660001,98.64062280899151
Tron-o-matic 3 Pro,NewYork_01,2024-10-26,63.38460743966352,69.34769909860678,73.64325197659221,68.75061875636854
Tron-o-matic 3 Pro,NewYork_01,2024-10-27,53.854735835397115,59.281052604419244,64.87145083654059,59.533001808448404
Tron-o-matic 3 Pro,NewYork_01,2024-10-28,66.40803360064514,71.59908274686285,76.57105567309273,71.25918642927137
Tron-o-matic 3 Pro,NewYork_01,2024-10-29,53.90482997923141,58.51254002639863,63.287277347931976,58.294669018778215
Tron-o-matic 3 Pro,NewYork_01,2024-10-30,92.30799317045962,97.16033035684364,101.68841943545843,96.93753008901994
Tron-o-matic 3 Pro,NewYork_01,2024-10-31,54.070419210143854,59.07045286755824,64.64464042588945,59.37411159224466
Tron-o-matic 3 Pro,NewYork_01,2024-11-01,70.33783596860289,76.25040737320325,81.49282384518227,75.99417539032093
Tron-o-matic 3 Pro,NewYork_01,2024-11-02,52.467333452259005,58.61680721848575,63.558041432949764,58.580896739883926
Tron-o-matic 3 Pro,NewYork_01,2024-11-03,52.76154625009078,57.169978120290985,62.18064701747218,57.2620012202159
Tron-o-matic 3 Pro,NewYork_01,2024-11-04,53.455146242428725,57.16641345668598,63.71250145240058,58.03703231510156
Tron-o-matic 3 Pro,NewYork_01,2024-11-05,50.985043513035016,56.885454382901095,61.172240506555355,56.69443291808947
Tron-o-matic 3 Pro,NewYork_01,2024-11-06,52.38601008395385,58.195085929258646,62.80277514507466,57.69494833361161
Tron-o-matic 3 Pro,NewYork_01,2024-11-07,50.471643530656515,56.67743896136361,61.098603428519,56.096854746632005
Tron-o-matic 3 Pro,NewYork_01,2024-11-08,62.75352268322083,67.69722819987105,73.10738371892087,67.95926038500951
Tron-o-matic 3 Pro,NewYork_01,2024-11-09,85.63531865823224,90.79446457175402,96.0832383627379,90.79362911374685
Tron-o-matic 3 Pro,NewYork_01,2024-11-10,50.25676524469234,55.89614577733629,60.94597894709985,55.95573399299155
Tron-o-matic 3 Pro,NewYork_01,2024-11-11,51.11313884568393,56.151324634038986,60.92531038336757,55.98468699341292
Tron-o-matic 3 Pro,NewYork_01,2024-11-12,88.1465317424691,93.13889992949642,99.46863964861583,93.25009080398353
Tron-o-matic 3 Pro,NewYork_01,2024-11-13,50.99096734302398,55.794609744995114,61.08500936645434,55.764266606165876
Tron-o-matic 3 Pro,NewYork_01,2024-11-14,50.347350166185805,54.76137090275811,60.271624806985415,54.789634683108595
Tron-o-matic 3 Pro,NewYork_01,2024-11-15,50.241074087229116,55.22872891339002,60.06188722971397,55.131227990749125
Tron-o-matic 3 Pro,NewYork_01,2024-11-16,50.113770193527046,55.75057105613082,60.29087388960887,55.35010857436786
Tron-o-matic 3 Pro,NewYork_01,2024-11-17,49.39475461755382,54.57212459749098,59.88279098757768,54.578890142252924
Tron-o-matic 3 Pro,NewYork_01,2024-11-18,62.85915291594444,68.79686188669805,74.20146571095074,68.80145262569248
Tron-o-matic 3 Pro,NewYork_01,2024-11-19,49.635382999587875,54.07530944005508,58.18137598067257,53.8141813737994
Tron-o-matic 3 Pro,NewYork_01,2024-11-20,60.16336671839164,65.44104597032535,70.20303998594984,65.26291202634474
Tron-o-matic 3 Pro,NewYork_01,2024-11-21,80.80410003803777,84.7792486635849,89.1003812046769,85.00839427774996
Tron-o-matic 3 Pro,NewYork_01,2024-11-22,55.61993446035636,60.48261274879773,65.60634689386605,60.609808803048224
Tron-o-matic 3 Pro,NewYork_01,2024-11-23,48.622234916602046,54.77431279353976,60.262214335308315,54.471994340098064
Tron-o-matic 3 Pro,NewYork_01,2024-11-24,48.184093749922624,54.51335856993158,59.475297805148855,54.2484289460081
Tron-o-matic 3 Pro,NewYork_01,2024-11-25,49.17859302406629,54.570757742410024,58.66952589108453,54.43489029674995
Tron-o-matic 3 Pro,NewYork_01,2024-11-26,59.919961299036856,63.245726131246705,67.76939762202346,63.70107260284979
Tron-o-matic 3 Pro,NewYork_01,2024-11-27,82.04472510811439,88.0825826622972,92.13496024285023,87.53777686175046
Tron-o-matic 3 Pro,NewYork_01,2024-11-28,50.08649604727278,55.040342311205976,59.91838881268741,54.585395497656336
Tron-o-matic 3 Pro,NewYork_01,2024-11-29,90.10228053780764,94.42244668324838,100.49635738317272,94.88088332486001
Tron-o-matic 3 Pro,NewYork_01,2024-11-30,49.652503139642015,55.10979306543584,60.77725738745638,55.1344877430651
Tron-o-matic 3 Pro,NewYork_01,2024-12-01,83.2488457742505,88.11278859046364,91.65561566793497,87.67738450299325
Tron-o-matic 3 Pro,NewYork_01,2024-12-02,50.18958357112399,54.84399936525037,59.7139019429227,55.08894976716058
Tron-o-matic 3 Pro,NewYork_01,2024-12-03,50.4044743372627,55.11380679208098,61.00139853893407,55.124935100923096
Tron-o-matic 3 Pro,NewYork_01,2024-12-04,75.73780407177479,81.75018718543672,86.83537121424787,81.60245191520947
Tron-o-matic 3 Pro,NewYork_01,2024-12-05,49.69929464430508,55.064639218103636,60.97589817734107,55.0094237810547
Tron-o-matic 3 Pro,NewYork_01,2024-12-06,51.37191997612517,56.43035103571262,61.08998511260005,56.058055340930004
Tron-o-matic 3 Pro,NewYork_01,2024-12-07,56.40234292685304,61.76927226964874,66.97284402464336,61.620905771562676
Tron-o-matic 3 Pro,NewYork_01,2024-12-08,89.71061964306897,95.13616462129586,100.44672472223185,95.22057981966667
Tron-o-matic 3 Pro,NewYork_01,2024-12-09,51.54507335014465,55.953162906151434,60.39894122731624,56.15664978532455
Tron-o-matic 3 Pro,NewYork_01,2024-12-10,79.25832558843408,83.47046287064626,88.6072299094695,83.72946197130874
Tron-o-matic 3 Pro,NewYork_01,2024-12-11,52.50772179508607,56.808414281362964,61.63752219034713,56.89322704065659
Tron-o-matic 3 Pro,NewYork_01,2024-12-12,50.30058923124804,55.235947550263035,59.998604256480675,55.25348748598237
Tron-o-matic 3 Pro,NewYork_01,2024-12-13,64.92330949925743,69.90686240088696,74.2363079212171,69.62691372544438
Tron-o-matic 3 Pro,NewYork_01,2024-12-14,50.98794273771543,56.30499793382161,62.00915459667863,56.48914190531738
Tron-o-matic 3 Pro,NewYork_01,2024-12-15,89.86353409080782,95.63808964606365,100.82040865142368,95.23467160275703
Tron-o-matic 3 Pro,NewYork_01,2024-12-16,57.140651368316156,63.24401289903234,67.80032472803589,62.85803862451369
Tron-o-matic 3 Pro,NewYork_01,2024-12-17,50.04601925717988,55.304442353131904,60.819239417105045,55.46401188497045
Tron-o-matic 3 Pro,NewYork_01,2024-12-18,57.91507088028713,63.24920501618388,68.82692924746777,63.208587286437435
Tron-o-matic 3 Pro,NewYork_01,2024-12-19,66.50121363850214,71.89877931777049,76.835477141204,71.76294894235491
Tron-o-matic 3 Pro,NewYork_01,2024-12-20,49.50600867157424,55.51781860323055,60.07438609474543,55.423011592889345
Tron-o-matic 3 Pro,NewYork_01,2024-12-21,67.18868880701338,72.18428015576464,78.03471239021614,72.34676169580958
Tron-o-matic 3 Pro,NewYork_01,2024-12-22,91.35625255413234,95.96076988623145,99.64653294879116,95.67026068659204
Tron-o-matic 3 Pro,NewYork_01,2024-12-23,68.4364631127944,73.08730681467267,78.46308796363074,73.25095303338449
Tron-o-matic 3 Pro,NewYork_01,2024-12-24,50.34404796956092,54.85377541117793,59.891627893305724,55.1306366974488
Tron-o-matic 3 Pro,NewYork_01,2024-12-25,51.15911915193101,55.36090807400967,60.59208354895876,55.69383218388875
Tron-o-matic 3 Pro,NewYork_01,2024-12-26,48.57495227986523,55.45431881186906,59.434282482312895,55.16225540852931
Tron-o-matic 3 Pro,NewYork_01,2024-12-27,51.12150505948816,56.50794953125819,61.11997481164373,56.02248812605378
Tron-o-matic 3 Pro,NewYork_01,2024-12-28,51.0911969404322,56.8297656123777,61.0410319763255,56.52257547895949
Tron-o-matic 3 Pro,NewYork_01,2024-12-29,61.13101361772446,66.46295381916049,71.92792607599533,66.5187441100771
Tron-o-matic 3 Pro,NewYork_01,2024-12-30,50.74178953930083,56.89636915262351,60.725303104149475,55.98526677535194
Tron-o-matic 3 Pro,NewYork_01,2024-12-31,61.18614685080357,65.65790894393596,70.22334213974281,65.42107094350249
Tron-o-matic 3 Pro,Online_Store,2024-10-01,1141.0219113768578,1254.3452605483742,1348.323701290474,1246.438704926315
Tron-o-matic 3 Pro,Online_Store,2024-10-02,1151.3369306415163,1250.8730211707639,1342.707787377707,1246.572436231749
Tron-o-matic 3 Pro,Online_Store,2024-10-03,1135.4215309723593,1228.331527245516,1332.7962008425402,1230.2961689619149
Tron-o-matic 3 Pro,Online_Store,2024-10-04,1896.9782176364895,1978.3299398338959,2058.013627341764,1978.9336167655786
Tron-o-matic 3 Pro,Online_Store,2024-10-05,1191.647713997121,1278.442988021793,1364.4134477212747,1273.0453651966009
Tron-o-matic 3 Pro,Online_Store,2024-10-06,1158.5522649978925,1240.4102447215025,1344.793908231577,1244.9861575065818
Tron-o-matic 3 Pro,Online_Store,2024-10-07,1327.2726122412416,1409.948407043608,1524.186932507141,1416.5902930794753
Tron-o-matic 3 Pro,Online_Store,2024-10-08,1151.5675886214049,1248.9029764565134,1330.601976876239,1242.2506851569453
Tron-o-matic 3 Pro,Online_Store,2024-10-09,1380.5447936013552,1491.6092304603244,1610.3293019368448,1489.9246380475713
Tron-o-matic 3 Pro,Online_Store,2024-10-10,1117.0498024992035,1245.835830164844,1364.3059554096867,1238.6249438277946
Tron-o-matic 3 Pro,Online_Store,2024-10-11,1148.602265559456,1244.898194477489,1345.8947961956178,1242.9784472365275
Tron-o-matic 3 Pro,Online_Store,2024-10-12,1159.8669417671822,1244.1887194250735,1344.5163819499185,1245.6916215256904
Tron-o-matic 3 Pro,Online_Store,2024-10-13,1140.0621690896285,1241.9200237009923,1330.4132111946392,1241.0082293534228
Tron-o-matic 3 Pro,Online_Store,2024-10-14,1124.2655277126148,1237.8811565022045,1342.870417630091,1233.3681685828938
Tron-o-matic 3 Pro,Online_Store,2024-10-15,1150.1004122488248,1245.422766867373,1340.144374848443,1241.7111259175626
Tron-o-matic 3 Pro,Online_Store,2024-10-16,1120.5221355222313,1249.3738732724487,1330.8620044452655,1234.387702148343
Tron-o-matic 3 Pro,Online_Store,2024-10-17,1133.0161416655142,1219.6136256970196,1305.734596054286,1222.0462108280276
Tron-o-matic 3 Pro,Online_Store,2024-10-18,1116.8062834594461,1233.3593376492674,1339.8154557458424,1224.3391166059052
Tron-o-matic 3 Pro,Online_Store,2024-10-19,1160.893011869074,1237.9558537941866,1337.1862929959686,1243.0509475464912
Tron-o-matic 3 Pro,Online_Store,2024-10-20,1715.6864317046925,1806.3268510014775,1890.2434705333974,1807.6370113659732
Tron-o-matic 3 Pro,Online_Store,2024-10-21,1258.976319599852,1356.9175336261476,1455.3865036498562,1354.686195879049
Tron-o-matic 3 Pro,Online_Store,2024-10-22,1381.1906498848982,1496.1348737432822,1565.4782200244365,1479.3681729428242
Tron-o-matic 3 Pro,Online_Store,2024-10-23,1463.2645792889368,1555.978332179371,1642.6359181479597,1554.3146165363378
Tron-o-matic 3 Pro,Online_Store,2024-10-24,1110.1891936818768,1198.1653113182408,1299.4090563464993,1201.1856291709378
Tron-o-matic 3 Pro,Online_Store,2024-10-25,1898.55396837233,1963.2717974274537,2068.1314591744585,1974.3382645234087
Tron-o-matic 3 Pro,Online_Store,2024-10-26,1300.9347378656266,1386.8311834948079,1486.415561740888,1384.7155117026944
Tron-o-matic 3 Pro,Online_Store,2024-10-27,1095.6517607054425,1188.0426288316019,1280.8586714659345,1185.4365699136588
Tron-o-matic 3 Pro,Online_Store,2024-10-28,1330.8258385240426,1419.885943323816,1487.2069219707096,1415.2218658295883
Tron-o-matic 3 Pro,Online_Store,2024-10-29,1093.8055595473675,1177.8811219217107,1260.1765129647035,1171.9766785568975
Tron-o-matic 3 Pro,Online_Store,2024-10-30,1846.7161969543965,1949.1495380779834,2033.0139596651384,1942.7954390878515
Tron-o-matic 3 Pro,Online_Store,2024-10-31,1080.499211536567,1156.0201610782967,1252.090162419006,1158.8304173788406
Tron-o-matic 3 Pro,Online_Store,2024-11-01,1412.307227540979,1495.5771880614755,1590.546852071246,1492.543155038795
Tron-o-matic 3 Pro,Online_Store,2024-11-02,1075.648259566127,1181.7288281588458,1267.4811773616398,1174.225798598127
Tron-o-matic 3 Pro,Online_Store,2024-11-03,1042.2317692984625,1141.303383116312,1236.8413780627207,1142.09096559818
Tron-o-matic 3 Pro,Online_Store,2024-11-04,1041.5433686329395,1161.7680468142858,1245.7901763018458,1146.962939485508
Tron-o-matic 3 Pro,Online_Store,2024-11-05,1025.5792711474307,1118.5639882837015,1198.2030991573636,1114.2384246170457
Tron-o-matic 3 Pro,Online_Store,2024-11-06,1053.3450774144621,1128.3567428424703,1217.5087779848002,1131.7301694322769
Tron-o-matic 3 Pro,Online_Store,2024-11-07,1029.691375603065,1116.667594858579,1227.3222094368218,1120.8615637787625
Tron-o-matic 3 Pro,Online_Store,2024-11-08,1265.431160119518,1337.7000168561462,1448.9353027169752,1345.0007805457124
Tron-o-matic 3 Pro,Online_Store,2024-11-09,1718.8304457487297,1808.1048623410818,1898.2952699906612,1813.7414430387912
Tron-o-matic 3 Pro,Online_Store,2024-11-10,998.1462368778754,1088.4734643284755,1179.6774419577978,1093.354898307285
Tron-o-matic 3 Pro,Online_Store,2024-11-11,995.6853238760366,1103.9677421931729,1197.989220018247,1100.1482550284775
Tron-o-matic 3 Pro,Online_Store,2024-11-12,1767.109389920381,1856.334083707049,1962.8165641517755,1863.6686472195586
Tron-o-matic 3 Pro,Online_Store,2024-11-13,1021.674046663654,1105.4207338902345,1218.4405879405515,1108.0971459018285
Tron-o-matic 3 Pro,Online_Store,2024-11-14,958.2031954305498,1099.0862147862156,1181.6403125564555,1085.7812420408973
Tron-o-matic 3 Pro,Online_Store,2024-11-15,1003.218231258906,1080.355460205264,1176.0958176625288,1084.7629363899805
Tron-o-matic 3 Pro,Online_Store,2024-11-16,1002.1186398833731,1093.4742435081898,1187.8883726333113,1095.3027160172683
Tron-o-matic 3 Pro,Online_Store,2024-11-17,959.8745357398366,1079.1882258621465,1162.779991058828,1070.2822762482467
Tron-o-matic 3 Pro,Online_Store,2024-11-18,1294.9005628319258,1365.8765239854056,1464.5842793199545,1372.5635789321736
Tron-o-matic 3 Pro,Online_Store,2024-11-19,1010.350020518281,1095.5319220624162,1170.2223133695045,1095.06002680491
Tron-o-matic 3 Pro,Online_Store,2024-11-20,1215.6262297312328,1315.668963382677,1408.4363490320652,1311.3628851681524
Tron-o-matic 3 Pro,Online_Store,2024-11-21,1634.6912000718237,1733.209021658259,1826.986796219999,1734.7329013736098
Tron-o-matic 3 Pro,Online_Store,2024-11-22,1140.84262535073,1227.861525702114,1327.0725454255478,1230.3139643622662
Tron-o-matic 3 Pro,Online_Store,2024-11-23,993.9297494157861,1101.7837079606977,1223.083943028334,1111.122170852209
Tron-o-matic 3 Pro,Online_Store,2024-11-24,982.7380208717071,1103.6470596577906,1173.6976096381645,1089.948852038451
Tron-o-matic 3 Pro,Online_Store,2024-11-25,998.3665031823643,1097.5196676289227,1193.4188256012687,1097.2232130149516
Tron-o-matic 3 Pro,Online_Store,2024-11-26,1182.4485259335233,1283.9643085507678,1368.2646032551374,1277.844257218974
Tron-o-matic 3 Pro,Online_Store,2024-11-27,1698.9147337859467,1762.2707612280485,1861.4354064070649,1765.1137732755901
Tron-o-matic 3 Pro,Online_Store,2024-11-28,1013.1842203441788,1115.0881586203698,1188.065965151795,1107.9745217405025
Tron-o-matic 3 Pro,Online_Store,2024-11-29,1815.6502335071502,1919.2674926599034,2015.4042349681883,1916.8342540194185
Tron-o-matic 3 Pro,Online_Store,2024-11-30,1035.496092012491,1136.17784768035,1216.7187232355252,1129.7430342723246
Tron-o-matic 3 Pro,Online_Store,2024-12-01,1648.3714191046263,1747.4964050918252,1860.3049511658144,1752.9732438561412
Tron-o-matic 3 Pro,Online_Store,2024-12-02,1015.9174547895705,1126.3861241668453,1212.5878271720912,1113.0354049127845
Tron-o-matic 3 Pro,Online_Store,2024-12-03,1005.1639004858007,1122.721343161369,1219.424614968378,1112.875150053247
Tron-o-matic 3 Pro,Online_Store,2024-12-04,1555.4192786798076,1664.3924022439867,1747.4130441540005,1653.8261063240448
Tron-o-matic 3 Pro,Online_Store,2024-12-05,1013.7149875514249,1115.809105644282,1192.4878740825568,1112.8236995091945
Tron-o-matic 3 Pro,Online_Store,2024-12-06,999.8297687824138,1107.0325706206497,1207.7993046369313,1109.5459239934594
Tron-o-matic 3 Pro,Online_Store,2024-12-07,1163.9584326208756,1241.9329330278347,1336.5818956292753,1244.0191367476564
Tron-o-matic 3 Pro,Online_Store,2024-12-08,1785.0476461923977,1890.3179934701882,1992.6917969736887,1885.7760439444442
Tron-o-matic 3 Pro,Online_Store,2024-12-09,1039.3616835116352,1135.3656519767528,1214.9095677583257,1127.5591414641476
Tron-o-matic 3 Pro,Online_Store,2024-12-10,1558.4635773056843,1656.1425420683308,1751.5869587466618,1657.664035378163
Tron-o-matic 3 Pro,Online_Store,2024-12-11,993.4060410823014,1120.403309894694,1205.91989560784,1110.6460707006947
Tron-o-matic 3 Pro,Online_Store,2024-12-12,992.4489829855382,1096.4351772040413,1214.0652952723847,1101.8923139359547
Tron-o-matic 3 Pro,Online_Store,2024-12-13,1271.1604690335205,1381.0231288341495,1502.7984329194005,1382.1723590182382
Tron-o-matic 3 Pro,Online_Store,2024-12-14,1015.5337585742329,1114.3392081453244,1237.157354591388,1116.102739616358
Tron-o-matic 3 Pro,Online_Store,2024-12-15,1779.3259793762609,1871.9434021578113,1984.0988710111521,1870.997836364215
Tron-o-matic 3 Pro,Online_Store,2024-12-16,1145.9126443639925,1250.4279570541073,1364.0359252441044,1252.2389472079524
Tron-o-matic 3 Pro,Online_Store,2024-12-17,1006.0489444472804,1092.2959034734104,1195.1211051459838,1094.0970442532205
Tron-o-matic 3 Pro,Online_Store,2024-12-18,1151.4319243487296,1235.4305080009055,1334.3492835874358,1241.6178318936393
Tron-o-matic 3 Pro,Online_Store,2024-12-19,1337.0666182294226,1411.5236170693943,1490.3819600974912,1413.024512516914
Tron-o-matic 3 Pro,Online_Store,2024-12-20,990.6294314142026,1086.9696183831445,1164.0129426859294,1079.6763285951292
Tron-o-matic 3 Pro,Online_Store,2024-12-21,1366.9358260516924,1456.988273736973,1542.7848892723805,1451.91127942125
Tron-o-matic 3 Pro,Online_Store,2024-12-22,1779.8043607347388,1892.7710741218066,1976.7454117895904,1887.8363985009303
Tron-o-matic 3 Pro,Online_Store,2024-12-23,1340.2351431513484,1440.9519181428,1557.1180793314434,1438.4974886558086
Tron-o-matic 3 Pro,Online_Store,2024-12-24,1006.1555686582601,1105.103925590535,1197.1052042104945,1103.6162245448093
Tron-o-matic 3 Pro,Online_Store,2024-12-25,1015.4577039742688,1115.812898169247,1232.147613543331,1115.525318589219
Tron-o-matic 3 Pro,Online_Store,2024-12-26,987.2667513860868,1116.7043987500128,1201.2098835797658,1107.0588989964274
Tron-o-matic 3 Pro,Online_Store,2024-12-27,1007.7788660608371,1095.596983855482,1195.3141875264255,1103.8029612232772
Tron-o-matic 3 Pro,Online_Store,2024-12-28,1031.879382122736,1133.312905116641,1236.944470120297,1134.9919033791155
Tron-o-matic 3 Pro,Online_Store,2024-12-29,1264.9435344494436,1341.756975592191,1421.9781496905364,1339.2856674109437
Tron-o-matic 3 Pro,Online_Store,2024-12-30,1032.1910820535156,1125.9406765023587,1231.295475373924,1131.5247775555313
Tron-o-matic 3 Pro,Online_Store,2024-12-31,1251.4633905851,1334.5278824307036,1419.6481638809992,1334.8566570288497
Tron-o-matic 3 Pro,Philadelphia_01,2024-10-01,35.43911178054589,38.1598817806146,41.86347478072825,38.443978411878646
Tron-o-matic 3 Pro,Philadelphia_01,2024-10-02,36.165412547558624,39.428573687325716,42.39725572484056,39.22934019249712
Tron-o-matic 3 Pro,Philadelphia_01,2024-10-03,35.164861517902246,38.40501068515755,41.55919375219,38.3881178968604
Tron-o-matic 3 Pro,Philadelphia_01,2024-10-04,57.601344827182245,61.15634171100467,64.69595728177987,61.1814690437099
Tron-o-matic 3 Pro,Philadelphia_01,2024-10-05,35.6312244685121,38.531026805006846,42.32004312384349,38.86820919588664
Tron-o-matic 3 Pro,Philadelphia_01,2024-10-06,35.40021623738964,38.36842034964676,40.78706412959871,38.204213597839534
Tron-o-matic 3 Pro,Philadelphia_01,2024-10-07,40.814721279554185,43.36684265675315,46.84165189565805,43.75173243462135
Tron-o-matic 3 Pro,Philadelphia_01,2024-10-08,34.88813388641368,38.64780348718724,41.597172708099926,38.43966347900955
Tron-o-matic 3 Pro,Philadelphia_01,2024-10-09,42.196303919618074,45.60195224424192,48.78110452083641,45.5618763903646
Tron-o-matic 3 Pro,Philadelphia_01,2024-10-10,34.617084282038405,38.32279755786181,41.74530027644991,38.31386093017514
Tron-o-matic 3 Pro,Philadelphia_01,2024-10-11,35.47046919022618,38.35578018872737,42.34330518677062,38.73840563416858
Tron-o-matic 3 Pro,Philadelphia_01,2024-10-12,35.30634308533751,38.42672061569356,41.34790770488176,38.2448278664334
Tron-o-matic 3 Pro,Philadelphia_01,2024-10-13,34.57319117196722,39.097304806790646,41.79972649324255,38.49340937094964
Tron-o-matic 3 Pro,Philadelphia_01,2024-10-14,35.199910292762354,38.13040792568677,41.405193547072145,38.219313979153554
Tron-o-matic 3 Pro,Philadelphia_01,2024-10-15,35.51823352042587,37.870016353152494,41.47568670293652,38.134609558850975
Tron-o-matic 3 Pro,Philadelphia_01,2024-10-16,34.970810167828326,38.98472276628857,41.99507913351741,38.61801391990716
Tron-o-matic 3 Pro,Philadelphia_01,2024-10-17,35.19595740575857,37.656407262482546,41.2985391870547,37.76357772409097
Tron-o-matic 3 Pro,Philadelphia_01,2024-10-18,35.047559231607224,37.86476681198084,41.1556614391418,37.976864231319794
Tron-o-matic 3 Pro,Philadelphia_01,2024-10-19,35.09913250863362,38.41237489908382,41.11252116071615,38.2068749560641
Tron-o-matic 3 Pro,Philadelphia_01,2024-10-20,52.99975975013098,55.80772243143666,59.186085663188194,56.05429292633854
Tron-o-matic 3 Pro,Philadelphia_01,2024-10-21,38.95060543876572,42.09318037153186,44.987108890109795,41.89190801553653
Tron-o-matic 3 Pro,Philadelphia_01,2024-10-22,42.89808045865102,46.349570829158964,48.71023842272064,46.00995345606011
Tron-o-matic 3 Pro,Philadelphia_01,2024-10-23,45.05460652554847,48.68222463540651,51.96057220419437,48.63431659940109
Tron-o-matic 3 Pro,Philadelphia_01,2024-10-24,33.800419762101626,37.22587494179775,40.18428108509985,37.17804512711188
Tron-o-matic 3 Pro,Philadelphia_01,2024-10-25,57.836605642169836,61.48832208089794,64.60619430868137,61.34721663644947
Tron-o-matic 3 Pro,Philadelphia_01,2024-10-26,39.66882136759519,42.75659218492664,46.48137314413569,42.7416963993936
Tron-o-matic 3 Pro,Philadelphia_01,2024-10-27,33.731367037005846,37.056896992472296,40.21833605934592,37.00309258016637
Tron-o-matic 3 Pro,Philadelphia_01,2024-10-28,41.63771914932329,43.87564750258648,47.222740001019375,44.111365099668575
Tron-o-matic 3 Pro,Philadelphia_01,2024-10-29,33.753362215008224,36.27898680549738,40.05626548378536,36.445590117597874
Tron-o-matic 3 Pro,Philadelphia_01,2024-10-30,57.04856887225159,60.088694352800715,63.29228484405164,60.107052649650726
Tron-o-matic 3 Pro,Philadelphia_01,2024-10-31,32.40955475662222,35.83392485482067,38.79117986862659,35.74534826594862
Tron-o-matic 3 Pro,Philadelphia_01,2024-11-01,43.65292128638616,46.75287287785863,49.56967449364489,46.65120076489769
Tron-o-matic 3 Pro,Philadelphia_01,2024-11-02,33.12084691184165,35.717008311864376,39.76516016861481,36.11202517513549
Tron-o-matic 3 Pro,Philadelphia_01,2024-11-03,32.0478849963821,35.74528117019118,39.330015226221086,35.54979268666362
Tron-o-matic 3 Pro,Philadelphia_01,2024-11-04,31.71922508275455,35.35422639758736,37.79994064200156,35.14270072309745
Tron-o-matic 3 Pro,Philadelphia_01,2024-11-05,32.345589165647795,35.949509559936615,38.70579885734036,35.68913128159434
Tron-o-matic 3 Pro,Philadelphia_01,2024-11-06,32.17228806819171,35.436715064652574,38.2101170744556,35.22492284612626
Tron-o-matic 3 Pro,Philadelphia_01,2024-11-07,31.60329580843851,34.652965629728016,37.87543100165366,34.68529198880761
Tron-o-matic 3 Pro,Philadelphia_01,2024-11-08,38.9905488965787,42.864425344211,46.30328676582977,42.58122063251975
Tron-o-matic 3 Pro,Philadelphia_01,2024-11-09,53.0247724263828,56.19809753491187,60.07959115218412,56.419372651074056
Tron-o-matic 3 Pro,Philadelphia_01,2024-11-10,30.73348108746429,34.542661615480824,37.64130673935057,34.40721421621861
Tron-o-matic 3 Pro,Philadelphia_01,2024-11-11,31.78121294661392,34.179603612101026,37.183139269456326,34.31520721247602
Tron-o-matic 3 Pro,Philadelphia_01,2024-11-12,55.066640743968705,58.52421573518427,61.15624787467166,58.27034383064636
Tron-o-matic 3 Pro,Philadelphia_01,2024-11-13,31.55319935994571,34.20260645020375,37.04744918281997,34.16557396262045
Tron-o-matic 3 Pro,Philadelphia_01,2024-11-14,30.693008829004135,33.939403051038774,36.937066850775636,33.9771096314028
Tron-o-matic 3 Pro,Philadelphia_01,2024-11-15,31.44871955282705,34.467358750001125,37.97432913858982,34.70746655756541
Tron-o-matic 3 Pro,Philadelphia_01,2024-11-16,30.847785959888352,34.49317496298006,37.93949909730545,34.395565862469454
Tron-o-matic 3 Pro,Philadelphia_01,2024-11-17,29.713402734136313,33.919489729716894,36.45295579791756,33.72968604425227
Tron-o-matic 3 Pro,Philadelphia_01,2024-11-18,39.019089613683484,42.8944524342035,46.01867165792538,42.72525568566103
Tron-o-matic 3 Pro,Philadelphia_01,2024-11-19,30.399683788051405,34.30164768252546,37.908065488819254,34.3462404799231
Tron-o-matic 3 Pro,Philadelphia_01,2024-11-20,37.423435183726085,40.73587007655644,44.339610859568786,40.77432692655762
Tron-o-matic 3 Pro,Philadelphia_01,2024-11-21,49.99143843058094,54.04907444423492,56.871617373849084,53.687695219099034
Tron-o-matic 3 Pro,Philadelphia_01,2024-11-22,35.555716424626794,38.783118344309536,41.7436152054329,38.65607195242473
Tron-o-matic 3 Pro,Philadelphia_01,2024-11-23,31.57485364560991,34.28910078219284,38.13163237547949,34.58529512471069
Tron-o-matic 3 Pro,Philadelphia_01,2024-11-24,31.248849592974608,34.723064037916416,37.67663087269887,34.61039532896282
Tron-o-matic 3 Pro,Philadelphia_01,2024-11-25,31.167757173483167,34.70240447570331,37.65484724906093,34.522226392675236
Tron-o-matic 3 Pro,Philadelphia_01,2024-11-26,36.860486920657145,39.44567929067301,42.64559849427902,39.59044240637152
Tron-o-matic 3 Pro,Philadelphia_01,2024-11-27,52.19315263196268,54.85385075717186,57.86025969467682,54.97763035262415
Tron-o-matic 3 Pro,Philadelphia_01,2024-11-28,31.9130919993456,34.814221543559,37.658651980397664,34.76596002168725
Tron-o-matic 3 Pro,Philadelphia_01,2024-11-29,57.306965716628504,60.1588097715274,63.04297690800056,60.140857610014535
Tron-o-matic 3 Pro,Philadelphia_01,2024-11-30,30.950273813780242,34.23448977754244,38.4341960616467,34.52229968725671
Tron-o-matic 3 Pro,Philadelphia_01,2024-12-01,50.164694108417414,54.73952943670342,57.97943836758172,54.55430360403083
Tron-o-matic 3 Pro,Philadelphia_01,2024-12-02,31.04886308667128,34.24853289446604,38.03409767137764,34.316374227573526
Tron-o-matic 3 Pro,Philadelphia_01,2024-12-03,31.163557775357514,35.17174709095722,37.91020564996528,34.858605400605
Tron-o-matic 3 Pro,Philadelphia_01,2024-12-04,47.72361215532509,51.16452559215275,54.32660882566186,51.106024351318595
Tron-o-matic 3 Pro,Philadelphia_01,2024-12-05,30.931403677165484,34.49599671509028,37.489396098574524,34.193938857122944
Tron-o-matic 3 Pro,Philadelphia_01,2024-12-06,31.38573759190872,34.744157015804255,37.58983574295259,34.67999009357576
Tron-o-matic 3 Pro,Philadelphia_01,2024-12-07,35.99694518173513,38.64885109809308,42.23386022125182,38.91528723121972
Tron-o-matic 3 Pro,Philadelphia_01,2024-12-08,55.06883090413487,59.114374149342154,61.93959270283109,58.597757753789914
Tron-o-matic 3 Pro,Philadelphia_01,2024-12-09,30.983110519029502,34.32618574071916,36.843903887978314,34.32128165253048
Tron-o-matic 3 Pro,Philadelphia_01,2024-12-10,49.09504480059239,51.93535620829871,55.8986599831301,52.22150423900469
Tron-o-matic 3 Pro,Philadelphia_01,2024-12-11,30.67594676283074,34.36630885038048,37.25749682824705,34.31338612403362
Tron-o-matic 3 Pro,Philadelphia_01,2024-12-12,31.641066701483417,34.414318514594534,37.51857802244892,34.44379541195439
Tron-o-matic 3 Pro,Philadelphia_01,2024-12-13,39.552605691430195,43.1710176645714,46.75495905090074,43.22102731926263
Tron-o-matic 3 Pro,Philadelphia_01,2024-12-14,31.26176135404044,34.83041898263188,37.651435212945024,34.656553639598506
Tron-o-matic 3 Pro,Philadelphia_01,2024-12-15,54.48106200319668,58.38620296822022,61.382994240030236,58.05270341797041
Tron-o-matic 3 Pro,Philadelphia_01,2024-12-16,35.10274857312597,38.2044970322433,40.97860341524798,38.12441068324717
Tron-o-matic 3 Pro,Philadelphia_01,2024-12-17,30.816160417483555,33.57815016261994,37.232738875532384,33.66974564704691
Tron-o-matic 3 Pro,Philadelphia_01,2024-12-18,35.16242834990748,38.03079447386675,41.295417984677314,38.14853628252223
Tron-o-matic 3 Pro,Philadelphia_01,2024-12-19,41.108072541915135,44.377191109330404,47.38021076908284,44.30658601239049
Tron-o-matic 3 Pro,Philadelphia_01,2024-12-20,30.881194678462435,33.81607309579456,37.464407020746606,34.148542276155084
Tron-o-matic 3 Pro,Philadelphia_01,2024-12-21,42.04674711439403,44.92050235220447,48.339913313091515,45.08551803997702
Tron-o-matic 3 Pro,Philadelphia_01,2024-12-22,55.628827427453885,58.64430028815244,61.95601923294614,58.80364801031246
Tron-o-matic 3 Pro,Philadelphia_01,2024-12-23,41.178559339202444,44.719935539615015,48.065404466874575,44.48249569551114
Tron-o-matic 3 Pro,Philadelphia_01,2024-12-24,30.181524195430583,33.9057113027211,38.23714964121515,33.9225387981959
Tron-o-matic 3 Pro,Philadelphia_01,2024-12-25,31.515752591617236,34.59492007305466,37.495691127799795,34.49881998643862
Tron-o-matic 3 Pro,Philadelphia_01,2024-12-26,30.948633987984618,33.8504924503902,37.1298901970476,33.91013094300462
Tron-o-matic 3 Pro,Philadelphia_01,2024-12-27,31.631603237412186,34.58546787445539,37.82516658061523,34.81757586400419
Tron-o-matic 3 Pro,Philadelphia_01,2024-12-28,31.07553761867185,34.90726144060544,38.172583097312476,34.675450805296094
Tron-o-matic 3 Pro,Philadelphia_01,2024-12-29,38.17837108868246,41.52094821706431,44.92888222450856,41.40209394092648
Tron-o-matic 3 Pro,Philadelphia_01,2024-12-30,32.96137620536555,35.62004681250694,38.73599980539645,35.48362885425673
Tron-o-matic 3 Pro,Philadelphia_01,2024-12-31,38.77011737129705,41.9160001312699,45.648035098305044,42.03319012209727
Tron-o-matic 3,Dallas_01,2024-10-01,114.45750278550155,128.8960213737654,142.27932230515472,127.7776196390069
Tron-o-matic 3,Dallas_01,2024-10-02,115.72851694853917,129.8765329237944,142.78292857650513,129.48644160787651
Tron-o-matic 3,Dallas_01,2024-10-03,114.61143195799224,128.97589200642187,141.89489680906593,129.02898011473056
Tron-o-matic 3,Dallas_01,2024-10-04,114.2840772875884,128.00092602499228,144.30901287948734,128.7534358823121
Tron-o-matic 3,Dallas_01,2024-10-05,114.34665746281543,129.6966806412809,144.48913800450305,129.21861781280657
Tron-o-matic 3,Dallas_01,2024-10-06,111.2856967093931,127.73931568311329,141.58721695082056,126.76721090534225
Tron-o-matic 3,Dallas_01,2024-10-07,114.89956074305223,129.00912838818246,142.25100530857912,128.80992104806487
Tron-o-matic 3,Dallas_01,2024-10-08,113.75054484846045,125.7060850430992,138.37774349645952,126.43538717365364
Tron-o-matic 3,Dallas_01,2024-10-09,150.7221489229629,163.35218895573584,177.1804556067558,163.6836373775238
Tron-o-matic 3,Dallas_01,2024-10-10,165.92469032599558,179.56545032222775,190.047900349571,178.71046674338436
Tron-o-matic 3,Dallas_01,2024-10-11,230.39979318092372,244.31452033948386,261.1172157289999,245.1363277359487
Tron-o-matic 3,Dallas_01,2024-10-12,114.0798222790933,128.92474606977578,140.40261429996576,128.09433719880124
Tron-o-matic 3,Dallas_01,2024-10-13,113.32925500843943,125.95956861391696,138.97689425396396,126.28420423879845
Tron-o-matic 3,Dallas_01,2024-10-14,238.66573349891019,251.0490619466315,263.88645159853684,250.8974951582374
Tron-o-matic 3,Dallas_01,2024-10-15,203.11896911823254,216.01056784784063,230.0736646515405,216.0821691882104
Tron-o-matic 3,Dallas_01,2024-10-16,208.44537696692018,222.14669869421442,235.14905060821138,222.09093731892503
Tron-o-matic 3,Dallas_01,2024-10-17,114.57683832464298,125.16152508297581,136.49972709865304,124.48948287486039
Tron-o-matic 3,Dallas_01,2024-10-18,230.13652681721118,247.85582167452205,262.17567871433505,247.10928916915782
Tron-o-matic 3,Dallas_01,2024-10-19,219.70359795835518,232.1788804199241,244.82523800904121,232.41766456504013
Tron-o-matic 3,Dallas_01,2024-10-20,108.18710388318452,122.96842486376664,135.6000233098472,122.26423262287484
Tron-o-matic 3,Dallas_01,2024-10-21,156.98853850368104,169.1782244038275,183.97057029714318,169.46090435622486
Tron-o-matic 3,Dallas_01,2024-10-22,106.98250069621291,123.21360144608806,136.08903407886731,121.08791813962779
Tron-o-matic 3,Dallas_01,2024-10-23,107.28574136993728,122.65520859935917,139.44026821822817,122.9196410021385
Tron-o-matic 3,Dallas_01,2024-10-24,111.1908736171328,121.6524343162106,136.5285426599349,122.91929265084529
Tron-o-matic 3,Dallas_01,2024-10-25,105.0626795215987,118.10387755979293,129.09257691683612,117.86691753127486
Tron-o-matic 3,Dallas_01,2024-10-26,128.83124667681693,140.46378424440712,155.79295454086997,141.24160796618824
Tron-o-matic 3,Dallas_01,2024-10-27,158.48120785402674,174.47018558432063,188.09864907815646,173.867287182581
Tron-o-matic 3,Dallas_01,2024-10-28,160.42467696535607,174.2903053716179,190.14720559263512,174.1797523937125
Tron-o-matic 3,Dallas_01,2024-10-29,141.40331798034867,159.31436340762923,172.47481317238655,158.37063293431368
Tron-o-matic 3,Dallas_01,2024-10-30,228.26143612472964,245.34956065015083,257.43187869145055,243.89930095297652
Tron-o-matic 3,Dallas_01,2024-10-31,138.02946347646738,153.3758119429646,165.61228091227593,152.43532415386105
Tron-o-matic 3,Dallas_01,2024-11-01,156.29252687807974,170.3822715285288,184.44823933939978,168.80915876916475
Tron-o-matic 3,Dallas_01,2024-11-02,103.81796161757921,114.6289020528871,126.28555320181916,115.5046051890783
Tron-o-matic 3,Dallas_01,2024-11-03,101.6436050947444,116.3827244367634,129.26047920951464,115.87495094028083
Tron-o-matic 3,Dallas_01,2024-11-04,102.26611235766453,115.2431964665747,127.85214616392298,115.19269484694885
Tron-o-matic 3,Dallas_01,2024-11-05,98.85497289740854,114.13523736405948,127.72564591949404,114.05387368417533
Tron-o-matic 3,Dallas_01,2024-11-06,96.72949934150392,111.72813615162278,126.67536174220037,111.91048406123893
Tron-o-matic 3,Dallas_01,2024-11-07,101.27053225061725,111.96137744006298,129.16146423205993,113.52000326801596
Tron-o-matic 3,Dallas_01,2024-11-08,100.47000928353002,114.6665268732413,127.54860192688162,113.40311948201041
Tron-o-matic 3,Dallas_01,2024-11-09,103.40635537816556,118.19888459558376,131.24931928897144,117.28076736312602
Tron-o-matic 3,Dallas_01,2024-11-10,99.13788765220572,111.22891114994486,123.30436941518137,110.8977903456504
Tron-o-matic 3,Dallas_01,2024-11-11,98.37350152553508,111.39330498002832,128.01453165135587,112.52897378601406
Tron-o-matic 3,Dallas_01,2024-11-12,99.19889775095298,113.21808701280668,124.01705040073468,112.45116122004842
Tron-o-matic 3,Dallas_01,2024-11-13,97.75183479376469,113.76396294711533,126.95597494854849,112.32407148799666
Tron-o-matic 3,Dallas_01,2024-11-14,131.19452156236272,146.3774077371822,156.10816891667372,144.81566996941743
Tron-o-matic 3,Dallas_01,2024-11-15,154.28385852833566,167.66755898614116,181.43486468499984,167.9427084617929
Tron-o-matic 3,Dallas_01,2024-11-16,135.0187825392494,146.1114875994182,160.4802154998681,147.02559760815078
Tron-o-matic 3,Dallas_01,2024-11-17,96.4411715915022,113.66458421047531,125.29415618618795,112.82516528815144
Tron-o-matic 3,Dallas_01,2024-11-18,94.64036094924788,110.77420783404129,123.13099583769521,109.49048044220602
Tron-o-matic 3,Dallas_01,2024-11-19,95.33767601718841,111.78516658104137,126.394153761581,110.68287501155018
Tron-o-matic 3,Dallas_01,2024-11-20,95.67722371157076,109.25485793365765,123.92710607071047,109.29687269126704
Tron-o-matic 3,Dallas_01,2024-11-21,181.7627378234367,195.92650756796317,207.3594048683246,195.83388227005332
Tron-o-matic 3,Dallas_01,2024-11-22,98.99933745257981,110.87985678151269,121.22992404590337,110.71362776134418
Tron-o-matic 3,Dallas_01,2024-11-23,100.73283989617472,112.20859127935438,124.87101154026055,112.17811085509469
Tron-o-matic 3,Dallas_01,2024-11-24,130.35540129180347,145.1555368180051,156.1546550168761,144.5730430782515
Tron-o-matic 3,Dallas_01,2024-11-25,97.21920237722784,111.33344290311229,127.13992552811314,111.72755561176058
Tron-o-matic 3,Dallas_01,2024-11-26,98.34473601038192,114.63494134305547,126.39809704019048,113.07499569116155
Tron-o-matic 3,Dallas_01,2024-11-27,136.4063994419462,148.08202078298459,159.38626631593672,147.7967350102474
Tron-o-matic 3,Dallas_01,2024-11-28,150.98723869781801,164.65104568440773,177.10393542589225,164.9636066421655
Tron-o-matic 3,Dallas_01,2024-11-29,224.47552647500646,238.32388696401875,254.50983033313273,239.55418685968917
Tron-o-matic 3,Dallas_01,2024-11-30,201.6710360777464,216.86826228662812,225.9624552681335,215.09916407543813
Tron-o-matic 3,Dallas_01,2024-12-01,208.66945286065157,221.47468287499453,238.15196907076063,221.86397865422038
Tron-o-matic 3,Dallas_01,2024-12-02,98.77174473468625,112.9339065499618,125.73225023944079,112.52490431693145
Tron-o-matic 3,Dallas_01,2024-12-03,224.60333161251845,235.81974905298864,248.85608140185863,236.122589250893
Tron-o-matic 3,Dallas_01,2024-12-04,155.3433283753864,170.58092069867155,183.1083866347771,170.11108897488512
Tron-o-matic 3,Dallas_01,2024-12-05,103.76523601876902,115.02071258657013,127.66574787119102,114.54289520107166
Tron-o-matic 3,Dallas_01,2024-12-06,123.57232868511466,138.03529838914562,148.8727826038492,137.05782790030938
Tron-o-matic 3,Dallas_01,2024-12-07,159.33004232308204,169.97691330186376,185.48372242217872,170.75673373932975
Tron-o-matic 3,Dallas_01,2024-12-08,100.37155918540012,112.069514348798,126.03328045779517,112.1194230436484
Tron-o-matic 3,Dallas_01,2024-12-09,103.29133899518376,115.37695414890872,129.19878388570336,115.50779782463147
Tron-o-matic 3,Dallas_01,2024-12-10,106.06303733547297,115.59788009359126,131.70308587922483,116.96599415631368
Tron-o-matic 3,Dallas_01,2024-12-11,98.7955615414676,113.4528396006064,127.35094322522292,112.76025311718364
Tron-o-matic 3,Dallas_01,2024-12-12,96.39037344655745,115.33587892540076,126.47483211843418,113.9410394340087
Tron-o-matic 3,Dallas_01,2024-12-13,130.96702781134601,148.1326371718067,159.3341431229541,145.9044220994992
Tron-o-matic 3,Dallas_01,2024-12-14,102.0084260233794,116.95964298727156,127.66704861549864,115.75871887261283
Tron-o-matic 3,Dallas_01,2024-12-15,152.76916830759802,166.05746108692276,180.13768575141398,166.4117675059644
Tron-o-matic 3,Dallas_01,2024-12-16,143.3447127113571,157.89654669592014,171.80387189883785,157.75474240120286
Tron-o-matic 3,Dallas_01,2024-12-17,97.06834051473551,112.48456028107141,126.52046807958146,112.8302227340137
Tron-o-matic 3,Dallas_01,2024-12-18,198.64331075891678,210.8754553084909,222.00303559258703,211.29675805745046
Tron-o-matic 3,Dallas_01,2024-12-19,192.15617246594616,205.3362887953487,216.51788870956577,204.86450241690008
Tron-o-matic 3,Dallas_01,2024-12-20,103.72071284909524,114.25441701175285,126.0017222144898,114.27074128290678
Tron-o-matic 3,Dallas_01,2024-12-21,104.83180434787627,115.14970227476296,125.44591325541019,115.04955994046611
Tron-o-matic 3,Dallas_01,2024-12-22,101.08224833149175,112.3355012198947,129.8662919074496,113.43708797194971
Tron-o-matic 3,Dallas_01,2024-12-23,102.83287516968933,115.69352717070333,128.2985290152314,115.83825699647399
Tron-o-matic 3,Dallas_01,2024-12-24,102.36748957434195,115.36264973709804,127.38027725527712,115.16443767358628
Tron-o-matic 3,Dallas_01,2024-12-25,153.7913023977194,169.30638826763587,182.85295307601754,168.84121282675244
Tron-o-matic 3,Dallas_01,2024-12-26,103.36548146751355,116.71396159747152,131.08144069988768,116.26670784969427
Tron-o-matic 3,Dallas_01,2024-12-27,102.32390868459778,114.10782175188801,126.9069292929414,114.42903389165653
Tron-o-matic 3,Dallas_01,2024-12-28,102.748827213821,115.70811558755182,130.8120720017436,115.99525798944194
Tron-o-matic 3,Dallas_01,2024-12-29,97.86164528254875,114.19721346739198,126.52065525876537,112.78889294215969
Tron-o-matic 3,Dallas_01,2024-12-30,194.77098199686156,206.64995143826118,220.9433900676311,206.95961289094961
Tron-o-matic 3,Dallas_01,2024-12-31,102.33215095263688,113.86030388286085,128.99809370091143,114.6712596800638
Tron-o-matic 3,Chicago_01,2024-10-01,141.2332001697347,159.97426977646205,175.87731147865608,158.34697135208293
Tron-o-matic 3,Chicago_01,2024-10-02,144.80923499980472,162.68771350284695,179.17345484601054,161.98563382656255
Tron-o-matic 3,Chicago_01,2024-10-03,142.89950789088064,161.21192572262007,175.66873634437815,160.07253568545934
Tron-o-matic 3,Chicago_01,2024-10-04,139.37203808891275,155.05139034179135,174.22273818302077,155.3775778233952
Tron-o-matic 3,Chicago_01,2024-10-05,142.22461920679888,158.63156269499734,176.998675245971,158.75218963019316
Tron-o-matic 3,Chicago_01,2024-10-06,139.76975625928418,157.3598829079313,173.42820108922268,157.0692212227195
Tron-o-matic 3,Chicago_01,2024-10-07,144.74954192571153,160.31098785041019,173.75575400083247,159.60867384677115
Tron-o-matic 3,Chicago_01,2024-10-08,141.71605952656256,157.83877629069636,173.7649353629643,158.29531252374372
Tron-o-matic 3,Chicago_01,2024-10-09,182.79425021555608,203.131443382244,221.05715199266376,202.40841267425097
Tron-o-matic 3,Chicago_01,2024-10-10,205.7873774515345,219.54337349153067,235.99334999083402,220.42102292514173
Tron-o-matic 3,Chicago_01,2024-10-11,288.61329239419706,301.4769586209793,316.68005682492367,301.4008094179126
Tron-o-matic 3,Chicago_01,2024-10-12,140.33447123043123,158.14200847791975,171.6687033956821,156.1251198428036
Tron-o-matic 3,Chicago_01,2024-10-13,137.58930117359637,157.45990907519106,175.20585966682262,156.70449341703628
Tron-o-matic 3,Chicago_01,2024-10-14,294.3347509560576,313.8151046454098,328.3278907211934,311.6472028618365
Tron-o-matic 3,Chicago_01,2024-10-15,254.68472071320193,270.1349878418706,288.0870876631333,269.83630078622883
Tron-o-matic 3,Chicago_01,2024-10-16,256.47213849249863,279.4428008141264,296.1409551932471,278.01860432559863
Tron-o-matic 3,Chicago_01,2024-10-17,134.09057011282107,153.3475671546202,168.404131578456,152.40807692229512
Tron-o-matic 3,Chicago_01,2024-10-18,286.90192107555066,305.4881541854454,322.82761882388843,305.06051599853106
Tron-o-matic 3,Chicago_01,2024-10-19,266.59289267413766,291.6664371613742,305.5832474992447,289.20565561406846
Tron-o-matic 3,Chicago_01,2024-10-20,132.454881554128,147.5128612739176,166.869611700019,149.6112661638812
Tron-o-matic 3,Chicago_01,2024-10-21,189.45030561459134,206.77798514824153,226.09145776873078,207.34708704137222
Tron-o-matic 3,Chicago_01,2024-10-22,137.7507708958824,152.6919669066508,167.6789476294055,152.56164007312006
Tron-o-matic 3,Chicago_01,2024-10-23,127.63613458947478,150.19886964940324,169.086221155632,148.9992601722789
Tron-o-matic 3,Chicago_01,2024-10-24,134.26444461423122,153.25087963697604,166.758083443452,151.51822207242486
Tron-o-matic 3,Chicago_01,2024-10-25,130.06211624492545,149.0483788202599,166.76067443948335,148.5142905334249
Tron-o-matic 3,Chicago_01,2024-10-26,159.32026293678877,173.2639595070023,192.8010679885971,174.05827713720592
Tron-o-matic 3,Chicago_01,2024-10-27,202.0345403571042,216.2701981149831,235.82924114505744,217.25987949439283
Tron-o-matic 3,Chicago_01,2024-10-28,201.265071303794,217.99985140597266,232.3986619272417,217.56757676456192
Tron-o-matic 3,Chicago_01,2024-10-29,182.8262549679058,200.3398838200791,213.59799192684153,199.08207921492578
Tron-o-matic 3,Chicago_01,2024-10-30,287.27853775558583,307.10781916456045,318.4940410649481,304.7428753526533
Tron-o-matic 3,Chicago_01,2024-10-31,169.59864195247428,191.08125150638102,210.51364300016093,190.32663243499073
Tron-o-matic 3,Chicago_01,2024-11-01,195.31926918149065,214.38889612995789,228.526857000337,212.83930161303536
Tron-o-matic 3,Chicago_01,2024-11-02,131.9245781923662,150.09808418166995,165.07083497822734,149.21965989941566
Tron-o-matic 3,Chicago_01,2024-11-03,129.8823391372035,148.45318957590024,160.61943807009382,146.4799973704523
Tron-o-matic 3,Chicago_01,2024-11-04,132.06452207619645,148.7641857639461,162.2530235575935,147.28613431709365
Tron-o-matic 3,Chicago_01,2024-11-05,129.76706276621223,145.0626009500031,161.8972301888971,145.19817293747275
Tron-o-matic 3,Chicago_01,2024-11-06,126.57027627095997,142.99188786947647,164.3303377675125,143.80487312269912
Tron-o-matic 3,Chicago_01,2024-11-07,126.23338680013892,142.2919359676467,160.06895497395925,142.05542930155815
Tron-o-matic 3,Chicago_01,2024-11-08,124.2324902723239,143.4902310357365,159.03822129479832,140.92535360249386
Tron-o-matic 3,Chicago_01,2024-11-09,126.82320014682091,144.8572161587613,160.88047055976182,144.64577650471742
Tron-o-matic 3,Chicago_01,2024-11-10,122.52745864887623,139.58302250318619,154.21629502566032,138.94867302401522
Tron-o-matic 3,Chicago_01,2024-11-11,124.89335886478833,139.62054721079573,162.99862687973126,141.71432150788152
Tron-o-matic 3,Chicago_01,2024-11-12,122.18925329941469,139.03408012100732,158.7131223599375,139.4070212484941
Tron-o-matic 3,Chicago_01,2024-11-13,119.06679175420713,139.42042764538374,159.7964439191942,139.4072888854683
Tron-o-matic 3,Chicago_01,2024-11-14,164.09864322451688,177.73932256411248,195.69586905126872,179.41097088310522
Tron-o-matic 3,Chicago_01,2024-11-15,188.3907390951518,209.3453449982448,224.77828346501093,208.3234924857953
Tron-o-matic 3,Chicago_01,2024-11-16,160.48754627016964,184.7199320035359,201.93203087141316,182.669427839913
Tron-o-matic 3,Chicago_01,2024-11-17,120.67201177043543,137.12880306024124,155.19522641701465,137.68857149016702
Tron-o-matic 3,Chicago_01,2024-11-18,122.80760713466618,138.17771935257733,153.525483668609,137.41916086602617
Tron-o-matic 3,Chicago_01,2024-11-19,120.59720115047816,137.19275893154455,152.62394660323963,137.4038448156372
Tron-o-matic 3,Chicago_01,2024-11-20,118.22879145749656,135.4852771643022,153.68776759598603,135.18298650738367
Tron-o-matic 3,Chicago_01,2024-11-21,226.65689344398174,244.12045103826978,258.2403664059233,242.8543636876982
Tron-o-matic 3,Chicago_01,2024-11-22,117.11522134854131,134.88262404995888,152.49590665229184,135.05495879676263
Tron-o-matic 3,Chicago_01,2024-11-23,115.56827714024712,141.10120213578685,157.74881865572505,138.520225284317
Tron-o-matic 3,Chicago_01,2024-11-24,164.04108357482468,180.87812696778698,196.1905610995863,179.8598848917976
Tron-o-matic 3,Chicago_01,2024-11-25,118.74481739316961,134.31386455139435,152.6764804742107,135.89871203372013
Tron-o-matic 3,Chicago_01,2024-11-26,121.47517587336804,139.93687397182876,151.40139136464904,138.34369087423696
Tron-o-matic 3,Chicago_01,2024-11-27,166.84067510344846,184.40257942330834,200.08998913409062,182.22129536077443
Tron-o-matic 3,Chicago_01,2024-11-28,182.4914018570505,202.41790135526583,220.33921867672743,202.23473465268006
Tron-o-matic 3,Chicago_01,2024-11-29,279.07645383515666,296.9844571214292,308.7088093834705,295.46462555239896
Tron-o-matic 3,Chicago_01,2024-11-30,248.8020246853322,265.4084066102017,280.74350571955546,264.18108853155144
Tron-o-matic 3,Chicago_01,2024-12-01,258.17297733004284,272.3344237262384,288.6349500032055,272.82538823577545
Tron-o-matic 3,Chicago_01,2024-12-02,119.85189707168482,140.87798089819776,160.39976053633856,140.57581403329561
Tron-o-matic 3,Chicago_01,2024-12-03,276.8074681208059,293.41808806185486,310.29242251227333,292.4378361593126
Tron-o-matic 3,Chicago_01,2024-12-04,192.11587779603087,212.47627128474616,228.67442708738605,211.6586925540135
Tron-o-matic 3,Chicago_01,2024-12-05,119.97141510737205,139.85961550776597,155.35105327895303,138.29174907638568
Tron-o-matic 3,Chicago_01,2024-12-06,151.70815999745696,167.00193814357652,187.02092568277845,167.21489691161813
Tron-o-matic 3,Chicago_01,2024-12-07,192.9107235912672,212.10603621595405,228.08442686237942,210.64629177010318
Tron-o-matic 3,Chicago_01,2024-12-08,123.05035475337345,139.7240216966686,156.41718900658432,138.87500377234758
Tron-o-matic 3,Chicago_01,2024-12-09,128.4384412753638,143.47010115672904,160.66636090318448,144.97203252044855
Tron-o-matic 3,Chicago_01,2024-12-10,126.12726404786292,139.40398444420123,159.06124955220963,141.08087041413165
Tron-o-matic 3,Chicago_01,2024-12-11,121.73260501483145,142.2682704150404,161.458458764691,141.93108368617138
Tron-o-matic 3,Chicago_01,2024-12-12,122.67303558761265,139.35282502846152,157.7042038877336,140.200338838344
Tron-o-matic 3,Chicago_01,2024-12-13,163.96184851096996,182.38422577949834,199.09456149360665,181.63412350359118
Tron-o-matic 3,Chicago_01,2024-12-14,129.58813409919657,146.27947185365727,161.66539940983895,144.58973873616998
Tron-o-matic 3,Chicago_01,2024-12-15,195.27539634831285,214.18682968695785,225.76265234617347,211.72557957451434
Tron-o-matic 3,Chicago_01,2024-12-16,174.86420311083532,194.6940608900922,210.29710060017456,193.58372438108978
Tron-o-matic 3,Chicago_01,2024-12-17,124.1719526689474,142.92898279834398,160.3239448380666,142.92731342811672
Tron-o-matic 3,Chicago_01,2024-12-18,244.9243851705154,265.0929145005962,279.9550170986685,262.75169881297717
Tron-o-matic 3,Chicago_01,2024-12-19,237.52445034212934,253.91903518628246,269.0657109024323,253.9036304231157
Tron-o-matic 3,Chicago_01,2024-12-20,123.2050327058743,140.7558922397661,158.41076477383973,140.7384480983067
Tron-o-matic 3,Chicago_01,2024-12-21,129.09206033111064,143.92978129307195,161.3818550002377,144.39637360066837
Tron-o-matic 3,Chicago_01,2024-12-22,122.8459416739811,141.03476827792431,158.06719165963045,141.10942459652702
Tron-o-matic 3,Chicago_01,2024-12-23,128.94288469136396,142.2467954981382,161.39094418051263,143.34766623807832
Tron-o-matic 3,Chicago_01,2024-12-24,125.98755751525412,142.99596953146624,157.55005109686235,142.8390160593048
Tron-o-matic 3,Chicago_01,2024-12-25,191.9013829040056,209.36647602957117,228.35478353702894,210.31920981692437
Tron-o-matic 3,Chicago_01,2024-12-26,126.53576157203355,143.6570520258891,158.65161290557052,142.91979040427887
Tron-o-matic 3,Chicago_01,2024-12-27,126.87388323163948,143.53628095159473,157.00834535569314,142.20624071806796
Tron-o-matic 3,Chicago_01,2024-12-28,129.92123638694443,145.56978085512998,163.02386448492683,145.82630679721976
Tron-o-matic 3,Chicago_01,2024-12-29,128.5718400417548,142.60635825895812,158.49907582950425,142.5682973142659
Tron-o-matic 3,Chicago_01,2024-12-30,240.27856793991987,258.7985259491732,272.1982200177478,257.4081803000415
Tron-o-matic 3,Chicago_01,2024-12-31,127.12342968834096,145.03786743154248,160.9659162633927,144.31166616761757
Tron-o-matic 3 Pro,NewYork_02,2024-10-01,56.6157022467336,61.52143725920023,66.75566222111934,61.80308488512829
Tron-o-matic 3 Pro,NewYork_02,2024-10-02,58.16691396163467,63.019012834007206,68.04014446392979,63.07472646448477
Tron-o-matic 3 Pro,NewYork_02,2024-10-03,56.582941855537385,61.64121382216036,65.98385858142927,61.58792809566467
Tron-o-matic 3 Pro,NewYork_02,2024-10-04,93.60262690476836,98.37682506262922,103.31564927249936,98.19150723958957
Tron-o-matic 3 Pro,NewYork_02,2024-10-05,58.01028601922735,63.19889264213717,68.57480556931061,63.43651748837997
Tron-o-matic 3 Pro,NewYork_02,2024-10-06,57.42877782632489,63.721754779055544,68.10663191254872,63.08067971666973
Tron-o-matic 3 Pro,NewYork_02,2024-10-07,66.5491046920385,70.42654664634338,74.7873572038323,70.5512493025315
Tron-o-matic 3 Pro,NewYork_02,2024-10-08,58.17280931635862,62.03125358379808,66.34281482678495,62.219583904408736
Tron-o-matic 3 Pro,NewYork_02,2024-10-09,68.95880206246926,72.92547957126816,77.87577193837353,73.38813656712118
Tron-o-matic 3 Pro,NewYork_02,2024-10-10,56.86192676760297,61.943551050580645,67.40593762026378,62.17315928994455
Tron-o-matic 3 Pro,NewYork_02,2024-10-11,56.38480998774877,62.1510029460737,66.43582140893025,61.75523948802034
Tron-o-matic 3 Pro,NewYork_02,2024-10-12,56.48600915264953,62.25536785708308,68.06161523780494,62.45127292937874
Tron-o-matic 3 Pro,NewYork_02,2024-10-13,57.20844744259715,62.91782668281906,67.93078364674446,62.77348000940258
Tron-o-matic 3 Pro,NewYork_02,2024-10-14,56.847597829936795,61.61231315593891,66.83957451779533,61.62626699846253
Tron-o-matic 3 Pro,NewYork_02,2024-10-15,56.981404493418864,61.80657363732344,66.61286443301819,61.778344172294425
Tron-o-matic 3 Pro,NewYork_02,2024-10-16,56.85205467126526,62.95481601465047,66.84266617998264,62.36535352402903
Tron-o-matic 3 Pro,NewYork_02,2024-10-17,55.651918702409176,62.166558989035664,65.83647954840175,61.42485322279374
Tron-o-matic 3 Pro,NewYork_02,2024-10-18,56.84588068891759,61.49830552103339,66.3516570646578,61.52752969569296
Tron-o-matic 3 Pro,NewYork_02,2024-10-19,56.20522425234512,61.842859255801685,66.41383698616634,61.70420313338398
Tron-o-matic 3 Pro,NewYork_02,2024-10-20,84.9498179364933,90.29715787300518,95.58725068567902,90.58062617223675
Tron-o-matic 3 Pro,NewYork_02,2024-10-21,62.812422474074516,67.95226396211889,70.63535579349171,67.45804363757107
Tron-o-matic 3 Pro,NewYork_02,2024-10-22,69.49665175214611,74.89879965890867,78.54474965371159,74.39279363096841
Tron-o-matic 3 Pro,NewYork_02,2024-10-23,72.82727886451121,76.97741678110226,82.6134849386208,77.17654040479788
Tron-o-matic 3 Pro,NewYork_02,2024-10-24,55.31136593597047,60.95505574948556,66.63894898627288,60.73477683416472
Tron-o-matic 3 Pro,NewYork_02,2024-10-25,93.10386702555073,98.90284182960154,102.5646903196918,98.41116786196518
Tron-o-matic 3 Pro,NewYork_02,2024-10-26,64.15826436664281,68.75434724408824,74.0316183287548,68.71956413723419
Tron-o-matic 3 Pro,NewYork_02,2024-10-27,56.37219241520431,60.254610411701115,63.8035816158869,60.19642882093099
Tron-o-matic 3 Pro,NewYork_02,2024-10-28,66.08850282536521,70.75836137878198,75.76961955098702,70.69667243227686
Tron-o-matic 3 Pro,NewYork_02,2024-10-29,52.78790073098185,58.60792212023708,63.28696357081499,58.55688325928798
Tron-o-matic 3 Pro,NewYork_02,2024-10-30,91.1487003674879,96.60825459930945,102.11343482016899,96.57972835724621
Tron-o-matic 3 Pro,NewYork_02,2024-10-31,52.761322469098026,57.873187688282755,64.00262808361052,57.82716213617099
Tron-o-matic 3 Pro,NewYork_02,2024-11-01,70.92102230801163,74.67247098654997,79.28325779370726,74.89448068392839
Tron-o-matic 3 Pro,NewYork_02,2024-11-02,53.47907475521671,58.33407187320369,62.18500569464705,57.853447532222745
Tron-o-matic 3 Pro,NewYork_02,2024-11-03,52.35592090392897,57.465705888533115,62.69282418298002,57.6867853051001
Tron-o-matic 3 Pro,NewYork_02,2024-11-04,52.420464734724405,56.94910036754152,62.49708133876054,57.20613102952308
Tron-o-matic 3 Pro,NewYork_02,2024-11-05,50.303958581951136,56.6653423311395,62.941932363662566,56.81163516866124
Tron-o-matic 3 Pro,NewYork_02,2024-11-06,50.37257572587486,56.62376942654566,61.03146203662002,56.12312859521012
Tron-o-matic 3 Pro,NewYork_02,2024-11-07,51.53496390429933,56.710654983838594,62.451577680114106,56.64119357646464
Tron-o-matic 3 Pro,NewYork_02,2024-11-08,62.34599567151747,68.26377295559699,71.72306306161303,67.56165721629826
Tron-o-matic 3 Pro,NewYork_02,2024-11-09,86.1757649833879,91.22676605967139,95.9715353801943,91.13060696947637
Tron-o-matic 3 Pro,NewYork_02,2024-11-10,51.0983388047745,55.69796657275858,60.61980499738217,55.69912521490584
Tron-o-matic 3 Pro,NewYork_02,2024-11-11,50.53845587244999,55.76252152858226,60.566000322942074,55.4517637858284
Tron-o-matic 3 Pro,NewYork_02,2024-11-12,88.67192367449944,93.65497127480157,98.79939052416364,93.63807563607814
Tron-o-matic 3 Pro,NewYork_02,2024-11-13,50.44114208034449,54.94688006734632,59.769824570818145,55.06674800818632
Tron-o-matic 3 Pro,NewYork_02,2024-11-14,50.22290658720157,54.95009835119467,60.274628492449494,55.042708305841295
Tron-o-matic 3 Pro,NewYork_02,2024-11-15,49.656351327924696,55.80772052528717,59.41124161708647,54.830516990310485
Tron-o-matic 3 Pro,NewYork_02,2024-11-16,51.38246717656363,55.56509116445495,59.8779188600541,55.743112717331776
Tron-o-matic 3 Pro,NewYork_02,2024-11-17,51.01293692344864,56.18566428145071,61.30306913560804,56.03009314127286
Tron-o-matic 3 Pro,NewYork_02,2024-11-18,64.7135098680669,69.2513643691283,73.79701556618964,69.39448174181481
Tron-o-matic 3 Pro,NewYork_02,2024-11-19,48.84529648527589,54.40318325897341,59.3504941612631,54.24395841442547
Tron-o-matic 3 Pro,NewYork_02,2024-11-20,59.75833785648621,66.20254938214899,70.14917353547166,65.52339938547514
Tron-o-matic 3 Pro,NewYork_02,2024-11-21,81.89651693153898,86.66214989383003,91.77333793101826,86.86564708691738
Tron-o-matic 3 Pro,NewYork_02,2024-11-22,56.86909277090344,61.487547252327985,67.04925997018336,61.73298507897165
Tron-o-matic 3 Pro,NewYork_02,2024-11-23,50.45196824561795,56.01617808359355,60.94034199690991,55.68102336223569
Tron-o-matic 3 Pro,NewYork_02,2024-11-24,51.912706813821735,56.166984103201436,60.14090663560256,56.27200774346067
Tron-o-matic 3 Pro,NewYork_02,2024-11-25,50.16094633060725,54.71252976677584,60.53269323268748,54.92088884384764
Tron-o-matic 3 Pro,NewYork_02,2024-11-26,58.14770690190531,63.40216801359786,68.73361906666612,63.4062818544653
Tron-o-matic 3 Pro,NewYork_02,2024-11-27,84.02496942127836,88.4197537673746,93.26071824110619,88.48713611560179
Tron-o-matic 3 Pro,NewYork_02,2024-11-28,50.038551084808006,56.60040374280666,61.11905013388285,55.81094543682262
Tron-o-matic 3 Pro,NewYork_02,2024-11-29,91.33880543233313,95.69054831728997,101.4368198569314,96.04314250303798
Tron-o-matic 3 Pro,NewYork_02,2024-11-30,51.03683034532067,56.354685874268824,61.79806650825601,56.40528510369738
Tron-o-matic 3 Pro,NewYork_02,2024-12-01,82.8171097043477,87.32835387456359,92.64206316978823,87.54517935660357
Tron-o-matic 3 Pro,NewYork_02,2024-12-02,48.381299849443494,54.791525758368586,60.61555430485986,55.026116815436126
Tron-o-matic 3 Pro,NewYork_02,2024-12-03,49.85108025062291,56.22503278225916,61.118971442537735,55.67054689837759
Tron-o-matic 3 Pro,NewYork_02,2024-12-04,77.31604870225708,81.77162557173854,86.98119608484582,82.17148554989663
Tron-o-matic 3 Pro,NewYork_02,2024-12-05,50.77615410393214,55.74992258771641,60.73816304364551,55.82668097923248
Tron-o-matic 3 Pro,NewYork_02,2024-12-06,50.68562885180335,55.665667037855485,60.63513400145885,55.475649890995
Tron-o-matic 3 Pro,NewYork_02,2024-12-07,57.92205543343031,62.85485932267992,67.58796558999069,62.763703062688585
Tron-o-matic 3 Pro,NewYork_02,2024-12-08,91.99483323485548,96.1770307329759,101.52702594205246,96.38003736011198
Tron-o-matic 3 Pro,NewYork_02,2024-12-09,50.50799902944868,55.44538731064751,61.41072669609843,55.869917018397345
Tron-o-matic 3 Pro,NewYork_02,2024-12-10,80.00573041373147,84.96353584287405,90.29899375309655,85.14728796056211
Tron-o-matic 3 Pro,NewYork_02,2024-12-11,50.31231744734778,55.32211907519129,60.843588081862656,55.62347247395947
Tron-o-matic 3 Pro,NewYork_02,2024-12-12,50.72595131193598,55.07038440719041,60.7384417316723,55.49577149249328
Tron-o-matic 3 Pro,NewYork_02,2024-12-13,63.880706543805296,68.99738649322111,73.58727240431041,69.20568422500833
Tron-o-matic 3 Pro,NewYork_02,2024-12-14,51.16139637907947,56.003413962437364,60.60612212923135,56.04797023141191
Tron-o-matic 3 Pro,NewYork_02,2024-12-15,89.68351455501272,94.44028248565057,99.69356345813429,94.49841563515507
Tron-o-matic 3 Pro,NewYork_02,2024-12-16,56.91151742834741,61.956334650219155,67.19597691379991,61.996191910632014
Tron-o-matic 3 Pro,NewYork_02,2024-12-17,50.33708011282152,54.888302256459234,61.56011270601038,55.33575396029207
Tron-o-matic 3 Pro,NewYork_02,2024-12-18,58.13580785477444,63.85455963776837,68.69346852774653,63.35088801824907
Tron-o-matic 3 Pro,NewYork_02,2024-12-19,66.11968333386844,70.41640973132489,75.7705843883583,70.72430373814521
Tron-o-matic 3 Pro,NewYork_02,2024-12-20,50.277290028924355,55.76593622557866,61.04691956686561,55.5505878097424
Tron-o-matic 3 Pro,NewYork_02,2024-12-21,67.6776726231631,74.48296891213083,80.56760400549135,73.99406217493757
Tron-o-matic 3 Pro,NewYork_02,2024-12-22,91.52203263255414,97.07553959471043,102.33974338805112,96.79376000442288
Tron-o-matic 3 Pro,NewYork_02,2024-12-23,66.41806853544186,73.23357049933843,78.6916956414752,72.95874745959685
Tron-o-matic 3 Pro,NewYork_02,2024-12-24,51.85949605332682,56.30996517499654,61.45658873162915,56.544782606632516
Tron-o-matic 3 Pro,NewYork_02,2024-12-25,51.83422711501548,56.87086453377866,62.36735230724108,57.08761170340556
Tron-o-matic 3 Pro,NewYork_02,2024-12-26,51.53384582120323,56.47919190142242,61.47007324211034,56.36504415556754
Tron-o-matic 3 Pro,NewYork_02,2024-12-27,51.93913750559328,57.086339040820945,61.54035054172754,56.862180774101
Tron-o-matic 3 Pro,NewYork_02,2024-12-28,51.844749761710155,56.61475201813179,63.37302559247359,56.96790941145402
Tron-o-matic 3 Pro,NewYork_02,2024-12-29,63.700365204975995,68.8670936871556,74.21565601209095,68.80210924670841
Tron-o-matic 3 Pro,NewYork_02,2024-12-30,52.155663693323355,57.494252835205586,62.22119817472009,57.124740886630114
Tron-o-matic 3 Pro,NewYork_02,2024-12-31,62.817682985182664,67.31524779768812,71.73277007261116,67.3593130300979
Tron-o-matic 3 Pro,WashingtonDC_01,2024-10-01,35.56216302892197,38.75074502784011,41.650485188236686,38.63579917252336
Tron-o-matic 3 Pro,WashingtonDC_01,2024-10-02,35.924030574636625,39.323973680732564,42.44464484451375,39.32757770964483
Tron-o-matic 3 Pro,WashingtonDC_01,2024-10-03,35.91670181095867,38.74198642554651,41.96621474885375,38.98555419801502
Tron-o-matic 3 Pro,WashingtonDC_01,2024-10-04,58.403556127913134,61.70012171849198,64.65919222587632,61.604963640756885
Tron-o-matic 3 Pro,WashingtonDC_01,2024-10-05,35.833316982686085,38.96893513653523,43.18161080981238,39.29176125239101
Tron-o-matic 3 Pro,WashingtonDC_01,2024-10-06,36.37471789017986,39.50704560678943,42.47380996878918,39.5300245473816
Tron-o-matic 3 Pro,WashingtonDC_01,2024-10-07,41.19340887149942,44.542975719367114,47.7458162008012,44.50553586705944
Tron-o-matic 3 Pro,WashingtonDC_01,2024-10-08,35.15186962447062,39.035024174373994,42.13169332418589,38.86239341125682
Tron-o-matic 3 Pro,WashingtonDC_01,2024-10-09,43.44131112773497,46.279423595418564,49.450260794471575,46.386517285853046
Tron-o-matic 3 Pro,WashingtonDC_01,2024-10-10,35.80007847448995,38.96106396853023,41.41602379504696,38.704906947198985
Tron-o-matic 3 Pro,WashingtonDC_01,2024-10-11,35.73838498186317,39.62949086897223,43.3692080117972,39.581054715727895
Tron-o-matic 3 Pro,WashingtonDC_01,2024-10-12,35.64874383515179,39.49258928770177,42.27387111561945,39.22927832437231
Tron-o-matic 3 Pro,WashingtonDC_01,2024-10-13,35.61687355104226,39.1957737792546,43.48630766635739,39.443415026923965
Tron-o-matic 3 Pro,WashingtonDC_01,2024-10-14,35.79932159260179,39.69843698573161,42.81589369288564,39.36587012262212
Tron-o-matic 3 Pro,WashingtonDC_01,2024-10-15,35.95181172365543,39.5270096959014,42.14372524320607,39.29313736349433
Tron-o-matic 3 Pro,WashingtonDC_01,2024-10-16,35.38778818926703,39.34631447387748,42.477930476849224,39.20975411442926
Tron-o-matic 3 Pro,WashingtonDC_01,2024-10-17,35.993073926339,38.31401463067402,42.258623059005345,38.716084560130014
Tron-o-matic 3 Pro,WashingtonDC_01,2024-10-18,35.63900436123316,38.74322194990835,42.029125761838806,38.83326379672734
Tron-o-matic 3 Pro,WashingtonDC_01,2024-10-19,36.1135727170583,39.39861316561534,42.54284765680433,39.33736264538161
Tron-o-matic 3 Pro,WashingtonDC_01,2024-10-20,54.71020428792353,57.86255506882947,61.13633844490592,57.890893720357326
Tron-o-matic 3 Pro,WashingtonDC_01,2024-10-21,39.73900714816402,43.414412448118604,46.71088732705462,43.25266086760186
Tron-o-matic 3 Pro,WashingtonDC_01,2024-10-22,44.34539170114959,47.61240001775185,50.350246474260985,47.36706939154789
Tron-o-matic 3 Pro,WashingtonDC_01,2024-10-23,46.31417634737965,49.5754336809945,52.29570057533786,49.342529306760795
Tron-o-matic 3 Pro,WashingtonDC_01,2024-10-24,35.18300823931807,38.671894648075124,41.70049720619905,38.480668176560336
Tron-o-matic 3 Pro,WashingtonDC_01,2024-10-25,59.86847322334872,62.93068918066188,66.41718608640358,62.98428946980767
Tron-o-matic 3 Pro,WashingtonDC_01,2024-10-26,40.5247890540646,43.95830152105981,46.922705573096025,43.79091520869552
Tron-o-matic 3 Pro,WashingtonDC_01,2024-10-27,34.46534534578256,37.793725434269355,40.78526656750018,37.69811554121538
Tron-o-matic 3 Pro,WashingtonDC_01,2024-10-28,42.80233500518694,45.153163873279055,48.7231433949274,45.46856587887939
Tron-o-matic 3 Pro,WashingtonDC_01,2024-10-29,33.34339523432532,36.73064513284578,39.35740912416708,36.61853135970085
Tron-o-matic 3 Pro,WashingtonDC_01,2024-10-30,58.032475836140776,60.93615584093851,64.08724001392822,61.02873750804706
Tron-o-matic 3 Pro,WashingtonDC_01,2024-10-31,33.866607121821104,37.19073057811011,40.33060420352874,37.08818749717602
Tron-o-matic 3 Pro,WashingtonDC_01,2024-11-01,44.16973937165763,47.146077034392775,50.56098683986404,47.180723819081095
Tron-o-matic 3 Pro,WashingtonDC_01,2024-11-02,33.118827456885064,36.38240111094691,39.580154402316445,36.48959134634939
Tron-o-matic 3 Pro,WashingtonDC_01,2024-11-03,34.000906333359396,36.69298056043431,40.188765080244494,36.98688938701477
Tron-o-matic 3 Pro,WashingtonDC_01,2024-11-04,32.67911046744339,36.09281048154218,40.06290525222558,36.323393149657235
Tron-o-matic 3 Pro,WashingtonDC_01,2024-11-05,32.824847769563014,36.01633644107865,39.08979529288022,35.8840887489535
Tron-o-matic 3 Pro,WashingtonDC_01,2024-11-06,32.43954376082414,35.42250513154401,38.62233648070636,35.498559886887065
Tron-o-matic 3 Pro,WashingtonDC_01,2024-11-07,32.25354831231565,35.81402338571239,39.09659029292824,35.59331503063271
Tron-o-matic 3 Pro,WashingtonDC_01,2024-11-08,40.50652601256782,43.405382554925936,47.02819257702033,43.32679594853928
Tron-o-matic 3 Pro,WashingtonDC_01,2024-11-09,55.279284920740444,58.0360254716181,60.89557906750397,57.981275026448714
Tron-o-matic 3 Pro,WashingtonDC_01,2024-11-10,32.3187751358483,35.53907169863923,38.51579484309297,35.413789058556034
Tron-o-matic 3 Pro,WashingtonDC_01,2024-11-11,32.78388095474656,35.641149292164414,38.95155554605894,35.81539461721086
Tron-o-matic 3 Pro,WashingtonDC_01,2024-11-12,55.354037954057226,58.91975570083786,62.901014901522736,59.064086903957744
Tron-o-matic 3 Pro,WashingtonDC_01,2024-11-13,31.80468431181864,34.85326062670736,38.675134272714914,35.10300081068764
Tron-o-matic 3 Pro,WashingtonDC_01,2024-11-14,31.860149465287332,35.341146352958866,38.54569309037807,35.299267756194666
Tron-o-matic 3 Pro,WashingtonDC_01,2024-11-15,31.923547102693487,34.718876519385,37.86753364176827,34.735658494681076
Tron-o-matic 3 Pro,WashingtonDC_01,2024-11-16,32.420697791788484,35.45309412199977,38.31178034083808,35.38676905252318
Tron-o-matic 3 Pro,WashingtonDC_01,2024-11-17,31.309139957391125,35.310514187416906,38.730813486955434,35.20969955527339
Tron-o-matic 3 Pro,WashingtonDC_01,2024-11-18,39.855134890502214,43.73955222716793,47.19887857788119,43.624875811532064
Tron-o-matic 3 Pro,WashingtonDC_01,2024-11-19,30.74855725620429,34.7348307985603,38.19109198768376,34.82097202612159
Tron-o-matic 3 Pro,WashingtonDC_01,2024-11-20,38.235997411840195,41.11392446627831,43.86304292629191,41.0899405093576
Tron-o-matic 3 Pro,WashingtonDC_01,2024-11-21,51.55636954182494,55.494475053689676,58.98530014646599,55.49382529860538
Tron-o-matic 3 Pro,WashingtonDC_01,2024-11-22,36.41788715208737,39.83998438454062,42.74937738284783,39.698988610938
Tron-o-matic 3 Pro,WashingtonDC_01,2024-11-23,31.8767818059856,34.96940873750727,38.362997252325485,35.037147251348294
Tron-o-matic 3 Pro,WashingtonDC_01,2024-11-24,32.12257368857143,35.01545561495668,38.302992525207664,34.99797861015053
Tron-o-matic 3 Pro,WashingtonDC_01,2024-11-25,32.593554912337595,35.059853371101156,38.474985843966266,35.339937800441
Tron-o-matic 3 Pro,WashingtonDC_01,2024-11-26,37.30723103892779,40.528719763167274,43.20588898605869,40.40655294408861
Tron-o-matic 3 Pro,WashingtonDC_01,2024-11-27,52.24808686410183,55.69679844721006,59.62545329541483,55.70965339110343
Tron-o-matic 3 Pro,WashingtonDC_01,2024-11-28,31.79655722929625,34.97755827881052,37.86627362742116,35.03059105356841
Tron-o-matic 3 Pro,WashingtonDC_01,2024-11-29,57.969154244664246,60.54312423780234,63.200316162615486,60.52808660298973
Tron-o-matic 3 Pro,WashingtonDC_01,2024-11-30,31.881100783082083,36.150865569135064,38.83459861271332,35.76159357594753
Tron-o-matic 3 Pro,WashingtonDC_01,2024-12-01,53.17250277013045,56.175884370645456,59.179762725086924,56.23083437945774
Tron-o-matic 3 Pro,WashingtonDC_01,2024-12-02,32.613142568028714,35.919737862312566,38.99219291880806,35.8467999005135
Tron-o-matic 3 Pro,WashingtonDC_01,2024-12-03,32.24044332559726,35.731668691572885,39.716696229740805,35.838778776952225
Tron-o-matic 3 Pro,WashingtonDC_01,2024-12-04,48.491701731883914,51.850270657815706,55.563321741472556,51.90923896361189
Tron-o-matic 3 Pro,WashingtonDC_01,2024-12-05,33.26165520285191,36.08321959267797,39.81429966001607,36.13770708088038
Tron-o-matic 3 Pro,WashingtonDC_01,2024-12-06,32.79306224192064,35.59959747666211,38.51366248394285,35.68479423070055
Tron-o-matic 3 Pro,WashingtonDC_01,2024-12-07,36.798582834336415,40.21631268906118,44.49870934358899,40.42900667559654
Tron-o-matic 3 Pro,WashingtonDC_01,2024-12-08,57.72199945856726,60.20460394898336,63.694361584019624,60.53503211681951
Tron-o-matic 3 Pro,WashingtonDC_01,2024-12-09,33.375818265140246,36.232254516602666,38.78404781933636,36.007155727902365
Tron-o-matic 3 Pro,WashingtonDC_01,2024-12-10,49.76927032895203,52.74029428227992,55.64601842339176,52.78978342367469
Tron-o-matic 3 Pro,WashingtonDC_01,2024-12-11,32.028518520825756,35.472177993751735,38.992460047269795,35.462931714957236
Tron-o-matic 3 Pro,WashingtonDC_01,2024-12-12,32.382398812835696,35.11038191281518,39.07504653446031,35.35428379753382
Tron-o-matic 3 Pro,WashingtonDC_01,2024-12-13,40.7471165235513,44.20198155831725,47.08588635920337,44.04388727718683
Tron-o-matic 3 Pro,WashingtonDC_01,2024-12-14,32.700820472906436,35.83286946981326,39.705318780120976,35.92377859380437
Tron-o-matic 3 Pro,WashingtonDC_01,2024-12-15,56.389029432861165,59.89740465480344,63.002179369918004,59.7893359639454
Tron-o-matic 3 Pro,WashingtonDC_01,2024-12-16,37.1205562307233,39.58039408412672,44.08302967272809,40.10468705051821
Tron-o-matic 3 Pro,WashingtonDC_01,2024-12-17,32.954441165993046,35.38880122991523,38.54416518880306,35.52765182350757
Tron-o-matic 3 Pro,WashingtonDC_01,2024-12-18,37.23549097929457,40.460179546422836,43.76120409836816,40.40152855121994
Tron-o-matic 3 Pro,WashingtonDC_01,2024-12-19,42.911627540230526,46.06964643244352,48.78273554232994,45.77342273869488
Tron-o-matic 3 Pro,WashingtonDC_01,2024-12-20,32.41737000469609,35.61750844160926,39.61221120025817,35.82604838733524
Tron-o-matic 3 Pro,WashingtonDC_01,2024-12-21,43.47478089674511,47.042825188099556,49.95655408851411,46.83354401903623
Tron-o-matic 3 Pro,WashingtonDC_01,2024-12-22,58.41837837436843,61.174929682205445,64.08240606177972,61.28006806424381
Tron-o-matic 3 Pro,WashingtonDC_01,2024-12-23,43.441459319145025,46.40972885653663,50.28700807406965,46.73134040646343
Tron-o-matic 3 Pro,WashingtonDC_01,2024-12-24,32.66435769373464,35.336478259925904,38.94226385736472,35.4222316392842
Tron-o-matic 3 Pro,WashingtonDC_01,2024-12-25,32.53282564426939,35.98266951530527,39.534966516237354,35.941176226183714
Tron-o-matic 3 Pro,WashingtonDC_01,2024-12-26,33.14598743586948,35.706271499161126,39.22159324254287,36.06722808851371
Tron-o-matic 3 Pro,WashingtonDC_01,2024-12-27,32.11675072716024,35.25540689265053,38.57395450993134,35.42426954733599
Tron-o-matic 3 Pro,WashingtonDC_01,2024-12-28,33.473743284277376,36.427282431463034,39.363401093798565,36.349791318876655
Tron-o-matic 3 Pro,WashingtonDC_01,2024-12-29,40.03958505536243,43.72731412257455,46.05928257210257,43.30229050674587
Tron-o-matic 3 Pro,WashingtonDC_01,2024-12-30,33.475900975987074,35.999134272707984,39.34127905470158,36.20105494386123
Tron-o-matic 3 Pro,WashingtonDC_01,2024-12-31,39.58590057934064,42.31126537370266,46.37098355480968,42.74533663361637
Tron-o-matic 3,Atlanta_01,2024-10-01,86.83144501407457,99.10620530662918,107.88207508291092,97.71359958315934
Tron-o-matic 3,Atlanta_01,2024-10-02,88.01149930836209,100.4472807177439,109.22414155526897,99.23612885069804
Tron-o-matic 3,Atlanta_01,2024-10-03,89.15657762734726,99.03522093432167,107.3436149520404,99.03948490026224
Tron-o-matic 3,Atlanta_01,2024-10-04,86.2789479615256,99.37823543003154,106.77798224403513,98.1718700902228
Tron-o-matic 3,Atlanta_01,2024-10-05,88.24411014687739,98.67705181659733,109.59521797171514,98.58737965665705
Tron-o-matic 3,Atlanta_01,2024-10-06,88.37973405380161,98.19370643294893,106.76916904835494,97.87504084034899
Tron-o-matic 3,Atlanta_01,2024-10-07,88.70504538750923,97.91311278892566,109.87280879668167,98.56173133858555
Tron-o-matic 3,Atlanta_01,2024-10-08,86.97303835661725,97.74261970926139,108.99115244319536,97.96327054532537
Tron-o-matic 3,Atlanta_01,2024-10-09,116.98804915915682,126.63324681243049,136.61501821209228,126.38753823155916
Tron-o-matic 3,Atlanta_01,2024-10-10,130.74957011627646,138.64566126166238,147.9505596177009,139.0594685888765
Tron-o-matic 3,Atlanta_01,2024-10-11,180.79637543963435,189.93113863351883,198.99038959809852,190.01967221905662
Tron-o-matic 3,Atlanta_01,2024-10-12,85.17135633676797,97.65379301723442,108.61048751899082,97.33137853644374
Tron-o-matic 3,Atlanta_01,2024-10-13,87.88834327599542,99.01003412028317,108.10097198669118,98.64372689469799
Tron-o-matic 3,Atlanta_01,2024-10-14,184.96330086378825,196.33996832184144,205.51011675209406,195.05897210896853
Tron-o-matic 3,Atlanta_01,2024-10-15,155.1441262739427,167.55832102422644,176.67627712676634,167.05407350792757
Tron-o-matic 3,Atlanta_01,2024-10-16,163.2813864961763,173.40722064924105,182.36365511796035,173.03718020861677
Tron-o-matic 3,Atlanta_01,2024-10-17,84.51381083710301,96.57345799185434,109.69636043529127,97.05800849416123
Tron-o-matic 3,Atlanta_01,2024-10-18,178.40006248741298,191.7772535418286,199.72461003683833,190.00116407227466
Tron-o-matic 3,Atlanta_01,2024-10-19,171.19322431864003,179.71591592339368,190.66156282372393,180.30164679244163
Tron-o-matic 3,Atlanta_01,2024-10-20,85.3008532811333,95.13529274687927,106.79632119612462,96.14086434615288
Tron-o-matic 3,Atlanta_01,2024-10-21,121.9885792512464,130.87729418018372,139.47045383071904,130.9428685820592
Tron-o-matic 3,Atlanta_01,2024-10-22,84.78346579435531,93.9764202208566,105.45027191260232,94.82906406362717
Tron-o-matic 3,Atlanta_01,2024-10-23,85.79902116194916,96.79337366919599,106.03985289158075,97.02315729316041
Tron-o-matic 3,Atlanta_01,2024-10-24,88.39297931048867,97.01019699206151,106.9426518608162,97.23445169864917
Tron-o-matic 3,Atlanta_01,2024-10-25,81.36441047922811,90.01917526094024,102.62349994974593,90.98243685561334
Tron-o-matic 3,Atlanta_01,2024-10-26,97.21434576787604,107.27796374096386,116.39497538259985,107.62646681341043
Tron-o-matic 3,Atlanta_01,2024-10-27,124.37304378295497,134.0045891536143,145.74987222140373,134.0740332917361
Tron-o-matic 3,Atlanta_01,2024-10-28,125.38434232126264,135.77988305333844,145.9771304541767,135.19676200514223
Tron-o-matic 3,Atlanta_01,2024-10-29,114.09655286603726,123.54358763086626,133.53880464653028,123.10888986779041
Tron-o-matic 3,Atlanta_01,2024-10-30,176.04105028466938,188.73636053482133,198.6791937253428,188.12368638998717
Tron-o-matic 3,Atlanta_01,2024-10-31,109.133887807749,119.18962301544666,127.83006241992906,118.70895455034616
Tron-o-matic 3,Atlanta_01,2024-11-01,122.54845953788896,131.8534345149679,141.06239363529315,131.6682377168829
Tron-o-matic 3,Atlanta_01,2024-11-02,78.16941462245987,87.45889969438886,96.61891424424948,87.48797113870113
Tron-o-matic 3,Atlanta_01,2024-11-03,78.39004930132731,88.87696403731944,101.73951484449753,89.03377478818436
Tron-o-matic 3,Atlanta_01,2024-11-04,78.47472674832586,88.16141032612911,97.84731425270857,88.14856243743534
Tron-o-matic 3,Atlanta_01,2024-11-05,77.8407770656102,88.6731686753631,97.9442682067691,87.56384067894689
Tron-o-matic 3,Atlanta_01,2024-11-06,79.66920561599024,87.4978030347571,98.73989689443405,88.26804165869888
Tron-o-matic 3,Atlanta_01,2024-11-07,79.12956744459355,88.50352254846312,98.23106600861001,88.50390302052932
Tron-o-matic 3,Atlanta_01,2024-11-08,76.79586614784132,86.43306743198706,95.3561217861995,86.52408904612231
Tron-o-matic 3,Atlanta_01,2024-11-09,77.73652001293567,88.62399015684991,97.14403236546005,87.8757235152466
Tron-o-matic 3,Atlanta_01,2024-11-10,77.43793660615054,86.29146936970184,94.2363776688616,86.13693736238871
Tron-o-matic 3,Atlanta_01,2024-11-11,75.17434723040729,84.13475767694263,92.84002001379082,84.63715495274378
Tron-o-matic 3,Atlanta_01,2024-11-12,74.8166608057671,86.6787167045364,97.23086396948553,86.00682974643838
Tron-o-matic 3,Atlanta_01,2024-11-13,77.42473024594759,85.34799693086055,93.09082490261923,85.5976967922361
Tron-o-matic 3,Atlanta_01,2024-11-14,101.07119447378096,111.44069536636428,122.62437076107496,111.94855017840823
Tron-o-matic 3,Atlanta_01,2024-11-15,119.40433087161868,129.91909997223874,139.87219615873374,129.41842937858846
Tron-o-matic 3,Atlanta_01,2024-11-16,101.55911687306107,114.03325834593375,120.4979671119964,112.52141719801479
Tron-o-matic 3,Atlanta_01,2024-11-17,74.22474890117648,85.09233342957835,98.27559930683394,85.85661732343345
Tron-o-matic 3,Atlanta_01,2024-11-18,73.71415708253977,84.48090532829059,94.38542398166467,84.61917202006651
Tron-o-matic 3,Atlanta_01,2024-11-19,75.97280312931666,87.11260698096974,98.11139944256757,86.95586785162777
Tron-o-matic 3,Atlanta_01,2024-11-20,75.35869029381007,86.56082429648004,97.67970012645193,86.3788562398037
Tron-o-matic 3,Atlanta_01,2024-11-21,146.2266032387965,153.6069639785926,162.75701349245531,154.0929147408218
Tron-o-matic 3,Atlanta_01,2024-11-22,73.31460084561222,84.3169260994145,94.54498145151942,83.91126377757212
Tron-o-matic 3,Atlanta_01,2024-11-23,79.08469526428244,85.78617284499849,96.12078237667589,87.27006607522902
Tron-o-matic 3,Atlanta_01,2024-11-24,100.92767940407327,113.16059128280595,122.68233646210216,112.50979017552895
Tron-o-matic 3,Atlanta_01,2024-11-25,72.92543153395305,86.29858643484862,95.94410456480779,85.59081068517361
Tron-o-matic 3,Atlanta_01,2024-11-26,75.36980776710227,87.31128770868146,96.4817477374038,86.72142442920857
Tron-o-matic 3,Atlanta_01,2024-11-27,102.80902604435724,113.65668148285312,125.23569690368483,113.80563810173018
Tron-o-matic 3,Atlanta_01,2024-11-28,119.48411635997691,128.18794088007596,138.87504341444662,128.57402681726538
Tron-o-matic 3,Atlanta_01,2024-11-29,176.04008447643696,185.70962535928155,195.4433614945797,185.6744926321582
Tron-o-matic 3,Atlanta_01,2024-11-30,154.92833977329585,164.34504744272544,176.19067593988873,164.75005567954406
Tron-o-matic 3,Atlanta_01,2024-12-01,161.98552688435373,171.30498039416997,179.476858717367,170.79031032792642
Tron-o-matic 3,Atlanta_01,2024-12-02,76.90164331158623,86.52514488072545,95.0997921844748,86.03164649127184
Tron-o-matic 3,Atlanta_01,2024-12-03,170.80824873237924,182.21727653794574,193.61128620850178,182.06631827765025
Tron-o-matic 3,Atlanta_01,2024-12-04,120.68931276996891,129.8820257154402,141.66195086496063,130.5668977512493
Tron-o-matic 3,Atlanta_01,2024-12-05,79.93223439393476,89.188202981237,98.46330299553254,89.45447389089861
Tron-o-matic 3,Atlanta_01,2024-12-06,95.32588371280417,106.5792654428455,116.96878497382473,106.65188330166768
Tron-o-matic 3,Atlanta_01,2024-12-07,120.04397050744278,130.079246841678,141.23151281614767,130.15742973165396
Tron-o-matic 3,Atlanta_01,2024-12-08,77.08124285841453,88.09042612637944,98.86842850232432,88.34919423978396
Tron-o-matic 3,Atlanta_01,2024-12-09,76.3030370601776,86.97152413006532,95.95653093358622,86.41788156766512
Tron-o-matic 3,Atlanta_01,2024-12-10,78.37006263379736,89.25451369538848,97.21204519235339,88.69577491699762
Tron-o-matic 3,Atlanta_01,2024-12-11,79.85359912528463,88.4457614967753,97.91777835517559,88.63473676493732
Tron-o-matic 3,Atlanta_01,2024-12-12,77.95035504195799,87.19142418069637,97.58578305974774,87.8419349533618
Tron-o-matic 3,Atlanta_01,2024-12-13,101.12415273884281,113.14138276195948,122.20069264785823,112.41772320514414
Tron-o-matic 3,Atlanta_01,2024-12-14,78.40806642903182,90.38484291622994,98.79457026692704,89.1693691085301
Tron-o-matic 3,Atlanta_01,2024-12-15,120.20974407151205,128.22179615019073,138.0550223190118,129.09831177245115
Tron-o-matic 3,Atlanta_01,2024-12-16,107.7978084503209,118.86490581398799,128.5602433112823,118.3670917938976
Tron-o-matic 3,Atlanta_01,2024-12-17,76.61345749465089,89.4201203037289,97.3876118965202,87.9178565299006
Tron-o-matic 3,Atlanta_01,2024-12-18,151.80409264260115,163.72170254193065,174.96195892000713,163.74507237765403
Tron-o-matic 3,Atlanta_01,2024-12-19,146.6995616595184,154.74842051643486,167.95490609471062,156.87176442919082
Tron-o-matic 3,Atlanta_01,2024-12-20,80.21731838153012,88.9177334988622,98.4028840018153,88.94164835739855
Tron-o-matic 3,Atlanta_01,2024-12-21,81.04603879734175,89.24783797206521,98.01419368484392,89.00437665907509
Tron-o-matic 3,Atlanta_01,2024-12-22,78.72605774304587,88.241429189294,96.11199817988329,87.37328435537508
Tron-o-matic 3,Atlanta_01,2024-12-23,80.10223053893039,89.45105200127146,96.86985267953935,88.59464901744072
Tron-o-matic 3,Atlanta_01,2024-12-24,78.93658429332729,89.05012348041744,101.32931248302215,89.45786121276974
Tron-o-matic 3,Atlanta_01,2024-12-25,120.41656851695093,130.3333060629497,141.7586970490658,130.83873140964948
Tron-o-matic 3,Atlanta_01,2024-12-26,78.82405878032017,88.09382671501105,99.45965417178328,88.85328604088092
Tron-o-matic 3,Atlanta_01,2024-12-27,77.84506504497097,88.95114765968373,99.77754314139206,89.05590967131138
Tron-o-matic 3,Atlanta_01,2024-12-28,77.40575269261721,87.44173846686577,98.60540961277265,88.22284411727476
Tron-o-matic 3,Atlanta_01,2024-12-29,77.44944668551622,87.32142041196212,96.06982617402916,86.74002884138545
Tron-o-matic 3,Atlanta_01,2024-12-30,148.3597503624307,159.76946190224706,168.97459065326066,158.97479413298922
Tron-o-matic 3,Atlanta_01,2024-12-31,80.70074510041303,88.85979793766037,100.06661180826089,89.2694937934377
Tron-o-matic 3,NewYork_01,2024-10-01,143.25498050915775,157.43423734943508,175.18883894680908,157.49187528305671
Tron-o-matic 3,NewYork_01,2024-10-02,138.24236957280553,155.46142223746494,170.9758893496393,154.84888627126256
Tron-o-matic 3,NewYork_01,2024-10-03,140.1276550715879,157.33731768262535,171.04010797576456,155.6264009963061
Tron-o-matic 3,NewYork_01,2024-10-04,137.89870332518873,154.31484868076447,167.4053576183209,153.06141388575148
Tron-o-matic 3,NewYork_01,2024-10-05,138.99827242024756,158.24215681691672,174.5689319479995,156.60807286482444
Tron-o-matic 3,NewYork_01,2024-10-06,140.8669637997369,156.55687212240124,172.88349774524102,156.73414819567233
Tron-o-matic 3,NewYork_01,2024-10-07,142.5575766375746,155.4015519011277,170.99531391354662,155.71740852943685
Tron-o-matic 3,NewYork_01,2024-10-08,140.54315985391614,156.49642790471069,170.58940796147152,156.33746922532356
Tron-o-matic 3,NewYork_01,2024-10-09,183.83580643905162,198.0971677133197,216.57327813943988,199.48948436044705
Tron-o-matic 3,NewYork_01,2024-10-10,201.19375631429358,219.61622596202062,233.8550618289015,219.1704056443637
Tron-o-matic 3,NewYork_01,2024-10-11,281.569591057892,296.70390007863426,315.5455553642764,298.26870843524574
Tron-o-matic 3,NewYork_01,2024-10-12,139.22147154529532,154.76647194746428,171.88505755724722,155.08196793754368
Tron-o-matic 3,NewYork_01,2024-10-13,137.77926240140724,151.58946385749402,170.0993577566427,152.21504876500632
Tron-o-matic 3,NewYork_01,2024-10-14,293.0136775313596,311.617301013181,327.8316891664502,310.6798128659628
Tron-o-matic 3,NewYork_01,2024-10-15,252.97449681432383,267.8547461287332,283.2951499807644,267.8739901311911
Tron-o-matic 3,NewYork_01,2024-10-16,254.17579024362868,275.67157101892343,294.0702878973394,274.5483557547393
Tron-o-matic 3,NewYork_01,2024-10-17,134.65222961775956,154.91221242835752,175.26348753116224,155.48632928155072
Tron-o-matic 3,NewYork_01,2024-10-18,286.5133961952317,302.7437586979883,316.9346368381917,302.1793186834798
Tron-o-matic 3,NewYork_01,2024-10-19,270.58293700081833,290.5251438463718,305.0116370287019,289.3179047741573
Tron-o-matic 3,NewYork_01,2024-10-20,137.6119565508238,154.2220379669664,167.62750693077933,153.25805458783105
Tron-o-matic 3,NewYork_01,2024-10-21,188.44476232798314,205.87221265883957,221.3377212620344,205.5724076388777
Tron-o-matic 3,NewYork_01,2024-10-22,131.15909702322426,150.0923493635253,167.17773139787303,149.11238859588826
Tron-o-matic 3,NewYork_01,2024-10-23,135.4503887467248,150.14748583604162,164.95189168845295,150.16320050240813
Tron-o-matic 3,NewYork_01,2024-10-24,133.98526575088366,150.92621954100133,169.48661794893331,151.07527937081278
Tron-o-matic 3,NewYork_01,2024-10-25,132.82120146219725,147.34295839505384,162.10185476382466,147.10924859294238
Tron-o-matic 3,NewYork_01,2024-10-26,157.3321705961303,172.83110542851082,187.67559982877412,172.58392007470354
Tron-o-matic 3,NewYork_01,2024-10-27,197.75976136717435,218.29680235574233,234.77413746307099,216.1118773315106
Tron-o-matic 3,NewYork_01,2024-10-28,200.8474882126782,216.52498816062334,231.93769331809295,216.89845744350998
Tron-o-matic 3,NewYork_01,2024-10-29,181.72802171536551,195.3569555172974,215.5076582051726,196.03728912623725
Tron-o-matic 3,NewYork_01,2024-10-30,289.36205398459606,303.6944149553102,317.937752559043,302.6277272717648
Tron-o-matic 3,NewYork_01,2024-10-31,174.0750937907486,192.77817543917783,206.55881548739305,190.92574574768167
Tron-o-matic 3,NewYork_01,2024-11-01,190.26965040539585,207.4069459736841,228.2763181103772,207.46232056509308
Tron-o-matic 3,NewYork_01,2024-11-02,127.93687020259335,143.68861099760701,161.4690043067566,143.7644615040734
Tron-o-matic 3,NewYork_01,2024-11-03,125.34331510718516,141.3270360795972,153.3768383185637,140.68891900840225
Tron-o-matic 3,NewYork_01,2024-11-04,127.60820412153139,143.3498226857842,161.7534444377938,143.2986588440186
Tron-o-matic 3,NewYork_01,2024-11-05,123.94112543869059,141.33485684932145,159.45425336153087,141.55492206243932
Tron-o-matic 3,NewYork_01,2024-11-06,123.97067218598829,141.325476371028,161.55007415586817,142.38437686883387
Tron-o-matic 3,NewYork_01,2024-11-07,127.27871330105818,141.17970502016848,154.23424528242975,141.5043400466765
Tron-o-matic 3,NewYork_01,2024-11-08,121.5403057995551,138.25215536123005,154.5056249146706,138.41388696090718
Tron-o-matic 3,NewYork_01,2024-11-09,120.7605610591213,138.64801209596294,159.75764977974626,139.59788089327526
Tron-o-matic 3,NewYork_01,2024-11-10,123.06383395949308,137.16317061639043,154.39956187800348,137.95879259305153
Tron-o-matic 3,NewYork_01,2024-11-11,126.06350245053464,138.75776724331442,153.9855392812608,139.27594366058548
Tron-o-matic 3,NewYork_01,2024-11-12,125.59736282960205,140.7860641808945,155.04342753841567,140.5915811670178
Tron-o-matic 3,NewYork_01,2024-11-13,119.34762075922288,138.87271777540556,155.62660298852097,138.74077034908402
Tron-o-matic 3,NewYork_01,2024-11-14,162.8763984189465,179.5039295946546,197.75317572147046,178.9916462850584
Tron-o-matic 3,NewYork_01,2024-11-15,190.1750213790257,206.71791155134412,223.89086902862744,207.04506614416638
Tron-o-matic 3,NewYork_01,2024-11-16,164.11962097856718,178.812802414912,193.48425539119586,179.19536268949824
Tron-o-matic 3,NewYork_01,2024-11-17,122.86462234940359,137.5488246727233,157.04200553573094,137.8460212080783
Tron-o-matic 3,NewYork_01,2024-11-18,120.61366920550519,134.75503234030077,149.3820720988269,134.8396232045447
Tron-o-matic 3,NewYork_01,2024-11-19,122.36973998742286,136.92431379653289,151.42361372928403,137.2241159284274
Tron-o-matic 3,NewYork_01,2024-11-20,122.0797238000572,136.94111379914017,158.9806785462988,138.0148277654616
Tron-o-matic 3,NewYork_01,2024-11-21,226.6419014943885,241.66225788254164,258.72832022006054,241.85881261727198
Tron-o-matic 3,NewYork_01,2024-11-22,119.86572691214995,133.0466776046578,149.45463189184673,134.0977037161875
Tron-o-matic 3,NewYork_01,2024-11-23,122.01280214594928,138.41623733416986,159.20157735034715,139.05594140876474
Tron-o-matic 3,NewYork_01,2024-11-24,163.11098247215662,180.0478684453291,191.7288612480016,177.7745757002118
Tron-o-matic 3,NewYork_01,2024-11-25,120.04151572329745,135.42773790696148,153.5279054223503,136.54443394178773
Tron-o-matic 3,NewYork_01,2024-11-26,120.49756336220823,134.5844851426268,152.59843427574043,134.9554186080589
Tron-o-matic 3,NewYork_01,2024-11-27,163.6824471958894,181.05429857279523,199.30284511060893,181.07986111755005
Tron-o-matic 3,NewYork_01,2024-11-28,185.02915386645032,201.6059886782742,218.99635289446206,201.7723892611753
Tron-o-matic 3,NewYork_01,2024-11-29,275.4524505673441,291.6322453089515,303.4530479378936,290.69062813433334
Tron-o-matic 3,NewYork_01,2024-11-30,245.35553398324197,259.04260130481345,277.04609661145963,259.5789660157757
Tron-o-matic 3,NewYork_01,2024-12-01,249.49771920948123,269.2115218683081,285.2994152406331,269.05152043734654
Tron-o-matic 3,NewYork_01,2024-12-02,119.60071838621366,138.55747172114417,158.04296796430836,139.0030090534328
Tron-o-matic 3,NewYork_01,2024-12-03,271.0105098496119,289.4519504214954,306.0342528802157,288.62414602281564
Tron-o-matic 3,NewYork_01,2024-12-04,191.31786253492368,208.87542104357584,222.72424484780052,207.8399037550366
Tron-o-matic 3,NewYork_01,2024-12-05,121.60445656016948,137.75786428599585,157.9498244202116,138.41988850167917
Tron-o-matic 3,NewYork_01,2024-12-06,150.55500489389036,168.31123677501813,186.0761923506284,167.59386020364448
Tron-o-matic 3,NewYork_01,2024-12-07,189.80919426467722,206.21103417038094,225.7515482082141,206.98101371301527
Tron-o-matic 3,NewYork_01,2024-12-08,122.04890105317394,139.35877296582944,154.03987324633232,138.78676928696325
Tron-o-matic 3,NewYork_01,2024-12-09,122.86676949305189,139.28261369162024,157.97618053555382,139.5764839012215
Tron-o-matic 3,NewYork_01,2024-12-10,125.35035393741815,140.32876496276464,155.81110234117057,140.4125576644709
Tron-o-matic 3,NewYork_01,2024-12-11,124.94240684216821,142.02742451684114,154.86127060560398,141.35060391226168
Tron-o-matic 3,NewYork_01,2024-12-12,123.40534989156934,140.9501001084158,156.12258445039652,139.8549778648768
Tron-o-matic 3,NewYork_01,2024-12-13,161.23300218653276,176.78202354052863,192.4484201800715,177.1001902357635
Tron-o-matic 3,NewYork_01,2024-12-14,124.42103686477492,138.7397816684967,154.04302741145986,138.93631285913747
Tron-o-matic 3,NewYork_01,2024-12-15,189.22599118246671,204.89729901601663,221.74268048982813,204.8042140048693
Tron-o-matic 3,NewYork_01,2024-12-16,175.59648069238472,193.10639103249505,209.05467743816575,192.5782597737782
Tron-o-matic 3,NewYork_01,2024-12-17,124.33713414349417,142.76772906778154,161.82541923962523,142.37337238785994
Tron-o-matic 3,NewYork_01,2024-12-18,245.61940423271412,261.2497045420213,279.5349024222274,261.24337905506786
Tron-o-matic 3,NewYork_01,2024-12-19,236.34010702776038,251.71146069825144,265.21427782125187,251.0442086955579
Tron-o-matic 3,NewYork_01,2024-12-20,122.40272346415158,142.27993894964155,155.64070536120155,140.9188589730846
Tron-o-matic 3,NewYork_01,2024-12-21,128.2499506410781,143.54486439671092,160.09654686490381,143.09612176668398
Tron-o-matic 3,NewYork_01,2024-12-22,122.79238613250355,142.4163034832576,155.99345123280082,140.26180252415858
Tron-o-matic 3,NewYork_01,2024-12-23,127.96257471112256,144.29431778221326,161.2142923136686,143.5377692977687
Tron-o-matic 3,NewYork_01,2024-12-24,124.83226434011527,141.8909785408859,157.33801564954325,141.77264253785643
Tron-o-matic 3,NewYork_01,2024-12-25,190.0366632528518,209.7824507304174,225.0574513709961,209.12080858045255
Tron-o-matic 3,NewYork_01,2024-12-26,124.75932779985024,139.95240873671,156.34682082297377,140.84073331701865
Tron-o-matic 3,NewYork_01,2024-12-27,124.2402002377696,139.6595077846673,154.97499790563666,140.43175130128674
Tron-o-matic 3,NewYork_01,2024-12-28,128.39391140230117,146.088342670038,160.3158359157608,144.27608959244253
Tron-o-matic 3,NewYork_01,2024-12-29,123.09780564506183,144.0722317730291,158.13618789696943,142.8942642914011
Tron-o-matic 3,NewYork_01,2024-12-30,240.1179149468003,257.36996834096743,269.7036607799602,255.83946968517262
Tron-o-matic 3,NewYork_01,2024-12-31,129.02198396579158,143.80897746272782,161.5677591251627,144.75436592263625
Tron-o-matic 3,Houston_01,2024-10-01,104.73306767846996,116.72683411287977,130.01560543315034,116.67591254480197
Tron-o-matic 3,Houston_01,2024-10-02,105.58074917940883,117.87712833140613,132.41398324973196,117.9899479916381
Tron-o-matic 3,Houston_01,2024-10-03,102.58195184215742,116.78461380575723,130.59433762739312,117.45962248435927
Tron-o-matic 3,Houston_01,2024-10-04,105.5252497216345,117.98686507802968,129.3085279224899,117.89589528456305
Tron-o-matic 3,Houston_01,2024-10-05,103.19778697072655,117.89963330910369,129.35220557172923,117.09050268061938
Tron-o-matic 3,Houston_01,2024-10-06,106.65239175661912,119.3812509583012,129.5985393877352,118.24527378073967
Tron-o-matic 3,Houston_01,2024-10-07,108.95147714496272,118.1549592873508,130.5566939249096,119.21755468522849
Tron-o-matic 3,Houston_01,2024-10-08,103.50293802725345,118.92383956245936,129.82457785628,117.8469907366809
Tron-o-matic 3,Houston_01,2024-10-09,135.34130824734538,146.68076640351956,159.46577920603082,146.38788185841847
Tron-o-matic 3,Houston_01,2024-10-10,152.91536725408403,167.53457197665986,178.1473771806408,166.25559569131264
Tron-o-matic 3,Houston_01,2024-10-11,213.84926903623105,227.12362646773352,237.5752498257744,225.79991463451393
Tron-o-matic 3,Houston_01,2024-10-12,103.8924782962923,117.11705397868593,128.87519284641508,116.62726592261433
Tron-o-matic 3,Houston_01,2024-10-13,104.5178842224907,116.43496942311603,126.39579148087081,115.48976555103798
Tron-o-matic 3,Houston_01,2024-10-14,223.61947814371732,236.70114158194806,246.99618532701464,235.48338926163436
Tron-o-matic 3,Houston_01,2024-10-15,190.54288028752262,201.63359047385444,212.32866001217013,201.3651627577528
Tron-o-matic 3,Houston_01,2024-10-16,192.18193081524322,205.6098001130991,221.17106868064525,206.16591940789525
Tron-o-matic 3,Houston_01,2024-10-17,103.59838383253097,115.84761693704277,128.22404128218488,115.35688345981174
Tron-o-matic 3,Houston_01,2024-10-18,214.89300572647116,229.65085103952126,240.62436430391142,227.79261921779727
Tron-o-matic 3,Houston_01,2024-10-19,206.46673536471283,218.44547969244013,228.50995752187106,217.95805496344653
Tron-o-matic 3,Houston_01,2024-10-20,104.68881415575753,115.9089255897258,126.29548598935551,115.00613794589034
Tron-o-matic 3,Houston_01,2024-10-21,143.8025093481829,155.37105245240483,167.7190531366088,155.8519459338912
Tron-o-matic 3,Houston_01,2024-10-22,101.28436728775779,113.04494923751064,128.0598892674476,113.15593716362328
Tron-o-matic 3,Houston_01,2024-10-23,100.41439464685207,114.50710994252535,124.98417019362319,112.66111090468368
Tron-o-matic 3,Houston_01,2024-10-24,101.80230045583416,112.71658516017955,124.22889418797979,112.56014966992791
Tron-o-matic 3,Houston_01,2024-10-25,99.15857381966829,112.99060829877122,122.56661185798525,111.3159386831534
Tron-o-matic 3,Houston_01,2024-10-26,119.60091846739672,134.1564489036122,144.1789689099421,132.60818871850958
Tron-o-matic 3,Houston_01,2024-10-27,150.4915142272226,163.11999022224677,172.25441875169702,162.38559012291316
Tron-o-matic 3,Houston_01,2024-10-28,152.31249444993963,163.00694854334125,175.18501666272724,163.2314751950442
Tron-o-matic 3,Houston_01,2024-10-29,135.00148927573107,148.3074883917159,158.94896280076028,147.91404919631466
Tron-o-matic 3,Houston_01,2024-10-30,215.88550507743292,227.78760503610624,237.51687709171864,226.9428574828704
Tron-o-matic 3,Houston_01,2024-10-31,129.21398951672182,142.25186144539808,154.48609180820603,142.08499970247306
Tron-o-matic 3,Houston_01,2024-11-01,147.18480318569476,156.78115001223506,170.08293016576,157.85230936803046
Tron-o-matic 3,Houston_01,2024-11-02,97.26859378371861,109.14319265038247,122.30382810518162,109.32561514777836
Tron-o-matic 3,Houston_01,2024-11-03,94.50277333329366,107.43234366481425,117.23161965136761,106.4155279410215
Tron-o-matic 3,Houston_01,2024-11-04,96.10203482244998,106.41849106716877,117.37390427377206,106.04414062486839
Tron-o-matic 3,Houston_01,2024-11-05,94.21507242280829,107.11063752779476,119.00065020731412,107.08535054192323
Tron-o-matic 3,Houston_01,2024-11-06,91.92386673121474,104.72736463943856,117.09507853663422,104.6761337477354
Tron-o-matic 3,Houston_01,2024-11-07,95.01351564248655,107.60274332107983,118.70694426699909,106.66406225590339
Tron-o-matic 3,Houston_01,2024-11-08,94.99279443493867,105.3920788568069,119.04574684439989,106.21519806207355
Tron-o-matic 3,Houston_01,2024-11-09,93.7587548657204,107.13041855310468,114.94193818144866,105.48038472597598
Tron-o-matic 3,Houston_01,2024-11-10,91.56538475407233,103.95689989402489,115.98573487235592,104.18172917170752
Tron-o-matic 3,Houston_01,2024-11-11,92.08276337905038,103.90022580353855,115.63081190853946,103.70399023635684
Tron-o-matic 3,Houston_01,2024-11-12,91.74097778029538,102.94009632575764,116.77523663173498,103.06842003151827
Tron-o-matic 3,Houston_01,2024-11-13,90.46315222005362,101.08721738546542,114.49735533422579,102.03224681139571
Tron-o-matic 3,Houston_01,2024-11-14,120.78062630000493,133.573118888625,145.5237365011578,133.4677392844487
Tron-o-matic 3,Houston_01,2024-11-15,141.45368694578798,154.30757949311598,166.32013556084195,153.69298792740946
Tron-o-matic 3,Houston_01,2024-11-16,123.59539622521534,137.51791827535862,146.39946368644377,136.11008302439134
Tron-o-matic 3,Houston_01,2024-11-17,89.99611415214281,101.02512590705356,114.08815928792764,101.87269189727692
Tron-o-matic 3,Houston_01,2024-11-18,92.82065459052878,104.38285307665394,114.96769462249398,104.29012417497857
Tron-o-matic 3,Houston_01,2024-11-19,92.377485128957,103.43037372401182,116.09775002745818,103.95178484967246
Tron-o-matic 3,Houston_01,2024-11-20,91.4127804931481,101.70897153091724,114.22033332748275,102.22187508974892
Tron-o-matic 3,Houston_01,2024-11-21,170.69480232295749,183.3620932095315,192.944323372499,182.88935023032397
Tron-o-matic 3,Houston_01,2024-11-22,88.325210577273,101.7671581531479,115.83984549028276,102.2171022935789
Tron-o-matic 3,Houston_01,2024-11-23,92.00661448476667,103.79510726964877,116.04997030003975,103.82020506029765
Tron-o-matic 3,Houston_01,2024-11-24,119.07674023761933,132.85630156969845,145.75439106373386,132.25722278983758
Tron-o-matic 3,Houston_01,2024-11-25,93.19135749709956,103.02868504195575,116.78864126075479,103.80924271383947
Tron-o-matic 3,Houston_01,2024-11-26,91.65645506090019,103.11709172525387,116.86773177114009,103.68702794240757
Tron-o-matic 3,Houston_01,2024-11-27,119.97494254610976,134.45742003205416,142.13626250682563,133.24805478887805
Tron-o-matic 3,Houston_01,2024-11-28,142.6190766937889,153.85089411436178,166.91575505410617,154.0519908149906
Tron-o-matic 3,Houston_01,2024-11-29,207.61217764556312,221.890588353422,231.8597150538307,221.19106812653928
Tron-o-matic 3,Houston_01,2024-11-30,188.68159638308805,197.04682765136732,208.92888720317939,197.973932646288
Tron-o-matic 3,Houston_01,2024-12-01,191.39467238280318,202.97559155228353,216.61477860609313,203.43831220873105
Tron-o-matic 3,Houston_01,2024-12-02,90.44883121769584,102.53489182715049,115.26319642189287,102.70264567759642
Tron-o-matic 3,Houston_01,2024-12-03,205.34140854454472,218.43951476107821,227.9220614352602,217.8195693444689
Tron-o-matic 3,Houston_01,2024-12-04,143.65411835330804,156.970429799218,167.4992493898283,155.98310689353983
Tron-o-matic 3,Houston_01,2024-12-05,92.6933361340088,106.25169731594994,115.32475408296722,104.69824124637309
Tron-o-matic 3,Houston_01,2024-12-06,116.39205479414093,125.70667558101562,138.9917164648756,127.28814801706312
Tron-o-matic 3,Houston_01,2024-12-07,146.07540610690705,158.09846425929385,168.19757842941482,156.3245623519937
Tron-o-matic 3,Houston_01,2024-12-08,93.87034182327125,105.77128608683425,115.84959776136233,105.31829089717986
Tron-o-matic 3,Houston_01,2024-12-09,93.37665512642616,102.90459057641907,115.04138832990417,104.05681746599203
Tron-o-matic 3,Houston_01,2024-12-10,94.2871135841324,105.27401501748223,116.62356992357022,105.52667292088981
Tron-o-matic 3,Houston_01,2024-12-11,91.7576806222651,103.88732218743901,119.76381057110095,104.55067250820478
Tron-o-matic 3,Houston_01,2024-12-12,92.16329116204972,105.31479167764243,117.4668821751772,105.46648251717663
Tron-o-matic 3,Houston_01,2024-12-13,122.70059817267523,134.15537077732037,145.25936768625905,134.1241498654908
Tron-o-matic 3,Houston_01,2024-12-14,92.67761065546908,104.16533839254657,117.22304674513467,105.03758962817636
Tron-o-matic 3,Houston_01,2024-12-15,144.43294193820623,155.40577370528658,167.6839632891246,155.80133719361874
Tron-o-matic 3,Houston_01,2024-12-16,135.5550152453137,147.37612133629685,158.65665939586094,146.755079876632
Tron-o-matic 3,Houston_01,2024-12-17,93.27293110719441,105.86466861418188,118.2866046693542,105.90931511867058
Tron-o-matic 3,Houston_01,2024-12-18,184.4003911767573,196.18974493113117,208.3568358292462,195.7832371194905
Tron-o-matic 3,Houston_01,2024-12-19,179.09874255248008,188.08921138094396,199.10045776543174,188.7387103605118
Tron-o-matic 3,Houston_01,2024-12-20,93.66595932730884,106.70928297303523,118.96057115278894,106.66362540828115
Tron-o-matic 3,Houston_01,2024-12-21,95.12651384116299,105.76115953904944,118.33446820071788,106.2940842061509
Tron-o-matic 3,Houston_01,2024-12-22,95.76828275656709,108.29825595490638,119.73380803257255,107.70115566968543
Tron-o-matic 3,Houston_01,2024-12-23,92.97794874573859,107.60702307791597,118.73335665639756,106.82655712058579
Tron-o-matic 3,Houston_01,2024-12-24,93.13512660629182,105.84105444509652,117.50245032236855,106.1185622448162
Tron-o-matic 3,Houston_01,2024-12-25,144.196375213536,155.02191507779298,166.67351127224708,155.48896723443758
Tron-o-matic 3,Houston_01,2024-12-26,94.59544080631163,108.54917513645553,122.4064162818106,108.77891560686363
Tron-o-matic 3,Houston_01,2024-12-27,96.48983791309763,107.17636103555282,119.07787271451025,106.83878249191098
Tron-o-matic 3,Houston_01,2024-12-28,98.31377319022911,108.74567018365728,120.90273545141059,108.78319092331134
Tron-o-matic 3,Houston_01,2024-12-29,94.42432907181723,107.03932581529284,120.91163583785158,107.59944109949419
Tron-o-matic 3,Houston_01,2024-12-30,182.52785156588698,192.79244371093654,203.80932320084966,192.54917069129132
Tron-o-matic 3,Houston_01,2024-12-31,97.96782788043423,110.58861836098947,120.43148511246541,109.6887970578322
Tron-o-matic 3,Philadelphia_01,2024-10-01,85.80381073770349,94.94224581574636,104.76959412639337,94.9295959723958
Tron-o-matic 3,Philadelphia_01,2024-10-02,84.70002059943906,94.44129474153125,105.46984447621487,95.21555880219023
Tron-o-matic 3,Philadelphia_01,2024-10-03,87.7076221868781,97.70138845406134,107.08297916166606,97.16932970615017
Tron-o-matic 3,Philadelphia_01,2024-10-04,86.05460210316272,95.7593644129151,106.01292337111352,95.67907058283083
Tron-o-matic 3,Philadelphia_01,2024-10-05,85.39707393966086,98.67099655218796,108.99536940536488,97.6778650084781
Tron-o-matic 3,Philadelphia_01,2024-10-06,85.12446982970877,97.5718041154058,106.52082512663026,96.52075042187785
Tron-o-matic 3,Philadelphia_01,2024-10-07,86.60139051670019,95.35767996125755,108.68950785063014,96.65229257353953
Tron-o-matic 3,Philadelphia_01,2024-10-08,86.84785412550768,97.59718381703497,107.24127862166733,96.97549597851003
Tron-o-matic 3,Philadelphia_01,2024-10-09,110.68652477075287,123.97707779471351,132.5533409225672,123.29041536271404
Tron-o-matic 3,Philadelphia_01,2024-10-10,124.19323460765364,136.28131990226512,145.88955292596688,135.896554664013
Tron-o-matic 3,Philadelphia_01,2024-10-11,174.88802608262813,185.24546060433858,194.6515511593326,184.85569741303442
Tron-o-matic 3,Philadelphia_01,2024-10-12,86.01536471156851,96.39235399892434,107.25751874460082,96.42802600394785
Tron-o-matic 3,Philadelphia_01,2024-10-13,86.55723717205424,97.68890699630374,107.29542883385521,96.79440358256561
Tron-o-matic 3,Philadelphia_01,2024-10-14,182.23343052903942,192.21843276508753,202.78083955607008,192.20026530095774
Tron-o-matic 3,Philadelphia_01,2024-10-15,157.54255820109526,167.61438012459973,179.40619868334204,167.754604582149
Tron-o-matic 3,Philadelphia_01,2024-10-16,156.89470437559442,168.27691738851726,180.868456366353,168.76322175470045
Tron-o-matic 3,Philadelphia_01,2024-10-17,82.49236206758438,95.17957044381846,104.80916772798815,94.93129824897893
Tron-o-matic 3,Philadelphia_01,2024-10-18,179.27022573077844,188.0300471542545,195.95405487981105,187.452335708082
Tron-o-matic 3,Philadelphia_01,2024-10-19,166.28687780200008,177.53517296623926,186.5034219682509,176.41164348363006
Tron-o-matic 3,Philadelphia_01,2024-10-20,82.4891032480046,93.4616184743547,103.6228101253748,93.65286679828145
Tron-o-matic 3,Philadelphia_01,2024-10-21,118.90062108650496,128.98471574394478,138.03336678365383,128.72928251328685
Tron-o-matic 3,Philadelphia_01,2024-10-22,83.22800252983171,92.90135147577357,103.39634743664126,92.5835285573894
Tron-o-matic 3,Philadelphia_01,2024-10-23,82.40066441184403,92.61583511543101,101.89810119179084,91.88724496628168
Tron-o-matic 3,Philadelphia_01,2024-10-24,80.98253973881044,92.44721153699383,100.99456751522479,91.57172235523265
Tron-o-matic 3,Philadelphia_01,2024-10-25,78.2442563407038,90.18460037039685,100.30519919880864,89.55757626686636
Tron-o-matic 3,Philadelphia_01,2024-10-26,96.62298840204652,106.77599193698596,115.97264703848373,107.02607187661053
Tron-o-matic 3,Philadelphia_01,2024-10-27,124.14051613430317,132.02722335483045,144.59893082010908,133.18943057276215
Tron-o-matic 3,Philadelphia_01,2024-10-28,120.84223322600081,134.05573029495923,144.05379449503633,133.38460031130012
Tron-o-matic 3,Philadelphia_01,2024-10-29,107.51799584913192,119.67788235738955,132.73281900961393,119.83699799244258
Tron-o-matic 3,Philadelphia_01,2024-10-30,176.3612280662118,186.94793735979363,197.62044512172923,186.36880529837862
Tron-o-matic 3,Philadelphia_01,2024-10-31,103.9079743374996,116.84729933686948,126.13057292737331,116.35811566767774
Tron-o-matic 3,Philadelphia_01,2024-11-01,117.98364129026781,129.96243416934718,139.34576136537984,128.87253845611255
Tron-o-matic 3,Philadelphia_01,2024-11-02,76.49642789914168,88.41191276786164,98.20723717401039,87.51457388975295
Tron-o-matic 3,Philadelphia_01,2024-11-03,75.73409083384365,85.90944260730508,97.44056742144043,85.94873452644795
Tron-o-matic 3,Philadelphia_01,2024-11-04,75.29119154055117,88.2485929982413,97.33642509444164,87.43485388575444
Tron-o-matic 3,Philadelphia_01,2024-11-05,76.3620647324746,87.80811034449574,96.81211267582803,86.8881799075444
Tron-o-matic 3,Philadelphia_01,2024-11-06,74.9010786544897,86.27916081562532,96.94568940904436,86.0199431123994
Tron-o-matic 3,Philadelphia_01,2024-11-07,78.44542379676908,85.79363481854494,95.71732140084862,86.65582808621342
Tron-o-matic 3,Philadelphia_01,2024-11-08,76.83898832987467,86.63410599824799,96.0350865787112,86.47890042619753
Tron-o-matic 3,Philadelphia_01,2024-11-09,73.5520450217799,85.66650076938872,95.45372197301269,84.96751211052326
Tron-o-matic 3,Philadelphia_01,2024-11-10,73.6900361611849,83.86601061808364,94.44266867729442,84.1310372703445
Tron-o-matic 3,Philadelphia_01,2024-11-11,76.68760477373762,85.09567117188563,95.10484246306117,85.99630690637312
Tron-o-matic 3,Philadelphia_01,2024-11-12,73.10686355538832,84.54539417732875,95.58242659489105,84.40300557665365
Tron-o-matic 3,Philadelphia_01,2024-11-13,74.6128277087192,84.98001469984526,96.19066561328495,84.55570655929267
Tron-o-matic 3,Philadelphia_01,2024-11-14,99.0385366098826,109.44859290902107,120.4930326216053,109.95023044459658
Tron-o-matic 3,Philadelphia_01,2024-11-15,117.48349438367512,128.28434905000003,138.2656337104595,127.89596134618051
Tron-o-matic 3,Philadelphia_01,2024-11-16,102.43866264999886,112.32494064163994,122.16324069121363,112.353045826904
Tron-o-matic 3,Philadelphia_01,2024-11-17,77.15372321282916,86.4920130961326,95.66916679744456,86.18288541722896
Tron-o-matic 3,Philadelphia_01,2024-11-18,75.75923587669912,86.99515120504607,95.58989077785394,86.29066036922995
Tron-o-matic 3,Philadelphia_01,2024-11-19,75.59175993928027,83.98418606719834,95.69812479778494,84.59245940622527
Tron-o-matic 3,Philadelphia_01,2024-11-20,72.98735485874236,85.03574112197323,94.99065234681441,84.12524891902716
Tron-o-matic 3,Philadelphia_01,2024-11-21,139.26203300064367,153.11971567103447,162.52088244261336,151.92568632380096
Tron-o-matic 3,Philadelphia_01,2024-11-22,76.15607702358498,84.86547099743561,95.15887706433054,85.1175575541562
Tron-o-matic 3,Philadelphia_01,2024-11-23,74.5193939267957,86.36804298829108,93.5957264446771,84.80717342356256
Tron-o-matic 3,Philadelphia_01,2024-11-24,101.50065364414742,110.98156267741548,120.34847483215091,110.93431327374579
Tron-o-matic 3,Philadelphia_01,2024-11-25,70.74042036192299,84.11518662358083,92.63670433719663,82.9636351624844
Tron-o-matic 3,Philadelphia_01,2024-11-26,74.1598634374546,85.73740942834553,95.5801220677162,85.28219126348566
Tron-o-matic 3,Philadelphia_01,2024-11-27,103.67032622811547,112.64035086603148,124.23376293273454,113.06852566563039
Tron-o-matic 3,Philadelphia_01,2024-11-28,116.10653957484762,127.73086575966515,137.482193389944,126.98063681064681
Tron-o-matic 3,Philadelphia_01,2024-11-29,171.5635253969645,182.11971253731892,191.35420239491742,181.7522528014394
Tron-o-matic 3,Philadelphia_01,2024-11-30,150.75256549900422,164.78162906802734,172.37184414957972,163.84996532623077
Tron-o-matic 3,Philadelphia_01,2024-12-01,159.3237745121039,169.2394846964003,179.96441043152953,169.8156712688207
Tron-o-matic 3,Philadelphia_01,2024-12-02,76.1349668406843,87.36608113612144,96.33703738257373,86.85647806393224
Tron-o-matic 3,Philadelphia_01,2024-12-03,170.7666702582942,181.33993005751773,191.6273655128074,181.14423929227803
Tron-o-matic 3,Philadelphia_01,2024-12-04,118.48052682360716,130.5236592020051,141.49154423034105,130.51287334755114
Tron-o-matic 3,Philadelphia_01,2024-12-05,78.22376734795748,88.24763024911586,99.57521168426571,88.6861394914517
Tron-o-matic 3,Philadelphia_01,2024-12-06,90.68017542221564,104.09405663290474,113.51910832049393,103.37606977662433
Tron-o-matic 3,Philadelphia_01,2024-12-07,118.67208453687132,129.6785342171555,140.50533540226172,129.8659019824412
Tron-o-matic 3,Philadelphia_01,2024-12-08,75.95271031938333,86.46307777294734,95.48058308797671,86.2473143080074
Tron-o-matic 3,Philadelphia_01,2024-12-09,75.81911884628305,87.11099959131717,96.85273751193662,86.678159599455
Tron-o-matic 3,Philadelphia_01,2024-12-10,75.57306878551667,85.08981422440617,96.17614885434217,85.49190359622729
Tron-o-matic 3,Philadelphia_01,2024-12-11,78.92688579896975,88.67127657421963,97.4485879473317,88.069618198212
Tron-o-matic 3,Philadelphia_01,2024-12-12,77.00111965154582,87.78175409911445,99.91679374054924,87.91133549923254
Tron-o-matic 3,Philadelphia_01,2024-12-13,100.28150353996506,112.25621720092484,121.75566995640371,111.70345215040965
Tron-o-matic 3,Philadelphia_01,2024-12-14,77.2696726402207,87.0570061491311,97.17139919867466,86.8134348927226
Tron-o-matic 3,Philadelphia_01,2024-12-15,117.0828954908758,128.57364343559743,140.76251208799914,128.24688058223978
Tron-o-matic 3,Philadelphia_01,2024-12-16,107.61205859785224,119.93325081221332,129.56742966412844,119.6663140083488
Tron-o-matic 3,Philadelphia_01,2024-12-17,77.58988993081871,86.26782586414292,97.53832973964865,87.00426360263484
Tron-o-matic 3,Philadelphia_01,2024-12-18,152.59713852716942,162.07136755632627,172.68238719780237,162.53193574829223
Tron-o-matic 3,Philadelphia_01,2024-12-19,147.55372342182167,156.75362691674192,166.92946433600335,157.34684630237342
Tron-o-matic 3,Philadelphia_01,2024-12-20,74.50984530314798,87.8136731342431,97.3727727291367,87.07830288498297
Tron-o-matic 3,Philadelphia_01,2024-12-21,75.26591949001322,88.80203476524674,97.11305466509477,87.67780765606635
Tron-o-matic 3,Philadelphia_01,2024-12-22,75.26956654536414,86.62977628002818,97.18276708345503,86.821684649414
Tron-o-matic 3,Philadelphia_01,2024-12-23,77.5615902424612,87.72616244027685,97.71925583104704,87.78995975755808
Tron-o-matic 3,Philadelphia_01,2024-12-24,77.17024983821281,87.66943889405984,96.76534116145962,87.84278540329025
Tron-o-matic 3,Philadelphia_01,2024-12-25,116.90278708944697,129.04251455840418,141.19572233721152,128.84873147046602
Tron-o-matic 3,Philadelphia_01,2024-12-26,78.52933581871982,88.61617792593948,97.06387989276735,88.22169750148811
Tron-o-matic 3,Philadelphia_01,2024-12-27,77.15731134491044,87.68481705481209,100.09713929852393,87.89260188931729
Tron-o-matic 3,Philadelphia_01,2024-12-28,79.53118730112708,89.3825040067703,100.42959988632158,89.10193208513014
Tron-o-matic 3,Philadelphia_01,2024-12-29,75.5999831086541,87.9197461851953,99.65870022745344,87.44699493680083
Tron-o-matic 3,Philadelphia_01,2024-12-30,146.7174540835692,158.65395746919145,170.22444621489717,157.99201633684436
Tron-o-matic 3,Philadelphia_01,2024-12-31,81.70170710276079,88.93477731092739,100.21810398649303,89.49879635859547
Tron-o-matic 3,NewYork_02,2024-10-01,139.32005765369024,159.26036200561748,174.70090394099188,158.2000721892656
Tron-o-matic 3,NewYork_02,2024-10-02,137.97142222925916,161.23627055685995,174.24322998752356,157.9558531056741
Tron-o-matic 3,NewYork_02,2024-10-03,143.03927050690746,157.884464044038,175.1545011234869,158.25714436539292
Tron-o-matic 3,NewYork_02,2024-10-04,144.95922819893443,158.87537441098675,171.91449949040293,158.40343097452592
Tron-o-matic 3,NewYork_02,2024-10-05,140.17765319461455,158.45752059950487,172.2384287597364,157.11757676346386
Tron-o-matic 3,NewYork_02,2024-10-06,139.09282581260717,157.05575728617993,175.9180386461196,157.40534545177388
Tron-o-matic 3,NewYork_02,2024-10-07,141.10591213006418,157.25322846170292,177.0757101117501,157.4669376996411
Tron-o-matic 3,NewYork_02,2024-10-08,144.27202118294701,159.82015203638065,174.63818597265117,159.09190019469995
Tron-o-matic 3,NewYork_02,2024-10-09,186.759577680711,204.323587532685,226.69458725890527,205.47454132765958
Tron-o-matic 3,NewYork_02,2024-10-10,203.9254783285864,219.43252364158462,234.25509743065868,220.24325944873192
Tron-o-matic 3,NewYork_02,2024-10-11,288.11764829009985,304.6024958102644,318.8605524389905,303.75695556282125
Tron-o-matic 3,NewYork_02,2024-10-12,144.64275320535017,160.91276244770918,171.54294891429223,159.10645719315653
Tron-o-matic 3,NewYork_02,2024-10-13,140.7972439599807,159.9852879259134,173.77110539433474,159.1847645393693
Tron-o-matic 3,NewYork_02,2024-10-14,298.605759076462,313.2596434391401,332.33905089093236,314.62024786054576
Tron-o-matic 3,NewYork_02,2024-10-15,252.8711714339079,272.56333598479443,287.90025795084796,271.5052241530843
Tron-o-matic 3,NewYork_02,2024-10-16,265.7444914438635,281.3200496002068,296.3762501348005,281.19804905261236
Tron-o-matic 3,NewYork_02,2024-10-17,140.17814619799205,157.94380067478423,169.3614263773957,155.9222199562539
Tron-o-matic 3,NewYork_02,2024-10-18,292.34361575944166,311.0465581427301,330.5323671925019,310.70121486483816
Tron-o-matic 3,NewYork_02,2024-10-19,276.76700654526815,290.5830390966231,305.4240179319838,291.3093213355235
Tron-o-matic 3,NewYork_02,2024-10-20,136.19639058626933,151.5546406527132,168.266861476782,152.20463765183044
Tron-o-matic 3,NewYork_02,2024-10-21,193.5684673503918,212.7532054829003,229.46033331027485,212.34674260790024
Tron-o-matic 3,NewYork_02,2024-10-22,141.2295157864898,155.72749279825638,174.3295655556365,157.08493584324694
Tron-o-matic 3,NewYork_02,2024-10-23,135.83711223302345,152.9952508843108,168.321625446083,153.75683080784552
Tron-o-matic 3,NewYork_02,2024-10-24,134.675942337173,152.60581080640864,171.59784479680062,153.2530320110949
Tron-o-matic 3,NewYork_02,2024-10-25,134.54703161061752,150.6331387991794,165.15800809912125,150.27612166826472
Tron-o-matic 3,NewYork_02,2024-10-26,161.9549792833305,176.8134017707861,195.3439575320385,177.14871633378934
Tron-o-matic 3,NewYork_02,2024-10-27,202.32161807677423,217.46059937465094,232.6661414283598,217.95775113985005
Tron-o-matic 3,NewYork_02,2024-10-28,200.71006564940558,222.6778884230935,241.65341226580088,221.96276802778627
Tron-o-matic 3,NewYork_02,2024-10-29,181.35002386829876,198.45186476016679,216.21518836644591,199.1574780311872
Tron-o-matic 3,NewYork_02,2024-10-30,292.4906150687293,307.8716073237911,326.4408241817147,308.146590896964
Tron-o-matic 3,NewYork_02,2024-10-31,177.70513743578076,193.5262302506731,209.97507994287892,193.37891592740274
Tron-o-matic 3,NewYork_02,2024-11-01,194.00386100936774,210.88965260731172,232.15599620461455,212.32613230035273
Tron-o-matic 3,NewYork_02,2024-11-02,130.58594162389304,147.22786928773482,161.8000448267079,147.02040413545464
Tron-o-matic 3,NewYork_02,2024-11-03,127.84552926585829,145.45466106117695,160.80675323923296,145.46127649078443
Tron-o-matic 3,NewYork_02,2024-11-04,131.82180612742738,146.0556726213096,159.04808733223456,144.47358212950653
Tron-o-matic 3,NewYork_02,2024-11-05,124.45684540762066,142.04722085675908,158.8926221413749,142.35496423319694
Tron-o-matic 3,NewYork_02,2024-11-06,130.43643386981552,145.2070705315458,163.6717581682111,145.309660425616
Tron-o-matic 3,NewYork_02,2024-11-07,126.34792704133216,142.9504488245523,162.18381842770893,143.18454299435814
Tron-o-matic 3,NewYork_02,2024-11-08,125.78110888038545,140.96331689225624,159.262975771422,140.9744028762263
Tron-o-matic 3,NewYork_02,2024-11-09,126.06216472189986,146.13937417613872,161.04093183172773,145.46308020587546
Tron-o-matic 3,NewYork_02,2024-11-10,121.70947149762151,138.42339542978746,156.99922898652005,139.36872401919086
Tron-o-matic 3,NewYork_02,2024-11-11,124.5764571351434,142.2555242593743,156.79616723254793,141.68009774061943
Tron-o-matic 3,NewYork_02,2024-11-12,125.70759926836152,141.92577316859166,158.9976145005942,142.00258501878406
Tron-o-matic 3,NewYork_02,2024-11-13,120.41159248630565,143.3642710831164,159.02415656485442,142.14897891751642
Tron-o-matic 3,NewYork_02,2024-11-14,160.17535804691767,181.6890823129038,198.03317461430356,181.11879023699697
Tron-o-matic 3,NewYork_02,2024-11-15,189.50346520153562,208.79227477986217,226.95512451734157,207.95752268222626
Tron-o-matic 3,NewYork_02,2024-11-16,161.95097237961096,183.96956444491727,200.8393769359651,183.26403699745094
Tron-o-matic 3,NewYork_02,2024-11-17,122.12070479910417,137.20267175349923,152.20718011613968,137.3870414871792
Tron-o-matic 3,NewYork_02,2024-11-18,119.78266996547848,140.0126936674522,158.55648535506498,140.1313464918076
Tron-o-matic 3,NewYork_02,2024-11-19,123.5228600547353,140.81541304220258,152.89872199243143,139.50940936112676
Tron-o-matic 3,NewYork_02,2024-11-20,126.90655368256297,140.54160218858294,155.5284934865814,140.25483147063665
Tron-o-matic 3,NewYork_02,2024-11-21,235.6518185022383,249.09644413402768,267.1647483717382,249.4725980959009
Tron-o-matic 3,NewYork_02,2024-11-22,118.29955038336074,138.50758992012942,154.57746332786516,137.88917069920075
Tron-o-matic 3,NewYork_02,2024-11-23,123.0832725880205,140.45123995244222,157.51038092120007,140.71176805390124
Tron-o-matic 3,NewYork_02,2024-11-24,162.7811984950561,179.5351698150773,198.56947887153382,179.57349006804972
Tron-o-matic 3,NewYork_02,2024-11-25,122.17567810268469,138.30993127939828,151.56796870623697,138.16933835349167
Tron-o-matic 3,NewYork_02,2024-11-26,125.7483119823268,141.38387971273738,160.2744081058271,142.3661290025408
Tron-o-matic 3,NewYork_02,2024-11-27,168.4225656516311,185.80364059217644,206.04145196952442,185.5233595518104
Tron-o-matic 3,NewYork_02,2024-11-28,193.58407607913003,209.37679036898925,226.07634836161893,209.17977016622962
Tron-o-matic 3,NewYork_02,2024-11-29,282.2923972296708,301.02160685996137,320.44720001519715,300.9845342450825
Tron-o-matic 3,NewYork_02,2024-11-30,253.9851289638902,267.7099323343572,285.69364369827645,268.44255429365506
Tron-o-matic 3,NewYork_02,2024-12-01,260.6554459579458,277.74376148946743,292.5929283855715,277.79267806888527
Tron-o-matic 3,NewYork_02,2024-12-02,125.51594864676798,141.54242668638494,154.57702345347468,139.94416021786918
Tron-o-matic 3,NewYork_02,2024-12-03,280.3757978268794,297.9494147520027,313.22482097095804,296.4049522998577
Tron-o-matic 3,NewYork_02,2024-12-04,195.75648390712087,212.98930380662065,232.59169099472268,213.90958170206105
Tron-o-matic 3,NewYork_02,2024-12-05,131.5922246644881,145.06180033047485,162.38064894354716,145.41523347164397
Tron-o-matic 3,NewYork_02,2024-12-06,155.71793023375076,172.46888895230762,189.26504338340516,172.04854766204207
Tron-o-matic 3,NewYork_02,2024-12-07,195.5075907350111,212.93128703529428,227.60640690802907,212.52256026187652
Tron-o-matic 3,NewYork_02,2024-12-08,121.029005042425,139.41458252294152,157.7083621789259,140.22774679846538
Tron-o-matic 3,NewYork_02,2024-12-09,120.94301176255978,139.423660006625,157.29210323601302,139.0425007382521
Tron-o-matic 3,NewYork_02,2024-12-10,128.04948630747023,141.98224509451776,160.42125696667134,142.57910256933687
Tron-o-matic 3,NewYork_02,2024-12-11,128.4194820377169,146.3244533613892,166.1977256538659,146.00139574732552
Tron-o-matic 3,NewYork_02,2024-12-12,126.29914445657002,143.5361165753148,156.28116753122598,142.47318758093212
Tron-o-matic 3,NewYork_02,2024-12-13,165.2921790879692,181.25395904007317,196.97706867770262,180.97849021100058
Tron-o-matic 3,NewYork_02,2024-12-14,130.4037314877239,146.43262548228222,162.59985950648408,146.08555883661586
Tron-o-matic 3,NewYork_02,2024-12-15,199.1247533072382,212.41156093978623,228.97980855450922,212.65974174124108
Tron-o-matic 3,NewYork_02,2024-12-16,179.22142384058765,193.91792720756717,215.45353652973517,195.28891930369954
Tron-o-matic 3,NewYork_02,2024-12-17,129.8859423262874,143.05293655288622,161.39964047695318,145.39967108808426
Tron-o-matic 3,NewYork_02,2024-12-18,248.4402817841512,268.5743475306076,287.8597420820688,268.2250663424469
Tron-o-matic 3,NewYork_02,2024-12-19,243.6190816470253,257.5737687074917,275.15683110002794,258.39085499968803
Tron-o-matic 3,NewYork_02,2024-12-20,130.2229286882563,146.28064252607606,162.00875905875202,145.9059882302916
Tron-o-matic 3,NewYork_02,2024-12-21,123.2011086554244,145.28250646886232,161.08147914832134,143.283939341355
Tron-o-matic 3,NewYork_02,2024-12-22,127.74893022017915,142.51179117453313,158.5651523397661,142.7748152649545
Tron-o-matic 3,NewYork_02,2024-12-23,127.23324551093538,143.30852100999917,157.85989581943952,143.05817419799834
Tron-o-matic 3,NewYork_02,2024-12-24,127.03708175803649,145.81878257076863,161.591918470955,145.16829339138812
Tron-o-matic 3,NewYork_02,2024-12-25,195.87532199144303,214.4453507451405,226.5321552276324,213.29950186199693
Tron-o-matic 3,NewYork_02,2024-12-26,133.28693738738065,151.3615377903354,162.27259232806824,148.91129980332607
Tron-o-matic 3,NewYork_02,2024-12-27,125.01058602330558,145.88865264261793,163.15018211930771,144.4861306702886
Tron-o-matic 3,NewYork_02,2024-12-28,129.5104293656054,146.30798031452187,167.28270814200954,147.7113792635867
Tron-o-matic 3,NewYork_02,2024-12-29,130.37187852212014,145.340549233033,162.5575688820614,146.389203962735
Tron-o-matic 3,NewYork_02,2024-12-30,239.21155267076944,259.24598165287057,278.5718884566396,259.1983401087543
Tron-o-matic 3,NewYork_02,2024-12-31,130.1627322802858,146.90809885119825,160.27866110926254,146.14219138241944
Tron-o-matic 3,LosAngeles_01,2024-10-01,180.0079247405558,202.25182953589706,224.01178601841468,202.9191663717372
Tron-o-matic 3,LosAngeles_01,2024-10-02,184.47641186549075,204.76583157099623,224.27014345471156,203.78378853421066
Tron-o-matic 3,LosAngeles_01,2024-10-03,185.42695960901693,203.57138486593635,222.2301738722858,203.4117058296171
Tron-o-matic 3,LosAngeles_01,2024-10-04,183.48807988905452,200.4235024196444,222.671399577644,202.61395027533234
Tron-o-matic 3,LosAngeles_01,2024-10-05,188.47078718905775,210.08158758627383,225.9257924253788,208.01024244949406
Tron-o-matic 3,LosAngeles_01,2024-10-06,184.86896332869833,200.71091471273223,221.0987637081096,201.12650537120757
Tron-o-matic 3,LosAngeles_01,2024-10-07,179.07245443268275,207.29127100791152,226.27809063147475,205.53874780776593
Tron-o-matic 3,LosAngeles_01,2024-10-08,183.2095731148575,203.72175277084972,229.67815613391878,204.0083558726487
Tron-o-matic 3,LosAngeles_01,2024-10-09,237.5999977456522,260.40393279386353,284.0514770199343,259.6102042054725
Tron-o-matic 3,LosAngeles_01,2024-10-10,263.5512790843222,284.27529929915954,306.8210587630646,285.0295429455573
Tron-o-matic 3,LosAngeles_01,2024-10-11,371.3480114806727,390.6375841928504,413.39303595562006,391.01325864833365
Tron-o-matic 3,LosAngeles_01,2024-10-12,187.22028388034948,206.70765837810995,228.51763701913063,207.4303385214906
Tron-o-matic 3,LosAngeles_01,2024-10-13,181.85323324945082,202.21098986794388,221.51261449299307,201.9633289572503
Tron-o-matic 3,LosAngeles_01,2024-10-14,382.5383440235503,404.74115367453606,422.5030052280504,403.6331607877799
Tron-o-matic 3,LosAngeles_01,2024-10-15,331.46949678845186,347.1940651200401,379.088997858986,350.94246366356157
Tron-o-matic 3,LosAngeles_01,2024-10-16,339.79580273887603,357.9123136261573,377.6948177579375,358.2896347332493
Tron-o-matic 3,LosAngeles_01,2024-10-17,178.58386127580607,203.0459261791489,219.38389013885026,201.22963297725616
Tron-o-matic 3,LosAngeles_01,2024-10-18,377.7922987504455,396.45954156410266,416.93526902314414,395.20672308207634
Tron-o-matic 3,LosAngeles_01,2024-10-19,353.6003728133992,376.56470977954456,393.677683125244,375.65933776442455
Tron-o-matic 3,LosAngeles_01,2024-10-20,180.61922583516937,198.87700442825448,218.6993169253119,197.9553296840505
Tron-o-matic 3,LosAngeles_01,2024-10-21,246.53712071917312,270.197844172823,288.1715809799366,268.3770279225217
Tron-o-matic 3,LosAngeles_01,2024-10-22,176.58272050870397,197.34276682951432,217.3179711162818,196.8877865599862
Tron-o-matic 3,LosAngeles_01,2024-10-23,177.15229811080377,195.86244756579262,216.32393780357305,196.09083722787042
Tron-o-matic 3,LosAngeles_01,2024-10-24,173.6134255649187,195.59179530588324,216.01283119817333,195.10377772635078
Tron-o-matic 3,LosAngeles_01,2024-10-25,176.64558967494835,196.45265730520532,212.54313573827847,194.7436117402848
Tron-o-matic 3,LosAngeles_01,2024-10-26,209.95720700339953,228.33775202277576,245.65684903227626,227.7455749376319
Tron-o-matic 3,LosAngeles_01,2024-10-27,256.5167368205115,281.96767510001143,298.98445672523735,279.43142378726935
Tron-o-matic 3,LosAngeles_01,2024-10-28,262.19181725607797,279.5715409032717,297.7550959146392,279.57513816070895
Tron-o-matic 3,LosAngeles_01,2024-10-29,232.91026221573586,255.77760263985635,282.17545291042876,257.5998366148649
Tron-o-matic 3,LosAngeles_01,2024-10-30,371.725247563858,393.02768016245,413.521918464257,391.83260616608277
Tron-o-matic 3,LosAngeles_01,2024-10-31,220.69584535400463,245.25969694617905,263.3853361158513,244.1952809750484
Tron-o-matic 3,LosAngeles_01,2024-11-01,249.6531293398978,269.4858929933689,288.5101872849661,269.0318025235156
Tron-o-matic 3,LosAngeles_01,2024-11-02,166.91546836319864,189.44889731410947,205.89005601354475,188.0001447127019
Tron-o-matic 3,LosAngeles_01,2024-11-03,161.3904094007869,185.06058569328303,203.08196244569223,184.4133924688263
Tron-o-matic 3,LosAngeles_01,2024-11-04,162.31202378887568,186.08192130126653,207.5847303786835,184.05179869596108
Tron-o-matic 3,LosAngeles_01,2024-11-05,159.99613891368227,184.03992014979437,204.3341467259342,183.4536157130198
Tron-o-matic 3,LosAngeles_01,2024-11-06,162.5039118098284,181.51908939881298,200.87175037860624,183.04795687427605
Tron-o-matic 3,LosAngeles_01,2024-11-07,158.87615037207752,182.4164902679047,198.60730797492775,180.802701947728
Tron-o-matic 3,LosAngeles_01,2024-11-08,158.0707892769681,179.46628678529822,202.62503848644886,179.65264241432212
Tron-o-matic 3,LosAngeles_01,2024-11-09,166.39440062236218,186.09957916020974,202.06384319991957,183.73537753311967
Tron-o-matic 3,LosAngeles_01,2024-11-10,162.15080504531986,182.29200862160462,200.9482274488687,181.1013148478141
Tron-o-matic 3,LosAngeles_01,2024-11-11,159.19224783767152,180.1437096998125,196.88936736514574,178.6895629764261
Tron-o-matic 3,LosAngeles_01,2024-11-12,159.4415532444426,177.5137120661206,196.19487761729408,178.29767477476204
Tron-o-matic 3,LosAngeles_01,2024-11-13,161.8970994576147,180.75457355517338,197.67679188515268,179.96836195569804
Tron-o-matic 3,LosAngeles_01,2024-11-14,208.28031252576685,229.28124677916304,253.49388307622002,229.65094326334784
Tron-o-matic 3,LosAngeles_01,2024-11-15,242.1815922701446,265.5816974543381,284.91938839567086,264.89124174158457
Tron-o-matic 3,LosAngeles_01,2024-11-16,214.05684003062626,234.73805383647755,261.692480527297,236.37127930156686
Tron-o-matic 3,LosAngeles_01,2024-11-17,156.21720893494077,176.78491957410935,198.5006166723667,178.4004725717465
Tron-o-matic 3,LosAngeles_01,2024-11-18,159.68896622544722,176.9511434937453,198.17918995723875,176.94802125857913
Tron-o-matic 3,LosAngeles_01,2024-11-19,159.713207215053,177.27558296135948,202.6939791140468,179.35496071856184
Tron-o-matic 3,LosAngeles_01,2024-11-20,153.1102742442248,176.54698172732446,195.56781181439317,175.65518753529435
Tron-o-matic 3,LosAngeles_01,2024-11-21,302.6582677085221,317.27921832391706,338.0544366135515,318.2026484651882
Tron-o-matic 3,LosAngeles_01,2024-11-22,152.86291468773436,175.0786613996101,196.13404391889918,175.88831326159368
Tron-o-matic 3,LosAngeles_01,2024-11-23,157.0120540128556,176.7369772917537,200.05597931057721,177.84052531252175
Tron-o-matic 3,LosAngeles_01,2024-11-24,208.38047483137444,232.81933365795487,245.79100208825417,229.30084169790578
Tron-o-matic 3,LosAngeles_01,2024-11-25,155.88506694886496,176.42322979201057,196.35627441548075,175.77961294726188
Tron-o-matic 3,LosAngeles_01,2024-11-26,162.03889350535977,179.84951514164837,196.5931232426046,179.8484972165156
Tron-o-matic 3,LosAngeles_01,2024-11-27,218.41904305710554,235.37726412851578,254.1721481315182,235.70649119498376
Tron-o-matic 3,LosAngeles_01,2024-11-28,244.85307850802926,266.24764107014016,284.7407722611197,265.53423297519873
Tron-o-matic 3,LosAngeles_01,2024-11-29,364.3801474087025,380.50886537831633,405.38302419261237,381.91698035366096
Tron-o-matic 3,LosAngeles_01,2024-11-30,320.52038068293564,340.2612834643568,366.13542704722477,341.0311657892851
Tron-o-matic 3,LosAngeles_01,2024-12-01,335.76272394528024,351.6774950747243,376.76469229406206,354.3347674942189
Tron-o-matic 3,LosAngeles_01,2024-12-02,157.0692682404366,178.9401683245055,194.7831420160582,177.41879572632985
Tron-o-matic 3,LosAngeles_01,2024-12-03,355.5745863402182,377.4824067797292,399.9539718536419,377.68338034029364
Tron-o-matic 3,LosAngeles_01,2024-12-04,251.49183657711612,274.8492070870802,290.34954207102527,271.92512224728654
Tron-o-matic 3,LosAngeles_01,2024-12-05,156.04509342684975,183.69353995276938,199.02615118206617,181.1467124989805
Tron-o-matic 3,LosAngeles_01,2024-12-06,200.01743080096858,217.82113793265376,237.51625648467507,218.43605127888907
Tron-o-matic 3,LosAngeles_01,2024-12-07,247.5410077935229,271.8964301899033,290.8113830163627,270.4547656382019
Tron-o-matic 3,LosAngeles_01,2024-12-08,161.91885083717958,182.92319125037503,200.5834328505992,182.40389587136917
Tron-o-matic 3,LosAngeles_01,2024-12-09,155.0669742639551,182.7790215042962,205.0843079760839,180.28392798788033
Tron-o-matic 3,LosAngeles_01,2024-12-10,161.1023017680999,180.26103348189906,205.87121971023745,180.65760154272957
Tron-o-matic 3,LosAngeles_01,2024-12-11,167.69005524571722,185.58264130070836,202.95115642668426,185.8040731593791
Tron-o-matic 3,LosAngeles_01,2024-12-12,162.9973170536342,184.43303401018596,206.33542432488667,184.78912016941294
Tron-o-matic 3,LosAngeles_01,2024-12-13,213.32152606428002,233.3361913897333,252.60416720934825,232.77670859853905
Tron-o-matic 3,LosAngeles_01,2024-12-14,165.01155090493296,186.8352453046941,207.58693479224178,186.2222294456292
Tron-o-matic 3,LosAngeles_01,2024-12-15,247.30393457338795,265.81936245790735,289.0070582747803,268.06358664748257
Tron-o-matic 3,LosAngeles_01,2024-12-16,228.74759313130568,251.15664965867975,277.2147946713691,251.09356877346693
Tron-o-matic 3,LosAngeles_01,2024-12-17,169.20252534017325,192.49185846634748,214.87271437504842,190.6586895265669
Tron-o-matic 3,LosAngeles_01,2024-12-18,327.4494804891791,341.8960249479917,361.08994120561084,343.3342748315166
Tron-o-matic 3,LosAngeles_01,2024-12-19,311.122211783343,330.7232360167736,349.3121650146215,329.6093933044491
Tron-o-matic 3,LosAngeles_01,2024-12-20,160.82042320437918,181.68487596116805,204.2774506748614,183.1256906861582
Tron-o-matic 3,LosAngeles_01,2024-12-21,166.0673769889887,186.48892251646106,205.94135086372688,186.18238864838176
Tron-o-matic 3,LosAngeles_01,2024-12-22,165.11070718645638,184.40182520546708,205.31351723476348,184.50928733921918
Tron-o-matic 3,LosAngeles_01,2024-12-23,162.76418803765986,186.00505197300927,209.66277036923077,185.85177789084446
Tron-o-matic 3,LosAngeles_01,2024-12-24,169.672479378591,187.9772155370487,208.31480338057096,187.6499024749256
Tron-o-matic 3,LosAngeles_01,2024-12-25,253.52369940664792,270.85976539087085,289.7947836746179,270.9715877451088
Tron-o-matic 3,LosAngeles_01,2024-12-26,164.22544206871427,185.21031636746395,204.4228282083378,184.34321290529635
Tron-o-matic 3,LosAngeles_01,2024-12-27,161.82630748832347,187.98655818453406,206.7221459718607,185.79604024589713
Tron-o-matic 3,LosAngeles_01,2024-12-28,161.76374502740904,183.42176289747036,206.21784107689774,184.1440362584097
Tron-o-matic 3,LosAngeles_01,2024-12-29,165.85280208687269,183.7040844688852,201.02954709694612,183.30808497643847
Tron-o-matic 3,LosAngeles_01,2024-12-30,314.2596586300289,332.6329446220961,355.1384179872183,332.2746085830562
Tron-o-matic 3,LosAngeles_01,2024-12-31,165.1232200059311,185.6951637873788,207.06634040574093,186.31070450268166
Tron-o-matic 4 Pro,LosAngeles_01,2024-10-01,61.328219637612364,66.9485283683785,71.88953711938623,66.78695071033724
Tron-o-matic 4 Pro,LosAngeles_01,2024-10-02,61.77007670353492,68.1934113496134,72.98288759858072,67.6873724027856
Tron-o-matic 4 Pro,LosAngeles_01,2024-10-03,73.86463681119432,79.86246877017913,84.69073879015399,79.68544313288454
Tron-o-matic 4 Pro,LosAngeles_01,2024-10-04,60.47663402722608,67.33930870582043,72.32757763413878,66.93587181404413
Tron-o-matic 4 Pro,LosAngeles_01,2024-10-05,60.46083166539006,66.26697825096919,71.72022585518471,66.58685185347476
Tron-o-matic 4 Pro,LosAngeles_01,2024-10-06,77.19652115916918,83.24321218322618,87.31117775715803,82.9061899347372
Tron-o-matic 4 Pro,LosAngeles_01,2024-10-07,73.3303677469804,77.49711665354896,82.1697973053892,77.60115840680574
Tron-o-matic 4 Pro,LosAngeles_01,2024-10-08,61.1803937366087,66.72711960562691,71.57436142106165,66.38767597789696
Tron-o-matic 4 Pro,LosAngeles_01,2024-10-09,61.572562073451394,66.94691514529777,72.38126901934949,66.92162553088751
Tron-o-matic 4 Pro,LosAngeles_01,2024-10-10,69.24347925417241,74.621320363846,81.05815061837339,75.28589788653687
Tron-o-matic 4 Pro,LosAngeles_01,2024-10-11,61.114964320402336,67.55562962193407,72.05168984666656,67.07407002947936
Tron-o-matic 4 Pro,LosAngeles_01,2024-10-12,71.34889428319984,77.70861252748685,82.4244277813741,77.01309895600687
Tron-o-matic 4 Pro,LosAngeles_01,2024-10-13,79.00383875167465,84.92528128603645,89.30946836685125,84.687033396687
Tron-o-matic 4 Pro,LosAngeles_01,2024-10-14,92.85166779435892,98.27255104608591,103.62807242600174,98.28146584625763
Tron-o-matic 4 Pro,LosAngeles_01,2024-10-15,88.4772264204656,94.15951818749878,100.39599046247429,94.41879687653974
Tron-o-matic 4 Pro,LosAngeles_01,2024-10-16,60.91663304827768,66.23233681148434,72.69967870249533,66.4112555303857
Tron-o-matic 4 Pro,LosAngeles_01,2024-10-17,60.90233754203818,66.15151800605189,71.25127421914621,66.09999244784677
Tron-o-matic 4 Pro,LosAngeles_01,2024-10-18,61.444606416399026,66.51388614860902,71.29153800990042,66.48638124015854
Tron-o-matic 4 Pro,LosAngeles_01,2024-10-19,73.22362925438208,77.88257867579996,83.61184369372148,78.0036357767099
Tron-o-matic 4 Pro,LosAngeles_01,2024-10-20,59.372196025499605,64.68527756743568,70.6374546427915,65.08246013920751
Tron-o-matic 4 Pro,LosAngeles_01,2024-10-21,60.63451883449999,65.92311504673619,71.19992246655386,66.19809057212227
Tron-o-matic 4 Pro,LosAngeles_01,2024-10-22,101.15254831675139,105.53240300895676,110.32309255639117,105.72107901430788
Tron-o-matic 4 Pro,LosAngeles_01,2024-10-23,87.93846585358452,94.62203206658613,99.27605714640386,94.45412866276948
Tron-o-matic 4 Pro,LosAngeles_01,2024-10-24,58.415195921116165,64.7887543283161,68.74410188249539,63.870880779076145
Tron-o-matic 4 Pro,LosAngeles_01,2024-10-25,87.25036718569488,92.81023847386739,100.38394017875112,93.1959528316362
Tron-o-matic 4 Pro,LosAngeles_01,2024-10-26,58.37346958563203,64.0848719398231,69.69699483533905,63.77545475834362
Tron-o-matic 4 Pro,LosAngeles_01,2024-10-27,64.3562345248845,69.88506019023939,75.65756195650762,70.02130060220352
Tron-o-matic 4 Pro,LosAngeles_01,2024-10-28,67.99647078123391,74.1156830910139,78.78577004291009,73.59650756021969
Tron-o-matic 4 Pro,LosAngeles_01,2024-10-29,57.43951104728709,62.45132440793381,68.64207622438967,62.56203939138804
Tron-o-matic 4 Pro,LosAngeles_01,2024-10-30,58.352735572002736,63.49652053790051,69.26496227727814,63.67379262580179
Tron-o-matic 4 Pro,LosAngeles_01,2024-10-31,74.50507977583973,81.15381698033629,85.86329854607452,80.48780242585383
Tron-o-matic 4 Pro,LosAngeles_01,2024-11-01,56.144911643946955,61.77238696148499,67.77313826344574,61.63687671355879
Tron-o-matic 4 Pro,LosAngeles_01,2024-11-02,84.02768902245853,90.246451988587,94.80823139666772,89.76959095985332
Tron-o-matic 4 Pro,LosAngeles_01,2024-11-03,54.619810217402375,60.702803505606575,66.14288166267809,60.355879019529496
Tron-o-matic 4 Pro,LosAngeles_01,2024-11-04,90.03898780301489,95.67361798505854,101.53257736802294,95.48364246342837
Tron-o-matic 4 Pro,LosAngeles_01,2024-11-05,70.96168253641139,77.68796728432208,83.10972162545367,77.510158401329
Tron-o-matic 4 Pro,LosAngeles_01,2024-11-06,89.51874408569542,95.44353292213898,100.4699072510099,94.80197967837225
Tron-o-matic 4 Pro,LosAngeles_01,2024-11-07,56.17434767396737,60.3456414934119,66.26683309845349,60.429698339486805
Tron-o-matic 4 Pro,LosAngeles_01,2024-11-08,61.24688432288195,68.37691896454736,73.15355561136423,67.81335029450364
Tron-o-matic 4 Pro,LosAngeles_01,2024-11-09,72.5333426048072,77.2000352950602,83.2277797331754,77.5647336395873
Tron-o-matic 4 Pro,LosAngeles_01,2024-11-10,52.28899815967287,58.474205458730516,64.24793784979835,58.37877062423976
Tron-o-matic 4 Pro,LosAngeles_01,2024-11-11,84.72924921966036,89.85868963794692,95.59197222074755,89.84721909259844
Tron-o-matic 4 Pro,LosAngeles_01,2024-11-12,53.53148331001586,59.00337020278496,64.52430857027102,58.835994712228015
Tron-o-matic 4 Pro,LosAngeles_01,2024-11-13,53.90773097136299,59.07810924496368,64.92126301164075,59.03702709182848
Tron-o-matic 4 Pro,LosAngeles_01,2024-11-14,52.30515614203096,58.40390977859382,65.11120608633371,58.33954738403771
Tron-o-matic 4 Pro,LosAngeles_01,2024-11-15,52.20777196490406,57.31863769426692,63.51317952412343,57.780102383319424
Tron-o-matic 4 Pro,LosAngeles_01,2024-11-16,85.31490165211692,91.9498726544528,97.76215439821462,91.74795769194232
Tron-o-matic 4 Pro,LosAngeles_01,2024-11-17,67.9927281624244,73.87603242059946,79.49860429031719,73.97242554757914
Tron-o-matic 4 Pro,LosAngeles_01,2024-11-18,86.09068245461768,92.02821044892423,97.73081244358025,92.16157285701476
Tron-o-matic 4 Pro,LosAngeles_01,2024-11-19,52.82209587796495,58.81001660527584,65.2243611120345,58.87616146858554
Tron-o-matic 4 Pro,LosAngeles_01,2024-11-20,94.4620005586117,100.81814446770811,105.7430469238803,100.63701644945947
Tron-o-matic 4 Pro,LosAngeles_01,2024-11-21,53.191362437783816,58.29549196024223,64.64778311655283,58.6547934266781
Tron-o-matic 4 Pro,LosAngeles_01,2024-11-22,51.8164676927581,57.27483133814726,63.00834447069785,57.428018141353604
Tron-o-matic 4 Pro,LosAngeles_01,2024-11-23,53.01839424061389,59.39635197046888,63.74600022323802,59.027776650118675
Tron-o-matic 4 Pro,LosAngeles_01,2024-11-24,54.04842720475052,58.12232819885932,63.427905497317724,58.13950117149719
Tron-o-matic 4 Pro,LosAngeles_01,2024-11-25,91.70911152504196,97.62399833224357,102.73139262296914,97.46564333447206
Tron-o-matic 4 Pro,LosAngeles_01,2024-11-26,53.30762820994107,59.47151435959897,64.64393470469773,59.20669096842871
Tron-o-matic 4 Pro,LosAngeles_01,2024-11-27,53.121423936658516,58.94106379936924,64.0926785034629,58.76710348075136
Tron-o-matic 4 Pro,LosAngeles_01,2024-11-28,53.41561339921119,58.6246857550506,63.95943845629511,58.70181330454442
Tron-o-matic 4 Pro,LosAngeles_01,2024-11-29,97.06726166568767,102.37676321850005,107.76565525489366,102.22581834084708
Tron-o-matic 4 Pro,LosAngeles_01,2024-11-30,52.368774941746565,58.89663381008616,64.9330864100829,59.22348278995895
Tron-o-matic 4 Pro,LosAngeles_01,2024-12-01,52.87095496470965,58.421690634543744,63.643310354907676,58.035164869873284
Tron-o-matic 4 Pro,LosAngeles_01,2024-12-02,51.726208557887695,59.80678572009808,64.79387572640226,59.03647182973346
Tron-o-matic 4 Pro,LosAngeles_01,2024-12-03,64.77911587658056,70.58599910968579,76.20176447400706,70.43511011470947
Tron-o-matic 4 Pro,LosAngeles_01,2024-12-04,54.040808413150565,59.494709465292935,64.51174130123634,59.27355687315078
Tron-o-matic 4 Pro,LosAngeles_01,2024-12-05,54.299184237478656,58.79768808322216,64.24044375765001,58.97896182264472
Tron-o-matic 4 Pro,LosAngeles_01,2024-12-06,52.96751222061825,58.807741886647065,63.948590935653954,58.57377041229847
Tron-o-matic 4 Pro,LosAngeles_01,2024-12-07,72.87046588724014,78.78865072329216,84.85125683906719,78.69458751220044
Tron-o-matic 4 Pro,LosAngeles_01,2024-12-08,65.90580816117186,71.08046132560136,74.92604365151944,70.33753918274712
Tron-o-matic 4 Pro,LosAngeles_01,2024-12-09,91.81211696404027,97.10500152284555,102.56285642232884,97.28959141681875
Tron-o-matic 4 Pro,LosAngeles_01,2024-12-10,54.342449338623794,58.956648021479126,64.29344381142421,59.188335393874674
Tron-o-matic 4 Pro,LosAngeles_01,2024-12-11,54.59764024741679,59.07983626266856,64.41438874114831,59.185520134832274
Tron-o-matic 4 Pro,LosAngeles_01,2024-12-12,85.80992284628095,90.6779900797159,95.86292680105853,90.71768296090261
Tron-o-matic 4 Pro,LosAngeles_01,2024-12-13,52.62144602103323,58.503877662986994,63.86723232371962,58.17554653839325
Tron-o-matic 4 Pro,LosAngeles_01,2024-12-14,65.31438566788844,70.51408731641945,75.26066846868903,70.05777958667646
Tron-o-matic 4 Pro,LosAngeles_01,2024-12-15,53.095755212737075,58.771547441781955,63.782461699233394,58.62814868561589
Tron-o-matic 4 Pro,LosAngeles_01,2024-12-16,53.463677665812725,58.54054149619902,65.23365466693987,58.945980113735615
Tron-o-matic 4 Pro,LosAngeles_01,2024-12-17,52.837863712324264,57.84201521270678,63.710126061951236,58.24978301190886
Tron-o-matic 4 Pro,LosAngeles_01,2024-12-18,54.027850053651754,59.18659077250677,65.75897639313393,59.66604097921891
Tron-o-matic 4 Pro,LosAngeles_01,2024-12-19,60.504059016416335,66.20207560120893,71.31138331366235,65.99787519927621
Tron-o-matic 4 Pro,LosAngeles_01,2024-12-20,53.13993435871702,58.66875754275508,64.45918853462864,59.04324974556038
Tron-o-matic 4 Pro,LosAngeles_01,2024-12-21,84.16975593412113,91.28037218124368,96.82581739930976,90.8982711240321
Tron-o-matic 4 Pro,LosAngeles_01,2024-12-22,53.62976217219703,59.72201575904155,65.67206051425534,59.66340592057262
Tron-o-matic 4 Pro,LosAngeles_01,2024-12-23,60.78709075737787,66.00671689255634,72.1478197984449,66.46124189214446
Tron-o-matic 4 Pro,LosAngeles_01,2024-12-24,54.85650345751075,58.83746818852181,65.5359503257788,59.52981416949671
Tron-o-matic 4 Pro,LosAngeles_01,2024-12-25,53.80114264595843,59.73233146017452,66.08765631387506,59.78526414280992
Tron-o-matic 4 Pro,LosAngeles_01,2024-12-26,88.73719323952045,94.50217477234062,99.94360625958072,94.17894600711188
Tron-o-matic 4 Pro,LosAngeles_01,2024-12-27,84.91993731522601,90.68780425500445,95.97216902276962,90.47478768243069
Tron-o-matic 4 Pro,LosAngeles_01,2024-12-28,55.291569452655644,60.37878806035438,65.5191149081817,60.34673993226455
Tron-o-matic 4 Pro,LosAngeles_01,2024-12-29,91.7596251453895,97.85207647304844,103.54593632737301,97.80686075060459
Tron-o-matic 4 Pro,LosAngeles_01,2024-12-30,74.09433184820523,80.04305874299867,84.73671388912848,79.60034133713116
Tron-o-matic 4 Pro,LosAngeles_01,2024-12-31,65.04627588140644,71.03333562654524,76.9073797931501,71.02367881066186
Tron-o-matic 4 Pro,Atlanta_01,2024-10-01,29.577473186207147,32.46801595543411,35.51361945263902,32.50379635450869
Tron-o-matic 4 Pro,Atlanta_01,2024-10-02,30.387877727115402,32.9765524810635,35.67962971598381,33.11851967197425
Tron-o-matic 4 Pro,Atlanta_01,2024-10-03,35.173461430438266,38.06240413926637,41.7530365710284,38.25260193867952
Tron-o-matic 4 Pro,Atlanta_01,2024-10-04,30.058318118306865,33.22283027685197,35.51658724225487,32.79380424132306
Tron-o-matic 4 Pro,Atlanta_01,2024-10-05,29.89718100622178,33.27118845207284,35.94465774900099,33.118441676368114
Tron-o-matic 4 Pro,Atlanta_01,2024-10-06,37.975370469013775,40.35675474068792,43.18397046553615,40.56659814260319
Tron-o-matic 4 Pro,Atlanta_01,2024-10-07,34.788631024972965,37.31696406536247,40.16049730543692,37.30259219352503
Tron-o-matic 4 Pro,Atlanta_01,2024-10-08,29.934354976448883,32.299889382081325,35.31574588551784,32.529176369070335
Tron-o-matic 4 Pro,Atlanta_01,2024-10-09,29.143980759352548,32.38065272644278,34.79529874558777,32.17232011506463
Tron-o-matic 4 Pro,Atlanta_01,2024-10-10,33.49004466095512,36.02764999341874,39.19872762589433,36.14651763384683
Tron-o-matic 4 Pro,Atlanta_01,2024-10-11,29.733547515290997,32.063699042429654,34.059876980585905,31.993289726281255
Tron-o-matic 4 Pro,Atlanta_01,2024-10-12,33.585155955629446,36.772500429701566,39.40768964274643,36.550202196634416
Tron-o-matic 4 Pro,Atlanta_01,2024-10-13,38.204709838330054,41.05447274041778,44.0108842295602,40.99045540471652
Tron-o-matic 4 Pro,Atlanta_01,2024-10-14,44.58519821224536,46.8354967875447,49.89701878958976,46.982418847031866
Tron-o-matic 4 Pro,Atlanta_01,2024-10-15,42.46867861516181,45.369973802056315,48.441173028088,45.4448469039261
Tron-o-matic 4 Pro,Atlanta_01,2024-10-16,29.102823970461408,32.15556769104033,35.21090627283194,32.18202763100544
Tron-o-matic 4 Pro,Atlanta_01,2024-10-17,29.277863772885237,32.31800515680272,35.35902293448935,32.27766093414125
Tron-o-matic 4 Pro,Atlanta_01,2024-10-18,29.14629459708261,31.701592547607103,33.68796143967661,31.400907726282757
Tron-o-matic 4 Pro,Atlanta_01,2024-10-19,34.46558724617364,36.87412934238925,40.22482084278935,37.27708395942059
Tron-o-matic 4 Pro,Atlanta_01,2024-10-20,29.492205775399853,31.847182026751014,34.715694000339376,31.77893892571467
Tron-o-matic 4 Pro,Atlanta_01,2024-10-21,29.730717807814113,31.855825026057165,34.53764616723369,31.916121468876323
Tron-o-matic 4 Pro,Atlanta_01,2024-10-22,48.035330601248255,51.14740173282272,53.342706606673836,50.800634922007205
Tron-o-matic 4 Pro,Atlanta_01,2024-10-23,42.42614295610399,45.00210494029588,47.964143973029906,45.02375731033204
Tron-o-matic 4 Pro,Atlanta_01,2024-10-24,28.72723334140897,31.093160067738424,33.70165535364477,31.178475478823575
Tron-o-matic 4 Pro,Atlanta_01,2024-10-25,42.40435005578082,44.42815712373857,47.04984509701963,44.56555725405389
Tron-o-matic 4 Pro,Atlanta_01,2024-10-26,27.644306755472908,30.572557557767873,33.393755699204746,30.502537805370252
Tron-o-matic 4 Pro,Atlanta_01,2024-10-27,30.93553343692932,33.56878233664114,36.19673649602703,33.413784807664484
Tron-o-matic 4 Pro,Atlanta_01,2024-10-28,32.24310271111853,35.14690470503667,38.204867722849116,35.19376963835462
Tron-o-matic 4 Pro,Atlanta_01,2024-10-29,27.830534469120828,30.383475940394394,32.55213679680315,30.47035771047863
Tron-o-matic 4 Pro,Atlanta_01,2024-10-30,27.616929466530113,29.786976831689287,32.74049281146715,29.950447541276866
Tron-o-matic 4 Pro,Atlanta_01,2024-10-31,36.41382828425667,38.91025964708892,42.30430662280209,39.13810744130332
Tron-o-matic 4 Pro,Atlanta_01,2024-11-01,26.934288173297652,29.693212312776414,32.70867420392499,29.7968334877364
Tron-o-matic 4 Pro,Atlanta_01,2024-11-02,40.29296848115876,43.104181251516096,45.68967715097081,43.087525773855575
Tron-o-matic 4 Pro,Atlanta_01,2024-11-03,26.957035214609828,29.92757285246138,32.63515802587837,29.756819516627193
Tron-o-matic 4 Pro,Atlanta_01,2024-11-04,43.15108488383703,45.69945193509222,48.81971970831114,45.85645336603507
Tron-o-matic 4 Pro,Atlanta_01,2024-11-05,34.86962139601297,37.50841667389973,40.0406542964867,37.47241462130404
Tron-o-matic 4 Pro,Atlanta_01,2024-11-06,43.4790990675876,46.274330139370925,49.061936702605635,46.21341048792638
Tron-o-matic 4 Pro,Atlanta_01,2024-11-07,26.68532778467133,29.401729238302963,32.09590551947004,29.415312530249516
Tron-o-matic 4 Pro,Atlanta_01,2024-11-08,29.482452127372365,32.54943405305611,35.33244476231583,32.49125109222061
Tron-o-matic 4 Pro,Atlanta_01,2024-11-09,35.34433676415106,37.81964066736554,40.84689024276374,37.93376632131619
Tron-o-matic 4 Pro,Atlanta_01,2024-11-10,26.181602316939507,28.813498321489327,31.65931905917985,28.85153234183404
Tron-o-matic 4 Pro,Atlanta_01,2024-11-11,40.50733481260284,43.251790470152976,46.16011335186413,43.41739862311871
Tron-o-matic 4 Pro,Atlanta_01,2024-11-12,26.8402039639478,28.718427366591946,31.761844974788286,28.964702172149615
Tron-o-matic 4 Pro,Atlanta_01,2024-11-13,26.509627723249807,29.168818625142926,31.5488524711125,29.264376375180426
Tron-o-matic 4 Pro,Atlanta_01,2024-11-14,26.28561314665165,29.06695176111544,31.487613732703643,29.028894769818276
Tron-o-matic 4 Pro,Atlanta_01,2024-11-15,26.11344858419032,28.98542366296317,31.318874555745765,28.895744311471507
Tron-o-matic 4 Pro,Atlanta_01,2024-11-16,42.38979373048511,45.50823685269162,47.799508581343545,45.206069839446116
Tron-o-matic 4 Pro,Atlanta_01,2024-11-17,33.373022170916876,36.71307791976941,38.85500484446439,36.31523111495175
Tron-o-matic 4 Pro,Atlanta_01,2024-11-18,42.70538360465473,45.290778357591996,47.80142842206038,45.20659609277209
Tron-o-matic 4 Pro,Atlanta_01,2024-11-19,25.32578415619456,28.42315171582236,31.064044971772486,28.412831566449935
Tron-o-matic 4 Pro,Atlanta_01,2024-11-20,47.134406497189126,49.00122471770829,51.21441534610776,49.12512379943145
Tron-o-matic 4 Pro,Atlanta_01,2024-11-21,26.060558844414203,29.09960382933227,31.78044852628471,28.94308959162839
Tron-o-matic 4 Pro,Atlanta_01,2024-11-22,25.808588336156692,28.681973625691924,31.15704091596845,28.386359386819308
Tron-o-matic 4 Pro,Atlanta_01,2024-11-23,27.004894277917703,29.58065054303079,31.827476657371044,29.406949027288228
Tron-o-matic 4 Pro,Atlanta_01,2024-11-24,26.388297792269135,29.08113033166846,31.778595435124387,29.136750121062622
Tron-o-matic 4 Pro,Atlanta_01,2024-11-25,44.36917707420555,47.586892609155974,49.7079052038502,47.27891452380365
Tron-o-matic 4 Pro,Atlanta_01,2024-11-26,26.582610918011756,29.005749970733245,31.28239650324735,28.923017476494724
Tron-o-matic 4 Pro,Atlanta_01,2024-11-27,26.31116759898354,28.57454174838439,31.462382909783695,28.82530138998643
Tron-o-matic 4 Pro,Atlanta_01,2024-11-28,26.562592531949257,29.32618676012351,31.183947240689236,29.217894500994493
Tron-o-matic 4 Pro,Atlanta_01,2024-11-29,46.59328087321967,50.15450463643712,52.79644683694266,49.82682981502771
Tron-o-matic 4 Pro,Atlanta_01,2024-11-30,25.64676940534897,28.973463163243533,31.835621443420266,28.826876124139936
Tron-o-matic 4 Pro,Atlanta_01,2024-12-01,26.202941324202165,28.493046483028824,31.254597654763142,28.632101846268057
Tron-o-matic 4 Pro,Atlanta_01,2024-12-02,26.23470568568659,29.113405259671723,31.625489164985805,28.966674756929983
Tron-o-matic 4 Pro,Atlanta_01,2024-12-03,32.00664276694442,34.93977120460492,37.62749894199172,34.87510683740799
Tron-o-matic 4 Pro,Atlanta_01,2024-12-04,26.44913907314349,28.93755302268354,31.449439290021513,29.00617017864463
Tron-o-matic 4 Pro,Atlanta_01,2024-12-05,25.716907463552864,29.131810181538757,32.23848135607146,29.104858949356142
Tron-o-matic 4 Pro,Atlanta_01,2024-12-06,26.162055307435693,29.162583955601477,31.572897359913533,29.03426535879053
Tron-o-matic 4 Pro,Atlanta_01,2024-12-07,35.76042280834914,38.766451836340295,41.24696566796894,38.50901857001985
Tron-o-matic 4 Pro,Atlanta_01,2024-12-08,31.787232717596247,34.90079836435921,36.940459121843,34.7000038923383
Tron-o-matic 4 Pro,Atlanta_01,2024-12-09,44.81172874994175,47.44134320798602,49.97374822446426,47.53011600384421
Tron-o-matic 4 Pro,Atlanta_01,2024-12-10,25.7283355208833,29.067403819783298,31.641124327168477,28.930286142984006
Tron-o-matic 4 Pro,Atlanta_01,2024-12-11,26.369362571747768,28.466125124556317,31.68539526393898,28.674824160178478
Tron-o-matic 4 Pro,Atlanta_01,2024-12-12,42.12521083070807,44.53423222630418,47.71986366331804,44.70465732432408
Tron-o-matic 4 Pro,Atlanta_01,2024-12-13,25.773653166950478,28.563841741555564,31.20348383778702,28.49501905094543
Tron-o-matic 4 Pro,Atlanta_01,2024-12-14,31.7503855921856,34.57123339770558,37.313140022172405,34.41533559969819
Tron-o-matic 4 Pro,Atlanta_01,2024-12-15,25.99424771670302,28.384038197960315,31.190234264428554,28.538145040755982
Tron-o-matic 4 Pro,Atlanta_01,2024-12-16,25.79824527071264,29.295399217659504,31.87102598493948,29.123293957096248
Tron-o-matic 4 Pro,Atlanta_01,2024-12-17,25.652325354251374,28.325293676762048,30.965403140054505,28.44010894644292
Tron-o-matic 4 Pro,Atlanta_01,2024-12-18,25.732983030046515,28.8412256728228,31.167589763727023,28.691018025656067
Tron-o-matic 4 Pro,Atlanta_01,2024-12-19,29.329037253489346,31.917383262490105,35.009239784187166,31.98654185577904
Tron-o-matic 4 Pro,Atlanta_01,2024-12-20,25.49017650604041,28.423100514204787,31.65496847865963,28.543346139048335
Tron-o-matic 4 Pro,Atlanta_01,2024-12-21,41.019376272219866,43.95558859572729,46.54534765429447,43.90720632552819
Tron-o-matic 4 Pro,Atlanta_01,2024-12-22,26.3650214206383,29.300430204121,31.46188688387355,29.053096296159165
Tron-o-matic 4 Pro,Atlanta_01,2024-12-23,29.967532692527545,32.794015490798756,35.20205922597958,32.642214594631476
Tron-o-matic 4 Pro,Atlanta_01,2024-12-24,25.827458954459043,28.99417218503078,31.378115124044086,28.910618173376584
Tron-o-matic 4 Pro,Atlanta_01,2024-12-25,25.90563252347586,28.964664796789684,32.17541529882194,29.02591009161285
Tron-o-matic 4 Pro,Atlanta_01,2024-12-26,43.05234536472545,45.362333153511784,48.82808053200059,45.643155027629
Tron-o-matic 4 Pro,Atlanta_01,2024-12-27,40.892020932633415,43.78301352515745,47.09369588284067,43.824941985745234
Tron-o-matic 4 Pro,Atlanta_01,2024-12-28,27.283664019122337,29.13311980913832,31.834050749508634,29.358849640632517
Tron-o-matic 4 Pro,Atlanta_01,2024-12-29,45.17600747492145,47.43216320627713,50.467892654599254,47.709019373418116
Tron-o-matic 4 Pro,Atlanta_01,2024-12-30,36.015710092303294,38.30988943036306,41.477951602071705,38.4294419003256
Tron-o-matic 4 Pro,Atlanta_01,2024-12-31,32.387356913872566,34.61082998136547,36.936179885206336,34.60272857019357
Tron-o-matic 3,Online_Store,2024-10-01,2772.360092851407,3054.70626509374,3446.033017014956,3088.3470538336605
Tron-o-matic 3,Online_Store,2024-10-02,2811.6809943414723,3124.9767322531434,3457.4448499830983,3137.448386074306
Tron-o-matic 3,Online_Store,2024-10-03,2814.974649195074,3105.786522658831,3432.1575831661603,3120.988578217433
Tron-o-matic 3,Online_Store,2024-10-04,2755.7495313593267,3167.4918841206154,3435.207612368222,3122.7905863693927
Tron-o-matic 3,Online_Store,2024-10-05,2775.8252507028114,3181.710983627274,3489.6749761865485,3161.8252232990467
Tron-o-matic 3,Online_Store,2024-10-06,2802.5372650878408,3028.0724359179007,3391.3979233869563,3074.0725682701027
Tron-o-matic 3,Online_Store,2024-10-07,2714.6307385097584,3116.6271786103785,3415.4883119179513,3110.834009100803
Tron-o-matic 3,Online_Store,2024-10-08,2847.978684583491,3112.1986382287896,3491.0584382129937,3132.8241338484954
Tron-o-matic 3,Online_Store,2024-10-09,3651.0606864741853,3991.180498157653,4338.291665809001,3995.3916807624937
Tron-o-matic 3,Online_Store,2024-10-10,4048.77286434158,4383.032827335003,4695.153248112028,4361.7784286454125
Tron-o-matic 3,Online_Store,2024-10-11,5659.688270475961,5982.126881215992,6274.203683687778,5983.543834828048
Tron-o-matic 3,Online_Store,2024-10-12,2723.1428869768242,3058.1358260070597,3451.1431008083605,3065.033778280519
Tron-o-matic 3,Online_Store,2024-10-13,2654.8546681859757,3003.991045287184,3301.094245688837,2986.317012141914
Tron-o-matic 3,Online_Store,2024-10-14,5808.443621134896,6163.815600849508,6492.634443122853,6142.523898390724
Tron-o-matic 3,Online_Store,2024-10-15,5017.031424962104,5363.334793335917,5706.349401676849,5342.763826052737
Tron-o-matic 3,Online_Store,2024-10-16,5210.6774823751,5455.595241910769,5849.211353392632,5493.702898829966
Tron-o-matic 3,Online_Store,2024-10-17,2763.4805919040014,3004.0348872709296,3362.2616821534657,3026.1755107651434
Tron-o-matic 3,Online_Store,2024-10-18,5770.500252091329,6106.191456086004,6388.295948118334,6090.5223054103435
Tron-o-matic 3,Online_Store,2024-10-19,5427.83195692984,5765.237218971905,6050.556833062507,5748.734525542699
Tron-o-matic 3,Online_Store,2024-10-20,2697.962637285207,2994.703850360298,3292.4070643102723,2968.984444132559
Tron-o-matic 3,Online_Store,2024-10-21,3758.279907193332,4057.025256307271,4433.040909966933,4075.5489664376755
Tron-o-matic 3,Online_Store,2024-10-22,2627.9397898203188,2945.3602095016727,3238.4118867140105,2958.1333548780344
Tron-o-matic 3,Online_Store,2024-10-23,2482.6251710752704,2952.0390830876936,3279.023759264584,2929.7720584433805
Tron-o-matic 3,Online_Store,2024-10-24,2704.1047358281244,2979.2024728721753,3307.292228930457,2970.1037133661657
Tron-o-matic 3,Online_Store,2024-10-25,2620.403514966888,2930.8936779603278,3263.7520045376045,2925.133936293392
Tron-o-matic 3,Online_Store,2024-10-26,3103.276592682082,3404.3066154303406,3675.071394347114,3400.0271928377274
Tron-o-matic 3,Online_Store,2024-10-27,3908.4900977287934,4283.490034344274,4566.662437400986,4259.022227819034
Tron-o-matic 3,Online_Store,2024-10-28,3985.75688295557,4255.974248314757,4653.304710842838,4290.520892431697
Tron-o-matic 3,Online_Store,2024-10-29,3581.731084538845,3899.3942529276983,4282.9440796614535,3919.7864099607236
Tron-o-matic 3,Online_Store,2024-10-30,5667.152625296097,5992.29496797421,6376.119794705853,6024.561092618009
Tron-o-matic 3,Online_Store,2024-10-31,3413.59566825572,3771.8669965277472,4143.0812073285815,3767.313147608207
Tron-o-matic 3,Online_Store,2024-11-01,3859.6813582397217,4157.872446065855,4485.993636592091,4175.537632281895
Tron-o-matic 3,Online_Store,2024-11-02,2559.204891465499,2829.0585851644596,3180.605928108659,2853.015005466167
Tron-o-matic 3,Online_Store,2024-11-03,2376.8751500479557,2762.476090135521,3035.0333298270325,2730.850271709048
Tron-o-matic 3,Online_Store,2024-11-04,2521.713815396444,2839.711487051941,3131.1508644293326,2832.3544793348224
Tron-o-matic 3,Online_Store,2024-11-05,2482.9667539899215,2819.1996663112527,3196.0964276573004,2819.094624175892
Tron-o-matic 3,Online_Store,2024-11-06,2491.5929851514243,2777.0724458732766,3116.3117077597235,2770.4542665170907
Tron-o-matic 3,Online_Store,2024-11-07,2410.5988949452676,2764.377089817666,3044.9042772856355,2741.600854044687
Tron-o-matic 3,Online_Store,2024-11-08,2420.368779680586,2738.559787675724,3109.5323144534837,2746.7599298809046
Tron-o-matic 3,Online_Store,2024-11-09,2395.6273208978305,2810.581872652076,3116.475172818296,2780.187386958861
Tron-o-matic 3,Online_Store,2024-11-10,2368.172351091077,2737.9406662129622,3025.4204243732293,2718.3557111475047
Tron-o-matic 3,Online_Store,2024-11-11,2375.0508713088248,2735.15838557614,2991.4107560023067,2707.465496045448
Tron-o-matic 3,Online_Store,2024-11-12,2405.3306132903845,2732.093699644931,3001.098046679789,2718.422354575253
Tron-o-matic 3,Online_Store,2024-11-13,2381.211523047006,2785.2802878957114,3040.634784188168,2732.872215903859
Tron-o-matic 3,Online_Store,2024-11-14,3223.1949048461033,3493.92063039328,3851.653634430183,3508.351233480957
Tron-o-matic 3,Online_Store,2024-11-15,3751.522045105491,4065.7006726256313,4444.554837495202,4071.603921563747
Tron-o-matic 3,Online_Store,2024-11-16,3263.766970073464,3579.7591982106787,3887.408383210193,3556.670527883928
Tron-o-matic 3,Online_Store,2024-11-17,2357.1426467452784,2657.9454559502237,2946.8897931205734,2644.398068450373
Tron-o-matic 3,Online_Store,2024-11-18,2367.949225318977,2650.439298578716,3016.761809174908,2666.332443964549
Tron-o-matic 3,Online_Store,2024-11-19,2451.056215970608,2678.7895975531223,2993.223744354309,2701.5572784042874
Tron-o-matic 3,Online_Store,2024-11-20,2337.3799459076363,2694.001477485052,2979.2209543139065,2679.895837950845
Tron-o-matic 3,Online_Store,2024-11-21,4449.721741414474,4773.213863200191,5172.320576868504,4786.514108627995
Tron-o-matic 3,Online_Store,2024-11-22,2343.138376371854,2762.1881351977127,3091.065187589781,2747.905914430501
Tron-o-matic 3,Online_Store,2024-11-23,2443.2730575808628,2777.8429764770503,3095.8847183591733,2782.1474717603296
Tron-o-matic 3,Online_Store,2024-11-24,3221.6837005635207,3490.581476779141,3849.1000345524462,3521.7449862385665
Tron-o-matic 3,Online_Store,2024-11-25,2384.5608831609816,2747.50801788218,3019.812590634885,2714.492359852501
Tron-o-matic 3,Online_Store,2024-11-26,2464.6693230196443,2709.4780517346526,3115.125473480063,2743.50648922858
Tron-o-matic 3,Online_Store,2024-11-27,3289.8396520783863,3618.7321708897375,3916.466304286933,3609.2203201838142
Tron-o-matic 3,Online_Store,2024-11-28,3699.364682579822,4096.853504956275,4424.628298447633,4087.9012372201996
Tron-o-matic 3,Online_Store,2024-11-29,5620.737446199647,5891.301006443506,6174.735756215167,5900.489447928482
Tron-o-matic 3,Online_Store,2024-11-30,4923.713935590664,5241.282285032642,5560.781653064572,5241.305175738221
Tron-o-matic 3,Online_Store,2024-12-01,4973.936096414216,5332.040763800875,5798.921562798917,5362.814032285682
Tron-o-matic 3,Online_Store,2024-12-02,2469.7684165268115,2766.9070829338807,3129.310440509727,2792.0871807895005
Tron-o-matic 3,Online_Store,2024-12-03,5522.888265175719,5847.278713717469,6118.421188887915,5825.077838170938
Tron-o-matic 3,Online_Store,2024-12-04,3792.8764670558808,4104.459185162538,4444.457692925615,4117.076708925334
Tron-o-matic 3,Online_Store,2024-12-05,2341.6353713609305,2749.2536294982283,3048.165841934928,2736.281400181995
Tron-o-matic 3,Online_Store,2024-12-06,3031.358860256203,3323.3734241507937,3706.499054291411,3337.8583458000853
Tron-o-matic 3,Online_Store,2024-12-07,3796.624952255781,4141.585087217894,4491.971200773872,4153.103221217835
Tron-o-matic 3,Online_Store,2024-12-08,2317.6389516282675,2714.8378821793203,3092.5713296287076,2686.840065888186
Tron-o-matic 3,Online_Store,2024-12-09,2366.7737255868665,2710.7939438260914,3000.9678080127273,2713.235728694729
Tron-o-matic 3,Online_Store,2024-12-10,2450.9993560301864,2739.333434392816,3034.7756881312916,2732.402051611573
Tron-o-matic 3,Online_Store,2024-12-11,2357.964394654053,2747.4105161680527,3089.5435121728287,2732.6215555713925
Tron-o-matic 3,Online_Store,2024-12-12,2428.8511913862767,2759.144353131532,3067.4430326496813,2762.937033341686
Tron-o-matic 3,Online_Store,2024-12-13,3282.3674384894334,3547.9483796804625,3868.1520168386633,3578.8393783169145
Tron-o-matic 3,Online_Store,2024-12-14,2476.994635527151,2811.062051051527,3048.758858753687,2791.1273834379367
Tron-o-matic 3,Online_Store,2024-12-15,3845.1836932445653,4132.82739140525,4469.704892412323,4136.38307839315
Tron-o-matic 3,Online_Store,2024-12-16,3496.747192423282,3779.7631961973025,4094.6725617998964,3780.8247431464238
Tron-o-matic 3,Online_Store,2024-12-17,2440.1598644523115,2759.6751355374445,3057.860773671877,2746.3676367167204
Tron-o-matic 3,Online_Store,2024-12-18,4838.974927613583,5153.488284337508,5551.479703430487,5177.836750041559
Tron-o-matic 3,Online_Store,2024-12-19,4592.366849570165,4969.810028718292,5318.856500364936,4973.137719629352
Tron-o-matic 3,Online_Store,2024-12-20,2453.852432067119,2716.641987112519,3083.795254425724,2745.908845699629
Tron-o-matic 3,Online_Store,2024-12-21,2564.1804940541388,2816.3614903619305,3092.7630875740165,2811.7472627886023
Tron-o-matic 3,Online_Store,2024-12-22,2384.6252251030282,2695.062556407733,3030.7621791179063,2721.542642116172
Tron-o-matic 3,Online_Store,2024-12-23,2500.172255827574,2772.773595342016,3087.087759318985,2780.787927562082
Tron-o-matic 3,Online_Store,2024-12-24,2424.2493062040103,2770.5738903400756,3093.0301084249927,2768.345272590798
Tron-o-matic 3,Online_Store,2024-12-25,3789.3256246781093,4154.309657520345,4445.241280929408,4149.946700951856
Tron-o-matic 3,Online_Store,2024-12-26,2553.2369395629557,2835.595344028762,3179.4906157936975,2847.2205207634734
Tron-o-matic 3,Online_Store,2024-12-27,2526.7417157624104,2799.7237673815716,3170.875860141365,2819.833242858744
Tron-o-matic 3,Online_Store,2024-12-28,2514.9819128400813,2813.932085578172,3157.98886372437,2828.4568556267623
Tron-o-matic 3,Online_Store,2024-12-29,2530.6752073577572,2781.465733593033,3158.3789742538506,2805.1094721173163
Tron-o-matic 3,Online_Store,2024-12-30,4773.732713812576,5097.879673284271,5338.844563142953,5083.674972392019
Tron-o-matic 3,Online_Store,2024-12-31,2553.046245154946,2777.245139589988,3156.827489798423,2836.074617597079
Tron-o-matic 3,WashingtonDC_01,2024-10-01,88.19606955956851,97.62123261865868,109.19490183757188,98.14082657896532
Tron-o-matic 3,WashingtonDC_01,2024-10-02,88.23060799888432,98.38979105902584,107.3557468461099,97.76983633262546
Tron-o-matic 3,WashingtonDC_01,2024-10-03,90.693049155123,99.50017711612901,107.57744464320554,99.40017060227912
Tron-o-matic 3,WashingtonDC_01,2024-10-04,87.69551491342771,98.35212721215106,109.81492247549684,98.24088398747763
Tron-o-matic 3,WashingtonDC_01,2024-10-05,90.3994988315205,100.11390771991384,111.12741449782014,100.49286192971209
Tron-o-matic 3,WashingtonDC_01,2024-10-06,89.45260452229047,98.51546498236996,109.88224803533559,98.71450896588392
Tron-o-matic 3,WashingtonDC_01,2024-10-07,90.0356614504542,98.9408878704982,107.22564863500146,98.38636327998829
Tron-o-matic 3,WashingtonDC_01,2024-10-08,87.36082743684776,99.7769817593435,109.9438072594901,98.8907007447786
Tron-o-matic 3,WashingtonDC_01,2024-10-09,117.41476081096823,128.0717326087088,136.17926445422123,126.76102300699662
Tron-o-matic 3,WashingtonDC_01,2024-10-10,129.05569125718642,138.38877647403092,149.33167233662945,138.91579539520703
Tron-o-matic 3,WashingtonDC_01,2024-10-11,182.39978712358422,190.38022394830622,200.6470005170858,190.7358576697911
Tron-o-matic 3,WashingtonDC_01,2024-10-12,88.41536415549893,100.37174883436731,110.1656972377581,100.03593616134873
Tron-o-matic 3,WashingtonDC_01,2024-10-13,91.11382918128692,98.44990933714116,108.85698936117292,99.42164420257777
Tron-o-matic 3,WashingtonDC_01,2024-10-14,186.34750981900726,196.96699560229519,208.21502056608617,197.18132804397118
Tron-o-matic 3,WashingtonDC_01,2024-10-15,158.5982899717588,169.10214131912076,177.71451396752394,168.84478483079496
Tron-o-matic 3,WashingtonDC_01,2024-10-16,163.6695479970382,174.07242913855853,184.93450576217182,174.0079348475452
Tron-o-matic 3,WashingtonDC_01,2024-10-17,84.52005976674326,98.68032442913103,109.29256231394744,97.71840619417033
Tron-o-matic 3,WashingtonDC_01,2024-10-18,181.28267179691676,191.87227123584134,202.85210335909773,192.05319849724313
Tron-o-matic 3,WashingtonDC_01,2024-10-19,175.97171254283936,184.639338225596,193.97906514803847,184.71863096094552
Tron-o-matic 3,WashingtonDC_01,2024-10-20,89.21685900219407,96.22174383663236,103.94627897972958,96.3064930062139
Tron-o-matic 3,WashingtonDC_01,2024-10-21,121.19952369097525,131.4324619891227,140.86976496528678,130.90253168211703
Tron-o-matic 3,WashingtonDC_01,2024-10-22,84.88029382906102,95.87846837655015,107.05010065939652,95.31106787834797
Tron-o-matic 3,WashingtonDC_01,2024-10-23,82.11746522691512,94.7672764036535,104.03792631924148,93.88018470375535
Tron-o-matic 3,WashingtonDC_01,2024-10-24,82.43954721678513,93.31925815033092,104.03685988154439,92.93962329386504
Tron-o-matic 3,WashingtonDC_01,2024-10-25,82.11514310957337,92.30527154242318,102.04906114062211,92.06308065527809
Tron-o-matic 3,WashingtonDC_01,2024-10-26,98.65690563027249,107.85318507952735,115.93890869577652,107.60420076266251
Tron-o-matic 3,WashingtonDC_01,2024-10-27,124.3280692769578,134.47008450984748,145.928746137184,134.89410215129436
Tron-o-matic 3,WashingtonDC_01,2024-10-28,125.11463386916654,135.64762095502067,145.4836837462729,135.2041389113188
Tron-o-matic 3,WashingtonDC_01,2024-10-29,114.27673873958801,122.77496086042906,132.9223572646858,123.59918472880628
Tron-o-matic 3,WashingtonDC_01,2024-10-30,182.1153790330402,189.25804454923917,200.9721181527098,190.490964748711
Tron-o-matic 3,WashingtonDC_01,2024-10-31,107.59367892007693,118.64532067883215,128.41989108299,118.27643878879029
Tron-o-matic 3,WashingtonDC_01,2024-11-01,121.88307507048225,131.30949016383414,145.16589143354548,132.29450608054097
Tron-o-matic 3,WashingtonDC_01,2024-11-02,78.9661323577105,89.03993572702711,97.61423880837214,88.1958727886601
Tron-o-matic 3,WashingtonDC_01,2024-11-03,75.78011070514829,87.8813118927419,97.90586160937923,87.42372744692959
Tron-o-matic 3,WashingtonDC_01,2024-11-04,77.2061995110254,89.73261003576478,99.45570840413617,88.83844705457835
Tron-o-matic 3,WashingtonDC_01,2024-11-05,76.43959296468671,87.26173554367574,99.81844806631071,87.5223050101452
Tron-o-matic 3,WashingtonDC_01,2024-11-06,78.36070615763556,85.44122165708158,95.06728727688517,86.4406971247667
Tron-o-matic 3,WashingtonDC_01,2024-11-07,76.039752727649,86.50815935846134,95.80929029628649,86.19178269162771
Tron-o-matic 3,WashingtonDC_01,2024-11-08,76.69811858768615,87.75651122061511,96.97615403459119,86.8206837763625
Tron-o-matic 3,WashingtonDC_01,2024-11-09,80.29418296723843,89.81417530789929,99.01049247470758,89.21827302932165
Tron-o-matic 3,WashingtonDC_01,2024-11-10,75.79565019800269,87.37137409289532,98.17332177819071,87.34627972846512
Tron-o-matic 3,WashingtonDC_01,2024-11-11,78.50558601979489,87.22054334602092,98.45075683304304,88.20461153149377
Tron-o-matic 3,WashingtonDC_01,2024-11-12,76.36614928096581,86.70048996102553,95.88347353877427,85.95057586466639
Tron-o-matic 3,WashingtonDC_01,2024-11-13,76.34019798789853,85.26290915815373,93.57831878208353,85.15105613657444
Tron-o-matic 3,WashingtonDC_01,2024-11-14,103.40484507490068,112.56510128011291,120.73675774560681,112.34026052766676
Tron-o-matic 3,WashingtonDC_01,2024-11-15,119.73643465606625,130.2221747914797,139.76097009033447,130.0894091564734
Tron-o-matic 3,WashingtonDC_01,2024-11-16,102.8425977436136,114.19603046851356,122.88958853072847,114.01455221510585
Tron-o-matic 3,WashingtonDC_01,2024-11-17,78.15917228481628,84.92517936216727,94.21053561662482,85.44003634604931
Tron-o-matic 3,WashingtonDC_01,2024-11-18,74.80283735996501,85.23786552023351,94.31195229154395,85.22124296270323
Tron-o-matic 3,WashingtonDC_01,2024-11-19,76.5499405622548,85.58089413779209,96.98184241965673,86.14809243399351
Tron-o-matic 3,WashingtonDC_01,2024-11-20,78.62699617874217,87.2181235241651,95.7365471503068,86.4963624785311
Tron-o-matic 3,WashingtonDC_01,2024-11-21,144.15783563655657,153.41843940191708,168.54241233155943,155.004521499733
Tron-o-matic 3,WashingtonDC_01,2024-11-22,77.38253793895515,85.92800720969183,96.71424743419689,86.84012633191129
Tron-o-matic 3,WashingtonDC_01,2024-11-23,78.35140283120654,86.94812410865458,96.572759894043,87.5050973142457
Tron-o-matic 3,WashingtonDC_01,2024-11-24,99.78230462541974,111.54140603830578,120.79654904343082,110.78972739298399
Tron-o-matic 3,WashingtonDC_01,2024-11-25,76.6283795084203,86.41202202738047,96.20103099267781,86.47356419822259
Tron-o-matic 3,WashingtonDC_01,2024-11-26,74.55973840047146,86.07399404224729,97.21602514559369,86.14246679368253
Tron-o-matic 3,WashingtonDC_01,2024-11-27,102.92684381905394,113.96228800628573,124.96975182872691,114.00249693784001
Tron-o-matic 3,WashingtonDC_01,2024-11-28,119.50105081020149,129.009182780969,140.57307355814547,129.45888192661417
Tron-o-matic 3,WashingtonDC_01,2024-11-29,175.1749597131421,186.24828373864204,199.94628103647273,187.23237968344273
Tron-o-matic 3,WashingtonDC_01,2024-11-30,157.0641692446138,167.0196559481222,179.00588863437545,167.10813179840045
Tron-o-matic 3,WashingtonDC_01,2024-12-01,160.52667690066215,171.07384465142465,181.84545735290837,171.4156570943018
Tron-o-matic 3,WashingtonDC_01,2024-12-02,75.13985118287287,85.94505329145704,96.56851772817011,86.18968053937779
Tron-o-matic 3,WashingtonDC_01,2024-12-03,172.51309950954905,182.58388431131164,194.62263130341876,182.97122326663452
Tron-o-matic 3,WashingtonDC_01,2024-12-04,120.02779659016365,128.71717154659174,141.895318257084,129.50953080782512
Tron-o-matic 3,WashingtonDC_01,2024-12-05,79.93677011859597,89.42885012591195,96.67426396866341,88.78416148464774
Tron-o-matic 3,WashingtonDC_01,2024-12-06,95.3951777770139,106.61398229777123,115.06215847727992,105.19896896854846
Tron-o-matic 3,WashingtonDC_01,2024-12-07,120.34771151842871,131.16044254881803,141.15615585943883,130.46224258721824
Tron-o-matic 3,WashingtonDC_01,2024-12-08,75.80535588236776,88.4590752789886,97.56074039807142,87.28282687639017
Tron-o-matic 3,WashingtonDC_01,2024-12-09,78.9227993033055,89.29147005320037,98.20193762524556,88.62388112044304
Tron-o-matic 3,WashingtonDC_01,2024-12-10,76.07940221196068,87.58542008980903,97.83982652144053,87.05858168680143
Tron-o-matic 3,WashingtonDC_01,2024-12-11,78.43460477897331,88.07575493795926,95.97178232888724,87.56729686506587
Tron-o-matic 3,WashingtonDC_01,2024-12-12,75.93367281181341,89.15339893865864,98.35825947880888,87.98232699018887
Tron-o-matic 3,WashingtonDC_01,2024-12-13,102.24603488587871,111.76122300491897,122.36469275283352,111.90639368007558
Tron-o-matic 3,WashingtonDC_01,2024-12-14,79.17975101375146,88.68774747416677,98.92313590004663,88.66990323768525
Tron-o-matic 3,WashingtonDC_01,2024-12-15,119.64223632313667,129.8834266360159,138.02780561770066,129.74868733321534
Tron-o-matic 3,WashingtonDC_01,2024-12-16,107.38331850874641,119.7008724985803,128.15342765584134,118.54897768079957
Tron-o-matic 3,WashingtonDC_01,2024-12-17,76.62312678504877,87.89179406693916,98.28249562165409,87.55568567872321
Tron-o-matic 3,WashingtonDC_01,2024-12-18,151.25779755837274,163.8318638163635,175.879713019461,164.22446663630396
Tron-o-matic 3,WashingtonDC_01,2024-12-19,147.6857371991997,156.8272952743571,167.3083767845349,156.92991497163004
Tron-o-matic 3,WashingtonDC_01,2024-12-20,78.75966520997036,88.26259189871479,98.29933811144492,88.56418821176968
Tron-o-matic 3,WashingtonDC_01,2024-12-21,79.58791413281799,89.53937518583194,99.19416131160764,89.86673617119415
Tron-o-matic 3,WashingtonDC_01,2024-12-22,78.76000164784618,86.55323496993321,96.9463575138673,87.19930450726757
Tron-o-matic 3,WashingtonDC_01,2024-12-23,80.26530497856398,89.2221251222804,99.07610150112052,89.14159530500736
Tron-o-matic 3,WashingtonDC_01,2024-12-24,78.67462116930943,89.57277118916376,99.23839903503668,89.17430439276035
Tron-o-matic 3,WashingtonDC_01,2024-12-25,118.22756961573468,130.1422620536714,139.10745400347332,129.63376314474465
Tron-o-matic 3,WashingtonDC_01,2024-12-26,81.01913347451925,89.09279320721743,102.9481730573127,90.31905963878334
Tron-o-matic 3,WashingtonDC_01,2024-12-27,79.52709343851798,90.86350633156874,101.034304144032,90.21492740010262
Tron-o-matic 3,WashingtonDC_01,2024-12-28,79.3548821855732,90.72988999338833,100.54941631232411,89.99661893082921
Tron-o-matic 3,WashingtonDC_01,2024-12-29,78.95771046490093,88.83652559085856,96.66521340097826,88.53967896808535
Tron-o-matic 3,WashingtonDC_01,2024-12-30,151.83743889649108,163.56005379276027,172.5111005594462,162.47711452600257
Tron-o-matic 3,WashingtonDC_01,2024-12-31,76.83200766888694,88.42464762160438,98.88379446098384,88.83439138443289
Tron-o-matic 4 Pro,Online_Store,2024-10-01,967.5472926020027,1051.3895605918833,1110.9047904005,1045.8773169985366
Tron-o-matic 4 Pro,Online_Store,2024-10-02,966.2486616466067,1039.082383345716,1124.3763199334571,1044.5704567023472
Tron-o-matic 4 Pro,Online_Store,2024-10-03,1133.5069819603466,1228.523076002932,1319.51383403287,1229.7694746641873
Tron-o-matic 4 Pro,Online_Store,2024-10-04,944.5618577883253,1043.4445468096028,1137.1515579481786,1038.6076647983657
Tron-o-matic 4 Pro,Online_Store,2024-10-05,964.6339624149247,1049.95044386375,1134.9021316384315,1055.1127126102122
Tron-o-matic 4 Pro,Online_Store,2024-10-06,1206.5336362667933,1305.7013936834949,1376.9545173471465,1302.7051412805858
Tron-o-matic 4 Pro,Online_Store,2024-10-07,1099.4638971158142,1187.3476176883057,1264.7200711305582,1184.7640643401248
Tron-o-matic 4 Pro,Online_Store,2024-10-08,943.652038176863,1036.1056812556862,1134.3437486688829,1037.5066837876147
Tron-o-matic 4 Pro,Online_Store,2024-10-09,955.7655929761339,1029.202911821203,1132.921901286802,1037.6957895045732
Tron-o-matic 4 Pro,Online_Store,2024-10-10,1079.827424492429,1154.6635795936566,1251.954828089903,1159.2355955793148
Tron-o-matic 4 Pro,Online_Store,2024-10-11,961.4986206710364,1042.9424029144266,1130.875862883622,1043.79603710617
Tron-o-matic 4 Pro,Online_Store,2024-10-12,1086.2664669953465,1168.0759476005087,1269.713239461942,1177.6240353118017
Tron-o-matic 4 Pro,Online_Store,2024-10-13,1217.0720142998955,1323.3303813786742,1402.3878604413746,1317.8624475923145
Tron-o-matic 4 Pro,Online_Store,2024-10-14,1431.005999813998,1523.1094074161094,1590.475905717855,1516.1875094145519
Tron-o-matic 4 Pro,Online_Store,2024-10-15,1380.767926698007,1461.3535038424695,1563.7963477067985,1465.724467888938
Tron-o-matic 4 Pro,Online_Store,2024-10-16,915.4583636842444,1027.9742702169908,1100.5586787190716,1019.8089144457106
Tron-o-matic 4 Pro,Online_Store,2024-10-17,957.095756446791,1028.948547801474,1108.651029379816,1031.8033072830103
Tron-o-matic 4 Pro,Online_Store,2024-10-18,937.6882622364366,1030.53954942434,1098.4344087485244,1022.9713805231619
Tron-o-matic 4 Pro,Online_Store,2024-10-19,1104.9094828151478,1177.2859838486331,1266.5569068829911,1185.2086203665256
Tron-o-matic 4 Pro,Online_Store,2024-10-20,926.2134436864617,1023.7672932550605,1096.8216344599855,1017.4999833555078
Tron-o-matic 4 Pro,Online_Store,2024-10-21,915.3459329459381,997.4149840024276,1069.5413661282034,991.747894052476
Tron-o-matic 4 Pro,Online_Store,2024-10-22,1565.565660023687,1636.1035154859296,1711.545372739189,1638.2079859590306
Tron-o-matic 4 Pro,Online_Store,2024-10-23,1350.4849713486228,1442.3282784615774,1533.1061209085385,1442.0424148364746
Tron-o-matic 4 Pro,Online_Store,2024-10-24,920.3339257794128,997.7104968340225,1061.1499583934033,992.7564856001705
Tron-o-matic 4 Pro,Online_Store,2024-10-25,1365.357260962687,1441.7086925917079,1529.263476663837,1442.5607535643128
Tron-o-matic 4 Pro,Online_Store,2024-10-26,870.584289350697,984.4430879996834,1049.3177811200326,971.1868955779835
Tron-o-matic 4 Pro,Online_Store,2024-10-27,1003.101838288448,1076.316861829155,1174.0843197413794,1083.199034465267
Tron-o-matic 4 Pro,Online_Store,2024-10-28,1031.1240151363506,1093.4153033089879,1187.7575046967954,1101.4167491583205
Tron-o-matic 4 Pro,Online_Store,2024-10-29,888.169121337586,969.4717194977019,1052.0268605296744,970.3898466610841
Tron-o-matic 4 Pro,Online_Store,2024-10-30,882.080582247251,960.8028302678515,1027.628610898155,956.2047005406758
Tron-o-matic 4 Pro,Online_Store,2024-10-31,1172.0555791235593,1260.5002760975367,1334.4144806730512,1254.5304019020016
Tron-o-matic 4 Pro,Online_Store,2024-11-01,878.3602199434781,951.5885532467901,1025.767740663897,951.0245815763975
Tron-o-matic 4 Pro,Online_Store,2024-11-02,1287.8241153934146,1371.4140382587454,1454.5053578626091,1371.4294169263258
Tron-o-matic 4 Pro,Online_Store,2024-11-03,849.1542792262795,930.4455137951886,1008.8179029444619,929.6117655391085
Tron-o-matic 4 Pro,Online_Store,2024-11-04,1339.8574226980165,1442.7329016129906,1530.856993351814,1442.5010503632213
Tron-o-matic 4 Pro,Online_Store,2024-11-05,1099.4892865092045,1179.1574255529727,1274.242003017454,1181.6512679432049
Tron-o-matic 4 Pro,Online_Store,2024-11-06,1397.89169920723,1458.076069468889,1558.1296571244222,1465.9997956862946
Tron-o-matic 4 Pro,Online_Store,2024-11-07,837.8674652727782,928.3757407936359,1017.363752212219,927.7898670088999
Tron-o-matic 4 Pro,Online_Store,2024-11-08,966.3198174588972,1047.9208701730952,1126.3779060321554,1050.5196110597367
Tron-o-matic 4 Pro,Online_Store,2024-11-09,1120.3956328676475,1198.9946308012925,1279.4089083092822,1198.2563490215593
Tron-o-matic 4 Pro,Online_Store,2024-11-10,812.984130471808,892.7168552172958,975.9355442328737,893.1810795389061
Tron-o-matic 4 Pro,Online_Store,2024-11-11,1272.5239953887815,1364.3998887787368,1438.3461245992871,1360.7935145713648
Tron-o-matic 4 Pro,Online_Store,2024-11-12,821.5724834736459,909.8770646846139,986.6507274777579,910.2901027748759
Tron-o-matic 4 Pro,Online_Store,2024-11-13,799.8846594076757,894.2643446029822,995.5703591998825,897.7045019607505
Tron-o-matic 4 Pro,Online_Store,2024-11-14,820.573314422553,904.150006726434,983.996237421363,904.8965076394178
Tron-o-matic 4 Pro,Online_Store,2024-11-15,824.9081759490657,893.8828765145805,998.0308906345393,903.0888166739622
Tron-o-matic 4 Pro,Online_Store,2024-11-16,1348.9553514871236,1426.0398464322816,1507.4535692150198,1427.308825370068
Tron-o-matic 4 Pro,Online_Store,2024-11-17,1035.0724718021218,1147.669444104274,1247.9813171392561,1144.9019199653465
Tron-o-matic 4 Pro,Online_Store,2024-11-18,1356.7178902096493,1426.537210771731,1508.9509776531718,1428.1323597827075
Tron-o-matic 4 Pro,Online_Store,2024-11-19,822.4951096465202,900.257884534946,977.162181809215,896.5203873989585
Tron-o-matic 4 Pro,Online_Store,2024-11-20,1443.5562698583508,1553.0183313604787,1622.5119310213174,1544.44534264189
Tron-o-matic 4 Pro,Online_Store,2024-11-21,807.992388021023,896.4822669449588,986.9051156457888,902.0354324599298
Tron-o-matic 4 Pro,Online_Store,2024-11-22,804.0419940384936,895.8284960736842,962.6303003588768,887.3716924870694
Tron-o-matic 4 Pro,Online_Store,2024-11-23,798.8214080405974,887.7287966216322,950.9277351501787,882.888889589347
Tron-o-matic 4 Pro,Online_Store,2024-11-24,795.3920385163918,899.6838572295654,974.0774083643684,891.2742896146525
Tron-o-matic 4 Pro,Online_Store,2024-11-25,1413.3049483894988,1490.521085807427,1587.6055746999914,1495.621669425648
Tron-o-matic 4 Pro,Online_Store,2024-11-26,815.6938832959818,895.159138766198,978.8109562875723,892.6482553433749
Tron-o-matic 4 Pro,Online_Store,2024-11-27,809.8640015537209,890.5200168996395,971.9827057653363,891.2448816873508
Tron-o-matic 4 Pro,Online_Store,2024-11-28,794.065205962723,883.8934793953342,966.8164533601764,885.5312839243763
Tron-o-matic 4 Pro,Online_Store,2024-11-29,1482.1652913298103,1567.1954291212282,1644.1906326665846,1564.1818790293764
Tron-o-matic 4 Pro,Online_Store,2024-11-30,821.3898342919206,906.2629989520082,977.8155513576125,901.692866889495
Tron-o-matic 4 Pro,Online_Store,2024-12-01,806.3509561147239,894.8470398444477,992.1909876424306,890.5423295052597
Tron-o-matic 4 Pro,Online_Store,2024-12-02,815.1295816762258,902.9806429023988,971.1506016318492,896.8313173234121
Tron-o-matic 4 Pro,Online_Store,2024-12-03,1019.2914329618736,1091.1536130169209,1174.3256543588861,1094.609394981813
Tron-o-matic 4 Pro,Online_Store,2024-12-04,836.5026420036131,907.1179721095392,974.6794403314547,909.7157084748452
Tron-o-matic 4 Pro,Online_Store,2024-12-05,834.3093902692535,916.6501942789107,1001.9769380929947,912.8499594178454
Tron-o-matic 4 Pro,Online_Store,2024-12-06,819.067633950889,895.0097390619703,984.7017530408767,902.3385295262258
Tron-o-matic 4 Pro,Online_Store,2024-12-07,1114.1338150665385,1210.8561522974826,1317.7031143828935,1211.6729066055734
Tron-o-matic 4 Pro,Online_Store,2024-12-08,1014.6246433087973,1092.1217826909199,1172.3310866303516,1092.1865560437582
Tron-o-matic 4 Pro,Online_Store,2024-12-09,1396.4114707505971,1493.1690027143195,1574.082365779538,1483.9257449523027
Tron-o-matic 4 Pro,Online_Store,2024-12-10,810.8256828872376,902.2636509118205,989.1801839480344,899.2884297222375
Tron-o-matic 4 Pro,Online_Store,2024-12-11,819.8728812187326,906.8778135040031,992.1119514055221,901.7164261063034
Tron-o-matic 4 Pro,Online_Store,2024-12-12,1333.2638552039843,1416.966144553759,1510.8833815156315,1416.9010122514205
Tron-o-matic 4 Pro,Online_Store,2024-12-13,807.4556654542389,903.5198389862683,996.7021896536305,901.8253254919601
Tron-o-matic 4 Pro,Online_Store,2024-12-14,987.0556903751079,1078.1664628837364,1175.775438431231,1079.258730556966
Tron-o-matic 4 Pro,Online_Store,2024-12-15,819.0033648364567,915.5999584403959,989.6323396980813,911.3611305816918
Tron-o-matic 4 Pro,Online_Store,2024-12-16,800.5523175024352,898.4784733602207,985.237790060107,893.0605795108646
Tron-o-matic 4 Pro,Online_Store,2024-12-17,832.2373651425337,909.3951938785875,991.4101985632657,912.265041687684
Tron-o-matic 4 Pro,Online_Store,2024-12-18,825.4464692220994,913.9860654843885,1002.0472705320832,908.544121878253
Tron-o-matic 4 Pro,Online_Store,2024-12-19,939.2173524925294,1018.8799221504623,1105.2755660362802,1022.6224378381029
Tron-o-matic 4 Pro,Online_Store,2024-12-20,816.8512025466187,915.0634534112337,994.1819217884592,911.7217162914305
Tron-o-matic 4 Pro,Online_Store,2024-12-21,1324.1744317991604,1408.2937528348136,1477.6159978006374,1402.9679546540951
Tron-o-matic 4 Pro,Online_Store,2024-12-22,827.7441456764216,914.494053895091,995.1893441809189,906.9205633556697
Tron-o-matic 4 Pro,Online_Store,2024-12-23,949.7277261649658,1025.8410705032447,1102.6203157312184,1025.4536830279546
Tron-o-matic 4 Pro,Online_Store,2024-12-24,839.0734937908849,913.9293531538748,985.0759361133976,915.1157180513235
Tron-o-matic 4 Pro,Online_Store,2024-12-25,830.8890091846301,918.0957047208104,1014.6112379744068,920.4519592696079
Tron-o-matic 4 Pro,Online_Store,2024-12-26,1363.454485684054,1444.9457758571768,1522.4013784826645,1444.2890457856483
Tron-o-matic 4 Pro,Online_Store,2024-12-27,1311.182862174214,1398.5553122488795,1486.6328385923605,1398.689516463292
Tron-o-matic 4 Pro,Online_Store,2024-12-28,858.7345190462966,916.5415061576947,997.0737876344509,924.1207372649685
Tron-o-matic 4 Pro,Online_Store,2024-12-29,1444.0045161648356,1510.98408859695,1597.0339816145374,1513.2199432079321
Tron-o-matic 4 Pro,Online_Store,2024-12-30,1122.593667031008,1193.1605293487228,1264.5289850339525,1195.5017654094618
Tron-o-matic 4 Pro,Online_Store,2024-12-31,1024.6315630083648,1092.0065472312237,1173.5168463093462,1092.7053268090726
Tron-o-matic 4 Pro,Chicago_01,2024-10-01,49.22853772515418,53.33423292580197,57.30012089788105,53.29134746491659
Tron-o-matic 4 Pro,Chicago_01,2024-10-02,49.76195121087773,53.21384875340194,57.90100463951365,53.58547886705832
Tron-o-matic 4 Pro,Chicago_01,2024-10-03,57.426273291972024,60.85822691509016,65.79868402317437,61.37852141245314
Tron-o-matic 4 Pro,Chicago_01,2024-10-04,48.004168263958036,52.58129981153593,56.766261702849654,52.61039601386241
Tron-o-matic 4 Pro,Chicago_01,2024-10-05,48.3072920540948,52.42440237927327,56.6751397044436,52.4058530310682
Tron-o-matic 4 Pro,Chicago_01,2024-10-06,61.167963431548415,64.65976817730832,68.84352542660426,64.79601761341858
Tron-o-matic 4 Pro,Chicago_01,2024-10-07,54.43375140487674,59.16222710138098,62.640828492423275,58.74252890666385
Tron-o-matic 4 Pro,Chicago_01,2024-10-08,48.05255554502369,52.319431206234256,56.34230060815954,52.40176064210352
Tron-o-matic 4 Pro,Chicago_01,2024-10-09,47.637996711898865,52.88976178516428,56.51897847624832,52.3582653168839
Tron-o-matic 4 Pro,Chicago_01,2024-10-10,53.6813368793258,56.72925734005471,61.7993750955652,57.191358835350336
Tron-o-matic 4 Pro,Chicago_01,2024-10-11,46.75731585059703,51.412088663315835,55.48008190950012,51.116686030087614
Tron-o-matic 4 Pro,Chicago_01,2024-10-12,53.193618365624424,57.58523168553422,61.84213273519429,57.76117379144213
Tron-o-matic 4 Pro,Chicago_01,2024-10-13,61.673298907582556,65.26257936049649,70.30526005458658,65.50089786209216
Tron-o-matic 4 Pro,Chicago_01,2024-10-14,69.25742299362496,73.75233600464831,78.17530981746658,73.79520113709462
Tron-o-matic 4 Pro,Chicago_01,2024-10-15,67.94098816807102,71.90474074384478,76.07504309325634,71.819638000508
Tron-o-matic 4 Pro,Chicago_01,2024-10-16,47.05011860918885,51.17271683230493,54.44371126525288,50.83869971510266
Tron-o-matic 4 Pro,Chicago_01,2024-10-17,47.0206364442915,50.595581901843246,55.08310515571604,50.75080181762093
Tron-o-matic 4 Pro,Chicago_01,2024-10-18,45.30671565924203,50.495906646253005,55.107142990172655,50.416090058674925
Tron-o-matic 4 Pro,Chicago_01,2024-10-19,54.0370234734207,58.59633537239513,63.34339356596828,58.54181811868395
Tron-o-matic 4 Pro,Chicago_01,2024-10-20,45.61161708658291,49.45698069820212,52.999468506693745,49.47850026254082
Tron-o-matic 4 Pro,Chicago_01,2024-10-21,45.17891917716895,49.65334960520339,53.1455558658483,49.42825530087975
Tron-o-matic 4 Pro,Chicago_01,2024-10-22,77.22113962897126,80.98960155461076,84.8585021065434,80.69667902220982
Tron-o-matic 4 Pro,Chicago_01,2024-10-23,66.71331150400165,70.99813198845078,75.65652172856882,71.2051280733692
Tron-o-matic 4 Pro,Chicago_01,2024-10-24,46.32518040917087,49.39873674105718,53.84162189030649,49.789678967533575
Tron-o-matic 4 Pro,Chicago_01,2024-10-25,67.61463344186468,71.37939232145176,75.29837137543052,71.29317107060477
Tron-o-matic 4 Pro,Chicago_01,2024-10-26,45.1059578989832,49.222765070718026,53.258709147528755,49.216864260080186
Tron-o-matic 4 Pro,Chicago_01,2024-10-27,50.31249442091904,53.907452260633505,58.09733321527062,54.081355949179084
Tron-o-matic 4 Pro,Chicago_01,2024-10-28,51.101879014885085,55.59796812161258,59.752054290062645,55.5709049306132
Tron-o-matic 4 Pro,Chicago_01,2024-10-29,44.01054613642733,48.52779564764977,52.19613058458466,48.46505499531451
Tron-o-matic 4 Pro,Chicago_01,2024-10-30,44.37710856614167,48.19334160514121,52.067529595974804,48.40363945535009
Tron-o-matic 4 Pro,Chicago_01,2024-10-31,58.56858134327364,61.96845800764299,66.53092893271105,62.21423203076851
Tron-o-matic 4 Pro,Chicago_01,2024-11-01,43.71456725802554,48.13515442135495,51.3802792339398,47.835570971545366
Tron-o-matic 4 Pro,Chicago_01,2024-11-02,64.5764444327923,68.97247374990846,72.78923622188755,68.64682991425299
Tron-o-matic 4 Pro,Chicago_01,2024-11-03,42.529169677541375,47.21017957981399,51.45425559602323,47.133287075360194
Tron-o-matic 4 Pro,Chicago_01,2024-11-04,69.48385741160531,72.80790126182394,76.9300896282565,73.01239992977565
Tron-o-matic 4 Pro,Chicago_01,2024-11-05,56.466785143502165,60.502274241073465,65.17842989741871,60.4748318285269
Tron-o-matic 4 Pro,Chicago_01,2024-11-06,68.63424515999428,73.76773318978627,77.43640691246412,73.61653641606632
Tron-o-matic 4 Pro,Chicago_01,2024-11-07,43.922310275494205,48.35452028347418,51.30279901596711,47.66850559971735
Tron-o-matic 4 Pro,Chicago_01,2024-11-08,48.78058749543098,52.833227002993354,56.84227639351952,52.75788419590227
Tron-o-matic 4 Pro,Chicago_01,2024-11-09,55.718422091712974,60.5550364356954,64.31641776705396,60.3423064462926
Tron-o-matic 4 Pro,Chicago_01,2024-11-10,40.54126702968401,45.23327111196634,49.16103468131341,45.161305195425975
Tron-o-matic 4 Pro,Chicago_01,2024-11-11,64.79178293890004,69.16229067639428,72.65694486424852,68.74607064682463
Tron-o-matic 4 Pro,Chicago_01,2024-11-12,41.87915225745926,45.69627716697501,49.96843347612051,45.614564802907665
Tron-o-matic 4 Pro,Chicago_01,2024-11-13,41.270315400642446,45.716402980771825,49.71041115317879,45.321928890573396
Tron-o-matic 4 Pro,Chicago_01,2024-11-14,40.30080483043106,45.628906634147135,51.37451765204074,45.82999142306745
Tron-o-matic 4 Pro,Chicago_01,2024-11-15,42.54415680350882,45.677671366311095,49.513525731280346,45.80045816487832
Tron-o-matic 4 Pro,Chicago_01,2024-11-16,66.4547761825315,70.10146722951967,74.00996315100254,70.16904724019169
Tron-o-matic 4 Pro,Chicago_01,2024-11-17,52.74153140091682,57.174383955401524,60.872588277105024,56.90613146681467
Tron-o-matic 4 Pro,Chicago_01,2024-11-18,66.10214812541491,70.03614392012659,74.19696615302297,70.27259757468809
Tron-o-matic 4 Pro,Chicago_01,2024-11-19,41.1306226472061,45.13649094693916,49.24349671299912,45.100670312703095
Tron-o-matic 4 Pro,Chicago_01,2024-11-20,74.16529552841457,77.81729638199135,80.9125842799161,77.67305668800137
Tron-o-matic 4 Pro,Chicago_01,2024-11-21,40.4478402044806,45.64391867286033,49.55245942259761,45.33254032924333
Tron-o-matic 4 Pro,Chicago_01,2024-11-22,40.50196940793914,44.65282012277875,49.15344692371264,44.65101340080897
Tron-o-matic 4 Pro,Chicago_01,2024-11-23,39.049764458318506,44.75731865673552,48.937941725480975,44.400329206853854
Tron-o-matic 4 Pro,Chicago_01,2024-11-24,40.9882237238055,45.21662132337492,48.7677546828161,45.08546311827049
Tron-o-matic 4 Pro,Chicago_01,2024-11-25,70.50258030412209,73.50822907395307,78.03072346096404,73.9330076293982
Tron-o-matic 4 Pro,Chicago_01,2024-11-26,41.2674537220337,44.978136753915955,49.14265066268271,45.066611457540056
Tron-o-matic 4 Pro,Chicago_01,2024-11-27,41.43290496593595,45.724772962916134,50.46075239586267,45.9235137435628
Tron-o-matic 4 Pro,Chicago_01,2024-11-28,41.59154493797838,45.65091492795739,49.65484932766105,45.67728855275518
Tron-o-matic 4 Pro,Chicago_01,2024-11-29,73.74027904073694,78.52938537829017,82.48553873125265,78.29794349545514
Tron-o-matic 4 Pro,Chicago_01,2024-11-30,40.93469704463753,45.27929577274759,50.29026341239194,45.5073627400595
Tron-o-matic 4 Pro,Chicago_01,2024-12-01,41.34113817833095,46.53436385878137,50.00548643038081,46.269608601591415
Tron-o-matic 4 Pro,Chicago_01,2024-12-02,41.8989784199002,45.95255867016247,50.45580871691958,46.00610804447156
Tron-o-matic 4 Pro,Chicago_01,2024-12-03,51.09961605136928,55.27355607694325,59.64667977907983,55.311785940903754
Tron-o-matic 4 Pro,Chicago_01,2024-12-04,42.54180779074542,46.1308693175049,50.351248830984616,46.35871170082093
Tron-o-matic 4 Pro,Chicago_01,2024-12-05,43.37607806319116,46.90126842185667,51.0823846806916,47.05141335001171
Tron-o-matic 4 Pro,Chicago_01,2024-12-06,42.522843111481095,46.66976686113605,49.67831932818558,46.26475376174889
Tron-o-matic 4 Pro,Chicago_01,2024-12-07,56.84163948528427,60.58066448533726,65.34733444839651,60.983386629076584
Tron-o-matic 4 Pro,Chicago_01,2024-12-08,50.86879415901188,54.902406230302184,59.21789107528656,54.89845289056102
Tron-o-matic 4 Pro,Chicago_01,2024-12-09,72.20085489786044,75.8810873388699,80.45997898197386,76.03695116665963
Tron-o-matic 4 Pro,Chicago_01,2024-12-10,43.18984176317852,46.864465669527256,50.9491180377014,46.70263518753067
Tron-o-matic 4 Pro,Chicago_01,2024-12-11,42.05543692707032,46.45241352283656,50.672684855821295,46.29012447094728
Tron-o-matic 4 Pro,Chicago_01,2024-12-12,67.46199504802166,71.58864523460397,76.35467421284679,71.51828942276379
Tron-o-matic 4 Pro,Chicago_01,2024-12-13,42.27154469950618,46.198090230564716,50.25284422498093,46.01353381283769
Tron-o-matic 4 Pro,Chicago_01,2024-12-14,50.54025974268336,54.628090338572314,57.80008158072803,54.48185711678113
Tron-o-matic 4 Pro,Chicago_01,2024-12-15,41.89386055723641,45.93324372890295,50.20483010592615,45.96840849709419
Tron-o-matic 4 Pro,Chicago_01,2024-12-16,41.926744745138876,46.06504651771048,49.93795064602967,46.018711578275244
Tron-o-matic 4 Pro,Chicago_01,2024-12-17,42.520019373631186,47.15075261649976,50.58318045671851,46.65376571803849
Tron-o-matic 4 Pro,Chicago_01,2024-12-18,41.95872351263829,46.68942120276677,49.92539369959198,46.13374133061748
Tron-o-matic 4 Pro,Chicago_01,2024-12-19,48.21135198317736,52.07978609484089,55.93890835390207,51.872029007117526
Tron-o-matic 4 Pro,Chicago_01,2024-12-20,42.16648558770603,45.32331429615965,49.791446373539586,45.71680398571629
Tron-o-matic 4 Pro,Chicago_01,2024-12-21,66.39621919768598,69.86869339164878,74.55764187121372,70.10951600133043
Tron-o-matic 4 Pro,Chicago_01,2024-12-22,42.396683398040224,45.83803143481953,49.54819803622774,45.71512533956061
Tron-o-matic 4 Pro,Chicago_01,2024-12-23,47.273138660336926,51.34171428843062,55.2445910863202,51.42733621694463
Tron-o-matic 4 Pro,Chicago_01,2024-12-24,41.693691554282466,46.023361242571184,49.5559531405895,45.83614582312098
Tron-o-matic 4 Pro,Chicago_01,2024-12-25,41.9587509453126,45.66913927572276,49.5061163144558,45.85281929070964
Tron-o-matic 4 Pro,Chicago_01,2024-12-26,68.37229500228005,72.590439884873,76.77086590883377,72.4839852885847
Tron-o-matic 4 Pro,Chicago_01,2024-12-27,65.33081673089848,69.08585013652875,74.02874351602887,69.16747223966553
Tron-o-matic 4 Pro,Chicago_01,2024-12-28,41.32067276362433,46.54354900988737,50.518884058601934,46.19428192014201
Tron-o-matic 4 Pro,Chicago_01,2024-12-29,70.35154394024494,74.36959717921562,78.24088186430438,74.34605149717184
Tron-o-matic 4 Pro,Chicago_01,2024-12-30,57.17025446805658,60.79842189612577,64.9007045712239,60.83161340390238
Tron-o-matic 4 Pro,Chicago_01,2024-12-31,50.39668509808858,55.657781662052166,58.58178313196875,55.12076643684505
Tron-o-matic 4 Pro,Houston_01,2024-10-01,35.07023605061273,38.563431981615146,42.1707590070505,38.55430840667654
Tron-o-matic 4 Pro,Houston_01,2024-10-02,36.62295295133809,39.487554043455575,42.39456856804459,39.51903817773184
Tron-o-matic 4 Pro,Houston_01,2024-10-03,42.903544254842444,46.105635696397286,49.00641366200416,46.115808926785675
Tron-o-matic 4 Pro,Houston_01,2024-10-04,35.02261049952021,38.38632517486744,41.69384790638091,38.50488496508117
Tron-o-matic 4 Pro,Houston_01,2024-10-05,36.21167694222038,38.92158359147641,42.199431711054395,39.0907382566981
Tron-o-matic 4 Pro,Houston_01,2024-10-06,45.408708376193665,48.701948284178,51.322924592092164,48.4939339812504
Tron-o-matic 4 Pro,Houston_01,2024-10-07,41.096103767839,45.181190643004626,48.59874286540843,44.919205538860915
Tron-o-matic 4 Pro,Houston_01,2024-10-08,35.39804164080035,38.76590848403525,42.07291388268756,38.749048009473185
Tron-o-matic 4 Pro,Houston_01,2024-10-09,35.7673206161108,38.63444379712565,42.39349309344159,38.83273792992014
Tron-o-matic 4 Pro,Houston_01,2024-10-10,39.4307286950735,43.318698978135245,47.36895635770479,43.265146408198504
Tron-o-matic 4 Pro,Houston_01,2024-10-11,36.00321345066173,39.139245814286056,41.376125171786015,38.75000702680287
Tron-o-matic 4 Pro,Houston_01,2024-10-12,41.0628585687574,43.81579778832059,47.14016067799695,43.926185899365365
Tron-o-matic 4 Pro,Houston_01,2024-10-13,45.503294794554286,48.87981691738867,52.66112021952624,49.19457957653076
Tron-o-matic 4 Pro,Houston_01,2024-10-14,53.5660329884294,56.48479327217807,59.75358030778798,56.630596615285455
Tron-o-matic 4 Pro,Houston_01,2024-10-15,51.578556016659824,54.26038119610446,57.836566219978195,54.42750472478481
Tron-o-matic 4 Pro,Houston_01,2024-10-16,34.85127402867876,38.636247697611914,41.684021561255264,38.479269407663075
Tron-o-matic 4 Pro,Houston_01,2024-10-17,35.03985837053357,37.78411176572663,41.1208106336444,37.81972371934979
Tron-o-matic 4 Pro,Houston_01,2024-10-18,34.08089302569703,37.64171669646278,40.910260586740876,37.63030358930413
Tron-o-matic 4 Pro,Houston_01,2024-10-19,40.80030390091832,43.81718171676387,46.94021947590614,43.75827413907753
Tron-o-matic 4 Pro,Houston_01,2024-10-20,34.88690493028726,37.65668433511607,40.33755518290422,37.58178618832899
Tron-o-matic 4 Pro,Houston_01,2024-10-21,34.29324615762181,37.735359241224145,41.06744677968306,37.63723208138656
Tron-o-matic 4 Pro,Houston_01,2024-10-22,58.15306166382013,61.757370592776255,64.80645889765006,61.619858832035916
Tron-o-matic 4 Pro,Houston_01,2024-10-23,51.62692817654123,54.36746271416317,57.126809678577146,54.3089115878767
Tron-o-matic 4 Pro,Houston_01,2024-10-24,33.37880158477651,36.878584705748125,39.87942957599142,36.68357761469404
Tron-o-matic 4 Pro,Houston_01,2024-10-25,50.717061005410706,54.211213519144664,58.101035009152476,54.406296477745265
Tron-o-matic 4 Pro,Houston_01,2024-10-26,33.95145610624015,36.63675978914749,39.50170605282471,36.83251664005148
Tron-o-matic 4 Pro,Houston_01,2024-10-27,37.54273528499624,40.29833485666242,44.086485543476684,40.30095525757855
Tron-o-matic 4 Pro,Houston_01,2024-10-28,39.00078985148061,42.46149457162586,45.49849494399825,42.24177698249154
Tron-o-matic 4 Pro,Houston_01,2024-10-29,33.48276148386933,36.80989496467139,40.424567236382146,36.88324483061665
Tron-o-matic 4 Pro,Houston_01,2024-10-30,33.181696344604546,36.6078367724413,39.93419881855138,36.71070978454763
Tron-o-matic 4 Pro,Houston_01,2024-10-31,44.807376167026284,47.09165885851018,50.051010305214504,47.328863755320846
Tron-o-matic 4 Pro,Houston_01,2024-11-01,32.441206307327846,35.63767362819666,40.15989725989169,35.92487414269557
Tron-o-matic 4 Pro,Houston_01,2024-11-02,48.85025791763953,52.53615840704182,55.789745846862246,52.42988168640772
Tron-o-matic 4 Pro,Houston_01,2024-11-03,32.01926351939624,35.04925865956422,38.0447884374458,35.03698214473053
Tron-o-matic 4 Pro,Houston_01,2024-11-04,52.716820035242264,55.970660055794866,59.13942339333056,55.94076231819839
Tron-o-matic 4 Pro,Houston_01,2024-11-05,41.781000762379215,45.04237101943943,47.964634275495094,44.86787631759793
Tron-o-matic 4 Pro,Houston_01,2024-11-06,53.05013118746786,55.99542713683974,58.743000000952286,55.97214858116129
Tron-o-matic 4 Pro,Houston_01,2024-11-07,30.893282362100972,34.35515164359535,37.722351062220085,34.14400000366831
Tron-o-matic 4 Pro,Houston_01,2024-11-08,36.07958983999193,39.54855035365329,42.669838586738805,39.49734382993445
Tron-o-matic 4 Pro,Houston_01,2024-11-09,41.773173503124845,45.2136029360264,48.49592159775298,45.02039352967861
Tron-o-matic 4 Pro,Houston_01,2024-11-10,31.525555067762824,34.18069153236837,37.705615910412064,34.39289139726341
Tron-o-matic 4 Pro,Houston_01,2024-11-11,49.067296421859766,52.34109969369453,55.58581579309227,52.25642377207971
Tron-o-matic 4 Pro,Houston_01,2024-11-12,31.028192978058826,34.57807545069013,37.75214584718752,34.41012344228217
Tron-o-matic 4 Pro,Houston_01,2024-11-13,31.50557471444383,33.78199568573708,36.80398335941542,33.94521896158221
Tron-o-matic 4 Pro,Houston_01,2024-11-14,30.28620512204489,34.03545864278877,37.284700453679044,33.85693723381584
Tron-o-matic 4 Pro,Houston_01,2024-11-15,30.77916645240663,34.31029949892789,37.6713566097934,34.226520545575816
Tron-o-matic 4 Pro,Houston_01,2024-11-16,50.77111513267664,53.78024364829318,56.302242205399736,53.63317610719057
Tron-o-matic 4 Pro,Houston_01,2024-11-17,39.780460591248406,42.826951197526405,46.332276949764754,43.07916964660921
Tron-o-matic 4 Pro,Houston_01,2024-11-18,50.583824740367625,53.92638460758648,56.86416564012257,53.874610471674984
Tron-o-matic 4 Pro,Houston_01,2024-11-19,29.82376447276698,33.27012660778288,36.18718392543249,33.05085623186633
Tron-o-matic 4 Pro,Houston_01,2024-11-20,54.30788634422746,58.30885122412145,61.69980677691656,58.27235520239387
Tron-o-matic 4 Pro,Houston_01,2024-11-21,30.43778842236648,32.9687207164089,36.31884425655243,33.24359652671944
Tron-o-matic 4 Pro,Houston_01,2024-11-22,29.60433553982086,33.06812780650999,35.74036576843932,33.046578808705256
Tron-o-matic 4 Pro,Houston_01,2024-11-23,30.655831053502453,33.56785254029049,36.38460124158988,33.52871418301824
Tron-o-matic 4 Pro,Houston_01,2024-11-24,30.316564337281523,32.76525085183367,35.891335482857215,32.9446169395367
Tron-o-matic 4 Pro,Houston_01,2024-11-25,52.7552680692618,56.255897966065,59.723935501513665,56.09067143982654
Tron-o-matic 4 Pro,Houston_01,2024-11-26,29.267267872995713,32.45273098620197,36.59307004490888,32.55944410091348
Tron-o-matic 4 Pro,Houston_01,2024-11-27,29.966042741068662,33.482287136563116,36.70951683127655,33.45641189702655
Tron-o-matic 4 Pro,Houston_01,2024-11-28,30.155327642928583,33.125774182000036,36.00334828364866,33.073003104038364
Tron-o-matic 4 Pro,Houston_01,2024-11-29,56.47701717967436,59.108582993600876,62.131146823582256,59.204586430917935
Tron-o-matic 4 Pro,Houston_01,2024-11-30,30.88095843947341,33.82490287637342,36.73152594206195,33.801748699607806
Tron-o-matic 4 Pro,Houston_01,2024-12-01,30.271752655514007,33.61073891918972,36.719677625741994,33.53423894598789
Tron-o-matic 4 Pro,Houston_01,2024-12-02,30.818706074363565,33.7081690009795,37.41898265270372,34.076147045258914
Tron-o-matic 4 Pro,Houston_01,2024-12-03,37.48586524183459,40.70691035342569,44.097236615004576,40.8891872836092
Tron-o-matic 4 Pro,Houston_01,2024-12-04,30.349513418609302,33.637664660490394,37.13922645069593,33.63636063623452
Tron-o-matic 4 Pro,Houston_01,2024-12-05,29.966122976413512,33.48509731618228,36.96990564828333,33.40228201387144
Tron-o-matic 4 Pro,Houston_01,2024-12-06,31.347945785805532,33.85786428475563,37.365611307220895,34.06446197323793
Tron-o-matic 4 Pro,Houston_01,2024-12-07,42.05775716081305,45.31777573553095,48.33231109081432,45.34431521888274
Tron-o-matic 4 Pro,Houston_01,2024-12-08,37.35737893306042,40.198194685887685,43.3209805254227,40.3102961112306
Tron-o-matic 4 Pro,Houston_01,2024-12-09,53.659007936515124,56.46239374460614,59.864795426159134,56.72726574967421
Tron-o-matic 4 Pro,Houston_01,2024-12-10,31.013786708766446,34.04244348288247,37.36045036811621,34.055442540652564
Tron-o-matic 4 Pro,Houston_01,2024-12-11,31.3885462713301,34.8095941890452,37.76898090990481,34.5757802306386
Tron-o-matic 4 Pro,Houston_01,2024-12-12,49.890525151844585,53.47710448066717,56.63689914481883,53.33051714913892
Tron-o-matic 4 Pro,Houston_01,2024-12-13,31.468408881326056,34.06261996378294,37.12818797300432,34.16933847357792
Tron-o-matic 4 Pro,Houston_01,2024-12-14,37.51415628856795,40.88131434477803,43.85844650605318,40.781877499358195
Tron-o-matic 4 Pro,Houston_01,2024-12-15,31.13779152217475,34.32190905451903,37.22081962640189,34.14511094877752
Tron-o-matic 4 Pro,Houston_01,2024-12-16,31.09139511206301,34.797045734184294,37.62533654299925,34.707335769944166
Tron-o-matic 4 Pro,Houston_01,2024-12-17,30.81679806597006,34.38693671312153,37.697497909211954,34.10537306012955
Tron-o-matic 4 Pro,Houston_01,2024-12-18,31.391036946822933,34.272259368879006,37.80284705367985,34.333459124203074
Tron-o-matic 4 Pro,Houston_01,2024-12-19,34.59829606227244,38.07821453181491,41.36528700967117,38.052438672197816
Tron-o-matic 4 Pro,Houston_01,2024-12-20,32.04097128716478,34.43641808872792,37.66072832484946,34.616990411376015
Tron-o-matic 4 Pro,Houston_01,2024-12-21,50.14023211270556,52.96723169886942,55.71649505555731,52.892423247534715
Tron-o-matic 4 Pro,Houston_01,2024-12-22,31.51332957984995,34.453417668269644,37.61288332192027,34.45979450776217
Tron-o-matic 4 Pro,Houston_01,2024-12-23,35.451105840382446,39.12628712010049,42.94635505889013,38.99073805446722
Tron-o-matic 4 Pro,Houston_01,2024-12-24,30.643695737106107,34.21481360177405,37.211021725219695,34.139322094264266
Tron-o-matic 4 Pro,Houston_01,2024-12-25,32.071086271831646,34.79642688147471,38.23603851984972,34.930715604381305
Tron-o-matic 4 Pro,Houston_01,2024-12-26,51.53331735724397,54.59225072194848,59.011916452866814,54.93152596726808
Tron-o-matic 4 Pro,Houston_01,2024-12-27,49.82376109506377,52.717204430625436,56.38593476199695,52.948588777381445
Tron-o-matic 4 Pro,Houston_01,2024-12-28,31.083665962197742,34.30884882832107,37.306740833050064,34.19042519863931
Tron-o-matic 4 Pro,Houston_01,2024-12-29,53.57583146414117,56.38234473054682,60.06879483361267,56.604238269165926
Tron-o-matic 4 Pro,Houston_01,2024-12-30,42.307433038992095,45.86130327491222,48.966864219451075,45.833821083860265
Tron-o-matic 4 Pro,Houston_01,2024-12-31,37.05483205456932,40.87186334854626,44.306746764243236,40.8608951158257
Tron-o-matic 4 Pro,Dallas_01,2024-10-01,38.68426075689137,42.617867878107916,47.12893332591176,42.552249856475186
Tron-o-matic 4 Pro,Dallas_01,2024-10-02,39.30143236250262,42.312212353638195,45.69084452200096,42.52413406111271
Tron-o-matic 4 Pro,Dallas_01,2024-10-03,45.982323632143704,50.17930811772164,53.032246469608076,49.91818934207586
Tron-o-matic 4 Pro,Dallas_01,2024-10-04,39.64693015010512,42.98310514277268,45.72690994245195,42.78781839669711
Tron-o-matic 4 Pro,Dallas_01,2024-10-05,39.57576121738647,42.57374822073291,45.89829505304259,42.71882952348337
Tron-o-matic 4 Pro,Dallas_01,2024-10-06,48.85337821586526,52.414345354036016,55.786077659228546,52.37968786821652
Tron-o-matic 4 Pro,Dallas_01,2024-10-07,44.4822862726702,48.49127365618405,52.103620819298854,48.49481882663983
Tron-o-matic 4 Pro,Dallas_01,2024-10-08,38.33615657407135,42.58214710087679,45.32539012395792,42.0556390646866
Tron-o-matic 4 Pro,Dallas_01,2024-10-09,38.559165516948205,41.61064564767557,45.48752858697228,42.01196602033803
Tron-o-matic 4 Pro,Dallas_01,2024-10-10,43.511142572626,46.64881608612511,50.92375241031446,46.87186133497871
Tron-o-matic 4 Pro,Dallas_01,2024-10-11,38.26627788263091,42.003571113003126,45.593498638734076,41.98351350477703
Tron-o-matic 4 Pro,Dallas_01,2024-10-12,44.84176911936378,48.41641476662527,52.02449544497083,48.31735591591661
Tron-o-matic 4 Pro,Dallas_01,2024-10-13,49.07209057173303,53.21010389861333,57.20068730194221,53.32526972653277
Tron-o-matic 4 Pro,Dallas_01,2024-10-14,58.0173642291107,61.04165407272894,63.83797131712107,60.92064727910049
Tron-o-matic 4 Pro,Dallas_01,2024-10-15,55.372548949681956,58.476028525329184,61.72900365969145,58.639815126373854
Tron-o-matic 4 Pro,Dallas_01,2024-10-16,38.02696839291868,41.38063898608348,45.10562835818704,41.350325298959746
Tron-o-matic 4 Pro,Dallas_01,2024-10-17,37.73020187190612,40.7739432968879,44.95602281872568,41.13369771591364
Tron-o-matic 4 Pro,Dallas_01,2024-10-18,37.08484590988506,40.586061413829626,44.143573801452014,40.56925337346249
Tron-o-matic 4 Pro,Dallas_01,2024-10-19,44.31999670143078,48.806559679276425,52.1788524816614,48.502392785347936
Tron-o-matic 4 Pro,Dallas_01,2024-10-20,36.659216450730455,39.84136245904555,43.3165509637042,39.97824149285314
Tron-o-matic 4 Pro,Dallas_01,2024-10-21,36.62694924219596,40.95936079255974,43.787182067417596,40.335485338529395
Tron-o-matic 4 Pro,Dallas_01,2024-10-22,63.0502674287342,65.71531118971247,69.44648803724579,66.0007683943224
Tron-o-matic 4 Pro,Dallas_01,2024-10-23,54.25379669194835,58.67203901771907,62.05687637400908,58.3898536433845
Tron-o-matic 4 Pro,Dallas_01,2024-10-24,35.92709596754641,39.7687876828259,43.023035983691685,39.774006312698056
Tron-o-matic 4 Pro,Dallas_01,2024-10-25,54.61491509320635,58.40797914584301,61.767873741175904,58.13164063249236
Tron-o-matic 4 Pro,Dallas_01,2024-10-26,35.81880363946279,39.66005757624845,44.189903501447105,39.61488555758007
Tron-o-matic 4 Pro,Dallas_01,2024-10-27,40.267936465074214,43.88188026573437,46.28489468365818,43.56127964875561
Tron-o-matic 4 Pro,Dallas_01,2024-10-28,41.20255267595277,44.49688061375808,48.736322276673754,44.71610163896359
Tron-o-matic 4 Pro,Dallas_01,2024-10-29,36.12282111198239,39.224997102875456,42.57202129837189,39.22095181846187
Tron-o-matic 4 Pro,Dallas_01,2024-10-30,35.57817329105119,38.781107895895005,42.802202023924565,39.103744706349715
Tron-o-matic 4 Pro,Dallas_01,2024-10-31,47.82980901017691,50.93977321055832,54.13996960220054,51.191025900596514
Tron-o-matic 4 Pro,Dallas_01,2024-11-01,35.20839309182162,38.75080579999088,41.96189912865168,38.622247453430866
Tron-o-matic 4 Pro,Dallas_01,2024-11-02,52.71671173536907,55.76713236612358,59.5979101947838,55.99486867859673
Tron-o-matic 4 Pro,Dallas_01,2024-11-03,34.60319895754419,37.94259823874908,41.27143382045965,37.82798692151951
Tron-o-matic 4 Pro,Dallas_01,2024-11-04,55.59228878296919,58.92164193443667,61.91559435292129,58.937898758213024
Tron-o-matic 4 Pro,Dallas_01,2024-11-05,45.927022923488245,48.947659531802664,52.66323460833503,49.03671732619689
Tron-o-matic 4 Pro,Dallas_01,2024-11-06,55.94809223727298,60.260182775884026,63.09084601609248,59.68641911438263
Tron-o-matic 4 Pro,Dallas_01,2024-11-07,34.94291638786138,38.104776999899606,42.118646918209095,38.13077496834622
Tron-o-matic 4 Pro,Dallas_01,2024-11-08,38.748521710798165,42.305814049434126,46.121422400572804,42.42448710619679
Tron-o-matic 4 Pro,Dallas_01,2024-11-09,45.983664358595384,48.77790895242872,51.59210582885245,48.854167003592984
Tron-o-matic 4 Pro,Dallas_01,2024-11-10,33.983854555849504,36.882299306551964,40.7043865457721,37.065961252577374
Tron-o-matic 4 Pro,Dallas_01,2024-11-11,52.87425203500826,56.1225006558072,59.810547317635674,56.089646128798684
Tron-o-matic 4 Pro,Dallas_01,2024-11-12,33.30811002329668,36.79203827665876,40.64686467415195,36.87111132256511
Tron-o-matic 4 Pro,Dallas_01,2024-11-13,33.602927981980834,37.191857829692616,41.02454960549014,37.19620575548126
Tron-o-matic 4 Pro,Dallas_01,2024-11-14,32.426724968642425,36.37980419346604,39.541240698826066,36.16176564805549
Tron-o-matic 4 Pro,Dallas_01,2024-11-15,33.14558252318105,36.91033786139817,40.232482105149415,36.60080317567551
Tron-o-matic 4 Pro,Dallas_01,2024-11-16,54.85555788936609,58.09929353484606,61.82873625355806,58.08738575904993
Tron-o-matic 4 Pro,Dallas_01,2024-11-17,42.537491345727275,46.11910218564829,49.4183879839192,45.81522471341968
Tron-o-matic 4 Pro,Dallas_01,2024-11-18,54.197798278727966,57.26128777028579,61.35596061778926,57.55554855707683
Tron-o-matic 4 Pro,Dallas_01,2024-11-19,32.66247347233598,36.14161180689841,39.57490204735639,36.10661585028002
Tron-o-matic 4 Pro,Dallas_01,2024-11-20,59.353635840821305,62.70522788864384,65.95926714768335,62.70961957050545
Tron-o-matic 4 Pro,Dallas_01,2024-11-21,32.89441960979928,35.91171655137137,38.908614280124176,35.86304919531427
Tron-o-matic 4 Pro,Dallas_01,2024-11-22,32.82811077884983,35.89498703730693,38.927009757163766,35.78583259123307
Tron-o-matic 4 Pro,Dallas_01,2024-11-23,33.10104391795097,35.78056294371348,39.57696981246587,36.084691078581194
Tron-o-matic 4 Pro,Dallas_01,2024-11-24,32.15692202294999,35.94208745333588,39.154601124402845,35.72580985811158
Tron-o-matic 4 Pro,Dallas_01,2024-11-25,57.18853397332664,60.830171751060014,63.72786754200837,60.56625896557243
Tron-o-matic 4 Pro,Dallas_01,2024-11-26,32.18762129761343,35.92223767959586,39.398502149484706,35.953056325230655
Tron-o-matic 4 Pro,Dallas_01,2024-11-27,33.09170048160411,36.53907689752818,39.99721943266915,36.332447710004146
Tron-o-matic 4 Pro,Dallas_01,2024-11-28,32.66283263337373,36.10128588912709,40.02542159610488,36.10132155457483
Tron-o-matic 4 Pro,Dallas_01,2024-11-29,60.071369056280396,63.97325313304011,67.07747847926633,63.851574044162646
Tron-o-matic 4 Pro,Dallas_01,2024-11-30,33.51703804135526,36.67050117882756,40.00266525007287,36.72446395156052
Tron-o-matic 4 Pro,Dallas_01,2024-12-01,32.6386401422354,36.1061750497005,39.63877977078549,36.064538675062146
Tron-o-matic 4 Pro,Dallas_01,2024-12-02,34.18842382297208,36.911279068091694,40.79081892643051,37.11699502082212
Tron-o-matic 4 Pro,Dallas_01,2024-12-03,41.00839503392151,44.541828400671484,48.05773171236692,44.501827412899004
Tron-o-matic 4 Pro,Dallas_01,2024-12-04,33.49152750515938,37.11568074781085,40.90987480340127,37.22684404632196
Tron-o-matic 4 Pro,Dallas_01,2024-12-05,33.710470857341235,36.97671829784697,40.23096386186823,37.001572663396615
Tron-o-matic 4 Pro,Dallas_01,2024-12-06,33.44027320128362,37.24023514450802,40.21966000639782,36.890770001350326
Tron-o-matic 4 Pro,Dallas_01,2024-12-07,46.73515575246648,50.39386446019356,53.868862715883914,50.052912410568844
Tron-o-matic 4 Pro,Dallas_01,2024-12-08,39.811738202024344,43.822641054271415,47.07753016832016,43.61842498900429
Tron-o-matic 4 Pro,Dallas_01,2024-12-09,57.18364308410294,60.58512868471319,63.07921328542761,60.43473354675296
Tron-o-matic 4 Pro,Dallas_01,2024-12-10,33.95335822329544,37.01252591207143,41.04205486156457,37.23435748748931
Tron-o-matic 4 Pro,Dallas_01,2024-12-11,33.64430426736565,37.21248501648533,39.989214659426516,36.95894394933309
Tron-o-matic 4 Pro,Dallas_01,2024-12-12,53.99859305488809,57.193294129736856,61.69525950335534,57.6536778403892
Tron-o-matic 4 Pro,Dallas_01,2024-12-13,34.4645182029188,37.468950812682145,40.350542509811255,37.294421783398846
Tron-o-matic 4 Pro,Dallas_01,2024-12-14,40.649462534750214,44.152181908501575,47.45693897737761,44.02190585986867
Tron-o-matic 4 Pro,Dallas_01,2024-12-15,32.93517090108589,36.60100040138904,40.84389791284299,36.750872831513206
Tron-o-matic 4 Pro,Dallas_01,2024-12-16,33.785290805722234,36.97969839804794,40.122577421385245,36.94751918508407
Tron-o-matic 4 Pro,Dallas_01,2024-12-17,33.982633441329114,37.18690291149175,40.964172590924974,37.45471269865365
Tron-o-matic 4 Pro,Dallas_01,2024-12-18,34.412438355148176,37.32973556885948,40.975790984653514,37.41534179799307
Tron-o-matic 4 Pro,Dallas_01,2024-12-19,37.16063525260216,41.648549067429606,45.18433762925672,41.52756397601356
Tron-o-matic 4 Pro,Dallas_01,2024-12-20,33.86340586999483,37.16175497083266,39.894166924848456,36.99601594890478
Tron-o-matic 4 Pro,Dallas_01,2024-12-21,53.8807087185723,57.09544775045545,60.79204059995814,57.17300234613441
Tron-o-matic 4 Pro,Dallas_01,2024-12-22,32.777541318570464,36.890559758842855,40.72710608078131,36.70302898430665
Tron-o-matic 4 Pro,Dallas_01,2024-12-23,38.219607687222215,41.751699858205384,45.82520069044672,41.86675224861282
Tron-o-matic 4 Pro,Dallas_01,2024-12-24,33.47635720015613,37.10498952427127,40.807997770255845,37.13938988564508
Tron-o-matic 4 Pro,Dallas_01,2024-12-25,33.6385039668731,37.36569314403232,40.6102252655121,37.227782342810485
Tron-o-matic 4 Pro,Dallas_01,2024-12-26,55.1271878424108,58.07110664608972,62.12349810605877,58.425257281858556
Tron-o-matic 4 Pro,Dallas_01,2024-12-27,52.85420386909974,56.37953989452623,59.82587407037011,56.47109889992508
Tron-o-matic 4 Pro,Dallas_01,2024-12-28,34.39562402695035,37.797734164792224,41.23429596634715,37.59633794908428
Tron-o-matic 4 Pro,Dallas_01,2024-12-29,57.17665607946405,59.99019597997997,63.024967444434004,60.05678857356903
Tron-o-matic 4 Pro,Dallas_01,2024-12-30,45.151409721299174,48.82317950528589,52.31451422904572,48.7002368735126
Tron-o-matic 4 Pro,Dallas_01,2024-12-31,40.3394370640976,43.684754713800395,47.26541270500759,43.80239211527507
Tron-o-matic 4 Pro,NewYork_02,2024-10-01,46.89217456159066,51.15074271320337,56.07788042727533,51.364459840210756
Tron-o-matic 4 Pro,NewYork_02,2024-10-02,47.215932454817754,51.542924186223175,55.16742452074219,51.53453123539943
Tron-o-matic 4 Pro,NewYork_02,2024-10-03,56.723890490629934,61.21264309480868,65.81223670681085,61.19616973049133
Tron-o-matic 4 Pro,NewYork_02,2024-10-04,47.98508586922677,52.45255041951678,56.837495292911555,52.29237323685922
Tron-o-matic 4 Pro,NewYork_02,2024-10-05,47.09451355726111,52.017504716549624,55.26118773998159,51.67475984967409
Tron-o-matic 4 Pro,NewYork_02,2024-10-06,59.8418343968469,63.64984025076342,67.97945720112502,63.75227007506762
Tron-o-matic 4 Pro,NewYork_02,2024-10-07,53.41819909893536,58.8367864160711,63.10301881942705,58.59911064725914
Tron-o-matic 4 Pro,NewYork_02,2024-10-08,48.1098587377782,52.205379865822685,56.34822467927293,52.1151893484933
Tron-o-matic 4 Pro,NewYork_02,2024-10-09,47.33250285476215,52.36503649451207,56.50373390325824,52.06613263851339
Tron-o-matic 4 Pro,NewYork_02,2024-10-10,52.57109941780558,56.102713933936094,60.62694071748902,56.69364467910313
Tron-o-matic 4 Pro,NewYork_02,2024-10-11,47.47712841990374,51.49436885327203,56.334456840515706,51.484483923050476
Tron-o-matic 4 Pro,NewYork_02,2024-10-12,54.04803005897882,58.27928386239364,62.89832306106173,58.31736370627523
Tron-o-matic 4 Pro,NewYork_02,2024-10-13,59.88317564242625,64.10499329424186,68.13402799709777,64.13722926111451
Tron-o-matic 4 Pro,NewYork_02,2024-10-14,70.9441370149807,74.30711129235655,79.26549774476547,74.38459523890438
Tron-o-matic 4 Pro,NewYork_02,2024-10-15,68.67023093812995,72.39993932561754,77.14938301494728,72.32016620357027
Tron-o-matic 4 Pro,NewYork_02,2024-10-16,46.216133585368844,51.180070734116356,56.61854759227761,51.06813373026054
Tron-o-matic 4 Pro,NewYork_02,2024-10-17,46.96925640998634,50.61507549551389,54.15123709237422,50.725240314546554
Tron-o-matic 4 Pro,NewYork_02,2024-10-18,46.05886380804764,50.61095534497858,55.49312925382522,50.62868594202937
Tron-o-matic 4 Pro,NewYork_02,2024-10-19,55.155884811309484,59.46369773342836,64.18142392817963,59.50890720353835
Tron-o-matic 4 Pro,NewYork_02,2024-10-20,44.94913066407449,49.1268300820598,53.198688009275365,49.00181643253462
Tron-o-matic 4 Pro,NewYork_02,2024-10-21,45.91474494328825,50.52685006816227,53.57711917812024,50.132213787699456
Tron-o-matic 4 Pro,NewYork_02,2024-10-22,77.2115169041591,81.01757142297261,84.99612151648849,80.89903169662796
Tron-o-matic 4 Pro,NewYork_02,2024-10-23,68.08817667947923,72.49337930507505,77.58330130730988,72.63850890065584
Tron-o-matic 4 Pro,NewYork_02,2024-10-24,45.476086102381295,48.99199026682671,52.70109462476924,49.1991155126181
Tron-o-matic 4 Pro,NewYork_02,2024-10-25,68.7564955621934,71.97232817517806,76.53511510747451,72.18255984963186
Tron-o-matic 4 Pro,NewYork_02,2024-10-26,45.28165105451201,49.29297532357326,52.688558439715266,49.01123473684334
Tron-o-matic 4 Pro,NewYork_02,2024-10-27,48.91417656779325,53.130713068221596,57.516323321774344,53.34045688497349
Tron-o-matic 4 Pro,NewYork_02,2024-10-28,51.370272667939666,55.89675736065889,60.071710621008876,55.6815771318423
Tron-o-matic 4 Pro,NewYork_02,2024-10-29,43.47197146844593,48.01885500071384,52.153396304986586,48.068031296906945
Tron-o-matic 4 Pro,NewYork_02,2024-10-30,44.005307871687805,47.882957324511636,51.68684626700053,47.933646054918945
Tron-o-matic 4 Pro,NewYork_02,2024-10-31,58.70308923640504,62.2016388932671,66.66922611291177,62.46404012871839
Tron-o-matic 4 Pro,NewYork_02,2024-11-01,43.74312873874693,47.534727158281015,52.70060868313381,47.77794776850969
Tron-o-matic 4 Pro,NewYork_02,2024-11-02,65.29151363563984,70.18336064400714,74.14310470563046,69.79184243396102
Tron-o-matic 4 Pro,NewYork_02,2024-11-03,43.514575427830835,45.96425880940316,50.30704958650804,46.622558634460184
Tron-o-matic 4 Pro,NewYork_02,2024-11-04,68.6380024671646,73.11254522380668,76.43068936049565,72.95865513432496
Tron-o-matic 4 Pro,NewYork_02,2024-11-05,55.530610576369774,59.301752570332894,63.92942296646065,59.56948170209405
Tron-o-matic 4 Pro,NewYork_02,2024-11-06,69.01560890395065,73.11118845668653,78.41088614907103,73.31218648008435
Tron-o-matic 4 Pro,NewYork_02,2024-11-07,42.022172415109495,46.04689750920542,51.248168151078396,46.41539831206524
Tron-o-matic 4 Pro,NewYork_02,2024-11-08,48.34265174145641,51.96800516557809,56.15341843262695,51.92153692415076
Tron-o-matic 4 Pro,NewYork_02,2024-11-09,54.66271344438648,59.26237926632136,62.88970747300087,58.9761990228629
Tron-o-matic 4 Pro,NewYork_02,2024-11-10,40.26131499996411,44.511507857580156,49.04636202866677,44.514049208326625
Tron-o-matic 4 Pro,NewYork_02,2024-11-11,64.72681840244859,68.3797736050197,72.13524704877284,68.40639913961957
Tron-o-matic 4 Pro,NewYork_02,2024-11-12,40.01826099017778,44.05922470054501,47.95250480685663,43.990893251890675
Tron-o-matic 4 Pro,NewYork_02,2024-11-13,40.231712569769236,44.75309220862729,48.9242189889792,44.7214543726162
Tron-o-matic 4 Pro,NewYork_02,2024-11-14,40.77151805861436,44.64468205367683,48.48652639644515,44.37561620063066
Tron-o-matic 4 Pro,NewYork_02,2024-11-15,40.702052767710654,44.46519914145196,48.59856623120742,44.35885956488899
Tron-o-matic 4 Pro,NewYork_02,2024-11-16,66.16914079429311,70.57859339739511,74.13187827546744,70.31942642666712
Tron-o-matic 4 Pro,NewYork_02,2024-11-17,50.89138498796571,56.44671413835528,61.12778948522928,56.15212819231233
Tron-o-matic 4 Pro,NewYork_02,2024-11-18,65.43826289012749,69.82693283903073,74.2025221570831,69.92851310688509
Tron-o-matic 4 Pro,NewYork_02,2024-11-19,39.51812750198653,43.57266046103533,48.99861574112952,43.79480059400251
Tron-o-matic 4 Pro,NewYork_02,2024-11-20,74.13488962235827,77.18671301387795,80.89306789399097,77.17587157180562
Tron-o-matic 4 Pro,NewYork_02,2024-11-21,38.724432572324055,42.59056304308037,48.462091016541784,42.93467214875825
Tron-o-matic 4 Pro,NewYork_02,2024-11-22,39.19687645392902,44.018779531319055,47.96454716080954,43.657551823376565
Tron-o-matic 4 Pro,NewYork_02,2024-11-23,39.30617660119073,43.44480710317576,47.34448439499465,43.39331731977551
Tron-o-matic 4 Pro,NewYork_02,2024-11-24,39.656981000255314,43.23530914367755,47.266247433005965,43.47898455502338
Tron-o-matic 4 Pro,NewYork_02,2024-11-25,69.33838710270221,73.40801115866229,78.18433070703969,73.5420149093486
Tron-o-matic 4 Pro,NewYork_02,2024-11-26,39.72869680716196,44.639383536767454,48.71603071293906,44.31476876878677
Tron-o-matic 4 Pro,NewYork_02,2024-11-27,40.77447644313811,44.743977620203985,48.67831718649962,44.816937881358584
Tron-o-matic 4 Pro,NewYork_02,2024-11-28,39.82260686176878,44.44094119075601,48.38766294200652,44.08372216225254
Tron-o-matic 4 Pro,NewYork_02,2024-11-29,74.20786539915477,77.93596843501216,81.52572376424736,77.79615503106552
Tron-o-matic 4 Pro,NewYork_02,2024-11-30,40.513359716455504,45.12281648848147,49.03518479904653,44.90432057977071
Tron-o-matic 4 Pro,NewYork_02,2024-12-01,39.988319341461334,43.41607246807233,48.20168944089649,43.817916831460025
Tron-o-matic 4 Pro,NewYork_02,2024-12-02,39.746324420108124,44.2336391348271,49.25522514504866,44.353141501294196
Tron-o-matic 4 Pro,NewYork_02,2024-12-03,51.30401315398289,55.805212232280944,59.133222159431725,55.452561633377506
Tron-o-matic 4 Pro,NewYork_02,2024-12-04,41.47026543516584,45.81612837226906,50.392023511594275,45.9640993175048
Tron-o-matic 4 Pro,NewYork_02,2024-12-05,41.89499771685382,45.54564246640011,49.76761988602236,45.61597883633532
Tron-o-matic 4 Pro,NewYork_02,2024-12-06,41.6147865933576,46.232605817461604,50.26519191182277,46.10461777971432
Tron-o-matic 4 Pro,NewYork_02,2024-12-07,56.63487484922257,61.02241094976586,64.98371139960477,60.71702077134638
Tron-o-matic 4 Pro,NewYork_02,2024-12-08,49.24182495085018,54.03200582461383,59.24398110890685,54.198272032672094
Tron-o-matic 4 Pro,NewYork_02,2024-12-09,70.51105078478511,74.86262007379585,79.33242220596613,74.9535251399666
Tron-o-matic 4 Pro,NewYork_02,2024-12-10,42.430499696497776,47.10748484565585,51.862560724067485,47.13454991970794
Tron-o-matic 4 Pro,NewYork_02,2024-12-11,42.88111383212762,46.31150389791844,50.3733140997148,46.677581473267665
Tron-o-matic 4 Pro,NewYork_02,2024-12-12,66.92981629526156,70.64596461522063,74.13825039203209,70.75748918408166
Tron-o-matic 4 Pro,NewYork_02,2024-12-13,41.83393119774165,46.43977262437314,50.3023170736291,46.160347002970866
Tron-o-matic 4 Pro,NewYork_02,2024-12-14,51.11016537234213,55.07962088069993,59.571031116376524,55.264051609915356
Tron-o-matic 4 Pro,NewYork_02,2024-12-15,41.0193662130031,45.38266203172672,49.645604794247845,45.3196597118594
Tron-o-matic 4 Pro,NewYork_02,2024-12-16,42.156504639948054,47.03699543649054,50.81961653601618,46.78881364787525
Tron-o-matic 4 Pro,NewYork_02,2024-12-17,42.931998535580284,46.641611694773516,50.950219622613496,46.77661059713966
Tron-o-matic 4 Pro,NewYork_02,2024-12-18,43.05901731121813,47.14944696531556,51.578971024597394,46.82851013339603
Tron-o-matic 4 Pro,NewYork_02,2024-12-19,47.52322660855082,51.82323147133264,56.35774427370604,51.869318932085726
Tron-o-matic 4 Pro,NewYork_02,2024-12-20,41.743369125412684,46.28679051450951,50.80591996346392,46.268116532958594
Tron-o-matic 4 Pro,NewYork_02,2024-12-21,66.4322101526908,70.94180791675291,76.4231725748752,70.83344060622629
Tron-o-matic 4 Pro,NewYork_02,2024-12-22,41.70828321925615,45.867050137028635,49.819011157121416,45.84637229599085
Tron-o-matic 4 Pro,NewYork_02,2024-12-23,47.18534837963653,52.04715489265642,56.86912631105862,51.86446867326744
Tron-o-matic 4 Pro,NewYork_02,2024-12-24,42.26343967017975,46.41571453163959,51.024457202036274,46.273520673274355
Tron-o-matic 4 Pro,NewYork_02,2024-12-25,42.335640793681065,45.843767277755234,49.36083068501031,45.80052019518566
Tron-o-matic 4 Pro,NewYork_02,2024-12-26,67.36716791916511,72.25107535679783,76.27591289345399,72.31851681726086
Tron-o-matic 4 Pro,NewYork_02,2024-12-27,65.87835999187554,70.48460047502896,74.29627497253045,70.364424720142
Tron-o-matic 4 Pro,NewYork_02,2024-12-28,42.17303524730697,46.18715111718168,50.33408028615836,46.152177641192694
Tron-o-matic 4 Pro,NewYork_02,2024-12-29,70.4640362842871,74.84364488007967,78.85557618719054,74.48753252453292
Tron-o-matic 4 Pro,NewYork_02,2024-12-30,56.56114849041128,60.267656744590305,65.76501214236585,60.51612614198965
Tron-o-matic 4 Pro,NewYork_02,2024-12-31,50.673400626861664,55.225457926908966,59.30721856164905,55.03585963498521
Tron-o-matic 4,Chicago_01,2024-10-01,114.1730430422517,128.6405733546091,141.0996921965247,128.36230563424277
Tron-o-matic 4,Chicago_01,2024-10-02,153.42340759267182,164.81776434141398,177.8281529704181,164.57850341221538
Tron-o-matic 4,Chicago_01,2024-10-03,110.65830121471708,127.53104368904715,139.48728225007966,126.55225129463048
Tron-o-matic 4,Chicago_01,2024-10-04,209.61566908044136,220.48091406090506,231.24629727109735,220.89596662908585
Tron-o-matic 4,Chicago_01,2024-10-05,164.3720663999685,173.37838755100321,187.40753376527613,175.13834468800798
Tron-o-matic 4,Chicago_01,2024-10-06,116.54782276903954,127.90220279104388,139.91143267229523,128.297048714302
Tron-o-matic 4,Chicago_01,2024-10-07,118.31564077484556,128.57109222229056,139.98630175911515,128.8620233441872
Tron-o-matic 4,Chicago_01,2024-10-08,115.39532270030794,127.74419929403207,139.3354980674198,127.41505149340992
Tron-o-matic 4,Chicago_01,2024-10-09,218.02450443800822,230.25993915466884,240.31608172315975,229.75755072500954
Tron-o-matic 4,Chicago_01,2024-10-10,110.41651663432772,127.21225810314424,138.7203760348448,126.46843422476097
Tron-o-matic 4,Chicago_01,2024-10-11,115.37625449499382,127.66283067125431,142.051636305723,128.4362832992518
Tron-o-matic 4,Chicago_01,2024-10-12,154.43246493971856,164.35167974135484,177.8290996926716,165.4655775530073
Tron-o-matic 4,Chicago_01,2024-10-13,114.71087267494589,126.77702164860598,143.5984520996576,127.81338595605008
Tron-o-matic 4,Chicago_01,2024-10-14,148.19142017898997,161.0374130490404,172.1629237841311,160.81908926621728
Tron-o-matic 4,Chicago_01,2024-10-15,115.98941066045771,126.13174444960673,136.66031945905257,126.62963667686736
Tron-o-matic 4,Chicago_01,2024-10-16,114.1628307960301,127.48100231678086,139.46092990262545,126.97137368082915
Tron-o-matic 4,Chicago_01,2024-10-17,146.02349602625102,160.4319917681488,171.9739668953417,160.01657198348306
Tron-o-matic 4,Chicago_01,2024-10-18,112.69683571927429,127.0410042722861,140.76046348722775,126.56520420087527
Tron-o-matic 4,Chicago_01,2024-10-19,148.25204897538148,163.20683491955668,174.89668070132407,162.67286663131762
Tron-o-matic 4,Chicago_01,2024-10-20,110.93233087068505,125.5964725284432,139.79043537499103,125.48905559227886
Tron-o-matic 4,Chicago_01,2024-10-21,114.01730816873891,127.21369978824782,139.53523230782608,126.59498114320427
Tron-o-matic 4,Chicago_01,2024-10-22,219.9232751461077,233.72521573464888,243.72034292164054,232.58844639438104
Tron-o-matic 4,Chicago_01,2024-10-23,204.27707399920666,217.67331390625756,228.24848195753168,216.66359030735003
Tron-o-matic 4,Chicago_01,2024-10-24,111.32591975368675,124.43432448132403,138.6137846343561,124.69211503411927
Tron-o-matic 4,Chicago_01,2024-10-25,112.60236764092186,125.49667027812752,136.53456521688022,124.55439552686136
Tron-o-matic 4,Chicago_01,2024-10-26,158.84609226822053,172.18225331098927,182.4948527179769,171.05616453409988
Tron-o-matic 4,Chicago_01,2024-10-27,131.01880348558615,142.5153052626865,154.3646901084548,141.61259389570324
Tron-o-matic 4,Chicago_01,2024-10-28,109.2513908180097,123.54578994020788,136.83365448425386,124.12573070806327
Tron-o-matic 4,Chicago_01,2024-10-29,108.05334476557331,122.60016659138333,134.5053455580293,122.27204483924613
Tron-o-matic 4,Chicago_01,2024-10-30,110.66809086226186,121.66597704519499,133.530252399895,121.93389626755678
Tron-o-matic 4,Chicago_01,2024-10-31,152.8790356890247,164.42177917500686,174.55195422240976,163.6923154556635
Tron-o-matic 4,Chicago_01,2024-11-01,107.27884809097885,121.84682446559553,134.28990548341872,121.24236313969057
Tron-o-matic 4,Chicago_01,2024-11-02,131.84913018168055,144.3542583790203,157.8315790497043,144.27780716793748
Tron-o-matic 4,Chicago_01,2024-11-03,206.97902549952966,218.55084891749883,230.21859859295287,218.6436270652946
Tron-o-matic 4,Chicago_01,2024-11-04,105.21391768265083,119.47435478116365,130.4719354836529,118.86718905930904
Tron-o-matic 4,Chicago_01,2024-11-05,108.40532928919609,117.49646848088132,129.6229696607494,118.02035068089656
Tron-o-matic 4,Chicago_01,2024-11-06,208.8109409005689,222.06727104454694,231.72988951762252,220.5255506386835
Tron-o-matic 4,Chicago_01,2024-11-07,178.3971628665302,191.37992548985096,202.47782701205517,190.72972840409574
Tron-o-matic 4,Chicago_01,2024-11-08,104.46981884367901,114.24954843269765,127.55678529686803,115.5612255096499
Tron-o-matic 4,Chicago_01,2024-11-09,100.29411757447905,113.97608232066801,126.8178321123502,113.6085959683738
Tron-o-matic 4,Chicago_01,2024-11-10,103.11141770046332,114.5308588032896,125.27798736945792,114.34084014205085
Tron-o-matic 4,Chicago_01,2024-11-11,199.1006073295538,214.57200692360917,229.23865619594258,214.86407964463294
Tron-o-matic 4,Chicago_01,2024-11-12,99.0954093151579,111.66483261015618,123.9106313929956,112.32225584650106
Tron-o-matic 4,Chicago_01,2024-11-13,125.20147896866037,138.22990343286173,150.27990763851963,137.81422847305984
Tron-o-matic 4,Chicago_01,2024-11-14,104.47574978739074,114.08137587583418,123.49922204508142,114.20212254262522
Tron-o-matic 4,Chicago_01,2024-11-15,99.89561245718845,113.20734400560461,126.02028026767958,112.94254560951511
Tron-o-matic 4,Chicago_01,2024-11-16,98.71534547405935,109.41581198954131,125.44815992285848,110.9941436724604
Tron-o-matic 4,Chicago_01,2024-11-17,99.136989760901,110.82359266456365,122.68521862454152,110.88396157146616
Tron-o-matic 4,Chicago_01,2024-11-18,99.92456123691352,112.0019792983046,126.38560051513466,112.58334755366482
Tron-o-matic 4,Chicago_01,2024-11-19,100.55315311852904,109.4743133647133,121.1316759660616,110.62057007316572
Tron-o-matic 4,Chicago_01,2024-11-20,98.17507282793487,112.01408314425912,125.21545185181624,112.73815208751068
Tron-o-matic 4,Chicago_01,2024-11-21,128.60815800077037,142.88053317422904,155.25624467598809,142.7295840399204
Tron-o-matic 4,Chicago_01,2024-11-22,98.58637909042872,110.22040034294582,121.51724609375829,109.89872450775584
Tron-o-matic 4,Chicago_01,2024-11-23,96.62565223806999,111.50763134082851,125.183796179046,111.16187600374074
Tron-o-matic 4,Chicago_01,2024-11-24,99.28892711386385,109.77312267177138,122.25195923811313,110.2033589555942
Tron-o-matic 4,Chicago_01,2024-11-25,97.38296477388009,110.80429879334218,121.7991663578166,110.6646431791694
Tron-o-matic 4,Chicago_01,2024-11-26,212.83349987274323,222.76046256955547,235.9298866093145,223.28925465882628
Tron-o-matic 4,Chicago_01,2024-11-27,98.85581474923664,111.08520028215493,127.16002981988429,112.08973345909153
Tron-o-matic 4,Chicago_01,2024-11-28,99.85591805092353,111.75488018080587,121.8521533294807,111.09977946501658
Tron-o-matic 4,Chicago_01,2024-11-29,216.79742252193378,228.819950040846,239.01199203351308,228.1978086621046
Tron-o-matic 4,Chicago_01,2024-11-30,99.70253715931605,111.29020122196877,123.31910711199299,111.74054740257617
Tron-o-matic 4,Chicago_01,2024-12-01,136.0452641701717,152.23096839658638,165.9535331666358,151.14831059422968
Tron-o-matic 4,Chicago_01,2024-12-02,97.84643904016993,111.14152854686955,123.7509722285438,111.25774693983476
Tron-o-matic 4,Chicago_01,2024-12-03,133.0821796746597,145.50795585461162,155.99174319437554,144.44605389887118
Tron-o-matic 4,Chicago_01,2024-12-04,98.68688491953785,112.55795721727436,122.47041771618316,111.88288070260909
Tron-o-matic 4,Chicago_01,2024-12-05,99.70696995554792,113.42166976897394,123.19728779784113,112.08157830867516
Tron-o-matic 4,Chicago_01,2024-12-06,103.80839022218976,114.33650184883187,125.8628214308547,114.01413062233968
Tron-o-matic 4,Chicago_01,2024-12-07,99.45252944005698,111.35901108262557,122.29841636285428,111.04398500034036
Tron-o-matic 4,Chicago_01,2024-12-08,196.81451536783436,209.437914357514,222.13055462607463,209.687192427905
Tron-o-matic 4,Chicago_01,2024-12-09,98.90805554000694,111.11261833390462,123.09022595237607,111.69739649206237
Tron-o-matic 4,Chicago_01,2024-12-10,125.97591783787652,137.48506672080362,147.76600191040714,137.1015331705165
Tron-o-matic 4,Chicago_01,2024-12-11,201.14090447788837,216.20686605876443,227.98905459579706,215.191612823502
Tron-o-matic 4,Chicago_01,2024-12-12,97.3483387428045,110.19397173980214,122.330440252235,109.97707586585445
Tron-o-matic 4,Chicago_01,2024-12-13,98.96635186278269,110.80633952747264,123.51622187304285,110.55710447508682
Tron-o-matic 4,Chicago_01,2024-12-14,149.10290874704629,160.63690660440483,172.71861953908862,160.47388468203476
Tron-o-matic 4,Chicago_01,2024-12-15,197.98861045063057,212.34025086186517,226.50227421948014,212.55253925554427
Tron-o-matic 4,Chicago_01,2024-12-16,99.85494067246312,111.65071234874127,126.87018118809979,112.08530626180338
Tron-o-matic 4,Chicago_01,2024-12-17,101.03285111124747,113.78332089956315,125.29270558232417,112.56329605631528
Tron-o-matic 4,Chicago_01,2024-12-18,99.64950197519255,109.52762110378393,121.8344460566031,109.75569862710383
Tron-o-matic 4,Chicago_01,2024-12-19,119.08397309804455,132.89108142351017,144.6408593257013,132.37963813892432
Tron-o-matic 4,Chicago_01,2024-12-20,98.54902256697017,111.35924482444517,124.04045775727194,110.94672653961234
Tron-o-matic 4,Chicago_01,2024-12-21,100.55929573030778,110.7386550517569,125.29142042079769,111.71440420542615
Tron-o-matic 4,Chicago_01,2024-12-22,96.35857091889531,112.75222256965405,125.18916889220645,112.26591238998199
Tron-o-matic 4,Chicago_01,2024-12-23,101.7311273795402,109.73154102345768,123.67427244197354,111.12850365922962
Tron-o-matic 4,Chicago_01,2024-12-24,99.73001283880882,109.45864742454663,128.25488273326886,111.15716343138281
Tron-o-matic 4,Chicago_01,2024-12-25,103.29369402289036,113.00254218245163,124.12925960804921,113.28635096202719
Tron-o-matic 4,Chicago_01,2024-12-26,148.32719438230245,159.62755523155835,172.00247185906883,159.65357007356243
Tron-o-matic 4,Chicago_01,2024-12-27,100.25532348411458,115.35644498333286,130.36384553758288,114.8174151681565
Tron-o-matic 4,Chicago_01,2024-12-28,100.97033072901563,110.09696581491335,126.37350076099061,111.8352241933019
Tron-o-matic 4,Chicago_01,2024-12-29,151.24770117507398,163.70278671249525,174.58817411278176,163.14471833821483
Tron-o-matic 4,Chicago_01,2024-12-30,201.83178780508732,214.64652110670403,230.63476759153363,215.51413837401245
Tron-o-matic 4,Chicago_01,2024-12-31,135.27613579776323,150.03328981753836,161.93638125381457,149.4591347842227
Tron-o-matic 4 Pro,Philadelphia_01,2024-10-01,29.24138309238446,32.94780750220532,35.80074657563394,32.774030254917335
Tron-o-matic 4 Pro,Philadelphia_01,2024-10-02,29.98229607038651,32.53223458145794,34.73763325401095,32.52169880983116
Tron-o-matic 4 Pro,Philadelphia_01,2024-10-03,35.90921115864526,38.1597899159985,40.98342617635194,38.32647353863811
Tron-o-matic 4 Pro,Philadelphia_01,2024-10-04,29.477375592748405,32.1849141596541,35.006379860805374,32.011441022809805
Tron-o-matic 4 Pro,Philadelphia_01,2024-10-05,30.29738060021738,32.57987543713026,35.0201218672792,32.57298556413986
Tron-o-matic 4 Pro,Philadelphia_01,2024-10-06,36.930479550259534,40.14389038571022,43.51085060589076,40.209800028540855
Tron-o-matic 4 Pro,Philadelphia_01,2024-10-07,34.56429315296268,37.716685016370064,40.0705161559017,37.6574572376731
Tron-o-matic 4 Pro,Philadelphia_01,2024-10-08,30.643644703674557,32.84180950220347,35.75695551098838,32.91350755163873
Tron-o-matic 4 Pro,Philadelphia_01,2024-10-09,30.175326734558585,32.67198531552147,35.38390253967699,32.71032496754623
Tron-o-matic 4 Pro,Philadelphia_01,2024-10-10,34.45911242126527,36.84499064797378,39.422611863711374,36.88147333707352
Tron-o-matic 4 Pro,Philadelphia_01,2024-10-11,28.950231490252243,32.011199629191445,35.079567975489184,32.058994357545714
Tron-o-matic 4 Pro,Philadelphia_01,2024-10-12,34.536434297215855,36.89139654050903,39.348172059328924,36.90599138730882
Tron-o-matic 4 Pro,Philadelphia_01,2024-10-13,38.86526371456041,41.44309255671184,44.032900957156386,41.39319531391833
Tron-o-matic 4 Pro,Philadelphia_01,2024-10-14,44.730078235263356,46.97133965899844,49.94685926225812,47.197815969480246
Tron-o-matic 4 Pro,Philadelphia_01,2024-10-15,42.96469688628542,45.64221516756653,48.10629887710115,45.61316098708945
Tron-o-matic 4 Pro,Philadelphia_01,2024-10-16,29.618576823162762,32.62925361911426,34.43029864901613,32.29795056778707
Tron-o-matic 4 Pro,Philadelphia_01,2024-10-17,29.69137969729044,32.270783401335144,34.9187497697523,32.40493127113191
Tron-o-matic 4 Pro,Philadelphia_01,2024-10-18,29.268361931398776,31.86507017718963,34.572462642902295,31.85661748800543
Tron-o-matic 4 Pro,Philadelphia_01,2024-10-19,34.82024571668876,37.95281033133122,40.84130297534421,37.84991831703124
Tron-o-matic 4 Pro,Philadelphia_01,2024-10-20,29.240662813911023,31.674010122132415,34.36218229093739,31.754729829638496
Tron-o-matic 4 Pro,Philadelphia_01,2024-10-21,29.37680463817862,31.738648811555606,34.52187755076899,31.684788400878006
Tron-o-matic 4 Pro,Philadelphia_01,2024-10-22,48.57437699467705,51.18030504202963,53.96514427192404,51.36596622751251
Tron-o-matic 4 Pro,Philadelphia_01,2024-10-23,43.19221801764829,45.64486556393464,48.24285593689295,45.72718589364843
Tron-o-matic 4 Pro,Philadelphia_01,2024-10-24,28.752644830632807,31.47107748743366,34.17674712629447,31.450367110911888
Tron-o-matic 4 Pro,Philadelphia_01,2024-10-25,42.56377973002372,45.091116565282796,47.348875913518455,45.16756545391181
Tron-o-matic 4 Pro,Philadelphia_01,2024-10-26,28.21071917334488,30.930994273940936,33.55524036433462,30.885665070529118
Tron-o-matic 4 Pro,Philadelphia_01,2024-10-27,31.453118682802266,33.8554748377845,36.37421236190233,33.84957361892835
Tron-o-matic 4 Pro,Philadelphia_01,2024-10-28,33.04305091125175,35.51193075487708,37.663592779848166,35.51376502466473
Tron-o-matic 4 Pro,Philadelphia_01,2024-10-29,27.77458352928645,30.21113779168695,32.66398195359754,30.273441619291997
Tron-o-matic 4 Pro,Philadelphia_01,2024-10-30,28.153227768803482,30.67734902571637,33.35595343692865,30.739568441485968
Tron-o-matic 4 Pro,Philadelphia_01,2024-10-31,36.7121875756186,39.48589878437659,42.168621085123036,39.46180296827126
Tron-o-matic 4 Pro,Philadelphia_01,2024-11-01,26.474956239108945,29.600841823456346,32.58367707194727,29.754743652060434
Tron-o-matic 4 Pro,Philadelphia_01,2024-11-02,40.556001358301295,43.551031118163884,46.495219814941784,43.44512398700317
Tron-o-matic 4 Pro,Philadelphia_01,2024-11-03,26.992075169977305,30.181077848170826,32.89448412036504,30.03406766589796
Tron-o-matic 4 Pro,Philadelphia_01,2024-11-04,43.61150074730607,45.68626323966241,48.78338731893515,45.94259366609344
Tron-o-matic 4 Pro,Philadelphia_01,2024-11-05,34.68757128244334,37.552718310385046,40.48459709211658,37.57641017853771
Tron-o-matic 4 Pro,Philadelphia_01,2024-11-06,43.38367365481657,46.57160552141525,49.20529016083971,46.50766889697849
Tron-o-matic 4 Pro,Philadelphia_01,2024-11-07,26.337335498351365,28.865032698139128,31.659781225042806,28.84153569350877
Tron-o-matic 4 Pro,Philadelphia_01,2024-11-08,30.03208455819897,32.84419225423295,35.97040221588926,32.95703619678946
Tron-o-matic 4 Pro,Philadelphia_01,2024-11-09,35.00710212765421,37.57481390972578,40.37976503312833,37.68441155687908
Tron-o-matic 4 Pro,Philadelphia_01,2024-11-10,24.97907464015341,28.47503311672708,31.025029525320537,28.253775432840538
Tron-o-matic 4 Pro,Philadelphia_01,2024-11-11,40.75427637813374,43.47959202470201,46.11031173524777,43.40129565964319
Tron-o-matic 4 Pro,Philadelphia_01,2024-11-12,25.499488371093143,28.187264523637392,30.877883985199322,28.213126782547455
Tron-o-matic 4 Pro,Philadelphia_01,2024-11-13,26.039818286966927,28.471737915122564,30.62547997792173,28.472138623817877
Tron-o-matic 4 Pro,Philadelphia_01,2024-11-14,26.129711492132703,27.939044672476637,31.104487884343932,28.261591075262245
Tron-o-matic 4 Pro,Philadelphia_01,2024-11-15,24.569996981790453,27.836765134154497,30.559904514408124,27.881338132453116
Tron-o-matic 4 Pro,Philadelphia_01,2024-11-16,41.96415709398705,44.547845020774204,47.550650860994686,44.65902165296538
Tron-o-matic 4 Pro,Philadelphia_01,2024-11-17,32.60104916086519,35.72522290475206,38.05747222922489,35.50260644618141
Tron-o-matic 4 Pro,Philadelphia_01,2024-11-18,41.92482330283865,44.469422656374384,47.45633749055618,44.647116369659344
Tron-o-matic 4 Pro,Philadelphia_01,2024-11-19,25.857513711370572,28.22906245546403,30.039527641274773,28.14034899732774
Tron-o-matic 4 Pro,Philadelphia_01,2024-11-20,46.57438729447703,49.262325178280356,51.514410113592135,49.10067692651913
Tron-o-matic 4 Pro,Philadelphia_01,2024-11-21,25.38045334064386,27.75959406554241,30.664640075357923,27.944676394324205
Tron-o-matic 4 Pro,Philadelphia_01,2024-11-22,24.532663817141817,27.54178821528883,30.440150430743536,27.46913416577768
Tron-o-matic 4 Pro,Philadelphia_01,2024-11-23,25.029396181536637,28.153566404215926,30.73381648687034,28.04106544587098
Tron-o-matic 4 Pro,Philadelphia_01,2024-11-24,25.50558962879787,27.932577928325067,30.67639591149456,27.971707190830358
Tron-o-matic 4 Pro,Philadelphia_01,2024-11-25,44.17487176996306,46.94683074268237,49.31075590509682,46.93748754904391
Tron-o-matic 4 Pro,Philadelphia_01,2024-11-26,25.510606374719455,27.92673709910789,30.5245722782722,27.999144252465488
Tron-o-matic 4 Pro,Philadelphia_01,2024-11-27,25.822935003238612,28.175041025246866,32.1938623605613,28.445447147326377
Tron-o-matic 4 Pro,Philadelphia_01,2024-11-28,26.043154625644142,28.195596105730086,30.884582114639567,28.305829931993067
Tron-o-matic 4 Pro,Philadelphia_01,2024-11-29,46.4472478854474,49.136235249887946,51.79058323222992,49.182175272825305
Tron-o-matic 4 Pro,Philadelphia_01,2024-11-30,25.057815967644654,27.88924028450518,30.60990543685726,27.919436504275783
Tron-o-matic 4 Pro,Philadelphia_01,2024-12-01,24.669224513460126,28.155407061128173,31.180989440502035,27.97764370251434
Tron-o-matic 4 Pro,Philadelphia_01,2024-12-02,25.522839502521258,28.355469467644006,30.320432572904537,28.091347136026624
Tron-o-matic 4 Pro,Philadelphia_01,2024-12-03,31.638635913944434,34.34188532573652,37.12082744926426,34.2223391699499
Tron-o-matic 4 Pro,Philadelphia_01,2024-12-04,25.983664372391964,28.66553765717559,31.201607807805992,28.54958840019849
Tron-o-matic 4 Pro,Philadelphia_01,2024-12-05,26.09993029144786,28.69892146927277,31.41062939935115,28.785362560623998
Tron-o-matic 4 Pro,Philadelphia_01,2024-12-06,25.84769394318851,28.52011165516611,31.47086931461342,28.437580775684854
Tron-o-matic 4 Pro,Philadelphia_01,2024-12-07,35.086160590445985,38.12844673992372,40.923002082732715,37.99363005004025
Tron-o-matic 4 Pro,Philadelphia_01,2024-12-08,30.843904019559826,33.54986773906586,36.804103941983456,33.578723274613374
Tron-o-matic 4 Pro,Philadelphia_01,2024-12-09,44.33467634338006,47.05001830641824,49.22132564618223,46.89055116364674
Tron-o-matic 4 Pro,Philadelphia_01,2024-12-10,25.816687500229524,28.193272400218977,30.453631332831932,28.20495296704869
Tron-o-matic 4 Pro,Philadelphia_01,2024-12-11,26.31735397904473,28.464329377869255,30.823093007644303,28.52959719784155
Tron-o-matic 4 Pro,Philadelphia_01,2024-12-12,41.893022872852754,44.48242195489737,46.30700233448659,44.28542517703169
Tron-o-matic 4 Pro,Philadelphia_01,2024-12-13,25.1614419394897,27.819255927592106,30.14514354591932,27.797472050902755
Tron-o-matic 4 Pro,Philadelphia_01,2024-12-14,30.35091516949571,33.8844458062503,36.422174778849815,33.5160589891218
Tron-o-matic 4 Pro,Philadelphia_01,2024-12-15,26.01779920691648,28.245006699268455,31.102140574472774,28.32087971686891
Tron-o-matic 4 Pro,Philadelphia_01,2024-12-16,25.735608269255838,28.051162691639178,30.78642144337151,28.05306152174597
Tron-o-matic 4 Pro,Philadelphia_01,2024-12-17,25.497838538408978,28.840453328020246,31.360535253248525,28.535172234209945
Tron-o-matic 4 Pro,Philadelphia_01,2024-12-18,25.920758390157328,28.393203816955857,31.113262007910627,28.483479097124047
Tron-o-matic 4 Pro,Philadelphia_01,2024-12-19,28.616670500781908,31.680538467437497,34.16603373470078,31.48005947131753
Tron-o-matic 4 Pro,Philadelphia_01,2024-12-20,25.890820227905586,28.940925860796504,31.704988767893518,28.754985787662687
Tron-o-matic 4 Pro,Philadelphia_01,2024-12-21,41.50851191493484,43.91900324453048,46.87371677569662,43.87402324759407
Tron-o-matic 4 Pro,Philadelphia_01,2024-12-22,25.973831817240733,28.70054107884522,31.584112066236504,28.69223128386472
Tron-o-matic 4 Pro,Philadelphia_01,2024-12-23,29.765337652582133,32.319129736580045,34.927082400536094,32.30038942856855
Tron-o-matic 4 Pro,Philadelphia_01,2024-12-24,26.3870695998423,29.016383366165382,31.53785691232222,28.940995113282884
Tron-o-matic 4 Pro,Philadelphia_01,2024-12-25,26.475280621470805,29.378604509051627,31.992950120519318,29.314447856724993
Tron-o-matic 4 Pro,Philadelphia_01,2024-12-26,43.07343903962033,45.975929519819566,48.034990015145766,45.84160868892965
Tron-o-matic 4 Pro,Philadelphia_01,2024-12-27,41.44610129785905,43.60269115562068,46.58305973254885,43.787602116174895
Tron-o-matic 4 Pro,Philadelphia_01,2024-12-28,26.984886359158224,29.380701581296716,32.015502003886205,29.361718231825463
Tron-o-matic 4 Pro,Philadelphia_01,2024-12-29,44.78143231575771,47.62037528931359,50.62442661355219,47.53355612725481
Tron-o-matic 4 Pro,Philadelphia_01,2024-12-30,36.103033700203035,38.532640437268434,41.487053529082104,38.62601662301812
Tron-o-matic 4 Pro,Philadelphia_01,2024-12-31,31.904090545312442,34.51095151670681,37.30434768187724,34.547098173037405
Tron-o-matic 4,Dallas_01,2024-10-01,92.31959270726645,103.3096013440472,112.9504770715737,102.81932032111365
Tron-o-matic 4,Dallas_01,2024-10-02,123.36589256455105,136.14251243712238,144.81015041727323,135.17256744345173
Tron-o-matic 4,Dallas_01,2024-10-03,95.34389334258607,104.83019677183205,116.8846495859101,105.90754752118046
Tron-o-matic 4,Dallas_01,2024-10-04,170.58357772456796,180.30048591317325,191.6711392439057,180.55175735547925
Tron-o-matic 4,Dallas_01,2024-10-05,131.16251471312876,143.48729579250715,151.8037339835381,141.70672964535518
Tron-o-matic 4,Dallas_01,2024-10-06,91.28627469961813,104.80102987003644,113.9684109364721,103.69750864015622
Tron-o-matic 4,Dallas_01,2024-10-07,93.56410342808353,105.1843567450385,114.08701734038283,104.29032533338976
Tron-o-matic 4,Dallas_01,2024-10-08,94.75323239060053,103.82991877149374,115.4632379205713,104.65586371433386
Tron-o-matic 4,Dallas_01,2024-10-09,173.18256881679383,182.67657771688567,191.8266711769913,182.444602289653
Tron-o-matic 4,Dallas_01,2024-10-10,91.94027780913734,103.20667226873776,113.72884007764738,103.3971064614687
Tron-o-matic 4,Dallas_01,2024-10-11,95.33069368055021,104.25662613870712,113.82932905944777,104.64279097414477
Tron-o-matic 4,Dallas_01,2024-10-12,124.9710084094784,135.66584776456867,144.13678820648727,134.96045385029743
Tron-o-matic 4,Dallas_01,2024-10-13,94.30430241053918,103.17653804250354,110.2621422447817,102.98971666337398
Tron-o-matic 4,Dallas_01,2024-10-14,120.86354957210668,129.61577047022553,143.36600953364518,131.17791990671833
Tron-o-matic 4,Dallas_01,2024-10-15,89.72851045729982,102.1964059851237,108.27898250793322,100.43852196950708
Tron-o-matic 4,Dallas_01,2024-10-16,92.96219672310573,101.23315832785667,111.59009411243595,101.82327148997973
Tron-o-matic 4,Dallas_01,2024-10-17,120.92335225385912,130.40008529811593,138.63469424726125,130.061281608392
Tron-o-matic 4,Dallas_01,2024-10-18,93.53496824136475,102.0943188388093,112.93245892737141,102.65159174467071
Tron-o-matic 4,Dallas_01,2024-10-19,121.104918273133,132.607902985656,141.17322973325236,131.62846937676264
Tron-o-matic 4,Dallas_01,2024-10-20,91.20488725078091,101.13113873504011,109.43019865388639,101.0318078764213
Tron-o-matic 4,Dallas_01,2024-10-21,93.75013805695923,103.36618851369153,113.25835007824563,103.5176511840747
Tron-o-matic 4,Dallas_01,2024-10-22,174.01348619283272,184.041285088472,196.5901099111911,184.81076806969213
Tron-o-matic 4,Dallas_01,2024-10-23,164.59969369685092,174.2991407531859,183.02972404989856,173.47788630728974
Tron-o-matic 4,Dallas_01,2024-10-24,91.14932619497776,102.47651840327454,111.10277183147879,101.51717337941105
Tron-o-matic 4,Dallas_01,2024-10-25,87.77478583536836,98.55086360115318,110.17455047731262,98.49705369712515
Tron-o-matic 4,Dallas_01,2024-10-26,128.32201085257248,138.8753670639264,147.644868496144,138.1883175251846
Tron-o-matic 4,Dallas_01,2024-10-27,105.57018104439483,114.17179776225636,124.8693374851081,114.47069798926417
Tron-o-matic 4,Dallas_01,2024-10-28,89.3057245760339,98.80723964063947,109.0999793638719,98.87357792503742
Tron-o-matic 4,Dallas_01,2024-10-29,86.67057782575539,96.61236778921685,107.4947798405974,96.71014773263916
Tron-o-matic 4,Dallas_01,2024-10-30,86.43491605628152,95.57837183256554,106.77712117912732,96.26081320274588
Tron-o-matic 4,Dallas_01,2024-10-31,120.92760154360526,132.51892825953428,140.5576885548512,132.1149022107597
Tron-o-matic 4,Dallas_01,2024-11-01,89.08085900524345,97.8950438365372,107.19194400648789,97.83901926897346
Tron-o-matic 4,Dallas_01,2024-11-02,105.98116013364614,116.12616401344201,126.4667230113987,116.94526431703436
Tron-o-matic 4,Dallas_01,2024-11-03,167.81655549381315,176.55222916513029,184.39022827193537,176.5589317702684
Tron-o-matic 4,Dallas_01,2024-11-04,87.0732430036701,96.41901580925789,106.11716240620615,96.54993671019558
Tron-o-matic 4,Dallas_01,2024-11-05,85.10137154148792,93.36559906396542,105.00884005357847,94.19740301415334
Tron-o-matic 4,Dallas_01,2024-11-06,163.62057351787536,176.86855956206867,187.40158473123483,175.7090331925947
Tron-o-matic 4,Dallas_01,2024-11-07,144.16407754624086,155.55014670370258,164.51652745265983,155.18828022273144
Tron-o-matic 4,Dallas_01,2024-11-08,85.26775737641337,92.95339551353663,103.95190968021308,93.64672757099072
Tron-o-matic 4,Dallas_01,2024-11-09,83.0429679465889,91.41652043054991,101.22738070134804,92.4502963209663
Tron-o-matic 4,Dallas_01,2024-11-10,82.08714203380893,92.99187490756623,103.5381519539409,92.59230847787826
Tron-o-matic 4,Dallas_01,2024-11-11,162.96337380352696,174.44203743166295,182.4355192717957,173.55012853169853
Tron-o-matic 4,Dallas_01,2024-11-12,81.64832505253754,92.11965443218328,101.0205913405417,91.55362708586038
Tron-o-matic 4,Dallas_01,2024-11-13,98.28584068266922,109.5772904568685,122.0693025111963,109.54016653387048
Tron-o-matic 4,Dallas_01,2024-11-14,83.51524634798145,92.09921366326743,99.97522272819606,92.29057616138739
Tron-o-matic 4,Dallas_01,2024-11-15,80.91874712186251,90.8177955878076,100.50243891172452,90.66341081106619
Tron-o-matic 4,Dallas_01,2024-11-16,81.47061835000149,91.52416392546213,101.3601462957841,91.10345229697147
Tron-o-matic 4,Dallas_01,2024-11-17,81.89806988234493,91.17948061390815,101.73377540262668,91.29759284666203
Tron-o-matic 4,Dallas_01,2024-11-18,83.27310594812522,93.9800606012148,101.63817714678468,92.88707099131467
Tron-o-matic 4,Dallas_01,2024-11-19,79.25498828210984,89.11104520659174,98.93412386392139,88.81708580607308
Tron-o-matic 4,Dallas_01,2024-11-20,80.19200715807906,91.31414030449501,102.02424876145386,90.9209619376613
Tron-o-matic 4,Dallas_01,2024-11-21,109.8956446174633,117.44427470658478,128.47283082686033,117.95599967118982
Tron-o-matic 4,Dallas_01,2024-11-22,80.87320123868656,89.41683385715538,99.15774839662897,89.72872040663734
Tron-o-matic 4,Dallas_01,2024-11-23,77.99296895565651,89.42865325859606,99.39452603458628,89.05456902110149
Tron-o-matic 4,Dallas_01,2024-11-24,80.62041398160196,90.41359901435507,100.48507925217449,90.48042314410881
Tron-o-matic 4,Dallas_01,2024-11-25,80.81563994803739,91.17436704193372,100.00398339544434,90.89969977517563
Tron-o-matic 4,Dallas_01,2024-11-26,168.48335085832394,180.46570439939833,188.32439130907608,179.29993520540134
Tron-o-matic 4,Dallas_01,2024-11-27,79.38314111211412,89.13638083471025,97.75253290055093,88.56636066336733
Tron-o-matic 4,Dallas_01,2024-11-28,80.61612435070259,90.33223401327176,101.99827191293835,90.96045990627988
Tron-o-matic 4,Dallas_01,2024-11-29,177.0672384035748,186.96912137571837,195.8716290380094,186.65044080248472
Tron-o-matic 4,Dallas_01,2024-11-30,80.87767818768832,92.08012027155216,101.8653576866623,91.25962706935792
Tron-o-matic 4,Dallas_01,2024-12-01,113.37059213320312,122.08412504901628,135.81381788992582,122.8209443119445
Tron-o-matic 4,Dallas_01,2024-12-02,81.38638889571548,92.07197672505724,103.04623113287957,92.37591256321373
Tron-o-matic 4,Dallas_01,2024-12-03,104.35203497059446,115.59505157311483,125.76344557901464,115.56824960223312
Tron-o-matic 4,Dallas_01,2024-12-04,78.77162868877157,88.65342885267127,99.67908899025315,88.66943781457385
Tron-o-matic 4,Dallas_01,2024-12-05,82.70394457578266,91.22949393693841,100.6855596064481,91.03244893174042
Tron-o-matic 4,Dallas_01,2024-12-06,82.79270194566604,91.32669066801023,102.0860896391276,91.66545656109612
Tron-o-matic 4,Dallas_01,2024-12-07,79.88416901211589,90.71541318958731,97.77787598572003,89.80602181081952
Tron-o-matic 4,Dallas_01,2024-12-08,160.55230021985548,170.67321606502296,180.5019644661537,170.57083620246638
Tron-o-matic 4,Dallas_01,2024-12-09,79.47961582944448,91.25464689742928,99.72652600188835,91.02466774400696
Tron-o-matic 4,Dallas_01,2024-12-10,98.92742956441657,110.16432069784976,120.88675851982461,110.22140048548907
Tron-o-matic 4,Dallas_01,2024-12-11,162.88733794883385,173.67502717396914,181.36659174347741,172.92252329512118
Tron-o-matic 4,Dallas_01,2024-12-12,83.22655995900236,90.91464034709891,100.2371828284293,91.36150308217958
Tron-o-matic 4,Dallas_01,2024-12-13,83.11453910748035,91.81187008764363,100.75841186844752,91.72183024997749
Tron-o-matic 4,Dallas_01,2024-12-14,119.24988380894389,129.17881658229228,139.69050240785717,129.63896351120005
Tron-o-matic 4,Dallas_01,2024-12-15,165.43136951311578,172.7173851056304,184.37309612822403,173.8682032484747
Tron-o-matic 4,Dallas_01,2024-12-16,83.31619776415351,93.06763755190678,103.56455436777279,93.72760852748279
Tron-o-matic 4,Dallas_01,2024-12-17,81.01506976053551,91.1314243693704,98.77699040362707,90.28882871138566
Tron-o-matic 4,Dallas_01,2024-12-18,84.52507856248197,92.1469969432591,103.46851409120893,92.52031730505944
Tron-o-matic 4,Dallas_01,2024-12-19,99.07246226954452,110.38180975437639,119.4042339033754,110.43999592204746
Tron-o-matic 4,Dallas_01,2024-12-20,82.94438455648464,93.61124880007182,102.21065660582816,93.1903947019428
Tron-o-matic 4,Dallas_01,2024-12-21,83.29903962946872,91.99484220598677,103.81150878697797,92.84648634600927
Tron-o-matic 4,Dallas_01,2024-12-22,82.55399500383363,93.68119239232841,102.54053525968223,93.33361642830042
Tron-o-matic 4,Dallas_01,2024-12-23,83.62520012584218,95.00008125620403,103.9709886289373,94.04414191088976
Tron-o-matic 4,Dallas_01,2024-12-24,79.92291088875191,89.8450743921951,101.72675373106982,90.53750991247676
Tron-o-matic 4,Dallas_01,2024-12-25,82.64767225843293,93.36681512137692,103.5414440160717,93.27667809080793
Tron-o-matic 4,Dallas_01,2024-12-26,124.16892417846014,132.4912791467377,143.42863895453698,132.70201309837336
Tron-o-matic 4,Dallas_01,2024-12-27,85.17789094372591,96.28693486954667,106.30303892145153,96.35735581820012
Tron-o-matic 4,Dallas_01,2024-12-28,86.22345123487054,95.37791341289329,107.59895103774292,96.0349870818911
Tron-o-matic 4,Dallas_01,2024-12-29,122.48648393189002,133.4448842673959,142.72212149679564,133.01533165002212
Tron-o-matic 4,Dallas_01,2024-12-30,168.69467348379533,179.75191274954645,190.36721044079846,179.47080727524593
Tron-o-matic 4,Dallas_01,2024-12-31,111.5008873356494,121.60997812982568,132.0498642613617,121.64872433285444
Tron-o-matic 4 Pro,NewYork_01,2024-10-01,47.47968169945385,52.71296822620266,57.221799463110955,52.79524022008032
Tron-o-matic 4 Pro,NewYork_01,2024-10-02,48.08069388875802,52.22778197459406,56.28977040513216,52.238371237607396
Tron-o-matic 4 Pro,NewYork_01,2024-10-03,58.07363540582905,61.590412814232025,65.56964680607089,61.80794490403198
Tron-o-matic 4 Pro,NewYork_01,2024-10-04,48.8327906270321,52.62255972418053,56.4325918778315,52.67619939075855
Tron-o-matic 4 Pro,NewYork_01,2024-10-05,47.770447500861984,52.06685839977872,55.829214436772475,52.05225934246915
Tron-o-matic 4 Pro,NewYork_01,2024-10-06,61.15265269544704,65.25385777895026,69.35294264809134,65.2635554107655
Tron-o-matic 4 Pro,NewYork_01,2024-10-07,55.848970401422434,60.112934132850704,64.6805130519117,60.14004672577048
Tron-o-matic 4 Pro,NewYork_01,2024-10-08,48.205955422778366,52.650630187075166,56.374288883571666,52.44586202015145
Tron-o-matic 4 Pro,NewYork_01,2024-10-09,46.88049705545526,52.15129481841312,56.5167684525606,52.19555945018569
Tron-o-matic 4 Pro,NewYork_01,2024-10-10,53.81230911448234,58.64113694820102,62.07780910540435,58.27791090867012
Tron-o-matic 4 Pro,NewYork_01,2024-10-11,47.77409763080392,52.34770059626374,56.73015765155208,52.22314282764399
Tron-o-matic 4 Pro,NewYork_01,2024-10-12,56.14011193651026,59.58404456664768,63.918949244618325,59.68645895438236
Tron-o-matic 4 Pro,NewYork_01,2024-10-13,62.41809074431754,66.3200852848116,70.05549122249904,66.2873942751637
Tron-o-matic 4 Pro,NewYork_01,2024-10-14,70.69250233257326,76.77837328243537,81.74105783891531,76.70561142634611
Tron-o-matic 4 Pro,NewYork_01,2024-10-15,69.0587820083172,73.41766514160193,76.71768066842559,73.2624859630609
Tron-o-matic 4 Pro,NewYork_01,2024-10-16,46.75282225341381,51.38679631432782,54.9465330844034,50.97096052520992
Tron-o-matic 4 Pro,NewYork_01,2024-10-17,48.269537569756125,51.30851741030201,55.85516574843919,51.83280298210555
Tron-o-matic 4 Pro,NewYork_01,2024-10-18,47.98798233101557,52.05709160396029,56.103353384919124,51.92445328124557
Tron-o-matic 4 Pro,NewYork_01,2024-10-19,55.909222544979436,61.034616303261565,64.6560460034004,60.779081355026
Tron-o-matic 4 Pro,NewYork_01,2024-10-20,46.3551334191847,50.97732040333264,53.93157816934892,50.574635626766685
Tron-o-matic 4 Pro,NewYork_01,2024-10-21,47.270202954814565,51.86747002621232,56.01341781922343,51.68882527335943
Tron-o-matic 4 Pro,NewYork_01,2024-10-22,78.5456648642017,82.68450721000532,86.09770339627714,82.52542004188021
Tron-o-matic 4 Pro,NewYork_01,2024-10-23,68.80579324812936,71.97099926105194,77.2084301489646,72.56052119533618
Tron-o-matic 4 Pro,NewYork_01,2024-10-24,46.53823738858237,50.50211649930404,54.721514509054046,50.57826934245122
Tron-o-matic 4 Pro,NewYork_01,2024-10-25,69.41193722219307,73.20310545691834,78.0652322223505,73.62320767512317
Tron-o-matic 4 Pro,NewYork_01,2024-10-26,45.780703023192494,50.50970136614719,54.98591062099723,50.37306504566312
Tron-o-matic 4 Pro,NewYork_01,2024-10-27,50.01992034756933,54.80418704269571,59.17429693745173,54.751420648542044
Tron-o-matic 4 Pro,NewYork_01,2024-10-28,53.00996132721463,57.72788991205678,60.728694769020386,57.37199060191557
Tron-o-matic 4 Pro,NewYork_01,2024-10-29,46.49460372058536,49.60722328967245,53.63828310568611,49.8189995713557
Tron-o-matic 4 Pro,NewYork_01,2024-10-30,45.098830328856394,48.60216030578004,52.91685688229768,48.63946311044644
Tron-o-matic 4 Pro,NewYork_01,2024-10-31,59.38587304149119,64.43797588364012,67.90490550051945,63.86705280868967
Tron-o-matic 4 Pro,NewYork_01,2024-11-01,45.18967606375382,48.45812462436673,52.1958430905841,48.579799933226084
Tron-o-matic 4 Pro,NewYork_01,2024-11-02,65.0744349810374,69.65797716776252,74.96714231204281,69.84954205584117
Tron-o-matic 4 Pro,NewYork_01,2024-11-03,45.330663905497104,48.25773721337214,52.061510001125164,48.2748698413376
Tron-o-matic 4 Pro,NewYork_01,2024-11-04,70.15220142696862,74.25829491422951,79.24319172210232,74.78127139662186
Tron-o-matic 4 Pro,NewYork_01,2024-11-05,55.432157667724056,60.33139585293066,65.10156901283804,60.02374105676694
Tron-o-matic 4 Pro,NewYork_01,2024-11-06,69.55793177332464,73.75173035706133,78.45965319977108,73.95299825466277
Tron-o-matic 4 Pro,NewYork_01,2024-11-07,43.117732370096554,47.42282201905312,50.782760223113094,47.08465646436153
Tron-o-matic 4 Pro,NewYork_01,2024-11-08,48.90779103814142,53.475057883041636,57.64770174363363,53.33426098909678
Tron-o-matic 4 Pro,NewYork_01,2024-11-09,56.531501607667856,60.70934662953385,64.40173686329697,60.818233338940324
Tron-o-matic 4 Pro,NewYork_01,2024-11-10,42.02126512098349,46.148325515651145,49.8742998293449,45.874132595822445
Tron-o-matic 4 Pro,NewYork_01,2024-11-11,65.79019582975435,70.02713827033887,75.12649424252974,69.99953935187304
Tron-o-matic 4 Pro,NewYork_01,2024-11-12,41.67192905805335,45.395714092417585,49.45988304929995,45.51221471362883
Tron-o-matic 4 Pro,NewYork_01,2024-11-13,41.42979006683658,45.62290872774575,49.61189592163245,45.54352834984966
Tron-o-matic 4 Pro,NewYork_01,2024-11-14,41.524628130217536,45.86810996205698,49.48827454101202,45.53929589063283
Tron-o-matic 4 Pro,NewYork_01,2024-11-15,41.71348401084674,46.27526975722113,50.64537537400919,46.03900545430581
Tron-o-matic 4 Pro,NewYork_01,2024-11-16,67.54271742250624,71.93543225363929,76.4848785707428,72.26982210894398
Tron-o-matic 4 Pro,NewYork_01,2024-11-17,52.64727692042138,57.174317204224394,61.73896421869267,56.98889915798321
Tron-o-matic 4 Pro,NewYork_01,2024-11-18,67.13997711211938,72.9445400524114,77.11547554661577,72.33668113434938
Tron-o-matic 4 Pro,NewYork_01,2024-11-19,41.056976388517796,44.595717159956116,47.97312198603533,44.606665725590766
Tron-o-matic 4 Pro,NewYork_01,2024-11-20,74.5091156694255,78.20313261536131,82.6077016092979,78.04735522315238
Tron-o-matic 4 Pro,NewYork_01,2024-11-21,39.816958626775055,45.227566778502734,49.62524791896058,45.1440678736062
Tron-o-matic 4 Pro,NewYork_01,2024-11-22,41.2263979187961,45.451403866586034,49.32330713470471,45.23997050564305
Tron-o-matic 4 Pro,NewYork_01,2024-11-23,41.22792935168775,45.31470566671667,49.37534036095715,45.20572958243628
Tron-o-matic 4 Pro,NewYork_01,2024-11-24,40.310641843686035,44.333358299087294,48.822740377197086,44.41823109141689
Tron-o-matic 4 Pro,NewYork_01,2024-11-25,71.99755307585913,75.14311495366528,79.64213940538818,75.47181759026122
Tron-o-matic 4 Pro,NewYork_01,2024-11-26,41.82734463056684,45.05885152294842,49.357959186710175,45.226123292475805
Tron-o-matic 4 Pro,NewYork_01,2024-11-27,40.537387823771056,44.69350768850414,49.82984066787084,45.333033716874944
Tron-o-matic 4 Pro,NewYork_01,2024-11-28,41.47048622086359,46.37396401578433,49.851489502923265,45.86186890988132
Tron-o-matic 4 Pro,NewYork_01,2024-11-29,74.61947049067174,79.95215800959853,84.26768406439643,79.66475398951486
Tron-o-matic 4 Pro,NewYork_01,2024-11-30,42.467984943817086,46.56662240443048,51.04882287651464,46.62249773758816
Tron-o-matic 4 Pro,NewYork_01,2024-12-01,41.60788067813057,46.06686077150853,49.27124362262904,45.7909975815415
Tron-o-matic 4 Pro,NewYork_01,2024-12-02,42.279384171819885,46.61571933877008,50.826864686140965,46.66918169032608
Tron-o-matic 4 Pro,NewYork_01,2024-12-03,51.45726775235504,55.38732972698557,60.04731810644141,55.57696961688287
Tron-o-matic 4 Pro,NewYork_01,2024-12-04,42.28474408529497,45.90135672209141,50.088526388335836,46.2254928124887
Tron-o-matic 4 Pro,NewYork_01,2024-12-05,42.07047801597085,46.10842635907923,50.68323153081614,46.34005576692435
Tron-o-matic 4 Pro,NewYork_01,2024-12-06,42.44087745076302,46.82560565710928,50.557883438244644,46.75090370335429
Tron-o-matic 4 Pro,NewYork_01,2024-12-07,57.709228464798414,61.61107528407644,66.26577756404939,61.8106100974706
Tron-o-matic 4 Pro,NewYork_01,2024-12-08,51.60774275364521,55.6426814115067,59.77121828938309,55.63402612010804
Tron-o-matic 4 Pro,NewYork_01,2024-12-09,73.35027507295915,76.73566982666061,79.87219541692241,76.53888861069167
Tron-o-matic 4 Pro,NewYork_01,2024-12-10,41.66475649230892,46.48507532302365,50.72018751064031,46.45520105626127
Tron-o-matic 4 Pro,NewYork_01,2024-12-11,41.9759454391182,45.84559199582514,51.198018054027294,46.0002321180832
Tron-o-matic 4 Pro,NewYork_01,2024-12-12,67.51523308826351,71.99984745906373,75.50947398737547,71.68538682285698
Tron-o-matic 4 Pro,NewYork_01,2024-12-13,42.210681644474036,47.24580032752587,51.696191817637484,47.292653324744286
Tron-o-matic 4 Pro,NewYork_01,2024-12-14,50.91051965997688,55.641392160954524,60.42766962021851,55.80967554060642
Tron-o-matic 4 Pro,NewYork_01,2024-12-15,41.29692372803912,46.51893006764142,50.48011515026752,46.049234557470015
Tron-o-matic 4 Pro,NewYork_01,2024-12-16,42.58355409626424,46.756059796416984,51.24378186785929,46.61922830781698
Tron-o-matic 4 Pro,NewYork_01,2024-12-17,41.4271379908147,45.90855404573631,50.9583512456597,45.90773162426942
Tron-o-matic 4 Pro,NewYork_01,2024-12-18,41.50706274621691,46.045340636014735,50.41537234517223,45.916986651941514
Tron-o-matic 4 Pro,NewYork_01,2024-12-19,47.10427194181423,51.625000805954286,56.49282272416781,51.79760692602822
Tron-o-matic 4 Pro,NewYork_01,2024-12-20,42.1120195016732,47.10694329301206,51.29075846148616,46.78741258938512
Tron-o-matic 4 Pro,NewYork_01,2024-12-21,67.1044365061433,71.30683474551871,76.53239725549945,71.36233757321519
Tron-o-matic 4 Pro,NewYork_01,2024-12-22,41.778946702622136,45.59940835299173,49.86803356055198,45.77775793659591
Tron-o-matic 4 Pro,NewYork_01,2024-12-23,48.126440762627276,52.4797538498897,56.9661601155026,52.33839563125445
Tron-o-matic 4 Pro,NewYork_01,2024-12-24,41.07194089730081,45.76828547301107,50.522699481809596,45.74662118623106
Tron-o-matic 4 Pro,NewYork_01,2024-12-25,42.51550527918638,46.334268717354085,50.50900910614759,46.29816335750348
Tron-o-matic 4 Pro,NewYork_01,2024-12-26,69.14537324668105,73.53502674375227,76.86246694782476,73.35497541311732
Tron-o-matic 4 Pro,NewYork_01,2024-12-27,66.53680409359586,70.15159562426338,74.08664888077527,70.27902546812341
Tron-o-matic 4 Pro,NewYork_01,2024-12-28,42.057168876476595,46.836380984754975,50.40193582299183,46.35385199202262
Tron-o-matic 4 Pro,NewYork_01,2024-12-29,70.62047956632793,75.62984133013649,79.88528070627481,75.62535114629392
Tron-o-matic 4 Pro,NewYork_01,2024-12-30,56.46364502942029,61.01525998786619,65.55376311049554,61.172825143504454
Tron-o-matic 4 Pro,NewYork_01,2024-12-31,50.80000267568531,54.60600019265767,59.465989639304325,55.1815054428364
Tron-o-matic 4,Atlanta_01,2024-10-01,73.44438417411772,81.11282407529096,88.15732374801657,81.35476048584502
Tron-o-matic 4,Atlanta_01,2024-10-02,98.95493019322865,106.97975594416866,112.83160047495939,106.48126014395837
Tron-o-matic 4,Atlanta_01,2024-10-03,73.68005699147102,81.63011582407158,88.50399818655053,81.43323771061527
Tron-o-matic 4,Atlanta_01,2024-10-04,132.05444252164278,138.43188016853495,146.84917436643758,139.3563389808631
Tron-o-matic 4,Atlanta_01,2024-10-05,103.03983809971328,111.83760332807601,117.52024667132962,111.1051000399658
Tron-o-matic 4,Atlanta_01,2024-10-06,72.16216667343208,80.43788920241803,88.22590420898162,79.73553577378158
Tron-o-matic 4,Atlanta_01,2024-10-07,75.85232557247959,82.47141794757171,89.7936578980706,82.22950149762615
Tron-o-matic 4,Atlanta_01,2024-10-08,73.39244611914391,80.86016103582837,88.00948229140042,80.59026647943068
Tron-o-matic 4,Atlanta_01,2024-10-09,137.5808344116774,144.74873570856934,152.49505750250995,144.5492038010752
Tron-o-matic 4,Atlanta_01,2024-10-10,75.24241778066965,82.7875489865629,89.57965757278151,82.18325531986899
Tron-o-matic 4,Atlanta_01,2024-10-11,74.43105300076887,80.91515085649777,87.41726298812691,80.93674607835506
Tron-o-matic 4,Atlanta_01,2024-10-12,96.09796329759654,104.70488506459395,112.9688487829929,104.47814312119692
Tron-o-matic 4,Atlanta_01,2024-10-13,71.39625937638043,78.5078905944166,86.52029792244754,78.62859305763187
Tron-o-matic 4,Atlanta_01,2024-10-14,97.36227104023213,103.19475640692988,108.62871424614272,102.86607838904787
Tron-o-matic 4,Atlanta_01,2024-10-15,72.19625930046165,79.54660719302305,87.4666867192668,79.68258927121394
Tron-o-matic 4,Atlanta_01,2024-10-16,69.62998165550992,80.17362325510871,88.80515586042615,80.09257237802663
Tron-o-matic 4,Atlanta_01,2024-10-17,91.7169046598169,99.33873085331388,106.84556726994587,99.28458873328029
Tron-o-matic 4,Atlanta_01,2024-10-18,72.30371854542608,80.54952093874762,89.1177120138448,80.49477807276836
Tron-o-matic 4,Atlanta_01,2024-10-19,94.12327107976697,102.61150725024987,109.90187452242976,102.41370977423043
Tron-o-matic 4,Atlanta_01,2024-10-20,71.11159591950344,77.93982622821616,87.09088270189517,78.2246952183269
Tron-o-matic 4,Atlanta_01,2024-10-21,71.01797652285134,79.35655295534336,86.51697161643582,78.92049354292797
Tron-o-matic 4,Atlanta_01,2024-10-22,137.70021990190546,146.1524122636228,153.45485171803966,145.52136473618256
Tron-o-matic 4,Atlanta_01,2024-10-23,128.74257915801414,136.20719730535822,143.86761972547808,136.4015241281106
Tron-o-matic 4,Atlanta_01,2024-10-24,70.5706023790488,79.11334996883748,86.5109983867084,78.47787872977872
Tron-o-matic 4,Atlanta_01,2024-10-25,70.99104331147814,78.09463892036791,88.98209324244122,78.96830362569301
Tron-o-matic 4,Atlanta_01,2024-10-26,100.09486315150664,108.20109301930216,115.58508868418707,107.89611627525386
Tron-o-matic 4,Atlanta_01,2024-10-27,82.39948326996416,88.27951435671028,95.26637758585804,88.7451065277715
Tron-o-matic 4,Atlanta_01,2024-10-28,69.9878579341054,78.54869543881081,85.0572692769378,78.17733711751137
Tron-o-matic 4,Atlanta_01,2024-10-29,68.08205853405916,75.64264478773889,83.885350968393,75.95762097560032
Tron-o-matic 4,Atlanta_01,2024-10-30,69.84104753058485,76.8493833470487,85.41798737188209,76.84156865591346
Tron-o-matic 4,Atlanta_01,2024-10-31,93.53946761599116,103.78651111718817,110.82725689215015,102.98232978815396
Tron-o-matic 4,Atlanta_01,2024-11-01,70.32058825717002,76.6761606602179,84.54540414416712,77.01718119639699
Tron-o-matic 4,Atlanta_01,2024-11-02,81.79051281827392,90.93403655008704,99.58097572154004,90.6500371506385
Tron-o-matic 4,Atlanta_01,2024-11-03,129.40345614401213,136.49289192872016,143.54599312761832,136.4591016379622
Tron-o-matic 4,Atlanta_01,2024-11-04,68.066848990928,75.4666887346435,82.85627124246257,75.31514483375855
Tron-o-matic 4,Atlanta_01,2024-11-05,66.91297680693825,74.21906972174921,82.23804714271179,74.4792399339701
Tron-o-matic 4,Atlanta_01,2024-11-06,129.60406044859565,137.88968711463332,145.1159379359968,137.57173394295558
Tron-o-matic 4,Atlanta_01,2024-11-07,111.70910148679434,119.24681120988267,126.78152953503559,119.04919085998648
Tron-o-matic 4,Atlanta_01,2024-11-08,63.81984238002457,72.64268184584299,79.17541364011146,72.17716368375241
Tron-o-matic 4,Atlanta_01,2024-11-09,66.22836570407347,73.52993332611648,81.45150355577115,73.68561341402219
Tron-o-matic 4,Atlanta_01,2024-11-10,64.56809107818742,71.39676968417405,77.32327707502776,71.12341869849013
Tron-o-matic 4,Atlanta_01,2024-11-11,126.29583313784687,134.0460617212986,141.79920720763673,134.15004417530855
Tron-o-matic 4,Atlanta_01,2024-11-12,60.95947026189084,69.95815558702994,77.957442856781,69.76736523115775
Tron-o-matic 4,Atlanta_01,2024-11-13,77.54420657136671,85.15025749876146,93.53928443780829,85.19778801371449
Tron-o-matic 4,Atlanta_01,2024-11-14,64.5866742123543,70.6660396021069,77.41806048176433,70.47777517344943
Tron-o-matic 4,Atlanta_01,2024-11-15,62.12448508523659,70.51819151789675,77.99354824224112,70.12519424666053
Tron-o-matic 4,Atlanta_01,2024-11-16,60.17569505808038,69.0952299822025,75.24689728156545,68.4661959087806
Tron-o-matic 4,Atlanta_01,2024-11-17,61.68448952383759,70.01877010739031,78.5641701805459,69.67203478651281
Tron-o-matic 4,Atlanta_01,2024-11-18,61.46514456888804,70.03312180271836,78.02119057406297,69.69837967953083
Tron-o-matic 4,Atlanta_01,2024-11-19,60.764328447108525,68.47199194313268,76.90732816788088,68.68356677487597
Tron-o-matic 4,Atlanta_01,2024-11-20,60.13329285751439,67.82504504270749,75.68418414691472,68.13272995178261
Tron-o-matic 4,Atlanta_01,2024-11-21,82.51898670127855,89.45845606761581,97.89472112593087,90.25835485596461
Tron-o-matic 4,Atlanta_01,2024-11-22,61.52024751614909,69.54079344367254,75.9456825747465,69.09469794895003
Tron-o-matic 4,Atlanta_01,2024-11-23,60.585485129337144,67.9657708154813,76.57973909202572,68.344824499505
Tron-o-matic 4,Atlanta_01,2024-11-24,61.24988584090161,68.08960720120372,75.11421334467225,67.95802317517771
Tron-o-matic 4,Atlanta_01,2024-11-25,63.76330576632856,70.62439935759043,79.62660597948795,70.91285505727538
Tron-o-matic 4,Atlanta_01,2024-11-26,131.09901472158177,139.5270715125713,145.55161913709287,138.96250794522587
Tron-o-matic 4,Atlanta_01,2024-11-27,61.191208854582,68.97628463887467,75.91425813810471,68.57095855166506
Tron-o-matic 4,Atlanta_01,2024-11-28,60.89948913073353,69.07310098570326,78.1034575503241,68.81549397155932
Tron-o-matic 4,Atlanta_01,2024-11-29,136.15739343437997,142.64690424228712,152.4741666361514,143.2369406987436
Tron-o-matic 4,Atlanta_01,2024-11-30,62.005155824610675,70.63588905091055,78.54234526351935,70.60813575600028
Tron-o-matic 4,Atlanta_01,2024-12-01,87.62358628234456,94.43830211303097,101.91888876469197,94.34360033831716
Tron-o-matic 4,Atlanta_01,2024-12-02,62.00204259973958,70.10360830782773,78.62356383677468,70.26657582437758
Tron-o-matic 4,Atlanta_01,2024-12-03,82.53832728250971,90.22144193441218,98.62785332425844,90.21023177831174
Tron-o-matic 4,Atlanta_01,2024-12-04,61.0261989894948,71.03974472946656,79.29674821883344,70.1825630976439
Tron-o-matic 4,Atlanta_01,2024-12-05,61.1144615103483,69.78534211302771,78.4868703963781,69.95299156954796
Tron-o-matic 4,Atlanta_01,2024-12-06,63.18119330244109,70.73814495037706,78.67768657827972,70.394266934919
Tron-o-matic 4,Atlanta_01,2024-12-07,64.58782751312293,70.18740453954402,77.79467943701577,70.90470108845089
Tron-o-matic 4,Atlanta_01,2024-12-08,124.5539370280964,132.5889313562566,140.33038314503503,131.90644492533522
Tron-o-matic 4,Atlanta_01,2024-12-09,62.78339907247893,71.2511486046013,79.84001638828506,71.23884912621963
Tron-o-matic 4,Atlanta_01,2024-12-10,76.87570982836316,85.33603947746356,93.25573233964614,85.18221344504788
Tron-o-matic 4,Atlanta_01,2024-12-11,128.59004797664866,134.40262221301015,142.13715030186506,134.65211567616396
Tron-o-matic 4,Atlanta_01,2024-12-12,61.88453726213824,70.2070866968096,77.20104230681227,69.82221447663525
Tron-o-matic 4,Atlanta_01,2024-12-13,62.67633513393123,70.91420360609276,78.76779912312253,70.8906658220395
Tron-o-matic 4,Atlanta_01,2024-12-14,91.42831781353743,100.02029643806372,106.76961522518033,99.84265235227205
Tron-o-matic 4,Atlanta_01,2024-12-15,124.94209377533363,132.69391938578613,141.50275417605124,132.64886088434702
Tron-o-matic 4,Atlanta_01,2024-12-16,62.53420174256272,71.67211439883515,78.69634700154313,70.81787489170426
Tron-o-matic 4,Atlanta_01,2024-12-17,63.37769373480609,70.57167934050929,76.84957544641617,70.4633214886008
Tron-o-matic 4,Atlanta_01,2024-12-18,62.35995516094577,70.42876373104171,78.26238353641631,70.07749087778097
Tron-o-matic 4,Atlanta_01,2024-12-19,75.57552392571361,83.53197344430156,90.9345495045329,83.424517241567
Tron-o-matic 4,Atlanta_01,2024-12-20,64.12617800066656,69.42872183763086,76.98093209050334,69.58261714645553
Tron-o-matic 4,Atlanta_01,2024-12-21,63.59468276895885,69.8923040855378,77.9377331936918,70.49202721097726
Tron-o-matic 4,Atlanta_01,2024-12-22,62.22194227062622,70.99389605920078,77.05719180867412,70.70432376439645
Tron-o-matic 4,Atlanta_01,2024-12-23,63.71250928053553,71.89218633969621,79.27432599766483,71.49533625841318
Tron-o-matic 4,Atlanta_01,2024-12-24,62.315476727251195,69.03636491136446,77.12724792170911,69.36056622552665
Tron-o-matic 4,Atlanta_01,2024-12-25,61.540026022498886,69.45840645977721,77.64124540173356,69.5378455447199
Tron-o-matic 4,Atlanta_01,2024-12-26,94.20897492033377,100.8938728824716,107.44304861696342,101.09446389933817
Tron-o-matic 4,Atlanta_01,2024-12-27,64.74566882608019,71.91769830943059,79.68194883470281,71.91585313145646
Tron-o-matic 4,Atlanta_01,2024-12-28,60.17755602943233,70.00899005478207,78.92791310745248,69.8978905428486
Tron-o-matic 4,Atlanta_01,2024-12-29,93.1375560863703,100.81040929843532,109.78456572987199,100.91553190235038
Tron-o-matic 4,Atlanta_01,2024-12-30,128.91254155451026,135.56244081145854,143.0841426918473,135.89684510626913
Tron-o-matic 4,Atlanta_01,2024-12-31,86.63054793121599,93.3863794392527,100.97551391508122,93.41659425769107
Tron-o-matic 4 Pro,WashingtonDC_01,2024-10-01,29.98624301692316,32.505260111782576,35.13352388860188,32.58006364049748
Tron-o-matic 4 Pro,WashingtonDC_01,2024-10-02,29.807278251643368,32.6620212441853,34.97813945410843,32.693499199118236
Tron-o-matic 4 Pro,WashingtonDC_01,2024-10-03,35.90686431649822,38.51673054314492,40.88981128853676,38.48655153414533
Tron-o-matic 4 Pro,WashingtonDC_01,2024-10-04,29.828605494453626,32.411578408738706,35.025927237946235,32.43899120474419
Tron-o-matic 4 Pro,WashingtonDC_01,2024-10-05,30.82246324621832,32.79367509212296,34.925484754235164,32.89460038842843
Tron-o-matic 4 Pro,WashingtonDC_01,2024-10-06,38.2267805132446,40.78344383932462,43.007566406537705,40.661183951016355
Tron-o-matic 4 Pro,WashingtonDC_01,2024-10-07,34.33067621158271,37.3853176930287,39.995794263020535,37.19945072779504
Tron-o-matic 4 Pro,WashingtonDC_01,2024-10-08,29.322261943231307,32.0506656119739,34.81914477927673,32.121190884144525
Tron-o-matic 4 Pro,WashingtonDC_01,2024-10-09,29.337845756588912,32.187326989109465,34.42031441986159,32.16712609801855
Tron-o-matic 4 Pro,WashingtonDC_01,2024-10-10,33.82292959699238,36.299723953449934,38.56553544765022,36.2273231435789
Tron-o-matic 4 Pro,WashingtonDC_01,2024-10-11,29.310986190537957,32.098604972864074,34.083216449113564,31.90092906806389
Tron-o-matic 4 Pro,WashingtonDC_01,2024-10-12,34.267565367275985,36.407600443095895,39.032943461736636,36.58619805665963
Tron-o-matic 4 Pro,WashingtonDC_01,2024-10-13,38.45672458409477,40.99707093405753,43.86305650653592,41.07995864765959
Tron-o-matic 4 Pro,WashingtonDC_01,2024-10-14,43.84426197548107,46.46537509707769,49.28761722878214,46.552958423501515
Tron-o-matic 4 Pro,WashingtonDC_01,2024-10-15,43.005726055645404,45.330330211100076,48.04402774659435,45.36472915966808
Tron-o-matic 4 Pro,WashingtonDC_01,2024-10-16,30.030940356738807,32.172799900920666,34.1318474685548,32.10129809217948
Tron-o-matic 4 Pro,WashingtonDC_01,2024-10-17,29.13046821767562,32.007851807354264,33.98303519071818,31.81674275824906
Tron-o-matic 4 Pro,WashingtonDC_01,2024-10-18,28.879316450024433,31.38199776548049,34.43640706338895,31.575142363524815
Tron-o-matic 4 Pro,WashingtonDC_01,2024-10-19,34.73916519676038,37.80913830116269,40.12998056085501,37.639485152779244
Tron-o-matic 4 Pro,WashingtonDC_01,2024-10-20,29.038160161165017,31.294955647978906,33.847595151864,31.34232434694478
Tron-o-matic 4 Pro,WashingtonDC_01,2024-10-21,28.622963676032175,31.294039721893586,33.45414937215801,31.151366856497507
Tron-o-matic 4 Pro,WashingtonDC_01,2024-10-22,48.88113902206804,51.32345897467906,53.7791032909791,51.22655850630613
Tron-o-matic 4 Pro,WashingtonDC_01,2024-10-23,42.11668447251096,45.46247351616499,48.368684811682144,45.28872749078978
Tron-o-matic 4 Pro,WashingtonDC_01,2024-10-24,29.241414130841193,31.084605616601316,33.484819609375236,31.333230427487234
Tron-o-matic 4 Pro,WashingtonDC_01,2024-10-25,42.4865972725784,45.398049106513646,48.27557064865071,45.3630633133291
Tron-o-matic 4 Pro,WashingtonDC_01,2024-10-26,28.72768968513342,31.612987626521495,34.118627611259825,31.421690157620418
Tron-o-matic 4 Pro,WashingtonDC_01,2024-10-27,30.817219153782624,34.23365204407443,36.4924469507942,33.87476633609367
Tron-o-matic 4 Pro,WashingtonDC_01,2024-10-28,33.54310572774479,35.75288526388674,38.30790617163652,35.921885107604986
Tron-o-matic 4 Pro,WashingtonDC_01,2024-10-29,28.27117082889242,30.45161986266421,33.472976022178365,30.68202071676957
Tron-o-matic 4 Pro,WashingtonDC_01,2024-10-30,27.676706963201397,30.445255245984182,33.63657127164721,30.539276817028195
Tron-o-matic 4 Pro,WashingtonDC_01,2024-10-31,37.39394046219838,39.761404540499434,42.68721574203766,39.80328143707668
Tron-o-matic 4 Pro,WashingtonDC_01,2024-11-01,27.27264779226009,30.331978593214615,33.554937961161706,30.28641328409866
Tron-o-matic 4 Pro,WashingtonDC_01,2024-11-02,41.28159689988486,44.07506224273164,46.48668575472605,43.93346148801968
Tron-o-matic 4 Pro,WashingtonDC_01,2024-11-03,27.696393644087845,30.33530383806855,32.60649497510396,30.242694645453344
Tron-o-matic 4 Pro,WashingtonDC_01,2024-11-04,44.11153993010779,46.355141778878306,48.63718473281554,46.38309673717204
Tron-o-matic 4 Pro,WashingtonDC_01,2024-11-05,34.55550159415855,37.40636665703062,39.886848866456354,37.44541352669099
Tron-o-matic 4 Pro,WashingtonDC_01,2024-11-06,44.263284976809466,46.868076083998375,49.519742307230764,46.913060915154084
Tron-o-matic 4 Pro,WashingtonDC_01,2024-11-07,27.095296134196587,29.25756740511029,31.614222786233423,29.174877616259863
Tron-o-matic 4 Pro,WashingtonDC_01,2024-11-08,30.37210633782125,33.22234741719122,35.463114116786215,33.071087529959776
Tron-o-matic 4 Pro,WashingtonDC_01,2024-11-09,35.98929505290979,38.4373017368609,40.00125825571642,38.13278399389307
Tron-o-matic 4 Pro,WashingtonDC_01,2024-11-10,26.074527613698823,28.717958245831785,31.46949537169286,28.764928456406174
Tron-o-matic 4 Pro,WashingtonDC_01,2024-11-11,41.15939730175997,43.67500262680484,46.416003244648365,43.68655395567697
Tron-o-matic 4 Pro,WashingtonDC_01,2024-11-12,26.228777447543425,28.822697011725438,31.14210554086778,28.74820901599993
Tron-o-matic 4 Pro,WashingtonDC_01,2024-11-13,26.281320687697974,28.670996682983585,30.906853523408213,28.67480604852543
Tron-o-matic 4 Pro,WashingtonDC_01,2024-11-14,26.495881111795164,29.06195685353556,31.117554767969697,28.88078754028062
Tron-o-matic 4 Pro,WashingtonDC_01,2024-11-15,25.56894168198445,28.422795343813984,30.757552377114393,28.36318464423342
Tron-o-matic 4 Pro,WashingtonDC_01,2024-11-16,42.83098935645257,45.25400078668454,47.73470726058076,45.250688535824864
Tron-o-matic 4 Pro,WashingtonDC_01,2024-11-17,33.93969460539314,36.019656408317765,38.44622247389992,36.07362011174396
Tron-o-matic 4 Pro,WashingtonDC_01,2024-11-18,42.712229079904446,45.234973552987356,47.632502729485374,45.0994670977706
Tron-o-matic 4 Pro,WashingtonDC_01,2024-11-19,25.55264794340353,28.07143185311013,29.995697146181172,27.903229209255088
Tron-o-matic 4 Pro,WashingtonDC_01,2024-11-20,46.218942688362084,48.94695585542613,51.67616743512811,49.00771391602185
Tron-o-matic 4 Pro,WashingtonDC_01,2024-11-21,26.045955725082315,28.6286811246519,30.780945019668096,28.670578276350835
Tron-o-matic 4 Pro,WashingtonDC_01,2024-11-22,25.348157947033965,27.848725421514548,30.915874383253605,28.00993733953727
Tron-o-matic 4 Pro,WashingtonDC_01,2024-11-23,26.022306115192556,28.812879563480976,31.091100263757543,28.603128327529205
Tron-o-matic 4 Pro,WashingtonDC_01,2024-11-24,26.167247906700776,28.056828839401604,30.574262145611495,28.17013476139462
Tron-o-matic 4 Pro,WashingtonDC_01,2024-11-25,44.97373139524592,47.425376397755485,49.29397753048407,47.20503917348038
Tron-o-matic 4 Pro,WashingtonDC_01,2024-11-26,25.949194247465115,28.39079709569329,30.919551666334776,28.362146538041298
Tron-o-matic 4 Pro,WashingtonDC_01,2024-11-27,26.403001148282826,28.59891973081829,30.886812528428045,28.529438851427937
Tron-o-matic 4 Pro,WashingtonDC_01,2024-11-28,25.584918296305077,28.176131845002825,30.911636577554393,28.3016882058357
Tron-o-matic 4 Pro,WashingtonDC_01,2024-11-29,47.046998250560804,49.596618571772446,51.96565860372435,49.661221178389944
Tron-o-matic 4 Pro,WashingtonDC_01,2024-11-30,26.617149988347677,28.67702281046158,30.96345136466219,28.62444903390651
Tron-o-matic 4 Pro,WashingtonDC_01,2024-12-01,25.292296797690717,28.21598867218078,30.655387942327124,28.124231604864963
Tron-o-matic 4 Pro,WashingtonDC_01,2024-12-02,25.501482081092018,28.291609253490666,31.020373545776522,28.25319204241255
Tron-o-matic 4 Pro,WashingtonDC_01,2024-12-03,32.19712942971918,34.484311959701735,36.90019501151546,34.551577942417815
Tron-o-matic 4 Pro,WashingtonDC_01,2024-12-04,26.336828816209337,28.4924696304895,31.361685646556516,28.736593911945143
Tron-o-matic 4 Pro,WashingtonDC_01,2024-12-05,26.442762240854936,28.829188184814328,31.36268229293861,28.724165480252637
Tron-o-matic 4 Pro,WashingtonDC_01,2024-12-06,25.4070537599162,28.705326855998248,31.17193790533545,28.4016149121887
Tron-o-matic 4 Pro,WashingtonDC_01,2024-12-07,36.031685087238785,38.416050771598776,40.76633138950325,38.25204279780708
Tron-o-matic 4 Pro,WashingtonDC_01,2024-12-08,31.559076749154187,34.39891488599058,37.28776632779683,34.27383474445497
Tron-o-matic 4 Pro,WashingtonDC_01,2024-12-09,44.44278390433903,47.3884175439656,49.46154277908701,47.21365726251158
Tron-o-matic 4 Pro,WashingtonDC_01,2024-12-10,25.90660272198301,28.720115533974088,31.30024954061158,28.695234212676887
Tron-o-matic 4 Pro,WashingtonDC_01,2024-12-11,26.7704215567042,28.858059488829085,31.206344357739827,28.941255576793413
Tron-o-matic 4 Pro,WashingtonDC_01,2024-12-12,42.57332595615643,44.87840801195952,47.27371872092466,44.84826301605998
Tron-o-matic 4 Pro,WashingtonDC_01,2024-12-13,26.275046117670712,28.30128181396209,30.648184850752713,28.42570370474778
Tron-o-matic 4 Pro,WashingtonDC_01,2024-12-14,31.869253807375767,33.914601555096965,36.866326116674294,34.077725770542344
Tron-o-matic 4 Pro,WashingtonDC_01,2024-12-15,25.81367389063102,28.102921396094164,30.95979564093013,28.376889430263372
Tron-o-matic 4 Pro,WashingtonDC_01,2024-12-16,25.82767883861486,28.099267603219353,31.04731590334353,28.22088258293127
Tron-o-matic 4 Pro,WashingtonDC_01,2024-12-17,26.418462560206287,28.617491279605044,31.03732971709352,28.58326300735012
Tron-o-matic 4 Pro,WashingtonDC_01,2024-12-18,26.04123924960544,28.523904495241684,31.307766048935637,28.564730553450264
Tron-o-matic 4 Pro,WashingtonDC_01,2024-12-19,28.871905982810173,31.3566597630382,33.73236006342236,31.28246182715684
Tron-o-matic 4 Pro,WashingtonDC_01,2024-12-20,25.843160340917017,28.112871488645656,30.34062579911256,28.085151759547276
Tron-o-matic 4 Pro,WashingtonDC_01,2024-12-21,41.74148223993015,44.59183314124706,46.65113956811702,44.3766934566428
Tron-o-matic 4 Pro,WashingtonDC_01,2024-12-22,25.37181545612093,28.133435234351605,31.05123507144512,28.150506202707533
Tron-o-matic 4 Pro,WashingtonDC_01,2024-12-23,29.891843700477402,32.02295868318054,34.19869697119722,32.11988761534482
Tron-o-matic 4 Pro,WashingtonDC_01,2024-12-24,26.19558156652627,28.335950731956885,31.362363619995094,28.48710885551574
Tron-o-matic 4 Pro,WashingtonDC_01,2024-12-25,26.302587075237113,28.40952690265457,31.03673943556523,28.540877783902065
Tron-o-matic 4 Pro,WashingtonDC_01,2024-12-26,43.08263005908178,45.57070275091383,47.778397167969175,45.48045229744852
Tron-o-matic 4 Pro,WashingtonDC_01,2024-12-27,40.689908912309264,43.111743176770844,45.935803564593854,43.29510809562969
Tron-o-matic 4 Pro,WashingtonDC_01,2024-12-28,26.649482691753345,28.815262093923714,31.02987042173495,28.825238168799842
Tron-o-matic 4 Pro,WashingtonDC_01,2024-12-29,44.54046073727062,47.112598888419875,49.40478578550486,47.04349645272231
Tron-o-matic 4 Pro,WashingtonDC_01,2024-12-30,35.514715353286924,37.880362713319975,40.46839578558224,37.94299462384512
Tron-o-matic 4 Pro,WashingtonDC_01,2024-12-31,31.714051411947153,34.22839719346998,36.54286590858716,34.26006727897769
Tron-o-matic 4,NewYork_01,2024-10-01,115.73529337398301,127.05125381922763,137.715758950817,127.05267787534387
Tron-o-matic 4,NewYork_01,2024-10-02,154.65092404895128,166.2303067373366,177.30505041554346,165.8619996858717
Tron-o-matic 4,NewYork_01,2024-10-03,113.81982915851881,126.44399249016699,137.25839607861602,126.55676255158647
Tron-o-matic 4,NewYork_01,2024-10-04,208.43256508601047,221.06230899401098,234.04302694738925,220.71504977186592
Tron-o-matic 4,NewYork_01,2024-10-05,163.37248188648857,175.6379000847235,188.13842223482786,175.60132219091795
Tron-o-matic 4,NewYork_01,2024-10-06,112.74935755745285,127.72167934235256,138.05018426194394,126.18480700059449
Tron-o-matic 4,NewYork_01,2024-10-07,118.45070874894061,130.73379203015742,142.57686279353592,130.43564387289732
Tron-o-matic 4,NewYork_01,2024-10-08,119.8009038313506,129.17349244707654,141.55112998488298,129.44983974373173
Tron-o-matic 4,NewYork_01,2024-10-09,214.34430444570398,229.4510772904585,240.49362702224994,228.80862179703425
Tron-o-matic 4,NewYork_01,2024-10-10,119.07769427299851,128.5475830425498,141.83855972334177,129.35480994990365
Tron-o-matic 4,NewYork_01,2024-10-11,114.48805079937209,127.41983305912589,139.93247559264137,126.64059686008417
Tron-o-matic 4,NewYork_01,2024-10-12,155.74148775603823,165.22276581184383,180.1850903031603,166.4753649693182
Tron-o-matic 4,NewYork_01,2024-10-13,117.95719605932553,129.55175680741425,139.02945769421538,128.53936686831577
Tron-o-matic 4,NewYork_01,2024-10-14,153.7313827408772,163.98010794114205,178.36327795208405,164.57102510330088
Tron-o-matic 4,NewYork_01,2024-10-15,119.80650162161162,129.50941835074013,140.87156872250023,129.48028334423378
Tron-o-matic 4,NewYork_01,2024-10-16,114.76327704356201,127.48297945337228,137.42698754595966,127.0795675446618
Tron-o-matic 4,NewYork_01,2024-10-17,147.00436585798778,160.61810058055121,173.58701906329605,160.17309198099883
Tron-o-matic 4,NewYork_01,2024-10-18,113.31455363805604,126.84895475769567,140.27299587236513,126.75496865527262
Tron-o-matic 4,NewYork_01,2024-10-19,153.27735325900713,163.65194797617417,176.0500014094045,163.57507973846037
Tron-o-matic 4,NewYork_01,2024-10-20,115.7282507167802,126.71032656027471,138.84317961196726,127.0681257696606
Tron-o-matic 4,NewYork_01,2024-10-21,115.87032063746784,127.71561682635419,138.8322203867695,127.23735980759628
Tron-o-matic 4,NewYork_01,2024-10-22,222.53704275337125,232.30688308977957,244.87128709198524,232.83403918993787
Tron-o-matic 4,NewYork_01,2024-10-23,203.18937810768938,218.67046577427533,229.8711957230079,216.91925863457618
Tron-o-matic 4,NewYork_01,2024-10-24,111.53299540100869,123.9704870388024,135.51654325098664,123.41385272083122
Tron-o-matic 4,NewYork_01,2024-10-25,112.57133767530867,123.67901649902444,137.2749447231612,124.25160104438353
Tron-o-matic 4,NewYork_01,2024-10-26,159.15797338972,171.23779897662126,182.92360200979908,171.08508804450085
Tron-o-matic 4,NewYork_01,2024-10-27,126.9631903252754,139.41925646972481,150.79555046408197,138.70362981343348
Tron-o-matic 4,NewYork_01,2024-10-28,111.14321397477747,124.6631155301002,136.42400495522247,124.9680154351758
Tron-o-matic 4,NewYork_01,2024-10-29,108.18768963882444,121.00749890675598,133.33481288808116,120.97299800048081
Tron-o-matic 4,NewYork_01,2024-10-30,108.30064339353191,121.22376470870759,131.8657081081344,120.48317128354913
Tron-o-matic 4,NewYork_01,2024-10-31,147.2342398761068,162.0922310909081,174.1218830954629,161.58341009323703
Tron-o-matic 4,NewYork_01,2024-11-01,108.50278270044615,119.91697829173668,132.6672387970055,119.80718859177706
Tron-o-matic 4,NewYork_01,2024-11-02,135.535015588959,145.9749786370548,157.3286622271687,145.95283874334797
Tron-o-matic 4,NewYork_01,2024-11-03,207.90083182334683,217.458713806829,227.92603693376324,217.4204886938025
Tron-o-matic 4,NewYork_01,2024-11-04,109.14892826250491,120.7875130369845,133.5809724145631,120.97929867600602
Tron-o-matic 4,NewYork_01,2024-11-05,102.02534869081204,114.1251815623415,123.90672762348939,114.18575878642704
Tron-o-matic 4,NewYork_01,2024-11-06,204.90624475858542,216.98888267943377,230.14762391967244,216.9424282518951
Tron-o-matic 4,NewYork_01,2024-11-07,177.25868047070588,188.01263371080165,202.0599310576418,188.27292106453663
Tron-o-matic 4,NewYork_01,2024-11-08,100.41161036046068,111.33228770911633,123.85098001450737,111.62416343290943
Tron-o-matic 4,NewYork_01,2024-11-09,103.86864116741322,114.50273989923011,127.48560122044816,114.47785546901152
Tron-o-matic 4,NewYork_01,2024-11-10,103.76756230122426,113.09864284655958,124.1262335709017,112.9103386215956
Tron-o-matic 4,NewYork_01,2024-11-11,200.87999084629914,213.34396534453384,223.06232247423256,212.6627843054379
Tron-o-matic 4,NewYork_01,2024-11-12,101.87120848274444,111.60254995258616,122.5465231355235,111.90848446401779
Tron-o-matic 4,NewYork_01,2024-11-13,123.39801553972706,135.4473604748124,146.56295137957667,134.7911295905113
Tron-o-matic 4,NewYork_01,2024-11-14,100.88921533838166,111.77887860047758,123.32458054565176,112.03382357106837
Tron-o-matic 4,NewYork_01,2024-11-15,98.47660614551356,109.36036834760671,122.85836717797032,109.88213941957987
Tron-o-matic 4,NewYork_01,2024-11-16,101.14364618913038,111.07583545615319,125.32044762854285,111.62024526769035
Tron-o-matic 4,NewYork_01,2024-11-17,101.0470281742506,110.81828733305218,121.85396377535292,111.22865930604874
Tron-o-matic 4,NewYork_01,2024-11-18,99.1407542880765,113.3039517373082,129.43218275151418,113.58714529228624
Tron-o-matic 4,NewYork_01,2024-11-19,99.68087988567031,111.10237960320856,122.75389941501166,110.50615178888366
Tron-o-matic 4,NewYork_01,2024-11-20,98.19900004979459,109.44007726992011,124.35705289445504,110.56884892483556
Tron-o-matic 4,NewYork_01,2024-11-21,133.31905518825275,142.25377433364022,155.7070348333932,143.40581202418883
Tron-o-matic 4,NewYork_01,2024-11-22,99.61256970892438,111.97697489734392,120.19285646636247,110.958023651389
Tron-o-matic 4,NewYork_01,2024-11-23,99.79980411541595,112.91425573838751,123.71595946677576,112.65110759128389
Tron-o-matic 4,NewYork_01,2024-11-24,102.44620213884942,110.69340792246244,122.45148249667778,111.35136532743061
Tron-o-matic 4,NewYork_01,2024-11-25,102.47525039307703,114.3368680614651,125.36631894819868,114.01099257543923
Tron-o-matic 4,NewYork_01,2024-11-26,212.2579734848451,224.96235608383623,237.79268926067897,225.11605154388747
Tron-o-matic 4,NewYork_01,2024-11-27,100.00021108592503,112.19433973768783,120.68322381824112,111.74267089862528
Tron-o-matic 4,NewYork_01,2024-11-28,102.20764086963615,113.485233682537,122.38031473903865,112.69938903519486
Tron-o-matic 4,NewYork_01,2024-11-29,217.75813877565278,228.57529446272167,240.381937339013,228.37457832646564
Tron-o-matic 4,NewYork_01,2024-11-30,105.17417874162147,114.19221859761578,126.75956871748495,114.4875857016737
Tron-o-matic 4,NewYork_01,2024-12-01,139.31803543855935,150.87073639347548,164.03622336661132,151.59608802337888
Tron-o-matic 4,NewYork_01,2024-12-02,103.44884044169564,114.84589949034358,127.3565456421503,114.81875980336964
Tron-o-matic 4,NewYork_01,2024-12-03,131.89221623133363,142.16843405236244,155.50668003129576,142.86943286069243
Tron-o-matic 4,NewYork_01,2024-12-04,98.35469147775704,110.7616139860195,121.43340872103056,111.13100429458045
Tron-o-matic 4,NewYork_01,2024-12-05,101.82131953277288,113.84714305750695,125.04635168388229,113.5349064501184
Tron-o-matic 4,NewYork_01,2024-12-06,98.58507086187095,111.68947261255519,121.651199373059,111.00621401171644
Tron-o-matic 4,NewYork_01,2024-12-07,101.90752014297269,113.3732085927483,125.31460712824328,113.47649022331518
Tron-o-matic 4,NewYork_01,2024-12-08,197.3532663114459,207.7847161037496,219.4778939203729,208.18797404823553
Tron-o-matic 4,NewYork_01,2024-12-09,103.77154852664243,114.33315243364456,126.04212943355108,114.6778110894795
Tron-o-matic 4,NewYork_01,2024-12-10,122.40678286684766,136.25350427422856,147.35090782937033,135.42476753167412
Tron-o-matic 4,NewYork_01,2024-12-11,198.2576745193624,212.76391206432038,222.5730416749313,211.6710636594499
Tron-o-matic 4,NewYork_01,2024-12-12,99.85045008938448,111.1545117365169,123.28741154574922,110.77752353295104
Tron-o-matic 4,NewYork_01,2024-12-13,97.33753450443245,111.57051161277009,124.01631232504417,110.9656080238075
Tron-o-matic 4,NewYork_01,2024-12-14,150.57010203972823,161.42261981304796,173.53970219922869,161.34332686033395
Tron-o-matic 4,NewYork_01,2024-12-15,198.42831577482795,211.9096346258949,223.68109396288384,211.33363525356006
Tron-o-matic 4,NewYork_01,2024-12-16,102.90145581197783,113.30147696920099,125.32957387167166,113.99244469401324
Tron-o-matic 4,NewYork_01,2024-12-17,99.74604645551779,109.79726966022268,119.51562002656797,109.80137235747979
Tron-o-matic 4,NewYork_01,2024-12-18,97.68421222893612,112.15811093474257,122.46406350273219,110.7601301709162
Tron-o-matic 4,NewYork_01,2024-12-19,122.51307701330526,132.3645733824163,144.44816541886397,133.2187507696963
Tron-o-matic 4,NewYork_01,2024-12-20,99.22124386572433,111.03498254613811,121.48370130517714,110.37980210353432
Tron-o-matic 4,NewYork_01,2024-12-21,98.77713830024979,111.3035524675233,123.78208760977094,110.73993039161314
Tron-o-matic 4,NewYork_01,2024-12-22,98.00374716183255,112.65368207005936,126.08146251801078,112.42178421798617
Tron-o-matic 4,NewYork_01,2024-12-23,100.77904036335836,113.50537158053083,124.2714263899569,112.9160862538256
Tron-o-matic 4,NewYork_01,2024-12-24,101.2010874206534,111.84034566055749,125.31025551219481,112.10847832426633
Tron-o-matic 4,NewYork_01,2024-12-25,98.31171289483532,110.60954224310433,126.90621575340828,111.26909392560646
Tron-o-matic 4,NewYork_01,2024-12-26,147.3185849445088,160.8728351282122,171.95765869322528,160.22534775239984
Tron-o-matic 4,NewYork_01,2024-12-27,100.87858992641165,113.63599397977649,123.10089789691759,112.96188328763009
Tron-o-matic 4,NewYork_01,2024-12-28,105.59800452476806,114.20342971415158,128.24674473860713,115.1066556752238
Tron-o-matic 4,NewYork_01,2024-12-29,147.69138460060032,160.42123841516067,175.21966911448564,160.76316010177743
Tron-o-matic 4,NewYork_01,2024-12-30,209.15019204909674,218.87121993949486,230.10951016287214,219.39231991814162
Tron-o-matic 4,NewYork_01,2024-12-31,140.51990944179784,149.40820841688824,159.12977277368353,149.81428492225
Tron-o-matic 4,NewYork_02,2024-10-01,121.49015672658433,134.34787902438788,145.19691561186022,133.64777358568062
Tron-o-matic 4,NewYork_02,2024-10-02,159.4124019096833,173.13775049905215,185.72339465157228,172.50208814223714
Tron-o-matic 4,NewYork_02,2024-10-03,124.9508613538267,134.35975714542968,147.34129392077503,135.44615346026015
Tron-o-matic 4,NewYork_02,2024-10-04,213.1363176910684,226.5769907703107,238.37686192861491,226.42242484016504
Tron-o-matic 4,NewYork_02,2024-10-05,169.5080586291338,182.1250472942737,195.17557641839454,182.1249277395567
Tron-o-matic 4,NewYork_02,2024-10-06,124.1661972225366,134.63165294578567,146.38808426067553,135.658936534571
Tron-o-matic 4,NewYork_02,2024-10-07,121.80177449962657,134.55624725707486,146.7471277466278,133.94899300789186
Tron-o-matic 4,NewYork_02,2024-10-08,119.47987888855978,131.75837250427062,145.34584623429208,131.68058260393772
Tron-o-matic 4,NewYork_02,2024-10-09,220.9551503586355,233.3528321494579,245.9519132789833,233.6106816839355
Tron-o-matic 4,NewYork_02,2024-10-10,119.73567446398378,134.2205762273955,145.7122177968133,133.46169000169783
Tron-o-matic 4,NewYork_02,2024-10-11,115.32634593076443,131.17771832935526,144.50783529609888,130.76208672623753
Tron-o-matic 4,NewYork_02,2024-10-12,158.0679532997331,168.18622885960002,179.86614189497848,168.20969360260924
Tron-o-matic 4,NewYork_02,2024-10-13,119.494882639246,131.30548416921042,144.40771256193844,132.18151431782212
Tron-o-matic 4,NewYork_02,2024-10-14,155.11229504035165,167.41451331268703,176.23759417938902,166.3318799107431
Tron-o-matic 4,NewYork_02,2024-10-15,120.11368202900815,132.66731613609704,143.29711175692916,132.46864695512784
Tron-o-matic 4,NewYork_02,2024-10-16,118.78359175410242,130.88635851543881,144.2277820578414,130.63214825357184
Tron-o-matic 4,NewYork_02,2024-10-17,150.5580805665888,163.6435592691252,176.32763335974508,163.43458167990465
Tron-o-matic 4,NewYork_02,2024-10-18,117.35303678740519,127.55550428293562,138.0544686844449,127.9307992024625
Tron-o-matic 4,NewYork_02,2024-10-19,154.7861553472964,165.25029705466073,177.4235509969428,165.66620849958446
Tron-o-matic 4,NewYork_02,2024-10-20,117.3624581614723,130.23081290072136,139.4105687916804,129.6336811639615
Tron-o-matic 4,NewYork_02,2024-10-21,114.0321363442395,129.7377880290579,143.26134392852646,129.00743848106666
Tron-o-matic 4,NewYork_02,2024-10-22,220.2544641754016,234.49080724715262,246.4094018683949,234.2026057324023
Tron-o-matic 4,NewYork_02,2024-10-23,208.9699663243111,222.57813996229532,233.83857846612375,222.33108528031053
Tron-o-matic 4,NewYork_02,2024-10-24,114.71662367593919,125.70321694098354,140.24273102180945,126.51323240616207
Tron-o-matic 4,NewYork_02,2024-10-25,112.40361004838928,125.52331221941158,138.75169170546744,125.16208331129273
Tron-o-matic 4,NewYork_02,2024-10-26,165.10102197624963,176.95253543937068,188.51063024974013,176.9207608437586
Tron-o-matic 4,NewYork_02,2024-10-27,136.2699575832282,143.67700885451154,157.77852983822254,145.2621527875801
Tron-o-matic 4,NewYork_02,2024-10-28,115.55801289326226,127.88667764186155,140.67925625644727,127.9318070102043
Tron-o-matic 4,NewYork_02,2024-10-29,109.27090636505713,125.57074245597096,136.3146937714681,124.39588275984626
Tron-o-matic 4,NewYork_02,2024-10-30,113.36093551278428,124.68125542749064,135.6135295954408,124.67708954609809
Tron-o-matic 4,NewYork_02,2024-10-31,150.28799499312643,167.93466553859386,180.3410835155961,166.50815733981133
Tron-o-matic 4,NewYork_02,2024-11-01,109.55097406145302,123.12407159219381,132.87386046709366,122.66141914061217
Tron-o-matic 4,NewYork_02,2024-11-02,138.91955712589936,150.48781275158342,163.36539018180676,150.88270262884254
Tron-o-matic 4,NewYork_02,2024-11-03,208.42086978597922,220.38341801324654,234.07118544568232,221.34581544409423
Tron-o-matic 4,NewYork_02,2024-11-04,109.01617915987069,122.46474820648898,139.04903100174963,123.694145581892
Tron-o-matic 4,NewYork_02,2024-11-05,106.28110085326605,119.85414647538292,132.8317651893478,120.29776572953796
Tron-o-matic 4,NewYork_02,2024-11-06,210.9811075926151,222.97017959044607,236.46294579346224,223.33097510182412
Tron-o-matic 4,NewYork_02,2024-11-07,181.46159304126644,193.31472372941906,206.36942508741336,193.59928548712102
Tron-o-matic 4,NewYork_02,2024-11-08,102.23077282690812,119.73182974978283,128.56390063393582,117.79087456972242
Tron-o-matic 4,NewYork_02,2024-11-09,108.61443575658457,119.20888977066654,130.3636938441342,119.64866927490955
Tron-o-matic 4,NewYork_02,2024-11-10,104.87941564456503,118.62475550402664,129.40483406561316,118.15368873643418
Tron-o-matic 4,NewYork_02,2024-11-11,205.94072200221436,217.68778348983997,231.69767261503515,218.07901446561976
Tron-o-matic 4,NewYork_02,2024-11-12,103.90147373824837,117.92394297280175,129.36518966755634,117.51551294904104
Tron-o-matic 4,NewYork_02,2024-11-13,127.09527166522766,139.52758621948394,152.63580997889196,139.471824258359
Tron-o-matic 4,NewYork_02,2024-11-14,104.45871732117705,116.72524336293829,128.0613675321636,116.52193472780928
Tron-o-matic 4,NewYork_02,2024-11-15,101.40858527308438,114.10410999587745,128.86164368914064,114.23201077624583
Tron-o-matic 4,NewYork_02,2024-11-16,106.02428867197078,115.58502342695984,128.23384142395867,116.35811044270545
Tron-o-matic 4,NewYork_02,2024-11-17,100.5115276814656,113.34514086116408,126.96561878431629,113.27156809915786
Tron-o-matic 4,NewYork_02,2024-11-18,99.51005200793425,113.50466539369116,125.32744712660218,113.71003496942599
Tron-o-matic 4,NewYork_02,2024-11-19,105.11454536707907,114.74883603644541,128.75910645372713,115.75187008236605
Tron-o-matic 4,NewYork_02,2024-11-20,100.09758972975736,113.92354223048453,126.29495704441523,113.66185183620395
Tron-o-matic 4,NewYork_02,2024-11-21,135.09365416482296,148.89430419520724,160.80857611788505,148.71929278622218
Tron-o-matic 4,NewYork_02,2024-11-22,101.2590074190821,111.86958054433327,124.82982787864844,112.41170301487435
Tron-o-matic 4,NewYork_02,2024-11-23,100.8334376102948,113.92225412517011,125.68608816947497,113.52588522361376
Tron-o-matic 4,NewYork_02,2024-11-24,102.3451736757727,114.90432205376828,127.37086425711881,114.77946603393708
Tron-o-matic 4,NewYork_02,2024-11-25,103.78318242101079,114.68617894442403,124.81362007523035,114.90369841138629
Tron-o-matic 4,NewYork_02,2024-11-26,215.0219456678306,226.9998416921852,242.5030469123015,227.38069418546792
Tron-o-matic 4,NewYork_02,2024-11-27,99.90566579863707,114.9539265602724,125.70906649607926,113.65337789101915
Tron-o-matic 4,NewYork_02,2024-11-28,102.24838993259368,113.09909636203615,126.25705600795952,113.16278109570112
Tron-o-matic 4,NewYork_02,2024-11-29,219.2189497159306,229.1933227091619,241.60285410544103,229.9262045114613
Tron-o-matic 4,NewYork_02,2024-11-30,99.53490536044706,114.21682127067166,128.5675014484101,114.01073391521174
Tron-o-matic 4,NewYork_02,2024-12-01,143.70069972816205,154.42299213188943,165.8589525760001,154.68892095857188
Tron-o-matic 4,NewYork_02,2024-12-02,103.05964942315049,114.26533168501253,128.94151412844258,115.06781319678419
Tron-o-matic 4,NewYork_02,2024-12-03,135.25984323626665,148.36081663775118,163.6422595655274,148.41771476379506
Tron-o-matic 4,NewYork_02,2024-12-04,103.15105832560576,114.55563685794935,126.91170823079541,115.15498156150812
Tron-o-matic 4,NewYork_02,2024-12-05,104.1047684526043,115.3210469914337,125.76064612718402,115.39163496069203
Tron-o-matic 4,NewYork_02,2024-12-06,100.78099377713536,113.51250203288136,129.47636652795393,113.70638180871947
Tron-o-matic 4,NewYork_02,2024-12-07,105.30531786808903,117.27351864895878,128.00653537784856,117.0816343597519
Tron-o-matic 4,NewYork_02,2024-12-08,200.96313063805,214.89392677213235,227.24425371906773,214.75097166935208
Tron-o-matic 4,NewYork_02,2024-12-09,106.55054268071466,118.5116040114169,134.36071388311626,118.90261497190839
Tron-o-matic 4,NewYork_02,2024-12-10,124.54187489590339,139.1308953233511,150.50362528495486,138.34580635370864
Tron-o-matic 4,NewYork_02,2024-12-11,199.87633456607432,218.6114454260832,229.31716609607025,217.1206964068932
Tron-o-matic 4,NewYork_02,2024-12-12,104.51207448945053,116.36607815433385,126.64327719063076,116.17968787513972
Tron-o-matic 4,NewYork_02,2024-12-13,102.52736881732254,114.64276769676512,127.79658819848088,115.13066768621543
Tron-o-matic 4,NewYork_02,2024-12-14,149.72374569936676,164.60611792339031,175.73776446172567,163.28941442796898
Tron-o-matic 4,NewYork_02,2024-12-15,204.39466407435432,214.73640362669198,228.23700882893414,215.9639907653743
Tron-o-matic 4,NewYork_02,2024-12-16,107.57287813401308,117.9419062580772,128.47652593720272,117.98009970921893
Tron-o-matic 4,NewYork_02,2024-12-17,100.31972664638131,116.09258380789143,130.18445518818237,115.97345597015334
Tron-o-matic 4,NewYork_02,2024-12-18,106.22657398407273,118.63405398655277,129.42708106685663,118.12047262513747
Tron-o-matic 4,NewYork_02,2024-12-19,123.25917719327948,137.12062622441448,148.69845551371952,136.43913505465935
Tron-o-matic 4,NewYork_02,2024-12-20,103.14934899117769,113.26943739082976,124.36172152566616,113.92122603365006
Tron-o-matic 4,NewYork_02,2024-12-21,104.64503993571142,114.62059413002957,125.99869958280617,115.26392092403543
Tron-o-matic 4,NewYork_02,2024-12-22,104.74301975426533,116.88402250626183,129.63173794227868,117.0643759337795
Tron-o-matic 4,NewYork_02,2024-12-23,101.51458785710385,119.09938224941,132.52739072053774,118.6547420661392
Tron-o-matic 4,NewYork_02,2024-12-24,105.16765335417982,117.96253398724856,128.19351045433797,116.71663387126583
Tron-o-matic 4,NewYork_02,2024-12-25,105.71177470309564,117.41458872292742,130.08246683151833,117.42924537099782
Tron-o-matic 4,NewYork_02,2024-12-26,151.2221191499668,164.50933957925602,178.3652600375961,164.0959686554521
Tron-o-matic 4,NewYork_02,2024-12-27,104.17437028455254,115.85618679278136,126.24123259671842,115.19645663064549
Tron-o-matic 4,NewYork_02,2024-12-28,104.14360323937694,119.46378273022793,132.04600950488793,117.94239780809613
Tron-o-matic 4,NewYork_02,2024-12-29,153.9482708242535,165.91290725633215,177.56874493144568,166.19416254673368
Tron-o-matic 4,NewYork_02,2024-12-30,211.25713279595647,223.08974003714425,236.47572493420014,223.60076573718214
Tron-o-matic 4,NewYork_02,2024-12-31,145.57653025560947,157.6100862382201,167.25441809985003,156.32111232362402
Tron-o-matic 4,Online_Store,2024-10-01,2302.413828933449,2604.127139783987,2865.086193448071,2595.022093552477
Tron-o-matic 4,Online_Store,2024-10-02,3108.5328462590687,3395.495447555682,3610.1121844382774,3386.81476803003
Tron-o-matic 4,Online_Store,2024-10-03,2399.4405245355842,2626.4891393167245,2901.539415890014,2635.929819453256
Tron-o-matic 4,Online_Store,2024-10-04,4253.7758320102785,4489.454244438303,4716.099359561596,4498.701657817784
Tron-o-matic 4,Online_Store,2024-10-05,3248.6296572961683,3523.9647550329396,3800.021174939457,3521.1521903562084
Tron-o-matic 4,Online_Store,2024-10-06,2387.0667304882,2613.220110002061,2859.4878232981605,2613.454485111292
Tron-o-matic 4,Online_Store,2024-10-07,2373.04681151002,2606.0961651158696,2842.1471978210825,2605.036944991794
Tron-o-matic 4,Online_Store,2024-10-08,2332.093700478682,2600.6258644450945,2795.766355831927,2579.7290928744833
Tron-o-matic 4,Online_Store,2024-10-09,4404.525942317202,4646.231742248644,4846.985216183449,4631.904712816842
Tron-o-matic 4,Online_Store,2024-10-10,2330.4703597373746,2571.083797161145,2760.170570275704,2544.0382228740623
Tron-o-matic 4,Online_Store,2024-10-11,2317.0833860509624,2590.612582243297,2755.9341027843534,2566.3775638444895
Tron-o-matic 4,Online_Store,2024-10-12,3128.313833594817,3319.0254476299574,3581.4154990525712,3335.1875503387214
Tron-o-matic 4,Online_Store,2024-10-13,2272.7476332033875,2519.7607158307546,2795.77173564941,2523.5266238560034
Tron-o-matic 4,Online_Store,2024-10-14,2982.1399768126375,3271.023557138193,3504.063456385598,3259.3102666759382
Tron-o-matic 4,Online_Store,2024-10-15,2336.7366463822264,2539.495432093613,2809.5556135064326,2546.825308789265
Tron-o-matic 4,Online_Store,2024-10-16,2300.578324077096,2537.4629417096426,2786.9359560862827,2546.663810491155
Tron-o-matic 4,Online_Store,2024-10-17,2979.086960800354,3228.318573629092,3540.754771119236,3237.2750915340707
Tron-o-matic 4,Online_Store,2024-10-18,2299.6513881048745,2551.6113823446894,2807.466853700658,2558.9026799696458
Tron-o-matic 4,Online_Store,2024-10-19,3047.1257885920886,3241.0957422195725,3520.2073232341686,3266.1680037586407
Tron-o-matic 4,Online_Store,2024-10-20,2312.4670634348963,2525.9069543137934,2829.1674110854474,2549.186681089581
Tron-o-matic 4,Online_Store,2024-10-21,2301.7700248459496,2530.8655305720335,2803.306760951906,2538.3319911723484
Tron-o-matic 4,Online_Store,2024-10-22,4404.734352885283,4646.775657951154,4940.8105201313565,4654.669453655372
Tron-o-matic 4,Online_Store,2024-10-23,4114.571635357567,4337.795396992289,4584.983841176539,4358.251655120052
Tron-o-matic 4,Online_Store,2024-10-24,2208.1450281664183,2513.6302796138843,2758.180990261904,2510.6635172408846
Tron-o-matic 4,Online_Store,2024-10-25,2248.7718694445275,2504.762452154496,2760.288940589816,2504.708730065051
Tron-o-matic 4,Online_Store,2024-10-26,3197.2779587065124,3463.446247836754,3696.4009626227908,3449.7927033590186
Tron-o-matic 4,Online_Store,2024-10-27,2544.298225349643,2803.5320590007714,3124.768169029112,2814.531361110905
Tron-o-matic 4,Online_Store,2024-10-28,2248.304743648501,2514.9685089410605,2723.0660053924403,2500.9694336590214
Tron-o-matic 4,Online_Store,2024-10-29,2176.9396895009527,2493.1092447320325,2696.3849632986166,2453.588928937762
Tron-o-matic 4,Online_Store,2024-10-30,2200.6661519879463,2478.221839570362,2740.18937439954,2457.010568577837
Tron-o-matic 4,Online_Store,2024-10-31,3094.5274543687897,3328.523886978555,3519.8615477562266,3312.6494571295416
Tron-o-matic 4,Online_Store,2024-11-01,2257.3169744307083,2485.0817682525517,2674.1908588831534,2464.770249370607
Tron-o-matic 4,Online_Store,2024-11-02,2655.5269236841,2942.331700660675,3234.9447823067403,2949.8110417877488
Tron-o-matic 4,Online_Store,2024-11-03,4130.385828006127,4387.546848045253,4678.975169823769,4415.4037162111845
Tron-o-matic 4,Online_Store,2024-11-04,2189.2065672579024,2400.9898687910827,2635.8765008548644,2411.9023957392133
Tron-o-matic 4,Online_Store,2024-11-05,2051.4068923375676,2354.63449844187,2555.0011830081776,2338.119306827227
Tron-o-matic 4,Online_Store,2024-11-06,4154.190857673521,4410.090030787154,4705.423421067194,4418.608233313334
Tron-o-matic 4,Online_Store,2024-11-07,3624.10207773259,3853.0188646825436,4144.454095521195,3862.331475539214
Tron-o-matic 4,Online_Store,2024-11-08,2092.772466887329,2323.0371812268363,2607.4550293469833,2342.2942353446097
Tron-o-matic 4,Online_Store,2024-11-09,2070.3451151417466,2324.7562404399237,2524.320788439129,2307.716945558371
Tron-o-matic 4,Online_Store,2024-11-10,2090.417765106915,2334.0415988861314,2539.9305805001536,2325.294268147403
Tron-o-matic 4,Online_Store,2024-11-11,4003.6584132691146,4222.334209699556,4502.510998842692,4242.034452086699
Tron-o-matic 4,Online_Store,2024-11-12,2074.511453227324,2268.404960012675,2444.119705800131,2272.294227241504
Tron-o-matic 4,Online_Store,2024-11-13,2574.4173742573657,2803.9768390006316,2993.540896274793,2785.619629152535
Tron-o-matic 4,Online_Store,2024-11-14,2018.848126561858,2269.3320987907387,2481.357343673015,2249.9741300245614
Tron-o-matic 4,Online_Store,2024-11-15,1954.8696727233173,2233.936377181685,2464.7972009269924,2229.3217061344267
Tron-o-matic 4,Online_Store,2024-11-16,1995.7922706103961,2233.3603435078508,2470.592684690766,2232.705332548922
Tron-o-matic 4,Online_Store,2024-11-17,1993.8345501928625,2223.81428412299,2445.7423323379176,2227.3862340720843
Tron-o-matic 4,Online_Store,2024-11-18,1963.0748008013138,2220.8183476717986,2422.210453849143,2194.199883362496
Tron-o-matic 4,Online_Store,2024-11-19,2013.7320811397856,2195.06200315662,2420.0637542606537,2206.184946765557
Tron-o-matic 4,Online_Store,2024-11-20,1886.6101482684523,2174.351464210611,2401.975546229642,2160.029815344042
Tron-o-matic 4,Online_Store,2024-11-21,2676.4169559495194,2884.744362561485,3091.055363026793,2890.432470940606
Tron-o-matic 4,Online_Store,2024-11-22,1968.0594458747491,2157.03942231552,2518.263604206168,2196.031040924765
Tron-o-matic 4,Online_Store,2024-11-23,1924.4948199885503,2200.5629969856923,2422.7800862571585,2195.6349626362726
Tron-o-matic 4,Online_Store,2024-11-24,1957.4433903619054,2160.0336494812736,2352.992502802433,2164.553751366347
Tron-o-matic 4,Online_Store,2024-11-25,1923.2765839516828,2193.160266891964,2457.015247517866,2199.111524257048
Tron-o-matic 4,Online_Store,2024-11-26,4163.223930621942,4414.693701638964,4665.334732492891,4419.896714340052
Tron-o-matic 4,Online_Store,2024-11-27,1951.9204770254903,2205.3165861038124,2436.914784558261,2202.9821809697773
Tron-o-matic 4,Online_Store,2024-11-28,1937.3806783389005,2163.2180756360226,2415.2024132459264,2166.0641326776645
Tron-o-matic 4,Online_Store,2024-11-29,4287.343541899855,4526.713758321167,4821.221119923265,4542.1787363134235
Tron-o-matic 4,Online_Store,2024-11-30,1972.268674692445,2204.660810956931,2421.02960982061,2195.2135766251004
Tron-o-matic 4,Online_Store,2024-12-01,2761.407091606824,3003.3617273591703,3270.167846654749,3008.6708782117325
Tron-o-matic 4,Online_Store,2024-12-02,1938.5312257002813,2224.516535620975,2462.2183430988416,2216.0762470446034
Tron-o-matic 4,Online_Store,2024-12-03,2599.100995363042,2795.7116210906684,2968.8011793327028,2803.1512514525057
Tron-o-matic 4,Online_Store,2024-12-04,1977.5707498269019,2229.4951282831394,2434.0877240027726,2217.5049575020776
Tron-o-matic 4,Online_Store,2024-12-05,1933.8343859698844,2247.667586246513,2562.525442585514,2247.320409747642
Tron-o-matic 4,Online_Store,2024-12-06,2031.63491981087,2249.7863834446757,2508.7355368452813,2260.2184192376603
Tron-o-matic 4,Online_Store,2024-12-07,2002.9229721809177,2205.3909131596,2491.3642208942942,2216.102913883845
Tron-o-matic 4,Online_Store,2024-12-08,3963.568710211028,4181.382405128396,4447.6520069292965,4200.843810399752
Tron-o-matic 4,Online_Store,2024-12-09,1999.998367511528,2238.5676135567855,2421.423714549325,2228.1546041256356
Tron-o-matic 4,Online_Store,2024-12-10,2434.402796548745,2647.6737614227795,2913.1342607981987,2664.1724441990204
Tron-o-matic 4,Online_Store,2024-12-11,4040.8966072953517,4289.504447584831,4527.193941447159,4289.713376229011
Tron-o-matic 4,Online_Store,2024-12-12,2021.9395841734377,2325.199799304701,2550.2585802558015,2302.6504670985205
Tron-o-matic 4,Online_Store,2024-12-13,1977.9717955042277,2269.7549901548805,2491.8033155426806,2250.2105418678784
Tron-o-matic 4,Online_Store,2024-12-14,2965.028199433125,3239.084118956979,3431.037820193637,3213.1214658822137
Tron-o-matic 4,Online_Store,2024-12-15,4000.663790789669,4251.676822820358,4494.503854733944,4241.510541083022
Tron-o-matic 4,Online_Store,2024-12-16,1952.3286124936365,2224.9193180913226,2509.577910473778,2222.130867133792
Tron-o-matic 4,Online_Store,2024-12-17,2075.3246861899916,2279.93475843448,2458.7498945621014,2263.9837223925315
Tron-o-matic 4,Online_Store,2024-12-18,1966.3630614348672,2228.481796723446,2484.507001084568,2228.7092487383275
Tron-o-matic 4,Online_Store,2024-12-19,2489.348036609818,2727.2077904798143,2960.92818825201,2722.1059906067057
Tron-o-matic 4,Online_Store,2024-12-20,2047.7883087219243,2259.2778809548972,2566.697677723933,2283.8810983197095
Tron-o-matic 4,Online_Store,2024-12-21,1989.8088591832238,2292.1215605881976,2500.3890369077617,2267.7284919636145
Tron-o-matic 4,Online_Store,2024-12-22,2138.1554528857055,2315.019098630498,2512.8551152660593,2318.918793299579
Tron-o-matic 4,Online_Store,2024-12-23,2063.2350550850815,2286.347537332019,2558.6173605893605,2308.9079713351243
Tron-o-matic 4,Online_Store,2024-12-24,2053.660317955186,2265.8670112883756,2461.0452582746275,2260.2130879514593
Tron-o-matic 4,Online_Store,2024-12-25,2070.8603731544677,2267.4369257026606,2495.1228763538024,2262.5858206223925
Tron-o-matic 4,Online_Store,2024-12-26,3011.6064095930556,3273.341323252183,3530.6044882665187,3275.8521042754396
Tron-o-matic 4,Online_Store,2024-12-27,2094.3210676322,2308.288850428751,2556.501882323643,2313.10039379322
Tron-o-matic 4,Online_Store,2024-12-28,1950.4733157445903,2304.3024496355656,2535.7109444143675,2281.797282017144
Tron-o-matic 4,Online_Store,2024-12-29,3024.870836105665,3227.09125438356,3459.7881748598193,3232.52465248328
Tron-o-matic 4,Online_Store,2024-12-30,4108.9262107526565,4381.16191960225,4648.569220517559,4372.170987031471
Tron-o-matic 4,Online_Store,2024-12-31,2699.5640482072977,2948.370039574531,3212.825859828153,2973.5823360422924
Tron-o-matic 4,Houston_01,2024-10-01,91.00844833913521,99.08191938877376,107.20412683612143,99.52211462988058
Tron-o-matic 4,Houston_01,2024-10-02,115.80220391900491,124.21890538935538,133.17103834033557,124.77876855286299
Tron-o-matic 4,Houston_01,2024-10-03,89.24064835839344,97.93141131108707,105.77952829154276,97.85613454203438
Tron-o-matic 4,Houston_01,2024-10-04,158.3453507951143,166.88160888902152,176.2259160619871,166.82753821234957
Tron-o-matic 4,Houston_01,2024-10-05,124.6000522461244,133.36094928067072,139.94958237787372,132.79271050199128
Tron-o-matic 4,Houston_01,2024-10-06,88.30607348931734,96.65709713615358,107.40481405802694,97.75578897319039
Tron-o-matic 4,Houston_01,2024-10-07,87.39591260171488,97.12036440543191,109.1126604192568,97.75534447742257
Tron-o-matic 4,Houston_01,2024-10-08,87.06777699110921,97.20347256077154,105.27360451660736,96.78385406399903
Tron-o-matic 4,Houston_01,2024-10-09,164.61728708797196,172.99430530307245,182.66490151445183,173.40021273766672
Tron-o-matic 4,Houston_01,2024-10-10,86.77812963136995,96.11399436202753,104.45035659424265,95.70624857648322
Tron-o-matic 4,Houston_01,2024-10-11,88.3729521587065,96.18098025471909,107.27497177414587,96.69119682726705
Tron-o-matic 4,Houston_01,2024-10-12,114.62004163330525,124.73815891547453,130.5543205234227,123.94984409923082
Tron-o-matic 4,Houston_01,2024-10-13,87.16548389739903,96.00509510922738,106.0714333167573,96.22354455494902
Tron-o-matic 4,Houston_01,2024-10-14,113.14904548777874,121.48296829893222,130.75219357448518,121.48323026511532
Tron-o-matic 4,Houston_01,2024-10-15,88.59191655834617,96.59314333436645,105.33660189451456,96.84112540567239
Tron-o-matic 4,Houston_01,2024-10-16,85.55433899047334,96.20025412909233,106.09250780056793,95.58929690504375
Tron-o-matic 4,Houston_01,2024-10-17,112.42806105965684,122.26904189745086,129.94677381508782,121.31320703515556
Tron-o-matic 4,Houston_01,2024-10-18,84.83579164029037,94.3942009635908,106.60058512459186,95.03655117137276
Tron-o-matic 4,Houston_01,2024-10-19,114.56420816723853,123.89812084555895,132.3636242394502,123.72877971492318
Tron-o-matic 4,Houston_01,2024-10-20,86.05303596176856,95.85744408938135,104.05103198560857,95.35524626255479
Tron-o-matic 4,Houston_01,2024-10-21,87.62990536941899,95.02419984074922,104.20425203500169,95.41476103650149
Tron-o-matic 4,Houston_01,2024-10-22,165.4832727067551,174.90976640131854,181.94451362364842,174.17157307663575
Tron-o-matic 4,Houston_01,2024-10-23,154.05642522914061,163.81991948140535,171.74404313055805,163.54882892689474
Tron-o-matic 4,Houston_01,2024-10-24,86.78370524655914,96.55655428409521,105.37081792874147,96.1496954917316
Tron-o-matic 4,Houston_01,2024-10-25,87.00399659203978,94.32877276498039,104.13194981620113,94.71550452719958
Tron-o-matic 4,Houston_01,2024-10-26,119.32120471862314,129.83088376429123,137.43993619159676,129.50616560389707
Tron-o-matic 4,Houston_01,2024-10-27,97.65113892320649,107.2805423107894,116.5038658273846,106.99655940145178
Tron-o-matic 4,Houston_01,2024-10-28,86.26403611005608,95.44876369813156,102.50956846016159,94.5997097569123
Tron-o-matic 4,Houston_01,2024-10-29,85.88480184174946,93.87977703308094,100.88288260653441,93.59060093662869
Tron-o-matic 4,Houston_01,2024-10-30,82.67223877162607,93.19088838956046,103.6667629058872,92.91776712447641
Tron-o-matic 4,Houston_01,2024-10-31,116.01687962504843,125.51442623189612,134.87814433228218,125.35773852098107
Tron-o-matic 4,Houston_01,2024-11-01,84.41146415803483,92.13784448780399,101.25020867165057,92.78002405861038
Tron-o-matic 4,Houston_01,2024-11-02,102.52790197114602,111.45344398279236,119.65700398096847,111.16939541972937
Tron-o-matic 4,Houston_01,2024-11-03,155.80181237227646,164.64448736217238,174.0477877128221,164.74256718287225
Tron-o-matic 4,Houston_01,2024-11-04,82.47413200108275,92.07913033156676,99.94363542498677,91.43616757178869
Tron-o-matic 4,Houston_01,2024-11-05,84.77006980809973,91.55598591554772,99.0582579831455,91.29394321844879
Tron-o-matic 4,Houston_01,2024-11-06,157.64991572334057,168.05670784603126,177.76591002078447,167.83939532746095
Tron-o-matic 4,Houston_01,2024-11-07,136.34358597242075,145.74817901234866,154.4622008841793,145.11215700036345
Tron-o-matic 4,Houston_01,2024-11-08,79.3107897793427,87.92456593286147,96.22923486123005,87.71860240754236
Tron-o-matic 4,Houston_01,2024-11-09,79.17795963428367,88.71116229772862,98.61455963092524,88.4070676970534
Tron-o-matic 4,Houston_01,2024-11-10,79.35642479455704,88.65082423500839,98.32976930246636,88.47414767139898
Tron-o-matic 4,Houston_01,2024-11-11,151.6566133496877,160.16482071902084,167.4841984041178,159.4228588451733
Tron-o-matic 4,Houston_01,2024-11-12,76.56363724920074,86.74375483265403,95.83140656333711,86.05351127375972
Tron-o-matic 4,Houston_01,2024-11-13,94.54955542232275,102.79240693583345,111.49023644978395,103.18125301763297
Tron-o-matic 4,Houston_01,2024-11-14,76.86325297396523,86.14906616878426,95.25019074954079,85.99502708623037
Tron-o-matic 4,Houston_01,2024-11-15,75.88375969902594,84.71007120175847,92.65367112362655,84.17877082628053
Tron-o-matic 4,Houston_01,2024-11-16,76.43426167223686,85.03699649808492,94.1372255526272,85.22330095947264
Tron-o-matic 4,Houston_01,2024-11-17,76.12663005452536,85.53931218722246,90.73028314590998,84.12265110594522
Tron-o-matic 4,Houston_01,2024-11-18,73.21442475404753,83.13150028442952,90.59050763025772,82.80638599279384
Tron-o-matic 4,Houston_01,2024-11-19,75.23455312012048,84.456619479224,94.6671198967765,84.89456936241498
Tron-o-matic 4,Houston_01,2024-11-20,72.90920651525606,82.56468581695175,91.5050765690748,82.50738404833142
Tron-o-matic 4,Houston_01,2024-11-21,100.6026509302792,107.50961252366668,116.86458543180939,108.52091456265903
Tron-o-matic 4,Houston_01,2024-11-22,75.53621835327431,83.94139495922221,92.39668117854983,83.3665318236384
Tron-o-matic 4,Houston_01,2024-11-23,76.94477693241939,85.15279556549673,92.50471143681779,85.06694478285966
Tron-o-matic 4,Houston_01,2024-11-24,74.94867744763488,84.0236499461813,93.5259257882489,84.09190633507589
Tron-o-matic 4,Houston_01,2024-11-25,74.01053613106137,84.83242791662876,93.49403397551592,84.18880023317486
Tron-o-matic 4,Houston_01,2024-11-26,156.17200246438534,167.02544529539495,176.424238067214,166.9394585932763
Tron-o-matic 4,Houston_01,2024-11-27,74.97139621562324,84.08439304597114,93.41523481558991,84.17891157025102
Tron-o-matic 4,Houston_01,2024-11-28,75.12743472955033,84.07467205040186,92.42089389030917,84.0771089504223
Tron-o-matic 4,Houston_01,2024-11-29,161.47072050593354,169.2539225860835,179.84921132339554,169.90209173381965
Tron-o-matic 4,Houston_01,2024-11-30,72.0256364335636,84.60777321544506,92.61116533417292,83.86971569731914
Tron-o-matic 4,Houston_01,2024-12-01,105.97086510534774,115.24709136148934,123.48606935610471,114.73296917016113
Tron-o-matic 4,Houston_01,2024-12-02,76.1203008955053,84.20604083228359,93.25456749752483,84.81253917379912
Tron-o-matic 4,Houston_01,2024-12-03,100.27152004221684,110.55763635452767,117.90858331020675,109.67240459681275
Tron-o-matic 4,Houston_01,2024-12-04,76.00879165881298,84.32273055538057,93.23612180974358,84.87051446133025
Tron-o-matic 4,Houston_01,2024-12-05,74.72802004223593,86.15107431829968,92.9054606248032,84.50559374791791
Tron-o-matic 4,Houston_01,2024-12-06,77.42056822283257,86.46655158081961,94.0787077406529,85.98127382433867
Tron-o-matic 4,Houston_01,2024-12-07,74.19632470561947,84.2196667894183,95.3287940551325,84.55705632999334
Tron-o-matic 4,Houston_01,2024-12-08,148.84424042601023,157.9870520801237,166.28848084702636,158.1081930654358
Tron-o-matic 4,Houston_01,2024-12-09,75.0243197777698,85.54434108876545,95.24044256976404,85.97017098974865
Tron-o-matic 4,Houston_01,2024-12-10,94.0976954121798,103.64235470455947,111.34702330030125,103.21907079565854
Tron-o-matic 4,Houston_01,2024-12-11,152.15348211730478,161.5382532185931,168.42664430461406,160.99345711981618
Tron-o-matic 4,Houston_01,2024-12-12,77.75718534467501,86.76847342989561,96.84297500417198,87.3554420031139
Tron-o-matic 4,Houston_01,2024-12-13,78.26032961038916,88.0308254803689,95.23666228224572,87.82764792696508
Tron-o-matic 4,Houston_01,2024-12-14,113.22715674766906,121.20246086115674,131.05157374985518,121.80248685476222
Tron-o-matic 4,Houston_01,2024-12-15,153.0942635864434,161.00030759500157,170.40967834785363,161.65439839858908
Tron-o-matic 4,Houston_01,2024-12-16,78.47888480732712,86.69907789075343,95.60281644302864,87.10945651888751
Tron-o-matic 4,Houston_01,2024-12-17,77.14088139988904,88.12994607602481,98.24032203940762,87.74792083159963
Tron-o-matic 4,Houston_01,2024-12-18,79.47201518227561,86.62592553987035,97.10201877181784,87.81730651837012
Tron-o-matic 4,Houston_01,2024-12-19,92.90796217175026,103.87356846875441,114.66997805921295,104.28477790639346
Tron-o-matic 4,Houston_01,2024-12-20,75.67155180447953,86.74389353842191,97.54298636925252,86.81819432344109
Tron-o-matic 4,Houston_01,2024-12-21,77.10009600640696,86.69113035748764,97.26567447716647,87.40096654758646
Tron-o-matic 4,Houston_01,2024-12-22,77.59111776805867,86.7708832016533,95.05511875748726,86.95090636716623
Tron-o-matic 4,Houston_01,2024-12-23,77.44932187202865,86.60477344371677,96.84092294905518,87.24704643689924
Tron-o-matic 4,Houston_01,2024-12-24,79.69207985699111,90.20102443641768,98.0138170109094,89.40098836098737
Tron-o-matic 4,Houston_01,2024-12-25,78.39625820365058,87.81746192554124,96.60815952837656,87.81523704850854
Tron-o-matic 4,Houston_01,2024-12-26,116.06620394062992,126.26031249431331,134.91306912016617,125.39219594381551
Tron-o-matic 4,Houston_01,2024-12-27,78.34545020476801,87.3687049854114,96.29335478066935,87.43567490801205
Tron-o-matic 4,Houston_01,2024-12-28,80.64712505347167,88.41716734072523,96.91849670685501,88.43841254089938
Tron-o-matic 4,Houston_01,2024-12-29,115.53007965499222,126.31570188679687,133.44102751906723,125.36209574185362
Tron-o-matic 4,Houston_01,2024-12-30,157.77428711217502,166.36945221771185,174.77784995533582,166.5516879964411
Tron-o-matic 4,Houston_01,2024-12-31,106.01004936231921,115.82158154332933,124.8319535887689,114.91473063277179
Tron-o-matic 4,Philadelphia_01,2024-10-01,76.79935096159625,83.02137466044803,90.53195178086014,83.31603536838304
Tron-o-matic 4,Philadelphia_01,2024-10-02,98.49818396234,104.80331618497873,111.40951858180493,104.9637543614117
Tron-o-matic 4,Philadelphia_01,2024-10-03,74.8016357534837,82.53566639529306,89.10468479664858,82.22188329102373
Tron-o-matic 4,Philadelphia_01,2024-10-04,132.20018165266814,140.18651028606254,148.10832822874616,140.42294237279464
Tron-o-matic 4,Philadelphia_01,2024-10-05,104.24162832051069,110.98412084675346,120.32804886370025,111.77295397449097
Tron-o-matic 4,Philadelphia_01,2024-10-06,74.60637320187305,81.64568544881656,89.0133534901808,81.48097617188513
Tron-o-matic 4,Philadelphia_01,2024-10-07,75.11230918026557,82.41980559967232,90.22277245953258,82.66892675242747
Tron-o-matic 4,Philadelphia_01,2024-10-08,73.28781825426218,82.01082104365967,89.69350255698114,81.46438663582883
Tron-o-matic 4,Philadelphia_01,2024-10-09,137.64517832093495,144.26088426071655,152.5743394639071,144.80787185944172
Tron-o-matic 4,Philadelphia_01,2024-10-10,76.39457872826823,82.24199923445207,90.42322785437051,82.79186112483484
Tron-o-matic 4,Philadelphia_01,2024-10-11,73.82761798490073,79.78920779742876,90.3622822355525,80.77539114850737
Tron-o-matic 4,Philadelphia_01,2024-10-12,96.10400890560867,105.70384016734491,113.38166229741556,104.99730873513812
Tron-o-matic 4,Philadelphia_01,2024-10-13,73.54334951074993,81.6958095759857,88.52942803012303,81.00202008593206
Tron-o-matic 4,Philadelphia_01,2024-10-14,96.5717074757601,103.9694348927412,111.67230855351114,103.74128880141409
Tron-o-matic 4,Philadelphia_01,2024-10-15,72.398066356829,80.64175106095297,88.64951480514225,80.93339946045846
Tron-o-matic 4,Philadelphia_01,2024-10-16,72.91612740087334,79.84257823805628,87.90254471991844,80.23147247272718
Tron-o-matic 4,Philadelphia_01,2024-10-17,94.37942275713706,101.76360136812285,108.81701335836757,101.53724151933746
Tron-o-matic 4,Philadelphia_01,2024-10-18,71.5811239997123,80.29924020163958,88.15968942437857,80.17542588815151
Tron-o-matic 4,Philadelphia_01,2024-10-19,94.85139140263152,100.78696615045867,110.99793507600738,101.87715694602635
Tron-o-matic 4,Philadelphia_01,2024-10-20,70.87471426803808,80.97066657734402,88.05682806386201,80.04844421192321
Tron-o-matic 4,Philadelphia_01,2024-10-21,70.9065326864409,79.42156407153969,86.5732426543848,79.15336036847519
Tron-o-matic 4,Philadelphia_01,2024-10-22,136.52449330238943,144.87912729104931,153.20424552991375,144.94591255406473
Tron-o-matic 4,Philadelphia_01,2024-10-23,127.8731914336257,135.34969008408197,144.34322851932077,136.30155939410253
Tron-o-matic 4,Philadelphia_01,2024-10-24,72.26389238320014,79.41951823573697,86.6793424960736,79.80490276306277
Tron-o-matic 4,Philadelphia_01,2024-10-25,71.15123158136709,77.976609681695,87.31245970209858,78.74331992133737
Tron-o-matic 4,Philadelphia_01,2024-10-26,99.49367721741588,107.0083576253461,115.60058596386733,107.43594823179214
Tron-o-matic 4,Philadelphia_01,2024-10-27,79.96038775731259,88.45842642701427,95.34467647015491,88.00725170498878
Tron-o-matic 4,Philadelphia_01,2024-10-28,69.66859503526253,76.97029541324282,84.97419943055924,76.99548464713905
Tron-o-matic 4,Philadelphia_01,2024-10-29,71.74412139559197,77.1044089551418,85.84169559879226,77.61879914353771
Tron-o-matic 4,Philadelphia_01,2024-10-30,69.1705181294381,76.1021400751286,83.01588907193663,76.43046339856018
Tron-o-matic 4,Philadelphia_01,2024-10-31,96.87445414847745,102.80005133937328,110.55901830480741,103.32707233255391
Tron-o-matic 4,Philadelphia_01,2024-11-01,67.98520578228485,75.35610540170842,83.87878063976568,75.76582121267111
Tron-o-matic 4,Philadelphia_01,2024-11-02,83.30553258683558,92.21767643975717,98.98867632468522,91.35324190016964
Tron-o-matic 4,Philadelphia_01,2024-11-03,129.5561851749231,137.69758843561007,143.46985413406625,137.18120988458335
Tron-o-matic 4,Philadelphia_01,2024-11-04,66.9160874782886,74.86830093924335,82.31230251124538,74.65728668592888
Tron-o-matic 4,Philadelphia_01,2024-11-05,67.97627456444465,74.41992956406027,81.45839759412948,74.44567425845634
Tron-o-matic 4,Philadelphia_01,2024-11-06,129.67423519962853,137.4475760484935,145.22159800128298,137.7056719099455
Tron-o-matic 4,Philadelphia_01,2024-11-07,110.4791195140341,119.55865159785036,125.63056539279114,118.68558243922726
Tron-o-matic 4,Philadelphia_01,2024-11-08,67.1208873634703,73.33255416967253,81.64736756813527,73.99134974540839
Tron-o-matic 4,Philadelphia_01,2024-11-09,65.09225347966532,73.82247686871963,81.19082836410185,73.17493275513593
Tron-o-matic 4,Philadelphia_01,2024-11-10,65.21710161389052,71.52941317798405,79.83132303197809,72.33410313478332
Tron-o-matic 4,Philadelphia_01,2024-11-11,126.82834329234896,133.5621761797308,140.50783251777315,133.73103104965895
Tron-o-matic 4,Philadelphia_01,2024-11-12,65.6668260268229,72.28705474365543,79.52563124019609,72.21276916529591
Tron-o-matic 4,Philadelphia_01,2024-11-13,79.99629438097949,86.62256065439784,95.0277649682719,86.3315795939054
Tron-o-matic 4,Philadelphia_01,2024-11-14,63.504522396643786,71.96507597035406,79.43578021971317,71.53746478299395
Tron-o-matic 4,Philadelphia_01,2024-11-15,63.537247684665495,70.61199582857293,78.64875399470687,71.02456295679822
Tron-o-matic 4,Philadelphia_01,2024-11-16,64.79431517257055,70.66501733527015,78.6973712409952,71.26610385742691
Tron-o-matic 4,Philadelphia_01,2024-11-17,64.08960574597172,72.10674699394123,78.49485603277542,71.40624754976422
Tron-o-matic 4,Philadelphia_01,2024-11-18,63.79871999835681,71.73254897124683,78.56176755932123,71.49009170490898
Tron-o-matic 4,Philadelphia_01,2024-11-19,62.12586473226242,70.2710401208113,77.44273018827563,70.22702132511367
Tron-o-matic 4,Philadelphia_01,2024-11-20,62.37345328835158,70.48539207351422,76.58717739545705,70.00216344910848
Tron-o-matic 4,Philadelphia_01,2024-11-21,84.84417804948858,92.54614242540373,99.11449603196263,92.16150721985834
Tron-o-matic 4,Philadelphia_01,2024-11-22,63.37056709546783,70.69437828024637,77.74268984686353,70.37119573503242
Tron-o-matic 4,Philadelphia_01,2024-11-23,66.20016873665975,72.4082670298139,78.38665088151984,72.06533091715431
Tron-o-matic 4,Philadelphia_01,2024-11-24,62.66523297974999,71.1851030135894,79.02395271312848,70.95523532989277
Tron-o-matic 4,Philadelphia_01,2024-11-25,64.3017467977834,71.10545613144423,77.86673662547787,71.34642628289853
Tron-o-matic 4,Philadelphia_01,2024-11-26,133.6110749412783,141.00825107407366,149.10208659756665,141.19065738983863
Tron-o-matic 4,Philadelphia_01,2024-11-27,61.80322074503787,70.36376160444655,77.83234410503594,69.84606318340046
Tron-o-matic 4,Philadelphia_01,2024-11-28,64.15710778487912,71.39417247106503,77.76745492624666,71.45219322512739
Tron-o-matic 4,Philadelphia_01,2024-11-29,135.2188370628616,142.11959458147203,149.2018475765184,142.54127174123005
Tron-o-matic 4,Philadelphia_01,2024-11-30,65.22638760892045,70.90645737045794,77.19671914522144,70.67115693729025
Tron-o-matic 4,Philadelphia_01,2024-12-01,88.52386931855756,96.0405006081489,102.58133591104475,95.67145119206685
Tron-o-matic 4,Philadelphia_01,2024-12-02,62.72516720504228,70.98821140409329,79.52492900687528,70.88625489295127
Tron-o-matic 4,Philadelphia_01,2024-12-03,82.64278880278204,90.7066767195237,97.55081623657861,90.61688764517237
Tron-o-matic 4,Philadelphia_01,2024-12-04,61.68989578003955,70.39464457429568,80.17419045574393,70.9261699160717
Tron-o-matic 4,Philadelphia_01,2024-12-05,62.68211624809984,71.05051400692267,78.71661586110542,71.19238065281432
Tron-o-matic 4,Philadelphia_01,2024-12-06,64.58013286919797,73.12335560611884,78.88805518028731,72.50450677993855
Tron-o-matic 4,Philadelphia_01,2024-12-07,62.50815878465304,70.89878684260056,77.85124631061318,70.43218408371725
Tron-o-matic 4,Philadelphia_01,2024-12-08,123.77157464286773,130.77140459204475,137.48451266756655,130.46006125289955
Tron-o-matic 4,Philadelphia_01,2024-12-09,64.35101098510712,71.7946709971183,79.03867156815636,71.30930822357607
Tron-o-matic 4,Philadelphia_01,2024-12-10,77.91767997674717,84.94672862572318,90.97619748603647,84.35866864181793
Tron-o-matic 4,Philadelphia_01,2024-12-11,125.93785862304684,133.26587478670146,141.58690844847428,133.90399121501306
Tron-o-matic 4,Philadelphia_01,2024-12-12,64.18477684126627,71.40183409038,76.48111523840058,70.80507192288356
Tron-o-matic 4,Philadelphia_01,2024-12-13,61.89670084895137,69.9488238531473,79.14446350905942,70.02421582296765
Tron-o-matic 4,Philadelphia_01,2024-12-14,93.15887172064173,101.3873346501157,109.53707473738709,101.18439796612314
Tron-o-matic 4,Philadelphia_01,2024-12-15,125.07856975539154,132.62088308177945,140.7311363800359,132.6638963587272
Tron-o-matic 4,Philadelphia_01,2024-12-16,65.05936808954021,71.9436608407527,79.50321427818633,71.94024924623508
Tron-o-matic 4,Philadelphia_01,2024-12-17,64.01331621901934,69.86078911313496,78.02538666637349,70.60214787364656
Tron-o-matic 4,Philadelphia_01,2024-12-18,61.69887252501465,70.18089855132375,76.41120149619371,69.79656801151067
Tron-o-matic 4,Philadelphia_01,2024-12-19,76.32864330973912,85.12028707738257,90.76376475117728,84.5068664919525
Tron-o-matic 4,Philadelphia_01,2024-12-20,63.59400059872458,70.88380157874221,77.61911781418276,70.62158923415522
Tron-o-matic 4,Philadelphia_01,2024-12-21,64.61575897464701,71.98308434574119,78.99875183804735,71.73623691594521
Tron-o-matic 4,Philadelphia_01,2024-12-22,65.49570241277434,72.22826882025178,79.33903818280497,72.57427050318739
Tron-o-matic 4,Philadelphia_01,2024-12-23,64.08646836667904,71.94165107954684,79.71090965698141,71.81188985795126
Tron-o-matic 4,Philadelphia_01,2024-12-24,64.91092648712609,72.01515863413333,78.99733921840637,72.15170649814937
Tron-o-matic 4,Philadelphia_01,2024-12-25,63.936275768585446,70.8340757330988,78.04296994883126,71.01632211174721
Tron-o-matic 4,Philadelphia_01,2024-12-26,94.54916082225942,102.36206657420173,109.81629761549497,102.43681101864311
Tron-o-matic 4,Philadelphia_01,2024-12-27,65.37504681695687,72.0821772869889,81.57462465893049,72.57817955993102
Tron-o-matic 4,Philadelphia_01,2024-12-28,65.24656235813752,72.36089398887574,79.43798413383296,72.42386107009597
Tron-o-matic 4,Philadelphia_01,2024-12-29,96.71356256542111,103.19010596629288,111.56350879536707,103.89694213801195
Tron-o-matic 4,Philadelphia_01,2024-12-30,128.94222801774876,136.560121378615,145.6590811469905,137.0980067641887
Tron-o-matic 4,Philadelphia_01,2024-12-31,87.90695349793923,96.70823856009568,102.90995686653584,95.9726271061455
Tron-o-matic 4,WashingtonDC_01,2024-10-01,73.6885089173311,83.33949250939287,90.74759045730215,82.89524205620177
Tron-o-matic 4,WashingtonDC_01,2024-10-02,98.35656873753386,106.93557940599409,114.31803936663671,106.55731980325722
Tron-o-matic 4,WashingtonDC_01,2024-10-03,75.40119077802589,81.69842814900264,91.89537935628229,82.70797738531174
Tron-o-matic 4,WashingtonDC_01,2024-10-04,133.0043054736948,141.76179313293645,148.80383037777838,141.48436506945333
Tron-o-matic 4,WashingtonDC_01,2024-10-05,105.73029366045796,112.95362957475002,122.757881267062,112.98613506338916
Tron-o-matic 4,WashingtonDC_01,2024-10-06,76.26419402018088,82.92410566187927,91.50292840166023,83.49447421383893
Tron-o-matic 4,WashingtonDC_01,2024-10-07,75.55456809474327,84.4186789156742,91.08000972766153,83.60073007161537
Tron-o-matic 4,WashingtonDC_01,2024-10-08,75.45934418486343,82.23835471980665,89.86754511779625,82.6758533214731
Tron-o-matic 4,WashingtonDC_01,2024-10-09,137.62493956721127,146.56663337423237,152.21202166489695,145.50960646925395
Tron-o-matic 4,WashingtonDC_01,2024-10-10,74.41904562896048,82.76896089636345,90.45723887390376,82.54126926174993
Tron-o-matic 4,WashingtonDC_01,2024-10-11,72.27659443651172,82.36240444229995,90.202719040799,81.77177450102863
Tron-o-matic 4,WashingtonDC_01,2024-10-12,97.20838882063082,106.628725460639,114.06950986695476,106.01187064849657
Tron-o-matic 4,WashingtonDC_01,2024-10-13,73.84960290608585,82.40995434980321,88.18471161978573,81.64519577465296
Tron-o-matic 4,WashingtonDC_01,2024-10-14,96.2233602116919,104.25367853247991,109.93912201505087,103.87198643502359
Tron-o-matic 4,WashingtonDC_01,2024-10-15,72.4328080040458,79.62013003152164,86.78828983193551,80.16549382078706
Tron-o-matic 4,WashingtonDC_01,2024-10-16,74.65004509029961,81.22008935898285,86.85426897376139,80.81667530898154
Tron-o-matic 4,WashingtonDC_01,2024-10-17,93.2383236371858,101.3060892720086,109.4119134627174,101.33950192550374
Tron-o-matic 4,WashingtonDC_01,2024-10-18,72.26309212725204,81.04077021954244,87.70322338660982,80.48964572903397
Tron-o-matic 4,WashingtonDC_01,2024-10-19,97.31370269971106,104.49189269693649,111.04285680090324,104.301166490997
Tron-o-matic 4,WashingtonDC_01,2024-10-20,72.48877795280279,79.87175727762212,87.00069097015601,79.55047804854098
Tron-o-matic 4,WashingtonDC_01,2024-10-21,72.81286236709741,79.8139696759982,87.54269964283964,80.24858033332872
Tron-o-matic 4,WashingtonDC_01,2024-10-22,140.56897097293174,146.52488247178326,152.15979625091967,146.09226794539268
Tron-o-matic 4,WashingtonDC_01,2024-10-23,129.46305895912408,136.85317397452482,144.18849411005877,136.5655645800129
Tron-o-matic 4,WashingtonDC_01,2024-10-24,71.78312366312123,77.75049200345867,85.67689351864584,78.28273889311339
Tron-o-matic 4,WashingtonDC_01,2024-10-25,71.31456199302018,78.8431409294381,87.36610802885426,78.94880778224578
Tron-o-matic 4,WashingtonDC_01,2024-10-26,99.99808334953357,108.49300364202094,118.9052702770634,108.9900806044743
Tron-o-matic 4,WashingtonDC_01,2024-10-27,81.92968547785345,88.28415637198547,95.56512825591115,88.84120751531307
Tron-o-matic 4,WashingtonDC_01,2024-10-28,71.21675271478854,79.52471396958504,86.37722531743617,78.85533691097734
Tron-o-matic 4,WashingtonDC_01,2024-10-29,69.85999398133976,77.19276645636376,83.47013856951617,77.10476677553373
Tron-o-matic 4,WashingtonDC_01,2024-10-30,70.34369619069513,77.64983876875823,85.93569462036781,77.94313684608449
Tron-o-matic 4,WashingtonDC_01,2024-10-31,96.47274169037887,103.4637815507764,111.38562689628455,103.56784144085816
Tron-o-matic 4,WashingtonDC_01,2024-11-01,70.43960349131156,76.91360454788558,85.21660796720364,77.43474343740539
Tron-o-matic 4,WashingtonDC_01,2024-11-02,84.57466438687521,94.12419373833819,100.09790592241951,93.32693308548038
Tron-o-matic 4,WashingtonDC_01,2024-11-03,131.68382862221148,139.8732285240423,147.59633282142343,139.97264648338668
Tron-o-matic 4,WashingtonDC_01,2024-11-04,69.36795001181439,77.35849767999802,83.94223586490055,76.89418703882099
Tron-o-matic 4,WashingtonDC_01,2024-11-05,68.94136858926475,75.31058593501066,83.00048252910933,75.60192426641412
Tron-o-matic 4,WashingtonDC_01,2024-11-06,132.43077837881083,141.07920006762217,146.8858958651223,140.4939515747967
Tron-o-matic 4,WashingtonDC_01,2024-11-07,113.3685074119933,119.800683712747,127.65993838667274,120.36320617412743
Tron-o-matic 4,WashingtonDC_01,2024-11-08,65.96348336487834,74.21445477865558,80.29517829581773,73.78983801276624
Tron-o-matic 4,WashingtonDC_01,2024-11-09,65.93993642104438,73.8714984111049,82.55950295806996,74.07051204657772
Tron-o-matic 4,WashingtonDC_01,2024-11-10,66.2897376295321,72.51200295731383,82.8294085769056,73.58270812400885
Tron-o-matic 4,WashingtonDC_01,2024-11-11,128.92426840413833,136.54180639945582,143.2749659935044,136.69288014718492
Tron-o-matic 4,WashingtonDC_01,2024-11-12,65.41825118101733,72.44043524226343,79.12678926706377,72.34007283453346
Tron-o-matic 4,WashingtonDC_01,2024-11-13,79.77634099941059,87.72748274040694,93.61653784305732,87.34867175656805
Tron-o-matic 4,WashingtonDC_01,2024-11-14,65.17017545811977,71.63587501700982,78.58549874886863,71.9952871376444
Tron-o-matic 4,WashingtonDC_01,2024-11-15,63.86284310486912,71.9883397994834,78.29758292903138,71.449808838047
Tron-o-matic 4,WashingtonDC_01,2024-11-16,63.81715232987531,72.0932689274278,79.66169652629867,71.91092444021922
Tron-o-matic 4,WashingtonDC_01,2024-11-17,62.407495235350424,71.97001640169395,80.78494995421494,71.5148547254244
Tron-o-matic 4,WashingtonDC_01,2024-11-18,63.267790916380335,71.65963650161603,79.41767910877263,71.73781618178582
Tron-o-matic 4,WashingtonDC_01,2024-11-19,62.11158859137004,70.11938390805383,78.39926397012637,70.1081910419639
Tron-o-matic 4,WashingtonDC_01,2024-11-20,63.4964616177149,70.74614414555587,79.03657803867897,71.024086839584
Tron-o-matic 4,WashingtonDC_01,2024-11-21,81.7054380451084,90.87373576163128,99.65254097323051,90.78329461198129
Tron-o-matic 4,WashingtonDC_01,2024-11-22,62.334906814445034,70.75445346683028,76.87092114470735,70.62624943333388
Tron-o-matic 4,WashingtonDC_01,2024-11-23,62.63583477122784,69.82770768928174,77.82021576681723,69.91645765104157
Tron-o-matic 4,WashingtonDC_01,2024-11-24,63.43201610003592,69.58207216433952,77.13291374762146,69.52551939488426
Tron-o-matic 4,WashingtonDC_01,2024-11-25,64.13795212108819,71.8082621558398,80.65753925109244,72.03649630488539
Tron-o-matic 4,WashingtonDC_01,2024-11-26,134.5344197021966,141.7459219404134,148.4174543887049,141.71175551706006
Tron-o-matic 4,WashingtonDC_01,2024-11-27,61.403725735484386,69.66511282094235,75.75253262858354,69.15234984694565
Tron-o-matic 4,WashingtonDC_01,2024-11-28,59.715822248530664,67.88761729151244,76.59324379899655,68.37996515663302
Tron-o-matic 4,WashingtonDC_01,2024-11-29,136.1080054693335,142.65456469156075,149.67211376807143,142.88686457084182
Tron-o-matic 4,WashingtonDC_01,2024-11-30,64.33324156346616,71.9759645767449,79.45791192378657,72.05734675615454
Tron-o-matic 4,WashingtonDC_01,2024-12-01,84.69556623597569,94.23625537394202,102.68476280428528,93.98935955656161
Tron-o-matic 4,WashingtonDC_01,2024-12-02,64.792388667483,71.74324638804006,79.54024968824149,71.71948590845449
Tron-o-matic 4,WashingtonDC_01,2024-12-03,82.6500519448965,90.68990152510264,99.13055267397964,90.1687216025464
Tron-o-matic 4,WashingtonDC_01,2024-12-04,64.48611025439357,71.2217483486721,78.08342871425447,71.54007680153045
Tron-o-matic 4,WashingtonDC_01,2024-12-05,62.0500029053339,70.0717504231351,79.30998669681696,70.03786227486721
Tron-o-matic 4,WashingtonDC_01,2024-12-06,62.31492310664238,71.61194071534545,79.22441627534916,71.41792650282463
Tron-o-matic 4,WashingtonDC_01,2024-12-07,64.15698528270183,71.57986788749707,81.1499650778112,71.96820412696343
Tron-o-matic 4,WashingtonDC_01,2024-12-08,124.82345944436287,132.63700825258815,139.53776643595842,132.13874954739427
Tron-o-matic 4,WashingtonDC_01,2024-12-09,64.6838733257567,72.03570552098724,79.90505945526657,71.98573330986342
Tron-o-matic 4,WashingtonDC_01,2024-12-10,76.91115194604056,85.54112014952965,92.11936809489845,85.49367918738909
Tron-o-matic 4,WashingtonDC_01,2024-12-11,127.34342538009305,135.7251056055534,143.71128991403418,135.3308140615608
Tron-o-matic 4,WashingtonDC_01,2024-12-12,64.23253334555356,71.35879812318774,78.98523608359227,71.42084201251284
Tron-o-matic 4,WashingtonDC_01,2024-12-13,62.44844169963302,71.88804630494789,78.950078603407,71.38141152708903
Tron-o-matic 4,WashingtonDC_01,2024-12-14,94.98381898868891,102.61737591946154,109.3596296673259,102.56569501899563
Tron-o-matic 4,WashingtonDC_01,2024-12-15,128.26298789933355,134.28918270434113,141.73690481883907,134.73730760089327
Tron-o-matic 4,WashingtonDC_01,2024-12-16,66.44389095955606,74.2777221329798,80.59731960801535,73.79761095325489
Tron-o-matic 4,WashingtonDC_01,2024-12-17,65.69483449589059,73.11776111574588,78.72240239253411,72.45303236244142
Tron-o-matic 4,WashingtonDC_01,2024-12-18,65.02736742811484,72.50651015250952,80.48607877063407,72.32162258792864
Tron-o-matic 4,WashingtonDC_01,2024-12-19,77.42287299124595,86.5939813797184,92.92954497477118,85.76448121838881
Tron-o-matic 4,WashingtonDC_01,2024-12-20,64.32193234798348,73.43582992196184,79.27927400085534,72.2119516041482
Tron-o-matic 4,WashingtonDC_01,2024-12-21,62.63576066349839,72.41596250734922,80.56819356859455,72.20145170810943
Tron-o-matic 4,WashingtonDC_01,2024-12-22,65.97280314248619,73.96419529860886,80.75426150314361,73.47589900282887
Tron-o-matic 4,WashingtonDC_01,2024-12-23,65.10959122656102,75.03497988948168,82.35322031685772,74.1307738336693
Tron-o-matic 4,WashingtonDC_01,2024-12-24,64.5141755956223,74.30950436103527,80.37770824787165,72.92075084971975
Tron-o-matic 4,WashingtonDC_01,2024-12-25,66.17153313326422,73.51845088268128,80.17550083211677,73.43160120651012
Tron-o-matic 4,WashingtonDC_01,2024-12-26,94.40990572002036,103.44642294709868,111.1328191522411,103.3081744294967
Tron-o-matic 4,WashingtonDC_01,2024-12-27,64.47931027277414,72.94067535081892,78.90300110945867,72.16999857391885
Tron-o-matic 4,WashingtonDC_01,2024-12-28,65.4744113522153,73.3024260187079,80.47485936402197,73.28928200198793
Tron-o-matic 4,WashingtonDC_01,2024-12-29,96.83239058812796,104.00493934933331,112.15403852863417,104.48571814275967
Tron-o-matic 4,WashingtonDC_01,2024-12-30,132.78015620040998,140.05554895874454,146.26291575600362,139.7728075629983
Tron-o-matic 4,WashingtonDC_01,2024-12-31,89.68202150028519,96.05860763832803,102.52239525072376,95.88616131275984
Tron-o-matic 5 Pro,Dallas_01,2024-10-01,41.19854908959671,45.80478028799985,50.37611452051545,45.696877371589586
Tron-o-matic 5 Pro,Dallas_01,2024-10-02,69.09100399455147,73.79928549350387,78.17966220600276,73.6747637645221
Tron-o-matic 5 Pro,Dallas_01,2024-10-03,40.91788977525066,45.13718472920227,49.05305878436909,45.25589736524216
Tron-o-matic 5 Pro,Dallas_01,2024-10-04,51.00629930900938,55.15869170901125,60.08064763203504,55.33373175194706
Tron-o-matic 5 Pro,Dallas_01,2024-10-05,41.97467818507458,46.04549243835319,50.48029173287847,46.055086586799234
Tron-o-matic 5 Pro,Dallas_01,2024-10-06,71.1299577410849,75.78565060334506,79.67291286628807,75.65037286265739
Tron-o-matic 5 Pro,Dallas_01,2024-10-07,41.62128978795418,45.66075134664215,50.490319207364024,45.825406740334564
Tron-o-matic 5 Pro,Dallas_01,2024-10-08,42.620050431215816,46.47975927771645,50.327345639031506,46.55863983683778
Tron-o-matic 5 Pro,Dallas_01,2024-10-09,58.45991476429614,61.7320620041069,65.69469547884621,61.69719334852431
Tron-o-matic 5 Pro,Dallas_01,2024-10-10,47.754477304989486,51.93685898642331,55.36882913148813,51.65405878196508
Tron-o-matic 5 Pro,Dallas_01,2024-10-11,40.625951895627445,45.926224570201725,50.31995699951661,45.53680898014974
Tron-o-matic 5 Pro,Dallas_01,2024-10-12,41.33619278538159,44.95653216338544,49.694206142416235,45.407718329833834
Tron-o-matic 5 Pro,Dallas_01,2024-10-13,41.316523794968,45.19958429408684,50.10395665626121,45.36186764125496
Tron-o-matic 5 Pro,Dallas_01,2024-10-14,41.77931436934648,45.93801306866742,50.47468061997328,46.077477443045964
Tron-o-matic 5 Pro,Dallas_01,2024-10-15,40.747001080886996,45.34971397260064,49.5950305551678,45.22890788042606
Tron-o-matic 5 Pro,Dallas_01,2024-10-16,41.47137160344868,44.92538387666792,50.62093030331487,45.245946311451796
Tron-o-matic 5 Pro,Dallas_01,2024-10-17,41.44350220761398,45.79530931792767,50.09975331833596,45.79529076554533
Tron-o-matic 5 Pro,Dallas_01,2024-10-18,40.81236660855262,44.67450455672354,50.040301426874024,45.21417084036814
Tron-o-matic 5 Pro,Dallas_01,2024-10-19,41.18713259519545,45.42662252494677,49.48630948050551,45.41810704342893
Tron-o-matic 5 Pro,Dallas_01,2024-10-20,40.42071312665789,44.72771667986795,49.72110908658559,44.85899472811879
Tron-o-matic 5 Pro,Dallas_01,2024-10-21,41.1900866596754,45.09151255315139,49.69149554799538,45.35271261456722
Tron-o-matic 5 Pro,Dallas_01,2024-10-22,39.81290081275887,44.12053105937639,48.93756816548068,44.38860304567457
Tron-o-matic 5 Pro,Dallas_01,2024-10-23,40.766732482480336,45.38131977697172,49.73736488530878,45.206408630786015
Tron-o-matic 5 Pro,Dallas_01,2024-10-24,39.62165568085577,44.39911043677006,48.77765192233493,44.400131407532
Tron-o-matic 5 Pro,Dallas_01,2024-10-25,40.199311037718346,44.10178199570844,48.688482893914184,44.034191362597646
Tron-o-matic 5 Pro,Dallas_01,2024-10-26,40.00665313812338,44.28374234537887,48.396998531475795,44.30626444965943
Tron-o-matic 5 Pro,Dallas_01,2024-10-27,39.38201507433965,44.399884988752476,48.39779846578755,43.805331407563315
Tron-o-matic 5 Pro,Dallas_01,2024-10-28,56.390743069947355,60.210567747913295,64.72480948765678,60.42284112915468
Tron-o-matic 5 Pro,Dallas_01,2024-10-29,38.73912772262871,43.51061097198976,48.65122423419226,43.51735641737022
Tron-o-matic 5 Pro,Dallas_01,2024-10-30,39.329119925944866,42.8393689506992,47.848984017751434,43.185980358416636
Tron-o-matic 5 Pro,Dallas_01,2024-10-31,38.00217196163028,42.829550257324485,46.72529897100645,42.76665306138145
Tron-o-matic 5 Pro,Dallas_01,2024-11-01,77.6455064133273,82.65061904491881,86.07066847641482,82.41589649088917
Tron-o-matic 5 Pro,Dallas_01,2024-11-02,38.88031286398949,42.468850978757416,46.22366751343215,42.335522869826825
Tron-o-matic 5 Pro,Dallas_01,2024-11-03,45.84809180307499,50.13860615643185,54.69423456902961,50.16345221236003
Tron-o-matic 5 Pro,Dallas_01,2024-11-04,63.533192188939594,68.41286222538011,72.68229010106784,68.15487992541303
Tron-o-matic 5 Pro,Dallas_01,2024-11-05,47.91106099818039,52.59552328768479,57.15417806353262,52.543824513308536
Tron-o-matic 5 Pro,Dallas_01,2024-11-06,55.347122003488465,59.905396378633434,64.30142321267235,59.69490807599602
Tron-o-matic 5 Pro,Dallas_01,2024-11-07,72.57847295339465,77.51744727069175,81.81781317887281,77.54945211622562
Tron-o-matic 5 Pro,Dallas_01,2024-11-08,36.95454316612936,41.24447672560509,45.925564378240146,41.481756233343184
Tron-o-matic 5 Pro,Dallas_01,2024-11-09,45.84908296079344,50.69874627386559,54.85191728330957,50.604254690717006
Tron-o-matic 5 Pro,Dallas_01,2024-11-10,45.91993765578179,50.07297530109414,53.502258596035446,49.712256395024305
Tron-o-matic 5 Pro,Dallas_01,2024-11-11,36.235432130796404,40.356256532849414,45.081725739069526,40.61477098669821
Tron-o-matic 5 Pro,Dallas_01,2024-11-12,35.76881973375785,40.24613447092443,44.5118070421182,40.172586800215306
Tron-o-matic 5 Pro,Dallas_01,2024-11-13,35.69888314603939,39.90066509852539,44.72138507009934,40.055361205365045
Tron-o-matic 5 Pro,Dallas_01,2024-11-14,35.787368384449195,39.74905896492834,43.55403221610791,39.716509212589706
Tron-o-matic 5 Pro,Dallas_01,2024-11-15,35.31245642862558,40.088095945828755,44.335074836994515,39.717965997029225
Tron-o-matic 5 Pro,Dallas_01,2024-11-16,73.33146812244061,77.14977622198683,81.35134668443621,77.33016848994018
Tron-o-matic 5 Pro,Dallas_01,2024-11-17,36.01752849346249,39.176301741641566,43.50322769495428,39.30882224871473
Tron-o-matic 5 Pro,Dallas_01,2024-11-18,35.094978928324586,39.28290246429864,43.21142790528111,39.30464709123461
Tron-o-matic 5 Pro,Dallas_01,2024-11-19,35.49544638910632,39.638515286722715,44.81045859698543,39.77985695334072
Tron-o-matic 5 Pro,Dallas_01,2024-11-20,64.36285665795646,68.82451172956263,73.0330363231802,68.73037723942885
Tron-o-matic 5 Pro,Dallas_01,2024-11-21,33.62298493721518,38.77735787534065,44.236904069006975,39.06969920526544
Tron-o-matic 5 Pro,Dallas_01,2024-11-22,34.66008998561149,39.41070918253747,43.73557376879116,39.19859568850026
Tron-o-matic 5 Pro,Dallas_01,2024-11-23,46.96811934906192,51.73059952677959,55.089707260984135,51.05366277998941
Tron-o-matic 5 Pro,Dallas_01,2024-11-24,68.95453020743123,75.32511455530845,78.97230331400473,74.66378110891154
Tron-o-matic 5 Pro,Dallas_01,2024-11-25,36.61943430403908,40.014808076278115,43.302734717547445,40.23687879488165
Tron-o-matic 5 Pro,Dallas_01,2024-11-26,35.8657105378635,40.58953419654518,44.45349253330617,40.30039610862292
Tron-o-matic 5 Pro,Dallas_01,2024-11-27,74.66453200641618,78.30241627063101,82.77999107379128,78.36482548026817
Tron-o-matic 5 Pro,Dallas_01,2024-11-28,35.984161153125314,40.49851841481744,43.7249795306013,40.28771054059255
Tron-o-matic 5 Pro,Dallas_01,2024-11-29,75.74188167560925,80.46434812406913,85.39784616844226,80.48670812080897
Tron-o-matic 5 Pro,Dallas_01,2024-11-30,36.46165551881759,39.91486526398505,43.81164313576403,40.182499909338624
Tron-o-matic 5 Pro,Dallas_01,2024-12-01,49.636153273997834,53.27863626475044,58.3352975325905,53.75766178353498
Tron-o-matic 5 Pro,Dallas_01,2024-12-02,37.33646392174001,41.3423546130342,45.14563956540078,41.34523737571852
Tron-o-matic 5 Pro,Dallas_01,2024-12-03,36.27877780386186,40.92725053356946,44.302876511778976,40.68459204428839
Tron-o-matic 5 Pro,Dallas_01,2024-12-04,37.08067493201451,41.05036780675462,45.14775787819506,40.94536253448092
Tron-o-matic 5 Pro,Dallas_01,2024-12-05,36.66209269128216,40.90217620726517,45.672302999124426,41.000687454490205
Tron-o-matic 5 Pro,Dallas_01,2024-12-06,69.27137223555349,72.67545365489399,77.0116270805231,72.83049912980488
Tron-o-matic 5 Pro,Dallas_01,2024-12-07,38.254013471168946,41.110110136710965,45.03561044126025,41.16994302894276
Tron-o-matic 5 Pro,Dallas_01,2024-12-08,35.62339923740025,40.68189862381114,44.5192544416663,40.48275778488767
Tron-o-matic 5 Pro,Dallas_01,2024-12-09,36.58063781415716,41.231383787091744,45.848126550193655,41.360941884100896
Tron-o-matic 5 Pro,Dallas_01,2024-12-10,36.771036745364796,40.76968172095428,46.76105818973611,41.29145412560622
Tron-o-matic 5 Pro,Dallas_01,2024-12-11,37.40665454964763,41.21769239668361,44.791330099616964,41.290108926540846
Tron-o-matic 5 Pro,Dallas_01,2024-12-12,36.3410372467547,41.586697339403635,45.34529378269122,40.975008848453335
Tron-o-matic 5 Pro,Dallas_01,2024-12-13,51.23397697220071,56.44657300579074,61.47118137954705,56.35001406680378
Tron-o-matic 5 Pro,Dallas_01,2024-12-14,36.55982761689058,40.8639004679551,44.149354863543756,40.88674010639569
Tron-o-matic 5 Pro,Dallas_01,2024-12-15,35.74018036446831,40.076674040351385,44.23037715145885,40.22290147610878
Tron-o-matic 5 Pro,Dallas_01,2024-12-16,46.00538210569212,49.9946635930383,53.95829597644419,50.11936210930073
Tron-o-matic 5 Pro,Dallas_01,2024-12-17,36.166531612069804,41.0371522009849,44.85822452900779,40.901595361310655
Tron-o-matic 5 Pro,Dallas_01,2024-12-18,36.54221284628621,41.5262686702499,44.84904883870056,40.98298077538038
Tron-o-matic 5 Pro,Dallas_01,2024-12-19,48.72449340401128,52.910188292180194,57.425807722567455,53.073640521293676
Tron-o-matic 5 Pro,Dallas_01,2024-12-20,36.63423300196327,40.313634711882685,44.022853206617874,40.37545477452523
Tron-o-matic 5 Pro,Dallas_01,2024-12-21,44.77322579495382,48.75179520977393,53.55263913182003,49.06102323804524
Tron-o-matic 5 Pro,Dallas_01,2024-12-22,44.806043451203685,50.05277761552512,55.910235017024036,49.96682629434609
Tron-o-matic 5 Pro,Dallas_01,2024-12-23,49.89478675116954,54.82907492660596,58.630508638364894,54.253731940589596
Tron-o-matic 5 Pro,Dallas_01,2024-12-24,48.713711150865805,52.38725491452564,57.089849969646636,52.91722005349908
Tron-o-matic 5 Pro,Dallas_01,2024-12-25,44.57041103334448,48.860024622752164,52.92058825387084,48.76401730198131
Tron-o-matic 5 Pro,Dallas_01,2024-12-26,36.30546604295868,40.955444139248876,45.19608875532636,40.987739567142334
Tron-o-matic 5 Pro,Dallas_01,2024-12-27,67.1224359039893,71.90165704279121,75.76541248528426,71.63237858539487
Tron-o-matic 5 Pro,Dallas_01,2024-12-28,36.45720389305403,41.34580564972801,46.14086962433351,41.18705795002175
Tron-o-matic 5 Pro,Dallas_01,2024-12-29,36.121086272058086,41.43423602047107,45.173950731212386,41.02306667415647
Tron-o-matic 5 Pro,Dallas_01,2024-12-30,76.51499670631117,81.41431101806168,85.71109521650236,81.23457985305977
Tron-o-matic 5 Pro,Dallas_01,2024-12-31,37.02958077848333,41.649052080634654,46.15378479851713,41.75771818923203
Tron-o-matic 5 Pro,Atlanta_01,2024-10-01,32.706448400905515,35.7289635078224,39.77106084230318,35.88666616265595
Tron-o-matic 5 Pro,Atlanta_01,2024-10-02,54.90726845495823,57.898109372778244,61.27916779288492,57.934586631073415
Tron-o-matic 5 Pro,Atlanta_01,2024-10-03,31.819650101094044,34.85004804937854,38.6029549580408,35.01839096878157
Tron-o-matic 5 Pro,Atlanta_01,2024-10-04,39.30260674428402,42.64540532045816,46.55202964612103,42.938762327422694
Tron-o-matic 5 Pro,Atlanta_01,2024-10-05,32.32734550665892,35.754627514712375,38.94745302979295,35.55276393321427
Tron-o-matic 5 Pro,Atlanta_01,2024-10-06,56.73766326709424,60.000093991636874,63.6181960856386,59.972983999846335
Tron-o-matic 5 Pro,Atlanta_01,2024-10-07,32.275837004096026,35.95905147292273,39.476291906825644,35.956128443469886
Tron-o-matic 5 Pro,Atlanta_01,2024-10-08,31.65230535403405,35.18018196372865,38.8100980205486,35.12878144635398
Tron-o-matic 5 Pro,Atlanta_01,2024-10-09,45.4440244718679,48.56133125551926,51.35667744043893,48.45878298659707
Tron-o-matic 5 Pro,Atlanta_01,2024-10-10,36.34006471545202,39.55465936866748,42.966360194539334,39.620169574611076
Tron-o-matic 5 Pro,Atlanta_01,2024-10-11,32.204151679181926,36.333217100504044,39.59525399063921,36.10544453546065
Tron-o-matic 5 Pro,Atlanta_01,2024-10-12,32.16733293091303,34.91421936362951,38.49508684248475,35.20822537064237
Tron-o-matic 5 Pro,Atlanta_01,2024-10-13,31.566239809276002,35.22284342226384,38.486578662385384,35.225688538554486
Tron-o-matic 5 Pro,Atlanta_01,2024-10-14,32.10948501019878,35.562063895979314,39.283459529733264,35.53940185020266
Tron-o-matic 5 Pro,Atlanta_01,2024-10-15,32.33102435907953,35.368642843050715,38.722578281855434,35.49934223080914
Tron-o-matic 5 Pro,Atlanta_01,2024-10-16,32.18326787035855,35.30488784153277,38.87939413131834,35.44824429404041
Tron-o-matic 5 Pro,Atlanta_01,2024-10-17,31.683942721427613,35.103375663448354,38.32684048400609,34.96107838723327
Tron-o-matic 5 Pro,Atlanta_01,2024-10-18,32.467465054473735,35.429155965807645,39.19764649006144,35.708637999348724
Tron-o-matic 5 Pro,Atlanta_01,2024-10-19,32.136442261306854,34.88630738426314,38.317899725344574,34.88521852862433
Tron-o-matic 5 Pro,Atlanta_01,2024-10-20,32.508199329172896,35.387404362298746,38.70241941369454,35.40104320625262
Tron-o-matic 5 Pro,Atlanta_01,2024-10-21,32.468137479541916,35.18742675401644,38.139112738143716,35.229857101231445
Tron-o-matic 5 Pro,Atlanta_01,2024-10-22,31.59231707929001,34.95919634658302,38.575374684239826,34.75558126807955
Tron-o-matic 5 Pro,Atlanta_01,2024-10-23,30.803506317542332,35.009127931450436,37.55953433733252,34.396586295197295
Tron-o-matic 5 Pro,Atlanta_01,2024-10-24,30.633464507263202,34.30122514027649,37.73960591573393,34.248213259564004
Tron-o-matic 5 Pro,Atlanta_01,2024-10-25,31.271397226205977,34.878147348484084,38.00897329541621,34.74112255578318
Tron-o-matic 5 Pro,Atlanta_01,2024-10-26,31.502692819994365,34.33886355266193,37.64586585470002,34.2113391697366
Tron-o-matic 5 Pro,Atlanta_01,2024-10-27,31.878516211085124,34.622263276462405,38.2175731381435,34.75385667455552
Tron-o-matic 5 Pro,Atlanta_01,2024-10-28,43.36276575063366,46.70143013353986,48.985465249055764,46.48962559592789
Tron-o-matic 5 Pro,Atlanta_01,2024-10-29,31.05569363784778,33.70268479842158,37.62317909857369,34.04908453330465
Tron-o-matic 5 Pro,Atlanta_01,2024-10-30,31.03300372652946,34.3214484400046,37.13728795741336,34.270731254333576
Tron-o-matic 5 Pro,Atlanta_01,2024-10-31,29.25898452462596,33.09735717213316,36.82134643193527,33.286714792235394
Tron-o-matic 5 Pro,Atlanta_01,2024-11-01,62.16327991898488,65.84361320607785,68.38770746614128,65.58116673580325
Tron-o-matic 5 Pro,Atlanta_01,2024-11-02,30.347868768869372,33.28285867606074,36.21865263216261,33.274568073363504
Tron-o-matic 5 Pro,Atlanta_01,2024-11-03,37.35611637220274,40.5591288299924,44.07769222928049,40.61719061734211
Tron-o-matic 5 Pro,Atlanta_01,2024-11-04,49.22654731943181,52.80263395808276,56.06429329844171,52.66064665401178
Tron-o-matic 5 Pro,Atlanta_01,2024-11-05,37.536924701952216,40.95156013326988,44.65391125028802,41.11603194546466
Tron-o-matic 5 Pro,Atlanta_01,2024-11-06,43.4629029979485,47.36177046459531,50.26479267402648,47.03665464657758
Tron-o-matic 5 Pro,Atlanta_01,2024-11-07,56.88667467831488,60.02959960843032,63.06235040531762,60.12147393292263
Tron-o-matic 5 Pro,Atlanta_01,2024-11-08,28.70008297105919,32.205834874513734,35.36199128952095,32.06341883252514
Tron-o-matic 5 Pro,Atlanta_01,2024-11-09,36.20912475280877,39.545323892514496,42.92986019928856,39.63439739454358
Tron-o-matic 5 Pro,Atlanta_01,2024-11-10,35.64247756788736,39.45556348568937,42.78115281515695,39.32661006461433
Tron-o-matic 5 Pro,Atlanta_01,2024-11-11,28.80725209017435,32.424884888085614,34.89751684051021,31.974353508772655
Tron-o-matic 5 Pro,Atlanta_01,2024-11-12,28.056597862029435,31.066037201178176,33.84605365169131,31.072036271221513
Tron-o-matic 5 Pro,Atlanta_01,2024-11-13,27.79863728265562,31.47537168943997,35.112756246738805,31.35148601758942
Tron-o-matic 5 Pro,Atlanta_01,2024-11-14,28.172762143872895,31.300218773656702,34.61692070183996,31.291266773408356
Tron-o-matic 5 Pro,Atlanta_01,2024-11-15,27.024403648249823,31.643272060806922,35.437618319853485,31.653696433147097
Tron-o-matic 5 Pro,Atlanta_01,2024-11-16,56.60431821855829,60.05656125853205,63.98828766434532,60.0278349019173
Tron-o-matic 5 Pro,Atlanta_01,2024-11-17,27.626539886004636,31.59918348092498,34.34985989720521,31.414465169523805
Tron-o-matic 5 Pro,Atlanta_01,2024-11-18,28.47433492595859,31.161051954629222,35.2876192550756,31.405393201531474
Tron-o-matic 5 Pro,Atlanta_01,2024-11-19,27.548347933975897,31.024491794479555,34.38844081617181,30.928936577100384
Tron-o-matic 5 Pro,Atlanta_01,2024-11-20,49.97912351207946,54.26515807263764,57.27771947691324,53.92864836847755
Tron-o-matic 5 Pro,Atlanta_01,2024-11-21,28.252787578798497,31.862795858103297,34.616429576652365,31.440169450950403
Tron-o-matic 5 Pro,Atlanta_01,2024-11-22,27.670738825830703,31.007980383565105,33.99560860538346,31.04064471897456
Tron-o-matic 5 Pro,Atlanta_01,2024-11-23,35.46398166037252,39.455419805451086,43.795836400990304,39.59592671316324
Tron-o-matic 5 Pro,Atlanta_01,2024-11-24,55.132417475647564,58.66592053892188,61.62125489828185,58.529505911711865
Tron-o-matic 5 Pro,Atlanta_01,2024-11-25,27.774562425232116,31.394906002608472,35.43974900048075,31.50198254138869
Tron-o-matic 5 Pro,Atlanta_01,2024-11-26,27.484335428378973,31.132630279619978,34.40372055329016,31.004521637841012
Tron-o-matic 5 Pro,Atlanta_01,2024-11-27,57.714255371438625,60.749854276928474,64.07046027630386,60.87643714034909
Tron-o-matic 5 Pro,Atlanta_01,2024-11-28,26.968210138058907,31.131003982388712,34.46952698495146,30.96698772867954
Tron-o-matic 5 Pro,Atlanta_01,2024-11-29,59.587704142995,63.017056527013494,66.68381239389218,62.919542241362315
Tron-o-matic 5 Pro,Atlanta_01,2024-11-30,28.87671458442816,31.44341804627114,34.822936666359595,31.68502584009344
Tron-o-matic 5 Pro,Atlanta_01,2024-12-01,37.98278224339064,42.22663733279208,46.169812079343416,41.97520770435352
Tron-o-matic 5 Pro,Atlanta_01,2024-12-02,28.553264247707162,31.86626050401906,34.487678348661646,31.719217962260764
Tron-o-matic 5 Pro,Atlanta_01,2024-12-03,28.449692672306124,31.778961098617298,35.17541882320545,31.721427693663376
Tron-o-matic 5 Pro,Atlanta_01,2024-12-04,29.244308264598907,32.03753921695735,35.588877070326255,32.26430271111839
Tron-o-matic 5 Pro,Atlanta_01,2024-12-05,28.823203746973977,31.997280133906134,35.754927125547205,32.11826668868716
Tron-o-matic 5 Pro,Atlanta_01,2024-12-06,53.28672464009865,56.773559168520755,60.62249115771671,56.66106119534974
Tron-o-matic 5 Pro,Atlanta_01,2024-12-07,28.466044091136972,32.387472593768294,35.993477021036,32.20574197747478
Tron-o-matic 5 Pro,Atlanta_01,2024-12-08,28.379653989744263,31.652365823953723,35.13793513807195,31.65436288813237
Tron-o-matic 5 Pro,Atlanta_01,2024-12-09,28.98798797479077,31.977748610238688,35.88117497210367,32.2176017340817
Tron-o-matic 5 Pro,Atlanta_01,2024-12-10,27.87464152975178,31.191524988388185,34.45742705513996,31.27271892177554
Tron-o-matic 5 Pro,Atlanta_01,2024-12-11,28.508030038586753,32.075445328053796,35.39331694892612,31.858097213372666
Tron-o-matic 5 Pro,Atlanta_01,2024-12-12,28.08603882991973,31.413436917275174,35.05647920980835,31.55058635840718
Tron-o-matic 5 Pro,Atlanta_01,2024-12-13,41.21624758797037,44.27499988273831,47.53724176747035,44.39284029461777
Tron-o-matic 5 Pro,Atlanta_01,2024-12-14,28.936634910174124,32.63174305518453,35.19769228229206,32.430865429045774
Tron-o-matic 5 Pro,Atlanta_01,2024-12-15,28.254736872153593,31.92833016740366,34.827174849426314,31.71003179280272
Tron-o-matic 5 Pro,Atlanta_01,2024-12-16,34.25954545562525,38.402249448546726,41.600800826838004,38.18883644091841
Tron-o-matic 5 Pro,Atlanta_01,2024-12-17,28.326229398720752,31.342529997809052,34.825643792326105,31.438383724878513
Tron-o-matic 5 Pro,Atlanta_01,2024-12-18,27.971037500927377,32.35632280716489,35.12537090956929,31.959804483146055
Tron-o-matic 5 Pro,Atlanta_01,2024-12-19,38.2563554762816,41.29876422382881,44.01738650742235,41.194475170270834
Tron-o-matic 5 Pro,Atlanta_01,2024-12-20,27.6149542836878,31.867866328196055,35.90255928699113,31.679343083107753
Tron-o-matic 5 Pro,Atlanta_01,2024-12-21,34.64581128826558,38.11712855909349,41.312695674560544,37.8176570621122
Tron-o-matic 5 Pro,Atlanta_01,2024-12-22,35.600645833647775,38.96643702892942,41.77806102196604,38.79895006604239
Tron-o-matic 5 Pro,Atlanta_01,2024-12-23,38.28074941384333,42.235261791864666,45.42593333211617,41.95342306708021
Tron-o-matic 5 Pro,Atlanta_01,2024-12-24,36.57211581669244,40.18364695543175,43.985565528972785,40.23467546799277
Tron-o-matic 5 Pro,Atlanta_01,2024-12-25,33.57978882447933,37.66786521697062,40.93585517459179,37.49983416731554
Tron-o-matic 5 Pro,Atlanta_01,2024-12-26,28.27341538149643,31.08231091903987,34.218022917504726,31.19012280224705
Tron-o-matic 5 Pro,Atlanta_01,2024-12-27,52.54224640861202,56.14457002609069,59.15274405135232,55.94926136649585
Tron-o-matic 5 Pro,Atlanta_01,2024-12-28,28.901014415297567,31.59184238029161,35.44371928366801,31.74974503693691
Tron-o-matic 5 Pro,Atlanta_01,2024-12-29,28.621622199800193,31.991346559595414,34.940915190537915,31.86654441336314
Tron-o-matic 5 Pro,Atlanta_01,2024-12-30,60.03267273830948,63.835540385278286,67.26915671301319,63.684589400335305
Tron-o-matic 5 Pro,Atlanta_01,2024-12-31,28.299155426898867,31.52809055731839,35.12201769670301,31.620038786100704
Tron-o-matic 4,LosAngeles_01,2024-10-01,154.91112414385356,169.28940946359148,184.630508534483,169.7494986723173
Tron-o-matic 4,LosAngeles_01,2024-10-02,204.29581426439404,219.5327953435427,231.20426054939617,218.75267020307336
Tron-o-matic 4,LosAngeles_01,2024-10-03,155.31009782929712,170.8662444027532,182.9783154198209,169.92073275962179
Tron-o-matic 4,LosAngeles_01,2024-10-04,274.70388459715787,290.05237420043903,303.0130915835019,290.0506353212488
Tron-o-matic 4,LosAngeles_01,2024-10-05,217.47598005311227,232.40817297501135,245.39129065301103,232.60418203291917
Tron-o-matic 4,LosAngeles_01,2024-10-06,156.467137488012,168.91910411798065,183.5527996121029,169.53042036758606
Tron-o-matic 4,LosAngeles_01,2024-10-07,157.64666667516093,172.6833546269081,188.1946159067432,173.06778525398096
Tron-o-matic 4,LosAngeles_01,2024-10-08,155.51566697316744,167.89968531328225,185.88522033318787,169.87964460365092
Tron-o-matic 4,LosAngeles_01,2024-10-09,284.6130097226548,298.61646948280026,313.36974351523247,299.61766459499495
Tron-o-matic 4,LosAngeles_01,2024-10-10,153.87719632684318,167.34671755415118,180.7331541268196,168.03937524496052
Tron-o-matic 4,LosAngeles_01,2024-10-11,152.53168476475716,170.37421332160474,185.75853717753586,169.13391739469117
Tron-o-matic 4,LosAngeles_01,2024-10-12,198.46044288270585,216.830286569998,233.1760779305738,215.98755729890544
Tron-o-matic 4,LosAngeles_01,2024-10-13,152.2013868831507,170.57579101215453,181.81447794431634,168.44750084801868
Tron-o-matic 4,LosAngeles_01,2024-10-14,199.80841316409203,214.82139557661534,230.45568027540008,215.25542200715697
Tron-o-matic 4,LosAngeles_01,2024-10-15,150.56468076342352,166.59460372758525,184.20887776403518,167.50625653533314
Tron-o-matic 4,LosAngeles_01,2024-10-16,149.8708663630578,165.5358532151719,177.04632787642203,164.73651600814782
Tron-o-matic 4,LosAngeles_01,2024-10-17,194.0565069537189,209.9995784443434,229.09228746169438,210.26780955712582
Tron-o-matic 4,LosAngeles_01,2024-10-18,150.5981842431608,164.4965894461623,177.65133647605626,163.9813935573575
Tron-o-matic 4,LosAngeles_01,2024-10-19,199.27638195803704,212.62501339022919,228.22662606791553,213.15686823364445
Tron-o-matic 4,LosAngeles_01,2024-10-20,151.72454177911192,167.33267302812905,179.42454964520928,165.9936787059773
Tron-o-matic 4,LosAngeles_01,2024-10-21,149.94139835527963,164.15661766338974,179.47760881910543,164.17254719531726
Tron-o-matic 4,LosAngeles_01,2024-10-22,284.22544152596225,303.6406007444105,317.26386570139886,302.29585183445545
Tron-o-matic 4,LosAngeles_01,2024-10-23,267.85353280669466,282.6537401612448,299.0536892573621,282.53725492716626
Tron-o-matic 4,LosAngeles_01,2024-10-24,150.06652029441537,161.81455190096779,174.72689281694093,162.75637081101647
Tron-o-matic 4,LosAngeles_01,2024-10-25,143.93750973954224,159.86150812993384,173.11449470572856,159.0334353086624
Tron-o-matic 4,LosAngeles_01,2024-10-26,205.74655364974217,224.02472193026586,236.0769513253654,223.29379679923625
Tron-o-matic 4,LosAngeles_01,2024-10-27,164.29277414897336,182.28234258240275,198.81031979875704,181.64756959087038
Tron-o-matic 4,LosAngeles_01,2024-10-28,147.47682583964973,163.258869094926,175.3060829799829,162.435625564037
Tron-o-matic 4,LosAngeles_01,2024-10-29,140.2570086748663,155.8855051944497,171.92335309666595,156.19459302647255
Tron-o-matic 4,LosAngeles_01,2024-10-30,143.7303023038083,158.41600423024002,170.56485434856603,157.1773779967618
Tron-o-matic 4,LosAngeles_01,2024-10-31,197.05318695900957,213.23527223451316,226.62715617038782,212.97738545176887
Tron-o-matic 4,LosAngeles_01,2024-11-01,138.12235642416192,157.94015286844714,174.52120787370038,156.44990480001422
Tron-o-matic 4,LosAngeles_01,2024-11-02,171.8227979317111,186.5704923354431,204.95009942694364,188.32418202555237
Tron-o-matic 4,LosAngeles_01,2024-11-03,267.0343438996713,284.31490179114274,301.2300069966903,284.58227165774906
Tron-o-matic 4,LosAngeles_01,2024-11-04,141.67392118632995,156.57402292888895,172.4990286644137,157.20615640151328
Tron-o-matic 4,LosAngeles_01,2024-11-05,137.16096099840183,151.62516761536693,166.0010772332809,151.86802230070182
Tron-o-matic 4,LosAngeles_01,2024-11-06,271.47226865195887,284.68492617370384,298.1290185562873,284.4122621339071
Tron-o-matic 4,LosAngeles_01,2024-11-07,234.4871314472444,246.50172292798155,262.8792346325089,247.49951634409084
Tron-o-matic 4,LosAngeles_01,2024-11-08,134.02254246973837,151.10853829577525,167.84028225957456,151.26352432199133
Tron-o-matic 4,LosAngeles_01,2024-11-09,134.6381464185279,149.06118909665804,165.6137705224145,149.79915326319733
Tron-o-matic 4,LosAngeles_01,2024-11-10,139.61098300197955,152.03177040849906,161.945431099624,150.9954702810125
Tron-o-matic 4,LosAngeles_01,2024-11-11,262.6587897142011,278.67137169528814,293.4338343065333,278.77248133796996
Tron-o-matic 4,LosAngeles_01,2024-11-12,131.4639839822679,147.07970374375827,161.215821095508,146.16252428003284
Tron-o-matic 4,LosAngeles_01,2024-11-13,160.3460683954631,175.26954353619917,187.88029111179213,174.88711713642246
Tron-o-matic 4,LosAngeles_01,2024-11-14,131.12623549892302,145.82219840360693,161.83995776798352,145.87886642342644
Tron-o-matic 4,LosAngeles_01,2024-11-15,132.4635599011464,146.42127333135863,163.4061381727949,146.43365179511036
Tron-o-matic 4,LosAngeles_01,2024-11-16,129.22214710938238,146.58370693811472,160.83494555345965,146.08499682187107
Tron-o-matic 4,LosAngeles_01,2024-11-17,129.61596415045497,144.7450149804249,160.23897699249986,144.24809033728997
Tron-o-matic 4,LosAngeles_01,2024-11-18,132.0022904511481,150.2921488914112,162.3728442333536,148.32130428936634
Tron-o-matic 4,LosAngeles_01,2024-11-19,126.81120973683298,145.18331074311604,158.40017675911906,143.67575092688045
Tron-o-matic 4,LosAngeles_01,2024-11-20,131.09224582716465,144.00887307065517,160.26224890729912,144.3884452333845
Tron-o-matic 4,LosAngeles_01,2024-11-21,172.8640423822815,186.20587311556417,198.96450368085485,186.2159362000608
Tron-o-matic 4,LosAngeles_01,2024-11-22,124.15250093747832,142.75414178593826,155.64347776911282,141.01518792459086
Tron-o-matic 4,LosAngeles_01,2024-11-23,132.1010905306173,149.25193479125898,163.25494593055305,147.30248272070045
Tron-o-matic 4,LosAngeles_01,2024-11-24,128.9613580639329,146.9065819794189,163.04061333580768,146.2497744339041
Tron-o-matic 4,LosAngeles_01,2024-11-25,128.05291673797018,147.59548149729676,160.8532316596757,145.95514268995865
Tron-o-matic 4,LosAngeles_01,2024-11-26,273.76720141295357,293.18199841385365,305.9682142564527,291.71246539486935
Tron-o-matic 4,LosAngeles_01,2024-11-27,131.0499198326817,142.7233865257482,158.34025574991267,143.09523642034063
Tron-o-matic 4,LosAngeles_01,2024-11-28,131.81221311395805,145.39585132243496,161.3970873361842,145.10665930013514
Tron-o-matic 4,LosAngeles_01,2024-11-29,278.8766003600432,295.1871391840617,309.2237400850826,295.2833461578701
Tron-o-matic 4,LosAngeles_01,2024-11-30,128.7760467566456,145.90661514677888,160.25145874952256,145.75529504874257
Tron-o-matic 4,LosAngeles_01,2024-12-01,183.6524826003915,197.12281473977782,210.7804874820292,197.03495780867328
Tron-o-matic 4,LosAngeles_01,2024-12-02,132.54097458286174,147.70024343408963,162.65258063936227,147.13463971816063
Tron-o-matic 4,LosAngeles_01,2024-12-03,172.25127939558672,189.63846131319022,204.25588338257268,188.1882918505701
Tron-o-matic 4,LosAngeles_01,2024-12-04,129.9721010093249,144.7954050034463,161.2171142636597,144.24740054906198
Tron-o-matic 4,LosAngeles_01,2024-12-05,129.09143210518585,143.9061888122236,155.81399203001303,143.62728110275205
Tron-o-matic 4,LosAngeles_01,2024-12-06,130.50072716376692,146.15859099660256,157.63639385391264,144.660436584597
Tron-o-matic 4,LosAngeles_01,2024-12-07,133.5174082970298,145.75516071791805,162.05246696385595,146.56847574031107
Tron-o-matic 4,LosAngeles_01,2024-12-08,258.03717346273464,274.12721398783265,285.97761292240614,273.20519466301636
Tron-o-matic 4,LosAngeles_01,2024-12-09,133.050309459057,148.29440338447046,161.24556409931665,147.7656671792248
Tron-o-matic 4,LosAngeles_01,2024-12-10,159.18209696919982,175.6405946363057,188.5042234392405,174.59421973638095
Tron-o-matic 4,LosAngeles_01,2024-12-11,260.4182017953611,274.64634929440933,289.7534709881471,274.93146874335326
Tron-o-matic 4,LosAngeles_01,2024-12-12,133.13314382540955,146.8306010962759,156.53882448278586,145.69380058209094
Tron-o-matic 4,LosAngeles_01,2024-12-13,129.2773106274804,145.00713931355077,156.12654227283775,143.7269860624976
Tron-o-matic 4,LosAngeles_01,2024-12-14,189.88207643343884,207.83713312594443,224.572634621031,206.48942594469122
Tron-o-matic 4,LosAngeles_01,2024-12-15,261.83736233919086,273.1421950917455,293.19403307012743,275.98135651266773
Tron-o-matic 4,LosAngeles_01,2024-12-16,129.0955308463,145.29967197571972,160.04443973736724,144.70783516139812
Tron-o-matic 4,LosAngeles_01,2024-12-17,127.91349399061485,143.55832523642047,162.40901537078727,143.8900441259128
Tron-o-matic 4,LosAngeles_01,2024-12-18,129.87414687274804,142.81391715767253,154.46818402483805,142.47190262738437
Tron-o-matic 4,LosAngeles_01,2024-12-19,159.2449985145757,176.08195203234595,187.46027112528895,174.799282220951
Tron-o-matic 4,LosAngeles_01,2024-12-20,130.84963607286383,143.6006221021189,160.31244640076093,144.578368049865
Tron-o-matic 4,LosAngeles_01,2024-12-21,133.24229930161414,146.9007108949467,159.12224613161413,146.6039530663004
Tron-o-matic 4,LosAngeles_01,2024-12-22,132.6428173630463,150.08466656869209,161.77918269289302,147.88284486751974
Tron-o-matic 4,LosAngeles_01,2024-12-23,135.1660058504712,150.73891652438613,165.6099384345381,150.17237768916237
Tron-o-matic 4,LosAngeles_01,2024-12-24,128.55117553673895,146.5901655868239,164.54337446894823,147.45631981300542
Tron-o-matic 4,LosAngeles_01,2024-12-25,132.47731562703981,146.3253870582638,164.57959586930178,147.32637094709423
Tron-o-matic 4,LosAngeles_01,2024-12-26,198.6567567510645,211.12205418917102,226.84048385106834,211.07947983672787
Tron-o-matic 4,LosAngeles_01,2024-12-27,135.30404582668825,150.5292875546963,165.99971179061953,150.28342491699112
Tron-o-matic 4,LosAngeles_01,2024-12-28,131.30919792626202,149.49416029165184,167.02657625406238,149.32643549206432
Tron-o-matic 4,LosAngeles_01,2024-12-29,201.03291311143508,213.7851205929443,230.03472290577724,214.933438118753
Tron-o-matic 4,LosAngeles_01,2024-12-30,271.08040393347085,289.2072073508334,306.4885056412183,288.8781987450846
Tron-o-matic 4,LosAngeles_01,2024-12-31,186.79466094416887,198.18994191515156,214.77193013607794,199.22160949539565
Tron-o-matic 5 Pro,Chicago_01,2024-10-01,52.70891696293846,57.49168362136118,62.692769269682856,57.90661922563744
Tron-o-matic 5 Pro,Chicago_01,2024-10-02,85.1448538399603,91.67949171592147,97.46905770623911,91.37086928091317
Tron-o-matic 5 Pro,Chicago_01,2024-10-03,50.397880733537235,57.31542165109045,62.02617307711442,56.87401267764539
Tron-o-matic 5 Pro,Chicago_01,2024-10-04,63.69561788509772,68.79047442579514,74.00668543944862,68.67059828787161
Tron-o-matic 5 Pro,Chicago_01,2024-10-05,50.52129285058582,56.45669850639501,61.57921375162109,56.32985710487148
Tron-o-matic 5 Pro,Chicago_01,2024-10-06,90.21064106097533,95.33120825904027,101.13785170220382,95.43687395323448
Tron-o-matic 5 Pro,Chicago_01,2024-10-07,52.954755238911304,56.876739113413706,63.20008535654655,57.44911704173131
Tron-o-matic 5 Pro,Chicago_01,2024-10-08,51.38630819840083,57.56336391270876,63.40625191676703,57.17135291702798
Tron-o-matic 5 Pro,Chicago_01,2024-10-09,72.55135853681107,76.98407100680213,82.15802438069528,77.15120166851435
Tron-o-matic 5 Pro,Chicago_01,2024-10-10,59.43372688499564,64.64542373177466,70.42554805775512,64.80054129400519
Tron-o-matic 5 Pro,Chicago_01,2024-10-11,52.8946309917238,58.938366696602436,63.53290660052099,58.549293957557246
Tron-o-matic 5 Pro,Chicago_01,2024-10-12,51.87849055123072,57.61749224365711,62.948115646260504,57.565625955399035
Tron-o-matic 5 Pro,Chicago_01,2024-10-13,51.818110241759136,57.199984846574544,63.76247752480601,57.41829861294992
Tron-o-matic 5 Pro,Chicago_01,2024-10-14,51.721095613206444,56.28813351613209,63.09530556731278,56.704707718659954
Tron-o-matic 5 Pro,Chicago_01,2024-10-15,51.488484908287845,57.59890980471592,62.70591864766979,57.462074235131986
Tron-o-matic 5 Pro,Chicago_01,2024-10-16,50.897904049612805,56.75661863572244,63.21018820686118,56.93657449762498
Tron-o-matic 5 Pro,Chicago_01,2024-10-17,51.012766896685214,55.37561750888706,61.626694667566824,55.90043173330072
Tron-o-matic 5 Pro,Chicago_01,2024-10-18,50.86675959750811,57.3463988155631,62.94958952851859,56.92181607353595
Tron-o-matic 5 Pro,Chicago_01,2024-10-19,50.40518790606988,56.42837016949738,61.72717695499466,56.337970258701716
Tron-o-matic 5 Pro,Chicago_01,2024-10-20,48.883077077303675,55.6641064710291,60.753123566313405,55.43255105975745
Tron-o-matic 5 Pro,Chicago_01,2024-10-21,50.67721949009808,57.355048019841654,62.944447951351265,57.0243555979161
Tron-o-matic 5 Pro,Chicago_01,2024-10-22,49.86240531060495,56.47869600050259,61.577124832324614,56.1002323042166
Tron-o-matic 5 Pro,Chicago_01,2024-10-23,49.82492927486378,54.82783081401848,61.056696939283604,55.18583305669633
Tron-o-matic 5 Pro,Chicago_01,2024-10-24,49.89818260521338,55.476262859672055,61.5119289824632,55.237513397296695
Tron-o-matic 5 Pro,Chicago_01,2024-10-25,49.80241184933766,55.24359568162238,60.34971852342702,55.18526993017248
Tron-o-matic 5 Pro,Chicago_01,2024-10-26,49.7591082175411,54.08407322375746,59.50770283360562,54.19587648957555
Tron-o-matic 5 Pro,Chicago_01,2024-10-27,47.861471742287776,53.5915544474295,59.501898633538794,53.43662187387826
Tron-o-matic 5 Pro,Chicago_01,2024-10-28,67.88708110020687,73.69671218389166,78.98380403786183,73.49551382361439
Tron-o-matic 5 Pro,Chicago_01,2024-10-29,47.52926057879419,53.25704884874623,59.00276877731645,53.19877249747258
Tron-o-matic 5 Pro,Chicago_01,2024-10-30,46.97114626565641,52.02175927299509,58.510576790003356,52.28868756506427
Tron-o-matic 5 Pro,Chicago_01,2024-10-31,46.611555152645714,51.70623339817724,57.9655620634928,51.97391979052239
Tron-o-matic 5 Pro,Chicago_01,2024-11-01,96.66102609422636,102.27686080425984,106.94111572601084,102.00535677549686
Tron-o-matic 5 Pro,Chicago_01,2024-11-02,47.16472635952779,51.61428328467356,57.25500667913175,52.12563841418189
Tron-o-matic 5 Pro,Chicago_01,2024-11-03,57.01016089937731,62.02123709961167,67.03713769558058,61.671779948421936
Tron-o-matic 5 Pro,Chicago_01,2024-11-04,76.87432300604448,83.50581786384357,89.48402344855087,83.14064932974024
Tron-o-matic 5 Pro,Chicago_01,2024-11-05,58.5092048066884,64.07305427677052,70.70806403842639,64.48827987793177
Tron-o-matic 5 Pro,Chicago_01,2024-11-06,65.25373891414861,72.56049807510769,77.3592998420988,72.16863937646107
Tron-o-matic 5 Pro,Chicago_01,2024-11-07,88.8634678405959,95.89441532222907,100.85218942118999,95.31491869771219
Tron-o-matic 5 Pro,Chicago_01,2024-11-08,44.303979815061595,49.34789816158166,56.071327548776665,49.86938223196539
Tron-o-matic 5 Pro,Chicago_01,2024-11-09,56.055201648327056,61.649989575435406,66.56988319555529,61.28061736508497
Tron-o-matic 5 Pro,Chicago_01,2024-11-10,54.78731663053805,59.64177395040224,64.55729717802198,59.72092578583187
Tron-o-matic 5 Pro,Chicago_01,2024-11-11,43.276630196983085,48.96706988011272,55.543912221945085,49.09305586334235
Tron-o-matic 5 Pro,Chicago_01,2024-11-12,44.423036464319104,48.82722016541085,54.66297092056905,48.968808648263476
Tron-o-matic 5 Pro,Chicago_01,2024-11-13,42.569831661585454,48.80737430642805,54.14018274556007,48.74154784428538
Tron-o-matic 5 Pro,Chicago_01,2024-11-14,43.5733728874193,48.38759173684605,54.91885081609535,48.53746382740789
Tron-o-matic 5 Pro,Chicago_01,2024-11-15,42.51825308447323,49.12792004364043,54.16802415179904,48.749729330416606
Tron-o-matic 5 Pro,Chicago_01,2024-11-16,88.35446529712608,93.68383843893521,99.34524759067018,93.88102471633883
Tron-o-matic 5 Pro,Chicago_01,2024-11-17,43.85088566768992,47.99246117691116,53.747541578744276,48.6050869038292
Tron-o-matic 5 Pro,Chicago_01,2024-11-18,43.7893498142097,48.78004574432673,55.110334226949874,48.57043460789906
Tron-o-matic 5 Pro,Chicago_01,2024-11-19,41.84963688202515,48.78339059203841,53.71452413421594,48.328875659850866
Tron-o-matic 5 Pro,Chicago_01,2024-11-20,77.78065420471336,83.91352038932223,88.93953274073957,83.47693945894616
Tron-o-matic 5 Pro,Chicago_01,2024-11-21,43.68125468897112,47.48118283530869,53.30780063495687,48.05731301638493
Tron-o-matic 5 Pro,Chicago_01,2024-11-22,43.53383663382572,48.453473541208005,53.70126919813367,48.30547210526569
Tron-o-matic 5 Pro,Chicago_01,2024-11-23,56.12316793759834,62.52261042680034,67.32233850041197,62.17489189845307
Tron-o-matic 5 Pro,Chicago_01,2024-11-24,86.16205202557342,91.57894675473092,97.11026770806849,91.80219286011716
Tron-o-matic 5 Pro,Chicago_01,2024-11-25,44.29384329941713,51.05915675434919,55.58094779897677,50.293438178199615
Tron-o-matic 5 Pro,Chicago_01,2024-11-26,43.40731372149503,49.45841853291117,54.55498085976438,49.35330005019975
Tron-o-matic 5 Pro,Chicago_01,2024-11-27,89.82859454551355,95.90929478866944,101.72920282810688,95.91620338764078
Tron-o-matic 5 Pro,Chicago_01,2024-11-28,44.25017088550916,49.660099101001144,55.82255054478717,50.03512451509933
Tron-o-matic 5 Pro,Chicago_01,2024-11-29,95.0553555953382,99.14743965076622,104.61493288706382,99.64324981419472
Tron-o-matic 5 Pro,Chicago_01,2024-11-30,43.86714805193706,50.67337880422476,55.70335440093053,50.25037385262433
Tron-o-matic 5 Pro,Chicago_01,2024-12-01,61.27024239467099,66.26193275766931,71.68632090280143,66.39964602252125
Tron-o-matic 5 Pro,Chicago_01,2024-12-02,46.15733602348509,51.40448532227903,56.55993329407006,51.13093886232359
Tron-o-matic 5 Pro,Chicago_01,2024-12-03,44.82967250434409,49.91071951299727,56.17929721033033,50.403051188405726
Tron-o-matic 5 Pro,Chicago_01,2024-12-04,45.70228674576413,50.61960679521253,56.5030963191983,50.667236090058125
Tron-o-matic 5 Pro,Chicago_01,2024-12-05,44.66051374760596,51.22835202475555,57.778734815948035,51.106148268617524
Tron-o-matic 5 Pro,Chicago_01,2024-12-06,84.19843241803831,89.87492043186438,96.53034240933448,90.18715019265203
Tron-o-matic 5 Pro,Chicago_01,2024-12-07,45.680579797899824,50.57867799711999,56.59456189570848,50.83095997026619
Tron-o-matic 5 Pro,Chicago_01,2024-12-08,46.03997391054252,51.2751207999072,55.1730456430001,50.66089935740287
Tron-o-matic 5 Pro,Chicago_01,2024-12-09,44.9463888659576,50.952198944243776,56.06864426178895,50.983787283747354
Tron-o-matic 5 Pro,Chicago_01,2024-12-10,45.590450064170824,51.85555303070957,56.20940776119542,51.16617144729123
Tron-o-matic 5 Pro,Chicago_01,2024-12-11,44.88001463362051,50.22825186284391,55.1302693098463,50.185376224052725
Tron-o-matic 5 Pro,Chicago_01,2024-12-12,45.841956690726015,51.03548658501216,55.13247190957892,50.74352256789048
Tron-o-matic 5 Pro,Chicago_01,2024-12-13,63.99178685223912,68.98499061735782,74.07089252801444,68.98961034597764
Tron-o-matic 5 Pro,Chicago_01,2024-12-14,44.93607407115967,51.14138050577107,56.22224336439491,50.7288048486532
Tron-o-matic 5 Pro,Chicago_01,2024-12-15,45.301241198093095,50.929631429914096,57.228535320392666,51.01363242443668
Tron-o-matic 5 Pro,Chicago_01,2024-12-16,55.26099989388644,59.95036395970407,65.08052681382836,59.96178632277709
Tron-o-matic 5 Pro,Chicago_01,2024-12-17,45.00387080547445,50.44547723299678,55.77083837215454,50.299077596321965
Tron-o-matic 5 Pro,Chicago_01,2024-12-18,44.08705566538248,48.50047107748156,55.78346140714575,49.01255227999338
Tron-o-matic 5 Pro,Chicago_01,2024-12-19,59.58653574817171,63.99662044673469,70.0746150352716,64.73240171262039
Tron-o-matic 5 Pro,Chicago_01,2024-12-20,46.0224581403475,50.040612042131265,55.975708584131695,50.47777296213619
Tron-o-matic 5 Pro,Chicago_01,2024-12-21,55.02682030329548,60.21945913022047,66.04400445107431,60.50447663478326
Tron-o-matic 5 Pro,Chicago_01,2024-12-22,55.78882217726763,61.83101664506345,68.60783731218548,62.16894578345922
Tron-o-matic 5 Pro,Chicago_01,2024-12-23,60.1374549505663,65.70958343222222,72.08926572676836,65.74502000265356
Tron-o-matic 5 Pro,Chicago_01,2024-12-24,57.080511889020755,64.02666703316463,68.88662287409852,63.51528812455104
Tron-o-matic 5 Pro,Chicago_01,2024-12-25,52.0261896503589,59.25400569530365,64.53840730093012,59.10809952440133
Tron-o-matic 5 Pro,Chicago_01,2024-12-26,44.058576326335135,50.02083955156967,56.84495109393903,49.957644546052386
Tron-o-matic 5 Pro,Chicago_01,2024-12-27,80.0183580028481,88.16979886119583,93.24028211052924,87.55193799772377
Tron-o-matic 5 Pro,Chicago_01,2024-12-28,43.87957859043936,49.36821634820568,55.39838705021529,49.70343064986008
Tron-o-matic 5 Pro,Chicago_01,2024-12-29,44.488791985791984,49.8344541178261,56.02378420164882,49.748380109333496
Tron-o-matic 5 Pro,Chicago_01,2024-12-30,94.45989686165316,99.77428478484185,103.84705350052319,99.2768108551217
Tron-o-matic 5 Pro,Chicago_01,2024-12-31,44.87347508565181,51.36359710495565,57.587138501761515,51.12767272403727
Tron-o-matic 5 Pro,Houston_01,2024-10-01,38.36690433354818,42.56236336964867,46.60538337442814,42.45739319868899
Tron-o-matic 5 Pro,Houston_01,2024-10-02,64.21805768508491,69.02625828521774,73.50777911781152,68.78732803885877
Tron-o-matic 5 Pro,Houston_01,2024-10-03,39.03454604967423,43.05587224019277,47.14267047690472,43.33869133505705
Tron-o-matic 5 Pro,Houston_01,2024-10-04,47.4117836457583,51.30292962724933,55.49266923423813,51.469252903521294
Tron-o-matic 5 Pro,Houston_01,2024-10-05,38.893236859454404,42.06811466378606,46.477637993283366,42.59740723161574
Tron-o-matic 5 Pro,Houston_01,2024-10-06,68.26104860101684,72.32653186924856,75.94369858332277,72.21691560418539
Tron-o-matic 5 Pro,Houston_01,2024-10-07,39.23229469123233,42.61940326056998,47.02203026234958,42.72550451251817
Tron-o-matic 5 Pro,Houston_01,2024-10-08,38.56455882083735,43.80471725379095,47.59107940101479,43.44604168951208
Tron-o-matic 5 Pro,Houston_01,2024-10-09,53.47591000286478,57.21782592811008,61.49960254852728,57.536967443535204
Tron-o-matic 5 Pro,Houston_01,2024-10-10,43.9004412119225,49.02978184098236,51.943759876772916,48.33745475420735
Tron-o-matic 5 Pro,Houston_01,2024-10-11,38.775773566351305,42.347494934576,45.72381585692679,42.2979214086096
Tron-o-matic 5 Pro,Houston_01,2024-10-12,38.9919983305608,43.2176477425446,47.17334631021669,42.95886871468172
Tron-o-matic 5 Pro,Houston_01,2024-10-13,39.38067636194424,42.962602825294766,47.099015030719315,43.22566328298687
Tron-o-matic 5 Pro,Houston_01,2024-10-14,38.360201548176335,42.34477062001927,45.66038199992185,42.34684095071699
Tron-o-matic 5 Pro,Houston_01,2024-10-15,38.34450641468702,42.31506178598919,46.35228776675437,42.11663560306422
Tron-o-matic 5 Pro,Houston_01,2024-10-16,37.559336781255446,42.143371040242926,45.4636510322592,41.92023318604947
Tron-o-matic 5 Pro,Houston_01,2024-10-17,37.80535611727913,41.73413010035331,46.733371912996844,41.9666084348397
Tron-o-matic 5 Pro,Houston_01,2024-10-18,38.11168203537683,42.64551693993997,46.23086263847834,42.502597072839286
Tron-o-matic 5 Pro,Houston_01,2024-10-19,39.15828283219599,42.718981487217754,46.286673050651586,42.67259182130285
Tron-o-matic 5 Pro,Houston_01,2024-10-20,37.75243760370141,41.86538533589918,46.11714785338879,41.77253170784115
Tron-o-matic 5 Pro,Houston_01,2024-10-21,39.266319944279346,42.65042811480021,45.86256056387497,42.5157777991225
Tron-o-matic 5 Pro,Houston_01,2024-10-22,38.52985309517703,41.98066644224026,46.72369605888484,42.26133927385415
Tron-o-matic 5 Pro,Houston_01,2024-10-23,36.64081083628049,41.139189412678085,44.60763159664421,40.982811264669856
Tron-o-matic 5 Pro,Houston_01,2024-10-24,37.20879845906025,41.212349323126936,46.373388986356815,41.36516165109447
Tron-o-matic 5 Pro,Houston_01,2024-10-25,36.10014498068522,40.49974569571358,44.43029871670553,40.517793106859315
Tron-o-matic 5 Pro,Houston_01,2024-10-26,36.9502693561542,41.60419465858999,45.37198779840251,41.242977531449995
Tron-o-matic 5 Pro,Houston_01,2024-10-27,37.0235521370133,41.003949270644455,46.14865157016969,41.283277883297394
Tron-o-matic 5 Pro,Houston_01,2024-10-28,51.11456846088078,55.66705212779582,59.742731799281316,55.517985319759546
Tron-o-matic 5 Pro,Houston_01,2024-10-29,37.17820184512075,40.73188601438116,45.76165375737198,40.91209911950444
Tron-o-matic 5 Pro,Houston_01,2024-10-30,36.13794020695869,39.581001375971056,43.46297767491949,39.67952175906477
Tron-o-matic 5 Pro,Houston_01,2024-10-31,35.25839897367125,39.81903712546963,43.45787771370913,39.81105128371365
Tron-o-matic 5 Pro,Houston_01,2024-11-01,73.62734482074684,77.5292358132152,81.11207057279859,77.46498008259022
Tron-o-matic 5 Pro,Houston_01,2024-11-02,35.10740459302398,40.32378139351263,43.35761136835582,39.85886315670548
Tron-o-matic 5 Pro,Houston_01,2024-11-03,44.365141903800975,48.077375577236324,51.335423074077404,47.88352451794795
Tron-o-matic 5 Pro,Houston_01,2024-11-04,58.777327152076765,62.82583787731179,66.87965168282054,62.82829207051238
Tron-o-matic 5 Pro,Houston_01,2024-11-05,44.73625477824243,49.00384419819119,53.23217195303627,49.14843182837224
Tron-o-matic 5 Pro,Houston_01,2024-11-06,50.575267941926384,54.84137173727961,57.99027664823986,54.51041594178203
Tron-o-matic 5 Pro,Houston_01,2024-11-07,68.77536408391325,73.2674895732852,76.8414615301354,72.89988390173112
Tron-o-matic 5 Pro,Houston_01,2024-11-08,34.13118280904532,38.18045850293045,42.09969987038548,38.11339115447366
Tron-o-matic 5 Pro,Houston_01,2024-11-09,44.264504255405,47.86587408473834,51.53228224383428,47.750528477916575
Tron-o-matic 5 Pro,Houston_01,2024-11-10,43.17232525812826,47.36238940824183,50.518470366556045,47.1609234372151
Tron-o-matic 5 Pro,Houston_01,2024-11-11,33.33054194040689,37.21202230590168,41.20186744959038,37.23067654483765
Tron-o-matic 5 Pro,Houston_01,2024-11-12,32.43207481871713,36.70313391123738,40.10015712406205,36.47903506893872
Tron-o-matic 5 Pro,Houston_01,2024-11-13,33.14925653420941,36.42789015839555,40.625718290418234,36.807261700731836
Tron-o-matic 5 Pro,Houston_01,2024-11-14,33.02817037909808,36.7207599503926,40.576271781642255,36.851414578531994
Tron-o-matic 5 Pro,Houston_01,2024-11-15,32.87924302353765,37.15408110946371,42.092176061491756,37.218505614503705
Tron-o-matic 5 Pro,Houston_01,2024-11-16,68.86102072044335,72.83472392260411,77.52383740438381,72.83243442893462
Tron-o-matic 5 Pro,Houston_01,2024-11-17,32.841600759646624,36.63774959100809,39.91953168850754,36.35099115123123
Tron-o-matic 5 Pro,Houston_01,2024-11-18,32.981506808531336,36.765348255940815,40.758065212264015,36.754789100422656
Tron-o-matic 5 Pro,Houston_01,2024-11-19,32.562288113307936,36.893147106095476,41.25142466158644,36.94285181639388
Tron-o-matic 5 Pro,Houston_01,2024-11-20,59.9516753754771,63.905122310872116,68.01557307949197,64.04341091227363
Tron-o-matic 5 Pro,Houston_01,2024-11-21,33.14195475398918,36.84921595513801,40.24592555899962,36.6644166240397
Tron-o-matic 5 Pro,Houston_01,2024-11-22,31.95424568034413,37.133987474015946,40.855472140338506,36.820813449989366
Tron-o-matic 5 Pro,Houston_01,2024-11-23,43.27917843651913,47.87036534260628,51.84637206058417,47.485786214794445
Tron-o-matic 5 Pro,Houston_01,2024-11-24,66.14140707563794,70.09350120204633,73.95123996123093,70.21688759238498
Tron-o-matic 5 Pro,Houston_01,2024-11-25,34.17584457018194,37.87581388124477,41.58621887387272,37.69352748030463
Tron-o-matic 5 Pro,Houston_01,2024-11-26,32.799232017040154,37.58972324011721,41.84386711996758,37.24369707361658
Tron-o-matic 5 Pro,Houston_01,2024-11-27,68.7512179848478,72.75794839652345,76.14234810092805,72.74458877312617
Tron-o-matic 5 Pro,Houston_01,2024-11-28,32.393135989006126,37.489822665805185,41.31326343436613,37.35771307240429
Tron-o-matic 5 Pro,Houston_01,2024-11-29,72.00249588942955,75.6857113198611,79.07233856657706,75.49854166047443
Tron-o-matic 5 Pro,Houston_01,2024-11-30,32.62421447005372,37.32001016676821,41.72524091690243,37.18818216356439
Tron-o-matic 5 Pro,Houston_01,2024-12-01,47.05493261233741,50.74078228496341,54.42928449176139,50.757282702571764
Tron-o-matic 5 Pro,Houston_01,2024-12-02,33.84544653342154,37.605299654183824,42.285120383756144,37.722960253178336
Tron-o-matic 5 Pro,Houston_01,2024-12-03,33.28840314987347,38.46954187350813,43.489162012679934,38.26659335368949
Tron-o-matic 5 Pro,Houston_01,2024-12-04,34.43965127521074,37.833934143528694,41.65629816977183,37.797793616055245
Tron-o-matic 5 Pro,Houston_01,2024-12-05,34.85618696332281,37.64336927926774,42.9514185946889,38.234452684812545
Tron-o-matic 5 Pro,Houston_01,2024-12-06,63.83275846637189,68.03856444737742,71.53682483408684,68.06606949637005
Tron-o-matic 5 Pro,Houston_01,2024-12-07,34.69314671126176,38.405511136814134,41.75681572664348,38.38831981200363
Tron-o-matic 5 Pro,Houston_01,2024-12-08,34.54271596606253,37.8386891039486,41.41995648573624,37.656199213928815
Tron-o-matic 5 Pro,Houston_01,2024-12-09,34.12375746137087,37.95866474549804,42.026357773748195,38.22333816027108
Tron-o-matic 5 Pro,Houston_01,2024-12-10,34.61971912109397,38.80294271750951,42.31164280842264,38.54433371872433
Tron-o-matic 5 Pro,Houston_01,2024-12-11,34.41948660365664,37.412858856908144,41.29280950508622,37.43018513123057
Tron-o-matic 5 Pro,Houston_01,2024-12-12,33.83068114338493,37.89676168257816,41.681524922725906,37.80598882372678
Tron-o-matic 5 Pro,Houston_01,2024-12-13,48.28297931074471,53.40558194090389,56.203411447658354,52.359329058332314
Tron-o-matic 5 Pro,Houston_01,2024-12-14,33.416097335814506,38.15650166025496,42.484850229410085,38.13247582442659
Tron-o-matic 5 Pro,Houston_01,2024-12-15,33.96142302937731,37.8101123770934,42.387209417743435,38.03227796072785
Tron-o-matic 5 Pro,Houston_01,2024-12-16,41.68764488265454,45.340504090456456,49.73059540705299,45.25447710084239
Tron-o-matic 5 Pro,Houston_01,2024-12-17,33.45708171639653,37.65730178894906,42.242589945461724,37.74008404816149
Tron-o-matic 5 Pro,Houston_01,2024-12-18,33.513673904558885,37.122526856601006,41.6049242623573,37.40322847887667
Tron-o-matic 5 Pro,Houston_01,2024-12-19,44.864842421283996,49.11851443103696,53.61353396573739,49.447269921606214
Tron-o-matic 5 Pro,Houston_01,2024-12-20,34.05329506876778,38.25901859849364,41.93173213219065,38.04239364948907
Tron-o-matic 5 Pro,Houston_01,2024-12-21,41.155454088015055,45.802570802764635,50.193412320764104,45.52392503507105
Tron-o-matic 5 Pro,Houston_01,2024-12-22,42.36946908461862,47.01854472125065,50.7169079222972,46.86767502419239
Tron-o-matic 5 Pro,Houston_01,2024-12-23,45.00095593078755,49.33921156407838,53.845783858187346,49.21115117943499
Tron-o-matic 5 Pro,Houston_01,2024-12-24,43.75746078037924,48.13728669849356,52.78720435253739,48.15264152105484
Tron-o-matic 5 Pro,Houston_01,2024-12-25,41.40371064746219,44.461510706894934,48.69727297658304,44.74943570843423
Tron-o-matic 5 Pro,Houston_01,2024-12-26,34.06061803675078,38.22747654698923,41.14790642600444,37.73709067477042
Tron-o-matic 5 Pro,Houston_01,2024-12-27,62.75601435690965,66.9145846358681,70.59341722203533,66.52013673168182
Tron-o-matic 5 Pro,Houston_01,2024-12-28,33.847115651281364,38.26976402857469,41.38627570143467,37.91578343382444
Tron-o-matic 5 Pro,Houston_01,2024-12-29,33.65111791966779,37.4856400365475,43.02865777196769,37.886163044729756
Tron-o-matic 5 Pro,Houston_01,2024-12-30,71.56749368756016,76.34680926241668,79.54492491684347,75.96867881172591
Tron-o-matic 5 Pro,Houston_01,2024-12-31,33.768628480036185,37.885603828919436,42.85074877574909,38.25574808367039
Tron-o-matic 5 Pro,LosAngeles_01,2024-10-01,68.87901616104851,75.31942719242491,82.13488865765038,75.47565351090495
Tron-o-matic 5 Pro,LosAngeles_01,2024-10-02,110.45956181242902,116.88800462475857,125.66355394384256,117.54161805318552
Tron-o-matic 5 Pro,LosAngeles_01,2024-10-03,67.8318872579496,74.8856049337151,81.98654003702524,75.17626094633155
Tron-o-matic 5 Pro,LosAngeles_01,2024-10-04,82.91996798358663,90.85060523172582,98.8705957985642,90.8629721624548
Tron-o-matic 5 Pro,LosAngeles_01,2024-10-05,66.85678303292046,73.52396425817727,80.42322494267994,73.37615125010866
Tron-o-matic 5 Pro,LosAngeles_01,2024-10-06,116.83940101366208,123.59230048261597,130.91787870633024,123.70222447978064
Tron-o-matic 5 Pro,LosAngeles_01,2024-10-07,66.2829450326476,73.17630561422129,81.1803386057702,73.60599640073758
Tron-o-matic 5 Pro,LosAngeles_01,2024-10-08,68.8488506371665,74.2571972677137,81.4269396358904,74.95562508058634
Tron-o-matic 5 Pro,LosAngeles_01,2024-10-09,92.1547713361308,99.98165311673654,108.46143738928039,100.29256284164885
Tron-o-matic 5 Pro,LosAngeles_01,2024-10-10,76.72130319448485,83.7061500124063,89.27093640923538,83.83410726872816
Tron-o-matic 5 Pro,LosAngeles_01,2024-10-11,68.0209766767856,75.5369631163861,80.88089086018866,74.84936314544142
Tron-o-matic 5 Pro,LosAngeles_01,2024-10-12,66.34910864607642,72.68148005926882,78.83815284323634,72.61790053238109
Tron-o-matic 5 Pro,LosAngeles_01,2024-10-13,65.38679862190298,72.52958308947456,80.57681528967278,72.67468318599872
Tron-o-matic 5 Pro,LosAngeles_01,2024-10-14,65.66426980578812,73.59566094391943,80.47042055112485,72.98270078220612
Tron-o-matic 5 Pro,LosAngeles_01,2024-10-15,66.8491285901263,73.59749609128909,81.37122466939834,73.65750622080854
Tron-o-matic 5 Pro,LosAngeles_01,2024-10-16,64.38412931980345,71.83853195912872,78.51361779982379,71.74579873887188
Tron-o-matic 5 Pro,LosAngeles_01,2024-10-17,66.93953065770083,73.22572516602945,80.11593406307809,73.49732704702609
Tron-o-matic 5 Pro,LosAngeles_01,2024-10-18,67.08537857998017,73.89269556155128,80.99527872309626,73.79649193343774
Tron-o-matic 5 Pro,LosAngeles_01,2024-10-19,64.61027378961157,71.1990755799302,79.05410437601113,71.48938859026835
Tron-o-matic 5 Pro,LosAngeles_01,2024-10-20,63.58845731183019,70.57864369880247,77.77875233821277,70.45592287870063
Tron-o-matic 5 Pro,LosAngeles_01,2024-10-21,64.1960247930086,69.35765119824676,77.53032881230153,69.91967935938727
Tron-o-matic 5 Pro,LosAngeles_01,2024-10-22,63.767598147994995,71.48562088068213,77.48619540675489,71.04902107886477
Tron-o-matic 5 Pro,LosAngeles_01,2024-10-23,63.07707598173984,69.48943989092572,76.56301005985013,69.72023303734277
Tron-o-matic 5 Pro,LosAngeles_01,2024-10-24,62.226325953682554,69.90571310314496,77.42914959169329,69.97779728568685
Tron-o-matic 5 Pro,LosAngeles_01,2024-10-25,63.77346664470494,71.20165716448233,77.99163453779029,70.67143447272738
Tron-o-matic 5 Pro,LosAngeles_01,2024-10-26,63.53417090214565,69.79801185668612,75.50800407814074,69.44382952522653
Tron-o-matic 5 Pro,LosAngeles_01,2024-10-27,61.20205035635596,68.39868535910878,74.27242689053793,67.84710384010604
Tron-o-matic 5 Pro,LosAngeles_01,2024-10-28,85.33790400446522,92.66240239237767,99.0362513150949,92.48751331045919
Tron-o-matic 5 Pro,LosAngeles_01,2024-10-29,61.36386900418448,67.82976000250953,73.8351434140455,67.63026163292894
Tron-o-matic 5 Pro,LosAngeles_01,2024-10-30,57.73410719994034,64.88538738375934,71.94776996855103,64.93329267036464
Tron-o-matic 5 Pro,LosAngeles_01,2024-10-31,59.40451886242788,66.19316536826541,72.95883979673353,66.07226448275264
Tron-o-matic 5 Pro,LosAngeles_01,2024-11-01,126.5849379449066,132.1288999146966,138.61290145273983,132.13769406696574
Tron-o-matic 5 Pro,LosAngeles_01,2024-11-02,58.12856242224582,66.39731386412542,72.50086513883673,65.76377314110356
Tron-o-matic 5 Pro,LosAngeles_01,2024-11-03,70.71752613176157,78.84563497659373,87.7780786972331,79.11910105060622
Tron-o-matic 5 Pro,LosAngeles_01,2024-11-04,99.21955761097836,105.50669733074369,111.87488471257699,105.7623768843352
Tron-o-matic 5 Pro,LosAngeles_01,2024-11-05,77.30111073977716,82.67808961102892,89.63260722036088,82.87336681984698
Tron-o-matic 5 Pro,LosAngeles_01,2024-11-06,87.15120518228417,92.9471220518002,100.37813974256373,93.20566807325629
Tron-o-matic 5 Pro,LosAngeles_01,2024-11-07,115.74074765239637,122.67068935040962,131.99824683236977,123.5818242997931
Tron-o-matic 5 Pro,LosAngeles_01,2024-11-08,58.59442384094609,65.9482408610284,71.24148223046528,65.07263063750918
Tron-o-matic 5 Pro,LosAngeles_01,2024-11-09,73.64495053469413,80.73783341780141,87.66488082954692,80.981228234988
Tron-o-matic 5 Pro,LosAngeles_01,2024-11-10,70.36899908938986,77.72027165796797,84.28996214784732,77.71347687406433
Tron-o-matic 5 Pro,LosAngeles_01,2024-11-11,55.47320368844112,62.643460876272826,69.08606996424358,62.722699133571695
Tron-o-matic 5 Pro,LosAngeles_01,2024-11-12,56.51066032075418,64.1833780952739,71.1097257442512,63.85518574208514
Tron-o-matic 5 Pro,LosAngeles_01,2024-11-13,55.73576918580348,63.39452890732086,70.67149817404665,63.22622499315036
Tron-o-matic 5 Pro,LosAngeles_01,2024-11-14,55.70063267312267,63.405077348072105,70.94560850693638,63.45667165847146
Tron-o-matic 5 Pro,LosAngeles_01,2024-11-15,57.47876181695288,64.09745800352108,71.7477783619817,64.18510541306757
Tron-o-matic 5 Pro,LosAngeles_01,2024-11-16,116.39550849394536,124.45606256807974,130.9745334758378,123.87715615283092
Tron-o-matic 5 Pro,LosAngeles_01,2024-11-17,55.68396601068821,61.552699427688694,69.49929488128006,62.24171200522122
Tron-o-matic 5 Pro,LosAngeles_01,2024-11-18,56.358856419756606,62.9780806751302,70.80978160217171,63.202652918372394
Tron-o-matic 5 Pro,LosAngeles_01,2024-11-19,56.653587606643896,64.2518360255563,70.77580808104028,64.12496809056682
Tron-o-matic 5 Pro,LosAngeles_01,2024-11-20,103.4764153903256,109.3811663118628,116.66866326970327,109.76523484325193
Tron-o-matic 5 Pro,LosAngeles_01,2024-11-21,56.561374917803654,63.13832105640058,70.97856664428285,63.21183726795791
Tron-o-matic 5 Pro,LosAngeles_01,2024-11-22,58.61751756881572,65.06940443387512,72.73626412714795,65.65014619058452
Tron-o-matic 5 Pro,LosAngeles_01,2024-11-23,74.21332114651484,81.8674302063067,89.03034692558109,81.45055599548124
Tron-o-matic 5 Pro,LosAngeles_01,2024-11-24,113.08867267368319,120.77476842024815,126.31688668939601,120.40361888238287
Tron-o-matic 5 Pro,LosAngeles_01,2024-11-25,56.078118638518234,63.93313072303268,70.22353319606299,63.64050679867601
Tron-o-matic 5 Pro,LosAngeles_01,2024-11-26,58.306824035685715,64.11238193163382,71.5975406323954,64.59346421575678
Tron-o-matic 5 Pro,LosAngeles_01,2024-11-27,117.6646896317288,124.68197674023497,130.2548236783057,124.58090943047468
Tron-o-matic 5 Pro,LosAngeles_01,2024-11-28,57.59695788117445,64.55701649871293,70.6386726384087,64.41961839049068
Tron-o-matic 5 Pro,LosAngeles_01,2024-11-29,125.12216901045511,130.67536912922296,136.64527119333826,130.78049801731152
Tron-o-matic 5 Pro,LosAngeles_01,2024-11-30,55.89299339740282,63.54740528328894,70.659102003883,63.313574816960674
Tron-o-matic 5 Pro,LosAngeles_01,2024-12-01,78.92659852626137,85.55757087953982,94.4501296052226,86.09719537736953
Tron-o-matic 5 Pro,LosAngeles_01,2024-12-02,56.91487433039831,63.19914171126537,70.02985856277691,63.18582003023224
Tron-o-matic 5 Pro,LosAngeles_01,2024-12-03,59.75266665539096,64.67090898055221,70.44044735373299,65.19743640044183
Tron-o-matic 5 Pro,LosAngeles_01,2024-12-04,57.47927536756818,63.45425777846461,70.7732639304436,63.71202268789041
Tron-o-matic 5 Pro,LosAngeles_01,2024-12-05,58.6269803703411,65.82596299189338,71.89427536153698,65.30919385691499
Tron-o-matic 5 Pro,LosAngeles_01,2024-12-06,111.59133937601082,118.56922252437774,125.99819212598935,118.41367585631988
Tron-o-matic 5 Pro,LosAngeles_01,2024-12-07,55.79567936398756,64.3707646224811,71.32726166439957,63.99417429480485
Tron-o-matic 5 Pro,LosAngeles_01,2024-12-08,56.55823937294923,63.748038882546396,71.94216819844402,63.8442297258207
Tron-o-matic 5 Pro,LosAngeles_01,2024-12-09,56.83966614336035,63.83924798557017,71.16942561745304,63.959383993696626
Tron-o-matic 5 Pro,LosAngeles_01,2024-12-10,57.92344454853755,64.35617592396565,73.85790572159054,64.7798550522946
Tron-o-matic 5 Pro,LosAngeles_01,2024-12-11,57.20542297682756,63.84828589502093,71.68116775230247,64.12301562122427
Tron-o-matic 5 Pro,LosAngeles_01,2024-12-12,58.8399858527081,65.98994328893242,72.76583055061069,65.76343169578678
Tron-o-matic 5 Pro,LosAngeles_01,2024-12-13,84.0216664494353,90.52418790688462,97.51613381008966,90.55006837469253
Tron-o-matic 5 Pro,LosAngeles_01,2024-12-14,57.74135899803698,63.37937677560776,69.70005580307985,63.61379279570595
Tron-o-matic 5 Pro,LosAngeles_01,2024-12-15,56.18354758938055,64.04953420852956,69.94305665792864,63.29045416619806
Tron-o-matic 5 Pro,LosAngeles_01,2024-12-16,68.12011648680746,76.08811270949349,83.93906787146862,76.24357885235241
Tron-o-matic 5 Pro,LosAngeles_01,2024-12-17,59.206192075186486,64.21436738171653,70.97453564641714,64.7604507049924
Tron-o-matic 5 Pro,LosAngeles_01,2024-12-18,54.58456014565664,62.242885065640365,68.5693780436387,61.79134774903563
Tron-o-matic 5 Pro,LosAngeles_01,2024-12-19,77.79748208996826,84.46559594623463,91.92419896488511,84.24918358711045
Tron-o-matic 5 Pro,LosAngeles_01,2024-12-20,57.48639203876236,63.85133876039109,71.59652856311477,64.22106893788413
Tron-o-matic 5 Pro,LosAngeles_01,2024-12-21,70.1114333860988,76.61326029676597,84.72927604385987,77.02129308842039
Tron-o-matic 5 Pro,LosAngeles_01,2024-12-22,74.25761683614483,79.71172264625027,88.15098879358179,80.06871208726133
Tron-o-matic 5 Pro,LosAngeles_01,2024-12-23,76.5051024393254,83.75098331572816,91.18489672148439,83.9090981394874
Tron-o-matic 5 Pro,LosAngeles_01,2024-12-24,75.7161308453332,83.13205778125025,88.41376344507097,82.56134921301617
Tron-o-matic 5 Pro,LosAngeles_01,2024-12-25,68.25916617870351,75.77648641238304,82.68491015411612,75.77881306355194
Tron-o-matic 5 Pro,LosAngeles_01,2024-12-26,57.6751408591092,64.93990638229883,71.5142331620392,64.38498138439815
Tron-o-matic 5 Pro,LosAngeles_01,2024-12-27,108.5589530791752,116.2921355245526,123.1751622443524,115.84789509536483
Tron-o-matic 5 Pro,LosAngeles_01,2024-12-28,57.208863135952804,64.307287510066,70.74898400110294,64.12503896729477
Tron-o-matic 5 Pro,LosAngeles_01,2024-12-29,58.78543683194565,64.08919336489926,70.93379754801174,64.22501277261408
Tron-o-matic 5 Pro,LosAngeles_01,2024-12-30,119.24975352516046,127.10660896209929,135.61452283023067,127.40323428912592
Tron-o-matic 5 Pro,LosAngeles_01,2024-12-31,59.010224767890506,65.95745184256056,72.46206167535843,65.93737129620517
Tron-o-matic 5 Pro,NewYork_02,2024-10-01,52.14785276032866,57.513922313739734,63.36241613388748,57.60010635890073
Tron-o-matic 5 Pro,NewYork_02,2024-10-02,83.23196084481194,90.03117125750578,94.26587167171337,89.48912263130731
Tron-o-matic 5 Pro,NewYork_02,2024-10-03,52.5026504320125,57.055010044494665,61.96994360139401,56.94274943146584
Tron-o-matic 5 Pro,NewYork_02,2024-10-04,61.77398518558622,67.67585787888098,73.77292458926112,67.84638140035659
Tron-o-matic 5 Pro,NewYork_02,2024-10-05,50.89838936471895,56.87932038775281,62.31981412534917,56.66272119175849
Tron-o-matic 5 Pro,NewYork_02,2024-10-06,87.83571193608049,93.7565187523654,99.5994009131235,93.4748871163281
Tron-o-matic 5 Pro,NewYork_02,2024-10-07,51.272748529711066,57.03951475538136,63.36436243055392,57.26980476062869
Tron-o-matic 5 Pro,NewYork_02,2024-10-08,51.44912916842996,57.21488122552315,63.49079502082139,57.12429623145404
Tron-o-matic 5 Pro,NewYork_02,2024-10-09,70.03617121491703,77.84498404300435,83.02578762727121,76.93418135590896
Tron-o-matic 5 Pro,NewYork_02,2024-10-10,57.75919899855662,63.446329896924986,67.74979611522708,63.43131147932946
Tron-o-matic 5 Pro,NewYork_02,2024-10-11,52.290444027473285,57.139916663880484,62.59215616512378,57.1779420300025
Tron-o-matic 5 Pro,NewYork_02,2024-10-12,51.772902400820406,56.525355629412196,61.16252671365844,56.363424204595674
Tron-o-matic 5 Pro,NewYork_02,2024-10-13,50.45066092663108,55.88526704554832,60.56838351939333,55.56770559755747
Tron-o-matic 5 Pro,NewYork_02,2024-10-14,51.087680587898554,56.994148034682965,62.60191249259786,56.722747070050225
Tron-o-matic 5 Pro,NewYork_02,2024-10-15,50.75831186336047,56.71225410584878,60.479615966839845,56.36151947637426
Tron-o-matic 5 Pro,NewYork_02,2024-10-16,49.98460584338312,55.50835101101616,62.299506780533896,55.55351627657739
Tron-o-matic 5 Pro,NewYork_02,2024-10-17,49.98403387401432,55.49675845950592,60.3138141161282,55.32364968248398
Tron-o-matic 5 Pro,NewYork_02,2024-10-18,52.462496846851984,56.68019833293741,62.18106512706276,56.83241472093957
Tron-o-matic 5 Pro,NewYork_02,2024-10-19,49.4993347811494,55.12782839695061,60.72799366475326,55.34670682623414
Tron-o-matic 5 Pro,NewYork_02,2024-10-20,50.074220211383725,55.94086209573928,62.06348126414977,55.989352584082866
Tron-o-matic 5 Pro,NewYork_02,2024-10-21,50.84581611533229,56.30359923934804,60.57082254520647,55.593422809415586
Tron-o-matic 5 Pro,NewYork_02,2024-10-22,49.63538670299291,54.63479901805947,61.33094344441609,55.04440881770139
Tron-o-matic 5 Pro,NewYork_02,2024-10-23,48.31929176428352,53.98650622603014,59.04583412910042,53.802414417895534
Tron-o-matic 5 Pro,NewYork_02,2024-10-24,48.91284735197939,53.838194913302885,59.545955837151574,53.93760861141132
Tron-o-matic 5 Pro,NewYork_02,2024-10-25,48.36198025181605,54.20748553334046,61.299000687310084,54.12709813161687
Tron-o-matic 5 Pro,NewYork_02,2024-10-26,48.74967827178563,53.77155344889778,59.41684644185406,53.86990088392969
Tron-o-matic 5 Pro,NewYork_02,2024-10-27,47.37709480704851,53.118008442793986,59.446367941077874,53.0223999353317
Tron-o-matic 5 Pro,NewYork_02,2024-10-28,66.4944502009256,71.52251063870914,76.20292268196386,71.88768499457233
Tron-o-matic 5 Pro,NewYork_02,2024-10-29,46.82696244373305,52.133362502546824,59.376212432984445,52.82315252419366
Tron-o-matic 5 Pro,NewYork_02,2024-10-30,47.050445263845226,52.83050532185606,57.30413705608845,51.93942445806141
Tron-o-matic 5 Pro,NewYork_02,2024-10-31,47.45575414545128,51.98401441289764,58.523272323816585,52.41437820770661
Tron-o-matic 5 Pro,NewYork_02,2024-11-01,94.93886014474127,101.23829893900508,106.44591715012429,100.97795351569091
Tron-o-matic 5 Pro,NewYork_02,2024-11-02,46.022710532782234,50.651943497561746,55.87808709818993,50.42526834773073
Tron-o-matic 5 Pro,NewYork_02,2024-11-03,54.88206704045689,60.22914012149583,65.4398588009311,60.277622506122455
Tron-o-matic 5 Pro,NewYork_02,2024-11-04,76.47481631841502,81.80877675908478,87.03812304665115,81.9731875271649
Tron-o-matic 5 Pro,NewYork_02,2024-11-05,58.93581274393159,64.11682075257724,69.6924058547845,64.11696199795507
Tron-o-matic 5 Pro,NewYork_02,2024-11-06,65.64962992188794,70.45560860345508,77.34747731704783,70.62589953669935
Tron-o-matic 5 Pro,NewYork_02,2024-11-07,88.72769610869354,94.48191021924268,99.56833039765223,94.3227965460071
Tron-o-matic 5 Pro,NewYork_02,2024-11-08,43.886010803871386,49.45010043652933,55.587392192502534,49.73003562251139
Tron-o-matic 5 Pro,NewYork_02,2024-11-09,55.716333417618905,60.46964608659269,66.40378197479552,60.783092019696014
Tron-o-matic 5 Pro,NewYork_02,2024-11-10,53.50874322138352,59.65737048439127,65.0295291251348,59.3067874114553
Tron-o-matic 5 Pro,NewYork_02,2024-11-11,42.99307921949161,48.57603823167923,56.542218504983545,48.786403195375904
Tron-o-matic 5 Pro,NewYork_02,2024-11-12,43.11267634294445,48.12887047879015,55.06711987656063,48.74830194381953
Tron-o-matic 5 Pro,NewYork_02,2024-11-13,41.5501472647536,46.93012532725374,53.12459512719212,47.0257585715138
Tron-o-matic 5 Pro,NewYork_02,2024-11-14,42.75023198663916,48.677399592646786,53.1008168368472,48.444848942269694
Tron-o-matic 5 Pro,NewYork_02,2024-11-15,41.99770987379018,49.1196898494333,54.18212938534272,48.73348420338882
Tron-o-matic 5 Pro,NewYork_02,2024-11-16,87.49485727337735,94.27410115447412,100.13219512002547,94.20651718499956
Tron-o-matic 5 Pro,NewYork_02,2024-11-17,41.42629121266615,47.42973533015499,52.89362399971932,47.29090397233947
Tron-o-matic 5 Pro,NewYork_02,2024-11-18,41.9831245972104,48.41955591038789,52.40356137330983,47.86042167919881
Tron-o-matic 5 Pro,NewYork_02,2024-11-19,42.21046757268057,48.504320837405146,53.381409681293306,48.231553886173316
Tron-o-matic 5 Pro,NewYork_02,2024-11-20,78.96309644486809,83.2295035506946,87.99985992285845,83.32676190757978
Tron-o-matic 5 Pro,NewYork_02,2024-11-21,42.9937146621722,47.45855848795168,53.75951139350085,48.05046990611717
Tron-o-matic 5 Pro,NewYork_02,2024-11-22,44.46344226558592,49.67854367752352,55.59003084840536,49.8831407086252
Tron-o-matic 5 Pro,NewYork_02,2024-11-23,56.010360835336876,61.24386720924679,66.94466319231023,61.4106216561168
Tron-o-matic 5 Pro,NewYork_02,2024-11-24,85.6616014143841,91.5340235890087,96.60079630948431,91.41948715037071
Tron-o-matic 5 Pro,NewYork_02,2024-11-25,43.24018763833362,48.55164498524372,53.630692826705065,48.41667796503455
Tron-o-matic 5 Pro,NewYork_02,2024-11-26,44.47177364382959,49.12571400116106,55.08010374638941,49.42294179089274
Tron-o-matic 5 Pro,NewYork_02,2024-11-27,89.3005670756425,94.6515404137989,101.44887641962167,95.07838845340058
Tron-o-matic 5 Pro,NewYork_02,2024-11-28,43.278257506138885,49.44725223020613,53.65931228787392,48.78886979075267
Tron-o-matic 5 Pro,NewYork_02,2024-11-29,93.47604486189222,99.30376965842984,103.95629709285242,98.83297324702613
Tron-o-matic 5 Pro,NewYork_02,2024-11-30,42.97437008372364,48.44665357280712,53.85041055117691,48.6309541517456
Tron-o-matic 5 Pro,NewYork_02,2024-12-01,59.13936646106786,65.53279796710768,70.1921173515503,64.83649836918171
Tron-o-matic 5 Pro,NewYork_02,2024-12-02,42.80064718010232,50.196534764469035,54.615569306639486,49.80878864814529
Tron-o-matic 5 Pro,NewYork_02,2024-12-03,43.93090381368919,49.24590180668463,56.62768666004661,49.676357635394886
Tron-o-matic 5 Pro,NewYork_02,2024-12-04,44.34116111774593,49.06294881814278,53.97129716149663,49.09095577019492
Tron-o-matic 5 Pro,NewYork_02,2024-12-05,44.04857654553864,50.104188231191515,55.23360890241119,49.79734264519553
Tron-o-matic 5 Pro,NewYork_02,2024-12-06,84.2367248060073,88.7478860108304,93.87665217397326,88.76454424095637
Tron-o-matic 5 Pro,NewYork_02,2024-12-07,43.61082545435953,48.75145369961239,55.05903485666315,49.10326528141026
Tron-o-matic 5 Pro,NewYork_02,2024-12-08,45.47932597938652,50.46789003054414,55.818476578304605,50.62101583079227
Tron-o-matic 5 Pro,NewYork_02,2024-12-09,44.56022868843286,50.160126199549296,55.90397396284048,50.158559437571604
Tron-o-matic 5 Pro,NewYork_02,2024-12-10,44.19796637156754,50.849684695633115,55.352904894109315,50.01611878786719
Tron-o-matic 5 Pro,NewYork_02,2024-12-11,43.541390802825624,48.95677270872909,55.016326046574825,49.1463161486729
Tron-o-matic 5 Pro,NewYork_02,2024-12-12,43.22062022766297,49.42942289597038,54.2834433731541,49.02145202009223
Tron-o-matic 5 Pro,NewYork_02,2024-12-13,63.291436361878645,68.71717375298401,74.01772060123638,68.77641523080254
Tron-o-matic 5 Pro,NewYork_02,2024-12-14,42.54033734717111,49.28447033708242,56.226520729395006,49.32805570491097
Tron-o-matic 5 Pro,NewYork_02,2024-12-15,43.61747341460945,48.61946861612023,54.906846914087645,48.918349332012276
Tron-o-matic 5 Pro,NewYork_02,2024-12-16,52.54205603769893,59.27842664320066,64.95583768216385,59.03127973985917
Tron-o-matic 5 Pro,NewYork_02,2024-12-17,45.45710888588986,49.766513272113585,54.01365509115819,49.863965448189965
Tron-o-matic 5 Pro,NewYork_02,2024-12-18,43.95011935034562,47.46511632680223,54.024501954809764,48.45236761777206
Tron-o-matic 5 Pro,NewYork_02,2024-12-19,57.83436823505548,63.24776070452892,68.9813270240611,63.65919054470148
Tron-o-matic 5 Pro,NewYork_02,2024-12-20,42.510654533564505,48.40390442322804,54.15303892965159,48.521334273582326
Tron-o-matic 5 Pro,NewYork_02,2024-12-21,54.32330663542742,59.29138894623538,64.13534742691675,59.0250175970047
Tron-o-matic 5 Pro,NewYork_02,2024-12-22,54.70826148288303,60.62508231720366,65.97192207694985,60.61460295750434
Tron-o-matic 5 Pro,NewYork_02,2024-12-23,59.6845419762977,65.17937166667325,69.81078469642671,64.71436225899664
Tron-o-matic 5 Pro,NewYork_02,2024-12-24,58.387448661773625,64.0011176949913,69.29728734164689,63.86310802342159
Tron-o-matic 5 Pro,NewYork_02,2024-12-25,50.93068409031579,57.238279245567874,63.11215223364241,57.20973145917995
Tron-o-matic 5 Pro,NewYork_02,2024-12-26,43.1446984873586,47.539348766719954,54.65724657704282,48.09726050347612
Tron-o-matic 5 Pro,NewYork_02,2024-12-27,82.5379719704691,87.55461255152294,93.59270510977572,87.40417914641917
Tron-o-matic 5 Pro,NewYork_02,2024-12-28,44.15405737936129,48.143186081387576,53.27431425793111,48.2754410089672
Tron-o-matic 5 Pro,NewYork_02,2024-12-29,43.41745293373913,48.66181484356886,53.84290162989383,48.46344270801832
Tron-o-matic 5 Pro,NewYork_02,2024-12-30,93.1613888786359,98.09839650704993,103.3623724142349,98.13444732421314
Tron-o-matic 5 Pro,NewYork_02,2024-12-31,44.18521692387227,50.20997094909145,55.20211996237589,50.11735481585346
Tron-o-matic 5 Pro,WashingtonDC_01,2024-10-01,32.877253597645236,36.25069777630922,39.32196094034373,35.92111765900584
Tron-o-matic 5 Pro,WashingtonDC_01,2024-10-02,54.55743466963292,57.83715716800599,61.44373966956306,57.87723715028885
Tron-o-matic 5 Pro,WashingtonDC_01,2024-10-03,32.84283524501499,36.243237927971826,40.31718823107205,36.489730319162014
Tron-o-matic 5 Pro,WashingtonDC_01,2024-10-04,40.80580209560081,44.00458616108199,47.3803241086478,44.11538194611521
Tron-o-matic 5 Pro,WashingtonDC_01,2024-10-05,33.08203692349204,36.4107954999958,39.55630841718741,36.22208463068179
Tron-o-matic 5 Pro,WashingtonDC_01,2024-10-06,56.96322789353962,60.00500766566502,63.0701555982486,60.01930677042949
Tron-o-matic 5 Pro,WashingtonDC_01,2024-10-07,33.26776180601659,36.74770563063654,40.60623997198107,36.64661636646379
Tron-o-matic 5 Pro,WashingtonDC_01,2024-10-08,33.31439699110023,36.83359046936634,39.827629472325214,36.848734966646134
Tron-o-matic 5 Pro,WashingtonDC_01,2024-10-09,45.95503907437817,48.647876516023615,52.22246936008674,48.82950734725337
Tron-o-matic 5 Pro,WashingtonDC_01,2024-10-10,37.00164484716257,40.32440054595384,44.40898143138288,40.530324085480245
Tron-o-matic 5 Pro,WashingtonDC_01,2024-10-11,32.50228593100239,36.4383093600721,39.625625182549776,36.43958258328845
Tron-o-matic 5 Pro,WashingtonDC_01,2024-10-12,31.996914516438014,35.32495844936516,38.54768268619847,35.322353470582804
Tron-o-matic 5 Pro,WashingtonDC_01,2024-10-13,32.740423129938975,35.91670449897544,39.597863363150026,35.961677856706885
Tron-o-matic 5 Pro,WashingtonDC_01,2024-10-14,33.27455699785469,36.22112198154324,39.36899627258173,36.18738769788556
Tron-o-matic 5 Pro,WashingtonDC_01,2024-10-15,32.22893374214668,35.42638611972317,39.162228176854015,35.68414091208478
Tron-o-matic 5 Pro,WashingtonDC_01,2024-10-16,31.86366243739389,35.2295569663511,38.60792277141971,35.398637960526166
Tron-o-matic 5 Pro,WashingtonDC_01,2024-10-17,31.667275896565,35.44143525757482,38.80788324856112,35.32441674923774
Tron-o-matic 5 Pro,WashingtonDC_01,2024-10-18,31.816774099476,35.452653763153364,38.81422942789083,35.31017316261127
Tron-o-matic 5 Pro,WashingtonDC_01,2024-10-19,32.25412298101229,34.990675909916966,38.05822933607089,35.12224636228097
Tron-o-matic 5 Pro,WashingtonDC_01,2024-10-20,30.779639255849684,34.23342725847873,38.4094292177991,34.24294840759538
Tron-o-matic 5 Pro,WashingtonDC_01,2024-10-21,32.00882213663112,35.000111515700404,38.35154106058283,35.16421107091739
Tron-o-matic 5 Pro,WashingtonDC_01,2024-10-22,31.758213076668955,34.900258359970366,37.76791898365789,34.86270933672763
Tron-o-matic 5 Pro,WashingtonDC_01,2024-10-23,30.86995683497809,34.03909246865695,38.019767003666864,34.182146543278144
Tron-o-matic 5 Pro,WashingtonDC_01,2024-10-24,30.340520036704298,33.89261979169392,37.20120821016118,33.733400557288434
Tron-o-matic 5 Pro,WashingtonDC_01,2024-10-25,30.55870054064247,34.300128272901524,37.440256187666,34.20560755582919
Tron-o-matic 5 Pro,WashingtonDC_01,2024-10-26,31.426086347521444,34.3591279704117,37.70921936539344,34.30971006502775
Tron-o-matic 5 Pro,WashingtonDC_01,2024-10-27,30.873630631332826,33.5510833846799,37.102968752259976,33.65513218288219
Tron-o-matic 5 Pro,WashingtonDC_01,2024-10-28,42.42305722524205,46.33450745571369,49.253739352692826,46.167601252222
Tron-o-matic 5 Pro,WashingtonDC_01,2024-10-29,29.068657542167323,33.92910914312648,37.17243663019091,33.52114017741337
Tron-o-matic 5 Pro,WashingtonDC_01,2024-10-30,29.361925031542313,32.52404252343733,35.76511389953369,32.48780104477189
Tron-o-matic 5 Pro,WashingtonDC_01,2024-10-31,28.98728824387939,32.63551137460888,36.04165852956153,32.57160629903097
Tron-o-matic 5 Pro,WashingtonDC_01,2024-11-01,60.64807493416704,63.97154491940094,66.75773068235424,63.845581015547914
Tron-o-matic 5 Pro,WashingtonDC_01,2024-11-02,29.045782253096302,32.33873207988101,35.90772895724556,32.58402021987761
Tron-o-matic 5 Pro,WashingtonDC_01,2024-11-03,35.59969867062774,39.1148683193016,42.4228570968727,39.002550703421285
Tron-o-matic 5 Pro,WashingtonDC_01,2024-11-04,48.228739235193295,52.22611773330786,55.193762096312064,51.88191265760739
Tron-o-matic 5 Pro,WashingtonDC_01,2024-11-05,38.22710311391451,41.18661511177763,43.969124583938786,41.070813434535445
Tron-o-matic 5 Pro,WashingtonDC_01,2024-11-06,42.69743262323678,45.80727108708869,48.96801347830343,45.83964340889032
Tron-o-matic 5 Pro,WashingtonDC_01,2024-11-07,55.86305991661995,59.88489726100587,64.34080567348761,59.89984282822833
Tron-o-matic 5 Pro,WashingtonDC_01,2024-11-08,27.970333163818125,31.974849796922282,35.39500572676193,31.75800084161551
Tron-o-matic 5 Pro,WashingtonDC_01,2024-11-09,34.759267692664956,39.648052753952555,43.011676921691254,39.202365533993934
Tron-o-matic 5 Pro,WashingtonDC_01,2024-11-10,35.765084219836865,39.253028670819475,41.190272181283945,38.72238539535144
Tron-o-matic 5 Pro,WashingtonDC_01,2024-11-11,28.222418219892756,31.520832569483314,34.89422593544139,31.427974094654324
Tron-o-matic 5 Pro,WashingtonDC_01,2024-11-12,28.12119817095388,31.215951696170034,33.772556540686686,30.977223864504698
Tron-o-matic 5 Pro,WashingtonDC_01,2024-11-13,26.950211828111346,30.660985056538557,34.96343830315426,30.839645772620653
Tron-o-matic 5 Pro,WashingtonDC_01,2024-11-14,27.46493504326365,30.711290211321305,34.241665976949406,30.742855419800062
Tron-o-matic 5 Pro,WashingtonDC_01,2024-11-15,27.0882649733762,31.25619766881333,34.465520549758985,31.08143831239729
Tron-o-matic 5 Pro,WashingtonDC_01,2024-11-16,57.019737071317806,59.96838082576381,63.1285554549743,59.93970482393725
Tron-o-matic 5 Pro,WashingtonDC_01,2024-11-17,26.843732715721043,30.19713504453144,34.09624624148039,30.221023621693824
Tron-o-matic 5 Pro,WashingtonDC_01,2024-11-18,27.50311949743647,30.303553737852432,33.89328147870417,30.504688801071783
Tron-o-matic 5 Pro,WashingtonDC_01,2024-11-19,27.369381527940643,30.802915543419008,34.77936267149714,30.829787721853055
Tron-o-matic 5 Pro,WashingtonDC_01,2024-11-20,49.843810124904365,53.25296333734849,56.47105000959449,53.34772727224858
Tron-o-matic 5 Pro,WashingtonDC_01,2024-11-21,26.661988914127573,29.787517212543975,33.12034249230472,29.807737266965646
Tron-o-matic 5 Pro,WashingtonDC_01,2024-11-22,27.194720394218166,30.432718307845512,33.58631558726839,30.497813548352433
Tron-o-matic 5 Pro,WashingtonDC_01,2024-11-23,35.424545826409656,39.73046873871454,42.80704285021518,39.26052861004111
Tron-o-matic 5 Pro,WashingtonDC_01,2024-11-24,55.33269507607809,58.62469560597191,61.444697620480135,58.55706748295276
Tron-o-matic 5 Pro,WashingtonDC_01,2024-11-25,27.18784713733928,30.729438258417307,34.91718169847063,30.998822531348694
Tron-o-matic 5 Pro,WashingtonDC_01,2024-11-26,27.1144696095648,31.27233637761939,34.68230442653617,31.086909952784833
Tron-o-matic 5 Pro,WashingtonDC_01,2024-11-27,56.74581217148017,59.63286349716456,63.24493773859608,59.795993919933245
Tron-o-matic 5 Pro,WashingtonDC_01,2024-11-28,27.14462502568394,30.308245201320894,34.02032400321228,30.571710061155887
Tron-o-matic 5 Pro,WashingtonDC_01,2024-11-29,59.50082110338429,62.749434995609235,66.326884817803,62.71165509691005
Tron-o-matic 5 Pro,WashingtonDC_01,2024-11-30,27.494891141951616,30.876947727063932,33.66277297438127,30.863038886737137
Tron-o-matic 5 Pro,WashingtonDC_01,2024-12-01,37.935300618968824,41.23559681950536,43.941994020891116,41.06726918468059
Tron-o-matic 5 Pro,WashingtonDC_01,2024-12-02,28.116826353787186,31.598812179528483,35.57611987712068,31.854819668762076
Tron-o-matic 5 Pro,WashingtonDC_01,2024-12-03,27.752412296043968,31.873725191066967,34.522641985573884,31.366255500069425
Tron-o-matic 5 Pro,WashingtonDC_01,2024-12-04,28.245630127501798,31.550401078127848,34.84064584628418,31.593847176908206
Tron-o-matic 5 Pro,WashingtonDC_01,2024-12-05,27.69092201460044,31.213483600814698,34.92018970115488,31.043626614634686
Tron-o-matic 5 Pro,WashingtonDC_01,2024-12-06,53.11438938975531,56.57899428855139,60.2137293730658,56.44773608750988
Tron-o-matic 5 Pro,WashingtonDC_01,2024-12-07,28.318036939316073,31.711015987579124,34.98214276470438,31.679056055202373
Tron-o-matic 5 Pro,WashingtonDC_01,2024-12-08,28.0202597849829,31.199728116482635,35.77366370564029,31.51474150790274
Tron-o-matic 5 Pro,WashingtonDC_01,2024-12-09,28.6979284392806,31.50383666624251,34.85204911050144,31.679392284655272
Tron-o-matic 5 Pro,WashingtonDC_01,2024-12-10,28.59061614591371,32.01716515141975,35.197458209223676,32.00442998331928
Tron-o-matic 5 Pro,WashingtonDC_01,2024-12-11,27.542108343356478,31.627001567350124,34.38991385158641,31.088888697325224
Tron-o-matic 5 Pro,WashingtonDC_01,2024-12-12,28.517534678058446,31.584949157297057,34.71517467539864,31.597259858482026
Tron-o-matic 5 Pro,WashingtonDC_01,2024-12-13,41.19279333420963,44.04943186512349,47.90176044975734,44.23091526546285
Tron-o-matic 5 Pro,WashingtonDC_01,2024-12-14,28.706700023927866,31.787577712804836,35.33507526142223,31.69053852343164
Tron-o-matic 5 Pro,WashingtonDC_01,2024-12-15,28.492371847283838,31.767674918607685,35.09501510412617,31.80764894507865
Tron-o-matic 5 Pro,WashingtonDC_01,2024-12-16,34.306897118361924,38.0679458855209,41.221038436185644,37.95852067945658
Tron-o-matic 5 Pro,WashingtonDC_01,2024-12-17,27.562801277827717,31.703520577178598,34.76884663459649,31.503321933961203
Tron-o-matic 5 Pro,WashingtonDC_01,2024-12-18,28.530444890212337,31.021338719775486,35.86667047431381,31.53264385325932
Tron-o-matic 5 Pro,WashingtonDC_01,2024-12-19,38.341018974850655,41.52709142794192,45.1233299181263,41.31075121869513
Tron-o-matic 5 Pro,WashingtonDC_01,2024-12-20,29.16507095853929,32.30527665814931,35.56183481955072,32.349883955714
Tron-o-matic 5 Pro,WashingtonDC_01,2024-12-21,36.02430780567887,38.78723926014058,42.1908734337146,39.01632309397344
Tron-o-matic 5 Pro,WashingtonDC_01,2024-12-22,35.848585587179464,39.685736366632966,42.63470938601518,39.38157918658711
Tron-o-matic 5 Pro,WashingtonDC_01,2024-12-23,38.67162808807869,42.16074857113927,46.68243796003178,42.49224928843546
Tron-o-matic 5 Pro,WashingtonDC_01,2024-12-24,38.12820307035139,41.47868078871289,44.90006292039467,41.255392571540604
Tron-o-matic 5 Pro,WashingtonDC_01,2024-12-25,34.12220345072486,37.44067883410725,41.67111488745274,37.77742596975869
Tron-o-matic 5 Pro,WashingtonDC_01,2024-12-26,28.492683181737995,31.91883366497923,35.65183838890759,32.173827053716074
Tron-o-matic 5 Pro,WashingtonDC_01,2024-12-27,53.302988245946416,55.9020301380873,59.4603410896396,56.271962571986705
Tron-o-matic 5 Pro,WashingtonDC_01,2024-12-28,29.08875872573771,32.93645902952851,35.52686607807941,32.71741291471938
Tron-o-matic 5 Pro,WashingtonDC_01,2024-12-29,29.247843852486223,32.84717607257292,35.53703553432928,32.58154169472471
Tron-o-matic 5 Pro,WashingtonDC_01,2024-12-30,60.15068154224445,63.44442147470163,66.79449065085493,63.60744230747675
Tron-o-matic 5 Pro,WashingtonDC_01,2024-12-31,29.89175763080298,32.38476594770879,35.19422186391698,32.37651566284518
Tron-o-matic 5 Pro,NewYork_01,2024-10-01,52.62736889141615,57.7224775083357,62.1258684091946,57.71402329501146
Tron-o-matic 5 Pro,NewYork_01,2024-10-02,85.34980834067207,91.6527564006736,96.29359305955028,91.41138762825501
Tron-o-matic 5 Pro,NewYork_01,2024-10-03,52.56960043221846,58.23808312317237,62.983759089111544,57.8944575222025
Tron-o-matic 5 Pro,NewYork_01,2024-10-04,63.855907197451344,69.46649352248444,73.36195260341253,68.94469952367176
Tron-o-matic 5 Pro,NewYork_01,2024-10-05,51.81058275767953,57.727886983176106,62.627030113475804,57.45092335226546
Tron-o-matic 5 Pro,NewYork_01,2024-10-06,89.29861065270364,94.08432018817022,99.01650194547831,94.09985081655503
Tron-o-matic 5 Pro,NewYork_01,2024-10-07,51.76691604023031,55.75515751728411,61.71818923669903,56.31183466368556
Tron-o-matic 5 Pro,NewYork_01,2024-10-08,51.28866780717757,57.61375131089812,63.733059168680846,57.41048871812252
Tron-o-matic 5 Pro,NewYork_01,2024-10-09,71.52007464390513,76.16170518293353,80.71228332285918,76.2405179768845
Tron-o-matic 5 Pro,NewYork_01,2024-10-10,57.26260917682066,63.43325511182572,67.83665667167026,63.107807923208654
Tron-o-matic 5 Pro,NewYork_01,2024-10-11,51.400324238339884,56.85699614324015,62.391394607079945,56.81621685290754
Tron-o-matic 5 Pro,NewYork_01,2024-10-12,49.56592756912252,55.86199443193913,61.785041036026435,55.679430960037756
Tron-o-matic 5 Pro,NewYork_01,2024-10-13,49.857916954559414,55.816024953217365,60.43508192169428,55.3894734806313
Tron-o-matic 5 Pro,NewYork_01,2024-10-14,50.01253046407781,55.2596542809675,61.06440671050604,55.27152265600589
Tron-o-matic 5 Pro,NewYork_01,2024-10-15,48.90784187907667,55.00134484226059,60.51544926016294,54.812636684687256
Tron-o-matic 5 Pro,NewYork_01,2024-10-16,49.51730495583913,55.64049974896453,59.81487973719792,55.11738343012468
Tron-o-matic 5 Pro,NewYork_01,2024-10-17,50.63295896945782,56.00835726126514,61.39871643314078,55.98001539779046
Tron-o-matic 5 Pro,NewYork_01,2024-10-18,50.0912335888349,55.81078113507531,60.643896677262674,55.55101802106597
Tron-o-matic 5 Pro,NewYork_01,2024-10-19,49.26895617788061,54.302715294216334,58.61555378812571,54.19811111399122
Tron-o-matic 5 Pro,NewYork_01,2024-10-20,48.9983446199443,53.855236283309395,59.23044696343592,53.944598076428974
Tron-o-matic 5 Pro,NewYork_01,2024-10-21,48.61032399285383,54.50753287296254,59.024835974641576,54.22933632466857
Tron-o-matic 5 Pro,NewYork_01,2024-10-22,49.16633843862748,54.89907778901353,59.66286240293508,54.69414355129892
Tron-o-matic 5 Pro,NewYork_01,2024-10-23,48.883039174540365,53.77549593063,59.236178065947115,53.83735980806183
Tron-o-matic 5 Pro,NewYork_01,2024-10-24,47.690330031046805,54.238694309468585,58.8899029831886,53.67222130455591
Tron-o-matic 5 Pro,NewYork_01,2024-10-25,47.25862585537055,53.80674322469445,58.30931596407944,53.278277938000635
Tron-o-matic 5 Pro,NewYork_01,2024-10-26,47.2976720111622,52.0698330245,58.60349683257775,52.709968132359684
Tron-o-matic 5 Pro,NewYork_01,2024-10-27,47.485905511213616,52.9520575099602,57.80791336207446,52.50388668296347
Tron-o-matic 5 Pro,NewYork_01,2024-10-28,66.76689526102497,72.20941563438673,76.73960890366773,72.03131801789445
Tron-o-matic 5 Pro,NewYork_01,2024-10-29,47.0930985105404,52.460292928827805,57.660343599729934,52.278135629692386
Tron-o-matic 5 Pro,NewYork_01,2024-10-30,46.82384863739446,52.5239171548555,57.713908608703875,52.10581272897887
Tron-o-matic 5 Pro,NewYork_01,2024-10-31,48.32845626692162,53.27049798813742,57.689675047237095,52.88221122026187
Tron-o-matic 5 Pro,NewYork_01,2024-11-01,95.74966626701644,101.63818307366357,106.83066703275489,101.56433799068625
Tron-o-matic 5 Pro,NewYork_01,2024-11-02,45.759011134558236,52.04635763356412,57.76881087332174,51.880803107365736
Tron-o-matic 5 Pro,NewYork_01,2024-11-03,57.87529460577884,61.76677026687353,66.4404658583354,61.73516741676274
Tron-o-matic 5 Pro,NewYork_01,2024-11-04,78.31603769746663,82.63885727338067,87.7256798214637,82.869885506837
Tron-o-matic 5 Pro,NewYork_01,2024-11-05,58.910715463892096,64.75343733554975,69.21060058152757,64.4610824179218
Tron-o-matic 5 Pro,NewYork_01,2024-11-06,66.73453609995885,72.36346123107583,78.0658372592521,72.1539865753422
Tron-o-matic 5 Pro,NewYork_01,2024-11-07,89.89752193175727,94.82530573555006,98.78799078575322,94.65474432500866
Tron-o-matic 5 Pro,NewYork_01,2024-11-08,44.45293055908174,50.54806066714045,55.349444449017405,50.08300100471106
Tron-o-matic 5 Pro,NewYork_01,2024-11-09,56.67492308444208,62.4912447272724,67.08466419785397,62.20459935333898
Tron-o-matic 5 Pro,NewYork_01,2024-11-10,55.64921375025487,60.79413618390879,66.37397247042014,60.87649522853137
Tron-o-matic 5 Pro,NewYork_01,2024-11-11,44.67282028983249,49.90957627520053,54.75380271908287,49.58494276242895
Tron-o-matic 5 Pro,NewYork_01,2024-11-12,45.27721165169399,49.552521837418624,54.03604563681422,49.49795644963106
Tron-o-matic 5 Pro,NewYork_01,2024-11-13,43.27567612867528,49.09202354918046,53.286801010638335,48.645923084470105
Tron-o-matic 5 Pro,NewYork_01,2024-11-14,43.68942806491677,49.08922102089014,55.77079455752876,49.310994168882914
Tron-o-matic 5 Pro,NewYork_01,2024-11-15,44.20902536701114,49.63583921835822,55.04688350947764,49.65935630681955
Tron-o-matic 5 Pro,NewYork_01,2024-11-16,89.08570025359087,94.5190072241118,98.74716597466184,94.12169438420986
Tron-o-matic 5 Pro,NewYork_01,2024-11-17,43.144402455662686,48.34466753844471,53.605199592677906,47.999867694163605
Tron-o-matic 5 Pro,NewYork_01,2024-11-18,44.122761292113125,48.09935659280334,53.53220740597884,48.4794583506318
Tron-o-matic 5 Pro,NewYork_01,2024-11-19,44.55453494929431,48.93541692781652,53.72379438063324,49.05362235824893
Tron-o-matic 5 Pro,NewYork_01,2024-11-20,79.16746463574232,83.40236734889199,89.22249560318002,83.63742977489781
Tron-o-matic 5 Pro,NewYork_01,2024-11-21,43.803369879968876,49.29481552911973,54.24731163286222,49.015985679038124
Tron-o-matic 5 Pro,NewYork_01,2024-11-22,43.45214140270557,49.2115144694265,53.43522047709607,48.670812089259314
Tron-o-matic 5 Pro,NewYork_01,2024-11-23,56.57905925521333,61.96289048139217,67.6548128430518,61.813678439297256
Tron-o-matic 5 Pro,NewYork_01,2024-11-24,86.41584499704766,91.80975407895266,98.08096400384107,91.87482717970657
Tron-o-matic 5 Pro,NewYork_01,2024-11-25,43.03395375084263,49.22147516945369,54.006890161498674,48.944297449082015
Tron-o-matic 5 Pro,NewYork_01,2024-11-26,42.30054563226798,49.01578800799402,53.41779772212368,48.641243665375306
Tron-o-matic 5 Pro,NewYork_01,2024-11-27,89.26414308169772,95.47510311358153,100.10908499710796,94.9441770950646
Tron-o-matic 5 Pro,NewYork_01,2024-11-28,44.98287950765526,50.28260522496502,53.9564879972411,49.87421634125262
Tron-o-matic 5 Pro,NewYork_01,2024-11-29,94.34748090005135,99.87841663359399,104.6932618507926,99.535052285757
Tron-o-matic 5 Pro,NewYork_01,2024-11-30,44.65842363977346,49.99250344073462,54.37604677619915,49.432431599098
Tron-o-matic 5 Pro,NewYork_01,2024-12-01,60.50573292947845,65.65092387873987,70.53399707780387,65.58484858806536
Tron-o-matic 5 Pro,NewYork_01,2024-12-02,44.330833486754955,49.37058467551278,56.100964836067654,49.865371978887204
Tron-o-matic 5 Pro,NewYork_01,2024-12-03,46.27822621019246,50.81983152493066,55.29684201973157,50.665238437022715
Tron-o-matic 5 Pro,NewYork_01,2024-12-04,44.59786161939022,49.9488636987637,55.25525611964085,50.05190757151298
Tron-o-matic 5 Pro,NewYork_01,2024-12-05,44.07823547665306,50.05889858064587,53.85748297465381,49.425720561532586
Tron-o-matic 5 Pro,NewYork_01,2024-12-06,85.2153521125948,89.40254920016686,94.50533176069771,89.65033007021418
Tron-o-matic 5 Pro,NewYork_01,2024-12-07,45.35736712246225,49.86759754512225,55.46514511938949,50.11394385106499
Tron-o-matic 5 Pro,NewYork_01,2024-12-08,44.84079857927162,49.815257745841926,54.25834387070137,49.565598891765475
Tron-o-matic 5 Pro,NewYork_01,2024-12-09,45.58772483776825,50.27517221629006,55.182263471356286,50.59733213999178
Tron-o-matic 5 Pro,NewYork_01,2024-12-10,43.85748014164177,50.43208758814829,55.798399027311504,50.004980914615146
Tron-o-matic 5 Pro,NewYork_01,2024-12-11,43.57564479289659,49.48036779283212,54.40749592952873,49.57215805957284
Tron-o-matic 5 Pro,NewYork_01,2024-12-12,44.32816707246667,50.481872263492555,55.17705685375848,50.14093207037342
Tron-o-matic 5 Pro,NewYork_01,2024-12-13,63.995745855721985,69.09451104462404,73.9442134397352,68.9431709324171
Tron-o-matic 5 Pro,NewYork_01,2024-12-14,44.14868738543424,49.83522819571487,54.40684803213592,49.81044915237561
Tron-o-matic 5 Pro,NewYork_01,2024-12-15,43.74722891658004,50.072086754771014,54.59244562027787,49.393772559232154
Tron-o-matic 5 Pro,NewYork_01,2024-12-16,54.47593203999874,60.274658742969706,65.48748285064418,60.07245387211918
Tron-o-matic 5 Pro,NewYork_01,2024-12-17,43.32169039894966,49.61636373984265,55.38340617875363,49.268437920596504
Tron-o-matic 5 Pro,NewYork_01,2024-12-18,44.18021413810359,48.5876146383812,54.672866522589544,49.107227328568776
Tron-o-matic 5 Pro,NewYork_01,2024-12-19,57.63559089813431,64.46500839014834,70.7082363541546,64.23825237545176
Tron-o-matic 5 Pro,NewYork_01,2024-12-20,44.235363349859426,49.609315630757585,55.88398204258574,49.846290445659946
Tron-o-matic 5 Pro,NewYork_01,2024-12-21,54.79760648513065,60.19318027948564,64.63665482157704,59.89699997268988
Tron-o-matic 5 Pro,NewYork_01,2024-12-22,55.997490915743256,59.97574510531287,67.64793392378539,60.82463591641178
Tron-o-matic 5 Pro,NewYork_01,2024-12-23,59.80036116806329,65.34965100809866,69.71614986964076,65.02194085581999
Tron-o-matic 5 Pro,NewYork_01,2024-12-24,57.56527696229918,63.498405421298486,69.37424517526068,63.40635707732177
Tron-o-matic 5 Pro,NewYork_01,2024-12-25,52.282111212954966,57.73549190694299,62.40405505234832,57.64683688397993
Tron-o-matic 5 Pro,NewYork_01,2024-12-26,45.48721159059228,50.52273608633467,55.7035557437528,50.470509237786636
Tron-o-matic 5 Pro,NewYork_01,2024-12-27,81.62163207959246,87.49075925177065,91.28733779788178,87.30232659087427
Tron-o-matic 5 Pro,NewYork_01,2024-12-28,43.18322716864199,49.15525601595444,55.40519206270388,49.19645661473647
Tron-o-matic 5 Pro,NewYork_01,2024-12-29,43.77735973764293,49.204921561859535,53.703058276160085,49.101851485794775
Tron-o-matic 5 Pro,NewYork_01,2024-12-30,93.64152372432328,98.49441076986628,102.9872642219339,98.18308982753179
Tron-o-matic 5 Pro,NewYork_01,2024-12-31,45.34604313254561,50.075635992642795,55.74021018929589,50.372161043184605
Tron-o-matic 5 Pro,Philadelphia_01,2024-10-01,31.895374897170836,35.54090616502269,39.0266672300007,35.469872474949405
Tron-o-matic 5 Pro,Philadelphia_01,2024-10-02,52.85412142072472,56.2398047993277,60.04239446569214,56.23994475233226
Tron-o-matic 5 Pro,Philadelphia_01,2024-10-03,31.714638963572252,35.0957499133288,38.28397963325468,35.07555165432308
Tron-o-matic 5 Pro,Philadelphia_01,2024-10-04,39.23773202714962,42.26985069357151,46.00386382516344,42.37465030908706
Tron-o-matic 5 Pro,Philadelphia_01,2024-10-05,31.755991084806602,34.99237637123867,38.51683404095144,35.19218521655032
Tron-o-matic 5 Pro,Philadelphia_01,2024-10-06,55.94163315896363,59.557204441899636,62.49248055191093,59.19545552976001
Tron-o-matic 5 Pro,Philadelphia_01,2024-10-07,31.195097297125315,35.014065904284905,37.71727430934544,34.84852547244821
Tron-o-matic 5 Pro,Philadelphia_01,2024-10-08,32.241929139906205,34.97863636265414,38.16947107645028,35.20651001146517
Tron-o-matic 5 Pro,Philadelphia_01,2024-10-09,44.14872940145964,48.27368556203921,50.59331668840346,47.96713220049934
Tron-o-matic 5 Pro,Philadelphia_01,2024-10-10,36.24123029099156,39.2608849469596,42.85060357962272,39.28077937431111
Tron-o-matic 5 Pro,Philadelphia_01,2024-10-11,32.37825832007738,35.845615474067685,39.159891622605336,35.659877101250125
Tron-o-matic 5 Pro,Philadelphia_01,2024-10-12,31.95419670556325,35.5847420963318,38.95123027245947,35.390712148149305
Tron-o-matic 5 Pro,Philadelphia_01,2024-10-13,32.223288356853026,35.48806585486567,38.56363379490479,35.47405492063314
Tron-o-matic 5 Pro,Philadelphia_01,2024-10-14,31.75944118842902,34.624889523695714,38.038288299505695,34.744055084817575
Tron-o-matic 5 Pro,Philadelphia_01,2024-10-15,31.168042873187304,34.6908773673354,37.64834366536427,34.557394139104986
Tron-o-matic 5 Pro,Philadelphia_01,2024-10-16,30.93702612737894,34.179819630901,37.22949146767109,34.0658447925245
Tron-o-matic 5 Pro,Philadelphia_01,2024-10-17,31.548417152684735,34.5268293268964,38.7864353944499,34.73292952475076
Tron-o-matic 5 Pro,Philadelphia_01,2024-10-18,32.60908792934787,35.28108744452607,38.01871559733971,35.13250716285855
Tron-o-matic 5 Pro,Philadelphia_01,2024-10-19,31.24847308642847,34.61572167486659,38.477080107382264,34.557823828298666
Tron-o-matic 5 Pro,Philadelphia_01,2024-10-20,30.953338381932973,34.098763924630084,38.06861716085405,34.23108186678423
Tron-o-matic 5 Pro,Philadelphia_01,2024-10-21,30.3516294106347,33.61416573075862,37.2639691620472,33.49695244215979
Tron-o-matic 5 Pro,Philadelphia_01,2024-10-22,31.08658535247597,34.06540121898943,37.37247635841292,34.16945147844785
Tron-o-matic 5 Pro,Philadelphia_01,2024-10-23,29.97388787203409,33.604431244168275,36.6431086223631,33.39000423736773
Tron-o-matic 5 Pro,Philadelphia_01,2024-10-24,29.86508815380786,33.365726167931555,36.77996905779669,33.64468187272813
Tron-o-matic 5 Pro,Philadelphia_01,2024-10-25,30.491013145785324,34.135539098092124,37.24350384546612,33.952943776017584
Tron-o-matic 5 Pro,Philadelphia_01,2024-10-26,30.349421141024585,33.77698422669384,37.382531017872765,33.835254821571056
Tron-o-matic 5 Pro,Philadelphia_01,2024-10-27,29.598767895363306,33.210995683020855,36.875883786474596,33.262661285250545
Tron-o-matic 5 Pro,Philadelphia_01,2024-10-28,42.145274454418455,45.94106918378634,48.873532296762775,45.485761439226316
Tron-o-matic 5 Pro,Philadelphia_01,2024-10-29,30.082891016150228,33.787922927464315,37.25955892572398,33.555367984924025
Tron-o-matic 5 Pro,Philadelphia_01,2024-10-30,29.3633382750384,32.07386375024066,36.440385736905476,32.5539793773323
Tron-o-matic 5 Pro,Philadelphia_01,2024-10-31,29.136138932216465,32.794374985543975,35.655532607861275,32.5720033703432
Tron-o-matic 5 Pro,Philadelphia_01,2024-11-01,61.29802054967595,64.54633174290247,67.36726408155559,64.39345771956945
Tron-o-matic 5 Pro,Philadelphia_01,2024-11-02,28.21421815145038,32.1471743443093,35.89926896618787,32.222384133110424
Tron-o-matic 5 Pro,Philadelphia_01,2024-11-03,35.92093880425647,39.153313189296064,42.81743891936413,39.148343287448505
Tron-o-matic 5 Pro,Philadelphia_01,2024-11-04,48.806220008368136,52.32326341364355,54.9711925862814,52.02422199752524
Tron-o-matic 5 Pro,Philadelphia_01,2024-11-05,37.099923400780455,40.24956799421806,43.6208635779512,40.209388004047014
Tron-o-matic 5 Pro,Philadelphia_01,2024-11-06,41.4411612580981,45.247663345711274,48.28472952238015,45.106486722377355
Tron-o-matic 5 Pro,Philadelphia_01,2024-11-07,56.43417159253183,59.73437987849954,63.12790701770098,59.76117351134798
Tron-o-matic 5 Pro,Philadelphia_01,2024-11-08,28.8728590396691,32.30247175634714,34.993874089564116,32.069089313102616
Tron-o-matic 5 Pro,Philadelphia_01,2024-11-09,35.36805810831493,39.429814704150004,42.89093576019376,39.36373201135891
Tron-o-matic 5 Pro,Philadelphia_01,2024-11-10,35.2651453426001,38.27939360220771,41.42160403073029,38.32738660771837
Tron-o-matic 5 Pro,Philadelphia_01,2024-11-11,27.32257122556442,30.924027867609585,34.64195324840766,31.04645121665935
Tron-o-matic 5 Pro,Philadelphia_01,2024-11-12,27.690318040714118,30.846371060375752,35.17461723413212,31.03137374873282
Tron-o-matic 5 Pro,Philadelphia_01,2024-11-13,27.51423735765135,30.44509396485929,33.608793772128905,30.344124716132796
Tron-o-matic 5 Pro,Philadelphia_01,2024-11-14,27.469021521389564,30.359090170953262,34.32159691676535,30.735426595876998
Tron-o-matic 5 Pro,Philadelphia_01,2024-11-15,27.708447744904365,31.43408937441466,34.85782445827115,31.255147724540105
Tron-o-matic 5 Pro,Philadelphia_01,2024-11-16,56.87898252792828,59.98013335178716,64.28762566018015,60.20959264202623
Tron-o-matic 5 Pro,Philadelphia_01,2024-11-17,26.399230053415973,30.547508731297473,33.90161354604101,30.381755279904905
Tron-o-matic 5 Pro,Philadelphia_01,2024-11-18,27.371816067159966,30.46184509543903,34.23969280946403,30.75618973080886
Tron-o-matic 5 Pro,Philadelphia_01,2024-11-19,27.378014761091368,30.962263523482306,34.20639717521734,30.895149868306238
Tron-o-matic 5 Pro,Philadelphia_01,2024-11-20,49.58925095469734,52.53950768108393,55.83302477104457,52.754330454202446
Tron-o-matic 5 Pro,Philadelphia_01,2024-11-21,27.445860686100175,30.569634620616245,33.37156974642662,30.61365574067996
Tron-o-matic 5 Pro,Philadelphia_01,2024-11-22,28.047101750707753,30.963485391812615,33.93749121194953,30.94751383614225
Tron-o-matic 5 Pro,Philadelphia_01,2024-11-23,35.764507774979606,38.9734705421331,42.367446772109034,39.194645630146304
Tron-o-matic 5 Pro,Philadelphia_01,2024-11-24,55.28586737571367,58.3271848693115,61.68478329926203,58.21692949638584
Tron-o-matic 5 Pro,Philadelphia_01,2024-11-25,26.96789870846184,30.438895251793745,35.0883542880707,30.686400180258115
Tron-o-matic 5 Pro,Philadelphia_01,2024-11-26,27.38998518790035,30.993488376692486,34.6023330178828,30.76127148602521
Tron-o-matic 5 Pro,Philadelphia_01,2024-11-27,56.79718159395092,59.77254049065807,63.79761931659784,59.96576023503345
Tron-o-matic 5 Pro,Philadelphia_01,2024-11-28,27.777913430428423,30.855412506747577,33.450187884875106,30.7491928116482
Tron-o-matic 5 Pro,Philadelphia_01,2024-11-29,59.35040028688986,62.80821979310792,66.7337190802726,62.756718028736465
Tron-o-matic 5 Pro,Philadelphia_01,2024-11-30,27.57099960187806,31.35759947044897,33.700307992227,31.018303878618834
Tron-o-matic 5 Pro,Philadelphia_01,2024-12-01,37.753489919636564,40.7746771530947,43.90083720703933,40.8232503703333
Tron-o-matic 5 Pro,Philadelphia_01,2024-12-02,27.49863900153072,31.160387686260197,34.02392976577327,31.075527403008742
Tron-o-matic 5 Pro,Philadelphia_01,2024-12-03,27.81463421031837,30.99566835444565,33.86810454941666,31.032638555351618
Tron-o-matic 5 Pro,Philadelphia_01,2024-12-04,26.957572789594742,30.708535070601105,34.9438661902606,30.784025746369426
Tron-o-matic 5 Pro,Philadelphia_01,2024-12-05,28.248212072618394,31.048037197364135,34.58912102449831,31.151916214220737
Tron-o-matic 5 Pro,Philadelphia_01,2024-12-06,53.419936730002135,56.402170592923426,60.063604181541,56.55361323709957
Tron-o-matic 5 Pro,Philadelphia_01,2024-12-07,27.55303435229309,31.762918895087413,34.09549558094072,31.35968099916397
Tron-o-matic 5 Pro,Philadelphia_01,2024-12-08,27.910114539405726,31.042688996034492,34.219236604602486,31.176444434699683
Tron-o-matic 5 Pro,Philadelphia_01,2024-12-09,28.439897436347355,31.41444081601572,34.88310579068756,31.567022540810317
Tron-o-matic 5 Pro,Philadelphia_01,2024-12-10,28.254903514378455,30.974243273287517,34.68293830347278,31.249920419503496
Tron-o-matic 5 Pro,Philadelphia_01,2024-12-11,27.782684400523685,30.732082847343438,33.75854615368038,30.720713312814272
Tron-o-matic 5 Pro,Philadelphia_01,2024-12-12,28.206731938513954,30.62233152071685,33.942317128884184,30.832891502705078
Tron-o-matic 5 Pro,Philadelphia_01,2024-12-13,39.751667570981525,42.937284668892275,46.47849029260764,43.184854959528614
Tron-o-matic 5 Pro,Philadelphia_01,2024-12-14,27.45788225960932,30.646518535662963,33.77576489755639,30.821317478887767
Tron-o-matic 5 Pro,Philadelphia_01,2024-12-15,27.819466907251623,31.265221768942016,33.94906611679594,31.055768780032952
Tron-o-matic 5 Pro,Philadelphia_01,2024-12-16,34.000956910577514,37.43999103875636,40.84488024842561,37.24974780639006
Tron-o-matic 5 Pro,Philadelphia_01,2024-12-17,28.12044716400837,30.758630840766504,33.806791429660024,30.959507079975637
Tron-o-matic 5 Pro,Philadelphia_01,2024-12-18,26.91718639552314,30.089940145326814,33.95360498258611,30.125682247766044
Tron-o-matic 5 Pro,Philadelphia_01,2024-12-19,36.84454676255632,40.42059101444972,42.56834941528253,40.0749620167967
Tron-o-matic 5 Pro,Philadelphia_01,2024-12-20,28.090064463165707,31.69820677170433,35.368307712889695,31.739613940984878
Tron-o-matic 5 Pro,Philadelphia_01,2024-12-21,34.24917331493465,37.53692761463192,40.56038109816516,37.470956730093484
Tron-o-matic 5 Pro,Philadelphia_01,2024-12-22,35.13408843189774,39.11512795749276,41.82662487831479,38.646235011179236
Tron-o-matic 5 Pro,Philadelphia_01,2024-12-23,37.40414316466289,40.82586544590792,44.08623134825046,41.01038794516748
Tron-o-matic 5 Pro,Philadelphia_01,2024-12-24,36.44902343829426,39.73299265033951,43.68279698884362,39.92423221936081
Tron-o-matic 5 Pro,Philadelphia_01,2024-12-25,32.570203225940155,36.05341783572726,39.9756539390175,36.1835094637387
Tron-o-matic 5 Pro,Philadelphia_01,2024-12-26,27.55171988288424,30.662486116153573,33.82187404440171,30.638419677872307
Tron-o-matic 5 Pro,Philadelphia_01,2024-12-27,51.58624580700601,55.51847441930133,58.31053097249965,55.122080472915094
Tron-o-matic 5 Pro,Philadelphia_01,2024-12-28,27.57549937349415,31.223108950240885,34.612089069167126,31.238767328616646
Tron-o-matic 5 Pro,Philadelphia_01,2024-12-29,27.804259124212383,30.991859738296903,35.010098409399845,31.259453940462596
Tron-o-matic 5 Pro,Philadelphia_01,2024-12-30,58.961215186098364,62.32026848489454,65.64835506339,62.21472069242428
Tron-o-matic 5 Pro,Philadelphia_01,2024-12-31,28.5157666984759,32.160274207206086,35.37116125926488,31.98207724993537
Tron-o-matic 5,Chicago_01,2024-10-01,181.34043096673213,194.22753126552723,210.53658065061944,194.43770284511328
Tron-o-matic 5,Chicago_01,2024-10-02,278.0428051502089,293.61028560126846,306.42044051318953,292.81843365968837
Tron-o-matic 5,Chicago_01,2024-10-03,160.8455150944207,175.91662806968293,192.53776360633145,176.71538988889776
Tron-o-matic 5,Chicago_01,2024-10-04,162.48191463987243,176.79719424683734,191.01352616884267,177.12773200558567
Tron-o-matic 5,Chicago_01,2024-10-05,192.96744609525518,204.48432277331503,215.95555643632582,204.86969075981995
Tron-o-matic 5,Chicago_01,2024-10-06,162.84946104438973,177.92388374772605,189.60385102814027,177.13548045322352
Tron-o-matic 5,Chicago_01,2024-10-07,177.4155434187652,191.9893106260491,207.40664379324764,191.9110683915145
Tron-o-matic 5,Chicago_01,2024-10-08,127.90860980964081,145.37758625753085,162.1893185025781,144.4897404945903
Tron-o-matic 5,Chicago_01,2024-10-09,153.49623098973248,170.47194022059114,181.5550225065709,169.42976391259535
Tron-o-matic 5,Chicago_01,2024-10-10,129.85147814269672,145.3871376280694,157.4205861479972,144.27601682824036
Tron-o-matic 5,Chicago_01,2024-10-11,230.5112350197523,240.41963600488054,257.4900593578951,242.72568362329403
Tron-o-matic 5,Chicago_01,2024-10-12,127.10448549313801,142.4578728223725,158.96047404514093,142.19839517747363
Tron-o-matic 5,Chicago_01,2024-10-13,184.76153742210695,196.24666047558637,209.23686295423275,196.25087312197448
Tron-o-matic 5,Chicago_01,2024-10-14,128.25219029147652,146.36206068598673,158.2795977630791,144.74967267781997
Tron-o-matic 5,Chicago_01,2024-10-15,125.24497810786244,144.0880826246199,155.51414691389806,142.13240894065507
Tron-o-matic 5,Chicago_01,2024-10-16,167.93135568113615,182.24025059017671,199.7161806357537,182.66655933886236
Tron-o-matic 5,Chicago_01,2024-10-17,199.62449238258253,212.64212777818616,225.13382296095065,212.2105749494115
Tron-o-matic 5,Chicago_01,2024-10-18,164.47755426927716,180.3525694001977,194.2478124830737,179.71783506540413
Tron-o-matic 5,Chicago_01,2024-10-19,126.43617538743334,138.81297456195588,154.0333665442111,139.56648448180178
Tron-o-matic 5,Chicago_01,2024-10-20,124.93995664839154,138.60870115439255,155.7685172975912,139.21823888799696
Tron-o-matic 5,Chicago_01,2024-10-21,126.65489744936879,143.07698900669422,160.75037083669895,143.36054231142347
Tron-o-matic 5,Chicago_01,2024-10-22,128.37787708063627,141.06730308108445,155.6421972548532,141.60048133187848
Tron-o-matic 5,Chicago_01,2024-10-23,121.95081348238918,139.85875888933606,149.72852490904913,137.66037039686475
Tron-o-matic 5,Chicago_01,2024-10-24,122.7740406108886,139.02557477159039,155.15276611216612,138.63717395512384
Tron-o-matic 5,Chicago_01,2024-10-25,187.69210471687902,200.8238379768585,212.2711931666518,200.40315228953006
Tron-o-matic 5,Chicago_01,2024-10-26,119.89440154929203,136.72946035440037,147.0213779513584,135.02794822748876
Tron-o-matic 5,Chicago_01,2024-10-27,161.3456116610824,178.11266100171767,193.76897076111476,177.76749363941101
Tron-o-matic 5,Chicago_01,2024-10-28,275.735540953772,287.0334826747149,305.8966977040026,288.52781175763346
Tron-o-matic 5,Chicago_01,2024-10-29,122.64590511399973,133.3266188719051,149.26729994975926,134.9533527165386
Tron-o-matic 5,Chicago_01,2024-10-30,263.23764950555886,279.4059403100341,292.612399851737,279.16009043112075
Tron-o-matic 5,Chicago_01,2024-10-31,119.219800105022,133.3770432898691,147.33048039077545,133.57333964733897
Tron-o-matic 5,Chicago_01,2024-11-01,116.88550473235453,134.52879446255264,146.969349971585,132.65569817692128
Tron-o-matic 5,Chicago_01,2024-11-02,110.20046500130718,129.17435283629933,142.27646670089385,128.00951947414896
Tron-o-matic 5,Chicago_01,2024-11-03,165.65817845485319,181.499441201254,197.8524916761391,180.97770113113597
Tron-o-matic 5,Chicago_01,2024-11-04,115.30037986824348,129.1938758647408,143.46392578680553,129.1432760135193
Tron-o-matic 5,Chicago_01,2024-11-05,163.5668298468909,181.110861614985,193.82817526669675,179.80910669118578
Tron-o-matic 5,Chicago_01,2024-11-06,149.01875496527597,160.23181892357712,174.3084755151896,160.9582724988903
Tron-o-matic 5,Chicago_01,2024-11-07,112.4803045365457,126.89016406715187,142.86243926445897,127.27095198903069
Tron-o-matic 5,Chicago_01,2024-11-08,110.60845304505952,127.1746089287234,139.76855548600386,126.27605475775013
Tron-o-matic 5,Chicago_01,2024-11-09,111.14057116462723,125.20554007976871,143.22737577381497,125.51056908233527
Tron-o-matic 5,Chicago_01,2024-11-10,110.65056606354636,125.64395489132909,142.93930656231126,125.28402180756642
Tron-o-matic 5,Chicago_01,2024-11-11,108.3305799091091,125.47283360533282,138.7389278055175,124.44838379999521
Tron-o-matic 5,Chicago_01,2024-11-12,167.8965859467886,182.83605229018158,198.7682937495205,183.03207801858514
Tron-o-matic 5,Chicago_01,2024-11-13,148.36530599834154,164.1284090297034,177.3901867473376,163.36039718255856
Tron-o-matic 5,Chicago_01,2024-11-14,222.38254738907534,234.72452431817325,252.14987716200477,236.70298120990188
Tron-o-matic 5,Chicago_01,2024-11-15,109.64298579240858,121.65470760860632,136.5141459339655,121.7157732535373
Tron-o-matic 5,Chicago_01,2024-11-16,173.82912337552634,191.14831525613354,203.06244623223367,189.8316712783322
Tron-o-matic 5,Chicago_01,2024-11-17,102.67530026863895,120.8475440704679,136.38816806798053,120.0075139993122
Tron-o-matic 5,Chicago_01,2024-11-18,256.07295717154204,271.89765152810185,282.0950234122869,269.6566904413673
Tron-o-matic 5,Chicago_01,2024-11-19,109.00150005872233,121.64406279551737,138.1341762701149,122.60821180137984
Tron-o-matic 5,Chicago_01,2024-11-20,168.49710466734675,181.34659492632213,194.74371439324017,181.46511888113483
Tron-o-matic 5,Chicago_01,2024-11-21,170.84465730523922,186.76108648876152,204.53724444081195,187.31771179733357
Tron-o-matic 5,Chicago_01,2024-11-22,226.14450302106073,241.09135731899906,254.65705094383915,241.15984572425572
Tron-o-matic 5,Chicago_01,2024-11-23,103.7403921907827,123.7868518942544,137.71424485117632,122.91349522200629
Tron-o-matic 5,Chicago_01,2024-11-24,137.60689106292915,150.43901005060283,164.63274194396968,151.08560778300173
Tron-o-matic 5,Chicago_01,2024-11-25,110.62941028549182,125.37460171507527,140.1273551976256,124.87366781858125
Tron-o-matic 5,Chicago_01,2024-11-26,142.77025899330098,157.1197893921027,173.30298648127734,158.05506768643085
Tron-o-matic 5,Chicago_01,2024-11-27,168.35639341931008,184.7461664268957,203.42097431620022,185.52870554532
Tron-o-matic 5,Chicago_01,2024-11-28,145.34960912109506,163.49469852310025,175.98283235573894,162.3289828062203
Tron-o-matic 5,Chicago_01,2024-11-29,266.2988207882655,279.52230564831825,292.64684963989555,279.25547047966205
Tron-o-matic 5,Chicago_01,2024-11-30,107.46470243356214,120.65885457144743,137.41397796814755,121.60540640972002
Tron-o-matic 5,Chicago_01,2024-12-01,108.04796041887978,122.49172626625585,140.64934683173033,122.87531523322359
Tron-o-matic 5,Chicago_01,2024-12-02,236.91622055692713,252.20118889780952,264.16930320694007,251.02590329478062
Tron-o-matic 5,Chicago_01,2024-12-03,255.5217640239927,269.4532461196933,285.9848243909478,269.61320213996976
Tron-o-matic 5,Chicago_01,2024-12-04,106.86055895312553,123.78281271656111,137.80902689956173,122.42805583248895
Tron-o-matic 5,Chicago_01,2024-12-05,112.9110787696614,124.9125970618746,140.74971588738816,126.08568724424336
Tron-o-matic 5,Chicago_01,2024-12-06,111.67895250132989,125.0107578933239,134.82088740872254,124.53746613056072
Tron-o-matic 5,Chicago_01,2024-12-07,110.0386972808544,123.54982715865825,138.15951294352246,124.21025170125027
Tron-o-matic 5,Chicago_01,2024-12-08,108.09932464473407,121.647698923979,138.078452687018,122.10733147021269
Tron-o-matic 5,Chicago_01,2024-12-09,114.61066440200261,128.304106483393,137.58325951051646,127.13008252111156
Tron-o-matic 5,Chicago_01,2024-12-10,111.43208749973454,125.73967562576941,139.0631074594872,125.84546602154265
Tron-o-matic 5,Chicago_01,2024-12-11,223.95358452028628,241.87057608816556,259.2851743778926,242.2903548042698
Tron-o-matic 5,Chicago_01,2024-12-12,224.01104927933858,239.51447760662046,253.27018421889238,239.81154477168596
Tron-o-matic 5,Chicago_01,2024-12-13,109.74764385618784,123.75701571595295,135.99075144185753,123.04314983303298
Tron-o-matic 5,Chicago_01,2024-12-14,107.94828774367956,121.23261420774004,138.434675983012,121.9462260024682
Tron-o-matic 5,Chicago_01,2024-12-15,139.29499571389294,153.19265606696905,167.95764083907747,153.88742249197279
Tron-o-matic 5,Chicago_01,2024-12-16,110.20271116423265,126.16254824358877,140.89880929369494,126.33794939814062
Tron-o-matic 5,Chicago_01,2024-12-17,112.84802590695139,125.82378367461759,142.47865621572993,125.64058679254815
Tron-o-matic 5,Chicago_01,2024-12-18,104.92561909150702,118.82109323108627,136.22184619126563,120.1726564376456
Tron-o-matic 5,Chicago_01,2024-12-19,113.08484713320578,128.35264382982257,144.16297640374216,128.28371513619973
Tron-o-matic 5,Chicago_01,2024-12-20,227.9680066776931,241.15518265964556,257.04196992604676,241.99697757225402
Tron-o-matic 5,Chicago_01,2024-12-21,234.68315596995788,249.46922958671965,266.0651224628555,249.42199199164915
Tron-o-matic 5,Chicago_01,2024-12-22,179.79789583476605,196.1743224319484,212.00027263398107,195.48903907154025
Tron-o-matic 5,Chicago_01,2024-12-23,139.2444053917153,152.35717892437768,165.77111612933115,151.90813459691165
Tron-o-matic 5,Chicago_01,2024-12-24,110.35525080700106,127.6139990670034,143.63558711119876,126.89170676560735
Tron-o-matic 5,Chicago_01,2024-12-25,110.98229214650453,124.70956758903762,138.96359228663488,125.54705338087004
Tron-o-matic 5,Chicago_01,2024-12-26,113.95259938889731,128.6893454361977,142.92645117372396,127.73437233962385
Tron-o-matic 5,Chicago_01,2024-12-27,112.75792794711462,128.18810117471054,142.01616132271414,127.32497138009393
Tron-o-matic 5,Chicago_01,2024-12-28,159.8607850607075,174.83892804268638,187.13094231614937,173.73397186968057
Tron-o-matic 5,Chicago_01,2024-12-29,115.59312056950336,128.97414196347577,142.30167278256724,129.10217740047486
Tron-o-matic 5,Chicago_01,2024-12-30,118.18916118675526,134.50402745552108,149.5637767710566,134.37370356134096
Tron-o-matic 5,Chicago_01,2024-12-31,153.67996416082568,168.27575880763933,186.1234113622381,168.8971423370259
Tron-o-matic 5 Pro,Online_Store,2024-10-01,1019.0172334025336,1100.687220909554,1213.3478971150976,1105.811512723452
Tron-o-matic 5 Pro,Online_Store,2024-10-02,1705.7092917414489,1796.2974311161863,1920.1083883125204,1799.0504846311046
Tron-o-matic 5 Pro,Online_Store,2024-10-03,1029.6389702775127,1127.5669146394603,1254.2226134578414,1133.9596246499214
Tron-o-matic 5 Pro,Online_Store,2024-10-04,1272.1985231383603,1386.09936271188,1490.6850442731543,1376.7988640139336
Tron-o-matic 5 Pro,Online_Store,2024-10-05,1008.7228238276217,1138.6801738397962,1238.195751171863,1130.2520017858467
Tron-o-matic 5 Pro,Online_Store,2024-10-06,1783.9817052031585,1892.4824065464848,2001.65273034426,1887.3437051417422
Tron-o-matic 5 Pro,Online_Store,2024-10-07,1025.2428025037495,1110.1063410662625,1214.9254439840113,1116.7957044722873
Tron-o-matic 5 Pro,Online_Store,2024-10-08,1011.6638128456747,1144.0561258627185,1253.694319463665,1137.2572951232178
Tron-o-matic 5 Pro,Online_Store,2024-10-09,1455.4805724661098,1535.0517268692154,1632.0863075719267,1541.3922452134925
Tron-o-matic 5 Pro,Online_Store,2024-10-10,1161.9732383442813,1284.912606697095,1398.7181451279346,1285.102593078291
Tron-o-matic 5 Pro,Online_Store,2024-10-11,1034.6296684518227,1160.614423796884,1284.2075413510693,1156.748574706708
Tron-o-matic 5 Pro,Online_Store,2024-10-12,1005.9382254266069,1124.404551705944,1229.6453322748753,1123.584849540417
Tron-o-matic 5 Pro,Online_Store,2024-10-13,1015.2086466204032,1106.8765787654193,1233.8458519488242,1116.7838908032381
Tron-o-matic 5 Pro,Online_Store,2024-10-14,996.6421735114006,1120.8262660752196,1227.3908009668085,1117.606497047453
Tron-o-matic 5 Pro,Online_Store,2024-10-15,1016.255732626761,1140.0662300963927,1229.875758549731,1132.831402251061
Tron-o-matic 5 Pro,Online_Store,2024-10-16,989.4881539829937,1126.08963857842,1238.451871990088,1123.0618940885572
Tron-o-matic 5 Pro,Online_Store,2024-10-17,1014.230981605131,1122.7750284756298,1235.1016731838843,1125.97701122123
Tron-o-matic 5 Pro,Online_Store,2024-10-18,1020.4114926114628,1146.1158538484613,1256.2883552408705,1143.5499955338566
Tron-o-matic 5 Pro,Online_Store,2024-10-19,1012.2156764929235,1130.3607605100906,1226.0130227080838,1124.1906656694323
Tron-o-matic 5 Pro,Online_Store,2024-10-20,1009.8685906671265,1112.0422583099173,1224.1382936484742,1111.2373297973693
Tron-o-matic 5 Pro,Online_Store,2024-10-21,1009.1152711563102,1128.3079951001002,1212.8558091162104,1118.959854876476
Tron-o-matic 5 Pro,Online_Store,2024-10-22,1002.8917817479485,1121.9512288750998,1227.1170077818394,1116.491415513508
Tron-o-matic 5 Pro,Online_Store,2024-10-23,993.1856334750202,1108.4225511562465,1208.544997251668,1101.747000875965
Tron-o-matic 5 Pro,Online_Store,2024-10-24,996.4416465611047,1104.0800844069447,1210.1116027119087,1102.412251207689
Tron-o-matic 5 Pro,Online_Store,2024-10-25,1007.8707568968366,1108.4102098681071,1234.3386525898025,1114.533557080863
Tron-o-matic 5 Pro,Online_Store,2024-10-26,965.6558934693832,1100.5122332515336,1203.1093585926578,1090.1715851704694
Tron-o-matic 5 Pro,Online_Store,2024-10-27,997.3473426445373,1101.2201877544526,1191.0253141467103,1096.0004487995059
Tron-o-matic 5 Pro,Online_Store,2024-10-28,1371.477493226546,1485.330103112725,1594.9946847873914,1489.766324711003
Tron-o-matic 5 Pro,Online_Store,2024-10-29,997.6505312804201,1092.9800464904956,1207.3686809596006,1099.1292691286878
Tron-o-matic 5 Pro,Online_Store,2024-10-30,965.5179341597232,1087.4743742525702,1188.597327026468,1081.847120112481
Tron-o-matic 5 Pro,Online_Store,2024-10-31,967.3881640752694,1088.2695622129788,1206.5471078748917,1085.5611256894554
Tron-o-matic 5 Pro,Online_Store,2024-11-01,1971.692839289924,2087.652578076188,2186.0642835759154,2083.254470474613
Tron-o-matic 5 Pro,Online_Store,2024-11-02,955.2018032749759,1064.345703629259,1172.4149943982684,1059.3232340037107
Tron-o-matic 5 Pro,Online_Store,2024-11-03,1128.5678893360175,1245.3161887772844,1393.5224317940504,1249.5287768945468
Tron-o-matic 5 Pro,Online_Store,2024-11-04,1576.9236064428565,1671.473281882476,1771.40334258667,1669.5982575873277
Tron-o-matic 5 Pro,Online_Store,2024-11-05,1207.2175862652844,1343.9252583804769,1435.6056760320641,1322.9346407554115
Tron-o-matic 5 Pro,Online_Store,2024-11-06,1371.7831250207491,1459.9068447548368,1560.6886113520216,1457.6779839447213
Tron-o-matic 5 Pro,Online_Store,2024-11-07,1826.2481772869176,1934.4942408423856,2025.5538308687508,1930.7164506604383
Tron-o-matic 5 Pro,Online_Store,2024-11-08,945.2124464815444,1058.1873123892115,1173.8276126335406,1053.593105751179
Tron-o-matic 5 Pro,Online_Store,2024-11-09,1152.9431161910416,1260.3099677215698,1362.0995976110198,1259.477812123706
Tron-o-matic 5 Pro,Online_Store,2024-11-10,1138.4829859834485,1242.6938525671949,1334.5889295553275,1237.9416869994586
Tron-o-matic 5 Pro,Online_Store,2024-11-11,915.6606969496065,1005.7217390016533,1111.294428757924,1006.402219567093
Tron-o-matic 5 Pro,Online_Store,2024-11-12,887.9768411188188,1002.5942208589571,1104.5926721076632,999.4234767687201
Tron-o-matic 5 Pro,Online_Store,2024-11-13,878.3245702463325,984.1219249306757,1070.4560079708767,982.782101510219
Tron-o-matic 5 Pro,Online_Store,2024-11-14,872.383944776671,989.7030743255117,1087.6794243407523,983.0622958678041
Tron-o-matic 5 Pro,Online_Store,2024-11-15,889.1886329823975,992.0643118692464,1087.7010033268728,990.012769191856
Tron-o-matic 5 Pro,Online_Store,2024-11-16,1821.6737453632243,1911.1260478596807,2040.0442740443846,1914.1268815053097
Tron-o-matic 5 Pro,Online_Store,2024-11-17,872.4818269899711,976.2439610705823,1090.7055347487976,979.799675139058
Tron-o-matic 5 Pro,Online_Store,2024-11-18,835.6424844433432,954.2421887231673,1076.356776974192,952.1272043806206
Tron-o-matic 5 Pro,Online_Store,2024-11-19,843.929434959151,977.8483504354052,1075.338079747012,968.8565246351264
Tron-o-matic 5 Pro,Online_Store,2024-11-20,1552.9390218642038,1673.1679038355942,1791.0832686463302,1674.9253832752013
Tron-o-matic 5 Pro,Online_Store,2024-11-21,869.4695409169901,972.7999183522055,1059.1343733778788,967.5685238337854
Tron-o-matic 5 Pro,Online_Store,2024-11-22,893.6977579251475,985.1290006029305,1100.536950765634,989.4922659945521
Tron-o-matic 5 Pro,Online_Store,2024-11-23,1124.1506587412705,1252.4685256106707,1370.962907579625,1252.5387580585827
Tron-o-matic 5 Pro,Online_Store,2024-11-24,1723.640572291471,1824.2353348331944,1938.665499572079,1826.6118004997343
Tron-o-matic 5 Pro,Online_Store,2024-11-25,858.3652669160908,987.6992298069304,1089.1917567691335,976.819489959777
Tron-o-matic 5 Pro,Online_Store,2024-11-26,826.7845004773366,974.0492593675407,1056.3378263365053,959.1925785972115
Tron-o-matic 5 Pro,Online_Store,2024-11-27,1793.041641784579,1906.5048432600877,2025.797190734172,1903.0885073247348
Tron-o-matic 5 Pro,Online_Store,2024-11-28,848.7324968261382,980.0268077699217,1098.6821949084488,973.1610467713367
Tron-o-matic 5 Pro,Online_Store,2024-11-29,1879.0463821405601,1987.0386781456111,2098.5602722497797,1991.4444848096446
Tron-o-matic 5 Pro,Online_Store,2024-11-30,869.603799702284,985.6076252213597,1082.4138174878842,981.7567975484184
Tron-o-matic 5 Pro,Online_Store,2024-12-01,1185.6550903102743,1316.5199156116876,1435.0385542472775,1306.3403381454266
Tron-o-matic 5 Pro,Online_Store,2024-12-02,894.3273587786143,999.7101812328408,1128.2638544057945,998.5767165550461
Tron-o-matic 5 Pro,Online_Store,2024-12-03,880.3184712263601,988.8586757776939,1104.275518578809,990.8528794665336
Tron-o-matic 5 Pro,Online_Store,2024-12-04,873.0034277029392,995.8238086935648,1093.235676802406,985.2190135660962
Tron-o-matic 5 Pro,Online_Store,2024-12-05,876.6485871122225,991.6158123324212,1112.387312036806,995.1628016367822
Tron-o-matic 5 Pro,Online_Store,2024-12-06,1732.8390340476528,1822.8810440658876,1937.9251251976482,1827.4962169471348
Tron-o-matic 5 Pro,Online_Store,2024-12-07,894.1029032230342,1021.2031518786188,1144.771964904317,1016.793694791926
Tron-o-matic 5 Pro,Online_Store,2024-12-08,898.961463051136,988.8821894547777,1107.6328377189207,993.919995640948
Tron-o-matic 5 Pro,Online_Store,2024-12-09,873.7631106982553,995.7230446786191,1073.070696001724,984.5626849243065
Tron-o-matic 5 Pro,Online_Store,2024-12-10,922.0681400728663,1016.3937577023565,1107.2215321741671,1017.9573202503097
Tron-o-matic 5 Pro,Online_Store,2024-12-11,879.1921931546677,1004.7437149604358,1116.6949366000777,997.8576071304761
Tron-o-matic 5 Pro,Online_Store,2024-12-12,895.6291420037726,1014.451579004817,1093.9214840013706,1009.4823736235975
Tron-o-matic 5 Pro,Online_Store,2024-12-13,1307.254497620963,1411.948156762205,1527.103816675141,1411.8637865907506
Tron-o-matic 5 Pro,Online_Store,2024-12-14,884.68021771035,977.5194378094803,1123.590183004171,996.1561080654587
Tron-o-matic 5 Pro,Online_Store,2024-12-15,882.746731615621,996.1097830631185,1106.0262424789414,998.8767000937546
Tron-o-matic 5 Pro,Online_Store,2024-12-16,1103.8147762051865,1207.1793359784103,1323.3228940498286,1213.1426181220238
Tron-o-matic 5 Pro,Online_Store,2024-12-17,896.0874319619347,1034.9332582719642,1121.8777168116906,1022.3953288414648
Tron-o-matic 5 Pro,Online_Store,2024-12-18,910.3753025158464,1001.3128758972865,1119.7408873888216,1001.8654370471521
Tron-o-matic 5 Pro,Online_Store,2024-12-19,1205.3149154068128,1319.0407777441685,1438.310347772129,1318.303424610291
Tron-o-matic 5 Pro,Online_Store,2024-12-20,934.8583757009867,1035.8314501788782,1153.9446711374758,1036.9949127389411
Tron-o-matic 5 Pro,Online_Store,2024-12-21,1091.5390166335278,1245.3633977291051,1348.0925533558639,1233.1331719704467
Tron-o-matic 5 Pro,Online_Store,2024-12-22,1139.4466530424165,1235.1861564854537,1363.9916826403244,1243.090958940576
Tron-o-matic 5 Pro,Online_Store,2024-12-23,1198.8425652046453,1309.7927029495336,1424.998853537985,1305.7536907468839
Tron-o-matic 5 Pro,Online_Store,2024-12-24,1206.6749232223046,1312.7005747752842,1407.563866671644,1308.3492224406248
Tron-o-matic 5 Pro,Online_Store,2024-12-25,1110.5465183681113,1204.4410227562082,1298.491015466879,1202.3960746874668
Tron-o-matic 5 Pro,Online_Store,2024-12-26,912.5078242964048,998.0594648029474,1098.0718535533579,1002.4232739173651
Tron-o-matic 5 Pro,Online_Store,2024-12-27,1697.1959039460842,1795.9284717112726,1900.5707913570088,1795.047960663546
Tron-o-matic 5 Pro,Online_Store,2024-12-28,908.0711170420783,1034.8420123374215,1166.1493671407143,1034.2579286705388
Tron-o-matic 5 Pro,Online_Store,2024-12-29,914.6792061892517,1007.2416822362393,1123.4782327832988,1015.0548132807904
Tron-o-matic 5 Pro,Online_Store,2024-12-30,1881.122462781661,2008.1326722901465,2103.2607336318047,1997.9270234879486
Tron-o-matic 5 Pro,Online_Store,2024-12-31,927.2301860716689,1043.9797551871538,1155.512904637945,1044.7383566554056
Tron-o-matic 5,Atlanta_01,2024-10-01,114.1323306127327,123.50442116655641,131.26384698688733,123.08490822143311
Tron-o-matic 5,Atlanta_01,2024-10-02,178.12403110432706,186.89154745541722,194.72787701756775,186.24054372316667
Tron-o-matic 5,Atlanta_01,2024-10-03,104.09698041368307,112.02604270290736,119.68265946805643,112.0531957202962
Tron-o-matic 5,Atlanta_01,2024-10-04,107.60479412351711,114.7098259236871,122.0931627548615,114.7246771385855
Tron-o-matic 5,Atlanta_01,2024-10-05,119.00828139034024,129.69431475294357,138.27257524662576,129.06143514282417
Tron-o-matic 5,Atlanta_01,2024-10-06,104.96251713529571,114.65260720559961,123.69469997622802,114.0538367825551
Tron-o-matic 5,Atlanta_01,2024-10-07,112.71078005725938,121.79476369601217,133.19590128677422,122.59001105045735
Tron-o-matic 5,Atlanta_01,2024-10-08,80.94689800733033,90.18256248782406,98.4007626330202,89.77162578976116
Tron-o-matic 5,Atlanta_01,2024-10-09,97.12305873301979,104.72794011464772,113.22848638839893,105.13175728459011
Tron-o-matic 5,Atlanta_01,2024-10-10,79.56321323095375,87.11011724500737,97.45213349263598,87.79069610707894
Tron-o-matic 5,Atlanta_01,2024-10-11,144.49436039361427,152.84663836369845,163.0764847889929,152.9809903251719
Tron-o-matic 5,Atlanta_01,2024-10-12,82.25643432532553,90.1112555507117,96.8515343529425,89.56361662015996
Tron-o-matic 5,Atlanta_01,2024-10-13,119.10295435833572,126.80421147013097,136.07517144692017,126.99048705241927
Tron-o-matic 5,Atlanta_01,2024-10-14,83.84634802795573,90.68761480224919,102.05337855536763,92.31021495808982
Tron-o-matic 5,Atlanta_01,2024-10-15,80.6131605452129,90.00759534366445,101.75262814504951,90.99887436458623
Tron-o-matic 5,Atlanta_01,2024-10-16,108.05299325624478,115.65439550818323,126.47767605615317,116.45024161229931
Tron-o-matic 5,Atlanta_01,2024-10-17,126.18221555759382,133.69446887127555,141.13286262960236,133.42830538530686
Tron-o-matic 5,Atlanta_01,2024-10-18,102.98345607451333,113.47397314748484,120.56558277401435,112.1174751298747
Tron-o-matic 5,Atlanta_01,2024-10-19,79.23434946797649,88.51296030369767,97.0114065067049,88.42877082311271
Tron-o-matic 5,Atlanta_01,2024-10-20,80.21377396445634,88.11936374509554,97.4399212992741,88.63698168829747
Tron-o-matic 5,Atlanta_01,2024-10-21,81.86509269066202,91.14550795519276,98.73282235646691,90.25286852919052
Tron-o-matic 5,Atlanta_01,2024-10-22,78.37064461690312,87.48419741324213,96.73447308403608,87.7719133759976
Tron-o-matic 5,Atlanta_01,2024-10-23,76.2455872295379,85.94219221096223,94.65090826437601,85.98193825911083
Tron-o-matic 5,Atlanta_01,2024-10-24,76.38959072869662,86.1479907687397,94.45887217141215,85.66552645294234
Tron-o-matic 5,Atlanta_01,2024-10-25,119.73689175292995,127.78195378303126,136.01798880183208,127.49798121733929
Tron-o-matic 5,Atlanta_01,2024-10-26,78.05835749889319,86.38078512724282,93.77766447866206,86.14979684214066
Tron-o-matic 5,Atlanta_01,2024-10-27,102.6346781479962,112.27582410769202,123.46707509904114,112.51674287835965
Tron-o-matic 5,Atlanta_01,2024-10-28,171.39629260578081,180.3300935295615,190.08429375457564,180.1272060457087
Tron-o-matic 5,Atlanta_01,2024-10-29,76.06837283457081,83.35716412310016,94.00410519912079,84.32771098796803
Tron-o-matic 5,Atlanta_01,2024-10-30,166.02305331179016,173.91564344740075,182.51645680696842,173.9621926419022
Tron-o-matic 5,Atlanta_01,2024-10-31,74.33041489473216,83.43373016908784,90.82884334263116,82.84216502483827
Tron-o-matic 5,Atlanta_01,2024-11-01,73.24682956992868,82.49241449678588,89.91001978046961,82.04324180138664
Tron-o-matic 5,Atlanta_01,2024-11-02,73.4574857197469,81.64722604323663,89.28515242637431,81.36962995928005
Tron-o-matic 5,Atlanta_01,2024-11-03,106.01829929507943,114.62782747260432,122.52304965986876,114.34472756310774
Tron-o-matic 5,Atlanta_01,2024-11-04,77.06510479561855,84.80606982875113,92.78302025023987,84.56544446144231
Tron-o-matic 5,Atlanta_01,2024-11-05,105.10405364118967,114.20553119248484,121.78900332858048,114.24069461084471
Tron-o-matic 5,Atlanta_01,2024-11-06,92.48470441082925,101.63685630787852,109.27190118626716,100.95820605946139
Tron-o-matic 5,Atlanta_01,2024-11-07,70.1832746906361,78.48289567969616,88.81418427076304,78.95504359287966
Tron-o-matic 5,Atlanta_01,2024-11-08,69.00343755883581,77.4076216653814,87.76344738109374,77.52799098924997
Tron-o-matic 5,Atlanta_01,2024-11-09,72.79813202350678,78.29636960882172,85.59679584875072,78.93195797512661
Tron-o-matic 5,Atlanta_01,2024-11-10,71.32621473987533,79.86014610303327,88.36499839193732,79.70967977677972
Tron-o-matic 5,Atlanta_01,2024-11-11,70.78905155559534,78.73666203327825,87.45886946133396,78.84472560576401
Tron-o-matic 5,Atlanta_01,2024-11-12,105.07690699753704,114.88327684606314,123.43545690462744,114.48169154789595
Tron-o-matic 5,Atlanta_01,2024-11-13,92.70249320332913,101.23301576473693,108.82575965948858,100.85264327042192
Tron-o-matic 5,Atlanta_01,2024-11-14,139.52624420848866,148.44582427893303,156.77678454284174,148.4970017262924
Tron-o-matic 5,Atlanta_01,2024-11-15,67.37454619734658,76.4949375526058,85.4232117091401,76.6446998763441
Tron-o-matic 5,Atlanta_01,2024-11-16,109.28282047616925,118.37828622814534,125.84061854425994,118.42656646720185
Tron-o-matic 5,Atlanta_01,2024-11-17,68.78809411125255,78.52333825812757,88.15802760966245,78.48883430813447
Tron-o-matic 5,Atlanta_01,2024-11-18,163.74495225396308,170.92264334556143,181.36920638847508,171.28489812189343
Tron-o-matic 5,Atlanta_01,2024-11-19,68.31835160283293,76.73211488417374,86.14889714511331,77.05916041223372
Tron-o-matic 5,Atlanta_01,2024-11-20,104.18336053634476,112.5539059659053,121.47296722310608,112.4183029881359
Tron-o-matic 5,Atlanta_01,2024-11-21,108.44732524956092,118.0521892352502,125.88267795063048,117.40504940686624
Tron-o-matic 5,Atlanta_01,2024-11-22,143.4799302500632,152.18149206082177,159.42016658526023,151.6524731680863
Tron-o-matic 5,Atlanta_01,2024-11-23,68.70386724236938,77.45467126363087,85.84042196195007,77.09549077269266
Tron-o-matic 5,Atlanta_01,2024-11-24,89.2722635761997,97.41716856586572,104.86651960693247,97.3818699665984
Tron-o-matic 5,Atlanta_01,2024-11-25,71.90677177599443,80.00948583795814,89.32591245252817,80.1839126640608
Tron-o-matic 5,Atlanta_01,2024-11-26,91.07612528088049,99.66615926231752,108.51037735397512,99.28229028389265
Tron-o-matic 5,Atlanta_01,2024-11-27,107.42250484876205,115.50459079398847,125.41699184961847,115.7576972763587
Tron-o-matic 5,Atlanta_01,2024-11-28,93.74410229491761,101.68290011073246,111.67260289144505,102.17169109106122
Tron-o-matic 5,Atlanta_01,2024-11-29,170.0310555021984,177.47842773066992,185.50332291629414,177.4150614717026
Tron-o-matic 5,Atlanta_01,2024-11-30,68.68707543558222,78.47281619466132,86.53813300151405,77.41377752764195
Tron-o-matic 5,Atlanta_01,2024-12-01,68.82745063689867,79.37741994168375,89.7519008792493,78.76671426149636
Tron-o-matic 5,Atlanta_01,2024-12-02,148.3346637245266,159.65294068394053,168.9415881549173,159.30670864169338
Tron-o-matic 5,Atlanta_01,2024-12-03,158.7770044141597,169.42513018130848,177.75664831721352,169.63374821792596
Tron-o-matic 5,Atlanta_01,2024-12-04,66.46668100268397,76.33823727525308,83.83629923562013,76.13208664289338
Tron-o-matic 5,Atlanta_01,2024-12-05,68.79638769570435,77.93921414641416,85.37524285401393,77.15595452658438
Tron-o-matic 5,Atlanta_01,2024-12-06,68.42855067791254,76.21578389212343,83.98940882050768,76.46193601442513
Tron-o-matic 5,Atlanta_01,2024-12-07,68.31735460677895,78.54193617374517,86.56784893235263,77.47481657801887
Tron-o-matic 5,Atlanta_01,2024-12-08,69.35051394837126,77.98367039768033,87.41657550221186,78.61765513901163
Tron-o-matic 5,Atlanta_01,2024-12-09,69.86957838216381,78.72454815759093,88.5179660244506,78.87208844826964
Tron-o-matic 5,Atlanta_01,2024-12-10,68.38549096316083,78.59128804852016,86.2880192933219,77.90984905077332
Tron-o-matic 5,Atlanta_01,2024-12-11,141.82625546977235,149.70029301765783,160.42808292403438,149.90472581449623
Tron-o-matic 5,Atlanta_01,2024-12-12,141.8616421820508,149.21018408432315,157.42174649572618,149.31948676093282
Tron-o-matic 5,Atlanta_01,2024-12-13,66.82285348826872,77.27848553654853,84.5950988816209,76.67636158368994
Tron-o-matic 5,Atlanta_01,2024-12-14,69.2799793896827,75.99285179158616,85.88346862744365,76.56265690830075
Tron-o-matic 5,Atlanta_01,2024-12-15,88.7795981811167,97.41824871913057,104.44628207519048,96.56710093894739
Tron-o-matic 5,Atlanta_01,2024-12-16,69.13396046464284,78.56770095002437,88.96443033185187,78.8434910438545
Tron-o-matic 5,Atlanta_01,2024-12-17,66.23081428251722,76.84652277771427,86.96390815904522,76.84275369277117
Tron-o-matic 5,Atlanta_01,2024-12-18,67.53960196537099,75.63657084876772,83.15279013316261,75.71311540349726
Tron-o-matic 5,Atlanta_01,2024-12-19,67.88560207256604,74.52236484154437,84.47915540461194,75.5127255428633
Tron-o-matic 5,Atlanta_01,2024-12-20,140.25527296407734,148.965532151662,159.235903715783,149.49737847748207
Tron-o-matic 5,Atlanta_01,2024-12-21,145.23766455995278,154.44884473070908,163.0607315896525,154.44698498477862
Tron-o-matic 5,Atlanta_01,2024-12-22,114.08311758234005,122.47797007935358,131.8662772776783,122.87943200130192
Tron-o-matic 5,Atlanta_01,2024-12-23,87.07963175164677,94.42656717310756,103.61617579386437,95.2748552394029
Tron-o-matic 5,Atlanta_01,2024-12-24,67.91886795345825,77.3831515166626,87.02350969679516,77.34607996880128
Tron-o-matic 5,Atlanta_01,2024-12-25,67.41714294417146,77.54937892948902,84.53645079847603,76.95956692397755
Tron-o-matic 5,Atlanta_01,2024-12-26,68.82253589061358,77.43130013227287,83.74359173727787,76.83218589333188
Tron-o-matic 5,Atlanta_01,2024-12-27,71.37646334999087,78.7523017523104,88.78597312222624,79.01915329879706
Tron-o-matic 5,Atlanta_01,2024-12-28,99.58314434918645,107.21007142011165,114.6708573351713,107.14102101347362
Tron-o-matic 5,Atlanta_01,2024-12-29,71.33233133372711,79.61124454729107,88.17339294291155,79.80393799637467
Tron-o-matic 5,Atlanta_01,2024-12-30,73.83107238005363,83.9875256090213,91.87874699734334,83.3348733514462
Tron-o-matic 5,Atlanta_01,2024-12-31,93.5196919651096,103.61435040839692,111.4758049323818,103.04401930379576
Tron-o-matic 5,Dallas_01,2024-10-01,143.21369888703126,155.63308065687266,166.3165151851454,154.68804018608245
Tron-o-matic 5,Dallas_01,2024-10-02,226.2442971449137,236.90666213284396,248.91809607850615,237.3829466068137
Tron-o-matic 5,Dallas_01,2024-10-03,131.07738098387665,144.4936907352292,153.75154882598943,143.4508101175162
Tron-o-matic 5,Dallas_01,2024-10-04,129.26687827706027,141.33135971145995,154.66058076270136,142.33417391391524
Tron-o-matic 5,Dallas_01,2024-10-05,156.6975675786941,165.41799220356967,177.1195767198201,165.6925991897841
Tron-o-matic 5,Dallas_01,2024-10-06,132.04566189697798,144.17889833855065,155.94674774686146,144.12928981722698
Tron-o-matic 5,Dallas_01,2024-10-07,146.37325549026366,157.74597056263246,169.59868681037133,157.3057924398464
Tron-o-matic 5,Dallas_01,2024-10-08,99.14730124748577,115.47945210950918,123.04843882361887,113.18309278176352
Tron-o-matic 5,Dallas_01,2024-10-09,124.57439290441388,137.85400012409156,149.2554129053654,137.2076719788014
Tron-o-matic 5,Dallas_01,2024-10-10,101.04696873121478,115.01466015246915,128.737032770831,115.44342684561923
Tron-o-matic 5,Dallas_01,2024-10-11,183.85084938688533,195.21623309672754,204.4196661913183,194.86998515645934
Tron-o-matic 5,Dallas_01,2024-10-12,103.37723070456519,114.1003155759366,127.04039503135604,114.5343852204919
Tron-o-matic 5,Dallas_01,2024-10-13,149.10330576350307,162.12368980269744,171.80909203720134,160.8326282913936
Tron-o-matic 5,Dallas_01,2024-10-14,104.80148533218185,116.54784464774896,129.96417972046663,117.21009695094894
Tron-o-matic 5,Dallas_01,2024-10-15,103.06614889105361,111.50643243226584,125.96043287038776,113.22935688902984
Tron-o-matic 5,Dallas_01,2024-10-16,139.34937988191712,152.168294499143,163.78681422380808,151.68764605216563
Tron-o-matic 5,Dallas_01,2024-10-17,160.8087686975588,174.56589285515201,185.8761544944257,174.49575253880803
Tron-o-matic 5,Dallas_01,2024-10-18,132.7629685638384,143.00367416210182,155.45389471388978,143.0955132882224
Tron-o-matic 5,Dallas_01,2024-10-19,102.86945138446848,116.26786868015196,126.13100691323847,115.44418503101582
Tron-o-matic 5,Dallas_01,2024-10-20,101.75586974746435,111.30053538178878,124.57224171439238,112.09091380974995
Tron-o-matic 5,Dallas_01,2024-10-21,101.8278775566952,113.37375602189287,125.99076177963462,113.15042007715992
Tron-o-matic 5,Dallas_01,2024-10-22,99.93675506331806,112.7521293896169,126.6183192176265,112.49729611811087
Tron-o-matic 5,Dallas_01,2024-10-23,101.6239032012189,112.35007138745308,123.29563651569043,112.46476810893505
Tron-o-matic 5,Dallas_01,2024-10-24,101.03798186276406,111.00142780029087,125.6014537786666,112.05298692406112
Tron-o-matic 5,Dallas_01,2024-10-25,151.83661317478914,161.44302374294432,174.1971666821843,162.03554000693669
Tron-o-matic 5,Dallas_01,2024-10-26,101.70859194606052,109.70474513327399,121.94564612755438,111.11985713279415
Tron-o-matic 5,Dallas_01,2024-10-27,130.29158508582032,144.88820127207293,152.73870314344688,142.75955964703547
Tron-o-matic 5,Dallas_01,2024-10-28,215.5299750927378,230.45195661234334,242.1854609696313,229.95270004675487
Tron-o-matic 5,Dallas_01,2024-10-29,95.92675092425031,108.08831067744053,117.26830855938138,107.83761245524633
Tron-o-matic 5,Dallas_01,2024-10-30,211.77291580648662,224.6733479773424,237.55917071949375,224.19579255243426
Tron-o-matic 5,Dallas_01,2024-10-31,97.86808827470192,108.49564909698853,119.290635780002,108.76481722234134
Tron-o-matic 5,Dallas_01,2024-11-01,92.23517887104565,104.27289012352388,115.2604032392421,104.40304381887006
Tron-o-matic 5,Dallas_01,2024-11-02,91.69331696552885,105.06962716318736,116.79827719791608,104.97728188464403
Tron-o-matic 5,Dallas_01,2024-11-03,135.47972892543453,145.62516579300902,155.23386156353382,145.15684093343586
Tron-o-matic 5,Dallas_01,2024-11-04,90.73458026304452,102.96454330176108,113.51694362476314,102.70665023268883
Tron-o-matic 5,Dallas_01,2024-11-05,133.11915847490306,144.29813604445178,157.13822357549026,144.5105348815359
Tron-o-matic 5,Dallas_01,2024-11-06,117.77985630078818,129.4764086192155,140.41677415420793,129.32668182285147
Tron-o-matic 5,Dallas_01,2024-11-07,88.35395138120364,100.61539118676065,112.06912101093397,100.12494966898164
Tron-o-matic 5,Dallas_01,2024-11-08,88.62967841937736,98.5406237052256,108.97700255995504,98.26990927919957
Tron-o-matic 5,Dallas_01,2024-11-09,87.38038299260668,100.50774048172745,113.375715684822,100.36803493614254
Tron-o-matic 5,Dallas_01,2024-11-10,89.0876743944284,100.48303045122147,109.62722338240096,100.04640810734854
Tron-o-matic 5,Dallas_01,2024-11-11,89.23631986981104,99.34540992162755,113.03659817615664,100.4329329076174
Tron-o-matic 5,Dallas_01,2024-11-12,133.15733764658586,145.1684637014041,155.6814199202156,145.19470946004455
Tron-o-matic 5,Dallas_01,2024-11-13,123.87276538885871,130.3812026684966,142.58897578602966,131.36666703529934
Tron-o-matic 5,Dallas_01,2024-11-14,179.33166537413476,190.28159229348125,204.84504652881571,191.14942452737398
Tron-o-matic 5,Dallas_01,2024-11-15,83.0663802678642,96.23082656952936,108.84190824811589,95.98210025838607
Tron-o-matic 5,Dallas_01,2024-11-16,139.19036530830294,151.10366272736283,165.35230055517658,152.50445873758682
Tron-o-matic 5,Dallas_01,2024-11-17,86.688952838322,96.98109927510596,109.25062156122323,97.57280065355064
Tron-o-matic 5,Dallas_01,2024-11-18,204.4607172901246,217.51568560448067,230.43133884341083,218.42954827514743
Tron-o-matic 5,Dallas_01,2024-11-19,86.60536378123322,96.82275018151077,108.50187254801784,97.33516095089688
Tron-o-matic 5,Dallas_01,2024-11-20,136.8083412516118,147.0441815428873,159.26937788610402,147.15250963020392
Tron-o-matic 5,Dallas_01,2024-11-21,140.22035935802896,150.5216896454575,160.70951082600956,150.2728422493943
Tron-o-matic 5,Dallas_01,2024-11-22,181.14267201845223,194.45462601257154,204.6257214692976,193.30544353545577
Tron-o-matic 5,Dallas_01,2024-11-23,86.38970766168721,99.40991644892613,112.29463587275606,99.17461109313875
Tron-o-matic 5,Dallas_01,2024-11-24,111.31151307386797,124.40913592963582,132.88209924771783,122.43054379313651
Tron-o-matic 5,Dallas_01,2024-11-25,88.23904821231406,99.88504090040145,108.841262837863,99.45347002822038
Tron-o-matic 5,Dallas_01,2024-11-26,112.74870007524704,124.5998291103372,136.66714359801105,124.59372007293527
Tron-o-matic 5,Dallas_01,2024-11-27,139.3009548864745,149.68740859709703,163.15638640845663,150.16550293260164
Tron-o-matic 5,Dallas_01,2024-11-28,120.23199136278912,133.51353729936042,144.36360795779356,132.86624312714184
Tron-o-matic 5,Dallas_01,2024-11-29,216.4434291859416,228.35263013654102,238.74238056673568,227.6835803519344
Tron-o-matic 5,Dallas_01,2024-11-30,88.43765721035824,99.5566681781126,111.82389964890034,99.67765260830174
Tron-o-matic 5,Dallas_01,2024-12-01,88.00152990061486,99.87688569781292,109.94433828570764,99.08639542835516
Tron-o-matic 5,Dallas_01,2024-12-02,188.15013089912685,199.47883490175528,211.7140130136658,199.69985265479042
Tron-o-matic 5,Dallas_01,2024-12-03,203.80421060520123,214.91978595595643,229.16853141428112,215.7014532278997
Tron-o-matic 5,Dallas_01,2024-12-04,83.74775974651946,98.36888821102495,111.2582087152453,97.8113338530669
Tron-o-matic 5,Dallas_01,2024-12-05,87.55723551305923,98.15573697096009,107.69013394907071,98.20748029628834
Tron-o-matic 5,Dallas_01,2024-12-06,83.91641928823057,95.74643848838406,109.76029636987984,96.92826559009663
Tron-o-matic 5,Dallas_01,2024-12-07,87.05292062974392,99.50087279722806,112.14123450534589,99.19484340245502
Tron-o-matic 5,Dallas_01,2024-12-08,85.89547306213939,98.13004948214724,110.22960253780312,97.81002097636943
Tron-o-matic 5,Dallas_01,2024-12-09,87.49718842537854,97.8168107905582,110.7963222664307,98.03011432917187
Tron-o-matic 5,Dallas_01,2024-12-10,81.08125193972558,97.19936859749518,108.58718967172761,95.99180138623464
Tron-o-matic 5,Dallas_01,2024-12-11,182.50059527067197,194.45651478895294,203.17721700940984,193.81587063594895
Tron-o-matic 5,Dallas_01,2024-12-12,180.88301423172845,190.4700241083926,202.39552901533273,190.79789447219846
Tron-o-matic 5,Dallas_01,2024-12-13,85.21653339634271,97.9984548807977,109.33941661768655,97.39665491016403
Tron-o-matic 5,Dallas_01,2024-12-14,85.43204940746207,98.51278489375056,110.97373141288378,98.68905098140029
Tron-o-matic 5,Dallas_01,2024-12-15,111.49616609781701,122.84720579277997,131.96197296347052,122.22323212332168
Tron-o-matic 5,Dallas_01,2024-12-16,89.2376741124417,100.2042505004897,111.29932105716024,100.1509345970629
Tron-o-matic 5,Dallas_01,2024-12-17,83.5451616653209,96.65301430075932,109.22425859175694,95.87657482780119
Tron-o-matic 5,Dallas_01,2024-12-18,87.3709849577449,98.82891756781832,109.91775676430728,98.48522212931346
Tron-o-matic 5,Dallas_01,2024-12-19,87.45728843240875,99.2907856974257,112.64569476787852,99.71982942513472
Tron-o-matic 5,Dallas_01,2024-12-20,180.12742931491073,191.99536440840433,201.5256045237281,191.52254058409
Tron-o-matic 5,Dallas_01,2024-12-21,188.19900372125167,200.4102333362613,211.70846464962577,199.66643884336972
Tron-o-matic 5,Dallas_01,2024-12-22,143.25482857956968,157.05461834263457,169.18105696355303,156.75541726761037
Tron-o-matic 5,Dallas_01,2024-12-23,109.70649802922289,122.38394038840143,133.26203776155853,121.19949016885765
Tron-o-matic 5,Dallas_01,2024-12-24,91.04437712286769,102.27527188474443,112.00131723751545,101.64244925124856
Tron-o-matic 5,Dallas_01,2024-12-25,89.465229578125,103.2287115903767,112.80616196559593,101.89317275355396
Tron-o-matic 5,Dallas_01,2024-12-26,90.40628165367744,104.16784527586597,114.73713459267935,102.68443126630798
Tron-o-matic 5,Dallas_01,2024-12-27,88.03522236346848,100.93822268141729,114.73824755381523,101.06670544102711
Tron-o-matic 5,Dallas_01,2024-12-28,127.31372444159675,142.50639465191983,154.84795929747926,142.17662958915133
Tron-o-matic 5,Dallas_01,2024-12-29,91.82276994134455,103.22287311647766,116.83008809159843,103.92539677936276
Tron-o-matic 5,Dallas_01,2024-12-30,95.00660417494882,104.87927010403146,119.11308391841186,106.08325595682578
Tron-o-matic 5,Dallas_01,2024-12-31,119.81023174057144,133.45614381789767,145.8981231525544,133.15346250361202
Tron-o-matic 5,NewYork_02,2024-10-01,174.00118808421632,191.2354942118952,207.20635865284748,190.42714122458693
Tron-o-matic 5,NewYork_02,2024-10-02,278.939072581007,295.9396859774486,309.7758634356426,295.44435783158605
Tron-o-matic 5,NewYork_02,2024-10-03,163.11406106988127,177.06764948278317,194.50452976002737,178.02321610785017
Tron-o-matic 5,NewYork_02,2024-10-04,168.07693482929932,177.87381121167942,192.85395710778755,178.89915133331783
Tron-o-matic 5,NewYork_02,2024-10-05,184.93461384617135,202.00506079405636,215.45906642395656,201.287996198409
Tron-o-matic 5,NewYork_02,2024-10-06,161.51312817674543,176.09258299314456,191.46158466042976,176.5913279534842
Tron-o-matic 5,NewYork_02,2024-10-07,177.265774172515,194.13989716770405,208.53715710484357,193.60979467300265
Tron-o-matic 5,NewYork_02,2024-10-08,126.96822235101283,140.97304440009154,154.64766412227962,141.5205680109352
Tron-o-matic 5,NewYork_02,2024-10-09,153.5096684503783,167.69368716374876,184.74554058726713,168.12096250109477
Tron-o-matic 5,NewYork_02,2024-10-10,127.37162871035918,143.54255219630693,154.79777614449767,143.48004977655089
Tron-o-matic 5,NewYork_02,2024-10-11,227.28218816087957,241.0608867157012,254.7748592626282,240.64831073009998
Tron-o-matic 5,NewYork_02,2024-10-12,122.85334774117001,140.85612619836124,154.16083285723883,139.85199577671213
Tron-o-matic 5,NewYork_02,2024-10-13,179.24736467052622,196.82878430623575,211.91020835735213,195.80386317681297
Tron-o-matic 5,NewYork_02,2024-10-14,130.94314123557436,144.14108581580675,159.15217748715557,144.98043576395543
Tron-o-matic 5,NewYork_02,2024-10-15,123.11255338861982,139.30497920585174,153.1059264328831,138.0746755453648
Tron-o-matic 5,NewYork_02,2024-10-16,169.64455961008056,186.0585689212829,198.39199110670035,184.63135423995374
Tron-o-matic 5,NewYork_02,2024-10-17,196.50711386636448,213.1411271410974,227.90648057527918,212.66914788245742
Tron-o-matic 5,NewYork_02,2024-10-18,158.92047963564687,174.46035731638761,189.72497949119335,174.06789611770117
Tron-o-matic 5,NewYork_02,2024-10-19,121.38229516040414,138.16059785454445,150.4720467529891,136.93364046874748
Tron-o-matic 5,NewYork_02,2024-10-20,118.01879526886806,137.60572010240713,148.50585075528957,135.3895996558876
Tron-o-matic 5,NewYork_02,2024-10-21,124.19781966607907,139.14822781033274,154.76268467179227,139.10723439651642
Tron-o-matic 5,NewYork_02,2024-10-22,120.35348402159994,135.3775081770001,147.24769149522805,134.18883488132383
Tron-o-matic 5,NewYork_02,2024-10-23,117.80360468364435,135.70819988937805,150.20705330452603,134.13549416114893
Tron-o-matic 5,NewYork_02,2024-10-24,118.5440621888162,135.69579511632685,149.14518144986812,134.66021900887765
Tron-o-matic 5,NewYork_02,2024-10-25,177.3573432740708,197.37019899437846,213.33234687601563,196.88941403550353
Tron-o-matic 5,NewYork_02,2024-10-26,114.40081842685417,130.8008928710259,146.82354540886263,130.98015298765867
Tron-o-matic 5,NewYork_02,2024-10-27,155.4887257468003,172.03973010884127,187.24895213792917,171.44038139857557
Tron-o-matic 5,NewYork_02,2024-10-28,268.84936515154703,283.84626829379334,293.9989645687516,282.5989503174362
Tron-o-matic 5,NewYork_02,2024-10-29,113.71666439310623,126.88877242434641,141.48249100330798,127.42228022317087
Tron-o-matic 5,NewYork_02,2024-10-30,258.4776641510887,271.7771087535116,287.8702925424905,272.3586358149605
Tron-o-matic 5,NewYork_02,2024-10-31,118.2566669003726,130.73748612467182,147.63918239120324,131.7997664980558
Tron-o-matic 5,NewYork_02,2024-11-01,108.24209594069077,125.89287842230505,139.39678689374944,125.44018649421129
Tron-o-matic 5,NewYork_02,2024-11-02,111.42408034751006,126.59831343360874,144.67537790042533,127.20819566609823
Tron-o-matic 5,NewYork_02,2024-11-03,161.39031275371002,175.677052502465,189.01722110307094,175.1884900864905
Tron-o-matic 5,NewYork_02,2024-11-04,113.30791991208858,128.89622174922036,143.69759272406017,128.559295885857
Tron-o-matic 5,NewYork_02,2024-11-05,158.15761298323446,177.52582245860697,191.0413742559876,176.05820800567056
Tron-o-matic 5,NewYork_02,2024-11-06,143.95559327533138,158.21601844752215,170.62712877173922,158.0705451107081
Tron-o-matic 5,NewYork_02,2024-11-07,110.36114039945036,126.76692317252957,139.61127392988337,125.80671131771174
Tron-o-matic 5,NewYork_02,2024-11-08,107.74640194386916,122.50845583692742,136.75018027782602,122.45538725629108
Tron-o-matic 5,NewYork_02,2024-11-09,103.56070952814042,119.40536670324494,137.12887614419196,120.33209296575409
Tron-o-matic 5,NewYork_02,2024-11-10,103.07145833801536,119.24117026618534,133.58192370874656,119.23616503485454
Tron-o-matic 5,NewYork_02,2024-11-11,110.02630566842988,124.61817616707722,138.23198287944842,123.94540731216895
Tron-o-matic 5,NewYork_02,2024-11-12,165.98614284045277,177.3967677354955,195.4907440609123,179.3123475275688
Tron-o-matic 5,NewYork_02,2024-11-13,144.57963377191732,161.22774949051805,175.05511611292138,159.4857285486864
Tron-o-matic 5,NewYork_02,2024-11-14,219.3121262960225,233.49168841357866,251.3547071377748,234.66881484916001
Tron-o-matic 5,NewYork_02,2024-11-15,105.60008184676464,119.39661517330379,135.43278991600943,119.72513895687503
Tron-o-matic 5,NewYork_02,2024-11-16,171.71864091470613,187.6439821125944,201.80182272759032,187.28510112325478
Tron-o-matic 5,NewYork_02,2024-11-17,102.12215965866324,116.63538314609944,132.69055073037308,116.98626398012686
Tron-o-matic 5,NewYork_02,2024-11-18,252.80460010658024,268.19219564100683,284.5828978142108,268.24989803092825
Tron-o-matic 5,NewYork_02,2024-11-19,102.83677721016092,120.05715057157478,136.90614056177407,119.98154620709785
Tron-o-matic 5,NewYork_02,2024-11-20,168.17332930716074,179.88889095514668,195.3973230158945,181.3421703281188
Tron-o-matic 5,NewYork_02,2024-11-21,168.549800051985,187.41446865080394,206.0444586068388,187.24687952863792
Tron-o-matic 5,NewYork_02,2024-11-22,221.15241894737255,237.10066976975907,252.6307547165996,236.09220432911306
Tron-o-matic 5,NewYork_02,2024-11-23,103.18347736988575,119.23423016632528,135.18579345629894,118.97918496711053
Tron-o-matic 5,NewYork_02,2024-11-24,131.03106445496692,150.1664689731189,160.46990199924667,147.63462401456474
Tron-o-matic 5,NewYork_02,2024-11-25,106.51284418609384,120.531771360743,138.060870318804,122.10167868304713
Tron-o-matic 5,NewYork_02,2024-11-26,137.68333814732128,154.02623439131798,166.79959386250954,153.25772793017862
Tron-o-matic 5,NewYork_02,2024-11-27,169.08487915977068,181.33347162387082,197.17603613159116,182.2027276093685
Tron-o-matic 5,NewYork_02,2024-11-28,151.69890904882774,166.52441258135255,183.78870485750184,166.66972536471334
Tron-o-matic 5,NewYork_02,2024-11-29,268.32057261816715,279.4851339816717,292.41884643544824,280.7614317958418
Tron-o-matic 5,NewYork_02,2024-11-30,102.52564569241466,119.15214380365984,133.94954505537663,118.85495685455975
Tron-o-matic 5,NewYork_02,2024-12-01,102.10130498163446,118.87385072069435,136.0361442095054,119.62809628819305
Tron-o-matic 5,NewYork_02,2024-12-02,235.3297334082017,247.836996059098,261.6476492068474,248.01748032812898
Tron-o-matic 5,NewYork_02,2024-12-03,250.70967881777244,267.6590708945791,285.7836265124752,267.34363213042093
Tron-o-matic 5,NewYork_02,2024-12-04,107.53316087192471,121.19090990172123,135.56657241667497,121.17405536477439
Tron-o-matic 5,NewYork_02,2024-12-05,111.60348992163426,124.60795538710391,136.6205213428697,124.2311160442872
Tron-o-matic 5,NewYork_02,2024-12-06,105.92789672866313,122.37213612773229,137.62156148092706,121.91662769245931
Tron-o-matic 5,NewYork_02,2024-12-07,106.50644912557992,122.22232522404448,139.3075602345641,121.79678326134423
Tron-o-matic 5,NewYork_02,2024-12-08,103.34635864252658,120.17041019067536,136.8578774651874,121.11031298626249
Tron-o-matic 5,NewYork_02,2024-12-09,109.2154051972968,127.89900889033302,143.84766845969284,127.51520657497717
Tron-o-matic 5,NewYork_02,2024-12-10,106.8239021011135,122.36954719877436,135.77505282777204,122.18752396599542
Tron-o-matic 5,NewYork_02,2024-12-11,223.97429615090851,240.10308394758795,252.26620780074262,239.06308874555546
Tron-o-matic 5,NewYork_02,2024-12-12,222.9257605686571,239.59142302454944,253.6754750524702,238.7152515775828
Tron-o-matic 5,NewYork_02,2024-12-13,105.52119056426156,123.65611883447015,137.37200453717784,121.93872617865667
Tron-o-matic 5,NewYork_02,2024-12-14,105.48575714750268,122.16093597189196,142.0968442201593,122.70702715820457
Tron-o-matic 5,NewYork_02,2024-12-15,135.90911268016725,152.22379143980905,167.14420047927473,151.8659087473837
Tron-o-matic 5,NewYork_02,2024-12-16,109.99907069473258,126.56769073951111,145.41398904899688,127.22843537093162
Tron-o-matic 5,NewYork_02,2024-12-17,105.13563747413677,123.57554400100778,139.6619752289212,124.05888741108811
Tron-o-matic 5,NewYork_02,2024-12-18,110.42554133789426,124.07929320139475,136.75812361148257,123.6815598279257
Tron-o-matic 5,NewYork_02,2024-12-19,107.2525400394757,125.15841596478923,140.8339706793917,123.93029735387994
Tron-o-matic 5,NewYork_02,2024-12-20,219.9410094973236,237.6278496079996,253.62949806945338,236.7044587765682
Tron-o-matic 5,NewYork_02,2024-12-21,230.99702665938128,248.0375909209538,261.4535979095159,247.380924949735
Tron-o-matic 5,NewYork_02,2024-12-22,173.8507743587026,190.65286514568876,210.24652877129338,192.4475142767676
Tron-o-matic 5,NewYork_02,2024-12-23,137.52797285227123,154.5039056068639,166.80623168715968,153.0712336812456
Tron-o-matic 5,NewYork_02,2024-12-24,108.52047941211947,123.70231271915333,139.90262368846382,123.28921246598694
Tron-o-matic 5,NewYork_02,2024-12-25,109.08129943749044,123.86441468658758,138.32550386027384,123.44912153849387
Tron-o-matic 5,NewYork_02,2024-12-26,109.40727698947191,126.0110677162665,142.19488132108896,125.81319579536473
Tron-o-matic 5,NewYork_02,2024-12-27,107.46850067907414,128.16177518219843,137.96862505623932,124.93594105065544
Tron-o-matic 5,NewYork_02,2024-12-28,161.44701322256614,172.77364972442845,184.63907604466633,172.37357866001415
Tron-o-matic 5,NewYork_02,2024-12-29,108.11339997329986,124.2669551905333,140.20018688465638,124.30701056848022
Tron-o-matic 5,NewYork_02,2024-12-30,114.29741043598206,128.44434338595832,144.95090319285478,129.7226656633349
Tron-o-matic 5,NewYork_02,2024-12-31,144.24009923634358,159.67814106775967,175.84872616026712,160.22785619532914
Tron-o-matic 5,NewYork_01,2024-10-01,178.72665116621098,196.32618251432896,209.9762723949213,194.93677584655327
Tron-o-matic 5,NewYork_01,2024-10-02,282.6138234534699,293.621239235872,308.0639949250133,294.4020590730348
Tron-o-matic 5,NewYork_01,2024-10-03,162.086803946026,176.22245019403584,192.66106741968397,177.7478638793005
Tron-o-matic 5,NewYork_01,2024-10-04,166.46672124601963,181.498190259736,196.04466297972098,181.34882695789088
Tron-o-matic 5,NewYork_01,2024-10-05,189.75096651089834,204.61329727164593,221.8872381798364,205.3064605604929
Tron-o-matic 5,NewYork_01,2024-10-06,165.17331276063018,177.88479372516025,192.7919065838456,178.9237832317141
Tron-o-matic 5,NewYork_01,2024-10-07,180.76543157799114,194.08972243341333,208.99515005147487,194.29354118320364
Tron-o-matic 5,NewYork_01,2024-10-08,130.0194659714363,143.0718859360658,158.73094566442407,144.02646757882795
Tron-o-matic 5,NewYork_01,2024-10-09,153.08388314353414,165.77949780230807,177.42979382724806,165.1732518112395
Tron-o-matic 5,NewYork_01,2024-10-10,126.46818513414222,143.33906422473808,157.0456748404536,142.16642176097153
Tron-o-matic 5,NewYork_01,2024-10-11,225.58846869641033,240.7159102251519,255.99829710528863,239.8719792146537
Tron-o-matic 5,NewYork_01,2024-10-12,121.30697262119627,141.14744800815646,153.9209196835145,139.16674387238206
Tron-o-matic 5,NewYork_01,2024-10-13,184.54445645236618,199.6767607964942,212.19700424068714,198.16034835919942
Tron-o-matic 5,NewYork_01,2024-10-14,128.2750662582934,141.8218084893417,160.28176486614166,143.6374124331328
Tron-o-matic 5,NewYork_01,2024-10-15,126.70439821082411,141.05749078322427,159.36582397582004,141.06296928308868
Tron-o-matic 5,NewYork_01,2024-10-16,172.2239273866205,184.02444788478059,201.69053965521528,185.43901434041166
Tron-o-matic 5,NewYork_01,2024-10-17,199.82690276782898,213.05276673337818,231.57713953540224,214.39576253204618
Tron-o-matic 5,NewYork_01,2024-10-18,161.29759739052145,175.774727938009,191.28935052209266,176.10273786315014
Tron-o-matic 5,NewYork_01,2024-10-19,124.10654540116633,138.93273167380713,154.0874129718111,138.5832325926335
Tron-o-matic 5,NewYork_01,2024-10-20,123.27651039839324,139.8622237164342,153.45112762840864,139.60337000890928
Tron-o-matic 5,NewYork_01,2024-10-21,125.34767789525274,144.4305181825729,155.3049460670482,141.285012214375
Tron-o-matic 5,NewYork_01,2024-10-22,123.02144690173621,136.19657597992014,154.75037963205978,137.41147016304907
Tron-o-matic 5,NewYork_01,2024-10-23,122.92032471573917,137.79150823541215,150.57675102367884,136.68257428863214
Tron-o-matic 5,NewYork_01,2024-10-24,125.84428994620157,138.36644206712913,151.555848019903,139.34071265062965
Tron-o-matic 5,NewYork_01,2024-10-25,183.9646267651181,200.76783011567147,215.62185273366242,200.36989344625815
Tron-o-matic 5,NewYork_01,2024-10-26,118.14976166604312,134.45669158417476,148.47790338781164,134.1400779792928
Tron-o-matic 5,NewYork_01,2024-10-27,159.6017414125794,174.2610981691427,192.47096263214365,175.36488603414088
Tron-o-matic 5,NewYork_01,2024-10-28,271.26212933539983,286.01453105604065,303.3707340560939,286.40128716996963
Tron-o-matic 5,NewYork_01,2024-10-29,121.199354799155,135.5828375858866,147.79894629830733,134.6851393344954
Tron-o-matic 5,NewYork_01,2024-10-30,260.04615916773247,276.730878296769,288.6104298159528,276.1261010257803
Tron-o-matic 5,NewYork_01,2024-10-31,117.28401687224465,130.15397625190118,147.89497042679903,131.19138871464466
Tron-o-matic 5,NewYork_01,2024-11-01,114.03874741740414,128.73594778096287,145.26566981379924,129.59066825331743
Tron-o-matic 5,NewYork_01,2024-11-02,111.22414033149823,125.57482875649816,142.85124672774256,126.25767263452386
Tron-o-matic 5,NewYork_01,2024-11-03,164.6713057231601,179.62064791133824,191.34463941504134,177.70028252066552
Tron-o-matic 5,NewYork_01,2024-11-04,113.58448162929356,133.09007040045495,151.48012602339628,131.72997507113894
Tron-o-matic 5,NewYork_01,2024-11-05,162.21100968153934,178.23188938993172,191.4302280093591,177.63826473107054
Tron-o-matic 5,NewYork_01,2024-11-06,142.86896811444538,160.64647610942353,173.35503348405277,160.29637277502016
Tron-o-matic 5,NewYork_01,2024-11-07,112.3172885965538,125.283759601217,141.92729204636362,124.9618386810066
Tron-o-matic 5,NewYork_01,2024-11-08,109.17321421898309,123.98444441776408,135.67515940737653,123.67183406452064
Tron-o-matic 5,NewYork_01,2024-11-09,106.84587439091766,120.47513906815242,135.73009910590173,120.89323902469617
Tron-o-matic 5,NewYork_01,2024-11-10,104.21656839048961,120.47846004565059,137.460716504436,121.07581608780829
Tron-o-matic 5,NewYork_01,2024-11-11,106.16134065819982,122.51804183598766,136.86869193122686,122.1713128908784
Tron-o-matic 5,NewYork_01,2024-11-12,163.77717674920166,177.81056622316285,190.75172644620585,178.24156016292036
Tron-o-matic 5,NewYork_01,2024-11-13,145.7740781968197,159.47303726019783,175.22826187196054,159.9329732745196
Tron-o-matic 5,NewYork_01,2024-11-14,218.1759011827535,233.89084129914954,249.5544253615866,233.3936553791993
Tron-o-matic 5,NewYork_01,2024-11-15,103.02478026165977,119.73865184715473,134.99048625341672,119.04646059898873
Tron-o-matic 5,NewYork_01,2024-11-16,168.5697190696816,182.28201955794714,197.79733056474703,183.30743551593605
Tron-o-matic 5,NewYork_01,2024-11-17,97.58616788858518,117.3508966727828,127.74740560966315,115.15212545543079
Tron-o-matic 5,NewYork_01,2024-11-18,250.98779559021153,267.2784567424649,280.6400264773655,266.63968420219845
Tron-o-matic 5,NewYork_01,2024-11-19,104.04226153795156,120.36874496745713,135.79288858688557,119.82379468791312
Tron-o-matic 5,NewYork_01,2024-11-20,163.86871429282888,179.46037034764157,194.01555567339088,178.95634368233897
Tron-o-matic 5,NewYork_01,2024-11-21,167.2948149331249,181.78231170937164,197.04782621323847,181.7284825810604
Tron-o-matic 5,NewYork_01,2024-11-22,223.2534235090372,237.61802170937253,251.99595667562318,236.99041638781912
Tron-o-matic 5,NewYork_01,2024-11-23,103.53395299151632,119.63344480864873,132.66355217748352,119.14562578368252
Tron-o-matic 5,NewYork_01,2024-11-24,132.33738004767764,149.40219594927467,160.7501625807806,148.03506815457996
Tron-o-matic 5,NewYork_01,2024-11-25,112.01003111992094,124.60727044884237,136.9710098612212,124.92265823168582
Tron-o-matic 5,NewYork_01,2024-11-26,139.9952801720011,154.45548670979804,168.80987041815004,155.05379907666529
Tron-o-matic 5,NewYork_01,2024-11-27,169.38611612405137,183.0483502925999,201.16143771715605,184.0136104109578
Tron-o-matic 5,NewYork_01,2024-11-28,149.24528401069367,166.19816287158523,185.06920661960964,166.40833465677574
Tron-o-matic 5,NewYork_01,2024-11-29,264.25592996942584,279.87227599683325,295.1039030661178,278.9877580206284
Tron-o-matic 5,NewYork_01,2024-11-30,106.90677037030952,125.98643765848489,136.53170958458585,122.99214358868635
Tron-o-matic 5,NewYork_01,2024-12-01,106.06785142978951,121.70074206448196,135.9550253767371,120.96212985425683
Tron-o-matic 5,NewYork_01,2024-12-02,234.4019325960698,252.95320123295127,269.7507646510553,252.6453456156127
Tron-o-matic 5,NewYork_01,2024-12-03,256.11513444866637,271.9563177453431,289.11930578171166,272.5421767968472
Tron-o-matic 5,NewYork_01,2024-12-04,109.30830607027622,124.7926607502957,139.78315655137953,124.7532204320215
Tron-o-matic 5,NewYork_01,2024-12-05,110.48416732511116,126.79843070335768,139.41435081434176,125.36791595627315
Tron-o-matic 5,NewYork_01,2024-12-06,109.16269612676133,123.5670045266903,137.71951099887187,123.11643264589598
Tron-o-matic 5,NewYork_01,2024-12-07,113.44418314431569,124.89463821978565,140.2394673908667,125.72427013776975
Tron-o-matic 5,NewYork_01,2024-12-08,111.88038810301316,125.9760132518482,140.69418290225406,126.61604814658313
Tron-o-matic 5,NewYork_01,2024-12-09,111.90994150966516,127.73817478100769,142.8414261355389,127.40807958929743
Tron-o-matic 5,NewYork_01,2024-12-10,109.4330260578627,126.18083955321055,142.6238333043777,125.89358010227105
Tron-o-matic 5,NewYork_01,2024-12-11,228.21980262232867,241.16352471268,255.37145574900703,241.71401647515688
Tron-o-matic 5,NewYork_01,2024-12-12,219.5389951442076,238.54744560055022,253.26009827535268,237.436764940363
Tron-o-matic 5,NewYork_01,2024-12-13,111.86412753587975,126.31876623979235,140.32071743115958,125.18818119624926
Tron-o-matic 5,NewYork_01,2024-12-14,108.81762422619946,126.56380372282187,142.63596409748348,125.8747041383979
Tron-o-matic 5,NewYork_01,2024-12-15,140.5653796834699,157.26619268164046,173.3012072199444,156.6916458161287
Tron-o-matic 5,NewYork_01,2024-12-16,111.95720116541307,126.32978155517537,144.69841332289573,126.49968908543882
Tron-o-matic 5,NewYork_01,2024-12-17,109.97916314781777,124.39566348123859,137.0946183235032,123.82957335558608
Tron-o-matic 5,NewYork_01,2024-12-18,110.09413329063293,122.30891610711875,138.28825067191153,123.19219949546864
Tron-o-matic 5,NewYork_01,2024-12-19,113.92642212988406,128.75856621533964,140.68260507924185,127.7289801816837
Tron-o-matic 5,NewYork_01,2024-12-20,223.2744120309754,240.06698202042543,254.10277591743133,239.6015005215473
Tron-o-matic 5,NewYork_01,2024-12-21,234.70757134663754,249.30527909714476,262.56606301269335,249.26428496052648
Tron-o-matic 5,NewYork_01,2024-12-22,180.1871075244091,197.50827012494514,211.71075093330467,196.55639180443814
Tron-o-matic 5,NewYork_01,2024-12-23,140.45717732282304,152.78382971206898,167.96448894528933,153.0113766085331
Tron-o-matic 5,NewYork_01,2024-12-24,110.71255072947596,128.7879868817334,144.7928991825749,127.93423329623621
Tron-o-matic 5,NewYork_01,2024-12-25,113.25652547382805,125.79406474692736,141.83778741096083,126.37411890867452
Tron-o-matic 5,NewYork_01,2024-12-26,113.34891459214819,128.3564889007424,143.29727855518726,127.6343908323482
Tron-o-matic 5,NewYork_01,2024-12-27,111.09067897860271,127.14819829767681,140.7111399940537,127.18548261415987
Tron-o-matic 5,NewYork_01,2024-12-28,154.8209800938597,171.73752042355636,185.7360265803042,171.57628094362283
Tron-o-matic 5,NewYork_01,2024-12-29,112.68854074753155,126.31899759325015,145.85916512420047,127.89565827062808
Tron-o-matic 5,NewYork_01,2024-12-30,121.5892388030558,133.86138828358003,148.20962313246574,134.04435854811112
Tron-o-matic 5,NewYork_01,2024-12-31,146.4673597759884,163.3623862736697,182.9947026894916,163.94721927473753
Tron-o-matic 5,WashingtonDC_01,2024-10-01,112.40907083257959,121.40446815659801,132.2307520624517,121.1993937246625
Tron-o-matic 5,WashingtonDC_01,2024-10-02,174.79395149716356,184.81943969855863,196.60681143336322,185.69850569032366
Tron-o-matic 5,WashingtonDC_01,2024-10-03,103.13149868986847,111.41979243435385,119.39410925198234,111.30517063933357
Tron-o-matic 5,WashingtonDC_01,2024-10-04,103.55423153397875,112.54385997162173,120.84055725040407,112.2439621520961
Tron-o-matic 5,WashingtonDC_01,2024-10-05,120.00635360647573,129.1787100854915,135.69544875887283,128.31109326926295
Tron-o-matic 5,WashingtonDC_01,2024-10-06,102.47450893957327,111.42868948667044,117.60814871268825,110.56289584845034
Tron-o-matic 5,WashingtonDC_01,2024-10-07,112.61503058303751,121.49530603347867,131.3557628417063,121.73332212964579
Tron-o-matic 5,WashingtonDC_01,2024-10-08,78.02782639129202,88.94780254708118,98.10069591252547,88.33452510896242
Tron-o-matic 5,WashingtonDC_01,2024-10-09,95.91290126686847,104.25427395174118,111.2394264713148,103.84809631873134
Tron-o-matic 5,WashingtonDC_01,2024-10-10,79.52158472653036,88.22424160293465,98.72543272125476,88.69988315559402
Tron-o-matic 5,WashingtonDC_01,2024-10-11,140.66742791898832,149.5430779828385,157.93852781208662,149.94661239981994
Tron-o-matic 5,WashingtonDC_01,2024-10-12,77.1605647135335,85.95750036608774,94.41344963011008,86.0634758697118
Tron-o-matic 5,WashingtonDC_01,2024-10-13,113.95521846499658,122.4291594445687,133.37652143849053,122.64846213626632
Tron-o-matic 5,WashingtonDC_01,2024-10-14,79.45718908024344,88.51880749663582,99.76930051931163,89.11512815625528
Tron-o-matic 5,WashingtonDC_01,2024-10-15,78.09065729197633,86.31628567519293,94.36302466697872,85.84185206563521
Tron-o-matic 5,WashingtonDC_01,2024-10-16,103.97572543559211,113.29785235881116,121.44164643441034,112.67361323101537
Tron-o-matic 5,WashingtonDC_01,2024-10-17,122.27752395074201,130.34379877072965,138.3971967182558,130.2957559156602
Tron-o-matic 5,WashingtonDC_01,2024-10-18,96.4130037163097,106.20722903348427,114.82432028710923,106.24675702063055
Tron-o-matic 5,WashingtonDC_01,2024-10-19,74.677476884029,85.09110801516293,94.28270471583642,85.07926757521163
Tron-o-matic 5,WashingtonDC_01,2024-10-20,76.28168631868729,85.47324164626275,92.64262780628161,84.4109518157306
Tron-o-matic 5,WashingtonDC_01,2024-10-21,78.3033259734435,85.89926129244368,96.22209351027898,86.30610055531453
Tron-o-matic 5,WashingtonDC_01,2024-10-22,74.51352582250584,83.86527905341057,92.98570915163424,83.63243530373802
Tron-o-matic 5,WashingtonDC_01,2024-10-23,75.12898191585303,84.0222833942229,95.26929575334881,84.99028075718219
Tron-o-matic 5,WashingtonDC_01,2024-10-24,77.33583013561213,87.23319183134177,96.30512220828032,87.14401440138279
Tron-o-matic 5,WashingtonDC_01,2024-10-25,115.11250403571907,123.46472644809417,132.3909338254823,123.80008451030612
Tron-o-matic 5,WashingtonDC_01,2024-10-26,74.85151632194922,82.4980179148096,89.18634042600958,82.76490138057409
Tron-o-matic 5,WashingtonDC_01,2024-10-27,100.0999512953318,108.57132890952737,115.60286809743728,108.19171186857494
Tron-o-matic 5,WashingtonDC_01,2024-10-28,171.70297057801162,179.37823138000718,188.9499515607759,179.44583016470517
Tron-o-matic 5,WashingtonDC_01,2024-10-29,73.69784693199833,82.86586541355106,92.68339693004982,82.80730480322636
Tron-o-matic 5,WashingtonDC_01,2024-10-30,167.4726920502163,175.29377939341694,183.67708986925638,175.02502784304932
Tron-o-matic 5,WashingtonDC_01,2024-10-31,73.5530400481644,82.0364649864305,92.49628914702973,82.37899705593146
Tron-o-matic 5,WashingtonDC_01,2024-11-01,72.75690193111981,81.57367994435093,91.5755501313348,81.86176842310074
Tron-o-matic 5,WashingtonDC_01,2024-11-02,72.19220052724114,82.2742842637997,90.30120383090635,81.8611795670888
Tron-o-matic 5,WashingtonDC_01,2024-11-03,104.28753043877911,114.21997659906457,121.18334269130519,113.6086017266681
Tron-o-matic 5,WashingtonDC_01,2024-11-04,75.49874409037795,84.97657294020681,91.58745407626523,83.9789859224188
Tron-o-matic 5,WashingtonDC_01,2024-11-05,106.09422865946212,112.79669084662278,123.42779214594167,113.87363699492425
Tron-o-matic 5,WashingtonDC_01,2024-11-06,91.32029185235172,101.08850251571106,112.89851684050933,101.11893296932129
Tron-o-matic 5,WashingtonDC_01,2024-11-07,71.70916396709546,80.73817351399258,88.73661000288473,80.54105892288717
Tron-o-matic 5,WashingtonDC_01,2024-11-08,71.10575315791348,78.68257545057944,89.51055100379247,79.23361845145128
Tron-o-matic 5,WashingtonDC_01,2024-11-09,68.09269115936227,80.8032423869044,90.81186558808805,79.33670551786103
Tron-o-matic 5,WashingtonDC_01,2024-11-10,67.8315983530899,78.5539000861369,86.4419656745475,77.88732172064965
Tron-o-matic 5,WashingtonDC_01,2024-11-11,70.95710605047842,79.26949122979336,88.74715158312958,80.12708979838796
Tron-o-matic 5,WashingtonDC_01,2024-11-12,108.02129920137854,118.36606049165611,125.59252105427093,116.92719649202334
Tron-o-matic 5,WashingtonDC_01,2024-11-13,92.46703084421503,101.57875618967508,111.94077935916285,101.67505054589691
Tron-o-matic 5,WashingtonDC_01,2024-11-14,141.2024335876902,152.21744570972126,161.9607098618387,152.00057438779223
Tron-o-matic 5,WashingtonDC_01,2024-11-15,67.4733762331145,76.70972542751872,85.82497919813137,76.64851183988812
Tron-o-matic 5,WashingtonDC_01,2024-11-16,110.74080078368219,120.2495052807126,128.70657821024088,120.09766592279121
Tron-o-matic 5,WashingtonDC_01,2024-11-17,70.00751760369934,77.41325459383317,90.41160663758212,78.12776205744538
Tron-o-matic 5,WashingtonDC_01,2024-11-18,161.5413032989299,171.36615412545336,180.3750748637031,171.31991384243477
Tron-o-matic 5,WashingtonDC_01,2024-11-19,70.46746227101166,77.81594207030388,88.53779574820385,78.35260385969357
Tron-o-matic 5,WashingtonDC_01,2024-11-20,106.42841985519605,115.05039183909831,123.40639151361923,114.88002659515624
Tron-o-matic 5,WashingtonDC_01,2024-11-21,109.86365517146186,119.34280186610891,130.1272066885259,119.68484983921508
Tron-o-matic 5,WashingtonDC_01,2024-11-22,143.08471893935416,152.7165130606405,161.20495404266092,152.14798128889012
Tron-o-matic 5,WashingtonDC_01,2024-11-23,67.4563745733233,78.34822931418579,87.00094487673604,77.76974213290019
Tron-o-matic 5,WashingtonDC_01,2024-11-24,86.27812139753597,96.16586873898001,106.7433239812802,96.77385162756109
Tron-o-matic 5,WashingtonDC_01,2024-11-25,72.53561447048084,78.21880371366021,86.57044933142102,78.92526660103445
Tron-o-matic 5,WashingtonDC_01,2024-11-26,89.03575932305368,99.33251159225885,108.07853167947862,98.95033857144132
Tron-o-matic 5,WashingtonDC_01,2024-11-27,109.6733935539831,117.28077608132122,125.03048099624772,117.29677841538569
Tron-o-matic 5,WashingtonDC_01,2024-11-28,95.48596681114121,105.4701962362921,113.44171239690478,104.6041540992562
Tron-o-matic 5,WashingtonDC_01,2024-11-29,169.71838672921106,178.73300849671116,187.2064669708687,178.6196283827354
Tron-o-matic 5,WashingtonDC_01,2024-11-30,68.13875597440033,76.58509756783545,85.29403181767566,76.40422736565154
Tron-o-matic 5,WashingtonDC_01,2024-12-01,68.64150381240823,78.07139050760688,88.21341793596311,78.13203317419674
Tron-o-matic 5,WashingtonDC_01,2024-12-02,148.12516854738644,156.7910203308196,166.383164113298,157.05284734018912
Tron-o-matic 5,WashingtonDC_01,2024-12-03,159.54502777945814,170.4187666485631,178.40161358155842,170.02225750404824
Tron-o-matic 5,WashingtonDC_01,2024-12-04,66.72925704615996,75.11083346678458,87.36881001576802,76.36462835155528
Tron-o-matic 5,WashingtonDC_01,2024-12-05,69.31708653790544,78.61257424152275,88.00227929977953,78.57086008938221
Tron-o-matic 5,WashingtonDC_01,2024-12-06,65.4079479855708,76.46974061119091,85.59263545073627,76.2674746819007
Tron-o-matic 5,WashingtonDC_01,2024-12-07,66.2724703735908,76.7370461271097,87.46451769547826,76.84090740130395
Tron-o-matic 5,WashingtonDC_01,2024-12-08,68.1387983164879,76.80613035224495,86.2120358722494,76.88402552024196
Tron-o-matic 5,WashingtonDC_01,2024-12-09,69.79695542410393,78.89610929323098,86.53556051237435,78.17807654908101
Tron-o-matic 5,WashingtonDC_01,2024-12-10,69.55185809828822,77.95102021098216,84.63814537120348,77.82577103337314
Tron-o-matic 5,WashingtonDC_01,2024-12-11,143.92188320738143,152.849696777035,161.81985985785715,152.42928887278572
Tron-o-matic 5,WashingtonDC_01,2024-12-12,141.02388759631154,151.58981667931099,159.74191449756285,151.25138878876675
Tron-o-matic 5,WashingtonDC_01,2024-12-13,68.87643861010643,75.86909280400221,85.54223454789782,76.57668478212742
Tron-o-matic 5,WashingtonDC_01,2024-12-14,68.24480443833804,77.23048051311902,85.39931245240778,76.99559128455178
Tron-o-matic 5,WashingtonDC_01,2024-12-15,85.99504545690239,95.15235685721557,105.88276763541884,95.5592054188202
Tron-o-matic 5,WashingtonDC_01,2024-12-16,72.14640768535476,79.30542640385313,88.35924473218441,79.63668686206216
Tron-o-matic 5,WashingtonDC_01,2024-12-17,68.05840127867006,76.13861317668243,84.6061602667391,76.40858625945538
Tron-o-matic 5,WashingtonDC_01,2024-12-18,67.10257270691443,76.47544653183844,85.12221526763348,76.06510682053
Tron-o-matic 5,WashingtonDC_01,2024-12-19,70.97401575537587,78.48833187447497,86.3557234203493,78.57436663899414
Tron-o-matic 5,WashingtonDC_01,2024-12-20,140.41729708175575,149.04072028002653,155.13223097795247,148.41076382679984
Tron-o-matic 5,WashingtonDC_01,2024-12-21,147.06982887643434,155.18799240788434,163.07917000317607,154.6680227268447
Tron-o-matic 5,WashingtonDC_01,2024-12-22,115.19577825304738,123.18897447511722,131.27106114990588,122.99724009561024
Tron-o-matic 5,WashingtonDC_01,2024-12-23,87.39082497333004,95.07262917911777,102.85197150408693,95.34328138498118
Tron-o-matic 5,WashingtonDC_01,2024-12-24,69.45793059756042,79.03837790052103,88.95696278902457,79.05865330353392
Tron-o-matic 5,WashingtonDC_01,2024-12-25,71.53121566956253,77.2954984205431,88.04882663271964,78.72275909201554
Tron-o-matic 5,WashingtonDC_01,2024-12-26,70.76833971301508,79.2974753634597,88.63941173384278,79.81438453304281
Tron-o-matic 5,WashingtonDC_01,2024-12-27,69.55853277331966,78.78596880493237,87.76760637460251,78.86641700577496
Tron-o-matic 5,WashingtonDC_01,2024-12-28,99.22281669898602,109.47561066697419,118.56891873903314,108.97628543817272
Tron-o-matic 5,WashingtonDC_01,2024-12-29,70.03170797032887,79.04256075158516,89.2619569611824,79.58332086794343
Tron-o-matic 5,WashingtonDC_01,2024-12-30,74.84920859477418,82.60891065380413,92.00101711854985,82.98955701771756
Tron-o-matic 5,WashingtonDC_01,2024-12-31,95.66304660891193,102.39737683024383,112.25853201091383,103.38173891820333
Tron-o-matic 5,LosAngeles_01,2024-10-01,226.76214884348784,246.39663635914238,266.7513191863776,247.57619006181704
Tron-o-matic 5,LosAngeles_01,2024-10-02,364.8889062365351,380.07201719538773,402.5784416509729,381.9696165411777
Tron-o-matic 5,LosAngeles_01,2024-10-03,207.76440090219995,225.78331198780626,250.11549023203895,227.2645750700983
Tron-o-matic 5,LosAngeles_01,2024-10-04,203.99489509730626,232.05769349819428,250.48321459210976,230.06027751899114
Tron-o-matic 5,LosAngeles_01,2024-10-05,245.45834243791865,262.71394439972045,279.96095301813136,262.1096630731354
Tron-o-matic 5,LosAngeles_01,2024-10-06,204.37414023742434,226.92511587893873,247.44906900880713,226.33320966988842
Tron-o-matic 5,LosAngeles_01,2024-10-07,227.23962612449395,244.09876153814506,261.1189138879934,244.06166327253896
Tron-o-matic 5,LosAngeles_01,2024-10-08,165.96648024994352,181.21308578718788,199.37693297108046,181.92333374672447
Tron-o-matic 5,LosAngeles_01,2024-10-09,198.3036440578266,217.38309610474502,235.82371167878756,216.8654655695132
Tron-o-matic 5,LosAngeles_01,2024-10-10,162.52032485083987,185.4367095549997,204.05350492757393,184.02585607840726
Tron-o-matic 5,LosAngeles_01,2024-10-11,290.9488035203722,309.8927420958108,329.5418318898767,310.99614206563007
Tron-o-matic 5,LosAngeles_01,2024-10-12,163.61535621346908,181.40294017682353,204.06096178132424,182.0541215344605
Tron-o-matic 5,LosAngeles_01,2024-10-13,230.86998278993946,252.73492200286813,275.868544299586,252.84958404857113
Tron-o-matic 5,LosAngeles_01,2024-10-14,162.87876052726017,182.6809268446322,203.2332237003917,183.47218573770672
Tron-o-matic 5,LosAngeles_01,2024-10-15,157.99929510859803,183.53309104354267,200.89109945750346,180.2160492245291
Tron-o-matic 5,LosAngeles_01,2024-10-16,219.67317168428582,238.68648728146104,255.89971153865278,238.85822376951614
Tron-o-matic 5,LosAngeles_01,2024-10-17,252.46828531414172,275.21178587939636,294.25975747499604,275.13274371724356
Tron-o-matic 5,LosAngeles_01,2024-10-18,210.5637232213825,228.1644877947669,253.81959796943352,228.98720654951092
Tron-o-matic 5,LosAngeles_01,2024-10-19,158.015996698852,178.93085735018616,200.10646109301865,178.7550884987479
Tron-o-matic 5,LosAngeles_01,2024-10-20,158.34833737163112,176.10144688195717,193.22644903474372,174.27421311575338
Tron-o-matic 5,LosAngeles_01,2024-10-21,159.84414350473727,181.080403363718,200.93311615216376,180.3599373688547
Tron-o-matic 5,LosAngeles_01,2024-10-22,156.08833726341584,177.9364142257563,194.1961405061758,176.64712749727252
Tron-o-matic 5,LosAngeles_01,2024-10-23,155.88239777414836,174.66924820276267,192.30483640639082,174.25603999588077
Tron-o-matic 5,LosAngeles_01,2024-10-24,157.16109755489012,178.80035407124032,200.64029208200097,178.52799751501755
Tron-o-matic 5,LosAngeles_01,2024-10-25,237.90847416827359,254.41477142285413,275.23914889669595,255.21925188536665
Tron-o-matic 5,LosAngeles_01,2024-10-26,154.47527560914298,175.0812908946511,192.05510800106887,173.2236899234158
Tron-o-matic 5,LosAngeles_01,2024-10-27,203.34338754592767,224.705767780098,241.75681277430166,223.74578594944404
Tron-o-matic 5,LosAngeles_01,2024-10-28,344.84416362326283,365.5424863097537,388.40963310577115,367.2150132121387
Tron-o-matic 5,LosAngeles_01,2024-10-29,144.3918693156454,169.72481798453705,189.66579304688557,168.98689366776279
Tron-o-matic 5,LosAngeles_01,2024-10-30,334.6660071627715,354.8829188203482,375.26770845983805,355.26852486047255
Tron-o-matic 5,LosAngeles_01,2024-10-31,148.40607699590842,170.15059191718038,188.85847767236075,169.84511178572288
Tron-o-matic 5,LosAngeles_01,2024-11-01,145.97774429043977,167.07405683097386,187.7618326682761,165.8052209648786
Tron-o-matic 5,LosAngeles_01,2024-11-02,148.4612472431136,166.46377585145038,182.3943682984473,165.34369896588885
Tron-o-matic 5,LosAngeles_01,2024-11-03,207.21753593904836,233.5396135375767,248.26597668875414,230.37139716092622
Tron-o-matic 5,LosAngeles_01,2024-11-04,142.1627367496875,166.6704167212027,185.94581386461513,166.870962628495
Tron-o-matic 5,LosAngeles_01,2024-11-05,214.5728060096816,233.38636514229876,255.9851900581886,234.85315788210747
Tron-o-matic 5,LosAngeles_01,2024-11-06,184.2057280874711,207.67055319878932,228.1495606490223,208.15742551891307
Tron-o-matic 5,LosAngeles_01,2024-11-07,144.78000774063116,161.4588570710595,188.58232224225895,164.7576160475822
Tron-o-matic 5,LosAngeles_01,2024-11-08,139.95365831180266,161.65229875405115,184.05236270859717,161.85621505264461
Tron-o-matic 5,LosAngeles_01,2024-11-09,132.94838179653703,160.65003634321175,179.50283001907738,159.56045911203435
Tron-o-matic 5,LosAngeles_01,2024-11-10,136.41073297302026,160.10222463745075,180.8180085759973,158.4044109641611
Tron-o-matic 5,LosAngeles_01,2024-11-11,139.97839839400277,157.90568016074243,179.38678027079277,159.15354125820596
Tron-o-matic 5,LosAngeles_01,2024-11-12,213.27004826481544,233.2496433640116,254.53386863845077,233.66048834273087
Tron-o-matic 5,LosAngeles_01,2024-11-13,188.01800528422672,207.20786770330005,226.29337994742096,207.68678185252986
Tron-o-matic 5,LosAngeles_01,2024-11-14,288.07042269417457,303.1168741740086,326.87361243753327,305.5123356328355
Tron-o-matic 5,LosAngeles_01,2024-11-15,131.65989860900606,151.56816620082014,167.9051903065487,151.74774512097522
Tron-o-matic 5,LosAngeles_01,2024-11-16,219.9042922370177,241.56142066285435,257.9272322637514,239.99581862195421
Tron-o-matic 5,LosAngeles_01,2024-11-17,135.44625080902807,152.97128996582285,178.02970723939737,154.72358294222312
Tron-o-matic 5,LosAngeles_01,2024-11-18,323.0284327430509,344.76766786611194,360.9372064739984,343.82054025165945
Tron-o-matic 5,LosAngeles_01,2024-11-19,131.46394623157929,149.8270822020022,168.734784201098,150.59174639301048
Tron-o-matic 5,LosAngeles_01,2024-11-20,210.13978608661165,228.4866697417507,246.84462938794323,228.07559450854217
Tron-o-matic 5,LosAngeles_01,2024-11-21,218.37411953839134,237.0433626528297,259.7927441483226,237.9465830811181
Tron-o-matic 5,LosAngeles_01,2024-11-22,284.30577723549476,306.0605627604306,324.62327077889915,305.3957807031341
Tron-o-matic 5,LosAngeles_01,2024-11-23,132.19856541149778,153.10033605615976,175.74724185520154,152.48808248186324
Tron-o-matic 5,LosAngeles_01,2024-11-24,168.49855682311406,191.33766226886195,211.27635351898874,190.22587187323265
Tron-o-matic 5,LosAngeles_01,2024-11-25,138.39484728716505,155.31441523484546,178.983011095317,156.05941390181582
Tron-o-matic 5,LosAngeles_01,2024-11-26,173.53590056011066,193.91179150235982,213.21185388374096,194.30196387859155
Tron-o-matic 5,LosAngeles_01,2024-11-27,213.07154924250892,233.7208610292969,253.94899832181366,233.87071667341093
Tron-o-matic 5,LosAngeles_01,2024-11-28,186.02089748578547,206.75299675455886,227.14249914278807,205.7171424096797
Tron-o-matic 5,LosAngeles_01,2024-11-29,339.0648384441547,356.6629389450759,377.7579714400708,356.66746369520314
Tron-o-matic 5,LosAngeles_01,2024-11-30,136.59239666901576,154.13964539274247,175.1117057888648,155.33517178335143
Tron-o-matic 5,LosAngeles_01,2024-12-01,131.62121443925358,151.21397582599275,170.09414303215075,150.7814254116464
Tron-o-matic 5,LosAngeles_01,2024-12-02,298.32689374353237,317.21123288766523,336.3868032393903,316.2515480288053
Tron-o-matic 5,LosAngeles_01,2024-12-03,323.32659057309564,341.2782912713783,364.755330750545,341.6968661957778
Tron-o-matic 5,LosAngeles_01,2024-12-04,135.46392750576405,155.80559500938938,173.40736819568173,153.78816767770525
Tron-o-matic 5,LosAngeles_01,2024-12-05,133.00743429161807,157.60677832990768,174.89053785760862,156.03017114757347
Tron-o-matic 5,LosAngeles_01,2024-12-06,130.8237101421066,153.9341341852091,175.13755895616887,152.0545786302572
Tron-o-matic 5,LosAngeles_01,2024-12-07,137.53815374301732,156.48742123017706,174.90525169471948,156.49295809459528
Tron-o-matic 5,LosAngeles_01,2024-12-08,130.04027599586243,152.90641562525354,169.97025996530238,151.75539577491986
Tron-o-matic 5,LosAngeles_01,2024-12-09,139.30196898667134,155.57891469772994,180.74048709506866,158.12066520905523
Tron-o-matic 5,LosAngeles_01,2024-12-10,137.16393206767793,155.8540443691242,174.4312774658872,155.32500624020204
Tron-o-matic 5,LosAngeles_01,2024-12-11,294.1947558023872,310.7520647841815,331.0515918046787,311.51308203523166
Tron-o-matic 5,LosAngeles_01,2024-12-12,287.5120794542283,308.5168926406103,327.7203757656972,307.8792933719861
Tron-o-matic 5,LosAngeles_01,2024-12-13,134.72605544096328,155.8900699517552,177.05853549184073,156.2933025480284
Tron-o-matic 5,LosAngeles_01,2024-12-14,138.29700079754218,155.82669908080453,174.98875268373277,157.33207037506008
Tron-o-matic 5,LosAngeles_01,2024-12-15,174.88448219020495,195.48744157735337,213.81073086719093,194.48211013350388
Tron-o-matic 5,LosAngeles_01,2024-12-16,141.4788354479998,161.63302112525295,181.0822184992311,159.32616916023056
Tron-o-matic 5,LosAngeles_01,2024-12-17,144.13749584817614,161.64013975031136,177.61377920630204,160.0754086939787
Tron-o-matic 5,LosAngeles_01,2024-12-18,139.71470822730305,158.23660811766266,175.016892564035,157.8504662055302
Tron-o-matic 5,LosAngeles_01,2024-12-19,144.68131507263826,163.48000806435553,180.17813884546456,162.85333580039187
Tron-o-matic 5,LosAngeles_01,2024-12-20,283.03453670494076,303.56769666650666,323.7567595013984,303.8141609872168
Tron-o-matic 5,LosAngeles_01,2024-12-21,301.27814645085465,319.8816917511659,340.65459246578877,320.7669730524084
Tron-o-matic 5,LosAngeles_01,2024-12-22,235.18793426048163,251.97625018548982,276.40165308761243,252.18362476358837
Tron-o-matic 5,LosAngeles_01,2024-12-23,169.86361346538038,196.30479779982593,219.5420395757107,194.78027954230012
Tron-o-matic 5,LosAngeles_01,2024-12-24,139.51529977564905,159.9118767410888,178.7606546223073,159.22889604240746
Tron-o-matic 5,LosAngeles_01,2024-12-25,137.38600705010904,157.37278024280118,182.89753123482205,158.467310978677
Tron-o-matic 5,LosAngeles_01,2024-12-26,142.27225976510329,161.8471407285924,186.46132924459562,162.75569245571165
Tron-o-matic 5,LosAngeles_01,2024-12-27,140.28276749644357,157.4571833041969,181.41907226319415,158.59554902171573
Tron-o-matic 5,LosAngeles_01,2024-12-28,204.57300786166718,225.79702986164264,244.5094351282046,224.6313362125837
Tron-o-matic 5,LosAngeles_01,2024-12-29,145.2797507626537,158.73148296248036,181.18855450741856,161.56667246528147
Tron-o-matic 5,LosAngeles_01,2024-12-30,148.63145638800688,163.02982915719497,184.0025751988501,164.1854012884263
Tron-o-matic 5,LosAngeles_01,2024-12-31,187.00527281253125,209.58122821094517,229.39863931714896,209.57783068993308
Tron-o-matic 5,Houston_01,2024-10-01,137.47466553484784,146.49097402772367,157.18859444814228,146.1686592682426
Tron-o-matic 5,Houston_01,2024-10-02,210.7192296541339,223.0403087864917,232.34831243392713,222.06605827397277
Tron-o-matic 5,Houston_01,2024-10-03,123.24052443117151,133.54335721456758,143.13063572628303,133.37842391591758
Tron-o-matic 5,Houston_01,2024-10-04,122.98183049668042,135.07015204296403,145.61084495006978,134.8667412703126
Tron-o-matic 5,Houston_01,2024-10-05,144.93472891704386,153.92144060766404,163.88400279089967,154.0345657949416
Tron-o-matic 5,Houston_01,2024-10-06,123.57174581258245,133.2745338781248,148.16036334192827,134.41688071192752
Tron-o-matic 5,Houston_01,2024-10-07,135.15217459611358,148.3217803555875,158.90959309466072,147.63733316174802
Tron-o-matic 5,Houston_01,2024-10-08,98.29968257574042,110.6491341321692,120.78350759342543,109.995525088842
Tron-o-matic 5,Houston_01,2024-10-09,119.08066607996817,128.8678318709603,140.39484540764423,129.05168741256566
Tron-o-matic 5,Houston_01,2024-10-10,96.88342500934108,108.99442622406653,119.84391952403509,108.8200083601228
Tron-o-matic 5,Houston_01,2024-10-11,171.2178960256604,182.55038767770878,194.46274790613734,182.58205641047326
Tron-o-matic 5,Houston_01,2024-10-12,97.84404084124205,109.44681642709335,120.92863952218323,109.27954898565407
Tron-o-matic 5,Houston_01,2024-10-13,136.41094364998366,152.57200169933563,161.79326979557754,150.67768936396513
Tron-o-matic 5,Houston_01,2024-10-14,97.36019139127706,109.20343191687364,121.70722267630367,109.41065676375626
Tron-o-matic 5,Houston_01,2024-10-15,95.84260760296283,108.19385045563561,119.58771928177588,107.90439173724991
Tron-o-matic 5,Houston_01,2024-10-16,128.90530224931723,141.24385265195983,152.44030564061268,140.96103164279907
Tron-o-matic 5,Houston_01,2024-10-17,152.05491398718226,162.17725784875034,174.72513245457657,162.40024404617512
Tron-o-matic 5,Houston_01,2024-10-18,123.21949129622288,134.27681501663423,148.63251555931248,134.38227264884222
Tron-o-matic 5,Houston_01,2024-10-19,96.53396557604601,107.07105340759809,117.91493802581839,107.07626227899281
Tron-o-matic 5,Houston_01,2024-10-20,95.15733894040821,106.73839269037418,118.42943793375255,105.92134727439043
Tron-o-matic 5,Houston_01,2024-10-21,99.69155502744692,110.08785482356578,122.54567374864706,110.7128357128704
Tron-o-matic 5,Houston_01,2024-10-22,96.5588593517282,108.65080677879925,117.5681384400408,108.03886166365342
Tron-o-matic 5,Houston_01,2024-10-23,95.542433846348,104.66598937041304,117.47746795252374,105.73008137537686
Tron-o-matic 5,Houston_01,2024-10-24,93.44112656479682,104.3429643904502,117.3414045428622,105.09685824200284
Tron-o-matic 5,Houston_01,2024-10-25,142.0832557685082,154.56204170808041,165.4328981747999,153.82659312676054
Tron-o-matic 5,Houston_01,2024-10-26,94.56701898137115,107.15126816813166,116.50589703243831,106.94599919739917
Tron-o-matic 5,Houston_01,2024-10-27,123.44852496267472,135.50510606122722,146.83502444642173,135.15266652375243
Tron-o-matic 5,Houston_01,2024-10-28,204.12066783932735,215.96993148138932,226.26179975286,215.82371732138228
Tron-o-matic 5,Houston_01,2024-10-29,93.12654191940234,104.1510128755821,114.33799699713174,104.46676737696927
Tron-o-matic 5,Houston_01,2024-10-30,199.24204949924325,210.03789314217937,222.2979190040476,210.80428257478755
Tron-o-matic 5,Houston_01,2024-10-31,91.23575067950806,100.39576637476763,114.2554904390508,101.6909796922328
Tron-o-matic 5,Houston_01,2024-11-01,88.29711104518294,100.2076538105128,108.50626822356996,99.18993432604272
Tron-o-matic 5,Houston_01,2024-11-02,89.93133281870446,100.7526787170562,112.91959014545436,100.72247480919924
Tron-o-matic 5,Houston_01,2024-11-03,126.93653672655677,138.36489841724062,150.2652020168258,138.4784686467088
Tron-o-matic 5,Houston_01,2024-11-04,90.5605968356633,100.35598114344651,109.47469755695803,99.93013612459391
Tron-o-matic 5,Houston_01,2024-11-05,126.60700744428387,138.36069805770626,147.99867073204499,137.7204934611553
Tron-o-matic 5,Houston_01,2024-11-06,110.79987411734308,122.33010332849526,131.9752410997558,121.89443780818583
Tron-o-matic 5,Houston_01,2024-11-07,83.95042316855779,96.20055574065783,106.80514683742214,95.65481638506704
Tron-o-matic 5,Houston_01,2024-11-08,84.3544209789397,95.45585033876003,104.73717508161133,95.1806607935377
Tron-o-matic 5,Houston_01,2024-11-09,83.13425251066481,96.10306127694419,108.81202777517213,95.9477528529319
Tron-o-matic 5,Houston_01,2024-11-10,84.11841673701572,94.72699069717933,103.9909199244562,94.26085574041282
Tron-o-matic 5,Houston_01,2024-11-11,86.98970717214182,97.08854842653734,105.22395680797051,96.60511947495814
Tron-o-matic 5,Houston_01,2024-11-12,127.50856537331794,136.25484598512693,146.87841388866255,136.32200568708043
Tron-o-matic 5,Houston_01,2024-11-13,110.98422190438065,123.48331926766457,134.3817229990867,122.76860867609926
Tron-o-matic 5,Houston_01,2024-11-14,166.78775134519842,176.51902995324775,190.2813474287343,177.57055759030285
Tron-o-matic 5,Houston_01,2024-11-15,81.63391448569553,91.93053409429307,103.27240020009891,92.05012476012213
Tron-o-matic 5,Houston_01,2024-11-16,133.21282935265933,146.19163417281732,155.3008355774019,144.79613427942903
Tron-o-matic 5,Houston_01,2024-11-17,81.79252338415498,91.99480964125354,104.1014532096054,92.30746114745831
Tron-o-matic 5,Houston_01,2024-11-18,192.97089818404456,204.2134286089973,214.84566890861345,204.07999194644074
Tron-o-matic 5,Houston_01,2024-11-19,82.55456595323591,91.29434304212955,102.62515632994258,92.6056438399285
Tron-o-matic 5,Houston_01,2024-11-20,128.2326206886915,137.4933346650167,148.5645414120979,138.38119691211955
Tron-o-matic 5,Houston_01,2024-11-21,130.52667004697756,140.90841780787713,149.84384794747967,140.16654404812942
Tron-o-matic 5,Houston_01,2024-11-22,171.79177651250984,180.40338746073238,190.1091074594324,181.1656396358482
Tron-o-matic 5,Houston_01,2024-11-23,84.42155887726688,94.55597334553168,106.90019268668398,95.01648259045668
Tron-o-matic 5,Houston_01,2024-11-24,104.83240160896185,114.13756791536062,124.94619222695499,114.56948706106786
Tron-o-matic 5,Houston_01,2024-11-25,84.07610866114202,95.89620526894777,106.32203540753471,95.46526571616279
Tron-o-matic 5,Houston_01,2024-11-26,107.74332770796606,120.76722780755676,129.81357609261582,119.87392379445382
Tron-o-matic 5,Houston_01,2024-11-27,130.42971064088647,143.19182849067877,151.79320003299586,142.2463421097471
Tron-o-matic 5,Houston_01,2024-11-28,111.55113768033036,125.27376008125185,136.80102793540357,124.85872718560016
Tron-o-matic 5,Houston_01,2024-11-29,198.6480987456015,213.36229533987748,225.17164579500056,213.11458908815
Tron-o-matic 5,Houston_01,2024-11-30,86.77401264255155,95.96666864057833,107.15791700052444,96.78595255815895
Tron-o-matic 5,Houston_01,2024-12-01,83.68570609944187,94.4739596056104,106.292557298469,94.84343279943973
Tron-o-matic 5,Houston_01,2024-12-02,179.78889410787698,188.77696855284432,199.24214783090343,189.34866198364682
Tron-o-matic 5,Houston_01,2024-12-03,193.3248949449454,204.2624596411778,212.17781779281546,203.510397832208
Tron-o-matic 5,Houston_01,2024-12-04,85.246418579333,96.07310413257527,105.25508717976709,95.09538891866292
Tron-o-matic 5,Houston_01,2024-12-05,84.52330040619694,95.19318496446705,104.70966576345315,95.01366473006445
Tron-o-matic 5,Houston_01,2024-12-06,88.24140201230395,96.0969958209923,106.8000853117955,96.66288033260331
Tron-o-matic 5,Houston_01,2024-12-07,86.3831368519607,97.85427911779931,105.63588689678583,96.85166785680535
Tron-o-matic 5,Houston_01,2024-12-08,82.07519351110359,95.30767931039978,106.55224772712516,94.99997905772663
Tron-o-matic 5,Houston_01,2024-12-09,88.94893348875465,97.729889598978,108.2296647504633,98.03834574405171
Tron-o-matic 5,Houston_01,2024-12-10,86.27696041463207,95.54094722547562,105.7053738706024,95.72037740238973
Tron-o-matic 5,Houston_01,2024-12-11,168.73168265433898,184.82796356685998,194.14018815164528,182.74761694459784
Tron-o-matic 5,Houston_01,2024-12-12,168.99717613489597,182.0065056704259,194.77384972207187,181.45053859484776
Tron-o-matic 5,Houston_01,2024-12-13,86.46420642915994,95.23755054332008,106.18051527610498,95.2204363576548
Tron-o-matic 5,Houston_01,2024-12-14,84.65957991356666,98.69226425768046,107.79699353326022,96.5999213056112
Tron-o-matic 5,Houston_01,2024-12-15,106.80505250826667,116.19369107264913,125.09065549857968,115.88908681495823
Tron-o-matic 5,Houston_01,2024-12-16,86.43713745430718,96.55949273725368,107.90169065817678,96.6366040871064
Tron-o-matic 5,Houston_01,2024-12-17,84.00194857380167,95.69916313701061,108.16761719672792,95.6129117359017
Tron-o-matic 5,Houston_01,2024-12-18,82.33014879351553,94.82649910287671,105.5179396931407,94.85780221108061
Tron-o-matic 5,Houston_01,2024-12-19,83.68821338003418,92.96180301994315,104.38932762458879,93.11863541845369
Tron-o-matic 5,Houston_01,2024-12-20,167.12469801755756,182.32886171488755,191.73154698276147,180.6025787040178
Tron-o-matic 5,Houston_01,2024-12-21,178.6315811656707,190.2021730684814,200.74230596822028,190.27213825613373
Tron-o-matic 5,Houston_01,2024-12-22,138.19632304221696,149.86607136798727,160.6055036072784,149.7030155126762
Tron-o-matic 5,Houston_01,2024-12-23,106.87857894064425,117.2576532630572,126.3273808616186,116.7355755239426
Tron-o-matic 5,Houston_01,2024-12-24,84.4577587488491,97.71366112358925,106.91402190891226,96.66901337190343
Tron-o-matic 5,Houston_01,2024-12-25,85.62997667301181,96.31271418444989,105.28103619201356,96.10865511742513
Tron-o-matic 5,Houston_01,2024-12-26,87.73070911056405,98.6865130553691,106.23979113136134,97.72702807835874
Tron-o-matic 5,Houston_01,2024-12-27,85.04398873659972,97.64644677948205,108.10624940062903,96.80117690025152
Tron-o-matic 5,Houston_01,2024-12-28,122.85530379262946,132.45792887920862,142.93816135166662,133.48990072816582
Tron-o-matic 5,Houston_01,2024-12-29,84.94467145424782,96.36649451174503,109.15202671067134,96.81402537330474
Tron-o-matic 5,Houston_01,2024-12-30,89.39735166529431,99.30205415296162,108.36500275384486,99.2516190441055
Tron-o-matic 5,Houston_01,2024-12-31,114.85691044972292,123.83933976558423,132.67447617794318,123.86029775707654
Tron-o-matic 5,Online_Store,2024-10-01,3642.034073074012,3941.454892013776,4172.2322845938,3914.703985193478
Tron-o-matic 5,Online_Store,2024-10-02,5558.982159709626,5869.487413854825,6173.24957834341,5883.369244444304
Tron-o-matic 5,Online_Store,2024-10-03,3221.555415005563,3534.998151755217,3909.7069921474326,3570.45452797202
Tron-o-matic 5,Online_Store,2024-10-04,3306.784271847128,3619.6833365295784,3908.2335674994897,3612.262499683686
Tron-o-matic 5,Online_Store,2024-10-05,3688.8818816628373,4001.3978447585073,4322.50333117877,4004.808097362197
Tron-o-matic 5,Online_Store,2024-10-06,3276.585398450231,3598.8698921168852,3911.633792055802,3588.111188963983
Tron-o-matic 5,Online_Store,2024-10-07,3681.409407451548,3939.0620524877563,4225.928755270812,3931.122970291921
Tron-o-matic 5,Online_Store,2024-10-08,2633.793283526018,2918.0369972585186,3213.100530238024,2924.7642614745446
Tron-o-matic 5,Online_Store,2024-10-09,3138.163309013388,3453.7845456934983,3714.5989148490557,3442.53319540496
Tron-o-matic 5,Online_Store,2024-10-10,2626.1508150414584,2922.542623951806,3191.3767462735045,2920.5495393300907
Tron-o-matic 5,Online_Store,2024-10-11,4593.960370537133,4927.800938228327,5199.199854122758,4913.490172890943
Tron-o-matic 5,Online_Store,2024-10-12,2585.6555850478903,2889.6542707591034,3219.542760061776,2894.7473894337295
Tron-o-matic 5,Online_Store,2024-10-13,3694.4358206330876,3966.0116754608207,4287.998114493075,3972.0894812371216
Tron-o-matic 5,Online_Store,2024-10-14,2596.0072858747594,2924.319691277418,3227.486483053301,2919.07737852152
Tron-o-matic 5,Online_Store,2024-10-15,2615.204750292374,2951.678177582966,3226.639644660948,2937.3056530000918
Tron-o-matic 5,Online_Store,2024-10-16,3534.0627145800854,3801.741220630958,4083.067745254014,3788.6599003398837
Tron-o-matic 5,Online_Store,2024-10-17,4052.7382720527185,4344.448595421094,4704.8356854332515,4358.220856595819
Tron-o-matic 5,Online_Store,2024-10-18,3235.4561126782064,3615.154888977453,3884.353819780852,3578.669552236525
Tron-o-matic 5,Online_Store,2024-10-19,2584.7622552730936,2869.2181767726124,3113.6240568955463,2858.8568490784855
Tron-o-matic 5,Online_Store,2024-10-20,2523.6606826526463,2813.868240815732,3161.4616695250843,2819.0477135332435
Tron-o-matic 5,Online_Store,2024-10-21,2562.876099969034,2838.4658440880103,3228.3193188039363,2869.8027564830104
Tron-o-matic 5,Online_Store,2024-10-22,2548.0229952040136,2846.015160953195,3105.808095674078,2841.986065896215
Tron-o-matic 5,Online_Store,2024-10-23,2603.6758795227074,2856.5115864478776,3135.8025318170953,2869.3355845389833
Tron-o-matic 5,Online_Store,2024-10-24,2568.9570001637417,2867.3706619024097,3208.5304419315553,2868.9118716390217
Tron-o-matic 5,Online_Store,2024-10-25,3776.7240478835274,4094.948955010815,4414.715409429971,4101.872837065367
Tron-o-matic 5,Online_Store,2024-10-26,2371.192483774921,2727.9219284659744,3023.221045817196,2714.906371945363
Tron-o-matic 5,Online_Store,2024-10-27,3214.186565638491,3561.912922307179,3866.5578930954466,3540.0489935003116
Tron-o-matic 5,Online_Store,2024-10-28,5474.23108082461,5725.700401292385,6033.71778822013,5736.188166604092
Tron-o-matic 5,Online_Store,2024-10-29,2455.2978667506986,2806.5365683894893,3037.3013952174615,2776.0604964149993
Tron-o-matic 5,Online_Store,2024-10-30,5325.7550635065745,5618.374940773047,5831.3984582972935,5607.401595107472
Tron-o-matic 5,Online_Store,2024-10-31,2320.7762902924237,2704.1061902142533,2939.184919455565,2673.7427583451
Tron-o-matic 5,Online_Store,2024-11-01,2380.7336755582983,2699.089250407167,2977.1468282277615,2676.695438341111
Tron-o-matic 5,Online_Store,2024-11-02,2341.5588160040825,2547.4106567897115,2914.7757667838814,2604.713476518588
Tron-o-matic 5,Online_Store,2024-11-03,3281.77438225792,3623.4054628515414,3891.5258369540516,3600.635923058182
Tron-o-matic 5,Online_Store,2024-11-04,2372.6460433616203,2659.6677213694356,2927.097058489997,2665.6358901305957
Tron-o-matic 5,Online_Store,2024-11-05,3330.560098714992,3677.7425871979945,3966.5076643709913,3647.998931493503
Tron-o-matic 5,Online_Store,2024-11-06,2978.0949701589784,3267.9752413259516,3509.7902507395393,3249.2012735944218
Tron-o-matic 5,Online_Store,2024-11-07,2200.1460835759895,2567.559230485924,2871.9961045795612,2553.395203766401
Tron-o-matic 5,Online_Store,2024-11-08,2228.1209431057428,2478.839463888576,2824.133501904856,2525.461755560957
Tron-o-matic 5,Online_Store,2024-11-09,2195.2213707267615,2495.9914591527977,2900.767951869795,2515.2745251716265
Tron-o-matic 5,Online_Store,2024-11-10,2190.891988781015,2488.1221983425285,2847.3267465240688,2492.538256058367
Tron-o-matic 5,Online_Store,2024-11-11,2209.3677916145916,2543.911161161467,2798.0186654665386,2529.7728313487337
Tron-o-matic 5,Online_Store,2024-11-12,3437.1536847070483,3686.2312406487495,3969.1148238726796,3714.1527184176457
Tron-o-matic 5,Online_Store,2024-11-13,3019.056262896031,3346.543676978454,3593.1619202588913,3311.3479155154173
Tron-o-matic 5,Online_Store,2024-11-14,4420.779296095547,4687.495955939418,5054.57049315536,4723.235044680177
Tron-o-matic 5,Online_Store,2024-11-15,2176.0899850333294,2432.440086856947,2724.080790348274,2442.337714212533
Tron-o-matic 5,Online_Store,2024-11-16,3495.3769554901774,3784.2717579047658,4081.1216211634187,3767.6698343096878
Tron-o-matic 5,Online_Store,2024-11-17,2106.0924801728715,2360.964377089408,2811.8317248991816,2401.70419080043
Tron-o-matic 5,Online_Store,2024-11-18,5090.036277715902,5350.8803982691825,5639.668138332347,5358.5207036819575
Tron-o-matic 5,Online_Store,2024-11-19,2169.8759530384364,2533.738773639685,2843.702779234571,2507.5194132651436
Tron-o-matic 5,Online_Store,2024-11-20,3342.2956702485767,3644.229000034531,3970.553543175407,3652.790118746083
Tron-o-matic 5,Online_Store,2024-11-21,3425.4068793534216,3771.3801962356874,4099.240889048093,3763.068648237855
Tron-o-matic 5,Online_Store,2024-11-22,4547.941065370435,4809.009803715659,5067.36573917743,4802.159627100651
Tron-o-matic 5,Online_Store,2024-11-23,2165.303286590271,2443.6483412204407,2751.141661545257,2454.4067747525523
Tron-o-matic 5,Online_Store,2024-11-24,2748.6161695565397,3000.614238452297,3230.6219325021734,2999.9710528169885
Tron-o-matic 5,Online_Store,2024-11-25,2257.8442263317265,2523.297540917754,2811.617864176465,2529.4215879462413
Tron-o-matic 5,Online_Store,2024-11-26,2815.379073989599,3148.655646765188,3448.260265844784,3137.4655725190905
Tron-o-matic 5,Online_Store,2024-11-27,3405.484724855117,3763.240464476179,4062.8067135268457,3744.6980923829683
Tron-o-matic 5,Online_Store,2024-11-28,2959.7544021664107,3259.1331210560197,3576.9147542936435,3279.097037046745
Tron-o-matic 5,Online_Store,2024-11-29,5208.7762371227855,5622.241471772008,6034.650856689276,5637.520574643089
Tron-o-matic 5,Online_Store,2024-11-30,2181.6841333572343,2465.5073655559722,2801.685674621314,2471.5031108981793
Tron-o-matic 5,Online_Store,2024-12-01,2231.5385279584016,2495.6613202283274,2811.7378338946487,2518.9613663445284
Tron-o-matic 5,Online_Store,2024-12-02,4697.697599332986,4976.680254201336,5361.127747831241,4995.924461306483
Tron-o-matic 5,Online_Store,2024-12-03,5098.424418484796,5439.214426672067,5726.741999016805,5425.5011477986545
Tron-o-matic 5,Online_Store,2024-12-04,2312.2527902763804,2594.559344242496,2886.187988079554,2587.9632970727166
Tron-o-matic 5,Online_Store,2024-12-05,2306.1313011407874,2566.027628580969,2841.8181196421388,2568.589629208657
Tron-o-matic 5,Online_Store,2024-12-06,2253.1048021602846,2545.8348976518623,2811.189319810574,2526.807870067118
Tron-o-matic 5,Online_Store,2024-12-07,2169.0946499564757,2498.5890837504867,2858.132929826486,2499.2652909221865
Tron-o-matic 5,Online_Store,2024-12-08,2229.0139024735804,2540.184381074043,2862.3406599667464,2525.8572506327755
Tron-o-matic 5,Online_Store,2024-12-09,2304.0084480844534,2621.522119282678,2859.797625517389,2584.63465414012
Tron-o-matic 5,Online_Store,2024-12-10,2255.826741714937,2598.5356654474836,2872.5866216348136,2593.534425690048
Tron-o-matic 5,Online_Store,2024-12-11,4566.68274670424,4843.8843060767185,5176.562000139938,4868.454999620326
Tron-o-matic 5,Online_Store,2024-12-12,4432.815337897811,4758.006918089999,5124.131420996133,4772.050743197669
Tron-o-matic 5,Online_Store,2024-12-13,2204.52658409559,2553.833557144419,2812.6868350027717,2532.2300995977685
Tron-o-matic 5,Online_Store,2024-12-14,2281.572258213878,2608.3158262178536,2869.2628467103073,2584.8843083915913
Tron-o-matic 5,Online_Store,2024-12-15,2733.314391528176,3140.1189011862675,3441.5796681146135,3116.729871569901
Tron-o-matic 5,Online_Store,2024-12-16,2320.817501934671,2618.057098469321,2885.6321338658595,2606.1753306588503
Tron-o-matic 5,Online_Store,2024-12-17,2296.7834899814216,2541.78706597716,2856.610626506964,2557.2727661477156
Tron-o-matic 5,Online_Store,2024-12-18,2366.1049885785083,2582.7119573853593,2920.724996002228,2606.1461876059766
Tron-o-matic 5,Online_Store,2024-12-19,2275.3701289313667,2580.969783542152,2954.161836765803,2590.844526152963
Tron-o-matic 5,Online_Store,2024-12-20,4463.304134318496,4772.737886561696,5024.56690749321,4764.657825830057
Tron-o-matic 5,Online_Store,2024-12-21,4762.765944242193,5048.341404248696,5346.419868115262,5034.690493697391
Tron-o-matic 5,Online_Store,2024-12-22,3613.0039221315415,3991.634688479181,4335.110551530867,3970.9856057953975
Tron-o-matic 5,Online_Store,2024-12-23,2768.076021515794,3096.6504200503105,3444.0517786742325,3103.6057590163105
Tron-o-matic 5,Online_Store,2024-12-24,2310.92688912651,2586.75886452454,3032.718712886219,2624.996546452807
Tron-o-matic 5,Online_Store,2024-12-25,2312.773152701696,2531.1700953941995,2865.9188255172653,2560.9536599448065
Tron-o-matic 5,Online_Store,2024-12-26,2215.520712673095,2582.2664252822133,2832.569201925549,2558.5065319673668
Tron-o-matic 5,Online_Store,2024-12-27,2303.5234520076465,2575.6032889924672,2867.0999271482997,2588.362838053477
Tron-o-matic 5,Online_Store,2024-12-28,3183.007869467796,3431.2323549617945,3810.126144525865,3471.154462727813
Tron-o-matic 5,Online_Store,2024-12-29,2258.885834111092,2555.6962506023838,2839.1051539045447,2535.309020597687
Tron-o-matic 5,Online_Store,2024-12-30,2380.351444552977,2643.874549749561,2959.6689164850495,2643.0366195697093
Tron-o-matic 5,Online_Store,2024-12-31,3010.0337479780783,3345.199942521149,3586.742473810139,3324.4132994509814
Tron-o-matic 5,Philadelphia_01,2024-10-01,111.25345054394492,120.5418740457826,128.74164670619325,120.13996768334502
Tron-o-matic 5,Philadelphia_01,2024-10-02,173.438671747087,182.6134164131872,190.45997971650206,182.6077389562167
Tron-o-matic 5,Philadelphia_01,2024-10-03,101.21545172583329,110.31974388912484,117.6313624455335,110.05478130932823
Tron-o-matic 5,Philadelphia_01,2024-10-04,104.98426729245047,112.84744469209222,120.03676089255421,112.36337899882378
Tron-o-matic 5,Philadelphia_01,2024-10-05,118.47364419451468,127.57814258769253,136.3894800280769,127.50504934798822
Tron-o-matic 5,Philadelphia_01,2024-10-06,102.10706063775685,109.81462014163726,119.43724910662985,110.4432083894857
Tron-o-matic 5,Philadelphia_01,2024-10-07,112.67657352744395,120.01374124418665,129.91682033736,120.71810841426111
Tron-o-matic 5,Philadelphia_01,2024-10-08,80.21218061859142,89.33388830895758,99.2562875451323,89.69828206545492
Tron-o-matic 5,Philadelphia_01,2024-10-09,95.71707919539816,104.67804285183352,113.46970255777711,104.70975301798937
Tron-o-matic 5,Philadelphia_01,2024-10-10,82.71430499532777,89.99849502331266,98.47364679915815,90.2187542084517
Tron-o-matic 5,Philadelphia_01,2024-10-11,141.01357932184675,149.50037944160766,158.88352338472404,149.4447977881647
Tron-o-matic 5,Philadelphia_01,2024-10-12,80.44415484070758,87.98904793917418,96.57321876385595,88.20066573816516
Tron-o-matic 5,Philadelphia_01,2024-10-13,113.55188550046783,124.3432028418065,131.51404294303654,123.11824383309867
Tron-o-matic 5,Philadelphia_01,2024-10-14,81.71226861993787,89.39677884391715,98.44081424772145,89.50009918359171
Tron-o-matic 5,Philadelphia_01,2024-10-15,77.69408970098635,86.42577942228559,96.95261386077958,87.01863265299475
Tron-o-matic 5,Philadelphia_01,2024-10-16,106.86357989013435,113.11193273811597,122.64003870596831,114.20092357516997
Tron-o-matic 5,Philadelphia_01,2024-10-17,123.40589961015084,132.1810920126131,142.1396589721636,132.99499247717253
Tron-o-matic 5,Philadelphia_01,2024-10-18,98.55822428042508,109.64836325448046,119.55565676118809,109.73790393273805
Tron-o-matic 5,Philadelphia_01,2024-10-19,77.07200222178699,85.91925993604481,95.40906374265141,86.17936463442307
Tron-o-matic 5,Philadelphia_01,2024-10-20,75.12912181148837,84.39440373175344,94.7497514184391,84.9582928570555
Tron-o-matic 5,Philadelphia_01,2024-10-21,78.53923849327231,87.28014335995844,95.48890682565448,87.18988274081813
Tron-o-matic 5,Philadelphia_01,2024-10-22,77.78118687018525,86.46106687564416,93.58426530257977,85.45026668441795
Tron-o-matic 5,Philadelphia_01,2024-10-23,77.18641413832749,84.93047657802471,91.59837819724305,84.66438183540667
Tron-o-matic 5,Philadelphia_01,2024-10-24,76.97090145935405,85.04432727833746,91.47608126899794,84.67300285241754
Tron-o-matic 5,Philadelphia_01,2024-10-25,113.47149738840801,124.27835185586399,132.35800643795588,123.38210295553537
Tron-o-matic 5,Philadelphia_01,2024-10-26,74.56154070248718,84.13244956518724,90.73777611778223,83.18018155631432
Tron-o-matic 5,Philadelphia_01,2024-10-27,98.44359155581529,107.58956896068906,118.0689016192321,107.61078016554131
Tron-o-matic 5,Philadelphia_01,2024-10-28,166.0701854456655,174.7762673234755,181.99926405249974,174.13522761343708
Tron-o-matic 5,Philadelphia_01,2024-10-29,72.19966441935323,81.20447250813521,90.0751240744629,81.27236622933685
Tron-o-matic 5,Philadelphia_01,2024-10-30,159.93334426354488,168.14368086950233,176.5468133996369,167.93291048882335
Tron-o-matic 5,Philadelphia_01,2024-10-31,70.79128390532576,80.04142989721073,90.2148911350006,80.33121762185515
Tron-o-matic 5,Philadelphia_01,2024-11-01,70.91917290231754,78.60441054919849,87.99616351223139,78.92877893027953
Tron-o-matic 5,Philadelphia_01,2024-11-02,70.89044306473014,79.83068797852175,90.1022525088875,80.20874748866629
Tron-o-matic 5,Philadelphia_01,2024-11-03,100.45771995248627,110.84184351472362,118.62955873203012,110.71399754656076
Tron-o-matic 5,Philadelphia_01,2024-11-04,70.45631508855874,80.595729031126,89.12913567711428,79.84852679160043
Tron-o-matic 5,Philadelphia_01,2024-11-05,99.59095287891313,108.9392899105431,117.04838357569713,109.19571311394152
Tron-o-matic 5,Philadelphia_01,2024-11-06,87.10664160441382,98.00273198620175,105.4117930167698,97.2168309092854
Tron-o-matic 5,Philadelphia_01,2024-11-07,69.09248551295482,77.79279538455584,87.45125859116314,78.27239361270478
Tron-o-matic 5,Philadelphia_01,2024-11-08,68.4658091556886,76.9779104297171,84.53594649524503,76.63045261715345
Tron-o-matic 5,Philadelphia_01,2024-11-09,66.78642272743822,76.22799878827941,85.6329632565966,75.93684483540868
Tron-o-matic 5,Philadelphia_01,2024-11-10,65.94029232820773,74.85054693598101,85.33554028666767,75.08776762779057
Tron-o-matic 5,Philadelphia_01,2024-11-11,68.3549212029258,76.32458928246228,86.4194090059313,76.91017070074734
Tron-o-matic 5,Philadelphia_01,2024-11-12,102.80049215908862,110.86773533903445,121.66669530886816,111.39420785090964
Tron-o-matic 5,Philadelphia_01,2024-11-13,88.30570703583983,95.81729368186366,103.97505484936302,95.64188173956931
Tron-o-matic 5,Philadelphia_01,2024-11-14,134.4435238910068,146.27110746654574,153.79197685156265,144.81301228770056
Tron-o-matic 5,Philadelphia_01,2024-11-15,66.01005079261633,73.77119242166998,81.32788045575101,74.1076691245545
Tron-o-matic 5,Philadelphia_01,2024-11-16,106.15683533518552,114.5421408524844,121.60998589122497,114.23425145930773
Tron-o-matic 5,Philadelphia_01,2024-11-17,63.3788788398604,74.56334619126402,82.65987174583512,73.5391316255219
Tron-o-matic 5,Philadelphia_01,2024-11-18,155.16829839040446,163.79159466556197,170.99219877731414,163.714875101192
Tron-o-matic 5,Philadelphia_01,2024-11-19,64.45800341521084,74.80030255005866,83.08666090219967,74.18873609751155
Tron-o-matic 5,Philadelphia_01,2024-11-20,101.51109388321724,109.2482091112497,117.43564431798299,109.5646591083252
Tron-o-matic 5,Philadelphia_01,2024-11-21,104.48143601397969,115.09453736865109,120.54750667431152,113.69070632345553
Tron-o-matic 5,Philadelphia_01,2024-11-22,135.25839263585067,145.96775964355413,154.99448674324788,145.3699943399989
Tron-o-matic 5,Philadelphia_01,2024-11-23,64.04591937095704,75.22441157014589,83.98473276114471,74.38202391459278
Tron-o-matic 5,Philadelphia_01,2024-11-24,82.34243629042395,91.07075706623912,100.47452690476007,91.45659386066751
Tron-o-matic 5,Philadelphia_01,2024-11-25,68.28790650914765,76.07969259874586,83.07921487883623,76.0321399253942
Tron-o-matic 5,Philadelphia_01,2024-11-26,86.548416456787,95.87631926914392,104.71143992560049,95.23011463488795
Tron-o-matic 5,Philadelphia_01,2024-11-27,103.16534391891499,113.72479707084152,121.7866459495048,112.76890220859818
Tron-o-matic 5,Philadelphia_01,2024-11-28,91.57770341408374,100.58367781568938,110.06397010439488,100.5594647120002
Tron-o-matic 5,Philadelphia_01,2024-11-29,165.78256721924907,172.90208841302672,180.45307370622328,172.7115853235731
Tron-o-matic 5,Philadelphia_01,2024-11-30,64.13566936412869,73.78578883694487,83.38225640758701,73.7839168903003
Tron-o-matic 5,Philadelphia_01,2024-12-01,65.59034814354345,76.47398296003878,84.68587833847039,75.76954501895834
Tron-o-matic 5,Philadelphia_01,2024-12-02,142.9981360351377,152.4685561908125,159.66934104495553,151.57126470093485
Tron-o-matic 5,Philadelphia_01,2024-12-03,156.32846442134277,165.05032745952605,172.7400389545638,164.6345527647203
Tron-o-matic 5,Philadelphia_01,2024-12-04,67.494325144433,77.22050167176953,84.22687824510965,76.79965841000362
Tron-o-matic 5,Philadelphia_01,2024-12-05,68.49865310113927,77.56400962427128,86.86234723864445,77.17410136877636
Tron-o-matic 5,Philadelphia_01,2024-12-06,69.79789517115563,77.40215962144205,85.534404811191,77.88566260310893
Tron-o-matic 5,Philadelphia_01,2024-12-07,69.11254132467744,78.32118814943728,85.95265006440206,77.94979879356507
Tron-o-matic 5,Philadelphia_01,2024-12-08,67.17889802098443,78.00468528050003,86.54504493092277,77.11079018665878
Tron-o-matic 5,Philadelphia_01,2024-12-09,72.81007436337283,79.78564638642106,86.84094700318052,79.58667591033809
Tron-o-matic 5,Philadelphia_01,2024-12-10,67.17374823019932,79.62151840180502,85.63918940189676,77.52009184105631
Tron-o-matic 5,Philadelphia_01,2024-12-11,139.42040521078894,148.58384678228413,159.28036331058567,148.8441316051658
Tron-o-matic 5,Philadelphia_01,2024-12-12,137.05177720873675,147.46257147773937,157.15452956252736,147.32687157253685
Tron-o-matic 5,Philadelphia_01,2024-12-13,69.18356190766383,77.85772158128218,85.10323742239332,77.47396350032582
Tron-o-matic 5,Philadelphia_01,2024-12-14,68.97978792052993,78.48745192125598,87.28274123621321,78.21335952033594
Tron-o-matic 5,Philadelphia_01,2024-12-15,88.18038192306643,97.03004905221404,103.28075173480853,96.63535105179216
Tron-o-matic 5,Philadelphia_01,2024-12-16,71.92805015004429,80.26191000852876,91.6219373670267,80.63151492054183
Tron-o-matic 5,Philadelphia_01,2024-12-17,70.70708679253347,78.10607627688042,88.06173710959253,78.64650438601312
Tron-o-matic 5,Philadelphia_01,2024-12-18,69.7022510185654,78.4112886312593,86.5072024030289,78.18397884583443
Tron-o-matic 5,Philadelphia_01,2024-12-19,69.6978258570466,79.28488580126903,87.02103345352018,78.79674368652495
Tron-o-matic 5,Philadelphia_01,2024-12-20,139.8694764842233,148.42161631439424,157.317504519025,148.6649250889194
Tron-o-matic 5,Philadelphia_01,2024-12-21,145.6598275609848,154.22809378957052,161.44964791332728,153.9898682438769
Tron-o-matic 5,Philadelphia_01,2024-12-22,114.07263074265221,122.94822660706681,128.5236218503768,121.90197809682044
Tron-o-matic 5,Philadelphia_01,2024-12-23,85.70040215674959,95.79783776991202,104.14465243507257,95.15288410298477
Tron-o-matic 5,Philadelphia_01,2024-12-24,69.3225083013107,77.49292879564698,87.70344329567199,77.90852499932105
Tron-o-matic 5,Philadelphia_01,2024-12-25,69.68040885841519,78.00026337105606,85.05718067720504,78.19445904712188
Tron-o-matic 5,Philadelphia_01,2024-12-26,70.38480324140073,78.93245769543019,89.56949533964382,79.41726538896798
Tron-o-matic 5,Philadelphia_01,2024-12-27,68.89646129808989,79.4160992886274,88.89459463988504,79.39682318900562
Tron-o-matic 5,Philadelphia_01,2024-12-28,98.78889917163869,108.7257867529314,115.19908889777786,107.70935516807808
Tron-o-matic 5,Philadelphia_01,2024-12-29,70.45562556601588,78.49280538485885,88.7498904554411,79.47486345447348
Tron-o-matic 5,Philadelphia_01,2024-12-30,71.78065425463251,79.50806327574749,89.21466047181134,79.8940724665849
Tron-o-matic 5,Philadelphia_01,2024-12-31,91.04555470167388,99.37937526709588,107.73831224874627,99.31563957020731
